wall_time,phone_timestamp,method,kalman,lat,lon,raw_x,raw_y,filt_x,filt_y,match_x,match_y,actual_x,actual_y,edge_id,raw_dist,score,correction_m,match_ms,phone_speed_mps,sumo_speed_mps,phone_course_deg,accuracy_m,matched,lane_index,lane_pos,is_internal_edge,matched_x,matched_y,matched_lat,matched_lon,match_error_raw_m,match_error_filt_m,components,window_len,unmatched_reason
2026-09-10T11:08:54.620,1789002535,generate_gt,FALSE,-37.90890681,145.1320219,1726.514837,1575.50935,1726.514837,1575.50935,1726.5176,1575.5092,1722.1289,1574.7433,-1272942443#3,2.795439489,5920.835197,0,0.203400035,2.245,1.256,,4.68,TRUE,0,,FALSE,1724.03,1576.79,-37.90889483,145.1319939,2.795439489,2.795439489,s_m=5920.840 route_frac=1.000,,
2026-09-10T11:08:56.669,1789002537,generate_gt,FALSE,-37.90885979,145.1320446,1728.406012,1580.766912,1728.406012,1580.766912,1728.4019,1580.7665,1726.4281,1575.618,-1272942443#3,5.913147455,5920.835197,0,0.074499985,2.891,2.245,,4.59,TRUE,0,,FALSE,1724.03,1576.79,-37.90889483,145.1319939,5.913147455,5.913147455,s_m=5920.840 route_frac=1.000,,
2026-09-10T11:08:58.710,1789002539,generate_gt,FALSE,-37.90878913,145.1320459,1728.363191,1588.609985,1728.363191,1588.609985,1728.3596,1588.6103,1728.8428,1580.6713,-1272942443#3,12.58922554,5920.835197,0,0.12599997,4.227,2.891,,4.72,TRUE,0,,FALSE,1724.03,1576.79,-37.90889483,145.1319939,12.58922554,12.58922554,s_m=5920.840 route_frac=1.000,,
2026-09-10T11:09:00.734,1789002541,generate_gt,FALSE,-37.9086944,145.1320598,1729.374613,1599.146182,1729.374613,1599.146182,1729.3731,1599.1461,1727.8004,1588.6762,-1272942443#3,22.98616428,5920.835197,0,0.046300003,4.621,4.227,,4.74,TRUE,0,,FALSE,1724.03,1576.79,-37.90889483,145.1319939,22.98616428,22.98616428,s_m=5920.840 route_frac=1.000,,
2026-09-10T11:09:02.755,1789002543,generate_gt,FALSE,-37.90859914,145.1320767,1730.648613,1609.746474,1730.648613,1609.746474,1730.6496,1609.7462,1729.0388,1599.1855,-1272942443#3,33.61450911,5920.835197,0,0.044699991,4.889,4.621,,4.75,TRUE,0,,FALSE,1724.03,1576.79,-37.90889483,145.1319939,33.61450911,33.61450911,s_m=5920.840 route_frac=1.000,,
2026-09-10T11:09:04.800,1789002545,generate_gt,FALSE,-37.90850578,145.1320856,1731.223499,1620.121839,1731.223499,1620.121839,1731.2259,1620.1223,1730.3157,1609.7871,-1272942443#3,43.92487609,5920.835197,0,0.057499972,5.022,4.889,,4.75,TRUE,0,,FALSE,1724.03,1576.79,-37.90889483,145.1319939,43.92487609,43.92487609,s_m=5920.840 route_frac=1.000,,
2026-09-10T11:09:06.829,1789002547,generate_gt,FALSE,-37.90841206,145.1320783,1730.373316,1630.508613,1730.373316,1630.508613,1730.3721,1630.5083,1731.576,1620.0795,-1272942443#3,54.09183921,5920.835197,0,0.034799974,5.241,5.022,,7.51,TRUE,0,,FALSE,1724.03,1576.79,-37.90889483,145.1319939,54.09183921,54.09183921,s_m=5920.840 route_frac=1.000,,
2026-09-10T11:09:08.865,1789002549,generate_gt,FALSE,-37.90831408,145.1321039,1732.406165,1641.426056,1732.406165,1641.426056,1732.4034,1641.4255,1732.8163,1630.209,-1272942443#3,65.17652815,5920.835197,0,0.031200005,5.11,5.241,,7.35,TRUE,0,,FALSE,1724.03,1576.79,-37.90889483,145.1319939,65.17652815,65.17652815,s_m=5920.840 route_frac=1.000,,
2026-09-10T11:09:10.900,1789002551,generate_gt,FALSE,-37.90820435,145.1321049,1732.250107,1653.603999,1732.250107,1653.603999,1732.2464,1653.6035,1734.1633,1641.21,-1272942443#3,77.25257701,5920.835197,0,0.030199997,5.362,5.11,,7.8,TRUE,0,,FALSE,1724.03,1576.79,-37.90889483,145.1319939,77.25257701,77.25257701,s_m=5920.840 route_frac=1.000,,
2026-09-10T11:09:12.948,1789002553,generate_gt,FALSE,-37.90809307,145.1321135,1732.758783,1665.967327,1732.758783,1665.967327,1732.7623,1665.9673,1735.6301,1653.1892,-1272942443#3,89.60350036,5920.835197,0,0.031200005,5.402,5.362,,7.71,TRUE,0,,FALSE,1724.03,1576.79,-37.90889483,145.1319939,89.60350036,89.60350036,s_m=5920.840 route_frac=1.000,,
2026-09-10T11:09:14.964,1789002555,generate_gt,FALSE,-37.90798346,145.132127,1733.701976,1678.153974,1733.701976,1678.153974,1733.7061,1678.154,1735.2987,1666.334,-1272942443#3,101.8243705,5920.835197,0,0.0306,5.78,5.402,,7.42,TRUE,0,,FALSE,1724.03,1576.79,-37.90889483,145.1319939,101.8243705,101.8243705,s_m=5920.840 route_frac=1.000,,
2026-09-10T11:09:16.985,1789002557,generate_gt,FALSE,-37.90790482,145.1321639,1736.771325,1686.945259,1736.771325,1686.945259,1736.7688,1686.9451,1735.7258,1677.8319,-1272942443#3,110.8896857,5920.835197,0,0.030499999,5.045,5.78,,6.49,TRUE,0,,FALSE,1724.03,1576.79,-37.90889483,145.1319939,110.8896857,110.8896857,s_m=5920.840 route_frac=1.000,,
2026-09-10T11:09:19.031,1789002559,generate_gt,FALSE,-37.90782482,145.1321636,1736.567083,1695.821924,1736.567083,1695.821924,1736.5658,1695.8216,1737.1688,1686.8813,-1272942443#3,119.6903398,5920.835197,0,0.029899995,4.75,5.045,,5.82,TRUE,0,,FALSE,1724.03,1576.79,-37.90889483,145.1319939,119.6903398,119.6903398,s_m=5920.840 route_frac=1.000,,
2026-09-10T11:09:21.077,1789002561,generate_gt,FALSE,-37.9077477,145.1322051,1740.044249,1704.452643,1740.044249,1704.452643,1740.0436,1704.4531,1738.5441,1695.5062,-1272942443#3,128.6631519,5920.835197,0,0.029999996,4.686,4.75,,5.44,TRUE,0,,FALSE,1724.03,1576.79,-37.90889483,145.1319939,128.6631519,128.6631519,s_m=5920.840 route_frac=1.000,,
2026-09-10T11:09:23.119,1789002563,generate_gt,FALSE,-37.90767421,145.1322265,1741.762324,1712.645152,1741.762324,1712.645152,1741.7624,1712.6449,1739.9726,1704.4644,-1272942443#3,137.0075092,5920.835197,0,0.030499999,4.043,4.686,,5.06,TRUE,0,,FALSE,1724.03,1576.79,-37.90889483,145.1319939,137.0075092,137.0075092,s_m=5920.840 route_frac=1.000,,
2026-09-10T11:09:25.157,1789002565,generate_gt,FALSE,-37.90761788,145.1322241,1741.426084,1718.891578,1741.426084,1718.891578,1741.4229,1718.8911,1742.5488,1712.4436,-1272942443#3,143.162433,5920.835197,0,0.030700001,3.22,4.043,,4.74,TRUE,0,,FALSE,1724.03,1576.79,-37.90889483,145.1319939,143.162433,143.162433,s_m=5920.840 route_frac=1.000,,
2026-09-10T11:09:27.190,1789002567,generate_gt,FALSE,-37.90757032,145.1322276,1741.628063,1724.175235,1741.628063,1724.175235,1741.6243,1724.1751,1744.0294,1718.4149,-1272942443#3,148.432137,5920.835197,0,0.029799994,2.786,3.22,,4.48,TRUE,0,,FALSE,1724.03,1576.79,-37.90889483,145.1319939,148.432137,148.432137,s_m=5920.840 route_frac=1.000,,
2026-09-10T11:09:29.234,1789002569,generate_gt,FALSE,-37.90753798,145.1321181,1731.929032,1727.570951,1731.929032,1727.570951,1731.9249,1727.5709,1741.5934,1724.2687,-1272942443#3,150.9877139,5920.835197,0,0.032200012,4.324,2.786,,4.24,TRUE,0,,FALSE,1724.03,1576.79,-37.90889483,145.1319939,150.9877139,150.9877139,s_m=5920.840 route_frac=1.000,,
2026-09-10T11:09:31.273,1789002571,generate_gt,FALSE,-37.90752425,145.1319933,1720.92621,1728.874643,1720.92621,1728.874643,1720.928,1728.8746,1731.8829,1727.2104,-1272942443#3,152.1163117,5920.835197,0,0.032099953,5.294,4.324,,4.02,TRUE,0,,FALSE,1724.03,1576.79,-37.90889483,145.1319939,152.1163117,152.1163117,s_m=5920.840 route_frac=1.000,,
2026-09-10T11:09:33.312,1789002573,generate_gt,FALSE,-37.90751024,145.1318477,1708.094046,1730.172746,1708.094046,1730.172746,1708.0969,1730.1725,1720.8823,1728.4721,-1272942443#3,0,5920.835197,0,0.032400014,6.348,5.294,,3.97,TRUE,0,,FALSE,1724.03,1576.79,-37.90889483,145.1319939,154.2083696,154.2083696,s_m=5920.840 route_frac=1.000,,
2026-09-10T11:09:35.352,1789002576,generate_gt,FALSE,-37.90749283,145.131628,1688.739513,1731.717542,1688.739513,1731.717542,1688.7382,1731.7179,1708.069,1729.9267,-1272942443#3,0,5920.835197,0,0.030499999,6.548,6.348,,4.15,TRUE,0,,FALSE,1724.03,1576.79,-37.90889483,145.1319939,158.8960721,158.8960721,s_m=5920.840 route_frac=1.000,,
2026-09-10T11:09:37.385,1789002578,generate_gt,FALSE,-37.907479,145.1314802,1675.714315,1732.991743,1675.714315,1732.991743,1675.7118,1732.992,1688.8072,1732.2783,-1272942443#3,0,5920.835197,0,0.033000018,6.572,6.548,,4.06,TRUE,0,,FALSE,1724.03,1576.79,-37.90889483,145.1319939,163.5034863,163.5034863,s_m=5920.840 route_frac=1.000,,
2026-09-10T11:09:39.431,1789002580,generate_gt,FALSE,-37.90744598,145.1313347,1662.848641,1736.399395,1662.848641,1736.399395,1662.848,1736.3999,1675.8205,1733.8758,-1272942443#3,0,5920.835197,0,0.042499974,6.535,6.572,,4.43,TRUE,0,,FALSE,1724.03,1576.79,-37.90889483,145.1319939,170.933664,170.933664,s_m=5920.840 route_frac=1.000,,
2026-09-10T11:09:41.477,1789002582,generate_gt,FALSE,-37.90745519,145.1311883,1649.997768,1735.119391,1649.997768,1735.119391,1649.9997,1735.1191,1662.7355,1735.4855,-1272942443#3,0,5920.835197,0,0.039700011,6.378,6.535,,4.58,TRUE,0,,FALSE,1724.03,1576.79,-37.90889483,145.1319939,174.7826286,174.7826286,s_m=5920.840 route_frac=1.000,,
2026-09-10T11:09:43.522,1789002584,generate_gt,FALSE,-37.90743482,145.1310711,1639.648332,1737.173177,1639.648332,1737.173177,1639.6456,1737.1734,1650.2339,1737.0233,-1272942443#3,0,5920.835197,0,0.033399963,5.543,6.378,,4.48,TRUE,0,,FALSE,1724.03,1576.79,-37.90889483,145.1319939,181.2264589,181.2264589,s_m=5920.840 route_frac=1.000,,
2026-09-10T11:09:45.568,1789002586,generate_gt,FALSE,-37.90741653,145.1309364,1627.764932,1738.965297,1627.764932,1738.965297,1627.7617,1738.9651,1639.7852,1738.3086,-1272942443#3,0,5920.835197,0,0.031100004,5.828,5.543,,4.69,TRUE,0,,FALSE,1724.03,1576.79,-37.90889483,145.1319939,188.5942471,188.5942471,s_m=5920.840 route_frac=1.000,,
2026-09-10T11:09:47.602,1789002588,generate_gt,FALSE,-37.90738725,145.1308054,1616.182376,1741.983426,1616.182376,1741.983426,1616.1809,1741.9838,1627.8614,1739.7754,-1272942443#3,0,5920.835197,0,0.031700009,5.849,5.828,,4.86,TRUE,0,,FALSE,1724.03,1576.79,-37.90889483,145.1319939,197.2814691,197.2814691,s_m=5920.840 route_frac=1.000,,
2026-09-10T11:09:49.638,1789002590,generate_gt,FALSE,-37.90737097,145.1306708,1604.312226,1743.552648,1604.312226,1743.552648,1604.31,1743.5525,1616.5333,1742.0599,-1272942443#3,0,5920.835197,0,0.031000003,5.867,5.849,,4.84,TRUE,0,,FALSE,1724.03,1576.79,-37.90889483,145.1319939,205.285475,205.285475,s_m=5920.840 route_frac=1.000,,
2026-09-10T11:09:51.671,1789002592,generate_gt,FALSE,-37.90735952,145.130537,1592.523155,1744.587304,1592.523155,1744.587304,1592.5225,1744.5868,1604.1998,1742.6144,-1272942443#3,0,5920.835197,0,0.030499999,5.765,5.867,,5,TRUE,0,,FALSE,1724.03,1576.79,-37.90889483,145.1319939,213.1900218,213.1900218,s_m=5920.840 route_frac=1.000,,
2026-09-10T11:09:53.708,1789002594,generate_gt,FALSE,-37.90735282,145.1304214,1582.34478,1745.126949,1582.34478,1745.126949,1582.3448,1745.127,1592.531,1743.5732,-1272942443#3,0,5920.835197,0,0.030099996,5.425,5.765,,4.88,TRUE,0,,FALSE,1724.03,1576.79,-37.90889483,145.1319939,220.0273387,220.0273387,s_m=5920.840 route_frac=1.000,,
2026-09-10T11:09:55.730,1789002596,generate_gt,FALSE,-37.90740172,145.1302707,1569.204179,1739.435038,1569.204179,1739.435038,1569.207,1739.4356,1582.8443,1742.6843,-1272942443#3,0,5920.835197,0,0.029999996,5.918,5.425,,4.86,TRUE,0,,FALSE,1724.03,1576.79,-37.90889483,145.1319939,224.5538756,224.5538756,s_m=5920.840 route_frac=1.000,,
2026-09-10T11:09:57.765,1789002598,generate_gt,FALSE,-37.90746615,145.1301432,1558.137885,1732.060732,1558.137885,1732.060732,1558.14,1732.0612,1569.4536,1738.901,-1272942443#3,0,5920.835197,0,0.029799994,5.988,5.918,,4.94,TRUE,0,,FALSE,1724.03,1576.79,-37.90889483,145.1319939,227.2205846,227.2205846,s_m=5920.840 route_frac=1.000,,
2026-09-10T11:09:59.802,1789002600,generate_gt,FALSE,-37.90758172,145.1300857,1553.33977,1719.135111,1553.33977,1719.135111,1553.3385,1719.1353,1559.2258,1731.3058,-1272942443#3,0,5920.835197,0,0.029999996,6.183,5.988,,4.9,TRUE,0,,FALSE,1724.03,1576.79,-37.90889483,145.1319939,222.255001,222.255001,s_m=5920.840 route_frac=1.000,,
2026-09-10T11:10:01.829,1789002602,generate_gt,FALSE,-37.90764228,145.1299724,1543.513351,1712.21526,1543.513351,1712.21526,1543.5177,1712.2158,1552.7652,1717.8131,-1272942443#3,0,5920.835197,0,0.030800002,6.131,6.183,,4.87,TRUE,0,,FALSE,1724.03,1576.79,-37.90889483,145.1319939,225.6684775,225.6684775,s_m=5920.840 route_frac=1.000,,
2026-09-10T11:10:03.876,1789002604,generate_gt,FALSE,-37.90760943,145.1298189,1529.94467,1715.589731,1529.94467,1715.589731,1529.9416,1715.5894,1541.9885,1716.9977,-1272942443#3,0,5920.835197,0,0.029899995,6.12,6.131,,4.82,TRUE,0,,FALSE,1724.03,1576.79,-37.90889483,145.1319939,238.6094727,238.6094727,s_m=5920.840 route_frac=1.000,,
2026-09-10T11:10:05.916,1789002606,generate_gt,FALSE,-37.90762443,145.1297041,1519.884968,1713.722769,1519.884968,1713.722769,1519.8856,1713.7225,1529.9549,1715.7226,-1272942443#3,0,5920.835197,0,0.030199997,5.565,6.12,,4.66,TRUE,0,,FALSE,1724.03,1576.79,-37.90889483,145.1319939,245.8165519,245.8165519,s_m=5920.840 route_frac=1.000,,
2026-09-10T11:10:07.958,1789002608,generate_gt,FALSE,-37.90756423,145.1296124,1511.688775,1720.241108,1511.688775,1720.241108,1511.691,1720.2409,1522.4096,1718.283,-1272942443#3,0,5920.835197,0,0.030400057,5.115,5.565,,4.63,TRUE,0,,FALSE,1724.03,1576.79,-37.90889483,145.1319939,256.2557627,256.2557627,s_m=5920.840 route_frac=1.000,,
2026-09-10T11:10:09.991,1789002610,generate_gt,FALSE,-37.90755116,145.129532,1504.590987,1721.549593,1504.590987,1721.549593,1504.5941,1721.5492,1511.7834,1722.851,-1272942443#3,0,5920.835197,0,0.032900018,3.695,5.115,,4.66,TRUE,0,,FALSE,1724.03,1576.79,-37.90889483,145.1319939,262.8855647,262.8855647,s_m=5920.840 route_frac=1.000,,
2026-09-10T11:10:12.036,1789002612,generate_gt,FALSE,-37.90762334,145.129471,1499.388637,1713.432534,1499.388637,1713.432534,1499.3919,1713.4323,1504.626,1721.4932,-1272942443#3,0,5920.835197,0,0.030800002,4.187,3.695,,4.74,TRUE,0,,FALSE,1724.03,1576.79,-37.90889483,145.1319939,262.9352086,262.9352086,s_m=5920.840 route_frac=1.000,,
2026-09-10T11:10:14.075,1789002614,generate_gt,FALSE,-37.90772286,145.1294545,1498.159561,1702.360193,1498.159561,1702.360193,1498.1558,1702.3603,1499.7802,1713.377,-1272942443#3,0,5920.835197,0,0.030900002,5.259,4.187,,4.77,TRUE,0,,FALSE,1724.03,1576.79,-37.90889483,145.1319939,258.4285755,258.4285755,s_m=5920.840 route_frac=1.000,,
2026-09-10T11:10:16.102,1789002616,generate_gt,FALSE,-37.90782895,145.129436,1496.76928,1690.555283,1496.76928,1690.555283,1496.7727,1690.555,1498.205,1702.3532,-1272942443#3,0,5920.835197,0,0.029999996,5.872,5.259,,4.91,TRUE,0,,FALSE,1724.03,1576.79,-37.90889483,145.1319939,254.1455776,254.1455776,s_m=5920.840 route_frac=1.000,,
2026-09-10T11:10:18.145,1789002618,generate_gt,FALSE,-37.90793824,145.1294164,1495.289419,1678.393344,1495.289419,1678.393344,1495.2887,1678.3936,1496.5064,1690.5935,-1272942443#3,0,5920.835197,0,0.030299998,6.045,5.872,,4.78,TRUE,0,,FALSE,1724.03,1576.79,-37.90889483,145.1319939,250.290817,250.290817,s_m=5920.840 route_frac=1.000,,
2026-09-10T11:10:20.167,1789002620,generate_gt,FALSE,-37.90805704,145.1293864,1492.916387,1665.157781,1492.916387,1665.157781,1492.9121,1665.1572,1494.7545,1678.4708,-1272942443#3,0,5920.835197,0,0.030900002,6.451,6.045,,4.78,TRUE,0,,FALSE,1724.03,1576.79,-37.90889483,145.1319939,247.4315394,247.4315394,s_m=5920.840 route_frac=1.000,,
2026-09-10T11:10:22.207,1789002622,generate_gt,FALSE,-37.90817003,145.1293646,1491.251358,1652.581389,1491.251358,1652.581389,1491.2538,1652.5812,1492.8322,1665.1687,-1272942443#3,0,5920.835197,0,0.030399999,6.413,6.451,,4.77,TRUE,0,,FALSE,1724.03,1576.79,-37.90889483,145.1319939,244.8065174,244.8065174,s_m=5920.840 route_frac=1.000,,
2026-09-10T11:10:24.247,1789002624,generate_gt,FALSE,-37.90829158,145.1293446,1489.763648,1639.058312,1489.763648,1639.058312,1489.7635,1639.0583,1491.0181,1652.6153,-1272942443#3,0,5920.835197,0,0.0306,6.632,6.413,,4.73,TRUE,0,,FALSE,1724.03,1576.79,-37.90889483,145.1319939,242.4006319,242.4006319,s_m=5920.840 route_frac=1.000,,
2026-09-10T11:10:26.291,1789002626,generate_gt,FALSE,-37.90840631,145.1293252,1488.313509,1626.293073,1488.313509,1626.293073,1488.3172,1626.2937,1489.0733,1639.158,-1272942443#3,0,5920.835197,0,0.031100004,6.395,6.632,,4.63,TRUE,0,,FALSE,1724.03,1576.79,-37.90889483,145.1319939,240.8585027,240.8585027,s_m=5920.840 route_frac=1.000,,
2026-09-10T11:10:28.332,1789002629,generate_gt,FALSE,-37.90857858,145.1292882,1485.444151,1607.111858,1485.444151,1607.111858,1485.4461,1607.1115,1487.2368,1626.4498,-1272942443#3,0,5920.835197,0,0.030099996,6.466,6.395,,4.27,TRUE,0,,FALSE,1724.03,1576.79,-37.90889483,145.1319939,240.5049319,240.5049319,s_m=5920.840 route_frac=1.000,,
2026-09-10T11:10:30.362,1789002631,generate_gt,FALSE,-37.90868878,145.1292633,1483.500394,1594.839586,1483.500394,1594.839586,1483.5024,1594.84,1485.1997,1607.0061,-1272942443#3,0,5920.835197,0,0.029799994,6.338,6.466,,4.39,TRUE,0,,FALSE,1724.03,1576.79,-37.90889483,145.1319939,241.205885,241.205885,s_m=5920.840 route_frac=1.000,,
2026-09-10T11:10:32.406,1789002633,generate_gt,FALSE,-37.90880577,145.1292417,1481.861892,1581.819683,1481.861892,1581.819683,1481.8592,1581.8192,1482.7883,1594.9345,-1272942443#3,0,5920.835197,0,0.031400006,6.554,6.338,,4.14,TRUE,0,,FALSE,1724.03,1576.79,-37.90889483,145.1319939,242.2203342,242.2203342,s_m=5920.840 route_frac=1.000,,
2026-09-10T11:10:34.436,1789002635,generate_gt,FALSE,-37.90892895,145.1292209,1480.307515,1568.114317,1480.307515,1568.114317,1480.3103,1568.1139,1481.0666,1581.924,-1272942443#3,0,5920.835197,0,0.030399999,6.863,6.554,,4.22,TRUE,0,,FALSE,1724.03,1576.79,-37.90889483,145.1319939,243.8768485,243.8768485,s_m=5920.840 route_frac=1.000,,
2026-09-10T11:10:36.470,1789002637,generate_gt,FALSE,-37.90904376,145.1292006,1478.778464,1555.33861,1478.778464,1555.33861,1478.7789,1555.339,1479.1909,1568.272,-1272942443#3,0,5920.835197,0,0.037299993,6.542,6.863,,4.16,TRUE,0,,FALSE,1724.03,1576.79,-37.90889483,145.1319939,246.1878917,246.1878917,s_m=5920.840 route_frac=1.000,,
2026-09-10T11:10:38.516,1789002639,generate_gt,FALSE,-37.90916468,145.1291757,1476.858607,1541.876789,1476.858607,1541.876789,1476.8585,1541.8767,1477.3913,1555.5351,-1272942443#3,0,5920.835197,0,0.031700009,6.668,6.542,,4.06,TRUE,0,,FALSE,1724.03,1576.79,-37.90889483,145.1319939,249.6249779,249.6249779,s_m=5920.840 route_frac=1.000,,
2026-09-10T11:10:40.542,1789002641,generate_gt,FALSE,-37.9092745,145.1291489,1474.746997,1529.643327,1474.746997,1529.643327,1474.7482,1529.6435,1475.4888,1542.0702,-1272942443#3,0,5920.835197,0,0.030199997,6.282,6.668,,3.69,TRUE,0,,FALSE,1724.03,1576.79,-37.90889483,145.1319939,253.7022358,253.7022358,s_m=5920.840 route_frac=1.000,,
2026-09-10T11:10:42.563,1789002643,generate_gt,FALSE,-37.90938893,145.1291247,1472.874244,1516.902903,1472.874244,1516.902903,1472.8766,1516.9027,1473.7528,1529.7841,-1272942443#3,0,5920.835197,0,0.031500007,6.503,6.282,,3.76,TRUE,0,,FALSE,1724.03,1576.79,-37.90889483,145.1319939,258.1969753,258.1969753,s_m=5920.840 route_frac=1.000,,
2026-09-10T11:10:44.603,1789002645,generate_gt,FALSE,-37.90951519,145.129106,1471.511387,1502.859466,1471.511387,1502.859466,1471.5102,1502.8592,1471.9512,1517.0334,-1272942443#3,0,5920.835197,0,0.030800002,6.959,6.503,,4.08,TRUE,0,,FALSE,1724.03,1576.79,-37.90889483,145.1319939,263.1185546,263.1185546,s_m=5920.840 route_frac=1.000,,
2026-09-10T11:10:46.638,1789002647,generate_gt,FALSE,-37.9096467,145.1290762,1469.184355,1488.213877,1469.184355,1488.213877,1469.184,1488.2137,1469.9791,1503.0755,-1272942443#3,0,5920.835197,0,0.02929999,7.323,6.959,,4.71,TRUE,0,,FALSE,1724.03,1576.79,-37.90889483,145.1319939,269.7999862,269.7999862,s_m=5920.840 route_frac=1.000,,
2026-09-10T11:10:48.680,1789002649,generate_gt,FALSE,-37.90977783,145.1290574,1467.823566,1473.629863,1467.823566,1473.629863,1467.828,1473.6299,1469.7321,1487.4087,-1272942443#3,0,5920.835197,0,0.029899995,7.246,7.323,,5.1,TRUE,0,,FALSE,1724.03,1576.79,-37.90889483,145.1319939,276.1951313,276.1951313,s_m=5920.840 route_frac=1.000,,
2026-09-10T11:10:50.726,1789002651,generate_gt,FALSE,-37.90989822,145.1290296,1465.647619,1460.221732,1465.647619,1460.221732,1465.6462,1460.2216,1468.6,1474.87,-1272942443#3,0,5920.835197,0,0.030199997,6.854,7.246,,4.85,TRUE,0,,FALSE,1724.03,1576.79,-37.90889483,145.1319939,283.4600783,283.4600783,s_m=5920.840 route_frac=1.000,,
2026-09-10T11:10:52.757,1789002653,generate_gt,FALSE,-37.91002136,145.1290042,1463.688804,1446.51268,1463.688804,1446.51268,1463.6886,1446.5129,1464.0289,1460.434,-1272942443#3,0,5920.835197,0,0.030399999,6.956,6.854,,5.36,TRUE,0,,FALSE,1724.03,1576.79,-37.90889483,145.1319939,291.118049,291.118049,s_m=5920.840 route_frac=1.000,,
2026-09-10T11:10:54.792,1789002655,generate_gt,FALSE,-37.91014228,145.12899,1462.709711,1433.069734,1462.709711,1433.069734,1462.7073,1433.0698,1462.226,1446.705,-1272942443#3,0,5920.835197,0,0.029799994,6.764,6.956,,5.01,TRUE,0,,FALSE,1724.03,1576.79,-37.90889483,145.1319939,298.2344856,298.2344856,s_m=5920.840 route_frac=1.000,,
2026-09-10T11:10:56.836,1789002657,generate_gt,FALSE,-37.91026796,145.1289663,1460.906025,1419.08183,1460.906025,1419.08183,1460.9104,1419.082,1460.4742,1433.3629,-1272942443#3,0,5920.835197,0,0.029399991,6.985,6.764,,4.5,TRUE,0,,FALSE,1724.03,1576.79,-37.90889483,145.1319939,306.7671649,306.7671649,s_m=5920.840 route_frac=1.000,,
2026-09-10T11:10:58.880,1789002659,generate_gt,FALSE,-37.91039238,145.1289342,1458.361048,1405.218917,1458.361048,1405.218917,1458.3646,1405.2186,1458.6387,1419.3802,-1272942443#3,0,5920.835197,0,0.03169995,6.895,6.985,,5.58,TRUE,0,,FALSE,1724.03,1576.79,-37.90889483,145.1319939,316.2540567,316.2540567,s_m=5920.840 route_frac=1.000,,
2026-09-10T11:11:00.908,1789002661,generate_gt,FALSE,-37.91051662,145.1289136,1456.82671,1391.396271,1456.82671,1391.396271,1456.8248,1391.3959,1456.8355,1405.4144,-1272942443#3,0,5920.835197,0,0.031500007,6.92,6.895,,6.03,TRUE,0,,FALSE,1724.03,1576.79,-37.90889483,145.1319939,325.2205915,325.2205915,s_m=5920.840 route_frac=1.000,,
2026-09-10T11:11:02.942,1789002663,generate_gt,FALSE,-37.91063651,145.1288885,1454.88707,1378.048381,1454.88707,1378.048381,1454.8858,1378.0485,1455.07,1391.6205,-1272942443#3,0,5920.835197,0,0.031600008,6.89,6.92,,5.78,TRUE,0,,FALSE,1724.03,1576.79,-37.90889483,145.1319939,334.5686001,334.5686001,s_m=5920.840 route_frac=1.000,,
2026-09-10T11:11:04.985,1789002665,generate_gt,FALSE,-37.91076064,145.1288732,1453.818451,1364.247292,1453.818451,1364.247292,1453.8145,1364.2476,1453.3583,1378.2438,-1272942443#3,0,5920.835197,0,0.030899944,6.716,6.89,,4.89,TRUE,0,,FALSE,1724.03,1576.79,-37.90889483,145.1319939,343.7858111,343.7858111,s_m=5920.840 route_frac=1.000,,
2026-09-10T11:11:07.031,1789002667,generate_gt,FALSE,-37.91087666,145.1288517,1452.186699,1351.335188,1452.186699,1351.335188,1452.1836,1351.3349,1451.6045,1364.5302,-1272942443#3,0,5920.835197,0,0.02950005,6.377,6.716,,5.19,TRUE,0,,FALSE,1724.03,1576.79,-37.90889483,145.1319939,353.1694384,353.1694384,s_m=5920.840 route_frac=1.000,,
2026-09-10T11:11:09.079,1789002669,generate_gt,FALSE,-37.91100317,145.1288209,1449.760712,1337.242648,1449.760712,1337.242648,1449.7646,1337.2427,1449.9534,1351.6202,-1272942443#3,0,5920.835197,0,0.030800002,6.767,6.377,,5.46,TRUE,0,,FALSE,1724.03,1576.79,-37.90889483,145.1319939,364.1518587,364.1518587,s_m=5920.840 route_frac=1.000,,
2026-09-10T11:11:11.125,1789002671,generate_gt,FALSE,-37.9111376,145.1287904,1447.378751,1322.271793,1447.378751,1322.271793,1447.3747,1322.2715,1448.1365,1337.4528,-1272942443#3,0,5920.835197,0,0.029699993,7.255,6.767,,5.79,TRUE,0,,FALSE,1724.03,1576.79,-37.90889483,145.1319939,375.9194481,375.9194481,s_m=5920.840 route_frac=1.000,,
2026-09-10T11:11:13.171,1789002673,generate_gt,FALSE,-37.91126207,145.1287656,1445.475727,1308.416208,1445.475727,1308.416208,1445.472,1308.4162,1446.9143,1322.6639,-1272942443#3,0,5920.835197,0,0.029699993,6.877,7.255,,4.91,TRUE,0,,FALSE,1724.03,1576.79,-37.90889483,145.1319939,386.8035358,386.8035358,s_m=5920.840 route_frac=1.000,,
2026-09-10T11:11:15.202,1789002675,generate_gt,FALSE,-37.91137062,145.128743,1443.730661,1296.331068,1443.730661,1296.331068,1443.7317,1296.3313,1444.2717,1308.5825,-1272942443#3,0,5920.835197,0,0.030700001,6.108,6.877,,4.47,TRUE,0,,FALSE,1724.03,1576.79,-37.90889483,145.1319939,396.5159927,396.5159927,s_m=5920.840 route_frac=1.000,,
2026-09-10T11:11:17.245,1789002677,generate_gt,FALSE,-37.91149985,145.1287287,1442.761356,1281.965818,1442.761356,1281.965818,1442.7583,1281.966,1442.5966,1296.4885,-1272942443#3,0,5920.835197,0,0.0306,6.771,6.108,,3.57,TRUE,0,,FALSE,1724.03,1576.79,-37.90889483,145.1319939,407.4718986,407.4718986,s_m=5920.840 route_frac=1.000,,
2026-09-10T11:11:19.279,1789002679,generate_gt,FALSE,-37.91161248,145.1286973,1440.251746,1269.412408,1440.251746,1269.412408,1440.2546,1269.4126,1440.6841,1282.2433,-1272942443#3,0,5920.835197,0,0.030499999,6.505,6.771,,3.02,TRUE,0,,FALSE,1724.03,1576.79,-37.90889483,145.1319939,418.3432579,418.3432579,s_m=5920.840 route_frac=1.000,,
2026-09-10T11:11:21.324,1789002681,generate_gt,FALSE,-37.91171807,145.1286917,1439.994645,1257.685726,1439.994645,1257.685726,1439.9924,1257.6851,1438.9915,1269.5815,-1272942443#3,0,5920.835197,0,0.029499992,5.945,6.505,,2.78,TRUE,0,,FALSE,1724.03,1576.79,-37.90889483,145.1319939,427.2044252,427.2044252,s_m=5920.840 route_frac=1.000,,
2026-09-10T11:11:23.371,1789002684,generate_gt,FALSE,-37.91184553,145.128666,1438.019195,1243.496763,1438.019195,1243.496763,1438.0179,1243.4964,1437.4468,1258.0254,-1272942443#3,0,5920.835197,0,0.030299998,4.414,5.945,,2.56,TRUE,0,,FALSE,1724.03,1576.79,-37.90889483,145.1319939,439.1885276,439.1885276,s_m=5920.840 route_frac=1.000,,
2026-09-10T11:11:25.411,1789002686,generate_gt,FALSE,-37.91192503,145.128661,1437.756728,1234.666217,1437.756728,1234.666217,1437.758,1234.6662,1435.5487,1243.8264,-1272942443#3,0,5920.835197,0,0.033999968,4.262,4.414,,2.47,TRUE,0,,FALSE,1724.03,1576.79,-37.90889483,145.1319939,446.0953593,446.0953593,s_m=5920.840 route_frac=1.000,,
2026-09-10T11:11:27.444,1789002688,generate_gt,FALSE,-37.91201703,145.1286154,1433.952811,1224.37695,1433.952811,1224.37695,1433.9508,1224.3771,1434.3845,1235.1172,-1272942443#3,0,5920.835197,0,0.029399991,5.202,4.262,,2.4,TRUE,0,,FALSE,1724.03,1576.79,-37.90889483,145.1319939,456.4424751,456.4424751,s_m=5920.840 route_frac=1.000,,
2026-09-10T11:11:29.476,1789002690,generate_gt,FALSE,-37.91213081,145.1285852,1431.551297,1211.698044,1431.551297,1211.698044,1431.5521,1211.6975,1432.9664,1224.5087,-1272942443#3,0,5920.835197,0,0.02919999,6.07,5.202,,2.34,TRUE,0,,FALSE,1724.03,1576.79,-37.90889483,145.1319939,467.7990257,467.7990257,s_m=5920.840 route_frac=1.000,,
2026-09-10T11:11:31.521,1789002692,generate_gt,FALSE,-37.91223527,145.1285613,1429.682882,1200.06445,1429.682882,1200.06445,1429.6835,1200.0644,1431.2591,1211.7367,-1272942443#3,0,5920.835197,0,0.030199997,6.006,6.07,,2.31,TRUE,0,,FALSE,1724.03,1576.79,-37.90889483,145.1319939,478.0819656,478.0819656,s_m=5920.840 route_frac=1.000,,
2026-09-10T11:11:33.552,1789002694,generate_gt,FALSE,-37.91235695,145.1285646,1430.24408,1186.568047,1430.24408,1186.568047,1430.2481,1186.5686,1429.6985,1200.0624,-1272942443#3,0,5920.835197,0,0.031000003,6.563,6.006,,2.25,TRUE,0,,FALSE,1724.03,1576.79,-37.90889483,145.1319939,488.4499358,488.4499358,s_m=5920.840 route_frac=1.000,,
2026-09-10T11:11:35.585,1789002696,generate_gt,FALSE,-37.91247759,145.1285554,1429.704046,1173.164984,1429.704046,1173.164984,1429.7023,1173.1649,1429.7001,1186.4752,-1272942443#3,0,5920.835197,0,0.031000003,6.536,6.563,,2.17,TRUE,0,,FALSE,1724.03,1576.79,-37.90889483,145.1319939,499.5407101,499.5407101,s_m=5920.840 route_frac=1.000,,
2026-09-10T11:11:37.619,1789002698,generate_gt,FALSE,-37.91258599,145.1285439,1428.934546,1161.116073,1428.934546,1161.116073,1428.9373,1161.1157,1429.4411,1173.1799,-1272942443#3,0,5920.835197,0,0.041100022,6.021,6.536,,2.12,TRUE,0,,FALSE,1724.03,1576.79,-37.90889483,145.1319939,509.7706743,509.7706743,s_m=5920.840 route_frac=1.000,,
2026-09-10T11:11:39.662,1789002700,generate_gt,FALSE,-37.91270203,145.1285401,1428.859001,1148.23298,1428.859001,1148.23298,1428.8552,1148.2333,1428.7459,1161.1268,-1272942443#3,0,5920.835197,0,0.032800017,6.388,6.021,,2.09,TRUE,0,,FALSE,1724.03,1576.79,-37.90889483,145.1319939,520.3720191,520.3720191,s_m=5920.840 route_frac=1.000,,
2026-09-10T11:11:41.703,1789002702,generate_gt,FALSE,-37.91281212,145.1285644,1431.24055,1136.059727,1431.24055,1136.059727,1431.2366,1136.0598,1428.337,1148.2449,-1272942443#3,0,5920.835197,0,0.043599983,6.12,6.388,,2.07,TRUE,0,,FALSE,1724.03,1576.79,-37.90889483,145.1319939,529.1208142,529.1208142,s_m=5920.840 route_frac=1.000,,
2026-09-10T11:11:43.741,1789002704,generate_gt,FALSE,-37.91288392,145.1286609,1439.884084,1128.262757,1439.884084,1128.262757,1439.8812,1128.263,1429.1489,1135.6628,-1272942443#3,0,5920.835197,0,0.037799997,5.544,6.12,,2.05,TRUE,0,,FALSE,1724.03,1576.79,-37.90889483,145.1319939,530.9572384,530.9572384,s_m=5920.840 route_frac=1.000,,
2026-09-10T11:11:45.774,1789002706,generate_gt,FALSE,-37.91290272,145.1287809,1450.475485,1126.388401,1450.475485,1126.388401,1450.4773,1126.3885,1439.054,1126.2873,-1272942443#3,0,5920.835197,0,0.0688,5.363,5.544,,2.04,TRUE,0,,FALSE,1724.03,1576.79,-37.90889483,145.1319939,526.9664817,526.9664817,s_m=5920.840 route_frac=1.000,,
2026-09-10T11:11:47.818,1789002708,generate_gt,FALSE,-37.91292849,145.1289287,1463.526377,1123.789664,1463.526377,1123.789664,1463.5223,1123.7899,1450.6652,1125.4689,-1272942443#3,0,5920.835197,0,0.034799974,6.426,5.363,,2.03,TRUE,0,,FALSE,1724.03,1576.79,-37.90889483,145.1319939,522.5623809,522.5623809,s_m=5920.840 route_frac=1.000,,
2026-09-10T11:11:49.853,1789002710,generate_gt,FALSE,-37.91294896,145.1290766,1476.574246,1121.779198,1476.574246,1121.779198,1476.5777,1121.7791,1463.6112,1122.8119,-1272942443#3,0,5920.835197,0,0.031700009,6.629,6.426,,2.02,TRUE,0,,FALSE,1724.03,1576.79,-37.90889483,145.1319939,517.9470824,517.9470824,s_m=5920.840 route_frac=1.000,,
2026-09-10T11:11:51.890,1789002712,generate_gt,FALSE,-37.91296858,145.1292224,1489.435598,1119.859326,1489.435598,1119.859326,1489.4355,1119.8595,1475.8075,1121.9192,-1272942443#3,0,5920.835197,0,0.031300006,6.561,6.629,,2.02,TRUE,0,,FALSE,1724.03,1576.79,-37.90889483,145.1319939,513.6342804,513.6342804,s_m=5920.840 route_frac=1.000,,
2026-09-10T11:11:53.931,1789002714,generate_gt,FALSE,-37.91298794,145.1293613,1501.689768,1117.956112,1501.689768,1117.956112,1501.6921,1117.9564,1489.8607,1120.4369,-1272942443#3,0,5920.835197,0,0.031500007,6.194,6.561,,2.14,TRUE,0,,FALSE,1724.03,1576.79,-37.90889483,145.1319939,509.8663706,509.8663706,s_m=5920.840 route_frac=1.000,,
2026-09-10T11:11:55.980,1789002716,generate_gt,FALSE,-37.9130024,145.1294893,1512.974773,1116.577379,1512.974773,1116.577379,1512.9732,1116.5771,1501.6643,1117.7345,-1272942443#3,0,5920.835197,0,0.0306,5.78,6.194,,2.11,TRUE,0,,FALSE,1724.03,1576.79,-37.90889483,145.1319939,506.3002723,506.3002723,s_m=5920.840 route_frac=1.000,,
2026-09-10T11:11:58.026,1789002718,generate_gt,FALSE,-37.91301289,145.129632,1525.543248,1115.665093,1525.543248,1115.665093,1525.5466,1115.6653,1512.9409,1116.3198,-1272942443#3,0,5920.835197,0,0.031000003,6.054,5.78,,2.33,TRUE,0,,FALSE,1724.03,1576.79,-37.90889483,145.1319939,502.0290538,502.0290538,s_m=5920.840 route_frac=1.000,,
2026-09-10T11:12:00.068,1789002720,generate_gt,FALSE,-37.91302765,145.1297621,1537.013528,1114.256742,1537.013528,1114.256742,1537.0135,1114.2566,1525.4321,1114.7526,-1272942443#3,0,5920.835197,0,0.031200005,5.702,6.054,,2.85,TRUE,0,,FALSE,1724.03,1576.79,-37.90889483,145.1319939,498.9109898,498.9109898,s_m=5920.840 route_frac=1.000,,
2026-09-10T11:12:02.086,1789002722,generate_gt,FALSE,-37.91304358,145.1298981,1549.005093,1112.728952,1549.005093,1112.728952,1549.0061,1112.7291,1536.8953,1113.3144,-1272942443#3,0,5920.835197,0,0.031300006,5.944,5.702,,3.6,TRUE,0,,FALSE,1724.03,1576.79,-37.90889483,145.1319939,495.9701348,495.9701348,s_m=5920.840 route_frac=1.000,,
2026-09-10T11:12:04.122,1789002724,generate_gt,FALSE,-37.91305657,145.1300297,1560.603292,1111.519622,1560.603292,1111.519622,1560.6052,1111.5199,1548.8908,1111.8095,-1272942443#3,0,5920.835197,0,0.031200005,5.856,5.944,,3.72,TRUE,0,,FALSE,1724.03,1576.79,-37.90889483,145.1319939,493.1377229,493.1377229,s_m=5920.840 route_frac=1.000,,
2026-09-10T11:12:06.155,1789002726,generate_gt,FALSE,-37.91307134,145.1301551,1571.660392,1110.101824,1571.660392,1110.101824,1571.6624,1110.1021,1560.4594,1110.3581,-1272942443#3,0,5920.835197,0,0.032200012,5.415,5.856,,3.89,TRUE,0,,FALSE,1724.03,1576.79,-37.90889483,145.1319939,490.9321249,490.9321249,s_m=5920.840 route_frac=1.000,,
2026-09-10T11:12:08.193,1789002728,generate_gt,FALSE,-37.91309017,145.1302803,1582.708941,1108.23314,1582.708941,1108.23314,1582.7101,1108.2327,1571.4902,1108.9212,-1272942443#3,0,5920.835197,0,0.031800009,5.694,5.415,,4.01,TRUE,0,,FALSE,1724.03,1576.79,-37.90889483,145.1319939,489.4049166,489.4049166,s_m=5920.840 route_frac=1.000,,
2026-09-10T11:12:10.209,1789002730,generate_gt,FALSE,-37.91310419,145.1304152,1594.59953,1106.915288,1594.59953,1106.915288,1594.6017,1106.9149,1582.5749,1107.3055,-1272942443#3,0,5920.835197,0,0.056400022,6.005,5.694,,3.99,TRUE,0,,FALSE,1724.03,1576.79,-37.90889483,145.1319939,487.3751037,487.3751037,s_m=5920.840 route_frac=1.000,,
2026-09-10T11:12:12.227,1789002732,generate_gt,FALSE,-37.91312525,145.130552,1606.672815,1104.819574,1606.672815,1104.819574,1606.6704,1104.8193,1594.4166,1105.6041,-1272942443#3,0,5920.835197,0,0.043799984,6.081,6.005,,3.93,TRUE,0,,FALSE,1724.03,1576.79,-37.90889483,145.1319939,486.3422576,486.3422576,s_m=5920.840 route_frac=1.000,,
2026-09-10T11:12:14.259,1789002734,generate_gt,FALSE,-37.91313881,145.1306823,1618.157973,1103.544621,1618.157973,1103.544621,1618.1567,1103.5451,1606.5395,1103.8924,-1272942443#3,0,5920.835197,0,0.033099961,5.884,6.081,,4.04,TRUE,0,,FALSE,1724.03,1576.79,-37.90889483,145.1319939,484.9433725,484.9433725,s_m=5920.840 route_frac=1.000,,
2026-09-10T11:12:16.295,1789002736,generate_gt,FALSE,-37.91315609,145.1308095,1629.378875,1101.851397,1629.378875,1101.851397,1629.3792,1101.8511,1617.9777,1102.2774,-1272942443#3,0,5920.835197,0,0.030299998,5.688,5.884,,4.06,TRUE,0,,FALSE,1724.03,1576.79,-37.90889483,145.1319939,484.2783411,484.2783411,s_m=5920.840 route_frac=1.000,,
2026-09-10T11:12:18.329,1789002739,generate_gt,FALSE,-37.91317721,145.1309783,1644.265469,1099.805384,1644.265469,1099.805384,1644.2669,1099.8053,1629.1962,1100.5375,-1272942443#3,0,5920.835197,0,0.037899998,5.024,5.688,,4.01,TRUE,0,,FALSE,1724.03,1576.79,-37.90889483,145.1319939,483.6080065,483.6080065,s_m=5920.840 route_frac=1.000,,
2026-09-10T11:12:20.347,1789002741,generate_gt,FALSE,-37.91319581,145.1310851,1653.695885,1097.929693,1653.695885,1097.929693,1653.6946,1097.9301,1643.9393,1098.0015,-1272942443#3,0,5920.835197,0,0.034399971,4.651,5.024,,4.19,TRUE,0,,FALSE,1724.03,1576.79,-37.90889483,145.1319939,483.9980179,483.9980179,s_m=5920.840 route_frac=1.000,,
2026-09-10T11:12:22.390,1789002743,generate_gt,FALSE,-37.91324295,145.1311333,1658.038136,1092.783761,1658.038136,1092.783761,1658.0407,1092.7838,1653.3957,1096.284,-1272942443#3,0,5920.835197,0,0.029799994,3.451,4.651,,4.2,TRUE,0,,FALSE,1724.03,1576.79,-37.90889483,145.1319939,488.4843557,488.4843557,s_m=5920.840 route_frac=1.000,,
2026-09-10T11:12:24.420,1789002745,generate_gt,FALSE,-37.91329917,145.1310705,1652.642332,1086.434612,1652.642332,1086.434612,1652.639,1086.435,1657.9972,1092.7571,-1272942443#3,0,5920.835197,0,0.029799994,3.486,3.451,,4.15,TRUE,0,,FALSE,1724.03,1576.79,-37.90889483,145.1319939,495.5245762,495.5245762,s_m=5920.840 route_frac=1.000,,
2026-09-10T11:12:26.442,1789002747,generate_gt,FALSE,-37.91325149,145.1309645,1643.217554,1091.538575,1643.217554,1091.538575,1643.2201,1091.5383,1652.2252,1085.2463,-1272942443#3,0,5920.835197,0,0.034999975,4.624,3.486,,4.1,TRUE,0,,FALSE,1724.03,1576.79,-37.90889483,145.1319939,491.934545,491.934545,s_m=5920.840 route_frac=1.000,,
2026-09-10T11:12:28.476,1789002749,generate_gt,FALSE,-37.91318856,145.1308522,1633.204983,1098.323639,1633.204983,1098.323639,1633.2079,1098.3242,1643.131,1091.4224,-1272942443#3,0,5920.835197,0,0.029399991,5.845,4.624,,4.08,TRUE,0,,FALSE,1724.03,1576.79,-37.90889483,145.1319939,487.0105159,487.0105159,s_m=5920.840 route_frac=1.000,,
2026-09-10T11:12:30.520,1789002751,generate_gt,FALSE,-37.91316706,145.130705,1620.216449,1100.44988,1620.216449,1100.44988,1620.2173,1100.4496,1632.3563,1095.5515,-1272942443#3,0,5920.835197,0,0.029499992,6.419,5.845,,4.15,TRUE,0,,FALSE,1724.03,1576.79,-37.90889483,145.1319939,487.5214491,487.5214491,s_m=5920.840 route_frac=1.000,,
2026-09-10T11:12:32.550,1789002753,generate_gt,FALSE,-37.91315,145.1305527,1606.789435,1102.074424,1606.789435,1102.074424,1606.7857,1102.0738,1619.9795,1098.7642,-1272942443#3,0,5920.835197,0,0.028599985,6.639,6.419,,4.28,TRUE,0,,FALSE,1724.03,1576.79,-37.90889483,145.1319939,488.9787605,488.9787605,s_m=5920.840 route_frac=1.000,,
2026-09-10T11:12:34.585,1789002755,generate_gt,FALSE,-37.91313507,145.1304123,1594.413313,1103.483574,1594.413313,1103.483574,1594.4123,1103.4837,1606.5854,1100.6546,-1272942443#3,0,5920.835197,0,0.029399991,6.287,6.639,,4.36,TRUE,0,,FALSE,1724.03,1576.79,-37.90889483,145.1319939,490.7335923,490.7335923,s_m=5920.840 route_frac=1.000,,
2026-09-10T11:12:36.616,1789002757,generate_gt,FALSE,-37.91311613,145.1302712,1581.966721,1105.336441,1581.966721,1105.336441,1581.971,1105.3369,1594.2586,1102.3944,-1272942443#3,0,5920.835197,0,0.028800045,6.337,6.287,,4.41,TRUE,0,,FALSE,1724.03,1576.79,-37.90889483,145.1319939,492.3925607,492.3925607,s_m=5920.840 route_frac=1.000,,
2026-09-10T11:12:38.648,1789002759,generate_gt,FALSE,-37.91309392,145.1301305,1569.548009,1107.55285,1569.548009,1107.55285,1569.5443,1107.5525,1581.8031,1104.1871,-1272942443#3,0,5920.835197,0,0.028799986,6.296,6.337,,4.1,TRUE,0,,FALSE,1724.03,1576.79,-37.90889483,145.1319939,494.0123367,494.0123367,s_m=5920.840 route_frac=1.000,,
2026-09-10T11:12:40.678,1789002761,generate_gt,FALSE,-37.91308093,145.1299963,1557.721245,1108.757607,1557.721245,1108.757607,1557.7245,1108.7572,1569.3362,1105.9856,-1272942443#3,0,5920.835197,0,0.02919999,5.927,6.296,,3.84,TRUE,0,,FALSE,1724.03,1576.79,-37.90889483,145.1319939,496.7020468,496.7020468,s_m=5920.840 route_frac=1.000,,
2026-09-10T11:12:42.704,1789002763,generate_gt,FALSE,-37.91307162,145.1298488,1544.733434,1109.530536,1544.733434,1109.530536,1544.7359,1109.5309,1557.5671,1107.5009,-1272942443#3,0,5920.835197,0,0.029300048,6.427,5.927,,3.99,TRUE,0,,FALSE,1724.03,1576.79,-37.90889483,145.1319939,500.4784361,500.4784361,s_m=5920.840 route_frac=1.000,,
2026-09-10T11:12:44.738,1789002765,generate_gt,FALSE,-37.9130486,145.1296982,1531.442566,1111.819308,1531.442566,1111.819308,1531.4468,1111.8196,1544.6838,1109.115,-1272942443#3,0,5920.835197,0,0.028999988,6.714,6.427,,3.97,TRUE,0,,FALSE,1724.03,1576.79,-37.90889483,145.1319939,503.2769262,503.2769262,s_m=5920.840 route_frac=1.000,,
2026-09-10T11:12:46.769,1789002767,generate_gt,FALSE,-37.91302771,145.1295469,1518.094893,1113.870468,1518.094893,1113.870468,1518.097,1113.8706,1531.3177,1110.7896,-1272942443#3,0,5920.835197,0,0.029099989,6.738,6.714,,4.3,TRUE,0,,FALSE,1724.03,1576.79,-37.90889483,145.1319939,506.659414,506.659414,s_m=5920.840 route_frac=1.000,,
2026-09-10T11:12:48.798,1789002769,generate_gt,FALSE,-37.91300839,145.1293971,1504.882577,1115.750037,1504.882577,1115.750037,1504.8859,1115.7498,1517.9213,1112.4681,-1272942443#3,0,5920.835197,0,0.029599993,6.745,6.738,,4.55,TRUE,0,,FALSE,1724.03,1576.79,-37.90889483,145.1319939,510.473741,510.473741,s_m=5920.840 route_frac=1.000,,
2026-09-10T11:12:50.836,1789002771,generate_gt,FALSE,-37.91299903,145.1292435,1491.358368,1116.517669,1491.358368,1116.517669,1491.3571,1116.5181,1504.6825,1114.1267,-1272942443#3,0,5920.835197,0,0.029400049,6.653,6.745,,4.66,TRUE,0,,FALSE,1724.03,1576.79,-37.90889483,145.1319939,515.7389911,515.7389911,s_m=5920.840 route_frac=1.000,,
2026-09-10T11:12:52.859,1789002773,generate_gt,FALSE,-37.91297821,145.1290967,1478.406436,1118.568937,1478.406436,1118.568937,1478.4105,1118.569,1491.2607,1115.8666,-1272942443#3,0,5920.835197,0,0.032699958,6.567,6.653,,4.52,TRUE,0,,FALSE,1724.03,1576.79,-37.90889483,145.1319939,519.9014113,519.9014113,s_m=5920.840 route_frac=1.000,,
2026-09-10T11:12:54.891,1789002775,generate_gt,FALSE,-37.91296138,145.1289733,1467.520539,1120.218728,1467.520539,1120.218728,1467.5165,1120.219,1478.3831,1118.7478,-1272942443#3,0,5920.835197,0,0.030700001,5.576,6.567,,3.98,TRUE,0,,FALSE,1724.03,1576.79,-37.90889483,145.1319939,523.6930688,523.6930688,s_m=5920.840 route_frac=1.000,,
2026-09-10T11:12:56.930,1789002777,generate_gt,FALSE,-37.91296662,145.128872,1458.626666,1119.458506,1458.626666,1119.458506,1458.6259,1119.4583,1467.4134,1119.6501,-1272942443#3,0,5920.835197,0,0.0306,4.648,5.576,,3.48,TRUE,0,,FALSE,1724.03,1576.79,-37.90889483,145.1319939,528.7636758,528.7636758,s_m=5920.840 route_frac=1.000,,
2026-09-10T11:12:58.955,1789002779,generate_gt,FALSE,-37.91296595,145.1288037,1452.620744,1119.412318,1452.620744,1119.412318,1452.6213,1119.4126,1459.3957,1118.4268,-1272942443#3,0,5920.835197,0,0.031400006,4.732,4.648,,7.17,TRUE,0,,FALSE,1724.03,1576.79,-37.90889483,145.1319939,531.8433303,531.8433303,s_m=5920.840 route_frac=1.000,,
2026-09-10T11:13:00.994,1789002781,generate_gt,FALSE,-37.91314589,145.1287547,1448.713871,1099.358787,1448.713871,1099.358787,1448.7145,1099.3589,1454.4454,1114.8447,-1272942443#3,0,5920.835197,0,0.044199987,6.327,0,,2.97,TRUE,0,,FALSE,1724.03,1576.79,-37.90889483,145.1319939,551.1256971,551.1256971,s_m=5920.840 route_frac=1.000,,
2026-09-10T11:13:03.023,1789002783,generate_gt,FALSE,-37.91327256,145.1287333,1447.114727,1085.265073,1447.114727,1085.265073,1447.1127,1085.2646,1449.3821,1099.2235,-1272942443#3,0,5920.835197,0,0.036299985,6.936,6.327,,2.69,TRUE,0,,FALSE,1724.03,1576.79,-37.90889483,145.1319939,564.1620528,564.1620528,s_m=5920.840 route_frac=1.000,,
2026-09-10T11:13:05.047,1789002785,generate_gt,FALSE,-37.91339986,145.1287149,1445.78073,1071.106746,1445.78073,1071.106746,1445.7825,1071.1071,1447.3034,1085.241,-1272942443#3,0,5920.835197,0,0.030399999,7.063,6.936,,2.43,TRUE,0,,FALSE,1724.03,1576.79,-37.90889483,145.1319939,577.1812626,577.1812626,s_m=5920.840 route_frac=1.000,,
2026-09-10T11:13:07.090,1789002787,generate_gt,FALSE,-37.91351449,145.1287023,1444.928403,1058.364581,1444.928403,1058.364581,1444.9251,1058.364,1445.5674,1071.1315,-1272942443#3,0,5920.835197,0,0.029599993,6.321,7.063,,2.27,TRUE,0,,FALSE,1724.03,1576.79,-37.90889483,145.1319939,588.7806179,588.7806179,s_m=5920.840 route_frac=1.000,,
2026-09-10T11:13:09.123,1789002789,generate_gt,FALSE,-37.91360087,145.128781,1452.039496,1048.918315,1452.039496,1048.918315,1452.0413,1048.9187,1444.0848,1058.4659,-1272942443#3,0,5920.835197,0,0.029899995,5.78,6.321,,2.2,TRUE,0,,FALSE,1724.03,1576.79,-37.90889483,145.1319939,593.8243431,593.8243431,s_m=5920.840 route_frac=1.000,,
2026-09-10T11:13:11.152,1789002791,generate_gt,FALSE,-37.91361633,145.1289004,1462.570605,1047.413511,1462.570605,1047.413511,1462.5709,1047.4136,1451.9642,1048.4116,-1272942443#3,0,5920.835197,0,0.029799994,4.976,5.78,,2.16,TRUE,0,,FALSE,1724.03,1576.79,-37.90889483,145.1319939,590.4239854,590.4239854,s_m=5920.840 route_frac=1.000,,
2026-09-10T11:13:13.198,1789002793,generate_gt,FALSE,-37.91362591,145.1290064,1471.910595,1046.537522,1471.910595,1046.537522,1471.908,1046.5379,1462.4795,1046.8128,-1272942443#3,0,5920.835197,0,0.028999988,4.728,4.976,,2.13,TRUE,0,,FALSE,1724.03,1576.79,-37.90889483,145.1319939,587.1387272,587.1387272,s_m=5920.840 route_frac=1.000,,
2026-09-10T11:13:15.239,1789002795,generate_gt,FALSE,-37.91363232,145.1291156,1481.524839,1046.018929,1481.524839,1046.018929,1481.529,1046.0189,1471.7358,1045.4054,-1272942443#3,0,5920.835197,0,0.029699993,4.838,4.728,,2.11,TRUE,0,,FALSE,1724.03,1576.79,-37.90889483,145.1319939,583.546642,583.546642,s_m=5920.840 route_frac=1.000,,
2026-09-10T11:13:17.274,1789002797,generate_gt,FALSE,-37.91365192,145.1292407,1492.566254,1044.064749,1492.566254,1044.064749,1492.5657,1044.0646,1481.2166,1043.9639,-1272942443#3,0,5920.835197,0,0.029099989,5.501,4.838,,2.09,TRUE,0,,FALSE,1724.03,1576.79,-37.90889483,145.1319939,580.8370329,580.8370329,s_m=5920.840 route_frac=1.000,,
2026-09-10T11:13:19.299,1789002799,generate_gt,FALSE,-37.91367484,145.1293698,1503.966704,1041.749208,1503.966704,1041.749208,1503.9692,1041.7497,1492.3373,1042.3942,-1272942443#3,0,5920.835197,0,0.028500042,5.726,5.501,,2.12,TRUE,0,,FALSE,1724.03,1576.79,-37.90889483,145.1319939,578.5296049,578.5296049,s_m=5920.840 route_frac=1.000,,
2026-09-10T11:13:21.321,1789002802,generate_gt,FALSE,-37.91369232,145.1295618,1520.884679,1040.148265,1520.884679,1040.148265,1520.8828,1040.1479,1503.8422,1040.8208,-1272942443#3,0,5920.835197,0,0.029499992,5.258,5.726,,2.12,TRUE,0,,FALSE,1724.03,1576.79,-37.90889483,145.1319939,573.8051698,573.8051698,s_m=5920.840 route_frac=1.000,,
2026-09-10T11:13:23.345,1789002804,generate_gt,FALSE,-37.91370754,145.1296772,1531.063578,1038.662949,1531.063578,1038.662949,1531.0609,1038.6632,1520.6623,1038.5288,-1272942443#3,0,5920.835197,0,0.029599993,4.662,5.258,,2.1,TRUE,0,,FALSE,1724.03,1576.79,-37.90889483,145.1319939,571.678898,571.678898,s_m=5920.840 route_frac=1.000,,
2026-09-10T11:13:25.383,1789002806,generate_gt,FALSE,-37.91372781,145.1297511,1537.605383,1036.544045,1537.605383,1036.544045,1537.6064,1036.5439,1530.8535,1037.1407,-1272942443#3,0,5920.835197,0,0.030099996,3.644,4.662,,2.09,TRUE,0,,FALSE,1724.03,1576.79,-37.90889483,145.1319939,571.5066314,571.5066314,s_m=5920.840 route_frac=1.000,,
2026-09-10T11:13:27.413,1789002808,generate_gt,FALSE,-37.91379749,145.1297963,1541.734129,1028.891728,1541.734129,1028.891728,1541.7346,1028.8922,1537.5632,1036.2267,-1272942443#3,0,5920.835197,0,0.029499992,4.171,3.644,,2.09,TRUE,0,,FALSE,1724.03,1576.79,-37.90889483,145.1319939,577.4290439,577.4290439,s_m=5920.840 route_frac=1.000,,
2026-09-10T11:13:29.447,1789002810,generate_gt,FALSE,-37.91390565,145.1297756,1540.155175,1016.853234,1540.155175,1016.853234,1540.1524,1016.8532,1542.641,1029.1198,-1272942443#3,0,5920.835197,0,0.029599993,5.738,4.171,,2.15,TRUE,0,,FALSE,1724.03,1576.79,-37.90889483,145.1319939,589.3548448,589.3548448,s_m=5920.840 route_frac=1.000,,
2026-09-10T11:13:31.482,1789002812,generate_gt,FALSE,-37.91402391,145.1297513,1538.282234,1003.687642,1538.282234,1003.687642,1538.283,1003.6877,1540.9811,1016.6227,-1272942443#3,0,5920.835197,0,0.028800045,6.515,5.738,,2.62,TRUE,0,,FALSE,1724.03,1576.79,-37.90889483,145.1319939,602.4521105,602.4521105,s_m=5920.840 route_frac=1.000,,
2026-09-10T11:13:33.520,1789002814,generate_gt,FALSE,-37.91414286,145.1297322,1536.867974,990.4546558,1536.867974,990.4546558,1536.8716,990.4545,1539.3133,1003.5652,-1272942443#3,0,5920.835197,0,0.029899995,6.647,6.515,,3.12,TRUE,0,,FALSE,1724.03,1576.79,-37.90889483,145.1319939,615.4825422,615.4825422,s_m=5920.840 route_frac=1.000,,
2026-09-10T11:13:35.551,1789002816,generate_gt,FALSE,-37.91426293,145.1297055,1534.788091,977.0839817,1534.788091,977.0839817,1534.7924,977.0842,1537.7419,990.351,-1272942443#3,0,5920.835197,0,0.029099989,6.712,6.647,,3.49,TRUE,0,,FALSE,1724.03,1576.79,-37.90889483,145.1319939,628.8559521,628.8559521,s_m=5920.840 route_frac=1.000,,
2026-09-10T11:13:37.590,1789002818,generate_gt,FALSE,-37.91436913,145.1296823,1532.985021,965.2585662,1532.985021,965.2585662,1532.9855,965.259,1536.0605,976.9218,-1272942443#3,0,5920.835197,0,0.029499992,6.018,6.712,,5.37,TRUE,0,,FALSE,1724.03,1576.79,-37.90889483,145.1319939,640.6784517,640.6784517,s_m=5920.840 route_frac=1.000,,
2026-09-10T11:13:39.616,1789002820,generate_gt,FALSE,-37.9144525,145.1296732,1532.370666,955.9913554,1532.370666,955.9913554,1532.3743,955.9915,1534.4626,965.0607,-1272942443#3,0,5920.835197,0,0.029799994,4.863,0,,6.27,TRUE,0,,FALSE,1724.03,1576.79,-37.90889483,145.1319939,649.7109031,649.7109031,s_m=5920.840 route_frac=1.000,,
2026-09-10T11:13:41.657,1789002822,generate_gt,FALSE,-37.91453851,145.1296554,1530.997368,946.4158495,1530.997368,946.4158495,1530.9949,946.4157,1533.2407,955.877,-1272942443#3,0,5920.835197,0,0.029699993,4.832,4.863,,5.78,TRUE,0,,FALSE,1724.03,1576.79,-37.90889483,145.1319939,659.2671437,659.2671437,s_m=5920.840 route_frac=1.000,,
2026-09-10T11:13:43.680,1789002824,generate_gt,FALSE,-37.91463223,145.129653,1530.995064,936.0119687,1530.995064,936.0119687,1530.996,936.0118,1531.9741,946.2864,-1272942443#3,0,5920.835197,0,0.028799986,5.043,4.832,,5.46,TRUE,0,,FALSE,1724.03,1576.79,-37.90889483,145.1319939,669.2226624,669.2226624,s_m=5920.840 route_frac=1.000,,
2026-09-10T11:13:45.727,1789002826,generate_gt,FALSE,-37.91469299,145.1296257,1528.730399,929.2215718,1528.730399,929.2215718,1528.7296,929.2213,1530.6235,936.061,-1272942443#3,0,5920.835197,0,0.028899987,3.552,5.043,,5.13,TRUE,0,,FALSE,1724.03,1576.79,-37.90889483,145.1319939,676.3777076,676.3777076,s_m=5920.840 route_frac=1.000,,
2026-09-10T11:13:47.759,1789002828,generate_gt,FALSE,-37.91472352,145.1296314,1529.29947,925.843863,1529.29947,925.843863,1529.2981,925.8435,1528.6635,929.2933,-1272942443#3,0,5920.835197,0,0.029400049,1.958,3.552,,4.74,TRUE,0,,FALSE,1724.03,1576.79,-37.90889483,145.1319939,679.448933,679.448933,s_m=5920.840 route_frac=1.000,,
2026-09-10T11:13:49.801,1789002830,generate_gt,FALSE,-37.91473716,145.1296402,1530.103454,924.3458231,1530.103454,924.3458231,1530.101,924.3456,1529.4109,925.8079,-1272942443#3,0,5920.835197,0,0.029699993,0.925,1.958,,4.43,TRUE,0,,FALSE,1724.03,1576.79,-37.90889483,145.1319939,680.6547651,680.6547651,s_m=5920.840 route_frac=1.000,,
2026-09-10T11:13:51.846,1789002832,generate_gt,FALSE,-37.91474709,145.1296489,1530.890386,923.259287,1530.890386,923.259287,1530.893,923.2596,1529.0414,924.5072,-1272942443#3,0,5920.835197,0,0.029499992,1.038,0.925,,4.19,TRUE,0,,FALSE,1724.03,1576.79,-37.90889483,145.1319939,681.4728926,681.4728926,s_m=5920.840 route_frac=1.000,,
2026-09-10T11:13:53.885,1789002834,generate_gt,FALSE,-37.91476326,145.1296518,1531.181331,921.4700974,1531.181331,921.4700974,1531.1831,921.4703,1528.9864,923.2672,-1272942443#3,0,5920.835197,0,0.029200048,2.239,1.038,,3.98,TRUE,0,,FALSE,1724.03,1576.79,-37.90889483,145.1319939,683.1067147,683.1067147,s_m=5920.840 route_frac=1.000,,
2026-09-10T11:13:55.923,1789002836,generate_gt,FALSE,-37.91480773,145.1297863,1543.104297,916.7727358,1543.104297,916.7727358,1543.1023,916.7732,1529.4079,920.6973,-1272942443#3,0,5920.835197,0,0.028999988,3.894,2.239,,3.78,TRUE,0,,FALSE,1724.03,1576.79,-37.90889483,145.1319939,684.3660564,684.3660564,s_m=5920.840 route_frac=1.000,,
2026-09-10T11:13:57.943,1789002838,generate_gt,FALSE,-37.91481591,145.1298934,1552.53771,916.0539516,1552.53771,916.0539516,1552.5393,916.0536,1543.1401,917.1938,-1272942443#3,0,5920.835197,0,0.029699993,4.84,3.894,,3.61,TRUE,0,,FALSE,1724.03,1576.79,-37.90889483,145.1319939,682.6285456,682.6285456,s_m=5920.840 route_frac=1.000,,
2026-09-10T11:13:59.978,1789002840,generate_gt,FALSE,-37.91482579,145.1300133,1563.100157,915.1690916,1563.100157,915.1690916,1563.1038,915.1692,1552.5563,916.2127,-1272942443#3,0,5920.835197,0,0.03689999,5.271,4.84,,3.45,TRUE,0,,FALSE,1724.03,1576.79,-37.90889483,145.1319939,680.9116247,680.9116247,s_m=5920.840 route_frac=1.000,,
2026-09-10T11:14:02.003,1789002842,generate_gt,FALSE,-37.91480244,145.1301338,1573.641375,917.9726456,1573.641375,917.9726456,1573.642,917.9724,1563.095,915.0861,-1272942443#3,0,5920.835197,0,0.032800017,5.179,5.271,,3.62,TRUE,0,,FALSE,1724.03,1576.79,-37.90889483,145.1319939,675.7640453,675.7640453,s_m=5920.840 route_frac=1.000,,
2026-09-10T11:14:04.023,1789002844,generate_gt,FALSE,-37.91481665,145.1302638,1585.101355,916.6250906,1585.101355,916.6250906,1585.0992,916.6255,1573.1066,913.8136,-1272942443#3,0,5920.835197,0,0.031600008,5.627,5.179,,3.5,TRUE,0,,FALSE,1724.03,1576.79,-37.90889483,145.1319939,674.6249892,674.6249892,s_m=5920.840 route_frac=1.000,,
2026-09-10T11:14:06.065,1789002846,generate_gt,FALSE,-37.91482073,145.1303956,1596.697021,916.4047699,1596.697021,916.4047699,1596.6933,916.4049,1584.5475,912.3405,-1272942443#3,0,5920.835197,0,0.041200023,5.659,5.627,,3.73,TRUE,0,,FALSE,1724.03,1576.79,-37.90889483,145.1319939,672.5491355,672.5491355,s_m=5920.840 route_frac=1.000,,
2026-09-10T11:14:08.099,1789002848,generate_gt,FALSE,-37.91483965,145.1305248,1608.097147,914.5331269,1608.097147,914.5331269,1608.0978,914.5333,1596.2883,913.1107,-1272942443#3,0,5920.835197,0,0.032899959,5.675,5.659,,3.66,TRUE,0,,FALSE,1724.03,1576.79,-37.90889483,145.1319939,672.3277418,672.3277418,s_m=5920.840 route_frac=1.000,,
2026-09-10T11:14:10.139,1789002850,generate_gt,FALSE,-37.91485199,145.1306659,1620.528757,913.4125991,1620.528757,913.4125991,1620.5247,913.4123,1607.7497,911.7016,-1272942443#3,0,5920.835197,0,0.0306,6.123,5.675,,3.8,TRUE,0,,FALSE,1724.03,1576.79,-37.90889483,145.1319939,671.4030708,671.4030708,s_m=5920.840 route_frac=1.000,,
2026-09-10T11:14:12.177,1789002852,generate_gt,FALSE,-37.91487065,145.1308049,1632.789814,911.5870511,1632.789814,911.5870511,1632.7903,911.5874,1620.1273,910.1799,-1272942443#3,0,5920.835197,0,0.031100004,6.147,6.123,,3.84,TRUE,0,,FALSE,1724.03,1576.79,-37.90889483,145.1319939,671.4311095,671.4311095,s_m=5920.840 route_frac=1.000,,
2026-09-10T11:14:14.219,1789002854,generate_gt,FALSE,-37.91488937,145.1309458,1645.218028,909.7581765,1645.218028,909.7581765,1645.2207,909.7587,1632.4313,908.6672,-1272942443#3,0,5920.835197,0,0.029599993,6.236,6.147,,3.97,TRUE,0,,FALSE,1724.03,1576.79,-37.90889483,145.1319939,671.6716315,671.6716315,s_m=5920.840 route_frac=1.000,,
2026-09-10T11:14:16.242,1789002856,generate_gt,FALSE,-37.91490605,145.1310839,1657.395547,908.1507164,1657.395547,908.1507164,1657.3944,908.1507,1644.8981,907.1345,-1272942443#3,0,5920.835197,0,0.029300048,6.19,6.236,,3.82,TRUE,0,,FALSE,1724.03,1576.79,-37.90889483,145.1319939,671.9513687,671.9513687,s_m=5920.840 route_frac=1.000,,
2026-09-10T11:14:18.283,1789002858,generate_gt,FALSE,-37.91491717,145.131224,1669.736512,907.1637292,1669.736512,907.1637292,1669.7398,907.1634,1657.0872,905.6379,-1272942443#3,0,5920.835197,0,0.029399991,6.156,6.19,,3.94,TRUE,0,,FALSE,1724.03,1576.79,-37.90889483,145.1319939,671.823731,671.823731,s_m=5920.840 route_frac=1.000,,
2026-09-10T11:14:20.318,1789002860,generate_gt,FALSE,-37.91493298,145.1313641,1682.087906,905.6562973,1682.087906,905.6562973,1682.0906,905.656,1669.5065,904.3116,-1272942443#3,0,5920.835197,0,0.029599993,6.241,6.156,,3.91,TRUE,0,,FALSE,1724.03,1576.79,-37.90889483,145.1319939,672.4429984,672.4429984,s_m=5920.840 route_frac=1.000,,
2026-09-10T11:14:22.355,1789002863,generate_gt,FALSE,-37.91500275,145.1315679,1700.159202,898.2734292,1700.159202,898.2734292,1700.1604,898.2735,1682.4901,904.417,-1272942443#3,0,5920.835197,0,0.02929999,6.321,6.241,,8.32,TRUE,0,,FALSE,1724.03,1576.79,-37.90889483,145.1319939,678.9363386,678.9363386,s_m=5920.840 route_frac=1.000,,
2026-09-10T11:14:24.391,1789002865,generate_gt,FALSE,-37.91502003,145.1317041,1712.170995,896.5959613,1712.170995,896.5959613,1712.1735,896.5959,1700.1321,897.8622,-1272942443#3,0,5920.835197,0,0.030700001,6.106,6.321,,8.3,TRUE,0,,FALSE,1724.03,1576.79,-37.90889483,145.1319939,680.2974102,680.2974102,s_m=5920.840 route_frac=1.000,,
2026-09-10T11:14:26.431,1789002867,generate_gt,FALSE,-37.91503922,145.1318545,1725.435353,894.7315528,1725.435353,894.7315528,1725.4389,894.7319,1712.1656,896.5378,-1272942443#3,0,5920.835197,0,0.02919999,6.588,6.106,,8.03,TRUE,0,,FALSE,1724.03,1576.79,-37.90889483,145.1319939,682.0598951,682.0598951,s_m=5920.840 route_frac=1.000,,
2026-09-10T11:14:28.464,1789002869,generate_gt,FALSE,-37.91505935,145.1320102,1739.167718,892.7721535,1739.167718,892.7721535,1739.1651,892.7717,1725.4386,894.7293,-1272942443#3,684.184206,5919.595378,0,0.032000011,6.944,6.588,,7.73,TRUE,0,,FALSE,1722.790536,1576.760323,-37.90889487,145.1319798,684.184206,684.184206,s_m=5919.600 route_frac=1.000,,
2026-09-10T11:14:30.510,1789002871,generate_gt,FALSE,-37.9150792,145.1321567,1752.09068,890.8275942,1752.09068,890.8275942,1752.0871,890.8277,1739.1768,892.8574,-1272942443#3,686.5361054,5920.835197,0,0.030700001,6.707,6.944,,6.52,TRUE,0,,FALSE,1724.03,1576.79,-37.90889483,145.1319939,686.5361054,686.5361054,s_m=5920.840 route_frac=1.000,,
2026-09-10T11:14:32.551,1789002873,generate_gt,FALSE,-37.91509869,145.1323005,1764.775478,888.9182059,1764.775478,888.9182059,1764.7781,888.9183,1752.1233,891.0934,-1272942443#3,689.0774986,5920.835197,0,0.029600051,6.387,6.707,,3.5,TRUE,0,,FALSE,1724.03,1576.79,-37.90889483,145.1319939,689.0774986,689.0774986,s_m=5920.840 route_frac=1.000,,
2026-09-10T11:14:34.594,1789002875,generate_gt,FALSE,-37.91511867,145.1324465,1777.65476,886.9583004,1777.65476,886.9583004,1777.6516,886.9583,1764.8384,889.3609,-1272942443#3,691.9128475,5920.835197,0,0.029399991,6.442,6.387,,3.78,TRUE,0,,FALSE,1724.03,1576.79,-37.90889483,145.1319939,691.9128475,691.9128475,s_m=5920.840 route_frac=1.000,,
2026-09-10T11:14:36.635,1789002877,generate_gt,FALSE,-37.91513938,145.1325971,1790.940043,884.9254723,1790.940043,884.9254723,1790.9376,884.9249,1777.6388,886.872,-1272942443#3,695.0924245,5920.835197,0,0.030299998,6.651,6.442,,5.62,TRUE,0,,FALSE,1724.03,1576.79,-37.90889483,145.1319939,695.0924245,695.0924245,s_m=5920.840 route_frac=1.000,,
2026-09-10T11:14:38.674,1789002879,generate_gt,FALSE,-37.91516006,145.1327474,1804.198879,882.8954234,1804.198879,882.8954234,1804.1996,882.8951,1790.9332,884.8953,-1272942443#3,698.5103669,5920.835197,0,0.029999996,6.578,6.651,,3.43,TRUE,0,,FALSE,1724.03,1576.79,-37.90889483,145.1319939,698.5103669,698.5103669,s_m=5920.840 route_frac=1.000,,
2026-09-10T11:14:40.705,1789002881,generate_gt,FALSE,-37.91517953,145.13289,1816.778112,880.9860614,1816.778112,880.9860614,1816.7739,880.9863,1804.2036,882.9221,-1272942443#3,701.9582133,5920.835197,0,0.029999996,6.52,6.578,,3.68,TRUE,0,,FALSE,1724.03,1576.79,-37.90889483,145.1319939,701.9582133,701.9582133,s_m=5920.840 route_frac=1.000,,
2026-09-10T11:14:42.722,1789002883,generate_gt,FALSE,-37.91520093,145.1330483,1830.741812,878.8901631,1830.741812,878.8901631,1830.7407,878.8899,1816.7836,881.0516,-1272942443#3,706.0110433,5920.835197,0,0.030700001,7.003,6.52,,3.51,TRUE,0,,FALSE,1724.03,1576.79,-37.90889483,145.1319939,706.0110433,706.0110433,s_m=5920.840 route_frac=1.000,,
2026-09-10T11:14:44.738,1789002885,generate_gt,FALSE,-37.91522172,145.1332028,1844.370092,876.8552393,1844.370092,876.8552393,1844.3682,876.8551,1830.7527,878.9711,-1272942443#3,710.2044824,5920.835197,0,0.02919999,6.938,7.003,,6.09,TRUE,0,,FALSE,1724.03,1576.79,-37.90889483,145.1319939,710.2044824,710.2044824,s_m=5920.840 route_frac=1.000,,
2026-09-10T11:14:46.780,1789002887,generate_gt,FALSE,-37.91524203,145.1333569,1857.962132,874.8728521,1857.962132,874.8728521,1857.959,874.8727,1844.3817,876.9461,-1272942443#3,714.5806452,5920.835197,0,0.029599993,7.035,6.938,,3.57,TRUE,0,,FALSE,1724.03,1576.79,-37.90889483,145.1319939,714.5806452,714.5806452,s_m=5920.840 route_frac=1.000,,
2026-09-10T11:14:48.800,1789002889,generate_gt,FALSE,-37.91526361,145.1335206,1872.400921,872.7664168,1872.400921,872.7664168,1872.4016,872.766,1857.9672,874.9276,-1272942443#3,719.4881068,5920.835197,0,0.029999996,7.241,7.035,,3.73,TRUE,0,,FALSE,1724.03,1576.79,-37.90889483,145.1319939,719.4881068,719.4881068,s_m=5920.840 route_frac=1.000,,
2026-09-10T11:14:50.837,1789002891,generate_gt,FALSE,-37.91528443,145.1336803,1886.486373,870.7372487,1886.486373,870.7372487,1886.4894,870.7375,1872.4041,872.7826,-1272942443#3,724.5015947,5920.835197,0,0.029499992,7.23,7.241,,6.1,TRUE,0,,FALSE,1724.03,1576.79,-37.90889483,145.1319939,724.5015947,724.5015947,s_m=5920.840 route_frac=1.000,,
2026-09-10T11:14:52.870,1789002893,generate_gt,FALSE,-37.91530445,145.1338361,1900.227192,868.7899643,1900.227192,868.7899643,1900.2298,868.7897,1886.4825,870.6909,-1272942443#3,729.5954365,5920.835197,0,0.037199992,7.079,7.23,,6.18,TRUE,0,,FALSE,1724.03,1576.79,-37.90889483,145.1319939,729.5954365,729.5954365,s_m=5920.840 route_frac=1.000,,
2026-09-10T11:14:54.898,1789002895,generate_gt,FALSE,-37.91532473,145.1339939,1914.1444,866.817326,1914.1444,866.817326,1914.1438,866.8172,1900.2092,868.6514,-1272942443#3,734.9861787,5920.835197,0,0.030099996,6.995,7.079,,3.83,TRUE,0,,FALSE,1724.03,1576.79,-37.90889483,145.1319939,734.9861787,734.9861787,s_m=5920.840 route_frac=1.000,,
2026-09-10T11:14:56.937,1789002897,generate_gt,FALSE,-37.91534492,145.134151,1927.999864,864.8534194,1927.999864,864.8534194,1927.9963,864.8534,1914.1094,866.5862,-1272942443#3,740.5790978,5920.835197,0,0.029499992,6.96,6.995,,3.34,TRUE,0,,FALSE,1724.03,1576.79,-37.90889483,145.1319939,740.5790978,740.5790978,s_m=5920.840 route_frac=1.000,,
2026-09-10T11:14:58.977,1789002899,generate_gt,FALSE,-37.91530064,145.1343133,1942.169252,870.0525544,1942.169252,870.0525544,1942.17,870.0529,1928.0089,865.1862,-1272942443#3,739.6367693,5920.835197,0,0.029899995,6.695,6.96,,2.78,TRUE,0,,FALSE,1724.03,1576.79,-37.90889483,145.1319939,739.6367693,739.6367693,s_m=5920.840 route_frac=1.000,,
2026-09-10T11:15:01.014,1789002901,generate_gt,FALSE,-37.91525924,145.134445,1953.655015,874.878244,1953.655015,874.878244,1953.6512,874.8785,1942.1447,868.2744,-1272942443#3,738.5172719,5920.835197,0,0.029599993,6.061,6.695,,2.47,TRUE,0,,FALSE,1724.03,1576.79,-37.90889483,145.1319939,738.5172719,738.5172719,s_m=5920.840 route_frac=1.000,,
2026-09-10T11:15:03.057,1789002903,generate_gt,FALSE,-37.91521102,145.134568,1964.36083,880.4453916,1964.36083,880.4453916,1964.364,880.4458,1954.704,875.4643,-1272942443#3,736.6510173,5920.835197,0,0.029699993,5.932,6.061,,2.34,TRUE,0,,FALSE,1724.03,1576.79,-37.90889483,145.1319939,736.6510173,736.6510173,s_m=5920.840 route_frac=1.000,,
2026-09-10T11:15:05.091,1789002905,generate_gt,FALSE,-37.91513079,145.1346819,1974.195593,889.548505,1974.195593,889.548505,1974.194,889.548,1964.2962,880.5252,-1272942443#3,731.3574342,5920.835197,0,0.029499992,6.467,5.932,,2.25,TRUE,0,,FALSE,1724.03,1576.79,-37.90889483,145.1319939,731.3574342,731.3574342,s_m=5920.840 route_frac=1.000,,
2026-09-10T11:15:07.127,1789002907,generate_gt,FALSE,-37.91500731,145.1347309,1978.228976,903.3366687,1978.228976,903.3366687,1978.2326,903.3364,1974.7557,889.4029,-1272942443#3,719.8308892,5920.835197,0,0.029300048,6.565,6.467,,2.18,TRUE,0,,FALSE,1724.03,1576.79,-37.90889483,145.1319939,719.8308892,719.8308892,s_m=5920.840 route_frac=1.000,,
2026-09-10T11:15:09.152,1789002909,generate_gt,FALSE,-37.91489521,145.1347811,1982.393137,915.864159,1982.393137,915.864159,1982.3939,915.8645,1978.3466,903.3069,-1272942443#3,709.6298175,5920.835197,0,0.029699993,6.515,6.565,,2.12,TRUE,0,,FALSE,1724.03,1576.79,-37.90889483,145.1319939,709.6298175,709.6298175,s_m=5920.840 route_frac=1.000,,
2026-09-10T11:15:11.178,1789002911,generate_gt,FALSE,-37.91479097,145.1348145,1985.097871,927.4899076,1985.097871,927.4899076,1985.0935,927.4903,1981.64,916.0592,-1272942443#3,699.8192932,5920.835197,0,0.029799994,6.029,6.515,,2.09,TRUE,0,,FALSE,1724.03,1576.79,-37.90889483,145.1319939,699.8192932,699.8192932,s_m=5920.840 route_frac=1.000,,
2026-09-10T11:15:13.213,1789002913,generate_gt,FALSE,-37.91469711,145.1348489,1987.913573,937.9655974,1987.913573,937.9655974,1987.9147,937.9652,1984.7713,927.5934,-1272942443#3,691.1809873,5920.835197,0,0.031000003,5.564,6.029,,2.07,TRUE,0,,FALSE,1724.03,1576.79,-37.90889483,145.1319939,691.1809873,691.1809873,s_m=5920.840 route_frac=1.000,,
2026-09-10T11:15:15.251,1789002915,generate_gt,FALSE,-37.9145978,145.134879,1990.339166,949.0384809,1990.339166,949.0384809,1990.3354,949.0379,1988.073,937.9145,-1272942443#3,681.903616,5920.835197,0,0.031100004,5.696,5.564,,2.06,TRUE,0,,FALSE,1724.03,1576.79,-37.90889483,145.1319939,681.903616,681.903616,s_m=5920.840 route_frac=1.000,,
2026-09-10T11:15:17.285,1789002917,generate_gt,FALSE,-37.91449064,145.1348733,1989.600134,960.919463,1989.600134,960.919463,1989.6031,960.9195,1992.15,952,-1272942443#3,670.6892085,5920.835197,0,0.037899998,5.831,5.696,,2.02,TRUE,0,,FALSE,1724.03,1576.79,-37.90889483,145.1319939,670.6892085,670.6892085,s_m=5920.840 route_frac=1.000,,
2026-09-10T11:15:19.323,1789002919,generate_gt,FALSE,-37.91439834,145.1348996,1991.707242,971.2077962,1991.707242,971.2077962,1991.7108,971.2079,1986.9757,960.4751,-1272942443#3,662.1033995,5920.835197,0,0.032200012,5.237,5.831,,2.01,TRUE,0,,FALSE,1724.03,1576.79,-37.90889483,145.1319939,662.1033995,662.1033995,s_m=5920.840 route_frac=1.000,,
2026-09-10T11:15:21.364,1789002922,generate_gt,FALSE,-37.91435757,145.1350689,2006.500023,976.0296383,2006.500023,976.0296383,2006.5027,976.0301,1990.4638,972.56,-1272942443#3,663.8541453,5920.835197,0,0.032300013,4.93,5.237,,2.01,TRUE,0,,FALSE,1724.03,1576.79,-37.90889483,145.1319939,663.8541453,663.8541453,s_m=5920.840 route_frac=1.000,,
2026-09-10T11:15:23.400,1789002924,generate_gt,FALSE,-37.91442697,145.1351963,2017.853936,968.5527473,2017.853936,968.5527473,2017.8541,968.5525,2006.3065,975.6068,-1272942443#3,675.4887569,5920.835197,0,0.031500007,6.027,4.93,,2.01,TRUE,0,,FALSE,1724.03,1576.79,-37.90889483,145.1319939,675.4887569,675.4887569,s_m=5920.840 route_frac=1.000,,
2026-09-10T11:15:25.422,1789002926,generate_gt,FALSE,-37.91446023,145.1353332,2029.962752,965.1028234,2029.962752,965.1028234,2029.9669,965.103,2017.5989,967.6614,-1272942443#3,683.9269339,5920.835197,0,0.031100004,6.168,6.027,,2.01,TRUE,0,,FALSE,1724.03,1576.79,-37.90889483,145.1319939,683.9269339,683.9269339,s_m=5920.840 route_frac=1.000,,
2026-09-10T11:15:27.451,1789002928,generate_gt,FALSE,-37.91448365,145.1354897,2043.772765,962.7792446,2043.772765,962.7792446,2043.7767,962.7789,2029.9739,964.3857,-1272942443#3,692.2749768,5920.835197,0,0.031400006,6.873,6.168,,2,TRUE,0,,FALSE,1724.03,1576.79,-37.90889483,145.1319939,692.2749768,692.2749768,s_m=5920.840 route_frac=1.000,,
2026-09-10T11:15:29.479,1789002930,generate_gt,FALSE,-37.91450614,145.1356605,2058.837827,960.5839851,2058.837827,960.5839851,2058.8421,960.5837,2042.3021,962.4008,-1272942443#3,701.288909,5920.835197,0,0.046800007,7.43,6.873,,2,TRUE,0,,FALSE,1724.03,1576.79,-37.90889483,145.1319939,701.288909,701.288909,s_m=5920.840 route_frac=1.000,,
2026-09-10T11:15:31.500,1789002932,generate_gt,FALSE,-37.91452732,145.1358309,2073.864808,958.5333589,2073.864808,958.5333589,2073.8621,958.5337,2059.9912,961.0589,-1272942443#3,710.3700918,5920.835197,0,0.035300036,7.593,7.43,,2,TRUE,0,,FALSE,1724.03,1576.79,-37.90889483,145.1319939,710.3700918,710.3700918,s_m=5920.840 route_frac=1.000,,
2026-09-10T11:15:33.529,1789002934,generate_gt,FALSE,-37.91454917,145.1360026,2089.007551,956.4106444,2089.007551,956.4106444,2089.0061,956.4108,2074.514,958.8202,-1272942443#3,719.7771583,5920.835197,0,0.046500005,7.751,7.593,,2.5,TRUE,0,,FALSE,1724.03,1576.79,-37.90889483,145.1319939,719.7771583,719.7771583,s_m=5920.840 route_frac=1.000,,
2026-09-10T11:15:35.553,1789002936,generate_gt,FALSE,-37.91457125,145.1361781,2104.484855,954.2690602,2104.484855,954.2690602,2104.4883,954.2687,2090.307,956.6327,-1272942443#3,729.5739972,5920.835197,0,0.044399989,7.664,7.751,,3.34,TRUE,0,,FALSE,1724.03,1576.79,-37.90889483,145.1319939,729.5739972,729.5739972,s_m=5920.840 route_frac=1.000,,
2026-09-10T11:15:37.570,1789002938,generate_gt,FALSE,-37.91459158,145.1363166,2116.705577,952.2565996,2116.705577,952.2565996,2116.706,952.2564,2104.2253,952.5421,-1272942443#3,737.7235774,5920.835197,0,0.035199977,6.347,0,,3.09,TRUE,0,,FALSE,1724.03,1576.79,-37.90889483,145.1319939,737.7235774,737.7235774,s_m=5920.840 route_frac=1.000,,
2026-09-10T11:15:39.610,1789002940,generate_gt,FALSE,-37.91460415,145.1364187,2125.709132,951.0412312,2125.709132,951.0412312,2125.7095,951.0417,2116.8844,952.224,-1272942443#3,743.5775994,5920.835197,0,0.034099969,4.682,6.347,,2.99,TRUE,0,,FALSE,1724.03,1576.79,-37.90889483,145.1319939,743.5775994,743.5775994,s_m=5920.840 route_frac=1.000,,
2026-09-10T11:15:41.637,1789002942,generate_gt,FALSE,-37.91460466,145.1364981,2132.690359,951.1241938,2132.690359,951.1241938,2132.6894,951.1245,2125.3264,949.5344,-1272942443#3,747.3024759,5920.835197,0,0.04080002,3.656,4.682,,3.14,TRUE,0,,FALSE,1724.03,1576.79,-37.90889483,145.1319939,747.3024759,747.3024759,s_m=5920.840 route_frac=1.000,,
2026-09-10T11:15:43.672,1789002944,generate_gt,FALSE,-37.91457701,145.1365631,2138.343205,954.3066158,2138.343205,954.3066158,2138.3438,954.3064,2133.5604,948.953,-1272942443#3,747.7573104,5920.835197,0,0.036500045,3.359,0,,3.2,TRUE,0,,FALSE,1724.03,1576.79,-37.90889483,145.1319939,747.7573104,747.7573104,s_m=5920.840 route_frac=1.000,,
2026-09-10T11:15:45.714,1789002946,generate_gt,FALSE,-37.91448689,145.1365876,2140.297092,964.3498377,2140.297092,964.3498377,2140.2992,964.3499,2137.053,954.5584,-1272942443#3,740.5141757,5920.835197,0,0.031399948,4.615,3.359,,3.25,TRUE,0,,FALSE,1724.03,1576.79,-37.90889483,145.1319939,740.5141757,740.5141757,s_m=5920.840 route_frac=1.000,,
2026-09-10T11:15:47.743,1789002948,generate_gt,FALSE,-37.91439003,145.136609,2141.96351,975.1355145,2141.96351,975.1355145,2141.9601,975.1352,2139.0132,964.6009,-1272942443#3,732.5684533,5920.835197,0,0.032500015,5.361,4.615,,3.29,TRUE,0,,FALSE,1724.03,1576.79,-37.90889483,145.1319939,732.5684533,732.5684533,s_m=5920.840 route_frac=1.000,,
2026-09-10T11:15:49.760,1789002950,generate_gt,FALSE,-37.91429204,145.136628,2143.416441,986.0423632,2143.416441,986.0423632,2143.4124,986.0427,2141.1022,975.3026,-1272942443#3,724.4775752,5920.835197,0,0.029999996,5.437,5.361,,3.37,TRUE,0,,FALSE,1724.03,1576.79,-37.90889483,145.1319939,724.4775752,724.4775752,s_m=5920.840 route_frac=1.000,,
2026-09-10T11:15:51.805,1789002952,generate_gt,FALSE,-37.91418793,145.1366518,2145.277773,997.6367526,2145.277773,997.6367526,2145.2767,997.6362,2143.3438,986.058,-1272942443#3,716.1481482,5920.835197,0,0.029699993,5.808,5.437,,3.41,TRUE,0,,FALSE,1724.03,1576.79,-37.90889483,145.1319939,716.1481482,716.1481482,s_m=5920.840 route_frac=1.000,,
2026-09-10T11:15:53.822,1789002954,generate_gt,FALSE,-37.91408497,145.1366831,2147.800996,1009.116712,2147.800996,1009.116712,2147.8052,1009.1167,2145.875,997.5074,-1272942443#3,708.4030063,5920.835197,0,0.029499992,5.865,5.808,,3.45,TRUE,0,,FALSE,1724.03,1576.79,-37.90889483,145.1319939,708.4030063,708.4030063,s_m=5920.840 route_frac=1.000,,
2026-09-10T11:15:55.846,1789002956,generate_gt,FALSE,-37.91398054,145.1367201,2150.822061,1020.769806,2150.822061,1020.769806,2150.8199,1020.7692,2148.3494,1008.9995,-1272942443#3,700.9350329,5920.835197,0,0.029399991,5.956,5.865,,3.45,TRUE,0,,FALSE,1724.03,1576.79,-37.90889483,145.1319939,700.9350329,700.9350329,s_m=5920.840 route_frac=1.000,,
2026-09-10T11:15:57.866,1789002958,generate_gt,FALSE,-37.91389341,145.1367446,2152.782618,1030.481237,2152.782618,1030.481237,2152.7823,1030.4818,2150.8807,1020.7561,-1272942443#3,694.4653136,5920.835197,0,0.033900025,4.945,5.956,,3.54,TRUE,0,,FALSE,1724.03,1576.79,-37.90889483,145.1319939,694.4653136,694.4653136,s_m=5920.840 route_frac=1.000,,
2026-09-10T11:15:59.906,1789002960,generate_gt,FALSE,-37.91382166,145.1367683,2154.706966,1038.484621,2154.706966,1038.484621,2154.7099,1038.4843,2152.9688,1030.4414,-1272942443#3,689.3876485,5920.835197,0,0.030299998,4.217,4.945,,3.54,TRUE,0,,FALSE,1724.03,1576.79,-37.90889483,145.1319939,689.3876485,689.3876485,s_m=5920.840 route_frac=1.000,,
2026-09-10T11:16:01.940,1789002962,generate_gt,FALSE,-37.9137548,145.1368011,2157.44216,1045.961377,2157.44216,1045.961377,2157.4425,1045.9611,2154.6299,1039.001,-1272942443#3,685.2920013,5920.835197,0,0.030199997,3.937,4.217,,3.58,TRUE,0,,FALSE,1724.03,1576.79,-37.90889483,145.1319939,685.2920013,685.2920013,s_m=5920.840 route_frac=1.000,,
2026-09-10T11:16:03.966,1789002964,generate_gt,FALSE,-37.91369294,145.1368236,2159.28296,1052.865208,2159.28296,1052.865208,2159.2786,1052.8652,2159.4859,1044.5193,-1272942443#3,681.1331198,5920.835197,0,0.031700009,3.693,3.937,,3.61,TRUE,0,,FALSE,1724.03,1576.79,-37.90889483,145.1319939,681.1331198,681.1331198,s_m=5920.840 route_frac=1.000,,
2026-09-10T11:16:05.990,1789002966,generate_gt,FALSE,-37.91363359,145.1368179,2158.650221,1059.440961,2158.650221,1059.440961,2158.6473,1059.4411,2159.6325,1052.9407,-1272942443#3,675.6809635,5920.835197,0,0.029400049,3.404,3.693,,3.62,TRUE,0,,FALSE,1724.03,1576.79,-37.90889483,145.1319939,675.6809635,675.6809635,s_m=5920.840 route_frac=1.000,,
2026-09-10T11:16:08.006,1789002968,generate_gt,FALSE,-37.91354374,145.1368144,2158.143236,1069.405012,2158.143236,1069.405012,2158.1433,1069.4047,2158.2634,1059.3592,-1272942443#3,667.7528198,5920.835197,0,0.028999988,4.784,3.404,,3.73,TRUE,0,,FALSE,1724.03,1576.79,-37.90889483,145.1319939,667.7528198,667.7528198,s_m=5920.840 route_frac=1.000,,
2026-09-10T11:16:10.051,1789002970,generate_gt,FALSE,-37.91344806,145.1368268,2159.021119,1080.043928,2159.021119,1080.043928,2159.025,1080.0441,2156.2347,1069.5765,-1272942443#3,660.2832225,5920.835197,0,0.032600015,5.108,4.784,,3.75,TRUE,0,,FALSE,1724.03,1576.79,-37.90889483,145.1319939,660.2832225,660.2832225,s_m=5920.840 route_frac=1.000,,
2026-09-10T11:16:12.082,1789002972,generate_gt,FALSE,-37.91335199,145.1368339,2159.432206,1090.716807,2159.432206,1090.716807,2159.4317,1090.7172,2157.1914,1080.2091,-1272942443#3,652.5658822,5920.835197,0,0.03190001,5.276,5.108,,4.09,TRUE,0,,FALSE,1724.03,1576.79,-37.90889483,145.1319939,652.5658822,652.5658822,s_m=5920.840 route_frac=1.000,,
2026-09-10T11:16:14.124,1789002974,generate_gt,FALSE,-37.91327157,145.1368482,2160.510975,1099.665736,2160.510975,1099.665736,2160.5118,1099.666,2158.1474,1090.8327,-1272942443#3,646.655399,5920.835197,0,0.034699973,4.463,5.276,,4.2,TRUE,0,,FALSE,1724.03,1576.79,-37.90889483,145.1319939,646.655399,646.655399,s_m=5920.840 route_frac=1.000,,
2026-09-10T11:16:16.157,1789002976,generate_gt,FALSE,-37.91321777,145.1368524,2160.760877,1105.64303,2160.760877,1105.64303,2160.7597,1105.6431,2159.0193,1099.9693,-1272942443#3,642.4276817,5920.835197,0,0.033000018,3.075,4.463,,4.35,TRUE,0,,FALSE,1724.03,1576.79,-37.90889483,145.1319939,642.4276817,642.4276817,s_m=5920.840 route_frac=1.000,,
2026-09-10T11:16:18.191,1789002978,generate_gt,FALSE,-37.91318598,145.1368825,2163.336524,1109.223498,2163.336524,1109.223498,2163.3337,1109.2237,2160.1958,1105.7577,-1272942443#3,641.5673437,5920.835197,0,0.029699993,2.348,3.075,,4.35,TRUE,0,,FALSE,1724.03,1576.79,-37.90889483,145.1319939,641.5673437,641.5673437,s_m=5920.840 route_frac=1.000,,
2026-09-10T11:16:20.233,1789002980,generate_gt,FALSE,-37.91317428,145.1369326,2167.714977,1110.609822,2167.714977,1110.609822,2167.717,1110.6099,2160.9969,1109.6987,-1272942443#3,643.5684249,5920.835197,0,0.029499992,2.138,2.348,,4.49,TRUE,0,,FALSE,1724.03,1576.79,-37.90889483,145.1319939,643.5684249,643.5684249,s_m=5920.840 route_frac=1.000,,
2026-09-10T11:16:22.267,1789002982,generate_gt,FALSE,-37.91310894,145.1369546,2169.50413,1117.898928,2169.50413,1117.898928,2169.503,1117.8984,2167.4527,1110.6879,-1272942443#3,639.5531379,5920.835197,0,0.03580004,3.474,2.138,,4.46,TRUE,0,,FALSE,1724.03,1576.79,-37.90889483,145.1319939,639.5531379,639.5531379,s_m=5920.840 route_frac=1.000,,
2026-09-10T11:16:24.307,1789002984,generate_gt,FALSE,-37.91302047,145.1369802,2171.558472,1127.760978,2171.558472,1127.760978,2171.5594,1127.7615,2167.659,1118.4433,-1272942443#3,633.9627714,5920.835197,0,0.033699966,4.732,3.474,,4.59,TRUE,0,,FALSE,1724.03,1576.79,-37.90889483,145.1319939,633.9627714,633.9627714,s_m=5920.840 route_frac=1.000,,
2026-09-10T11:16:26.331,1789002987,generate_gt,FALSE,-37.91288549,145.1370614,2178.397608,1142.881698,2178.397608,1142.881698,2178.3952,1142.8814,2170.5047,1128.0732,-1272942443#3,628.2725027,5920.835197,0,0.050599978,5.583,4.732,,4.75,TRUE,0,,FALSE,1724.03,1576.79,-37.90889483,145.1319939,628.2725027,628.2725027,s_m=5920.840 route_frac=1.000,,
2026-09-10T11:16:28.357,1789002989,generate_gt,FALSE,-37.91278966,145.1371276,2184.004902,1153.63178,2184.004902,1153.63178,2184.002,1153.6313,2179.6928,1142.1467,-1272942443#3,625.0118314,5920.835197,0,0.034499972,5.994,5.583,,4.77,TRUE,0,,FALSE,1724.03,1576.79,-37.90889483,145.1319939,625.0118314,625.0118314,s_m=5920.840 route_frac=1.000,,
2026-09-10T11:16:30.389,1789002991,generate_gt,FALSE,-37.91267671,145.1371537,2186.048942,1166.211125,2186.048942,1166.211125,2186.0507,1166.2107,2185.5341,1153.6442,-1272942443#3,618.0910251,5920.835197,0,0.033900025,6.279,5.994,,4.72,TRUE,0,,FALSE,1724.03,1576.79,-37.90889483,145.1319939,618.0910251,618.0910251,s_m=5920.840 route_frac=1.000,,
2026-09-10T11:16:32.411,1789002993,generate_gt,FALSE,-37.91256429,145.1371832,2188.39307,1178.737631,2188.39307,1178.737631,2188.3929,1178.7373,2185.4282,1166.2055,-1272942443#3,611.6197744,5920.835197,0,0.031500007,6.314,6.279,,4.52,TRUE,0,,FALSE,1724.03,1576.79,-37.90889483,145.1319939,611.6197744,611.6197744,s_m=5920.840 route_frac=1.000,,
2026-09-10T11:16:34.443,1789002995,generate_gt,FALSE,-37.91246505,145.1372386,2193.043381,1189.847121,2193.043381,1189.847121,2193.0445,1189.847,2187.8958,1178.89,-1272942443#3,608.0282419,5920.835197,0,0.030499999,5.909,6.314,,4.77,TRUE,0,,FALSE,1724.03,1576.79,-37.90889483,145.1319939,608.0282419,608.0282419,s_m=5920.840 route_frac=1.000,,
2026-09-10T11:16:36.464,1789002997,generate_gt,FALSE,-37.91236246,145.1372839,2196.798355,1201.310597,2196.798355,1201.310597,2196.7956,1201.3111,2192.3762,1190.1893,-1272942443#3,603.733964,5920.835197,0,0.029100047,5.944,5.909,,4.9,TRUE,0,,FALSE,1724.03,1576.79,-37.90889483,145.1319939,603.733964,603.733964,s_m=5920.840 route_frac=1.000,,
2026-09-10T11:16:38.491,1789002999,generate_gt,FALSE,-37.91226741,145.1373101,2198.890915,1211.903841,2198.890915,1211.903841,2198.8932,1211.9043,2197.7147,1200.9473,-1272942443#3,598.8612508,5920.835197,0,0.029399991,5.206,5.944,,5.03,TRUE,0,,FALSE,1724.03,1576.79,-37.90889483,145.1319939,598.8612508,598.8612508,s_m=5920.840 route_frac=1.000,,
2026-09-10T11:16:40.535,1789003001,generate_gt,FALSE,-37.91219603,145.1373472,2201.994223,1219.889692,2201.994223,1219.889692,2201.9921,1219.8891,2197.0684,1211.3374,-1272942443#3,596.5128899,5920.835197,0,0.02929999,4.558,5.206,,4.86,TRUE,0,,FALSE,1724.03,1576.79,-37.90889483,145.1319939,596.5128899,596.5128899,s_m=5920.840 route_frac=1.000,,
2026-09-10T11:16:42.575,1789003003,generate_gt,FALSE,-37.91210553,145.1373952,2206.013399,1230.016339,2206.013399,1230.016339,2206.0158,1230.0166,2204.548,1218.9232,-1272942443#3,593.7676047,5920.835197,0,0.029300048,5.314,4.558,,4.79,TRUE,0,,FALSE,1724.03,1576.79,-37.90889483,145.1319939,593.7676047,593.7676047,s_m=5920.840 route_frac=1.000,,
2026-09-10T11:16:44.603,1789003005,generate_gt,FALSE,-37.91200724,145.1374324,2209.065847,1240.988429,2209.065847,1240.988429,2209.063,1240.9886,2207.8805,1229.4329,-1272942443#3,589.9342908,5920.835197,0,0.029599993,5.572,5.314,,4.7,TRUE,0,,FALSE,1724.03,1576.79,-37.90889483,145.1319939,589.9342908,589.9342908,s_m=5920.840 route_frac=1.000,,
2026-09-10T11:16:46.635,1789003007,generate_gt,FALSE,-37.91190733,145.1374746,2212.55428,1252.149064,2212.55428,1252.149064,2212.5573,1252.1493,2211.28,1240.2948,-1272942443#3,586.555803,5920.835197,0,0.02929999,5.633,5.572,,4.7,TRUE,0,,FALSE,1724.03,1576.79,-37.90889483,145.1319939,586.555803,586.555803,s_m=5920.840 route_frac=1.000,,
2026-09-10T11:16:48.671,1789003009,generate_gt,FALSE,-37.91181329,145.1375196,2216.301898,1262.66325,2216.301898,1262.66325,2216.3053,1262.6631,2214.7496,1251.5482,-1272942443#3,583.9582487,5920.835197,0,0.029999996,5.467,5.633,,4.67,TRUE,0,,FALSE,1724.03,1576.79,-37.90889483,145.1319939,583.9582487,583.9582487,s_m=5920.840 route_frac=1.000,,
2026-09-10T11:16:50.705,1789003011,generate_gt,FALSE,-37.91172515,145.1375549,2219.209841,1272.505704,2219.209841,1272.505704,2219.2088,1272.5054,2217.6924,1262.2828,-1272942443#3,581.1987684,5920.835197,0,0.031100004,5.136,5.467,,4.67,TRUE,0,,FALSE,1724.03,1576.79,-37.90889483,145.1319939,581.1987684,581.1987684,s_m=5920.840 route_frac=1.000,,
2026-09-10T11:16:52.738,1789003013,generate_gt,FALSE,-37.91162825,145.1375834,2221.500556,1283.308264,2221.500556,1283.308264,2221.5009,1283.3085,2220.036,1272.3347,-1272942443#3,577.5885069,5920.835197,0,0.029399991,5.331,5.136,,4.74,TRUE,0,,FALSE,1724.03,1576.79,-37.90889483,145.1319939,577.5885069,577.5885069,s_m=5920.840 route_frac=1.000,,
2026-09-10T11:16:54.770,1789003015,generate_gt,FALSE,-37.91154249,145.1375905,2221.934612,1292.837085,2221.934612,1292.837085,2221.9317,1292.837,2222.2685,1283.15,-1272942443#3,573.1825713,5920.835197,0,0.0306,4.682,5.331,,4.74,TRUE,0,,FALSE,1724.03,1576.79,-37.90889483,145.1319939,573.1825713,573.1825713,s_m=5920.840 route_frac=1.000,,
2026-09-10T11:16:56.812,1789003017,generate_gt,FALSE,-37.91149004,145.1375889,2221.677665,1298.654384,2221.677665,1298.654384,2221.6746,1298.6538,2223.3746,1292.6773,-1272942443#3,570.0987802,5920.835197,0,0.029699993,2.963,4.682,,4.74,TRUE,0,,FALSE,1724.03,1576.79,-37.90889483,145.1319939,570.0987802,570.0987802,s_m=5920.840 route_frac=1.000,,
2026-09-10T11:16:58.855,1789003019,generate_gt,FALSE,-37.91150626,145.1376367,2225.915925,1296.938493,2225.915925,1296.938493,2225.92,1296.9389,2224.0074,1298.3956,-1272942443#3,574.635839,5920.835197,0,0.029899995,1.549,2.963,,4.65,TRUE,0,,FALSE,1724.03,1576.79,-37.90889483,145.1319939,574.635839,574.635839,s_m=5920.840 route_frac=1.000,,
2026-09-10T11:17:00.889,1789003021,generate_gt,FALSE,-37.9115712,145.1376237,2224.917012,1289.709598,2224.917012,1289.709598,2224.9166,1289.7091,2225.8558,1296.946,-1272942443#3,577.3239613,5920.835197,0,0.030800002,3.066,1.549,,4.55,TRUE,0,,FALSE,1724.03,1576.79,-37.90889483,145.1319939,577.3239613,577.3239613,s_m=5920.840 route_frac=1.000,,
2026-09-10T11:17:02.930,1789003023,generate_gt,FALSE,-37.91165176,145.1375922,2222.326322,1280.714936,2222.326322,1280.714936,2222.3283,1280.7147,2225.0567,1289.6936,-1272942443#3,579.6202795,5920.835197,0,0.031000003,4.381,3.066,,4.72,TRUE,0,,FALSE,1724.03,1576.79,-37.90889483,145.1319939,579.6202795,579.6202795,s_m=5920.840 route_frac=1.000,,
2026-09-10T11:17:04.963,1789003025,generate_gt,FALSE,-37.91174897,145.1375519,2218.998911,1269.85725,2218.998911,1269.85725,2218.9989,1269.8572,2223.7493,1280.4204,-1272942443#3,582.4104531,5920.835197,0,0.029399991,5.462,4.381,,4.65,TRUE,0,,FALSE,1724.03,1576.79,-37.90889483,145.1319939,582.4104531,582.4104531,s_m=5920.840 route_frac=1.000,,
2026-09-10T11:17:07.006,1789003027,generate_gt,FALSE,-37.91185228,145.1375127,2215.781739,1258.324608,2215.781739,1258.324608,2215.7792,1258.3248,2221.4568,1269.3483,-1272942443#3,585.8668609,5920.835197,0,0.029699993,5.891,5.462,,4.56,TRUE,0,,FALSE,1724.03,1576.79,-37.90889483,145.1319939,585.8668609,585.8668609,s_m=5920.840 route_frac=1.000,,
2026-09-10T11:17:09.046,1789003029,generate_gt,FALSE,-37.91191202,145.1372751,2195.025889,1251.278175,2195.025889,1251.278175,2195.0292,1251.278,2218.475,1257.587,-1272942443#3,572.5339084,5920.835197,0,0.029899995,6.107,5.891,,19.14,TRUE,0,,FALSE,1724.03,1576.79,-37.90889483,145.1319939,572.5339084,572.5339084,s_m=5920.840 route_frac=1.000,,
2026-09-10T11:17:11.089,1789003031,generate_gt,FALSE,-37.91200571,145.1372398,2192.130291,1240.819856,2192.130291,1240.819856,2192.1289,1240.8194,2203.5745,1248.3996,-1272942443#3,576.1890488,5920.835197,0,0.029399991,5.485,6.107,,19.96,TRUE,0,,FALSE,1724.03,1576.79,-37.90889483,145.1319939,576.1890488,576.1890488,s_m=5920.840 route_frac=1.000,,
2026-09-10T11:17:13.117,1789003033,generate_gt,FALSE,-37.9120798,145.1372121,2189.85938,1232.549801,2189.85938,1232.549801,2189.8565,1232.5493,2200.5485,1238.7232,-1272942443#3,579.2221732,5920.835197,0,0.029499992,4.379,5.485,,20.18,TRUE,0,,FALSE,1724.03,1576.79,-37.90889483,145.1319939,579.2221732,579.2221732,s_m=5920.840 route_frac=1.000,,
2026-09-10T11:17:15.146,1789003035,generate_gt,FALSE,-37.91213974,145.1371905,2188.093367,1225.860615,2188.093367,1225.860615,2188.0957,1225.8603,2199.1184,1231.5218,-1272942443#3,581.812893,5920.835197,0,0.029799994,3.668,4.379,,19.72,TRUE,0,,FALSE,1724.03,1576.79,-37.90889483,145.1319939,581.812893,581.812893,s_m=5920.840 route_frac=1.000,,
2026-09-10T11:17:17.171,1789003037,generate_gt,FALSE,-37.91222878,145.1373532,2202.594322,1216.266131,2202.594322,1216.266131,2202.5915,1216.2662,2198.364,1224.7212,-1272942443#3,599.1671466,5920.835197,0,0.031100004,3.074,3.668,,4.38,TRUE,0,,FALSE,1724.03,1576.79,-37.90889483,145.1319939,599.1671466,599.1671466,s_m=5920.840 route_frac=1.000,,
2026-09-10T11:17:19.208,1789003039,generate_gt,FALSE,-37.91224496,145.1372873,2196.83671,1214.354948,2196.83671,1214.354948,2196.8373,1214.3553,2203.4249,1215.9512,-1272942443#3,595.7393318,5920.835197,0,0.029300048,2.705,3.074,,4.36,TRUE,0,,FALSE,1724.03,1576.79,-37.90889483,145.1319939,595.7393318,595.7393318,s_m=5920.840 route_frac=1.000,,
2026-09-10T11:17:21.239,1789003041,generate_gt,FALSE,-37.91219077,145.1372777,2195.872578,1220.351272,2195.872578,1220.351272,2195.8711,1220.3517,2196.3219,1214.3341,-1272942443#3,591.3408367,5920.835197,0,0.030099996,2.262,2.705,,4.35,TRUE,0,,FALSE,1724.03,1576.79,-37.90889483,145.1319939,591.3408367,591.3408367,s_m=5920.840 route_frac=1.000,,
2026-09-10T11:17:23.277,1789003043,generate_gt,FALSE,-37.91212226,145.1372792,2195.852531,1227.956114,2195.852531,1227.956114,2195.8553,1227.9561,2196.0742,1220.3601,-1272942443#3,586.7721709,5920.835197,0,0.033499964,3.393,2.262,,4.36,TRUE,0,,FALSE,1724.03,1576.79,-37.90889483,145.1319939,586.7721709,586.7721709,s_m=5920.840 route_frac=1.000,,
2026-09-10T11:17:25.314,1789003045,generate_gt,FALSE,-37.91204765,145.1372977,2197.313488,1236.267707,2197.313488,1236.267707,2197.3169,1236.2682,2196.6995,1227.8634,-1272942443#3,583.054622,5920.835197,0,0.032200012,4.206,3.393,,4.29,TRUE,0,,FALSE,1724.03,1576.79,-37.90889483,145.1319939,583.054622,583.054622,s_m=5920.840 route_frac=1.000,,
2026-09-10T11:17:27.357,1789003048,generate_gt,FALSE,-37.91193202,145.1373443,2201.153867,1249.180445,2201.153867,1249.180445,2201.1502,1249.1807,2197.8375,1236.1379,-1272942443#3,578.7704251,5920.835197,0,0.031400006,4.462,4.206,,4.28,TRUE,0,,FALSE,1724.03,1576.79,-37.90889483,145.1319939,578.7704251,578.7704251,s_m=5920.840 route_frac=1.000,,
2026-09-10T11:17:29.402,1789003050,generate_gt,FALSE,-37.91185142,145.1373794,2204.060922,1258.185878,2204.060922,1258.185878,2204.0645,1258.1859,2201.6613,1249.0093,-1272942443#3,576.1408449,5920.835197,0,0.030900002,4.64,4.462,,4.23,TRUE,0,,FALSE,1724.03,1576.79,-37.90889483,145.1319939,576.1408449,576.1408449,s_m=5920.840 route_frac=1.000,,
2026-09-10T11:17:31.429,1789003052,generate_gt,FALSE,-37.91178394,145.1373937,2205.168467,1265.698911,2205.168467,1265.698911,2205.166,1265.6989,2204.3777,1258.0966,-1272942443#3,572.9501637,5920.835197,0,0.032200012,3.926,4.64,,4.19,TRUE,0,,FALSE,1724.03,1576.79,-37.90889483,145.1319939,572.9501637,572.9501637,s_m=5920.840 route_frac=1.000,,
2026-09-10T11:17:33.462,1789003054,generate_gt,FALSE,-37.91171998,145.1373915,2204.833238,1272.792362,2204.833238,1272.792362,2204.8369,1272.7926,2206.4427,1265.3346,-1272942443#3,568.8464801,5920.835197,0,0.030099996,3.593,3.926,,4.26,TRUE,0,,FALSE,1724.03,1576.79,-37.90889483,145.1319939,568.8464801,568.8464801,s_m=5920.840 route_frac=1.000,,
2026-09-10T11:17:35.492,1789003056,generate_gt,FALSE,-37.91163337,145.1374264,2207.709399,1282.46434,2207.709399,1282.46434,2207.7133,1282.4643,2208.2895,1271.8076,-1272942443#3,566.1919775,5920.835197,0,0.029399991,4.789,3.593,,4.32,TRUE,0,,FALSE,1724.03,1576.79,-37.90889483,145.1319939,566.1919775,566.1919775,s_m=5920.840 route_frac=1.000,,
2026-09-10T11:17:37.507,1789003058,generate_gt,FALSE,-37.91154641,145.1374474,2209.362785,1292.150738,2209.362785,1292.150738,2209.3619,1292.151,2211.0576,1281.5102,-1272942443#3,562.6432458,5920.835197,0,0.031300006,4.687,4.789,,4.55,TRUE,0,,FALSE,1724.03,1576.79,-37.90889483,145.1319939,562.6432458,562.6432458,s_m=5920.840 route_frac=1.000,,
2026-09-10T11:17:39.548,1789003060,generate_gt,FALSE,-37.91148798,145.1374263,2207.378243,1298.597352,2207.378243,1298.597352,2207.3809,1298.597,2213.7373,1290.9027,-1272942443#3,557.6886886,5920.835197,0,0.029799994,3.301,4.687,,4.64,TRUE,0,,FALSE,1724.03,1576.79,-37.90889483,145.1319939,557.6886886,557.6886886,s_m=5920.840 route_frac=1.000,,
2026-09-10T11:17:41.589,1789003062,generate_gt,FALSE,-37.91146413,145.1374074,2205.663782,1301.210664,2205.663782,1301.210664,2205.6652,1301.2104,2211.4275,1300.2194,-1272942443#3,554.9009556,5920.835197,0,0.029399991,1.709,3.301,,4.63,TRUE,0,,FALSE,1724.03,1576.79,-37.90889483,145.1319939,554.9009556,554.9009556,s_m=5920.840 route_frac=1.000,,
2026-09-10T11:17:43.603,1789003064,generate_gt,FALSE,-37.9114291,145.1373708,2202.368448,1305.03347,2202.368448,1305.03347,2202.3664,1305.0331,2207.9905,1304.0055,-1272942443#3,550.1447832,5920.835197,0,0.029099989,2.45,1.709,,4.69,TRUE,0,,FALSE,1724.03,1576.79,-37.90889483,145.1319939,550.1447832,550.1447832,s_m=5920.840 route_frac=1.000,,
2026-09-10T11:17:45.619,1789003066,generate_gt,FALSE,-37.91140398,145.137327,2198.462101,1307.743964,2198.462101,1307.743964,2198.4585,1307.7444,2206.11,1305.57,-1272942443#3,545.4095603,5920.835197,0,0.030399999,2.482,2.45,,4.65,TRUE,0,,FALSE,1724.03,1576.79,-37.90889483,145.1319939,545.4095603,545.4095603,s_m=5920.840 route_frac=1.000,,
2026-09-10T11:17:47.650,1789003068,generate_gt,FALSE,-37.91138663,145.1372871,2194.915847,1309.59911,2194.915847,1309.59911,2194.9182,1309.5987,2198.282,1307.827,-1272942443#3,541.4096905,5920.835197,0,0.029399991,2.011,2.482,,4.51,TRUE,0,,FALSE,1724.03,1576.79,-37.90889483,145.1319939,541.4096905,541.4096905,s_m=5920.840 route_frac=1.000,,
2026-09-10T11:17:49.696,1789003070,generate_gt,FALSE,-37.91137892,145.137258,2192.340443,1310.403527,2192.340443,1310.403527,2192.341,1310.4035,2193.942,1306.1785,-1272942443#3,538.7730732,5920.835197,0,0.030499999,1.503,2.011,,4.46,TRUE,0,,FALSE,1724.03,1576.79,-37.90889483,145.1319939,538.7730732,538.7730732,s_m=5920.840 route_frac=1.000,,
2026-09-10T11:17:51.715,1789003072,generate_gt,FALSE,-37.91136964,145.1372331,2190.130797,1311.389536,2190.130797,1311.389536,2190.1323,1311.3895,2191.3465,1306.9193,-1272942443#3,536.3649499,5920.835197,0,0.029499992,1.207,1.503,,4.52,TRUE,0,,FALSE,1724.03,1576.79,-37.90889483,145.1319939,536.3649499,536.3649499,s_m=5920.840 route_frac=1.000,,
2026-09-10T11:17:53.744,1789003074,generate_gt,FALSE,-37.91136763,145.1372118,2188.253764,1311.575155,2188.253764,1311.575155,2188.2508,1311.5751,2189.044,1307.5765,-1272942443#3,534.6425134,5920.835197,0,0.029399991,1.076,1.207,,4.45,TRUE,0,,FALSE,1724.03,1576.79,-37.90889483,145.1319939,534.6425134,534.6425134,s_m=5920.840 route_frac=1.000,,
2026-09-10T11:17:55.789,1789003076,generate_gt,FALSE,-37.91137058,145.1371625,2183.926127,1311.161194,2183.926127,1311.161194,2183.9228,1311.1607,2187.2553,1308.0871,-1272942443#3,531.0961398,5920.835197,0,0.030399999,2.259,1.076,,4.39,TRUE,0,,FALSE,1724.03,1576.79,-37.90889483,145.1319939,531.0961398,531.0961398,s_m=5920.840 route_frac=1.000,,
2026-09-10T11:17:57.825,1789003078,generate_gt,FALSE,-37.91134464,145.1370774,2176.387087,1313.890108,2176.387087,1313.890108,2176.3888,1313.8903,2183.3627,1309.1981,-1272942443#3,523.2048235,5920.835197,0,0.029399991,4.036,2.259,,4.29,TRUE,0,,FALSE,1724.03,1576.79,-37.90889483,145.1319939,523.2048235,523.2048235,s_m=5920.840 route_frac=1.000,,
2026-09-10T11:17:59.868,1789003080,generate_gt,FALSE,-37.91132451,145.1369763,2167.454296,1315.946196,2167.454296,1315.946196,2167.4509,1315.9467,2176.8052,1313.5117,-1272942443#3,514.4556313,5920.835197,0,0.029700052,4.673,4.036,,4.2,TRUE,0,,FALSE,1724.03,1576.79,-37.90889483,145.1319939,514.4556313,514.4556313,s_m=5920.840 route_frac=1.000,,
2026-09-10T11:18:01.902,1789003082,generate_gt,FALSE,-37.91130627,145.1368718,2158.226783,1317.786577,2158.226783,1317.786577,2158.2283,1317.7862,2167.7124,1316.8964,-1272942443#3,505.5785003,5920.835197,0,0.033299963,4.657,4.673,,4.14,TRUE,0,,FALSE,1724.03,1576.79,-37.90889483,145.1319939,505.5785003,505.5785003,s_m=5920.840 route_frac=1.000,,
2026-09-10T11:18:03.920,1789003084,generate_gt,FALSE,-37.91128798,145.1367755,2149.720053,1319.646905,2149.720053,1319.646905,2149.7191,1319.6472,2157.8189,1316.2962,-1272942443#3,497.3274506,5920.835197,0,0.031300006,4.401,4.657,,4.07,TRUE,0,,FALSE,1724.03,1576.79,-37.90889483,145.1319939,497.3274506,497.3274506,s_m=5920.840 route_frac=1.000,,
2026-09-10T11:18:05.951,1789003086,generate_gt,FALSE,-37.91127395,145.1366921,2142.356866,1321.057183,2142.356866,1321.057183,2142.357,1321.0569,2149.4315,1318.6005,-1272942443#3,490.3026005,5920.835197,0,0.029699993,3.742,4.401,,4.08,TRUE,0,,FALSE,1724.03,1576.79,-37.90889483,145.1319939,490.3026005,490.3026005,s_m=5920.840 route_frac=1.000,,
2026-09-10T11:18:07.992,1789003088,generate_gt,FALSE,-37.91126575,145.1366279,2136.694566,1321.854272,2136.694566,1321.854272,2136.6952,1321.854,2142.1589,1319.8151,-1272942443#3,485.0610983,5920.835197,0,0.029599993,2.991,3.742,,4.09,TRUE,0,,FALSE,1724.03,1576.79,-37.90889483,145.1319939,485.0610983,485.0610983,s_m=5920.840 route_frac=1.000,,
2026-09-10T11:18:10.030,1789003090,generate_gt,FALSE,-37.91123796,145.1365648,2131.085515,1324.827093,2131.085515,1324.827093,2131.0834,1324.8265,2136.5249,1320.6503,-1272942443#3,478.7269561,5920.835197,0,0.029100047,3.283,2.991,,4.09,TRUE,0,,FALSE,1724.03,1576.79,-37.90889483,145.1319939,478.7269561,478.7269561,s_m=5920.840 route_frac=1.000,,
2026-09-10T11:18:12.052,1789003092,generate_gt,FALSE,-37.91115708,145.1365258,2127.477431,1333.733393,2127.477431,1333.733393,2127.4801,1333.7334,2131.2306,1324.8053,-1272942443#3,471.0056729,5920.835197,0,0.028899987,4.503,3.283,,4.07,TRUE,0,,FALSE,1724.03,1576.79,-37.90889483,145.1319939,471.0056729,471.0056729,s_m=5920.840 route_frac=1.000,,
2026-09-10T11:18:14.085,1789003094,generate_gt,FALSE,-37.91104511,145.1365386,2128.354358,1346.18063,2128.354358,1346.18063,2128.3517,1346.1806,2127.0424,1333.7963,-1272942443#3,465.466291,5920.835197,0,0.029999996,5.813,4.503,,4.08,TRUE,0,,FALSE,1724.03,1576.79,-37.90889483,145.1319939,465.466291,465.466291,s_m=5920.840 route_frac=1.000,,
2026-09-10T11:18:16.106,1789003096,generate_gt,FALSE,-37.91093089,145.1365584,2129.841702,1358.88984,2129.841702,1358.88984,2129.8449,1358.8904,2128.812,1346.1144,-1272942443#3,460.6122202,5920.835197,0,0.029799994,6.357,5.813,,4.09,TRUE,0,,FALSE,1724.03,1576.79,-37.90889483,145.1319939,460.6122202,460.6122202,s_m=5920.840 route_frac=1.000,,
2026-09-10T11:18:18.141,1789003098,generate_gt,FALSE,-37.91081669,145.1365835,2131.795047,1371.606145,2131.795047,1371.606145,2131.7986,1371.6057,2130.6312,1358.7775,-1272942443#3,456.4786389,5920.835197,0,0.02929999,6.412,6.357,,4,TRUE,0,,FALSE,1724.03,1576.79,-37.90889483,145.1319939,456.4786389,456.4786389,s_m=5920.840 route_frac=1.000,,
2026-09-10T11:18:20.184,1789003100,generate_gt,FALSE,-37.9107039,145.1366066,2133.575696,1384.162473,2133.575696,1384.162473,2133.5728,1384.1629,2132.4604,1371.5106,-1272942443#3,452.5848441,5920.835197,0,0.029799994,6.279,6.412,,3.93,TRUE,0,,FALSE,1724.03,1576.79,-37.90889483,145.1319939,452.5848441,452.5848441,s_m=5920.840 route_frac=1.000,,
2026-09-10T11:18:22.226,1789003102,generate_gt,FALSE,-37.91059412,145.1366231,2134.782787,1396.373197,2134.782787,1396.373197,2134.7869,1396.3729,2134.2653,1384.0633,-1272942443#3,448.6291063,5920.835197,0,0.028699986,6.209,6.279,,4.01,TRUE,0,,FALSE,1724.03,1576.79,-37.90889483,145.1319939,448.6291063,448.6291063,s_m=5920.840 route_frac=1.000,,
2026-09-10T11:18:24.250,1789003104,generate_gt,FALSE,-37.91049437,145.1366436,2136.363793,1407.477973,2136.363793,1407.477973,2136.3599,1407.4778,2136.0101,1396.197,-1272942443#3,445.7417635,5920.835197,0,0.0306,5.598,6.209,,4.11,TRUE,0,,FALSE,1724.03,1576.79,-37.90889483,145.1319939,445.7417635,445.7417635,s_m=5920.840 route_frac=1.000,,
2026-09-10T11:18:26.283,1789003106,generate_gt,FALSE,-37.91041622,145.1366944,2140.656556,1416.239153,2140.656556,1416.239153,2140.6561,1416.2395,2137.6184,1407.294,-1272942443#3,446.4910541,5920.835197,0,0.030199997,4.905,5.598,,4.12,TRUE,0,,FALSE,1724.03,1576.79,-37.90889483,145.1319939,446.4910541,446.4910541,s_m=5920.840 route_frac=1.000,,
2026-09-10T11:18:28.329,1789003108,generate_gt,FALSE,-37.91039415,145.1368098,2150.753057,1418.890938,2150.753057,1418.890938,2150.7514,1418.8907,2140.3501,1416.5415,-1272942443#3,454.9996502,5920.835197,0,0.117100019,4.968,4.905,,4.05,TRUE,0,,FALSE,1724.03,1576.79,-37.90889483,145.1319939,454.9996502,454.9996502,s_m=5920.840 route_frac=1.000,,
2026-09-10T11:18:30.359,1789003111,generate_gt,FALSE,-37.9103919,145.1370249,2169.658702,1419.518565,2169.658702,1419.518565,2169.6619,1419.5186,2150.6417,1417.765,-1272942443#3,472.5666558,5920.835197,0,0.061700004,6.228,0,,4,TRUE,0,,FALSE,1724.03,1576.79,-37.90889483,145.1319939,472.5666558,472.5666558,s_m=5920.840 route_frac=1.000,,
2026-09-10T11:18:32.397,1789003113,generate_gt,FALSE,-37.91037309,145.1371811,2183.349399,1421.880248,2183.349399,1421.880248,2183.3518,1421.8803,2169.8004,1419.0449,-1272942443#3,484.738426,5920.835197,0,0.055799959,6.782,6.228,,4.1,TRUE,0,,FALSE,1724.03,1576.79,-37.90889483,145.1319939,484.738426,484.738426,s_m=5920.840 route_frac=1.000,,
2026-09-10T11:18:34.434,1789003115,generate_gt,FALSE,-37.91038367,145.1373464,2197.905301,1420.996637,2197.905301,1420.996637,2197.9029,1420.9968,2183.3423,1421.6277,-1272942443#3,498.8279994,5920.835197,0,0.036099984,7.2,6.782,,4.19,TRUE,0,,FALSE,1724.03,1576.79,-37.90889483,145.1319939,498.8279994,498.8279994,s_m=5920.840 route_frac=1.000,,
2026-09-10T11:18:36.474,1789003117,generate_gt,FALSE,-37.9103979,145.1374948,2210.983519,1419.678293,2210.983519,1419.678293,2210.987,1419.6789,2197.8429,1420.496,-1272942443#3,511.6715918,5920.835197,0,0.033000018,6.544,7.2,,4.26,TRUE,0,,FALSE,1724.03,1576.79,-37.90889483,145.1319939,511.6715918,511.6715918,s_m=5920.840 route_frac=1.000,,
2026-09-10T11:18:38.501,1789003119,generate_gt,FALSE,-37.91040063,145.1376218,2222.154844,1419.598436,2222.154844,1419.598436,2222.1518,1419.5988,2210.894,1418.9248,-1272942443#3,522.3385375,5920.835197,0,0.033899967,5.75,6.544,,3.6,TRUE,0,,FALSE,1724.03,1576.79,-37.90889483,145.1319939,522.3385375,522.3385375,s_m=5920.840 route_frac=1.000,,
2026-09-10T11:18:40.533,1789003121,generate_gt,FALSE,-37.91037327,145.1377464,2233.048467,1422.853281,2233.048467,1422.853281,2233.0464,1422.8537,2222.5343,1417.9532,-1272942443#3,531.7859653,5920.835197,0,0.031400006,5.646,5.75,,3.25,TRUE,0,,FALSE,1724.03,1576.79,-37.90889483,145.1319939,531.7859653,531.7859653,s_m=5920.840 route_frac=1.000,,
2026-09-10T11:18:42.574,1789003123,generate_gt,FALSE,-37.9103211,145.1378638,2243.25411,1428.848506,2243.25411,1428.848506,2243.2528,1428.8485,2233.8948,1421.0889,-1272942443#3,539.889213,5920.835197,0,0.0306,5.903,5.646,,3.02,TRUE,0,,FALSE,1724.03,1576.79,-37.90889483,145.1319939,539.889213,539.889213,s_m=5920.840 route_frac=1.000,,
2026-09-10T11:18:44.610,1789003125,generate_gt,FALSE,-37.91025596,145.1379796,2253.290355,1436.280122,2253.290355,1436.280122,2253.289,1436.2798,2244.0168,1427.9073,-1272942443#3,547.594329,5920.835197,0,0.030099996,6.219,5.903,,2.85,TRUE,0,,FALSE,1724.03,1576.79,-37.90889483,145.1319939,547.594329,547.594329,s_m=5920.840 route_frac=1.000,,
2026-09-10T11:18:46.649,1789003127,generate_gt,FALSE,-37.91019201,145.1380918,2263.012758,1443.573356,2263.012758,1443.573356,2263.011,1443.573,2253.7651,1435.614,-1272942443#3,555.2018446,5920.835197,0,0.030299998,6.059,6.219,,2.69,TRUE,0,,FALSE,1724.03,1576.79,-37.90889483,145.1319939,555.2018446,555.2018446,s_m=5920.840 route_frac=1.000,,
2026-09-10T11:18:48.670,1789003129,generate_gt,FALSE,-37.9101436,145.1381967,2272.127834,1449.129365,2272.127834,1449.129365,2272.1287,1449.1293,2263.6308,1442.668,-1272942443#3,562.7685789,5920.835197,0,0.029399991,5.423,6.059,,2.41,TRUE,0,,FALSE,1724.03,1576.79,-37.90889483,145.1319939,562.7685789,562.7685789,s_m=5920.840 route_frac=1.000,,
2026-09-10T11:18:50.710,1789003131,generate_gt,FALSE,-37.91010712,145.1382871,2279.99458,1453.336093,2279.99458,1453.336093,2279.9978,1453.3359,2272.4813,1448.5811,-1272942443#3,569.5063487,5920.835197,0,0.029799994,4.592,5.423,,2.21,TRUE,0,,FALSE,1724.03,1576.79,-37.90889483,145.1319939,569.5063487,569.5063487,s_m=5920.840 route_frac=1.000,,
2026-09-10T11:18:52.735,1789003133,generate_gt,FALSE,-37.91009802,145.1383714,2287.385722,1454.493886,2287.385722,1454.493886,2287.3871,1454.4944,2280.3127,1452.0274,-1272942443#3,576.4772405,5920.835197,0,0.029899995,3.861,4.592,,2.14,TRUE,0,,FALSE,1724.03,1576.79,-37.90889483,145.1319939,576.4772405,576.4772405,s_m=5920.840 route_frac=1.000,,
2026-09-10T11:18:54.777,1789003135,generate_gt,FALSE,-37.9100832,145.1384477,2294.060863,1456.272345,2294.060863,1456.272345,2294.0638,1456.2728,2287.5697,1453.7775,-1272942443#3,582.6316932,5920.835197,0,0.029300048,3.413,3.861,,2.1,TRUE,0,,FALSE,1724.03,1576.79,-37.90889483,145.1319939,582.6316932,582.6316932,s_m=5920.840 route_frac=1.000,,
2026-09-10T11:18:56.814,1789003137,generate_gt,FALSE,-37.91001599,145.1384705,2295.916413,1463.770323,2295.916413,1463.770323,2295.9199,1463.7705,2294.25,1456.059,-1272942443#3,582.9472679,5920.835197,0,0.029999996,3.052,3.413,,2.09,TRUE,0,,FALSE,1724.03,1576.79,-37.90889483,145.1319939,582.9472679,582.9472679,s_m=5920.840 route_frac=1.000,,
2026-09-10T11:18:58.857,1789003139,generate_gt,FALSE,-37.90997434,145.1385472,2302.567279,1468.526665,2302.567279,1468.526665,2302.5685,1468.5262,2299.0188,1460.2135,-1272942443#3,588.5799296,5920.835197,0,0.029700052,3.946,3.052,,2.09,TRUE,0,,FALSE,1724.03,1576.79,-37.90889483,145.1319939,588.5799296,588.5799296,s_m=5920.840 route_frac=1.000,,
2026-09-10T11:19:00.895,1789003141,generate_gt,FALSE,-37.90995146,145.1386129,2308.292666,1471.18088,2308.292666,1471.18088,2308.2903,1471.1813,2305.154,1465.5585,-1272942443#3,593.7307042,5920.835197,0,0.029400049,3.291,3.946,,2.08,TRUE,0,,FALSE,1724.03,1576.79,-37.90889483,145.1319939,593.7307042,593.7307042,s_m=5920.840 route_frac=1.000,,
2026-09-10T11:19:02.928,1789003143,generate_gt,FALSE,-37.90990074,145.138614,2308.276991,1476.810948,2308.276991,1476.810948,2308.2776,1476.8106,2309.7219,1469.538,-1272942443#3,592.7397045,5920.835197,0,0.029499992,2.704,3.291,,2.07,TRUE,0,,FALSE,1724.03,1576.79,-37.90889483,145.1319939,592.7397045,592.7397045,s_m=5920.840 route_frac=1.000,,
2026-09-10T11:19:04.969,1789003145,generate_gt,FALSE,-37.90984193,145.1385446,2302.0453,1483.214957,2302.0453,1483.214957,2302.0433,1483.2153,2307.3008,1475.6579,-1272942443#3,585.5407549,5920.835197,0,0.040300016,3.917,2.704,,2.06,TRUE,0,,FALSE,1724.03,1576.79,-37.90889483,145.1319939,585.5407549,585.5407549,s_m=5920.840 route_frac=1.000,,
2026-09-10T11:19:06.998,1789003147,generate_gt,FALSE,-37.90977808,145.1384862,2296.76951,1490.197536,2296.76951,1490.197536,2296.771,1490.1976,2301.4613,1482.8218,-1272942443#3,579.2484796,5920.835197,0,0.036299985,4.323,3.917,,2.06,TRUE,0,,FALSE,1724.03,1576.79,-37.90889483,145.1319939,579.2484796,579.2484796,s_m=5920.840 route_frac=1.000,,
2026-09-10T11:19:09.017,1789003149,generate_gt,FALSE,-37.90970801,145.1384281,2291.506303,1497.870841,2291.506303,1497.870841,2291.5093,1497.8706,2296.6635,1490.1322,-1272942443#3,572.9376828,5920.835197,0,0.032000011,4.611,4.323,,2.05,TRUE,0,,FALSE,1724.03,1576.79,-37.90889483,145.1319939,572.9376828,572.9376828,s_m=5920.840 route_frac=1.000,,
2026-09-10T11:19:11.043,1789003151,generate_gt,FALSE,-37.90963069,145.1384246,2291.027258,1506.444499,2291.027258,1506.444499,2291.0262,1506.4442,2292.507,1498.2213,-1272942443#3,571.3443621,5920.835197,0,0.031300006,4.299,4.611,,2.05,TRUE,0,,FALSE,1724.03,1576.79,-37.90889483,145.1319939,571.3443621,571.3443621,s_m=5920.840 route_frac=1.000,,
2026-09-10T11:19:13.058,1789003153,generate_gt,FALSE,-37.90954893,145.1384541,2293.439619,1515.568777,2293.439619,1515.568777,2293.4437,1515.5692,2292.4181,1506.2555,-1272942443#3,572.691324,5920.835197,0,0.030499999,4.607,0,,2.05,TRUE,0,,FALSE,1724.03,1576.79,-37.90889483,145.1319939,572.691324,572.691324,s_m=5920.840 route_frac=1.000,,
2026-09-10T11:19:15.074,1789003155,generate_gt,FALSE,-37.90945818,145.1384667,2294.346275,1525.660959,2294.346275,1525.660959,2294.3487,1525.6611,2293.6713,1515.5387,-1272942443#3,572.6035556,5920.835197,0,0.029999996,4.958,4.607,,2.04,TRUE,0,,FALSE,1724.03,1576.79,-37.90889483,145.1319939,572.6035556,572.6035556,s_m=5920.840 route_frac=1.000,,
2026-09-10T11:19:17.100,1789003157,generate_gt,FALSE,-37.90937127,145.1384715,2294.575691,1535.313342,2294.575691,1535.313342,2294.5745,1535.3131,2295.0002,1525.6167,-1272942443#3,572.0513082,5920.835197,0,0.030399999,4.772,4.958,,2.04,TRUE,0,,FALSE,1724.03,1576.79,-37.90889483,145.1319939,572.0513082,572.0513082,s_m=5920.840 route_frac=1.000,,
2026-09-10T11:19:19.143,1789003159,generate_gt,FALSE,-37.9092812,145.1384565,2293.057354,1545.281611,2293.057354,1545.281611,2293.0598,1545.2814,2294.8161,1535.3028,-1272942443#3,569.8990331,5920.835197,0,0.029799994,5.15,4.772,,2.03,TRUE,0,,FALSE,1724.03,1576.79,-37.90889483,145.1319939,569.8990331,569.8990331,s_m=5920.840 route_frac=1.000,,
2026-09-10T11:19:21.165,1789003161,generate_gt,FALSE,-37.90918421,145.1384037,2288.200418,1555.951393,2288.200418,1555.951393,2288.1974,1555.9511,2291.5036,1544.6094,-1272942443#3,564.5551416,5920.835197,0,0.029899995,5.748,5.15,,2.03,TRUE,0,,FALSE,1724.03,1576.79,-37.90889483,145.1319939,564.5551416,564.5551416,s_m=5920.840 route_frac=1.000,,
2026-09-10T11:19:23.202,1789003163,generate_gt,FALSE,-37.90908129,145.1383568,2283.84904,1567.289552,2283.84904,1567.289552,2283.8497,1567.2897,2286.8563,1555.3719,-1272942443#3,559.8996481,5920.835197,0,0.031700009,6.03,5.748,,2.03,TRUE,0,,FALSE,1724.03,1576.79,-37.90889483,145.1319939,559.8996481,559.8996481,s_m=5920.840 route_frac=1.000,,
2026-09-10T11:19:25.245,1789003165,generate_gt,FALSE,-37.9089757,145.1383523,2283.219424,1578.998429,2283.219424,1578.998429,2283.2161,1578.9981,2282.7092,1567.1619,-1272942443#3,559.1937851,5920.835197,0,0.032400014,5.826,6.03,,2.03,TRUE,0,,FALSE,1724.03,1576.79,-37.90889483,145.1319939,559.1937851,559.1937851,s_m=5920.840 route_frac=1.000,,
2026-09-10T11:19:27.274,1789003167,generate_gt,FALSE,-37.90888206,145.1384091,2288.005622,1589.488902,2288.005622,1589.488902,2288.0098,1589.4886,2283.4242,1578.9584,-1272942443#3,564.1185724,5920.835197,0,0.040000014,5.746,5.826,,2.02,TRUE,0,,FALSE,1724.03,1576.79,-37.90889483,145.1319939,564.1185724,564.1185724,s_m=5920.840 route_frac=1.000,,
2026-09-10T11:19:29.312,1789003169,generate_gt,FALSE,-37.90878687,145.1384667,2292.858731,1600.152772,2292.858731,1600.152772,2292.8612,1600.1532,2285.5277,1589.963,-1272942443#3,569.3083037,5920.835197,0,0.030700001,5.819,5.746,,2.02,TRUE,0,,FALSE,1724.03,1576.79,-37.90889483,145.1319939,569.3083037,569.3083037,s_m=5920.840 route_frac=1.000,,
2026-09-10T11:19:31.355,1789003172,generate_gt,FALSE,-37.90865127,145.1385842,2302.888579,1615.405884,2302.888579,1615.405884,2302.8895,1615.4064,2291.7477,1601.1164,-1272942443#3,580.1451894,5920.835197,0,0.02929999,5.883,5.819,,2.02,TRUE,0,,FALSE,1724.03,1576.79,-37.90889483,145.1319939,580.1451894,580.1451894,s_m=5920.840 route_frac=1.000,,
2026-09-10T11:19:33.393,1789003174,generate_gt,FALSE,-37.90858034,145.1386696,2310.239588,1623.426537,2310.239588,1623.426537,2310.2419,1623.4269,2303.6693,1614.716,-1272942443#3,588.0617724,5920.835197,0,0.029700052,5.419,5.883,,2.02,TRUE,0,,FALSE,1724.03,1576.79,-37.90889483,145.1319939,588.0617724,588.0617724,s_m=5920.840 route_frac=1.000,,
2026-09-10T11:19:35.412,1789003176,generate_gt,FALSE,-37.90851555,145.1387505,2317.208586,1630.75796,2317.208586,1630.75796,2317.2066,1630.758,2310.8808,1622.8612,-1272942443#3,595.6285551,5920.835197,0,0.032099953,5.064,5.419,,2.01,TRUE,0,,FALSE,1724.03,1576.79,-37.90889483,145.1319939,595.6285551,595.6285551,s_m=5920.840 route_frac=1.000,,
2026-09-10T11:19:37.457,1789003178,generate_gt,FALSE,-37.908452,145.1388322,2324.250678,1637.953185,2324.250678,1637.953185,2324.2479,1637.9532,2317.5799,1630.4275,-1272942443#3,603.3289293,5920.835197,0,0.031799951,5.045,5.064,,2.01,TRUE,0,,FALSE,1724.03,1576.79,-37.90889483,145.1319939,603.3289293,603.3289293,s_m=5920.840 route_frac=1.000,,
2026-09-10T11:19:39.492,1789003180,generate_gt,FALSE,-37.90839376,145.138909,2330.873747,1644.550579,2330.873747,1644.550579,2330.8759,1644.5504,2324.7162,1637.8742,-1272942443#3,610.6151239,5920.835197,0,0.031100004,4.663,5.045,,2.02,TRUE,0,,FALSE,1724.03,1576.79,-37.90889483,145.1319939,610.6151239,610.6151239,s_m=5920.840 route_frac=1.000,,
2026-09-10T11:19:41.524,1789003182,generate_gt,FALSE,-37.90834516,145.1389882,2337.729185,1650.082479,2337.729185,1650.082479,2337.7321,1650.0827,2330.7006,1644.716,-1272942443#3,618.060254,5920.835197,0,0.029599993,4.444,4.663,,2.02,TRUE,0,,FALSE,1724.03,1576.79,-37.90889483,145.1319939,618.060254,618.060254,s_m=5920.840 route_frac=1.000,,
2026-09-10T11:19:43.565,1789003184,generate_gt,FALSE,-37.9082956,145.1390466,2342.753811,1655.684394,2342.753811,1655.684394,2342.7542,1655.6839,2336.6949,1651.0623,-1272942443#3,623.733501,5920.835197,0,0.029899995,3.835,4.444,,2.02,TRUE,0,,FALSE,1724.03,1576.79,-37.90889483,145.1319939,623.733501,623.733501,s_m=5920.840 route_frac=1.000,,
2026-09-10T11:19:45.602,1789003186,generate_gt,FALSE,-37.90823578,145.1390557,2343.421356,1662.338281,2343.421356,1662.338281,2343.4228,1662.3378,2342.6144,1655.8471,-1272942443#3,625.2712693,5920.835197,0,0.029999996,3.269,3.835,,2.01,TRUE,0,,FALSE,1724.03,1576.79,-37.90889483,145.1319939,625.2712693,625.2712693,s_m=5920.840 route_frac=1.000,,
2026-09-10T11:19:47.642,1789003188,generate_gt,FALSE,-37.90816857,145.1389973,2338.138056,1669.69373,2338.138056,1669.69373,2338.1404,1669.6938,2342.5737,1662.0597,-1272942443#3,621.0956504,5920.835197,0,0.0306,4.285,3.269,,2.05,TRUE,0,,FALSE,1724.03,1576.79,-37.90889483,145.1319939,621.0956504,621.0956504,s_m=5920.840 route_frac=1.000,,
2026-09-10T11:19:49.683,1789003190,generate_gt,FALSE,-37.90813547,145.1388769,2327.47938,1673.155342,2327.47938,1673.155342,2327.4817,1673.1556,2337.0061,1666.7993,-1272942443#3,611.0952733,5920.835197,0,0.030700001,5.193,4.285,,2.05,TRUE,0,,FALSE,1724.03,1576.79,-37.90889483,145.1319939,611.0952733,611.0952733,s_m=5920.840 route_frac=1.000,,
2026-09-10T11:19:51.710,1789003192,generate_gt,FALSE,-37.90810108,145.1387653,2317.591517,1676.775533,2317.591517,1676.775533,2317.5927,1676.7757,2327.3014,1672.9446,-1272942443#3,601.9238997,5920.835197,0,0.029599993,5.208,5.193,,2.05,TRUE,0,,FALSE,1724.03,1576.79,-37.90889483,145.1319939,601.9238997,601.9238997,s_m=5920.840 route_frac=1.000,,
2026-09-10T11:19:53.753,1789003194,generate_gt,FALSE,-37.90805319,145.1386823,2310.188198,1681.943942,2310.188198,1681.943942,2310.1909,1681.9439,2321.0022,1679.8716,-1272942443#3,595.5155619,5920.835197,0,0.029699993,4.599,5.208,,2.05,TRUE,0,,FALSE,1724.03,1576.79,-37.90889483,145.1319939,595.5155619,595.5155619,s_m=5920.840 route_frac=1.000,,
2026-09-10T11:19:55.782,1789003196,generate_gt,FALSE,-37.90797757,145.1386587,2307.945782,1690.293674,2307.945782,1690.293674,2307.9436,1690.2932,2311.9857,1685.6318,-1272942443#3,594.8451267,5920.835197,0,0.029799994,3.991,4.599,,2.04,TRUE,0,,FALSE,1724.03,1576.79,-37.90889483,145.1319939,594.8451267,594.8451267,s_m=5920.840 route_frac=1.000,,
2026-09-10T11:19:57.818,1789003198,generate_gt,FALSE,-37.90790009,145.1386052,2303.070478,1698.797312,2303.070478,1698.797312,2303.0737,1698.797,2306.7862,1689.3603,-1272942443#3,591.7547294,5920.835197,0,0.031400006,4.588,3.991,,2.04,TRUE,0,,FALSE,1724.03,1576.79,-37.90889483,145.1319939,591.7547294,591.7547294,s_m=5920.840 route_frac=1.000,,
2026-09-10T11:19:59.854,1789003200,generate_gt,FALSE,-37.9078084,145.1385551,2298.462603,1708.883726,2298.462603,1708.883726,2298.4584,1708.8838,2302.3413,1698.5612,-1272942443#3,589.424777,5920.835197,0,0.029899995,5.421,4.588,,2.04,TRUE,0,,FALSE,1724.03,1576.79,-37.90889483,145.1319939,589.424777,589.424777,s_m=5920.840 route_frac=1.000,,
2026-09-10T11:20:01.898,1789003202,generate_gt,FALSE,-37.90772029,145.1384638,2290.240399,1718.500553,2290.240399,1718.500553,2290.2435,1718.5002,2296.7701,1707.4069,-1272942443#3,583.6746492,5920.835197,0,0.030000054,5.978,5.421,,2.03,TRUE,0,,FALSE,1724.03,1576.79,-37.90889483,145.1319939,583.6746492,583.6746492,s_m=5920.840 route_frac=1.000,,
2026-09-10T11:20:03.932,1789003204,generate_gt,FALSE,-37.90765152,145.1383934,2283.898534,1726.008006,2283.898534,1726.008006,2283.9005,1726.0082,2289.188,1717.7693,-1272942443#3,579.4124512,5920.835197,0,0.030299998,4.935,5.978,,2.03,TRUE,0,,FALSE,1724.03,1576.79,-37.90889483,145.1319939,579.4124512,579.4124512,s_m=5920.840 route_frac=1.000,,
2026-09-10T11:20:05.966,1789003206,generate_gt,FALSE,-37.90760563,145.1383182,2277.185349,1730.968152,2277.185349,1730.968152,2277.1818,1730.9685,2282.8327,1724.7321,-1272942443#3,574.2401437,5920.835197,0,0.029499992,4.307,4.935,,2.02,TRUE,0,,FALSE,1724.03,1576.79,-37.90889483,145.1319939,574.2401437,574.2401437,s_m=5920.840 route_frac=1.000,,
2026-09-10T11:20:08.008,1789003208,generate_gt,FALSE,-37.9075941,145.1382166,2268.227242,1732.069187,2268.227242,1732.069187,2268.225,1732.069,2276.1868,1728.0403,-1272942443#3,565.9171884,5920.835197,0,0.029399991,4.325,4.307,,2.02,TRUE,0,,FALSE,1724.03,1576.79,-37.90889483,145.1319939,565.9171884,565.9171884,s_m=5920.840 route_frac=1.000,,
2026-09-10T11:20:10.039,1789003210,generate_gt,FALSE,-37.90759571,145.1381219,2259.904893,1731.724251,2259.904893,1731.724251,2259.9015,1731.7239,2268.0068,1729.2435,-1272942443#3,557.8230216,5920.835197,0,0.0306,4.189,4.325,,2.02,TRUE,0,,FALSE,1724.03,1576.79,-37.90889483,145.1319939,557.8230216,557.8230216,s_m=5920.840 route_frac=1.000,,
2026-09-10T11:20:12.082,1789003212,generate_gt,FALSE,-37.90759525,145.1380371,2252.448354,1731.626388,2252.448354,1731.626388,2252.4458,1731.6263,2259.7591,1729.8802,-1272942443#3,550.6362355,5920.835197,0,0.029899995,3.758,4.189,,2.02,TRUE,0,,FALSE,1724.03,1576.79,-37.90889483,145.1319939,550.6362355,550.6362355,s_m=5920.840 route_frac=1.000,,
2026-09-10T11:20:14.114,1789003214,generate_gt,FALSE,-37.90758447,145.137972,2246.700943,1732.70827,2246.700943,1732.70827,2246.7001,1732.7084,2252.3551,1730.4518,-1272942443#3,545.4314087,5920.835197,0,0.029999996,2.922,3.758,,2.02,TRUE,0,,FALSE,1724.03,1576.79,-37.90889483,145.1319939,545.4314087,545.4314087,s_m=5920.840 route_frac=1.000,,
2026-09-10T11:20:16.154,1789003216,generate_gt,FALSE,-37.90755515,145.1379634,2245.879856,1735.946656,2245.879856,1735.946656,2245.8808,1735.9465,2246.4121,1732.2872,-1272942443#3,545.5805286,5920.835197,0,0.02929999,1.393,2.922,,2.04,TRUE,0,,FALSE,1724.03,1576.79,-37.90889483,145.1319939,545.5805286,545.5805286,s_m=5920.840 route_frac=1.000,,
2026-09-10T11:20:18.189,1789003218,generate_gt,FALSE,-37.90753005,145.1380056,2249.534404,1738.80598,2249.534404,1738.80598,2249.5322,1738.8061,2246.7145,1734.6582,-1272942443#3,549.9127711,5920.835197,0,0.030399999,1.785,1.393,,2.03,TRUE,0,,FALSE,1724.03,1576.79,-37.90889483,145.1319939,549.9127711,549.9127711,s_m=5920.840 route_frac=1.000,,
2026-09-10T11:20:20.218,1789003220,generate_gt,FALSE,-37.90751568,145.1380562,2253.951254,1740.489399,2253.951254,1740.489399,2253.9552,1740.4895,2250.6801,1736.926,-1272942443#3,554.629632,5920.835197,0,0.02919999,2.101,1.785,,2.03,TRUE,0,,FALSE,1724.03,1576.79,-37.90889483,145.1319939,554.629632,554.629632,s_m=5920.840 route_frac=1.000,,
2026-09-10T11:20:22.253,1789003222,generate_gt,FALSE,-37.90749332,145.1380438,2252.811502,1742.948798,2252.811502,1742.948798,2252.8085,1742.9486,2254.5845,1739.8476,-1272942443#3,554.2730585,5920.835197,0,0.030800002,0.934,2.101,,2.03,TRUE,0,,FALSE,1724.03,1576.79,-37.90889483,145.1319939,554.2730585,554.2730585,s_m=5920.840 route_frac=1.000,,
2026-09-10T11:20:24.294,1789003224,generate_gt,FALSE,-37.90746386,145.1379608,2245.448931,1746.07207,2245.448931,1746.07207,2245.4484,1746.0726,2252.6388,1742.0403,-1272942443#3,548.2099241,5920.835197,0,0.02919999,3.358,0.934,,2.02,TRUE,0,,FALSE,1724.03,1576.79,-37.90889483,145.1319939,548.2099241,548.2099241,s_m=5920.840 route_frac=1.000,,
2026-09-10T11:20:26.325,1789003227,generate_gt,FALSE,-37.90742537,145.1377972,2230.980062,1750.055798,2230.980062,1750.055798,2230.9821,1750.0562,2244.9158,1744.5145,-1272942443#3,535.7419171,5920.835197,0,0.030299998,4.973,3.358,,2.02,TRUE,0,,FALSE,1724.03,1576.79,-37.90889483,145.1319939,535.7419171,535.7419171,s_m=5920.840 route_frac=1.000,,
2026-09-10T11:20:28.361,1789003229,generate_gt,FALSE,-37.90741715,145.1376664,2219.462025,1750.738204,2219.462025,1750.738204,2219.4604,1750.7381,2230.8117,1749.0708,-1272942443#3,525.0817741,5920.835197,0,0.029799994,5.616,4.973,,2.18,TRUE,0,,FALSE,1724.03,1576.79,-37.90889483,145.1319939,525.0817741,525.0817741,s_m=5920.840 route_frac=1.000,,
2026-09-10T11:20:30.398,1789003231,generate_gt,FALSE,-37.90742421,145.1375372,2208.118531,1749.727863,2208.118531,1749.727863,2208.1196,1749.7283,2219.4988,1749.9884,-1272942443#3,514.0517582,5920.835197,0,0.030299998,5.795,5.616,,2.29,TRUE,0,,FALSE,1724.03,1576.79,-37.90889483,145.1319939,514.0517582,514.0517582,s_m=5920.840 route_frac=1.000,,
2026-09-10T11:20:32.414,1789003233,generate_gt,FALSE,-37.9074336,145.1374265,2198.406707,1748.491454,2198.406707,1748.491454,2198.4108,1748.4912,2208.136,1749.4069,-1272942443#3,504.4944494,5920.835197,0,0.029400049,4.564,5.795,,2.5,TRUE,0,,FALSE,1724.03,1576.79,-37.90889483,145.1319939,504.4944494,504.4944494,s_m=5920.840 route_frac=1.000,,
2026-09-10T11:20:34.445,1789003235,generate_gt,FALSE,-37.90744238,145.1373573,2192.342174,1747.395625,2192.342174,1747.395625,2192.3416,1747.3958,2198.5501,1747.8655,-1272942443#3,498.4200751,5920.835197,0,0.029599993,2.92,4.564,,2.72,TRUE,0,,FALSE,1724.03,1576.79,-37.90889483,145.1319939,498.4200751,498.4200751,s_m=5920.840 route_frac=1.000,,
2026-09-10T11:20:36.482,1789003237,generate_gt,FALSE,-37.90744771,145.1373118,2188.353674,1746.724253,2188.353674,1746.724253,2188.3539,1746.7246,2192.5351,1746.5266,-1272942443#3,494.4432473,5920.835197,0,0.030499999,2.148,2.92,,2.93,TRUE,0,,FALSE,1724.03,1576.79,-37.90889483,145.1319939,494.4432473,494.4432473,s_m=5920.840 route_frac=1.000,,
2026-09-10T11:20:38.507,1789003239,generate_gt,FALSE,-37.9074429,145.1372641,2184.149271,1747.174198,2184.149271,1747.174198,2184.1522,1747.1747,2188.4203,1745.7937,-1272942443#3,490.6531547,5920.835197,0,0.032099953,2.05,2.148,,3.11,TRUE,0,,FALSE,1724.03,1576.79,-37.90889483,145.1319939,490.6531547,490.6531547,s_m=5920.840 route_frac=1.000,,
2026-09-10T11:20:40.544,1789003241,generate_gt,FALSE,-37.90744229,145.1372302,2181.167462,1747.182333,2181.167462,1747.182333,2181.1632,1747.1817,2184.2719,1745.4977,-1272942443#3,487.8608471,5920.835197,0,0.032900018,1.548,2.05,,3.26,TRUE,0,,FALSE,1724.03,1576.79,-37.90889483,145.1319939,487.8608471,487.8608471,s_m=5920.840 route_frac=1.000,,
2026-09-10T11:20:42.575,1789003243,generate_gt,FALSE,-37.90746965,145.1371902,2177.711365,1744.076063,2177.711365,1744.076063,2177.7105,1744.0757,2181.2985,1745.2856,-1272942443#3,483.5404928,5920.835197,0,0.029099989,2.276,1.548,,3.3,TRUE,0,,FALSE,1724.03,1576.79,-37.90889483,145.1319939,483.5404928,483.5404928,s_m=5920.840 route_frac=1.000,,
2026-09-10T11:20:44.609,1789003245,generate_gt,FALSE,-37.907533,145.1371668,2175.794529,1737.005331,2175.794529,1737.005331,2175.7966,1737.0048,2177.6307,1744.4715,-1272942443#3,479.3330179,5920.835197,0,0.031600008,3.39,2.276,,3.36,TRUE,0,,FALSE,1724.03,1576.79,-37.90889483,145.1319939,479.3330179,479.3330179,s_m=5920.840 route_frac=1.000,,
2026-09-10T11:20:46.653,1789003247,generate_gt,FALSE,-37.90761376,145.1371555,2174.98012,1728.023958,2174.98012,1728.023958,2174.9836,1728.0246,2176.721,1736.9011,-1272942443#3,475.6340192,5920.835197,0,0.036399986,4.333,3.39,,3.47,TRUE,0,,FALSE,1724.03,1576.79,-37.90889483,145.1319939,475.6340192,475.6340192,s_m=5920.840 route_frac=1.000,,
2026-09-10T11:20:48.690,1789003249,generate_gt,FALSE,-37.90769966,145.1371471,2174.432074,1718.47732,2174.432074,1718.47732,2174.4362,1718.4771,2175.3504,1727.9579,-1272942443#3,472.1623926,5920.835197,0,0.031800009,4.77,4.333,,3.53,TRUE,0,,FALSE,1724.03,1576.79,-37.90889483,145.1319939,472.1623926,472.1623926,s_m=5920.840 route_frac=1.000,,
2026-09-10T11:20:50.731,1789003251,generate_gt,FALSE,-37.90779203,145.1371475,2174.672061,1708.2282,2174.672061,1708.2282,2174.6749,1708.2284,2175.1885,1718.4815,-1272942443#3,469.4190749,5920.835197,0,0.046100002,5.021,4.77,,3.64,TRUE,0,,FALSE,1724.03,1576.79,-37.90889483,145.1319939,469.4190749,469.4190749,s_m=5920.840 route_frac=1.000,,
2026-09-10T11:20:52.777,1789003253,generate_gt,FALSE,-37.9078761,145.1371443,2174.577138,1698.893763,2174.577138,1698.893763,2174.5763,1698.8935,2175.2484,1708.2318,-1272942443#3,466.7997992,5920.835197,0,0.042799977,4.69,5.021,,3.72,TRUE,0,,FALSE,1724.03,1576.79,-37.90889483,145.1319939,466.7997992,466.7997992,s_m=5920.840 route_frac=1.000,,
2026-09-10T11:20:54.798,1789003255,generate_gt,FALSE,-37.90794951,145.1371449,2174.792668,1690.748888,2174.792668,1690.748888,2174.794,1690.7493,2175.3028,1698.8978,-1272942443#3,464.9447398,5920.835197,0,0.039100007,4.186,4.69,,3.76,TRUE,0,,FALSE,1724.03,1576.79,-37.90889483,145.1319939,464.9447398,464.9447398,s_m=5920.840 route_frac=1.000,,
2026-09-10T11:20:56.833,1789003257,generate_gt,FALSE,-37.90802314,145.1371361,2174.182254,1682.563085,2174.182254,1682.563085,2174.1859,1682.5631,2175.3504,1690.7525,-1272942443#3,462.4121506,5920.835197,0,0.035500037,4.122,4.186,,3.77,TRUE,0,,FALSE,1724.03,1576.79,-37.90889483,145.1319939,462.4121506,462.4121506,s_m=5920.840 route_frac=1.000,,
2026-09-10T11:20:58.863,1789003259,generate_gt,FALSE,-37.90808961,145.1371378,2174.479106,1675.190238,2174.479106,1675.190238,2174.4772,1675.1901,2175.3981,1682.5702,-1272942443#3,461.0715825,5920.835197,0,0.04319998,3.73,4.122,,3.92,TRUE,0,,FALSE,1724.03,1576.79,-37.90889483,145.1319939,461.0715825,461.0715825,s_m=5920.840 route_frac=1.000,,
2026-09-10T11:21:00.898,1789003261,generate_gt,FALSE,-37.90813887,145.137122,2173.199228,1669.696351,2173.199228,1669.696351,2173.2,1669.6962,2173.6812,1675.0906,-1272942443#3,458.6769947,5920.835197,0,0.031800009,2.921,3.73,,4.12,TRUE,0,,FALSE,1724.03,1576.79,-37.90889483,145.1319939,458.6769947,458.6769947,s_m=5920.840 route_frac=1.000,,
2026-09-10T11:21:02.933,1789003263,generate_gt,FALSE,-37.90815922,145.137087,2170.167216,1667.376725,2170.167216,1667.376725,2170.1684,1667.3768,2174.98,1671.79,-1272942443#3,455.2410019,5920.835197,0,0.0306,1.808,2.921,,4.21,TRUE,0,,FALSE,1724.03,1576.79,-37.90889483,145.1319939,455.2410019,455.2410019,s_m=5920.840 route_frac=1.000,,
2026-09-10T11:21:04.965,1789003265,generate_gt,FALSE,-37.90813822,145.1370605,2167.790815,1669.660428,2167.790815,1669.660428,2167.7887,1669.6602,2174.98,1671.79,-1272942443#3,453.3746548,5920.835197,0,0.029799994,1.187,1.808,,4.27,TRUE,0,,FALSE,1724.03,1576.79,-37.90889483,145.1319939,453.3746548,453.3746548,s_m=5920.840 route_frac=1.000,,
2026-09-10T11:21:06.984,1789003267,generate_gt,FALSE,-37.90810086,145.1370424,2166.116649,1673.774274,2166.116649,1673.774274,2166.1125,1673.7744,2174.228,1673.1697,-1272942443#3,452.5997726,5920.835197,0,0.030299998,2.238,1.187,,4.29,TRUE,0,,FALSE,1724.03,1576.79,-37.90889483,145.1319939,452.5997726,452.5997726,s_m=5920.840 route_frac=1.000,,
2026-09-10T11:21:09.018,1789003269,generate_gt,FALSE,-37.90803457,145.1370263,2164.554163,1681.101847,2164.554163,1681.101847,2164.5508,1681.1019,2173.7267,1674.7261,-1272942443#3,452.705754,5920.835197,0,0.032900018,3.491,2.238,,4.42,TRUE,0,,FALSE,1724.03,1576.79,-37.90889483,145.1319939,452.705754,452.705754,s_m=5920.840 route_frac=1.000,,
2026-09-10T11:21:11.046,1789003271,generate_gt,FALSE,-37.90795559,145.1370127,2163.183331,1689.841956,2163.183331,1689.841956,2163.1805,1689.8414,2173.4064,1681.1534,-1272942443#3,453.4714905,5920.835197,0,0.031500007,4.172,3.491,,4.33,TRUE,0,,FALSE,1724.03,1576.79,-37.90889483,145.1319939,453.4714905,453.4714905,s_m=5920.840 route_frac=1.000,,
2026-09-10T11:21:13.063,1789003273,generate_gt,FALSE,-37.90790028,145.1369964,2161.627606,1695.950783,2161.627606,1695.950783,2161.6279,1695.9509,2155.986,1690.1085,-1272942443#3,453.5316494,5920.835197,0,0.030700001,3.117,4.172,,4.32,TRUE,0,,FALSE,1724.03,1576.79,-37.90889483,145.1319939,453.5316494,453.5316494,s_m=5920.840 route_frac=1.000,,
2026-09-10T11:21:15.080,1789003275,generate_gt,FALSE,-37.90787973,145.1369531,2157.775162,1698.155031,2157.775162,1698.155031,2157.7783,1698.1548,2156.0832,1695.917,-1272942443#3,450.4046365,5920.835197,0,0.030299998,2.235,3.117,,4.53,TRUE,0,,FALSE,1724.03,1576.79,-37.90889483,145.1319939,450.4046365,450.4046365,s_m=5920.840 route_frac=1.000,,
2026-09-10T11:21:17.110,1789003277,generate_gt,FALSE,-37.90792833,145.1369162,2154.638747,1692.697304,2154.638747,1692.697304,2154.6352,1692.6968,2156.0696,1698.1443,-1272942443#3,445.9354166,5920.835197,0,0.02929999,2.618,2.235,,4.48,TRUE,0,,FALSE,1724.03,1576.79,-37.90889483,145.1319939,445.9354166,445.9354166,s_m=5920.840 route_frac=1.000,,
2026-09-10T11:21:19.148,1789003279,generate_gt,FALSE,-37.90801492,145.1368885,2152.395436,1683.040186,2152.395436,1683.040186,2152.3916,1683.0397,2156.0801,1692.6432,-1272942443#3,441.3457244,5920.835197,0,0.031100004,4.569,2.618,,4.38,TRUE,0,,FALSE,1724.03,1576.79,-37.90889483,145.1319939,441.3457244,441.3457244,s_m=5920.840 route_frac=1.000,,
2026-09-10T11:21:21.184,1789003281,generate_gt,FALSE,-37.9080844,145.1367897,2143.863194,1675.156741,2143.863194,1675.156741,2143.8602,1675.1563,2152.8677,1682.7406,-1272942443#3,431.2028833,5920.835197,0,0.029599993,5.53,4.569,,4.34,TRUE,0,,FALSE,1724.03,1576.79,-37.90889483,145.1319939,431.2028833,431.2028833,s_m=5920.840 route_frac=1.000,,
2026-09-10T11:21:23.220,1789003283,generate_gt,FALSE,-37.9081213,145.1366566,2132.243112,1670.828245,2132.243112,1670.828245,2132.2463,1670.8281,2144.7355,1674.061,-1272942443#3,418.9046866,5920.835197,0,0.029699993,5.818,5.53,,4.34,TRUE,0,,FALSE,1724.03,1576.79,-37.90889483,145.1319939,418.9046866,418.9046866,s_m=5920.840 route_frac=1.000,,
2026-09-10T11:21:25.262,1789003285,generate_gt,FALSE,-37.90810962,145.1365158,2119.838313,1671.876874,2119.838313,1671.876874,2119.8391,1671.8767,2132.6564,1669.0603,-1272942443#3,407.0696923,5920.835197,0,0.029600051,6.055,5.818,,4.23,TRUE,0,,FALSE,1724.03,1576.79,-37.90889483,145.1319939,407.0696923,407.0696923,s_m=5920.840 route_frac=1.000,,
2026-09-10T11:21:27.304,1789003287,generate_gt,FALSE,-37.90807062,145.1363755,2107.416865,1675.957923,2107.416865,1675.957923,2107.4164,1675.9576,2118.8302,1669.8067,-1272942443#3,396.0047538,5920.835197,0,0.029799994,6.391,6.055,,3.99,TRUE,0,,FALSE,1724.03,1576.79,-37.90889483,145.1319939,396.0047538,396.0047538,s_m=5920.840 route_frac=1.000,,
2026-09-10T11:21:29.341,1789003289,generate_gt,FALSE,-37.90802943,145.136232,2094.709206,1680.276341,2094.709206,1680.276341,2094.7059,1680.2768,2108.073,1676.9066,-1272942443#3,384.853864,5920.835197,0,0.029499992,6.659,6.391,,4.01,TRUE,0,,FALSE,1724.03,1576.79,-37.90889483,145.1319939,384.853864,384.853864,s_m=5920.840 route_frac=1.000,,
2026-09-10T11:21:31.365,1789003292,generate_gt,FALSE,-37.9079785,145.136015,2075.517918,1685.546333,2075.517918,1685.546333,2075.5149,1685.5459,2095.0452,1681.3198,-1272942443#3,367.9289288,5920.835197,0,0.029099989,6.499,6.659,,4.65,TRUE,0,,FALSE,1724.03,1576.79,-37.90889483,145.1319939,367.9289288,367.9289288,s_m=5920.840 route_frac=1.000,,
2026-09-10T11:21:33.400,1789003294,generate_gt,FALSE,-37.90795945,145.1358703,2062.75385,1687.405831,2062.75385,1687.405831,2062.7563,1687.4062,2075.5551,1685.9072,-1272942443#3,356.3280915,5920.835197,0,0.039400009,6.363,6.499,,4.44,TRUE,0,,FALSE,1724.03,1576.79,-37.90889483,145.1319939,356.3280915,356.3280915,s_m=5920.840 route_frac=1.000,,
2026-09-10T11:21:35.439,1789003296,generate_gt,FALSE,-37.90794316,145.1357207,2049.565099,1688.950431,2049.565099,1688.950431,2049.5628,1688.9502,2062.6851,1686.8282,-1272942443#3,344.3153544,5920.835197,0,0.030900002,6.541,6.363,,4.01,TRUE,0,,FALSE,1724.03,1576.79,-37.90889483,145.1319939,344.3153544,344.3153544,s_m=5920.840 route_frac=1.000,,
2026-09-10T11:21:37.476,1789003298,generate_gt,FALSE,-37.9079275,145.1355768,2036.878876,1690.435125,2036.878876,1690.435125,2036.8773,1690.4348,2049.5013,1688.4512,-1272942443#3,332.8507681,5920.835197,0,0.031400006,6.408,6.541,,3.62,TRUE,0,,FALSE,1724.03,1576.79,-37.90889483,145.1319939,332.8507681,332.8507681,s_m=5920.840 route_frac=1.000,,
2026-09-10T11:21:39.516,1789003300,generate_gt,FALSE,-37.90791177,145.1354322,2024.130949,1691.926336,2024.130949,1691.926336,2024.1351,1691.926,2036.8252,1690.0116,-1272942443#3,321.4295498,5920.835197,0,0.045799999,6.44,6.408,,3.54,TRUE,0,,FALSE,1724.03,1576.79,-37.90889483,145.1319939,321.4295498,321.4295498,s_m=5920.840 route_frac=1.000,,
2026-09-10T11:21:41.553,1789003302,generate_gt,FALSE,-37.90789567,145.1352948,2012.015208,1693.471247,2012.015208,1693.471247,2012.0192,1693.4708,2024.0943,1691.5995,-1272942443#3,310.7249484,5920.835197,0,0.036499987,6.184,6.44,,3.39,TRUE,0,,FALSE,1724.03,1576.79,-37.90889483,145.1319939,310.7249484,310.7249484,s_m=5920.840 route_frac=1.000,,
2026-09-10T11:21:43.602,1789003304,generate_gt,FALSE,-37.90788106,145.1351673,2000.773164,1694.868213,2000.773164,1694.868213,2000.7712,1694.8682,2011.9746,1693.1144,-1272942443#3,300.8807786,5920.835197,0,0.033900025,5.719,6.184,,3.36,TRUE,0,,FALSE,1724.03,1576.79,-37.90889483,145.1319939,300.8807786,300.8807786,s_m=5920.840 route_frac=1.000,,
2026-09-10T11:21:45.648,1789003306,generate_gt,FALSE,-37.90786702,145.1350447,1989.96318,1696.210533,1989.96318,1696.210533,1989.965,1696.2107,2000.7256,1694.4794,-1272942443#3,291.5162432,5920.835197,0,0.035500037,5.651,5.719,,3.67,TRUE,0,,FALSE,1724.03,1576.79,-37.90889483,145.1319939,291.5162432,291.5162432,s_m=5920.840 route_frac=1.000,,
2026-09-10T11:21:47.688,1789003308,generate_gt,FALSE,-37.90785275,145.1349202,1978.985637,1697.575018,1978.985637,1697.575018,1978.9819,1697.5752,1989.9107,1695.747,-1272942443#3,282.1194736,5920.835197,0,0.033300021,5.628,5.651,,3.77,TRUE,0,,FALSE,1724.03,1576.79,-37.90889483,145.1319939,282.1194736,282.1194736,s_m=5920.840 route_frac=1.000,,
2026-09-10T11:21:49.704,1789003310,generate_gt,FALSE,-37.90786055,145.134781,1966.764686,1696.464635,1966.764686,1696.464635,1966.7617,1696.4645,1979.273,1697.385,-1272942443#3,270.6328617,5920.835197,0,0.045399996,5.933,5.628,,3.68,TRUE,0,,FALSE,1724.03,1576.79,-37.90889483,145.1319939,270.6328617,270.6328617,s_m=5920.840 route_frac=1.000,,
2026-09-10T11:21:51.743,1789003312,generate_gt,FALSE,-37.90785064,145.1346478,1955.031925,1697.329977,1955.031925,1697.329977,1955.0328,1697.3302,1967.0232,1698.5415,-1272942443#3,260.5605028,5920.835197,0,0.04210003,5.853,5.933,,3.59,TRUE,0,,FALSE,1724.03,1576.79,-37.90889483,145.1319939,260.5605028,260.5605028,s_m=5920.840 route_frac=1.000,,
2026-09-10T11:21:53.784,1789003314,generate_gt,FALSE,-37.90783653,145.1345289,1944.547072,1698.686514,1944.547072,1698.686514,1944.5444,1698.6861,1955.3699,1700.0085,-1272942443#3,251.9653528,5920.835197,0,0.035400037,5.281,5.853,,3.58,TRUE,0,,FALSE,1724.03,1576.79,-37.90889483,145.1319939,251.9653528,251.9653528,s_m=5920.840 route_frac=1.000,,
2026-09-10T11:21:55.821,1789003316,generate_gt,FALSE,-37.90782226,145.1344137,1934.387158,1700.067301,1934.387158,1700.067301,1934.3874,1700.0669,1944.899,1701.4376,-1272942443#3,243.8184301,5920.835197,0,0.042000029,5.244,5.281,,3.7,TRUE,0,,FALSE,1724.03,1576.79,-37.90889483,145.1319939,243.8184301,243.8184301,s_m=5920.840 route_frac=1.000,,
2026-09-10T11:21:57.840,1789003318,generate_gt,FALSE,-37.90780586,145.1342834,1922.894938,1701.657863,1922.894938,1701.657863,1922.8913,1701.6579,1934.6948,1702.7202,-1272942443#3,234.8174748,5920.835197,0,0.035899982,5.628,5.244,,3.76,TRUE,0,,FALSE,1724.03,1576.79,-37.90889483,145.1319939,234.8174748,234.8174748,s_m=5920.840 route_frac=1.000,,
2026-09-10T11:21:59.874,1789003320,generate_gt,FALSE,-37.90778701,145.1341546,1911.529149,1703.522911,1911.529149,1703.522911,1911.5319,1703.5226,1923.1691,1704.0555,-1272942443#3,226.3120889,5920.835197,0,0.032500015,5.683,5.628,,3.72,TRUE,0,,FALSE,1724.03,1576.79,-37.90889483,145.1319939,226.3120889,226.3120889,s_m=5920.840 route_frac=1.000,,
2026-09-10T11:22:01.918,1789003322,generate_gt,FALSE,-37.90777009,145.1340242,1900.026971,1705.170966,1900.026971,1705.170966,1900.0267,1705.1705,1911.7469,1705.3788,-1272942443#3,217.8453723,5920.835197,0,0.031000003,5.752,5.683,,3.86,TRUE,0,,FALSE,1724.03,1576.79,-37.90889483,145.1319939,217.8453723,217.8453723,s_m=5920.840 route_frac=1.000,,
2026-09-10T11:22:03.940,1789003324,generate_gt,FALSE,-37.90776125,145.1338971,1888.832867,1705.928217,1888.832867,1705.928217,1888.8355,1705.9283,1900.2057,1706.7159,-1272942443#3,209.3720708,5920.835197,0,0.036099984,5.535,5.752,,3.84,TRUE,0,,FALSE,1724.03,1576.79,-37.90889483,145.1319939,209.3720708,209.3720708,s_m=5920.840 route_frac=1.000,,
2026-09-10T11:22:05.978,1789003326,generate_gt,FALSE,-37.90774188,145.1337728,1877.861541,1707.858841,1877.861541,1707.858841,1877.8646,1707.8585,1889.0761,1708.0053,-1272942443#3,202.0969671,5920.835197,0,0.029499992,5.528,5.535,,3.87,TRUE,0,,FALSE,1724.03,1576.79,-37.90889483,145.1319939,202.0969671,202.0969671,s_m=5920.840 route_frac=1.000,,
2026-09-10T11:22:08.008,1789003328,generate_gt,FALSE,-37.90772916,145.1336486,1866.913775,1709.051709,1866.913775,1709.051709,1866.9129,1709.0522,1878.0299,1709.2851,-1272942443#3,194.7021647,5920.835197,0,0.030399999,5.486,5.528,,3.85,TRUE,0,,FALSE,1724.03,1576.79,-37.90889483,145.1319939,194.7021647,194.7021647,s_m=5920.840 route_frac=1.000,,
2026-09-10T11:22:10.050,1789003330,generate_gt,FALSE,-37.90771941,145.1335465,1857.915608,1709.9539,1857.915608,1709.9539,1857.919,1709.9539,1867.0898,1710.5573,-1272942443#3,188.8332075,5920.835197,0,0.029599993,4.618,5.486,,3.82,TRUE,0,,FALSE,1724.03,1576.79,-37.90889483,145.1319939,188.8332075,188.8332075,s_m=5920.840 route_frac=1.000,,
2026-09-10T11:22:12.084,1789003332,generate_gt,FALSE,-37.90770957,145.1334429,1848.78536,1710.863427,1848.78536,1710.863427,1848.7824,1710.8636,1858.1245,1711.6405,-1272942443#3,183.1381547,5920.835197,0,0.028600043,4.646,4.618,,3.81,TRUE,0,,FALSE,1724.03,1576.79,-37.90889483,145.1319939,183.1381547,183.1381547,s_m=5920.840 route_frac=1.000,,
2026-09-10T11:22:14.125,1789003334,generate_gt,FALSE,-37.9077479,145.1333537,1841.02817,1706.453114,1841.02817,1706.453114,1841.0264,1706.4533,1849.0124,1712.7509,-1272942443#3,174.6456271,5920.835197,0,0.029599993,4.412,4.646,,3.78,TRUE,0,,FALSE,1724.03,1576.79,-37.90889483,145.1319939,174.6456271,174.6456271,s_m=5920.840 route_frac=1.000,,
2026-09-10T11:22:16.141,1789003336,generate_gt,FALSE,-37.90782684,145.1333279,1838.935266,1697.648125,1838.935266,1697.648125,1838.9373,1697.6487,1841.0553,1706.4471,-1272942443#3,166.7630254,5920.835197,0,0.030099996,4.226,4.412,,3.94,TRUE,0,,FALSE,1724.03,1576.79,-37.90889483,145.1319939,166.7630254,166.7630254,s_m=5920.840 route_frac=1.000,,
2026-09-10T11:22:18.175,1789003338,generate_gt,FALSE,-37.90790437,145.1333116,1837.674461,1689.01632,1837.674461,1689.01632,1837.6749,1689.0159,1839.4297,1697.5757,-1272942443#3,159.7179089,5920.835197,0,0.031299947,4.357,4.226,,4.11,TRUE,0,,FALSE,1724.03,1576.79,-37.90889483,145.1319939,159.7179089,159.7179089,s_m=5920.840 route_frac=1.000,,
2026-09-10T11:22:20.216,1789003340,generate_gt,FALSE,-37.90797133,145.1332927,1836.161584,1681.552837,1836.161584,1681.552837,1836.1621,1681.5527,1838.1512,1688.9453,-1272942443#3,153.4560007,5920.835197,0,0.030800002,3.914,4.357,,4.3,TRUE,0,,FALSE,1724.03,1576.79,-37.90889483,145.1319939,153.4560007,153.4560007,s_m=5920.840 route_frac=1.000,,
2026-09-10T11:22:22.251,1789003342,generate_gt,FALSE,-37.90803733,145.1332814,1835.314758,1674.209259,1835.314758,1674.209259,1835.3174,1674.2088,1836.3466,1681.8748,-1272942443#3,147.9013499,5920.835197,0,0.028900045,3.882,3.914,,4.43,TRUE,0,,FALSE,1724.03,1576.79,-37.90889483,145.1319939,147.9013499,147.9013499,s_m=5920.840 route_frac=1.000,,
2026-09-10T11:22:24.284,1789003344,generate_gt,FALSE,-37.9081003,145.1332691,1834.373282,1667.200144,1834.373282,1667.200144,1834.37,1667.2004,1836.0441,1674.1094,-1272942443#3,142.6521435,5920.835197,0,0.030000054,3.426,3.882,,4.71,TRUE,0,,FALSE,1724.03,1576.79,-37.90889483,145.1319939,142.6521435,142.6521435,s_m=5920.840 route_frac=1.000,,
2026-09-10T11:22:26.318,1789003346,generate_gt,FALSE,-37.9081519,145.1332445,1832.325149,1661.431045,1832.325149,1661.431045,1832.3225,1661.431,1835.1081,1667.1031,-1272942443#3,137.4479753,5920.835197,0,0.032700016,3.144,3.426,,4.86,TRUE,0,,FALSE,1724.03,1576.79,-37.90889483,145.1319939,137.4479753,137.4479753,s_m=5920.840 route_frac=1.000,,
2026-09-10T11:22:28.348,1789003349,generate_gt,FALSE,-37.90825319,145.1332293,1831.213866,1650.164649,1831.213866,1650.164649,1831.21,1650.1649,1834.3261,1661.1671,-1272942443#3,129.8931105,5920.835197,0,0.046100002,3.672,3.144,,5.1,TRUE,0,,FALSE,1724.03,1576.79,-37.90889483,145.1319939,129.8931105,129.8931105,s_m=5920.840 route_frac=1.000,,
2026-09-10T11:22:30.383,1789003351,generate_gt,FALSE,-37.90832277,145.1332506,1833.241133,1642.48121,1833.241133,1642.48121,1833.2432,1642.4812,1832.2618,1649.8516,-1272942443#3,127.4457004,5920.835197,0,0.03190001,3.936,3.672,,5.36,TRUE,0,,FALSE,1724.03,1576.79,-37.90889483,145.1319939,127.4457004,127.4457004,s_m=5920.840 route_frac=1.000,,
2026-09-10T11:22:32.429,1789003353,generate_gt,FALSE,-37.90837786,145.1333243,1839.843102,1636.497902,1839.843102,1636.497902,1839.8387,1636.4974,1832.548,1641.9521,-1272942443#3,130.2985349,5920.835197,0,0.031000003,4.215,3.936,,5.33,TRUE,0,,FALSE,1724.03,1576.79,-37.90889483,145.1319939,130.2985349,130.2985349,s_m=5920.840 route_frac=1.000,,
2026-09-10T11:22:34.465,1789003355,generate_gt,FALSE,-37.9084225,145.1334137,1847.802155,1631.701811,1847.802155,1631.701811,1847.8025,1631.7022,1838.4233,1634.8712,-1272942443#3,135.4062528,5920.835197,0,0.030399999,4.575,4.215,,5.21,TRUE,0,,FALSE,1724.03,1576.79,-37.90889483,145.1319939,135.4062528,135.4062528,s_m=5920.840 route_frac=1.000,,
2026-09-10T11:22:36.509,1789003357,generate_gt,FALSE,-37.90844688,145.133514,1856.67449,1629.173049,1856.67449,1629.173049,1856.6742,1629.1729,1846.2217,1628.9526,-1272942443#3,142.6132694,5920.835197,0,0.028499984,4.415,4.575,,5.06,TRUE,0,,FALSE,1724.03,1576.79,-37.90889483,145.1319939,142.6132694,142.6132694,s_m=5920.840 route_frac=1.000,,
2026-09-10T11:22:38.555,1789003359,generate_gt,FALSE,-37.90845088,145.1335985,1864.11244,1628.877932,1864.11244,1628.877932,1864.1113,1628.878,1856.7338,1626.2473,-1272942443#3,149.4531452,5920.835197,0,0.029399991,3.689,4.415,,4.96,TRUE,0,,FALSE,1724.03,1576.79,-37.90889483,145.1319939,149.4531452,149.4531452,s_m=5920.840 route_frac=1.000,,
2026-09-10T11:22:40.587,1789003361,generate_gt,FALSE,-37.90845055,145.1336881,1871.989151,1629.072262,1871.989151,1629.072262,1871.993,1629.0728,1864.087,1626.3866,-1272942443#3,156.9246482,5920.835197,0,0.029499992,3.851,3.689,,5.06,TRUE,0,,FALSE,1724.03,1576.79,-37.90889483,145.1319939,156.9246482,156.9246482,s_m=5920.840 route_frac=1.000,,
2026-09-10T11:22:42.633,1789003363,generate_gt,FALSE,-37.9084549,145.1338016,1881.977496,1628.789334,1881.977496,1628.789334,1881.9805,1628.7889,1871.966,1626.3098,-1272942443#3,166.2869271,5920.835197,0,0.02919999,4.722,3.851,,5.43,TRUE,0,,FALSE,1724.03,1576.79,-37.90889483,145.1319939,166.2869271,166.2869271,s_m=5920.840 route_frac=1.000,,
2026-09-10T11:22:44.671,1789003365,generate_gt,FALSE,-37.9084601,145.1339189,1892.301815,1628.418761,1892.301815,1628.418761,1892.2986,1628.4191,1881.9553,1626.2124,-1272942443#3,176.0140131,5920.835197,0,0.031600008,5.024,4.722,,5.3,TRUE,0,,FALSE,1724.03,1576.79,-37.90889483,145.1319939,176.0140131,176.0140131,s_m=5920.840 route_frac=1.000,,
2026-09-10T11:22:46.709,1789003367,generate_gt,FALSE,-37.90847061,145.1340247,1901.626872,1627.438714,1901.626872,1627.438714,1901.6227,1627.4381,1892.1244,1626.0055,-1272942443#3,184.6779389,5920.835197,0,0.030700001,4.727,5.024,,5.51,TRUE,0,,FALSE,1724.03,1576.79,-37.90889483,145.1319939,184.6779389,184.6779389,s_m=5920.840 route_frac=1.000,,
2026-09-10T11:22:48.743,1789003369,generate_gt,FALSE,-37.90850224,145.1341319,1911.121919,1624.117541,1911.121919,1624.117541,1911.1204,1624.1177,1900.6962,1624.3659,-1272942443#3,192.9851863,5920.835197,0,0.031700009,5.042,4.727,,5.47,TRUE,0,,FALSE,1724.03,1576.79,-37.90889483,145.1319939,192.9851863,192.9851863,s_m=5920.840 route_frac=1.000,,
2026-09-10T11:22:50.782,1789003371,generate_gt,FALSE,-37.90853195,145.1342485,1921.43912,1621.025951,1921.43912,1621.025951,1921.4411,1621.0259,1910.32,1621.4636,-1272942443#3,202.3046714,5920.835197,0,0.02929999,5.37,5.042,,5.33,TRUE,0,,FALSE,1724.03,1576.79,-37.90889483,145.1319939,202.3046714,202.3046714,s_m=5920.840 route_frac=1.000,,
2026-09-10T11:22:52.821,1789003373,generate_gt,FALSE,-37.90856313,145.1343659,1931.829912,1617.772636,1931.829912,1617.772636,1931.8305,1617.7728,1920.635,1618.3529,-1272942443#3,211.8026912,5920.835197,0,0.033700024,5.354,5.37,,5.33,TRUE,0,,FALSE,1724.03,1576.79,-37.90889483,145.1319939,211.8026912,211.8026912,s_m=5920.840 route_frac=1.000,,
2026-09-10T11:22:54.853,1789003375,generate_gt,FALSE,-37.9085913,145.134473,1941.308459,1614.835192,1941.308459,1614.835192,1941.3076,1614.8348,1931.0576,1615.2098,-1272942443#3,220.5841456,5920.835197,0,0.029499992,4.956,5.354,,5.27,TRUE,0,,FALSE,1724.03,1576.79,-37.90889483,145.1319939,220.5841456,220.5841456,s_m=5920.840 route_frac=1.000,,
2026-09-10T11:22:56.898,1789003377,generate_gt,FALSE,-37.90862155,145.1345829,1951.037786,1611.671856,1951.037786,1611.671856,1951.0391,1611.6716,1940.4895,1612.2516,-1272942443#3,229.6721116,5920.835197,0,0.02950005,5.1,4.956,,5.24,TRUE,0,,FALSE,1724.03,1576.79,-37.90889483,145.1319939,229.6721116,229.6721116,s_m=5920.840 route_frac=1.000,,
2026-09-10T11:22:58.943,1789003379,generate_gt,FALSE,-37.90864739,145.1346531,1957.266983,1608.928023,1957.266983,1608.928023,1957.2651,1608.9277,1949.8123,1608.7343,-1272942443#3,235.4407414,5920.835197,0,0.029399991,3.167,5.1,,5.29,TRUE,0,,FALSE,1724.03,1576.79,-37.90889483,145.1319939,235.4407414,235.4407414,s_m=5920.840 route_frac=1.000,,
2026-09-10T11:23:00.987,1789003381,generate_gt,FALSE,-37.90868359,145.1346756,1959.325508,1604.950676,1959.325508,1604.950676,1959.3259,1604.9505,1955.09,1606.53,-1272942443#3,236.9746814,5920.835197,0,0.029499992,2.382,3.167,,5.35,TRUE,0,,FALSE,1724.03,1576.79,-37.90889483,145.1319939,236.9746814,236.9746814,s_m=5920.840 route_frac=1.000,,
2026-09-10T11:23:03.017,1789003383,generate_gt,FALSE,-37.90874769,145.1347078,1962.298779,1597.894471,1962.298779,1597.894471,1962.2974,1597.8942,1958.1112,1603.6682,-1272942443#3,239.2016087,5920.835197,0,0.029999996,3.778,2.382,,5.61,TRUE,0,,FALSE,1724.03,1576.79,-37.90889483,145.1319939,239.2016087,239.2016087,s_m=5920.840 route_frac=1.000,,
2026-09-10T11:23:05.048,1789003385,generate_gt,FALSE,-37.90883049,145.1347111,1962.772751,1588.712383,1962.772751,1588.712383,1962.7691,1588.7128,1961.7043,1597.7863,-1272942443#3,239.0402565,5920.835197,0,0.02919999,4.538,3.778,,5.67,TRUE,0,,FALSE,1724.03,1576.79,-37.90889483,145.1319939,239.0402565,239.0402565,s_m=5920.840 route_frac=1.000,,
2026-09-10T11:23:07.087,1789003387,generate_gt,FALSE,-37.90891846,145.1346956,1961.605356,1578.923533,1961.605356,1578.923533,1961.6072,1578.9232,1962.4549,1588.7075,-1272942443#3,237.5849355,5920.835197,0,0.030499999,4.729,4.538,,5.64,TRUE,0,,FALSE,1724.03,1576.79,-37.90889483,145.1319939,237.5849355,237.5849355,s_m=5920.840 route_frac=1.000,,
2026-09-10T11:23:09.132,1789003389,generate_gt,FALSE,-37.90899737,145.1347163,1963.600452,1570.203708,1963.600452,1570.203708,1963.6,1570.2039,1962.3937,1578.8675,-1272942443#3,239.66097,5920.835197,0,0.02929999,4.496,4.729,,5.3,TRUE,0,,FALSE,1724.03,1576.79,-37.90889483,145.1319939,239.66097,239.66097,s_m=5920.840 route_frac=1.000,,
2026-09-10T11:23:11.152,1789003391,generate_gt,FALSE,-37.90908933,145.1347341,1965.36956,1560.030688,1965.36956,1560.030688,1965.3733,1560.031,1961.7887,1570.3442,-1272942443#3,241.920767,5920.835197,0,0.029800052,5.03,4.496,,4.98,TRUE,0,,FALSE,1724.03,1576.79,-37.90889483,145.1319939,241.920767,241.920767,s_m=5920.840 route_frac=1.000,,
2026-09-10T11:23:13.188,1789003393,generate_gt,FALSE,-37.9091582,145.1347941,1970.797496,1552.494083,1970.797496,1552.494083,1970.8004,1552.4937,1963.8636,1559.2224,-1272942443#3,247.9606598,5920.835197,0,0.028999988,4.544,5.03,,4.69,TRUE,0,,FALSE,1724.03,1576.79,-37.90889483,145.1319939,247.9606598,247.9606598,s_m=5920.840 route_frac=1.000,,
2026-09-10T11:23:15.212,1789003395,generate_gt,FALSE,-37.9092348,145.1348529,1976.137085,1544.097605,1976.137085,1544.097605,1976.1412,1544.0977,1968.1981,1551.1054,-1272942443#3,254.2179677,5920.835197,0,0.028899987,4.977,4.544,,4.42,TRUE,0,,FALSE,1724.03,1576.79,-37.90889483,145.1319939,254.2179677,254.2179677,s_m=5920.840 route_frac=1.000,,
2026-09-10T11:23:17.235,1789003397,generate_gt,FALSE,-37.90933153,145.1348773,1978.497015,1533.40689,1978.497015,1533.40689,1978.4954,1533.407,1972.8704,1542.3515,-1272942443#3,258.1386376,5920.835197,0,0.030299998,5.323,4.977,,4.19,TRUE,0,,FALSE,1724.03,1576.79,-37.90889483,145.1319939,258.1386376,258.1386376,s_m=5920.840 route_frac=1.000,,
2026-09-10T11:23:19.274,1789003399,generate_gt,FALSE,-37.90941999,145.134884,1979.282454,1523.602719,1979.282454,1523.602719,1979.2841,1523.6024,1976.535,1533.4543,-1272942443#3,260.7349268,5920.835197,0,0.029599993,4.991,5.323,,4,TRUE,0,,FALSE,1724.03,1576.79,-37.90889483,145.1319939,260.7349268,260.7349268,s_m=5920.840 route_frac=1.000,,
2026-09-10T11:23:21.314,1789003401,generate_gt,FALSE,-37.90950811,145.134894,1980.357261,1513.842082,1980.357261,1513.842082,1980.3539,1513.8417,1976.7385,1523.4914,-1272942443#3,263.9433752,5920.835197,0,0.034200028,4.593,0,,3.88,TRUE,0,,FALSE,1724.03,1576.79,-37.90889483,145.1319939,263.9433752,263.9433752,s_m=5920.840 route_frac=1.000,,
2026-09-10T11:23:23.351,1789003404,generate_gt,FALSE,-37.90962828,145.1348866,1979.973476,1500.494411,1979.973476,1500.494411,1979.9706,1500.4948,1976.8544,1513.8331,-1272942443#3,267.073173,5920.835197,0,0.044000044,4.769,4.593,,3.67,TRUE,0,,FALSE,1724.03,1576.79,-37.90889483,145.1319939,267.073173,267.073173,s_m=5920.840 route_frac=1.000,,
2026-09-10T11:23:25.395,1789003406,generate_gt,FALSE,-37.9097236,145.1348804,1979.640022,1489.90633,1979.640022,1489.90633,1979.642,1489.9062,1976.8871,1500.4873,-1272942443#3,269.9726935,5920.835197,0,0.037599995,5.144,4.769,,3.6,TRUE,0,,FALSE,1724.03,1576.79,-37.90889483,145.1319939,269.9726935,269.9726935,s_m=5920.840 route_frac=1.000,,
2026-09-10T11:23:27.435,1789003408,generate_gt,FALSE,-37.9098129,145.1348743,1979.301995,1479.986433,1979.301995,1479.986433,1979.2999,1479.9861,1976.92,1489.9,-1272942443#3,273.0104798,5920.835197,0,0.031100004,5.09,5.144,,3.59,TRUE,0,,FALSE,1724.03,1576.79,-37.90889483,145.1319939,273.0104798,273.0104798,s_m=5920.840 route_frac=1.000,,
2026-09-10T11:23:29.478,1789003410,generate_gt,FALSE,-37.90990039,145.1348532,1977.641209,1470.240996,1977.641209,1470.240996,1977.6452,1470.2412,1976.9426,1479.9807,-1272942443#3,275.0842337,5920.835197,0,0.032100012,4.743,5.09,,3.46,TRUE,0,,FALSE,1724.03,1576.79,-37.90889483,145.1319939,275.0842337,275.0842337,s_m=5920.840 route_frac=1.000,,
2026-09-10T11:23:31.504,1789003412,generate_gt,FALSE,-37.90998041,145.1348621,1978.601325,1461.377239,1978.601325,1461.377239,1978.5984,1461.3769,1976.9647,1470.2396,-1272942443#3,279.5114752,5920.835197,0,0.031000003,4.251,4.743,,3.35,TRUE,0,,FALSE,1724.03,1576.79,-37.90889483,145.1319939,279.5114752,279.5114752,s_m=5920.840 route_frac=1.000,,
2026-09-10T11:23:33.535,1789003414,generate_gt,FALSE,-37.91004313,145.134873,1979.698861,1454.436693,1979.698861,1454.436693,1979.6981,1454.4362,1976.9856,1461.3727,-1272942443#3,283.4376446,5920.835197,0,0.029399991,3.389,4.251,,3.22,TRUE,0,,FALSE,1724.03,1576.79,-37.90889483,145.1319939,283.4376446,283.4376446,s_m=5920.840 route_frac=1.000,,
2026-09-10T11:23:35.574,1789003416,generate_gt,FALSE,-37.91008964,145.1349159,1983.573717,1449.351177,1983.573717,1449.351177,1983.5729,1449.3514,1976.984,1454.4499,-1272942443#3,289.1428621,5920.835197,0,0.02929999,3.114,3.389,,3.1,TRUE,0,,FALSE,1724.03,1576.79,-37.90889483,145.1319939,289.1428621,289.1428621,s_m=5920.840 route_frac=1.000,,
2026-09-10T11:23:37.601,1789003418,generate_gt,FALSE,-37.91011249,145.1349539,1986.965252,1446.88247,1986.965252,1446.88247,1986.9612,1446.8819,1984.1463,1444.1907,-1272942443#3,293.2761723,5920.835197,0,0.02929999,3.254,3.114,,4.92,TRUE,0,,FALSE,1724.03,1576.79,-37.90889483,145.1319939,293.2761723,293.2761723,s_m=5920.840 route_frac=1.000,,
2026-09-10T11:23:39.637,1789003420,generate_gt,FALSE,-37.91007754,145.1351097,2000.584963,1451.034729,2000.584963,1451.034729,2000.587,1451.0348,1987.2151,1444.5235,-1272942443#3,303.8042725,5920.835197,0,0.028599985,4.545,3.254,,2.89,TRUE,0,,FALSE,1724.03,1576.79,-37.90889483,145.1319939,303.8042725,303.8042725,s_m=5920.840 route_frac=1.000,,
2026-09-10T11:23:41.677,1789003422,generate_gt,FALSE,-37.91009839,145.1352291,2011.12841,1448.931107,2011.12841,1448.931107,2011.1291,1448.9312,2000.064,1444.9421,-1272942443#3,314.2823468,5920.835197,0,0.030499999,5.316,4.545,,2.81,TRUE,0,,FALSE,1724.03,1576.79,-37.90889483,145.1319939,314.2823468,314.2823468,s_m=5920.840 route_frac=1.000,,
2026-09-10T11:23:43.713,1789003424,generate_gt,FALSE,-37.9101239,145.1353626,2022.921808,1446.335171,2022.921808,1446.335171,2022.9258,1446.3349,2010.5026,1443.871,-1272942443#3,326.1207985,5920.835197,0,0.029099989,5.916,5.316,,2.73,TRUE,0,,FALSE,1724.03,1576.79,-37.90889483,145.1319939,326.1207985,326.1207985,s_m=5920.840 route_frac=1.000,,
2026-09-10T11:23:45.750,1789003426,generate_gt,FALSE,-37.91013447,145.1354835,2033.574298,1445.374877,2033.574298,1445.374877,2033.5773,1445.3755,2022.4379,1442.3935,-1272942443#3,336.2850088,5920.835197,0,0.030900002,5.273,5.916,,2.68,TRUE,0,,FALSE,1724.03,1576.79,-37.90889483,145.1319939,336.2850088,336.2850088,s_m=5920.840 route_frac=1.000,,
2026-09-10T11:23:47.785,1789003428,generate_gt,FALSE,-37.91012645,145.1355783,2041.890924,1446.431514,2041.890924,1446.431514,2041.8912,1446.4319,2032.9767,1441.0068,-1272942443#3,343.5533461,5920.835197,0,0.029499992,4.229,5.273,,2.61,TRUE,0,,FALSE,1724.03,1576.79,-37.90889483,145.1319939,343.5533461,343.5533461,s_m=5920.840 route_frac=1.000,,
2026-09-10T11:23:49.822,1789003430,generate_gt,FALSE,-37.91014097,145.135622,2045.765072,1444.897144,2045.765072,1444.897144,2045.7629,1444.8967,2046.989,1446.4133,-1272942443#3,347.7199767,5920.835197,0,0.031000003,3.226,4.229,,6.16,TRUE,0,,FALSE,1724.03,1576.79,-37.90889483,145.1319939,347.7199767,347.7199767,s_m=5920.840 route_frac=1.000,,
2026-09-10T11:23:51.842,1789003432,generate_gt,FALSE,-37.9101293,145.1356195,2045.519383,1446.187708,2045.519383,1446.187708,2045.517,1446.1877,2046.9835,1444.8923,-1272942443#3,347.0048731,5920.835197,0,0.031400006,2.933,3.226,,11.71,TRUE,0,,FALSE,1724.03,1576.79,-37.90889483,145.1319939,347.0048731,347.0048731,s_m=5920.840 route_frac=1.000,,
2026-09-10T11:23:53.879,1789003434,generate_gt,FALSE,-37.90999368,145.1356649,2049.209787,1461.316597,2049.209787,1461.316597,2049.2137,1461.3167,2046.9882,1446.1823,-1272942443#3,345.0739061,5920.835197,0,0.035900041,2.293,2.933,,2.53,TRUE,0,,FALSE,1724.03,1576.79,-37.90889483,145.1319939,345.0739061,345.0739061,s_m=5920.840 route_frac=1.000,,
2026-09-10T11:23:55.906,1789003436,generate_gt,FALSE,-37.90998791,145.1357284,2054.779651,1462.068514,2054.779651,1462.068514,2054.7825,1462.068,2050.2551,1461.4621,-1272942443#3,350.0804918,5920.835197,0,0.032000011,2.548,2.293,,2.53,TRUE,0,,FALSE,1724.03,1576.79,-37.90889483,145.1319939,350.0804918,350.0804918,s_m=5920.840 route_frac=1.000,,
2026-09-10T11:23:57.944,1789003438,generate_gt,FALSE,-37.91016206,145.1357738,2059.157502,1442.823798,2059.157502,1442.823798,2059.1551,1442.8237,2053.349,1458.4901,-1272942443#3,360.9118808,5920.835197,0,0.031400006,3.003,2.548,,19.28,TRUE,0,,FALSE,1724.03,1576.79,-37.90889483,145.1319939,360.9118808,360.9118808,s_m=5920.840 route_frac=1.000,,
2026-09-10T11:23:59.980,1789003440,generate_gt,FALSE,-37.91014257,145.1358011,2061.514354,1445.034503,2061.514354,1445.034503,2061.5171,1445.0349,2050.18,1442.8237,-1272942443#3,362.2915954,5920.835197,0,0.030400057,3.863,3.003,,24.38,TRUE,0,,FALSE,1724.03,1576.79,-37.90889483,145.1319939,362.2915954,362.2915954,s_m=5920.840 route_frac=1.000,,
2026-09-10T11:24:02.018,1789003442,generate_gt,FALSE,-37.90983805,145.1358294,2063.326622,1478.875291,2063.326622,1478.875291,2063.3265,1478.8755,2062.9349,1453.617,-1272942443#3,353.1423057,5920.835197,0,0.029999996,5.267,3.863,,2.4,TRUE,0,,FALSE,1724.03,1576.79,-37.90889483,145.1319939,353.1423057,353.1423057,s_m=5920.840 route_frac=1.000,,
2026-09-10T11:24:04.065,1789003444,generate_gt,FALSE,-37.90973491,145.1358344,2063.53733,1490.329002,2063.53733,1490.329002,2063.537,1490.3287,2064.0775,1478.87,-1272942443#3,350.3437335,5920.835197,0,0.030199997,5.85,5.267,,2.36,TRUE,0,,FALSE,1724.03,1576.79,-37.90889483,145.1319939,350.3437335,350.3437335,s_m=5920.840 route_frac=1.000,,
2026-09-10T11:24:06.109,1789003446,generate_gt,FALSE,-37.90962757,145.135844,2064.143136,1502.256852,2064.143136,1502.256852,2064.1435,1502.2567,2064.1609,1490.3242,-1272942443#3,348.1840542,5920.835197,0,0.028899987,5.979,5.85,,2.33,TRUE,0,,FALSE,1724.03,1576.79,-37.90889483,145.1319939,348.1840542,348.1840542,s_m=5920.840 route_frac=1.000,,
2026-09-10T11:24:08.130,1789003448,generate_gt,FALSE,-37.90951979,145.13584,2063.552303,1514.209616,2063.552303,1514.209616,2063.5558,1514.2099,2064.2479,1502.256,-1272942443#3,345.2415076,5920.835197,0,0.02919999,6.014,5.979,,2.51,TRUE,0,,FALSE,1724.03,1576.79,-37.90889483,145.1319939,345.2415076,345.2415076,s_m=5920.840 route_frac=1.000,,
2026-09-10T11:24:10.168,1789003450,generate_gt,FALSE,-37.90941404,145.1358462,2063.862724,1525.955054,2063.862724,1525.955054,2063.8632,1525.9555,2064.335,1514.2042,-1272942443#3,343.6138417,5920.835197,0,0.037499995,5.917,6.014,,2.6,TRUE,0,,FALSE,1724.03,1576.79,-37.90889483,145.1319939,343.6138417,343.6138417,s_m=5920.840 route_frac=1.000,,
2026-09-10T11:24:12.205,1789003452,generate_gt,FALSE,-37.90930877,145.1358513,2064.077504,1537.645295,2064.077504,1537.645295,2064.0747,1537.6448,2064.4206,1525.9514,-1272942443#3,342.2931685,5920.835197,0,0.034100027,5.896,5.917,,3.05,TRUE,0,,FALSE,1724.03,1576.79,-37.90889483,145.1319939,342.2931685,342.2931685,s_m=5920.840 route_frac=1.000,,
2026-09-10T11:24:14.251,1789003454,generate_gt,FALSE,-37.90920885,145.1358447,2063.275529,1548.721303,2063.275529,1548.721303,2063.2792,1548.721,2064.5058,1537.6417,-1272942443#3,340.4047312,5920.835197,0,0.029799994,5.645,5.896,,2.63,TRUE,0,,FALSE,1724.03,1576.79,-37.90889483,145.1319939,340.4047312,340.4047312,s_m=5920.840 route_frac=1.000,,
2026-09-10T11:24:16.268,1789003456,generate_gt,FALSE,-37.90913259,145.1358526,2063.800853,1557.197375,2063.800853,1557.197375,2063.8045,1557.1979,2064.5865,1548.7114,-1272942443#3,340.3352808,5920.835197,0,0.028999988,4.434,5.645,,2.57,TRUE,0,,FALSE,1724.03,1576.79,-37.90889483,145.1319939,340.3352808,340.3352808,s_m=5920.840 route_frac=1.000,,
2026-09-10T11:24:18.289,1789003458,generate_gt,FALSE,-37.9090902,145.1358853,2066.581679,1561.958666,2066.581679,1561.958666,2066.5781,1561.9582,2064.2954,1558.4674,-1272942443#3,342.8726022,5920.835197,0,0.032000011,3.048,4.434,,3.43,TRUE,0,,FALSE,1724.03,1576.79,-37.90889483,145.1319939,342.8726022,342.8726022,s_m=5920.840 route_frac=1.000,,
2026-09-10T11:24:20.309,1789003460,generate_gt,FALSE,-37.90909699,145.1359749,2074.474118,1561.362733,2074.474118,1561.362733,2074.4763,1561.363,2066.2609,1561.1338,-1272942443#3,350.7835238,5920.835197,0,0.031100004,3.547,3.048,,3.91,TRUE,0,,FALSE,1724.03,1576.79,-37.90889483,145.1319939,350.7835238,350.7835238,s_m=5920.840 route_frac=1.000,,
2026-09-10T11:24:22.340,1789003463,generate_gt,FALSE,-37.90918564,145.1360807,2083.972438,1551.711686,2083.972438,1551.711686,2083.9713,1551.7121,2073.3293,1558.4111,-1272942443#3,360.8150223,5920.835197,0,0.031300006,4.332,3.547,,4.23,TRUE,0,,FALSE,1724.03,1576.79,-37.90889483,145.1319939,360.8150223,360.8150223,s_m=5920.840 route_frac=1.000,,
2026-09-10T11:24:24.365,1789003465,generate_gt,FALSE,-37.90928326,145.1360713,2083.362611,1540.862769,2083.362611,1540.862769,2083.3653,1540.8628,2083.7888,1551.3802,-1272942443#3,361.1242052,5920.835197,0,0.030299998,5.051,4.332,,3.95,TRUE,0,,FALSE,1724.03,1576.79,-37.90889483,145.1319939,361.1242052,361.1242052,s_m=5920.840 route_frac=1.000,,
2026-09-10T11:24:26.397,1789003467,generate_gt,FALSE,-37.90938059,145.1360659,2083.103812,1530.053064,2083.103812,1530.053064,2083.1056,1530.0533,2083.9269,1540.8574,-1272942443#3,362.1026695,5920.835197,0,0.029699993,5.401,5.051,,3.78,TRUE,0,,FALSE,1724.03,1576.79,-37.90889483,145.1319939,362.1026695,362.1026695,s_m=5920.840 route_frac=1.000,,
2026-09-10T11:24:28.443,1789003469,generate_gt,FALSE,-37.90947955,145.1360637,2083.129963,1519.068111,2083.129963,1519.068111,2083.1338,1519.0679,2083.8234,1530.0464,-1272942443#3,363.7094994,5920.835197,0,0.029100047,5.455,5.401,,3.66,TRUE,0,,FALSE,1724.03,1576.79,-37.90889483,145.1319939,363.7094994,363.7094994,s_m=5920.840 route_frac=1.000,,
2026-09-10T11:24:30.474,1789003471,generate_gt,FALSE,-37.90958028,145.1360532,2082.430336,1507.872159,2082.430336,1507.872159,2082.4293,1507.8719,2083.7182,1519.0623,-1272942443#3,364.966395,5920.835197,0,0.044799992,5.561,5.455,,3.5,TRUE,0,,FALSE,1724.03,1576.79,-37.90889483,145.1319939,364.966395,364.966395,s_m=5920.840 route_frac=1.000,,
2026-09-10T11:24:32.514,1789003473,generate_gt,FALSE,-37.90967803,145.1360504,2082.401056,1497.020419,2082.401056,1497.020419,2082.3993,1497.0208,2083.611,1507.8606,-1272942443#3,367.1416617,5920.835197,0,0.038400001,5.405,5.561,,3.43,TRUE,0,,FALSE,1724.03,1576.79,-37.90889483,145.1319939,367.1416617,367.1416617,s_m=5920.840 route_frac=1.000,,
2026-09-10T11:24:34.542,1789003475,generate_gt,FALSE,-37.90977186,145.1360552,2083.031243,1486.617021,2083.031243,1486.617021,2083.031,1486.6166,2083.5071,1497.0102,-1272942443#3,370.1527507,5920.835197,0,0.039100007,5.214,5.405,,3.42,TRUE,0,,FALSE,1724.03,1576.79,-37.90889483,145.1319939,370.1527507,370.1527507,s_m=5920.840 route_frac=1.000,,
2026-09-10T11:24:36.583,1789003477,generate_gt,FALSE,-37.90985548,145.1360508,2082.829947,1477.330401,2082.829947,1477.330401,2082.8278,1477.3301,2083.4075,1486.613,-1272942443#3,372.3299798,5920.835197,0,0.03299996,4.631,5.214,,3.54,TRUE,0,,FALSE,1724.03,1576.79,-37.90889483,145.1319939,372.3299798,372.3299798,s_m=5920.840 route_frac=1.000,,
2026-09-10T11:24:38.618,1789003479,generate_gt,FALSE,-37.90992523,145.1360484,2082.77371,1469.58638,2082.77371,1469.58638,2082.7738,1469.5859,2083.3186,1477.3254,-1272942443#3,374.4191037,5920.835197,0,0.031100004,3.966,4.631,,3.56,TRUE,0,,FALSE,1724.03,1576.79,-37.90889483,145.1319939,374.4191037,374.4191037,s_m=5920.840 route_frac=1.000,,
2026-09-10T11:24:40.658,1789003481,generate_gt,FALSE,-37.90998184,145.1360485,2082.908108,1463.304833,2082.908108,1463.304833,2082.9106,1463.3045,2083.2444,1469.5814,-1272942443#3,376.3939151,5920.835197,0,0.031100004,3.161,3.966,,3.59,TRUE,0,,FALSE,1724.03,1576.79,-37.90889483,145.1319939,376.3939151,376.3939151,s_m=5920.840 route_frac=1.000,,
2026-09-10T11:24:42.692,1789003483,generate_gt,FALSE,-37.91002129,145.1360468,2082.846182,1458.924279,2082.846182,1458.924279,2082.8455,1458.9242,2083.1843,1463.3019,-1272942443#3,377.6789389,5920.835197,0,0.029699993,2.38,3.161,,3.63,TRUE,0,,FALSE,1724.03,1576.79,-37.90889483,145.1319939,377.6789389,377.6789389,s_m=5920.840 route_frac=1.000,,
2026-09-10T11:24:44.724,1789003485,generate_gt,FALSE,-37.91006546,145.1360919,2086.909197,1454.102241,2086.909197,1454.102241,2086.9059,1454.1019,2083.1424,1458.9213,-1272942443#3,383.0582167,5920.835197,0,0.0306,3.016,2.38,,3.74,TRUE,0,,FALSE,1724.03,1576.79,-37.90889483,145.1319939,383.0582167,383.0582167,s_m=5920.840 route_frac=1.000,,
2026-09-10T11:24:46.751,1789003487,generate_gt,FALSE,-37.9100705,145.1361921,2095.729556,1453.719114,2095.729556,1453.719114,2095.7324,1453.7187,2086.8136,1453.4261,-1272942443#3,391.5443821,5920.835197,0,0.02929999,4.025,3.016,,3.83,TRUE,0,,FALSE,1724.03,1576.79,-37.90889483,145.1319939,391.5443821,391.5443821,s_m=5920.840 route_frac=1.000,,
2026-09-10T11:24:48.788,1789003489,generate_gt,FALSE,-37.91008491,145.1362928,2104.61466,1452.297115,2104.61466,1452.297115,2104.616,1452.2967,2096.3683,1453.7865,-1272942443#3,400.4287228,5920.835197,0,0.029799994,4.396,4.025,,3.82,TRUE,0,,FALSE,1724.03,1576.79,-37.90889483,145.1319939,400.4287228,400.4287228,s_m=5920.840 route_frac=1.000,,
2026-09-10T11:24:50.828,1789003491,generate_gt,FALSE,-37.91007355,145.1363781,2112.088687,1453.707605,2112.088687,1453.707605,2112.0865,1453.708,2104.4632,1451.0808,-1272942443#3,407.1103299,5920.835197,0,0.029899995,3.701,4.396,,3.87,TRUE,0,,FALSE,1724.03,1576.79,-37.90889483,145.1319939,407.1103299,407.1103299,s_m=5920.840 route_frac=1.000,,
2026-09-10T11:24:52.864,1789003493,generate_gt,FALSE,-37.91000319,145.1363912,2113.084299,1461.53812,2113.084299,1461.53812,2113.0809,1461.538,2112.304,1453.7052,-1272942443#3,405.7662427,5920.835197,0,0.032500015,3.459,3.701,,3.82,TRUE,0,,FALSE,1724.03,1576.79,-37.90889483,145.1319939,405.7662427,405.7662427,s_m=5920.840 route_frac=1.000,,
2026-09-10T11:24:54.896,1789003495,generate_gt,FALSE,-37.90992375,145.1363791,2111.844285,1470.331904,2111.844285,1470.331904,2111.8425,1470.3323,2112.4043,1461.5467,-1272942443#3,402.1607214,5920.835197,0,0.029799994,4.248,3.459,,3.91,TRUE,0,,FALSE,1724.03,1576.79,-37.90889483,145.1319939,402.1607214,402.1607214,s_m=5920.840 route_frac=1.000,,
2026-09-10T11:24:56.932,1789003497,generate_gt,FALSE,-37.90984795,145.1363782,2111.597005,1478.741461,2111.597005,1478.741461,2111.5971,1478.7418,2112.5166,1470.3237,-1272942443#3,399.7770622,5920.835197,0,0.029699993,4.112,4.248,,3.82,TRUE,0,,FALSE,1724.03,1576.79,-37.90889483,145.1319939,399.7770622,399.7770622,s_m=5920.840 route_frac=1.000,,
2026-09-10T11:24:58.969,1789003499,generate_gt,FALSE,-37.90979172,145.1363772,2111.384348,1484.97926,2111.384348,1484.97926,2111.3837,1484.9787,2112.6241,1478.7287,-1272942443#3,398.0861753,5920.835197,0,0.029999996,3.224,4.112,,3.81,TRUE,0,,FALSE,1724.03,1576.79,-37.90889483,145.1319939,398.0861753,398.0861753,s_m=5920.840 route_frac=1.000,,
2026-09-10T11:25:01.001,1789003501,generate_gt,FALSE,-37.90975949,145.1363835,2111.866722,1488.566731,2111.866722,1488.566731,2111.8641,1488.5671,2112.7038,1484.9618,-1272942443#3,397.7444755,5920.835197,0,0.029599993,2.065,3.224,,3.84,TRUE,0,,FALSE,1724.03,1576.79,-37.90889483,145.1319939,397.7444755,397.7444755,s_m=5920.840 route_frac=1.000,,
2026-09-10T11:25:03.041,1789003503,generate_gt,FALSE,-37.90976062,145.1364265,2115.64963,1488.516917,2115.64963,1488.516917,2115.6528,1488.5168,2113.5364,1487.4148,-1272942443#3,401.4449794,5920.835197,0,0.029600051,1.552,2.065,,3.99,TRUE,0,,FALSE,1724.03,1576.79,-37.90889483,145.1319939,401.4449794,401.4449794,s_m=5920.840 route_frac=1.000,,
2026-09-10T11:25:05.069,1789003505,generate_gt,FALSE,-37.90981384,145.1364469,2117.561181,1482.64722,2117.561181,1482.64722,2117.5572,1482.6471,2115.0928,1487.4242,-1272942443#3,404.6352107,5920.835197,0,0.030099996,2.518,1.552,,4.19,TRUE,0,,FALSE,1724.03,1576.79,-37.90889483,145.1319939,404.6352107,404.6352107,s_m=5920.840 route_frac=1.000,,
2026-09-10T11:25:07.099,1789003507,generate_gt,FALSE,-37.90988863,145.1364248,2115.784143,1474.309313,2115.784143,1474.309313,2115.7815,1474.3098,2115.875,1482.6686,-1272942443#3,404.9365376,5920.835197,0,0.02929999,3.841,2.518,,4.18,TRUE,0,,FALSE,1724.03,1576.79,-37.90889483,145.1319939,404.9365376,404.9365376,s_m=5920.840 route_frac=1.000,,
2026-09-10T11:25:09.140,1789003509,generate_gt,FALSE,-37.90997426,145.1364238,2115.886184,1464.805632,2115.886184,1464.805632,2115.8903,1464.8061,2115.7681,1474.31,-1272942443#3,407.543578,5920.835197,0,0.02929999,4.586,3.841,,4.15,TRUE,0,,FALSE,1724.03,1576.79,-37.90889483,145.1319939,407.543578,407.543578,s_m=5920.840 route_frac=1.000,,
2026-09-10T11:25:11.173,1789003511,generate_gt,FALSE,-37.91005393,145.1364243,2116.106879,1455.965938,2116.106879,1455.965938,2116.1101,1455.9656,2115.6466,1464.8092,-1272942443#3,410.271536,5920.835197,0,0.029699993,4.396,4.586,,4.16,TRUE,0,,FALSE,1724.03,1576.79,-37.90889483,145.1319939,410.271536,410.271536,s_m=5920.840 route_frac=1.000,,
2026-09-10T11:25:13.211,1789003513,generate_gt,FALSE,-37.91009843,145.1363758,2111.941675,1450.942756,2111.941675,1450.942756,2111.9416,1450.9422,2115.5337,1455.973,-1272942443#3,407.8149046,5920.835197,0,0.029100047,3.251,4.396,,4.08,TRUE,0,,FALSE,1724.03,1576.79,-37.90889483,145.1319939,407.8149046,407.8149046,s_m=5920.840 route_frac=1.000,,
2026-09-10T11:25:15.239,1789003515,generate_gt,FALSE,-37.91010291,145.1362808,2103.599603,1450.278655,2103.599603,1450.278655,2103.6007,1450.2782,2111.5612,1451.1905,-1272942443#3,400.097743,5920.835197,0,0.029599993,3.892,3.251,,4.13,TRUE,0,,FALSE,1724.03,1576.79,-37.90889483,145.1319939,400.097743,400.097743,s_m=5920.840 route_frac=1.000,,
2026-09-10T11:25:17.282,1789003517,generate_gt,FALSE,-37.91008633,145.1361754,2094.296482,1451.933185,2094.296482,1451.933185,2094.2935,1451.9333,2103.3112,1448.0028,-1272942443#3,390.751189,5920.835197,0,0.028999988,4.514,3.892,,4.01,TRUE,0,,FALSE,1724.03,1576.79,-37.90889483,145.1319939,390.751189,390.751189,s_m=5920.840 route_frac=1.000,,
2026-09-10T11:25:19.318,1789003519,generate_gt,FALSE,-37.91006799,145.1360619,2084.277332,1453.768763,2084.277332,1453.768763,2084.2741,1453.7684,2094.2888,1452.6099,-1272942443#3,380.6735671,5920.835197,0,0.031300006,4.96,4.514,,3.94,TRUE,0,,FALSE,1724.03,1576.79,-37.90889483,145.1319939,380.6735671,380.6735671,s_m=5920.840 route_frac=1.000,,
2026-09-10T11:25:21.356,1789003522,generate_gt,FALSE,-37.91004689,145.1358874,2068.889178,1455.803351,2068.889178,1455.803351,2068.8906,1455.8034,2084.6882,1452.914,-1272942443#3,365.4663075,5920.835197,0,0.030299998,5.073,4.96,,3.76,TRUE,0,,FALSE,1724.03,1576.79,-37.90889483,145.1319939,365.4663075,365.4663075,s_m=5920.840 route_frac=1.000,,
2026-09-10T11:25:23.376,1789003524,generate_gt,FALSE,-37.91003613,145.1357942,2060.671532,1456.833476,2060.671532,1456.833476,2060.6748,1456.8335,2069.1789,1456.2407,-1272942443#3,357.375277,5920.835197,0,0.02950005,4.2,5.073,,3.77,TRUE,0,,FALSE,1724.03,1576.79,-37.90889483,145.1319939,357.375277,357.375277,s_m=5920.840 route_frac=1.000,,
2026-09-10T11:25:25.407,1789003526,generate_gt,FALSE,-37.91003532,145.1357215,2054.278242,1456.795536,2054.278242,1456.795536,2054.2767,1456.796,2060.7001,1457.2503,-1272942443#3,351.3724132,5920.835197,0,0.029899995,3.306,4.2,,3.7,TRUE,0,,FALSE,1724.03,1576.79,-37.90889483,145.1319939,351.3724132,351.3724132,s_m=5920.840 route_frac=1.000,,
2026-09-10T11:25:27.449,1789003528,generate_gt,FALSE,-37.91004535,145.1356636,2049.210166,1455.580754,2049.210166,1455.580754,2049.2111,1455.5808,2054.21,1455.3,-1272942443#3,347.0357637,5920.835197,0,0.030399999,2.654,3.306,,3.81,TRUE,0,,FALSE,1724.03,1576.79,-37.90889483,145.1319939,347.0357637,347.0357637,s_m=5920.840 route_frac=1.000,,
2026-09-10T11:25:29.465,1789003530,generate_gt,FALSE,-37.91009828,145.135649,2048.044059,1449.68171,2048.044059,1449.68171,2048.0451,1449.682,2049.5981,1456.239,-1272942443#3,348.0540587,5920.835197,0,0.045799999,2.657,2.654,,3.86,TRUE,0,,FALSE,1724.03,1576.79,-37.90889483,145.1319939,348.0540587,348.0540587,s_m=5920.840 route_frac=1.000,,
2026-09-10T11:25:31.493,1789003532,generate_gt,FALSE,-37.91015503,145.1356393,2047.31722,1443.367396,2047.31722,1443.367396,2047.3185,1443.3669,2050.2009,1449.6742,-1272942443#3,349.7373555,5920.835197,0,0.045799999,3.081,2.657,,4.02,TRUE,0,,FALSE,1724.03,1576.79,-37.90889483,145.1319939,349.7373555,349.7373555,s_m=5920.840 route_frac=1.000,,
2026-09-10T11:25:33.524,1789003534,generate_gt,FALSE,-37.91018071,145.1355745,2041.677267,1440.403876,2041.677267,1440.403876,2041.6808,1440.4038,2050.18,1443.3669,-1272942443#3,345.6891102,5920.835197,0,0.03450003,3.105,3.081,,4.13,TRUE,0,,FALSE,1724.03,1576.79,-37.90889483,145.1319939,345.6891102,345.6891102,s_m=5920.840 route_frac=1.000,,
2026-09-10T11:25:35.557,1789003536,generate_gt,FALSE,-37.91016459,145.1354744,2032.841115,1442.016612,2032.841115,1442.016612,2032.8448,1442.0163,2041.6014,1439.825,-1272942443#3,336.9394174,5920.835197,0,0.034300028,4.124,3.105,,4.24,TRUE,0,,FALSE,1724.03,1576.79,-37.90889483,145.1319939,336.9394174,336.9394174,s_m=5920.840 route_frac=1.000,,
2026-09-10T11:25:37.600,1789003538,generate_gt,FALSE,-37.91015138,145.1353653,2023.220176,1443.290603,2023.220176,1443.290603,2023.2166,1443.2904,2032.711,1441.0434,-1272942443#3,327.6230309,5920.835197,0,0.030099996,4.718,4.124,,4.4,TRUE,0,,FALSE,1724.03,1576.79,-37.90889483,145.1319939,327.6230309,327.6230309,s_m=5920.840 route_frac=1.000,,
2026-09-10T11:25:39.643,1789003540,generate_gt,FALSE,-37.91013685,145.1352477,2012.849018,1444.696108,2012.849018,1444.696108,2012.8512,1444.6958,2023.0955,1442.3121,-1272942443#3,317.5928551,5920.835197,0,0.029799994,5.17,4.718,,4.56,TRUE,0,,FALSE,1724.03,1576.79,-37.90889483,145.1319939,317.5928551,317.5928551,s_m=5920.840 route_frac=1.000,,
2026-09-10T11:25:41.683,1789003542,generate_gt,FALSE,-37.91012351,145.135127,2002.207959,1445.964099,2002.207959,1445.964099,2002.2105,1445.9637,2012.7152,1443.5971,-1272942443#3,307.4059091,5920.835197,0,0.029399991,5.242,5.17,,4.66,TRUE,0,,FALSE,1724.03,1576.79,-37.90889483,145.1319939,307.4059091,307.4059091,s_m=5920.840 route_frac=1.000,,
2026-09-10T11:25:43.713,1789003544,generate_gt,FALSE,-37.91011997,145.1350106,1991.96669,1446.152184,1991.96669,1446.152184,1991.9665,1446.1523,2002.1077,1444.7667,-1272942443#3,298.0877534,5920.835197,0,0.028899987,5.135,5.242,,4.8,TRUE,0,,FALSE,1724.03,1576.79,-37.90889483,145.1319939,298.0877534,298.0877534,s_m=5920.840 route_frac=1.000,,
2026-09-10T11:25:45.745,1789003546,generate_gt,FALSE,-37.91012343,145.1348994,1982.198124,1445.572648,1982.198124,1445.572648,1982.1949,1445.5723,1992.0854,1445.0477,-1272942443#3,289.6010594,5920.835197,0,0.031800009,4.922,5.135,,4.6,TRUE,0,,FALSE,1724.03,1576.79,-37.90889483,145.1319939,289.6010594,289.6010594,s_m=5920.840 route_frac=1.000,,
2026-09-10T11:25:47.779,1789003548,generate_gt,FALSE,-37.91014902,145.1348017,1973.665559,1442.561195,1973.665559,1442.561195,1973.6653,1442.5608,1982.4424,1443.9634,-1272942443#3,283.4347969,5920.835197,0,0.030700001,4.568,4.922,,4.51,TRUE,0,,FALSE,1724.03,1576.79,-37.90889483,145.1319939,283.4347969,283.4347969,s_m=5920.840 route_frac=1.000,,
2026-09-10T11:25:49.813,1789003550,generate_gt,FALSE,-37.91017878,145.1346982,1964.632346,1439.076806,1964.632346,1439.076806,1964.6293,1439.0764,1974.0156,1441.4638,-1272942443#3,277.2262845,5920.835197,0,0.033500022,4.807,0,,4.49,TRUE,0,,FALSE,1724.03,1576.79,-37.90889483,145.1319939,277.2262845,277.2262845,s_m=5920.840 route_frac=1.000,,
2026-09-10T11:25:51.846,1789003552,generate_gt,FALSE,-37.91021608,145.1346126,1957.189577,1434.787223,1957.189577,1434.787223,1957.1908,1434.7876,1965.1877,1437.8634,-1272942443#3,272.9984928,5920.835197,0,0.039799954,4.246,4.807,,4.34,TRUE,0,,FALSE,1724.03,1576.79,-37.90889483,145.1319939,272.9984928,272.9984928,s_m=5920.840 route_frac=1.000,,
2026-09-10T11:25:53.888,1789003554,generate_gt,FALSE,-37.91025321,145.1345572,1952.401493,1430.569629,1952.401493,1430.569629,1952.4018,1430.5698,1957.7608,1433.8265,-1272942443#3,271.171414,5920.835197,0,0.032499956,3.297,4.246,,4.21,TRUE,0,,FALSE,1724.03,1576.79,-37.90889483,145.1319939,271.171414,271.171414,s_m=5920.840 route_frac=1.000,,
2026-09-10T11:25:55.927,1789003556,generate_gt,FALSE,-37.91028904,145.1345033,1947.742401,1426.498926,1947.742401,1426.498926,1947.7404,1426.499,1952.3822,1430.5945,-1272942443#3,269.5081545,5920.835197,0,0.041999971,3.062,3.297,,4.18,TRUE,0,,FALSE,1724.03,1576.79,-37.90889483,145.1319939,269.5081545,269.5081545,s_m=5920.840 route_frac=1.000,,
2026-09-10T11:25:57.959,1789003558,generate_gt,FALSE,-37.91031929,145.1344458,1942.754425,1423.04107,1942.754425,1423.04107,1942.7581,1423.0409,1947.5462,1426.7428,-1272942443#3,267.35577,5920.835197,0,0.042599975,3.049,3.062,,4.18,TRUE,0,,FALSE,1724.03,1576.79,-37.90889483,145.1319939,267.35577,267.35577,s_m=5920.840 route_frac=1.000,,
2026-09-10T11:26:00.003,1789003560,generate_gt,FALSE,-37.91031932,145.1343561,1934.868457,1422.879914,1934.868457,1422.879914,1934.8674,1422.8796,1943.0778,1422.7677,-1272942443#3,261.0386355,5920.835197,0,0.036799989,3.731,3.049,,4.06,TRUE,0,,FALSE,1724.03,1576.79,-37.90889483,145.1319939,261.0386355,261.0386355,s_m=5920.840 route_frac=1.000,,
2026-09-10T11:26:02.047,1789003562,generate_gt,FALSE,-37.91029326,145.1342821,1928.30482,1425.641452,1928.30482,1425.641452,1928.3091,1425.6416,1934.8779,1423.2759,-1272942443#3,254.1143157,5920.835197,0,0.034000026,3.499,3.731,,4.05,TRUE,0,,FALSE,1724.03,1576.79,-37.90889483,145.1319939,254.1143157,254.1143157,s_m=5920.840 route_frac=1.000,,
2026-09-10T11:26:04.091,1789003564,generate_gt,FALSE,-37.91029096,145.1341861,1919.859804,1425.727745,1919.859804,1425.727745,1919.8625,1425.7273,1928.2474,1423.4575,-1272942443#3,247.3239111,5920.835197,0,0.03559998,4.117,3.499,,4.04,TRUE,0,,FALSE,1724.03,1576.79,-37.90889483,145.1319939,247.3239111,247.3239111,s_m=5920.840 route_frac=1.000,,
2026-09-10T11:26:06.130,1789003566,generate_gt,FALSE,-37.91029255,145.1340807,1910.597021,1425.365834,1910.597021,1425.365834,1910.5928,1425.366,1919.8054,1423.6953,-1272942443#3,240.2842717,5920.835197,0,0.031200005,4.62,4.117,,4.03,TRUE,0,,FALSE,1724.03,1576.79,-37.90889483,145.1319939,240.2842717,240.2842717,s_m=5920.840 route_frac=1.000,,
2026-09-10T11:26:08.161,1789003568,generate_gt,FALSE,-37.91028798,145.1339731,1901.12714,1425.683585,1901.12714,1425.683585,1901.1297,1425.6836,1910.5531,1423.9556,-1272942443#3,232.8015156,5920.835197,0,0.029599993,4.595,4.62,,3.96,TRUE,0,,FALSE,1724.03,1576.79,-37.90889483,145.1319939,232.8015156,232.8015156,s_m=5920.840 route_frac=1.000,,
2026-09-10T11:26:10.208,1789003570,generate_gt,FALSE,-37.91028658,145.1338689,1891.963213,1425.655549,1891.963213,1425.655549,1891.9629,1425.656,1901.0886,1424.2219,-1272942443#3,225.9273913,5920.835197,0,0.029499992,4.65,4.595,,3.95,TRUE,0,,FALSE,1724.03,1576.79,-37.90889483,145.1319939,225.9273913,225.9273913,s_m=5920.840 route_frac=1.000,,
2026-09-10T11:26:12.251,1789003572,generate_gt,FALSE,-37.91028424,145.1337679,1883.078528,1425.737443,1883.078528,1425.737443,1883.0827,1425.738,1891.9298,1424.4796,-1272942443#3,219.3474619,5920.835197,0,0.028999988,4.412,4.65,,3.9,TRUE,0,,FALSE,1724.03,1576.79,-37.90889483,145.1319939,219.3474619,219.3474619,s_m=5920.840 route_frac=1.000,,
2026-09-10T11:26:14.287,1789003574,generate_gt,FALSE,-37.91028219,145.1336652,1874.045029,1425.784155,1874.045029,1425.784155,1874.0421,1425.7839,1883.0543,1424.7293,-1272942443#3,212.8550542,5920.835197,0,0.029699993,4.536,4.412,,3.93,TRUE,0,,FALSE,1724.03,1576.79,-37.90889483,145.1319939,212.8550542,212.8550542,s_m=5920.840 route_frac=1.000,,
2026-09-10T11:26:16.330,1789003577,generate_gt,FALSE,-37.91028032,145.1334938,1858.97212,1425.68995,1858.97212,1425.68995,1858.9743,1425.6895,1874.0197,1424.9834,-1272942443#3,202.5847989,5920.835197,0,0.031300006,4.742,4.536,,3.98,TRUE,0,,FALSE,1724.03,1576.79,-37.90889483,145.1319939,202.5847989,202.5847989,s_m=5920.840 route_frac=1.000,,
2026-09-10T11:26:18.367,1789003579,generate_gt,FALSE,-37.9102729,145.1333899,1849.821189,1426.330405,1849.821189,1426.330405,1849.8222,1426.33,1858.9663,1425.411,-1272942443#3,196.1160701,5920.835197,0,0.02919999,4.621,4.742,,3.99,TRUE,0,,FALSE,1724.03,1576.79,-37.90889483,145.1319939,196.1160701,196.1160701,s_m=5920.840 route_frac=1.000,,
2026-09-10T11:26:20.400,1789003581,generate_gt,FALSE,-37.91026512,145.1332774,1839.913381,1426.995656,1839.913381,1426.995656,1839.9161,1426.9959,1849.8003,1425.7149,-1272942443#3,189.3866504,5920.835197,0,0.030099996,4.856,4.621,,3.99,TRUE,0,,FALSE,1724.03,1576.79,-37.90889483,145.1319939,189.3866504,189.3866504,s_m=5920.840 route_frac=1.000,,
2026-09-10T11:26:22.416,1789003583,generate_gt,FALSE,-37.91025857,145.1331788,1831.230332,1427.548882,1831.230332,1427.548882,1831.226,1427.5491,1839.9306,1425.8909,-1272942443#3,183.7520686,5920.835197,0,0.029899995,4.396,4.856,,3.92,TRUE,0,,FALSE,1724.03,1576.79,-37.90889483,145.1319939,183.7520686,183.7520686,s_m=5920.840 route_frac=1.000,,
2026-09-10T11:26:24.436,1789003585,generate_gt,FALSE,-37.91032691,145.1330921,1823.759912,1419.812885,1823.759912,1419.812885,1823.7628,1419.8126,1831.3101,1425.6096,-1272942443#3,185.9781433,5920.835197,0,0.030299998,4.05,4.396,,7.65,TRUE,0,,FALSE,1724.03,1576.79,-37.90889483,145.1319939,185.9781433,185.9781433,s_m=5920.840 route_frac=1.000,,
2026-09-10T11:26:26.458,1789003587,generate_gt,FALSE,-37.91032602,145.1330021,1815.845523,1419.753175,1815.845523,1419.753175,1815.844,1419.7534,1823.5261,1425.272,-1272942443#3,181.908369,5920.835197,0,0.029799994,3.813,4.05,,7.19,TRUE,0,,FALSE,1724.03,1576.79,-37.90889483,145.1319939,181.908369,181.908369,s_m=5920.840 route_frac=1.000,,
2026-09-10T11:26:28.481,1789003589,generate_gt,FALSE,-37.91032237,145.1329109,1807.819501,1419.997607,1807.819501,1419.997607,1807.8214,1419.998,1815.4969,1424.9094,-1272942443#3,177.7766435,5920.835197,0,0.028999988,3.97,3.813,,5.87,TRUE,0,,FALSE,1724.03,1576.79,-37.90889483,145.1319939,177.7766435,177.7766435,s_m=5920.840 route_frac=1.000,,
2026-09-10T11:26:30.518,1789003591,generate_gt,FALSE,-37.91031796,145.1328044,1798.446679,1420.299421,1798.446679,1420.299421,1798.4446,1420.2996,1807.4131,1424.2617,-1272942443#3,173.2834189,5920.835197,0,0.029599993,4.589,3.97,,5.87,TRUE,0,,FALSE,1724.03,1576.79,-37.90889483,145.1319939,173.2834189,173.2834189,s_m=5920.840 route_frac=1.000,,
2026-09-10T11:26:32.550,1789003593,generate_gt,FALSE,-37.91031274,145.1326927,1788.614893,1420.681949,1788.614893,1420.681949,1788.618,1420.6824,1798.1501,1423.3745,-1272942443#3,168.9406169,5920.835197,0,0.02929999,4.88,4.589,,3.29,TRUE,0,,FALSE,1724.03,1576.79,-37.90889483,145.1319939,168.9406169,168.9406169,s_m=5920.840 route_frac=1.000,,
2026-09-10T11:26:34.588,1789003595,generate_gt,FALSE,-37.91030667,145.1325801,1778.702093,1421.1572,1778.702093,1421.1572,1778.6987,1421.1573,1788.4492,1422.4454,-1272942443#3,164.9563765,5920.835197,0,0.02919999,4.866,4.88,,3.16,TRUE,0,,FALSE,1724.03,1576.79,-37.90889483,145.1319939,164.9563765,164.9563765,s_m=5920.840 route_frac=1.000,,
2026-09-10T11:26:36.620,1789003597,generate_gt,FALSE,-37.91030119,145.1324783,1769.740091,1421.585992,1769.740091,1421.585992,1769.7365,1421.5864,1778.7167,1422.5322,-1272942443#3,161.7952304,5920.835197,0,0.029300048,4.453,4.866,,3.05,TRUE,0,,FALSE,1724.03,1576.79,-37.90889483,145.1319939,161.7952304,161.7952304,s_m=5920.840 route_frac=1.000,,
2026-09-10T11:26:38.644,1789003599,generate_gt,FALSE,-37.91028273,145.13239,1761.936094,1423.478878,1761.936094,1423.478878,1761.9333,1423.4792,1769.7504,1422.6492,-1272942443#3,157.9277432,5920.835197,0,0.029099989,4.006,4.453,,2.95,TRUE,0,,FALSE,1724.03,1576.79,-37.90889483,145.1319939,157.9277432,157.9277432,s_m=5920.840 route_frac=1.000,,
2026-09-10T11:26:40.682,1789003601,generate_gt,FALSE,-37.91028223,145.132283,1752.527999,1423.345886,1752.527999,1423.345886,1752.5316,1423.3465,1761.9238,1422.7513,-1272942443#3,156.0680362,5920.835197,0,0.029099989,4.609,4.006,,2.85,TRUE,0,,FALSE,1724.03,1576.79,-37.90889483,145.1319939,156.0680362,156.0680362,s_m=5920.840 route_frac=1.000,,
2026-09-10T11:26:42.726,1789003603,generate_gt,FALSE,-37.91026508,145.1321714,1742.678471,1425.052347,1742.678471,1425.052347,1742.6807,1425.0529,1752.5581,1423.5475,-1272942443#3,152.8793009,5920.835197,0,0.029399991,4.881,4.609,,2.77,TRUE,0,,FALSE,1724.03,1576.79,-37.90889483,145.1319939,152.8793009,152.8793009,s_m=5920.840 route_frac=1.000,,
2026-09-10T11:26:44.754,1789003605,generate_gt,FALSE,-37.91027142,145.1320653,1733.364706,1424.161919,1733.364706,1424.161919,1733.364,1424.1616,1742.6575,1424.8818,-1272942443#3,152.9132691,5920.835197,0,0.030900002,4.641,4.881,,2.69,TRUE,0,,FALSE,1724.03,1576.79,-37.90889483,145.1319939,152.9132691,152.9132691,s_m=5920.840 route_frac=1.000,,
2026-09-10T11:26:46.792,1789003607,generate_gt,FALSE,-37.91026233,145.1319665,1724.658416,1424.99653,1724.658416,1424.99653,1724.6619,1424.9964,1733.5961,1426.0365,-1272942443#3,151.7650191,5917.829983,0,0.029400049,4.401,4.641,,4.5,TRUE,0,,FALSE,1721.025647,1576.718065,-37.90889493,145.1319598,151.7650191,151.7650191,s_m=5917.830 route_frac=1.000,,
2026-09-10T11:26:48.810,1789003609,generate_gt,FALSE,-37.91025178,145.131856,1714.920263,1425.972527,1714.920263,1425.972527,1714.922,1425.9724,1724.9235,1427.11,-250248456,150.6608776,5913.733162,0,0.032000011,4.887,4.401,,4.58,TRUE,0,,FALSE,1716.93,1576.62,-37.90889507,145.1319132,150.6608776,150.6608776,s_m=5913.730 route_frac=0.999,,
2026-09-10T11:26:50.844,1789003611,generate_gt,FALSE,-37.91024074,145.1317525,1705.796428,1427.01522,1705.796428,1427.01522,1705.7949,1427.0147,1715.2096,1428.3078,-250248456,149.9585512,5909.492921,0,0.030299998,4.429,4.887,,3.84,TRUE,0,,FALSE,1712.694248,1576.815043,-37.90889255,145.1318651,149.9585512,149.9585512,s_m=5909.490 route_frac=0.998,,
2026-09-10T11:26:52.888,1789003613,generate_gt,FALSE,-37.91022663,145.1316902,1700.287893,1428.471162,1700.287893,1428.471162,1700.2883,1428.4712,1706.0919,1429.4379,-1272942443#3,149.0806428,5913.733162,0,0.03190001,3.377,4.429,,2.23,TRUE,0,,FALSE,1716.93,1576.62,-37.90889507,145.1319132,149.0806428,149.0806428,s_m=5913.730 route_frac=0.999,,
2026-09-10T11:26:54.919,1789003615,generate_gt,FALSE,-37.91022048,145.1316119,1693.390407,1429.015625,1693.390407,1429.015625,1693.3863,1429.0157,1700.3879,1430.1183,-1272942443#3,149.469609,5913.733162,0,0.031400006,3.605,3.377,,2.17,TRUE,0,,FALSE,1716.93,1576.62,-37.90889507,145.1319132,149.469609,149.469609,s_m=5913.730 route_frac=0.999,,
2026-09-10T11:26:56.948,1789003617,generate_gt,FALSE,-37.91021137,145.1314882,1682.494957,1429.808534,1682.494957,1429.808534,1682.4988,1429.8085,1693.5767,1429.878,-1272942443#3,150.7958181,5913.733162,0,0.030099996,5.103,3.605,,2.13,TRUE,0,,FALSE,1716.93,1576.62,-37.90889507,145.1319132,150.7958181,150.7958181,s_m=5913.730 route_frac=0.999,,
2026-09-10T11:26:58.986,1789003619,generate_gt,FALSE,-37.91017909,145.1313521,1670.457808,1433.150634,1670.457808,1433.150634,1670.4538,1433.1502,1682.7158,1431.437,-1272942443#3,150.8082346,5913.733162,0,0.029899995,5.908,5.103,,2.11,TRUE,0,,FALSE,1716.93,1576.62,-37.90889507,145.1319132,150.8082346,150.8082346,s_m=5913.730 route_frac=0.999,,
2026-09-10T11:27:01.026,1789003621,generate_gt,FALSE,-37.91017974,145.1312163,1658.520279,1432.839168,1658.520279,1432.839168,1658.5206,1432.8397,1670.4439,1433.0766,-1272942443#3,155.1922133,5913.733162,0,0.029499992,5.845,5.908,,2.12,TRUE,0,,FALSE,1716.93,1576.62,-37.90889507,145.1319132,155.1922133,155.1922133,s_m=5913.730 route_frac=0.999,,
2026-09-10T11:27:03.157,1789003623,generate_gt,FALSE,-37.91015298,145.1310802,1646.495395,1435.568707,1646.495395,1435.568707,1646.4927,1435.5682,1658.7588,1434.6314,-1272942443#3,157.659446,5913.733162,0,0.031500007,5.916,5.845,,2.2,TRUE,0,,FALSE,1716.93,1576.62,-37.90889507,145.1319132,157.659446,157.659446,s_m=5913.730 route_frac=0.999,,
2026-09-10T11:27:05.201,1789003625,generate_gt,FALSE,-37.91013269,145.1309458,1634.634354,1437.583281,1634.634354,1437.583281,1634.632,1437.5835,1646.5833,1436.2499,-1272942443#3,161.5666505,5913.733162,0,0.029799994,5.763,5.916,,2.65,TRUE,0,,FALSE,1716.93,1576.62,-37.90889507,145.1319132,161.5666505,161.5666505,s_m=5913.730 route_frac=0.999,,
2026-09-10T11:27:07.245,1789003627,generate_gt,FALSE,-37.91011878,145.1308182,1623.385331,1438.901869,1623.385331,1438.901869,1623.3841,1438.9019,1634.6653,1437.8341,-1272942443#3,166.4838991,5913.733162,0,0.030299998,5.749,5.763,,3.11,TRUE,0,,FALSE,1716.93,1576.62,-37.90889507,145.1319132,166.4838991,166.4838991,s_m=5913.730 route_frac=0.999,,
2026-09-10T11:27:09.277,1789003629,generate_gt,FALSE,-37.91010448,145.1306902,1612.100269,1440.263014,1612.100269,1440.263014,1612.1041,1440.263,1623.4405,1439.3262,-1272942443#3,171.9956404,5913.733162,0,0.029899995,5.623,5.749,,7.51,TRUE,0,,FALSE,1716.93,1576.62,-37.90889507,145.1319132,171.9956404,171.9956404,s_m=5913.730 route_frac=0.999,,
2026-09-10T11:27:11.309,1789003631,generate_gt,FALSE,-37.910092,145.1305729,1601.759953,1441.441051,1601.759953,1441.441051,1601.7574,1441.4406,1612.1786,1440.8233,-1272942443#3,177.5879721,5913.733162,0,0.029999996,5.439,5.623,,10.89,TRUE,0,,FALSE,1716.93,1576.62,-37.90889507,145.1319132,177.5879721,177.5879721,s_m=5913.730 route_frac=0.999,,
2026-09-10T11:27:13.336,1789003633,generate_gt,FALSE,-37.91007383,145.1304533,1591.204765,1443.246411,1591.204765,1443.246411,1591.2063,1443.2461,1601.8475,1442.1616,-1272942443#3,183.2903406,5913.733162,0,0.032300013,5.582,5.439,,11.88,TRUE,0,,FALSE,1716.93,1576.62,-37.90889507,145.1319132,183.2903406,183.2903406,s_m=5913.730 route_frac=0.999,,
2026-09-10T11:27:15.365,1789003635,generate_gt,FALSE,-37.91004947,145.1303313,1580.424795,1445.734399,1580.424795,1445.734399,1580.4267,1445.734,1591.2284,1443.4366,-1272942443#3,189.1156031,5913.733162,0,0.030299998,5.847,5.582,,10.65,TRUE,0,,FALSE,1716.93,1576.62,-37.90889507,145.1319132,189.1156031,189.1156031,s_m=5913.730 route_frac=0.999,,
2026-09-10T11:27:17.398,1789003638,generate_gt,FALSE,-37.91003236,145.1301295,1562.645254,1447.277151,1562.645254,1447.277151,1562.6457,1447.2776,1580.5343,1446.6828,-1272942443#3,201.3289728,5913.733162,0,0.029599993,5.711,5.847,,9.11,TRUE,0,,FALSE,1716.93,1576.62,-37.90889507,145.1319132,201.3289728,201.3289728,s_m=5913.730 route_frac=0.999,,
2026-09-10T11:27:19.433,1789003640,generate_gt,FALSE,-37.91002054,145.1300169,1552.719594,1448.390179,1552.719594,1448.390179,1552.7229,1448.3902,1562.5789,1446.6683,-1272942443#3,208.3457324,5913.733162,0,0.029699993,5.076,5.711,,8.47,TRUE,0,,FALSE,1716.93,1576.62,-37.90889507,145.1319132,208.3457324,208.3457324,s_m=5913.730 route_frac=0.999,,
2026-09-10T11:27:21.461,1789003642,generate_gt,FALSE,-37.91000917,145.1299135,1543.603761,1449.469487,1543.603761,1449.469487,1543.5995,1449.4696,1552.6535,1447.7572,-1272942443#3,214.963341,5913.733162,0,0.029999996,4.468,5.076,,8,TRUE,0,,FALSE,1716.93,1576.62,-37.90889507,145.1319132,214.963341,214.963341,s_m=5913.730 route_frac=0.999,,
2026-09-10T11:27:23.493,1789003644,generate_gt,FALSE,-37.91000182,145.1298336,1536.562903,1450.144156,1536.562903,1450.144156,1536.5591,1450.1441,1543.5216,1448.7589,-1272942443#3,220.2916907,5913.733162,0,0.029400049,3.87,4.468,,7.63,TRUE,0,,FALSE,1716.93,1576.62,-37.90889507,145.1319132,220.2916907,220.2916907,s_m=5913.730 route_frac=0.999,,
2026-09-10T11:27:25.526,1789003646,generate_gt,FALSE,-37.90997603,145.1297557,1529.656822,1452.86854,1529.656822,1452.86854,1529.6553,1452.8683,1536.489,1449.5387,-1272942443#3,224.4675188,5913.733162,0,0.029899995,3.793,3.87,,7,TRUE,0,,FALSE,1716.93,1576.62,-37.90889507,145.1319132,224.4675188,224.4675188,s_m=5913.730 route_frac=0.999,,
2026-09-10T11:27:27.567,1789003648,generate_gt,FALSE,-37.90996403,145.1297288,1527.265162,1454.152672,1527.265162,1454.152672,1527.2682,1454.1526,1529.3472,1450.3966,-1272942443#3,225.7675736,5913.733162,0,0.034199969,3.607,3.793,,6.77,TRUE,0,,FALSE,1716.93,1576.62,-37.90889507,145.1319132,225.7675736,225.7675736,s_m=5913.730 route_frac=0.999,,
2026-09-10T11:27:29.588,1789003650,generate_gt,FALSE,-37.90981782,145.1297467,1528.513352,1470.408438,1528.513352,1470.408438,1528.514,1470.4085,1527.2686,1454.1526,-1272942443#3,216.2908439,5913.733162,0,0.030900002,4.824,3.607,,6.49,TRUE,0,,FALSE,1716.93,1576.62,-37.90889507,145.1319132,216.2908439,216.2908439,s_m=5913.730 route_frac=0.999,,
2026-09-10T11:27:31.612,1789003652,generate_gt,FALSE,-37.90971636,145.1297621,1529.641385,1481.69411,1529.641385,1481.69411,1529.639,1481.6938,1527.2689,1470.7419,-1272942443#3,209.9713078,5913.733162,0,0.031400006,5.454,4.824,,6.24,TRUE,0,,FALSE,1716.93,1576.62,-37.90889507,145.1319132,209.9713078,209.9713078,s_m=5913.730 route_frac=0.999,,
2026-09-10T11:27:33.646,1789003654,generate_gt,FALSE,-37.90961314,145.1297765,1530.677587,1493.173316,1530.677587,1493.173316,1530.6814,1493.1731,1529.3209,1481.7444,-1272942443#3,204.0914272,5913.733162,0,0.039400009,5.73,5.454,,6.09,TRUE,0,,FALSE,1716.93,1576.62,-37.90889507,145.1319132,204.0914272,204.0914272,s_m=5913.730 route_frac=0.999,,
2026-09-10T11:27:35.684,1789003656,generate_gt,FALSE,-37.90951571,145.1298051,1532.975099,1504.03508,1532.975099,1504.03508,1532.9757,1504.0355,1531.1289,1493.1019,-1272942443#3,197.7573667,5913.733162,0,0.034900033,5.327,5.73,,5.85,TRUE,0,,FALSE,1716.93,1576.62,-37.90889507,145.1319132,197.7573667,197.7573667,s_m=5913.730 route_frac=0.999,,
2026-09-10T11:27:37.713,1789003658,generate_gt,FALSE,-37.90942338,145.1298223,1534.281721,1514.310815,1534.281721,1514.310815,1534.286,1514.3104,1532.872,1504.052,-1272942443#3,192.9840103,5913.733162,0,0.030900002,5.171,5.327,,5.49,TRUE,0,,FALSE,1716.93,1576.62,-37.90889507,145.1319132,192.9840103,192.9840103,s_m=5913.730 route_frac=0.999,,
2026-09-10T11:27:39.726,1789003660,generate_gt,FALSE,-37.90933138,145.1298363,1535.307748,1524.544287,1535.307748,1524.544287,1535.3097,1524.5441,1534.4997,1514.2764,-1272942443#3,188.9405258,5913.733162,0,0.029599993,5.202,5.171,,5.27,TRUE,0,,FALSE,1716.93,1576.62,-37.90889507,145.1319132,188.9405258,188.9405258,s_m=5913.730 route_frac=0.999,,
2026-09-10T11:27:41.762,1789003662,generate_gt,FALSE,-37.90923441,145.1298406,1535.469919,1535.312146,1535.469919,1535.312146,1535.4685,1535.3124,1536.1138,1524.4161,-1272942443#3,186.1023904,5913.733162,0,0.030199997,5.367,5.202,,5.08,TRUE,0,,FALSE,1716.93,1576.62,-37.90889507,145.1319132,186.1023904,186.1023904,s_m=5913.730 route_frac=0.999,,
2026-09-10T11:27:43.793,1789003664,generate_gt,FALSE,-37.90914347,145.1298619,1537.140107,1545.44087,1537.140107,1545.44087,1537.1402,1545.4408,1537.7453,1534.9667,-1272942443#3,182.473406,5913.733162,0,0.029999996,5.188,5.367,,5,TRUE,0,,FALSE,1716.93,1576.62,-37.90889507,145.1319132,182.473406,182.473406,s_m=5913.730 route_frac=0.999,,
2026-09-10T11:27:45.820,1789003666,generate_gt,FALSE,-37.90904034,145.1298882,1539.222749,1556.931075,1539.222749,1556.931075,1539.2231,1556.9306,1539.232,1545.139,-1272942443#3,178.7946329,5913.733162,0,0.02919999,5.71,5.188,,4.85,TRUE,0,,FALSE,1716.93,1576.62,-37.90889507,145.1319132,178.7946329,178.7946329,s_m=5913.730 route_frac=0.999,,
2026-09-10T11:27:47.835,1789003668,generate_gt,FALSE,-37.90893797,145.129912,1541.087297,1568.332537,1541.087297,1568.332537,1541.0889,1568.3325,1540.8983,1556.6889,-1272942443#3,176.0378886,5913.733162,0,0.029800052,5.786,5.71,,4.81,TRUE,0,,FALSE,1716.93,1576.62,-37.90889507,145.1319132,176.0378886,176.0378886,s_m=5913.730 route_frac=0.999,,
2026-09-10T11:27:49.855,1789003670,generate_gt,FALSE,-37.90884629,145.1299231,1541.859096,1578.525383,1541.859096,1578.525383,1541.8616,1578.5254,1542.498,1568.1363,-1272942443#3,175.0812727,5913.733162,0,0.032099953,5.136,5.786,,4.68,TRUE,0,,FALSE,1716.93,1576.62,-37.90889507,145.1319132,175.0812727,175.0812727,s_m=5913.730 route_frac=0.999,,
2026-09-10T11:27:51.880,1789003672,generate_gt,FALSE,-37.90876276,145.1299364,1542.842458,1587.817744,1542.842458,1587.817744,1542.8437,1587.8174,1543.9051,1578.2408,-1272942443#3,174.4473039,5913.733162,0,0.030099996,4.52,5.136,,4.71,TRUE,0,,FALSE,1716.93,1576.62,-37.90889507,145.1319132,174.4473039,174.4473039,s_m=5913.730 route_frac=0.999,,
2026-09-10T11:27:53.910,1789003674,generate_gt,FALSE,-37.90870972,145.1299619,1544.966289,1593.7483,1544.966289,1593.7483,1544.9629,1593.7487,1545.1932,1587.4902,-1272942443#3,172.8146305,5913.733162,0,0.030399999,3.243,4.52,,4.58,TRUE,0,,FALSE,1716.93,1576.62,-37.90889507,145.1319132,172.8146305,172.8146305,s_m=5913.730 route_frac=0.999,,
2026-09-10T11:27:55.946,1789003676,generate_gt,FALSE,-37.90867731,145.1300151,1549.571365,1597.4385,1549.571365,1597.4385,1549.5675,1597.438,1544.0664,1592.6264,-1272942443#3,168.6485179,5913.733162,0,0.030499999,3.008,3.243,,4.6,TRUE,0,,FALSE,1716.93,1576.62,-37.90889507,145.1319132,168.6485179,168.6485179,s_m=5913.730 route_frac=0.999,,
2026-09-10T11:27:57.990,1789003678,generate_gt,FALSE,-37.90869326,145.1301198,1558.811847,1595.853253,1558.811847,1595.853253,1558.8107,1595.8537,1549.828,1597.8559,-1272942443#3,159.2836093,5913.733162,0,0.029399991,4.163,3.008,,4.71,TRUE,0,,FALSE,1716.93,1576.62,-37.90889507,145.1319132,159.2836093,159.2836093,s_m=5913.730 route_frac=0.999,,
2026-09-10T11:28:00.032,1789003680,generate_gt,FALSE,-37.90871239,145.1302356,1569.035289,1593.934701,1569.035289,1593.934701,1569.0381,1593.9348,1558.9629,1596.4314,-1272942443#3,148.9048166,5913.733162,0,0.032100012,5.055,4.163,,4.7,TRUE,0,,FALSE,1716.93,1576.62,-37.90889507,145.1319132,148.9048166,148.9048166,s_m=5913.730 route_frac=0.999,,
2026-09-10T11:28:02.047,1789003682,generate_gt,FALSE,-37.90871767,145.1303605,1580.027952,1593.569047,1580.027952,1593.569047,1580.029,1593.5696,1568.9791,1593.3853,-1272942443#3,137.9472398,5913.733162,0,0.031100004,5.437,5.055,,4.62,TRUE,0,,FALSE,1716.93,1576.62,-37.90889507,145.1319132,137.9472398,137.9472398,s_m=5913.730 route_frac=0.999,,
2026-09-10T11:28:04.088,1789003684,generate_gt,FALSE,-37.9087381,145.1304818,1590.737824,1591.515912,1590.737824,1591.515912,1590.7412,1591.5165,1579.8198,1592.1689,-1272942443#3,127.0683023,5913.733162,0,0.041799969,5.376,5.437,,4.47,TRUE,0,,FALSE,1716.93,1576.62,-37.90889507,145.1319132,127.0683023,127.0683023,s_m=5913.730 route_frac=0.999,,
2026-09-10T11:28:06.123,1789003686,generate_gt,FALSE,-37.90875732,145.1305977,1600.970243,1589.58751,1600.970243,1589.58751,1600.9666,1589.5871,1590.5955,1590.5506,-1272942443#3,116.6825677,5913.733162,0,0.036599988,5.182,5.376,,4.47,TRUE,0,,FALSE,1716.93,1576.62,-37.90889507,145.1319132,116.6825677,116.6825677,s_m=5913.730 route_frac=0.999,,
2026-09-10T11:28:08.160,1789003688,generate_gt,FALSE,-37.90878225,145.1307029,1610.274644,1587.006622,1610.274644,1587.006622,1610.277,1587.0063,1600.8781,1589.0001,-1272942443#3,107.159913,5913.733162,0,0.033599965,4.838,5.182,,4.52,TRUE,0,,FALSE,1716.93,1576.62,-37.90889507,145.1319132,107.159913,107.159913,s_m=5913.730 route_frac=0.999,,
2026-09-10T11:28:10.201,1789003690,generate_gt,FALSE,-37.90878946,145.130811,1619.794572,1586.397135,1619.794572,1586.397135,1619.7921,1586.3973,1610.362,1587.57,-1272942443#3,97.62624496,5913.733162,0,0.033100019,4.826,4.838,,4.55,TRUE,0,,FALSE,1716.93,1576.62,-37.90889507,145.1319132,97.62624496,97.62624496,s_m=5913.730 route_frac=0.999,,
2026-09-10T11:28:12.236,1789003692,generate_gt,FALSE,-37.90880253,145.1309304,1630.321004,1585.157301,1630.321004,1585.157301,1630.3219,1585.1571,1619.7553,1586.1536,-1272942443#3,87.02875186,5913.733162,0,0.043699984,5.346,4.826,,4.59,TRUE,0,,FALSE,1716.93,1576.62,-37.90889507,145.1319132,87.02875186,87.02875186,s_m=5913.730 route_frac=0.999,,
2026-09-10T11:28:14.269,1789003694,generate_gt,FALSE,-37.90881505,145.1310565,1641.435256,1583.990295,1641.435256,1583.990295,1641.4374,1583.9901,1630.2502,1584.6421,-1272942443#3,75.85365901,5913.733162,0,0.063500018,5.506,5.346,,4.71,TRUE,0,,FALSE,1716.93,1576.62,-37.90889507,145.1319132,75.85365901,75.85365901,s_m=5913.730 route_frac=0.999,,
2026-09-10T11:28:16.309,1789003696,generate_gt,FALSE,-37.90883121,145.1311628,1650.816835,1582.384463,1650.816835,1582.384463,1650.8185,1582.385,1641.3093,1583.0923,-1272942443#3,66.36399297,5913.733162,0,0.035999983,4.911,5.506,,4.68,TRUE,0,,FALSE,1716.93,1576.62,-37.90889507,145.1319132,66.36399297,66.36399297,s_m=5913.730 route_frac=0.999,,
2026-09-10T11:28:18.342,1789003699,generate_gt,FALSE,-37.90884864,145.1313298,1665.537825,1580.744672,1665.537825,1580.744672,1665.542,1580.7444,1650.7278,1581.7491,-1272942443#3,51.55742978,5913.733162,0,0.036000041,4.941,4.911,,4.57,TRUE,0,,FALSE,1716.93,1576.62,-37.90889507,145.1319132,51.55742978,51.55742978,s_m=5913.730 route_frac=0.999,,
2026-09-10T11:28:20.378,1789003701,generate_gt,FALSE,-37.90885718,145.1314319,1674.533192,1579.976964,1674.533192,1579.976964,1674.5305,1579.9773,1665.3871,1579.6586,-1272942443#3,42.52950158,5913.733162,0,0.035499979,4.492,4.941,,4.55,TRUE,0,,FALSE,1716.93,1576.62,-37.90889507,145.1319132,42.52950158,42.52950158,s_m=5913.730 route_frac=0.999,,
2026-09-10T11:28:22.421,1789003703,generate_gt,FALSE,-37.90886527,145.1315313,1683.29018,1579.254423,1683.29018,1579.254423,1683.2879,1579.2543,1674.3037,1578.387,-1272942443#3,33.74281703,5913.733162,0,0.045299996,4.373,4.492,,4.31,TRUE,0,,FALSE,1716.93,1576.62,-37.90889507,145.1319132,33.74281703,33.74281703,s_m=5913.730 route_frac=0.999,,
2026-09-10T11:28:24.467,1789003705,generate_gt,FALSE,-37.90888369,145.1316283,1691.859137,1577.381375,1691.859137,1577.381375,1691.8585,1577.3814,1683.2511,1577.6631,-1272942443#3,25.08242138,5913.733162,0,0.06250001,4.344,4.373,,4.08,TRUE,0,,FALSE,1716.93,1576.62,-37.90889507,145.1319132,25.08242138,25.08242138,s_m=5913.730 route_frac=0.999,,
2026-09-10T11:28:26.488,1789003707,generate_gt,FALSE,-37.90889524,145.1317197,1699.920474,1576.260781,1699.920474,1576.260781,1699.9223,1576.2614,1691.8604,1577.4638,-1272942443#3,17.0133182,5913.733162,0,0.039800012,4.101,4.344,,3.88,TRUE,0,,FALSE,1716.93,1576.62,-37.90889507,145.1319132,17.0133182,17.0133182,s_m=5913.730 route_frac=0.999,,
2026-09-10T11:28:28.532,1789003709,generate_gt,FALSE,-37.90890529,145.1317994,1706.94984,1575.286012,1706.94984,1575.286012,1706.9469,1575.2857,1699.9458,1577.2767,-1272942443#3,10.06891818,5913.733162,0,0.036799989,3.61,4.101,,3.69,TRUE,0,,FALSE,1716.93,1576.62,-37.90889507,145.1319132,10.06891818,10.06891818,s_m=5913.730 route_frac=0.999,,
2026-09-10T11:28:30.567,1789003711,generate_gt,FALSE,-37.90891637,145.1318871,1714.684833,1574.211037,1714.684833,1574.211037,1714.6809,1574.2115,1706.8797,1575.3214,-250248456,2.509686498,5911.60118,0,0.031999953,3.834,3.61,,3.53,TRUE,0,,FALSE,1714.800274,1576.718067,-37.90889381,145.131889,2.509686498,2.509686498,s_m=5911.600 route_frac=0.998,,
2026-09-10T11:28:32.601,1789003713,generate_gt,FALSE,-37.90892317,145.1319409,1719.429909,1573.551261,1719.429909,1573.551261,1719.4338,1573.5514,1714.6636,1574.3748,-1272942443#3,3.127699161,5916.158898,0,0.03190001,2.52,3.834,,3.38,TRUE,0,,FALSE,1719.355042,1576.678064,-37.90889499,145.1319408,3.127699161,3.127699161,s_m=5916.160 route_frac=0.999,,
2026-09-10T11:28:34.643,1789003715,generate_gt,FALSE,-37.9089313,145.1320054,1725.118656,1572.76275,1725.118656,1572.76275,1725.1155,1572.7622,1719.4069,1574.6783,-1272942443#3,4.171799896,5920.835197,0,0.030900002,2.925,2.52,,3.25,TRUE,0,,FALSE,1724.03,1576.79,-37.90889483,145.1319939,4.171799896,4.171799896,s_m=5920.840 route_frac=1.000,,
