wall_time,phone_timestamp,method,kalman,lat,lon,raw_x,raw_y,filt_x,filt_y,match_x,match_y,actual_x,actual_y,edge_id,raw_dist,score,correction_m,match_ms,phone_speed_mps,sumo_speed_mps,phone_course_deg,accuracy_m,matched,lane_index,lane_pos,is_internal_edge,matched_x,matched_y,matched_lat,matched_lon,match_error_raw_m,match_error_filt_m,components,window_len,unmatched_reason
2026-09-10T11:08:54.620,1789002535,topo,False,-37.90890681,145.1320219,1726.5148374992423,1575.5093499543145,1726.5148374992423,1575.5093499543145,1726.5176,1575.5092,1722.1289,1574.7433,-1272942443#2,0.8507833784930593,0.8989503000097943,0,31.32150007877499,2.245,1.256,2.5,4.68,True,0,,False,1726.91,1581.12,-37.908856339259714,145.13202767117173,5.624548634082054,5.624548634082054,prox=0.998 head=0.999 conn=0.500 turn=1.000,,
2026-09-10T11:08:58.710,1789002539,topo,False,-37.90878913,145.1320459,1728.3631909701508,1588.6099854325876,1728.3631909701508,1588.6099854325876,1728.3596,1588.6103,1728.8428,1580.6713,-1272942443#2,0.5666532703093279,0.9972406028158983,0,13.562800013460219,4.227,2.891,356.3,4.72,True,0,,False,1727.800431516465,1588.6763007855586,-37.908788431033265,145.13203951668422,0.5666532703093279,0.5666532703093279,prox=0.999 head=0.992 conn=1.000 turn=1.000,,
2026-09-10T11:09:00.734,1789002541,topo,False,-37.9086944,145.1320598,1729.3746126800543,1599.146181775257,1729.3746126800543,1599.146181775257,1729.3731,1599.1461,1727.8004,1588.6762,-1272942443#2,0.33807530682999626,0.999869723166373,0,17.107599996961653,4.621,4.227,5.6,4.74,True,0,,False,1729.0388604927027,1599.1857466811314,-37.90869398298477,145.13205599160628,0.33807530682999626,0.33807530682999626,prox=1.000 head=1.000 conn=1.000 turn=1.000,,
2026-09-10T11:09:02.755,1789002543,topo,False,-37.90859914,145.1320767,1730.6486127654207,1609.7464741421863,1730.6486127654207,1609.7464741421863,1730.6496,1609.7462,1729.0388,1599.1855,-1272942443#1,0.3353340036112586,0.9798938998294264,0,15.967100043781102,4.889,4.621,7.5,4.75,True,0,,False,1730.3157646302566,1609.7872296681396,-37.90859871278423,145.13207292490048,0.33533400361125854,0.33533400361125854,prox=1.000 head=1.000 conn=0.900 turn=1.000,,
2026-09-10T11:09:04.800,1789002545,topo,False,-37.90850578,145.1320856,1731.2234988441924,1620.121839493513,1731.2234988441924,1620.121839493513,1731.2259,1620.1223,1730.3157,1609.7871,-1272942443#1,0.3550335407070257,0.999868670135278,0,16.245500068180263,5.022,4.889,7.9,4.75,True,0,,False,1731.575900481582,1620.078689742737,-37.908506232312405,145.13208959686665,0.3550335407070257,0.3550335407070257,prox=1.000 head=1.000 conn=1.000 turn=1.000,,
2026-09-10T11:09:06.829,1789002547,topo,False,-37.90841206,145.1320783,1730.3733158264658,1630.5086132911965,1730.3733158264658,1630.5086132911965,1730.3721,1630.5083,1731.576,1620.0795,-1272942443#1,2.461292534648093,0.9945175431673176,0,13.143499963916838,5.241,5.022,9.4,7.51,True,0,,False,1732.81636252447,1630.2094749076919,-37.90841519568264,145.13210600849715,2.461292534648093,2.461292534648093,prox=0.987 head=1.000 conn=1.000 turn=1.000,,
2026-09-10T11:09:08.865,1789002549,topo,False,-37.90831408,145.1321039,1732.406164638931,1641.4260556353256,1732.406164638931,1641.4260556353256,1732.4034,1641.4255,1732.8163,1630.209,-1272942443#1,1.7703878575044618,0.9967777118482858,0,12.68120005261153,5.11,5.241,11.4,7.35,True,0,,False,1734.1634284133816,1641.2108878101221,-37.90831633546687,145.13212383047278,1.7703878575044618,1.7703878575044618,prox=0.993 head=0.999 conn=1.000 turn=1.000,,
2026-09-10T11:09:10.900,1789002551,topo,False,-37.90820435,145.1321049,1732.250107034226,1653.603999347426,1732.250107034226,1653.603999347426,1732.2464,1653.6035,1734.1633,1641.21,-1272942443#1,3.4053606840467054,0.9895408473480481,0,12.811599997803569,5.362,5.11,10.5,7.8,True,0,,False,1735.630223398924,1653.1901216486415,-37.90820868841084,145.13214323643,3.4053606840467054,3.4053606840467054,prox=0.975 head=0.999 conn=1.000 turn=1.000,,
2026-09-10T11:09:12.948,1789002553,topo,False,-37.90809307,145.1321135,1732.7587834526785,1665.967326803133,1732.7587834526785,1665.967326803133,1732.7623,1665.9673,1735.6301,1653.1892,-1272942443#1,2.5662643872699573,0.9872261262906313,0,13.049399945884943,5.402,5.362,9.3,7.71,True,0,,False,1735.2986478868072,1666.3344801248093,-37.908090221031046,145.1321424609487,2.5662643872699573,2.5662643872699573,prox=0.985 head=0.977 conn=1.000 turn=1.000,,
2026-09-10T11:09:14.964,1789002555,topo,False,-37.90798346,145.132127,1733.7019763602875,1678.1539743822068,1733.7019763602875,1678.1539743822068,1733.7061,1678.154,1735.2987,1666.334,-1272942443#1,2.049275201780927,0.9962838646185935,0,12.759699951857328,5.78,5.402,8.9,7.42,True,0,,False,1735.7256845842728,1677.8312765718508,-37.90798673220827,145.13214993525796,2.0492752017809273,2.0492752017809273,prox=0.991 head=1.000 conn=1.000 turn=1.000,,
2026-09-10T11:09:16.985,1789002557,topo,False,-37.90790482,145.1321639,1736.771325328271,1686.9452586760744,1736.771325328271,1686.9452586760744,1736.7688,1686.9451,1735.7258,1677.8319,-1272942443#1,0.4025766256169635,0.9997513539244934,0,12.635599938221276,5.045,5.78,11.2,6.49,True,0,,False,1737.1688793646138,1686.881865240447,-37.907905462818576,145.13216840558783,0.40257662561696345,0.40257662561696345,prox=1.000 head=1.000 conn=1.000 turn=1.000,,
2026-09-10T11:09:19.031,1789002559,topo,False,-37.90782482,145.1321636,1736.567083476577,1695.8219242310151,1736.567083476577,1695.8219242310151,1736.5658,1695.8216,1737.1688,1686.8813,-1272942443#1,2.0020721203890535,0.9964318380587033,0,12.067600036971271,4.75,5.045,8.1,5.82,True,0,,False,1738.54417752989,1695.5066594540526,-37.90782801682802,145.1321860069204,2.0020721203890535,2.0020721203890535,prox=0.991 head=1.000 conn=1.000 turn=1.000,,
2026-09-10T11:09:21.077,1789002561,topo,False,-37.9077477,145.1322051,1740.0442491235444,1704.4526432398707,1740.0442491235444,1704.4526432398707,1740.0436,1704.4531,1738.5441,1695.5062,-1272942443#1,0.07263926355625483,0.9999245440856283,0,11.90190005581826,4.686,4.75,7.3,5.44,True,0,,False,1739.972516115252,1704.46408168956,-37.90774758401279,145.132204287032,0.07263926355625483,0.07263926355625483,prox=1.000 head=1.000 conn=1.000 turn=1.000,,
2026-09-10T11:09:23.119,1789002563,topo,False,-37.90767421,145.1322265,1741.7623241914553,1712.645151742734,1741.7623241914553,1712.645151742734,1741.7624,1712.6449,1739.9726,1704.4644,-1272942443#0,0.8118564368377874,0.97697093415517,0,11.79670006968081,4.043,4.686,4,5.06,True,0,,False,1742.548828811643,1712.443852571205,-37.90767616530349,145.13223539635808,0.8118564368377874,0.8118564368377874,prox=0.999 head=0.992 conn=0.900 turn=1.000,,
2026-09-10T11:09:27.190,1789002567,topo,False,-37.90757032,145.1322276,1741.6280625027139,1724.1752349557355,1741.6280625027139,1724.1752349557355,1741.6243,1724.1751,1744.0294,1718.4149,-996237862#0,2.1257174796665383,0.9707692408559817,0,11.944200028665364,2.786,3.22,353.7,4.48,True,0,,False,1744.61,1722.35,-37.90758730034565,145.13226108750428,3.496202780354648,3.496202780354648,prox=0.990 head=0.983 conn=0.900 turn=1.000,,
2026-09-10T11:09:29.234,1789002569,topo,False,-37.90753798,145.1321181,1731.9290316894185,1727.570950540714,1731.9290316894185,1727.570950540714,1731.9249,1727.5709,1741.5934,1724.2687,1209653411,0.36344809084481805,0.975077061913153,0,12.084599933587015,4.324,2.786,291.2,4.24,True,0,,False,1731.8868936415006,1727.2099534497888,-37.90754122434291,145.13211753867188,0.36344809084481805,0.36344809084481805,prox=1.000 head=0.984 conn=0.900 turn=1.000,,
2026-09-10T11:09:31.273,1789002571,topo,False,-37.90752425,145.1319933,1720.9262104933732,1728.8746434850618,1720.9262104933732,1728.8746434850618,1720.928,1728.8746,1731.8829,1727.2104,1209653411,3.1979397567914236,0.9907865021040753,0,11.282799998298287,5.294,4.324,279.8,4.02,True,0,,False,1727.86,1727.68,-37.90753626320709,145.13207186182467,7.03595124902147,7.03595124902147,prox=0.978 head=0.999 conn=1.000 turn=1.000,,
2026-09-10T11:09:33.312,1789002573,topo,False,-37.90751024,145.1318477,1708.0940462810686,1730.1727455127984,1708.0940462810686,1730.1727455127984,1708.0969,1730.1725,1720.8823,1728.4721,1209653410,0.8159980901735185,0.9794046740659964,0,11.706900084391236,6.348,5.294,276.6,3.97,True,0,,False,1706.19,1730.14,-37.90751019125697,145.13182604442022,1.9043278365500331,1.9043278365500331,prox=0.999 head=1.000 conn=0.900 turn=1.000,,
2026-09-10T11:09:35.352,1789002576,topo,False,-37.90749283,145.131628,1688.7395129092038,1731.7175418939441,1688.7395129092038,1731.7175418939441,1688.7382,1731.7179,1708.069,1729.9267,1209653410,0.5648295821836352,0.9996786680442727,0,12.321699992753565,6.548,6.348,278.3,4.15,True,0,,False,1688.808474232369,1732.2781458475665,-37.907487792396566,145.1316289118009,0.5648295821836352,0.5648295821836352,prox=0.999 head=1.000 conn=1.000 turn=1.000,,
2026-09-10T11:09:37.385,1789002578,topo,False,-37.907479,145.1314802,1675.714314861456,1732.9917433215305,1675.714314861456,1732.9917433215305,1675.7118,1732.992,1688.8072,1732.2783,1209653410,0.8904367027155164,0.9992688403046014,0,12.338200001977384,6.572,6.548,278.1,4.06,True,0,,False,1675.8230302955462,1733.8755184489999,-37.90747105837316,145.13148163744188,0.8904367027155164,0.8904367027155164,prox=0.998 head=1.000 conn=1.000 turn=1.000,,
2026-09-10T11:09:39.431,1789002580,topo,False,-37.90744598,145.1313347,1662.8486413902137,1736.3993946071714,1662.8486413902137,1736.3993946071714,1662.848,1736.3999,1675.8205,1733.8758,1209653410,0.9209218903529761,0.9992198456235698,0,12.270399951376021,6.535,6.572,278.1,4.43,True,0,,False,1662.7362039505083,1735.4853623592262,-37.90745419351589,145.1313332133299,0.9209218903529761,0.9209218903529761,prox=0.998 head=1.000 conn=1.000 turn=1.000,,
2026-09-10T11:09:41.477,1789002582,topo,False,-37.90745519,145.1311883,1649.99776833551,1735.1193906767294,1649.99776833551,1735.1193906767294,1649.9997,1735.1191,1662.7355,1735.4855,1209653410,1.9184982185211636,0.9967408674658459,0,12.105199974030256,6.378,6.535,277.2,4.58,True,0,,False,1650.2320021288747,1737.0235361397954,-37.90743807930745,145.1311913971187,1.9184982185211636,1.9184982185211636,prox=0.992 head=1.000 conn=1.000 turn=1.000,,
2026-09-10T11:09:43.522,1789002584,topo,False,-37.90743482,145.1310711,1639.6483322769636,1737.1731773009524,1639.6483322769636,1737.1731773009524,1639.6456,1737.1734,1650.2339,1737.0233,1209653410,1.143662567858973,0.9981517083041612,0,11.993200052529573,5.543,6.378,282.5,4.48,True,0,,False,1639.7879646305475,1738.3082838487946,-37.90742461991012,145.13107294628205,1.143662567858973,1.143662567858973,prox=0.997 head=0.998 conn=1.000 turn=1.000,,
2026-09-10T11:09:45.568,1789002586,topo,False,-37.90741653,145.1309364,1627.7649324197555,1738.9652965581045,1627.7649324197555,1738.9652965581045,1627.7617,1738.9651,1639.7852,1738.3086,1209653410,0.815821801531819,0.9993908440375511,0,12.02190003823489,5.828,5.543,277.9,4.69,True,0,,False,1627.8645379515394,1739.7750149967562,-37.907409253855924,145.1309377170422,0.815821801531819,0.815821801531819,prox=0.999 head=1.000 conn=1.000 turn=1.000,,
2026-09-10T11:09:47.602,1789002588,topo,False,-37.90738725,145.1308054,1616.1823755856603,1741.983425945975,1616.1823755856603,1741.983425945975,1616.1809,1741.9838,1627.8614,1739.7754,1209653410,2.2357467016957955,0.9955634389293467,0,12.069900054484606,5.849,5.828,277.9,4.86,True,0,,False,1622.54,1740.43,-37.90740239192486,145.13087732895093,6.544655862872779,6.544655862872779,prox=0.989 head=1.000 conn=1.000 turn=1.000,,
2026-09-10T11:09:49.638,1789002590,topo,False,-37.90737097,145.1306708,1604.312226242444,1743.5526483440772,1604.312226242444,1743.5526483440772,1604.31,1743.5525,1616.5333,1742.0599,1147258794#0,0.9449855042530105,0.9791153250580938,0,11.701400042511523,5.867,5.849,278.7,4.84,True,0,,False,1604.2020296942528,1742.6141099463464,-37.907379404667594,145.1306693331491,0.9449855042530106,0.9449855042530106,prox=0.998 head=1.000 conn=0.900 turn=1.000,,
2026-09-10T11:09:51.671,1789002592,topo,False,-37.90735952,145.130537,1592.5231547788717,1744.5873035062104,1592.5231547788717,1744.5873035062104,1592.5225,1744.5868,1604.1998,1742.6144,1147258794#0,1.938256666812605,0.9965321091555875,0,11.533300043083727,5.765,5.867,274.2,5.0,True,0,,False,1598.19,1743.32,-37.907371959846564,145.13060114027806,5.806822964158533,5.806822964158533,prox=0.992 head=1.000 conn=1.000 turn=1.000,,
2026-09-10T11:09:53.708,1789002594,topo,False,-37.90735282,145.1304214,1582.3447804509779,1745.126948765479,1582.3447804509779,1745.126948765479,1582.3448,1745.127,1592.531,1743.5732,1147258794#2,2.493172198883255,0.9688766573404863,0,11.807600036263466,5.425,5.765,274.2,4.88,True,0,,False,1582.844232534874,1742.684315917674,-37.90737491403358,145.13042652157023,2.493172198883255,2.493172198883255,prox=0.986 head=0.981 conn=0.900 turn=1.000,,
2026-09-10T11:09:55.730,1789002596,topo,False,-37.90740172,145.1302707,1569.2041792010423,1739.4350375998765,1569.2041792010423,1739.4350375998765,1569.207,1739.4356,1582.8443,1742.6843,1147258794#2,0.5894278686621715,0.9995848609398822,0,10.868499986827374,5.918,5.425,247.4,4.86,True,0,,False,1569.4510287702083,1738.89978952416,-37.90740658623745,145.1302733845046,0.5894278686621715,0.5894278686621715,prox=0.999 head=1.000 conn=1.000 turn=1.000,,
2026-09-10T11:09:57.765,1789002598,topo,False,-37.90746615,145.1301432,1558.1378846860607,1732.060731724836,1558.1378846860607,1732.060731724836,1558.14,1732.0612,1569.4536,1738.901,1147258794#2,2.4779041727684654,0.9912819740486333,0,12.467600055970252,5.988,5.918,229.6,4.94,True,0,,False,1563.74,1735.97,-37.90743194661295,145.13020778481163,6.831257163793324,6.831257163793324,prox=0.986 head=0.989 conn=1.000 turn=1.000,,
2026-09-10T11:09:59.802,1789002600,topo,False,-37.90758172,145.1300857,1553.3397695865715,1719.1351113393903,1553.3397695865715,1719.1351113393903,1553.3385,1719.1353,1559.2258,1731.3058,5094886#1,3.4161258464129776,0.8381148913814161,0,12.352799996733665,6.183,5.988,221.5,4.9,True,0,,False,1552.23,1722.4,-37.907552108605486,145.1300738270185,3.4483454730432044,3.4483454730432044,prox=0.974 head=0.995 conn=0.500 turn=0.500,,
2026-09-10T11:10:01.829,1789002602,topo,False,-37.90764228,145.1299724,1543.5133510350715,1712.2152604833245,1543.5133510350715,1712.2152604833245,1543.5177,1712.2158,1552.7652,1717.8131,5094886#2,5.01964257716633,0.9525753278332265,0,12.168699991889298,6.131,6.183,236.5,4.87,True,0,,False,1541.9843664542204,1716.9963709980502,-37.90759893436732,145.12995610658245,5.01964257716633,5.01964257716633,prox=0.946 head=0.981 conn=0.900 turn=1.000,,
2026-09-10T11:10:03.876,1789002604,topo,False,-37.90760943,145.1298189,1529.944670386496,1715.589730949141,1529.944670386496,1715.589730949141,1529.9416,1715.5894,1541.9885,1716.9977,5094886#2,0.13324001696650856,0.9965468208394958,0,11.940800002776086,6.12,6.131,263.4,4.82,True,0,,False,1529.9578798233758,1715.7223145563426,-37.907608238043736,145.129819080426,0.13324001696650856,0.13324001696650856,prox=1.000 head=0.989 conn=1.000 turn=1.000,,
2026-09-10T11:10:05.916,1789002606,topo,False,-37.90762443,145.1297041,1519.884968351631,1713.7227689800784,1519.884968351631,1713.7227689800784,1519.8856,1713.7225,1529.9549,1715.7226,5094886#2,5.212424411865595,0.9712733834187678,0,11.65569992735982,5.565,6.12,283.7,4.66,True,0,,False,1522.4090362249303,1718.2833007056988,-37.90758380385743,145.12973383773758,5.212424411865595,5.212424411865595,prox=0.941 head=0.982 conn=1.000 turn=1.000,,
2026-09-10T11:10:07.958,1789002608,topo,False,-37.90756423,145.1296124,1511.6887753895135,1720.24110752251,1511.6887753895135,1720.24110752251,1511.691,1720.2409,1522.4096,1718.283,5094886#2,6.017242242173761,0.9689584369605816,0,11.199899949133396,5.115,5.565,304.9,4.63,True,0,,False,1517.64,1721.13,-37.90755729824216,145.1296802653769,6.017242242173761,6.017242242173761,prox=0.923 head=1.000 conn=1.000 turn=1.000,,
2026-09-10T11:10:12.036,1789002612,topo,False,-37.90762334,145.129471,1499.3886373038404,1713.4325339021161,1499.3886373038404,1713.4325339021161,1499.3919,1713.4323,1504.626,1721.4932,985461732,0.7677450922068408,0.9788987537769758,0,11.788600008003414,4.187,3.695,217.5,4.74,True,0,,False,1502.28,1719.2,-37.907571907968645,145.12950518916614,6.451638817462101,6.451638817462101,prox=0.999 head=0.998 conn=0.900 turn=1.000,,
2026-09-10T11:10:14.075,1789002614,topo,False,-37.90772286,145.1294545,1498.159560738597,1702.3601928101853,1498.159560738597,1702.3601928101853,1498.1558,1702.3603,1499.7802,1713.377,-10539447#1,1.868929388169295,0.9766435443612613,0,11.555899982340634,5.259,4.187,191.5,4.77,True,0,,False,1498.72,1705.93,-37.9076908036689,145.12946168633346,3.6135322799409733,3.6135322799409733,prox=0.992 head=0.999 conn=0.900 turn=1.000,,
2026-09-10T11:10:16.102,1789002616,topo,False,-37.90782895,145.129436,1496.7692797776544,1690.5552831338719,1496.7692797776544,1690.5552831338719,1496.7727,1690.555,1498.205,1702.3532,-10539447#0,0.2656737778178007,0.979934881450004,0,12.070999946445227,5.872,5.259,187.9,4.91,True,0,,False,1496.5063374147571,1690.5932814234907,-37.90782856017454,145.12943301912787,0.2656737778178007,0.2656737778178007,prox=1.000 head=1.000 conn=0.900 turn=1.000,,
2026-09-10T11:10:18.145,1789002618,topo,False,-37.90793824,145.1294164,1495.289418771048,1678.3933444032446,1495.289418771048,1678.3933444032446,1495.2887,1678.3936,1496.5064,1690.5935,-10539447#0,0.5405022572294219,0.9997327955615102,0,12.533300090581179,6.045,5.872,188.8,4.78,True,0,,False,1494.7544734639328,1678.4706503439309,-37.907937446915,145.12941033553096,0.5405022572294219,0.5405022572294219,prox=0.999 head=1.000 conn=1.000 turn=1.000,,
2026-09-10T11:10:20.167,1789002620,topo,False,-37.90805704,145.1293864,1492.9163871505298,1665.157780633308,1492.9163871505298,1665.157780633308,1492.9121,1665.1572,1494.7545,1678.4708,-10539447#0,0.08489931017302206,0.9999214557913357,0,12.145500048063695,6.451,6.045,190,4.78,True,0,,False,1492.832360697454,1665.16992345223,-37.90805691542604,145.12938544742298,0.08489931017302206,0.08489931017302206,prox=1.000 head=1.000 conn=1.000 turn=1.000,,
2026-09-10T11:10:22.207,1789002622,topo,False,-37.90817003,145.1293646,1491.2513576347847,1652.5813887417316,1491.2513576347847,1652.5813887417316,1491.2538,1652.5812,1492.8322,1665.1687,-10539447#0,0.23574064130647868,0.9999504687692454,0,11.484300019219518,6.413,6.451,188.3,4.77,True,0,,False,1491.0180406632521,1652.6151058109767,-37.908169684093785,145.12936195496732,0.23574064130647868,0.23574064130647868,prox=1.000 head=1.000 conn=1.000 turn=1.000,,
2026-09-10T11:10:24.247,1789002624,topo,False,-37.90829158,145.1293446,1489.763647927437,1639.058311527595,1489.763647927437,1639.058311527595,1489.7635,1639.0583,1491.0181,1652.6153,-10539447#0,0.6974794691806246,0.9995674635110315,0,11.918999953195453,6.632,6.413,188.1,4.73,True,0,,False,1489.0733393045646,1639.1580693098301,-37.90829055657486,145.12933677420082,0.6974794691806246,0.6974794691806246,prox=0.999 head=1.000 conn=1.000 turn=1.000,,
2026-09-10T11:10:26.291,1789002626,topo,False,-37.90840631,145.1293252,1488.3135091998265,1626.2930733207613,1488.3135091998265,1626.2930733207613,1488.3172,1626.2937,1489.0733,1639.158,-10539447#0,1.0880122335471651,0.9989450545389048,0,11.95209997240454,6.395,6.632,187.8,4.63,True,0,,False,1487.2366829134692,1626.448687489005,-37.908404713535866,145.12931299236044,1.0880122335471651,1.0880122335471651,prox=0.997 head=1.000 conn=1.000 turn=1.000,,
2026-09-10T11:10:28.332,1789002629,topo,False,-37.90857858,145.1292882,1485.444151321135,1607.1118580549955,1485.444151321135,1607.1118580549955,1485.4461,1607.1115,1487.2368,1626.4498,-10539447#0,1.6088247457358944,0.9977058656530776,0,12.041099951602519,6.466,6.395,188.2,4.27,True,0,,False,1484.89,1610.21,-37.90855057106672,145.1292826063533,3.147311106025557,3.147311106025557,prox=0.994 head=1.000 conn=1.000 turn=1.000,,
2026-09-10T11:10:30.362,1789002631,topo,False,-37.90868878,145.1292633,1483.5003938882146,1594.839585725218,1483.5003938882146,1594.839585725218,1483.5024,1594.84,1485.1997,1607.0061,-4577073#9,0.7184262687327972,0.9793915639679143,0,10.526300058700144,6.338,6.466,190.1,4.39,True,0,,False,1482.7881765341838,1594.933834036729,-37.908687802238404,145.12925522380758,0.7184262687327974,0.7184262687327974,prox=0.999 head=1.000 conn=0.900 turn=1.000,,
2026-09-10T11:10:32.406,1789002633,topo,False,-37.90880577,145.1292417,1481.8618918436696,1581.8196825785562,1481.8618918436696,1581.8196825785562,1481.8592,1581.8192,1482.7883,1594.9345,-4577073#9,0.8021290778934795,0.9994073540372072,0,12.152699986472726,6.554,6.338,188.5,4.14,True,0,,False,1481.0666950721816,1581.9249116250087,-37.90880467831878,145.12923268284823,0.8021290778934795,0.8021290778934795,prox=0.999 head=1.000 conn=1.000 turn=1.000,,
2026-09-10T11:10:34.436,1789002635,topo,False,-37.90892895,145.1292209,1480.3075148561038,1568.1143168890849,1480.3075148561038,1568.1143168890849,1480.3103,1568.1139,1481.0666,1581.924,-4577073#9,1.1276851019856131,0.9988613363772564,0,11.644599959254265,6.863,6.554,188.7,4.22,True,0,,False,1479.1909204618846,1568.2720845918589,-37.9089273269341,145.12920824061575,1.1276851019856131,1.1276851019856131,prox=0.997 head=1.000 conn=1.000 turn=1.000,,
2026-09-10T11:10:36.470,1789002637,topo,False,-37.90904376,145.1292006,1478.7784640415339,1555.3386096237227,1478.7784640415339,1555.3386096237227,1478.7789,1555.339,1479.1909,1568.272,-4577073#9,1.4010454736007154,0.9982421679224373,0,12.312599923461676,6.542,6.863,188.9,4.16,True,0,,False,1477.3911977567225,1555.5346215471425,-37.90904174348574,145.12918487185075,1.4010454736007472,1.4010454736007472,prox=0.996 head=1.000 conn=1.000 turn=1.000,,
2026-09-10T11:10:38.516,1789002639,topo,False,-37.90916468,145.1291757,1476.858607404225,1541.8767893016338,1476.858607404225,1541.8767893016338,1476.8585,1541.8767,1477.3913,1555.5351,-4577073#9,1.383433560916359,0.9982855716669025,0,11.84239995200187,6.668,6.542,188.9,4.06,True,0,,False,1475.4887798201114,1542.0703372472988,-37.909162688830556,145.12916016953776,1.383433560916359,1.383433560916359,prox=0.996 head=1.000 conn=1.000 turn=1.000,,
2026-09-10T11:10:40.542,1789002641,topo,False,-37.9092745,145.1291489,1474.7469968339428,1529.6433270908892,1474.7469968339428,1529.6433270908892,1474.7482,1529.6435,1475.4888,1542.0702,-4577073#9,1.004101338794525,0.9990792496800306,0,12.192699941806495,6.282,6.668,189.1,3.69,True,0,,False,1473.7527707648462,1529.7838049257873,-37.90927305479888,145.1291376279153,1.004101338794525,1.004101338794525,prox=0.998 head=1.000 conn=1.000 turn=1.000,,
2026-09-10T11:10:42.563,1789002643,topo,False,-37.90938893,145.1291247,1472.874244261533,1516.9029028583318,1472.874244261533,1516.9029028583318,1472.8766,1516.9027,1473.7528,1529.7841,-4577073#9,0.9322039975658534,0.999202738687147,0,11.80550002027303,6.503,6.282,189.1,3.76,True,0,,False,1471.9512084281093,1517.033321964653,-37.90938758827806,145.12911423502234,0.9322039975658534,0.9322039975658534,prox=0.998 head=1.000 conn=1.000 turn=1.000,,
2026-09-10T11:10:44.603,1789002645,topo,False,-37.90951519,145.129106,1471.5113868610351,1502.8594664437696,1471.5113868610351,1502.8594664437696,1471.5102,1502.8592,1471.9512,1517.0334,-4577073#9,1.5474837130109973,0.9978514679518927,0,12.232900015078485,6.959,6.503,189.1,4.08,True,0,,False,1469.9791225471313,1503.0759656686437,-37.90951296270151,145.12908862782692,1.5474837130109973,1.5474837130109973,prox=0.995 head=1.000 conn=1.000 turn=1.000,,
2026-09-10T11:10:46.638,1789002647,topo,False,-37.9096467,145.1290762,1469.1843545496813,1488.2138771098107,1469.1843545496813,1488.2138771098107,1469.184,1488.2137,1469.9791,1503.0755,-4577073#9,1.9865673583190582,0.9964942655729233,0,12.368600000627339,7.323,6.959,188.8,4.71,True,0,,False,1468.79,1494.66,-37.90958856059778,145.1290731872293,6.4581743415827475,6.4581743415827475,prox=0.991 head=1.000 conn=1.000 turn=1.000,,
2026-09-10T11:10:48.680,1789002649,topo,False,-37.90977783,145.1290574,1467.8235662769293,1473.6298630870879,1467.8235662769293,1473.6298630870879,1467.828,1473.6299,1469.7321,1487.4087,-4577073#4,2.8591759440101927,0.9727530610204891,0,11.463299975730479,7.246,7.323,188.9,5.1,True,0,,False,1464.66,1465.24,-37.90985283576427,145.1290195160794,8.966490629482836,8.966490629482836,prox=0.982 head=1.000 conn=0.900 turn=1.000,,
2026-09-10T11:10:50.726,1789002651,topo,False,-37.90989822,145.1290296,1465.6476189935347,1460.2217315891758,1465.6476189935347,1460.2217315891758,1465.6462,1460.2216,1468.6,1474.87,-4577073#4,1.6326061226551745,0.997591777395867,0,11.89000008162111,6.854,7.246,188.9,4.85,True,0,,False,1464.0289106982095,1460.4343020630818,-37.909896012449664,145.12901124398556,1.6326061226551745,1.6326061226551745,prox=0.994 head=1.000 conn=1.000 turn=1.000,,
2026-09-10T11:10:52.757,1789002653,topo,False,-37.91002136,145.1290042,1463.6888038247125,1446.5126802334562,1463.6888038247125,1446.5126802334562,1463.6886,1446.5129,1464.0289,1460.434,-4577073#4,1.4754274769703712,0.9980169742653778,0,11.318699922412634,6.956,6.854,189,5.36,True,0,,False,1462.225936166077,1446.7047855512308,-37.91001936497674,145.12898761117836,1.475427476970371,1.475427476970371,prox=0.995 head=1.000 conn=1.000 turn=1.000,,
2026-09-10T11:10:54.792,1789002655,topo,False,-37.91014228,145.12899,1462.7097109706956,1433.0697337891906,1462.7097109706956,1433.0697337891906,1462.7073,1433.0698,1462.226,1446.705,-4577073#4,2.2546668398490213,0.9954498183722157,0,11.354499962180853,6.764,6.956,185.9,5.01,True,0,,False,1460.4742228826758,1433.3631883291732,-37.91013923230068,145.12896464964848,2.2546668398490213,2.2546668398490213,prox=0.989 head=1.000 conn=1.000 turn=1.000,,
2026-09-10T11:10:56.836,1789002657,topo,False,-37.91026796,145.1289663,1460.9060245934525,1419.081829519011,1460.9060245934525,1419.081829519011,1460.9104,1419.082,1460.4742,1433.3629,-4577073#4,2.2869086774410987,0.9953493308439655,0,10.853399988263845,6.985,6.764,188.6,4.5,True,0,,False,1458.6385689248575,1419.3794804721626,-37.910264868712154,145.128940587095,2.286908677441099,2.286908677441099,prox=0.988 head=1.000 conn=1.000 turn=1.000,,
2026-09-10T11:10:58.880,1789002659,topo,False,-37.91039238,145.1289342,1458.3610482780496,1405.2189172236249,1458.3610482780496,1405.2189172236249,1458.3646,1405.2186,1458.6387,1419.3802,-4577073#3,1.5380346614248324,0.9774391116983385,0,11.325499974191189,6.895,6.985,191.8,5.58,True,0,,False,1456.8354587850968,1405.4141794031073,-37.91039034518606,145.1289168986736,1.5380346614248324,1.5380346614248324,prox=0.995 head=0.998 conn=0.900 turn=1.000,,
2026-09-10T11:11:00.908,1789002661,topo,False,-37.91051662,145.1289136,1456.826709559653,1391.3962710993364,1456.826709559653,1391.3962710993364,1456.8248,1391.3959,1456.8355,1405.4144,-4577073#3,1.7709741328236377,0.9971938661730798,0,12.686699978075922,6.92,6.895,188.4,6.03,True,0,,False,1455.0700654494194,1391.621106259203,-37.9105142770035,145.12889367830883,1.7709741328236377,1.7709741328236377,prox=0.993 head=1.000 conn=1.000 turn=1.000,,
2026-09-10T11:11:02.942,1789002663,topo,False,-37.91063651,145.1288885,1454.8870695723454,1378.048380942084,1454.8870695723454,1378.048380942084,1454.8858,1378.0485,1455.07,1391.6205,-4577073#3,1.5411670182278356,0.9978349250966941,0,13.348800013773143,6.89,6.92,188.9,5.78,True,0,,False,1453.358354116461,1378.2438926629948,-37.91063447236477,145.12887116313297,1.5411670182278356,1.5411670182278356,prox=0.995 head=1.000 conn=1.000 turn=1.000,,
2026-09-10T11:11:04.985,1789002665,topo,False,-37.91076064,145.1288732,1453.8184507174883,1364.247292415239,1453.8184507174883,1364.247292415239,1453.8145,1364.2476,1453.3583,1378.2438,-4577073#3,2.2319814438324688,0.9955959209852728,0,13.011899893172085,6.716,6.89,187.4,4.89,True,0,,False,1451.6045021382115,1364.5304405283011,-37.91075768900776,145.1288480919954,2.2319814438324688,2.2319814438324688,prox=0.989 head=1.000 conn=1.000 turn=1.000,,
2026-09-10T11:11:07.031,1789002667,topo,False,-37.91087666,145.1288517,1452.1866993585136,1351.3351883590221,1452.1866993585136,1351.3351883590221,1452.1836,1351.3349,1451.6045,1364.5302,-4577073#3,2.251436935438581,0.9954739951749582,0,13.499900000169873,6.377,6.716,188.7,5.19,True,0,,False,1449.953452474531,1351.6208045865717,-37.910873683279256,145.1288263730982,2.251436935438581,2.251436935438581,prox=0.989 head=1.000 conn=1.000 turn=1.000,,
2026-09-10T11:11:09.079,1789002669,topo,False,-37.91100317,145.1288209,1449.7607118812157,1337.2426480725408,1449.7607118812157,1337.2426480725408,1449.7646,1337.2427,1449.9534,1351.6202,-4577073#3,3.8314349736228235,0.9871162110639887,0,12.487099971622229,6.767,6.377,188.7,5.46,True,0,,False,1448.7,1341.82,-37.9109617444085,145.12880988438224,4.698644523984152,4.698644523984152,prox=0.968 head=1.000 conn=1.000 turn=1.000,,
2026-09-10T11:11:11.125,1789002671,topo,False,-37.9111376,145.1287904,1447.3787508165697,1322.2717928756028,1447.3787508165697,1322.2717928756028,1447.3747,1322.2715,1448.1365,1337.4528,-4577073#2,3.9439161273130274,0.9663612109065607,0,12.166499975137413,7.255,6.767,188.7,5.79,True,0,,False,1447.19,1330.01,-37.91106785841185,145.12879002007892,7.740508792762043,7.740508792762043,prox=0.966 head=1.000 conn=0.900 turn=1.000,,
2026-09-10T11:11:13.171,1789002673,topo,False,-37.91126207,145.1287656,1445.475727257086,1308.4162076516077,1445.475727257086,1308.4162076516077,1445.472,1308.4162,1446.9143,1322.6639,-4577073#1,1.2154675696013355,0.9786654289541743,0,12.360800057649612,6.877,7.255,188.9,4.91,True,0,,False,1444.2717528148873,1308.5829618278226,-37.911260350121964,145.12875194876196,1.2154675696013355,1.2154675696013355,prox=0.997 head=1.000 conn=0.900 turn=1.000,,
2026-09-10T11:11:15.202,1789002675,topo,False,-37.91137062,145.128743,1443.7306605614722,1296.3310675648972,1443.7306605614722,1296.3310675648972,1443.7317,1296.3313,1444.2717,1308.5825,-4577073#1,1.1449036779815507,0.9988130216591241,0,13.089400017634034,6.108,6.877,188.9,4.47,True,0,,False,1442.5965827781208,1296.4881408381316,-37.911368999966484,145.12873014126546,1.1449036779815507,1.1449036779815507,prox=0.997 head=1.000 conn=1.000 turn=1.000,,
2026-09-10T11:11:17.245,1789002677,topo,False,-37.91149985,145.1287287,1442.761356283212,1281.9658180996776,1442.761356283212,1281.9658180996776,1442.7583,1281.966,1442.5966,1296.4885,-4577073#1,2.09566828012226,0.9960773589722175,0,15.012399991974235,6.771,6.108,188.9,3.57,True,0,,False,1440.6841648768395,1282.2434894910787,-37.91149697303756,145.12870514544866,2.09566828012226,2.09566828012226,prox=0.990 head=1.000 conn=1.000 turn=1.000,,
2026-09-10T11:11:19.279,1789002679,topo,False,-37.91161248,145.1286973,1440.2517458837247,1269.4124082177877,1440.2517458837247,1269.4124082177877,1440.2546,1269.4126,1440.6841,1282.2433,-4577073#1,1.2714832777489975,0.9985277542225955,0,13.484600000083447,6.505,6.771,188.9,3.02,True,0,,False,1438.9914728896931,1269.5808769273754,-37.911610734486366,145.1286830089681,1.2714832777489975,1.2714832777489975,prox=0.996 head=1.000 conn=1.000 turn=1.000,,
2026-09-10T11:11:21.324,1789002681,topo,False,-37.91171807,145.1286917,1439.994644614635,1257.6857258183882,1439.994644614635,1257.6857258183882,1439.9924,1257.6851,1438.9915,1269.5815,-4577073#1,2.5704081588758303,0.9941322317869444,0,17.82649999950081,5.945,6.505,188.9,2.78,True,0,,False,1437.446898967516,1258.0262991890468,-37.91171454129626,145.12866280946207,2.5704081588758303,2.5704081588758303,prox=0.985 head=1.000 conn=1.000 turn=1.000,,
2026-09-10T11:11:23.371,1789002684,topo,False,-37.91184553,145.128666,1438.0191947358544,1243.4967627171427,1438.0191947358544,1243.4967627171427,1438.0179,1243.4964,1437.4468,1258.0254,-4577073#1,2.492381313399938,0.9944840541087888,0,19.306099973618984,4.414,5.945,188.8,2.56,True,0,,False,1435.5487879951006,1243.8269977041193,-37.91184210840577,145.12863798641135,2.492381313399938,2.492381313399938,prox=0.986 head=1.000 conn=1.000 turn=1.000,,
2026-09-10T11:11:25.411,1789002686,topo,False,-37.91192503,145.128661,1437.7567276044283,1234.6662167478353,1437.7567276044283,1234.6662167478353,1437.758,1234.6662,1435.5487,1243.8264,-4577073#1,3.4022559984162335,0.9898098737896132,0,13.479399960488081,4.262,4.414,188.8,2.47,True,0,,False,1434.3844682687202,1235.1170081092084,-37.911920359306116,145.12862275966376,3.4022559984162335,3.4022559984162335,prox=0.975 head=1.000 conn=1.000 turn=1.000,,
2026-09-10T11:11:27.444,1789002688,topo,False,-37.91201703,145.1286154,1433.9528113831184,1224.3769501028582,1433.9528113831184,1224.3769501028582,1433.9508,1224.3771,1434.3845,1235.1172,-4577073#1,0.9951827285164878,0.9990884856661025,0,17.190200043842196,5.202,4.262,188.8,2.4,True,0,,False,1432.9664028798966,1224.508809603499,-37.91201566378727,145.12860421443142,0.9951827285164878,0.9951827285164878,prox=0.998 head=1.000 conn=1.000 turn=1.000,,
2026-09-10T11:11:29.476,1789002690,topo,False,-37.91213081,145.1285852,1431.5512967033428,1211.6980436285958,1431.5512967033428,1211.6980436285958,1431.5521,1211.6975,1432.9664,1224.5087,-4577073#1,0.29476841825671335,0.9998906363990024,0,13.808300020173192,6.07,5.202,188.8,2.34,True,0,,False,1431.2591271691276,1211.7370997891603,-37.912130405333386,145.12858188688256,0.2947684182567134,0.2947684182567134,prox=1.000 head=1.000 conn=1.000 turn=1.000,,
2026-09-10T11:11:31.521,1789002692,topo,False,-37.91223527,145.1285613,1429.6828820761875,1200.0644500218332,1429.6828820761875,1200.0644500218332,1429.6835,1200.0644,1431.2591,1211.7367,-4577073#1,0.01574765408921178,0.9999676426602989,0,13.831099960952997,6.006,6.07,188.8,2.31,True,0,,False,1429.6984908879708,1200.0623634926512,-37.912235291618856,145.12856147699964,0.01574765408921178,0.01574765408921178,prox=1.000 head=1.000 conn=1.000 turn=1.000,,
2026-09-10T11:11:33.552,1789002694,topo,False,-37.91235695,145.1285646,1430.2440799816977,1186.568046568893,1430.2440799816977,1186.568046568893,1430.2481,1186.5686,1429.6985,1200.0624,-4577073#1,3.177397492023579,0.9907624793110769,0,13.947999919764698,6.563,6.006,176.2,2.25,True,0,,False,1429.61,1193.48,-37.91229457095991,145.1285589682136,6.940976707710769,6.940976707710769,prox=0.978 head=0.999 conn=1.000 turn=1.000,,
2026-09-10T11:11:35.585,1789002696,topo,False,-37.91247759,145.1285554,1429.7040461370489,1173.1649835593998,1429.7040461370489,1173.1649835593998,1429.7023,1173.1649,1429.7001,1186.4752,1162333280#0,3.648852906765124,0.9682003709098733,0,13.128999969922006,6.536,6.563,184.2,2.17,True,0,,False,1433.3512161846613,1173.054176614641,-37.91247924778922,145.12859684404026,3.648852906765124,3.648852906765124,prox=0.971 head=1.000 conn=0.900 turn=1.000,,
2026-09-10T11:11:37.619,1789002698,topo,False,-37.91258599,145.1285439,1428.9345464737853,1161.1160729164258,1428.9345464737853,1161.1160729164258,1428.9373,1161.1157,1429.4411,1173.1799,1162333280#0,4.052101046681643,0.9854540872313796,0,13.226500013843179,6.021,6.536,184.8,2.12,True,0,,False,1432.9847786823668,1160.993020289118,-37.91258783100294,145.12858992424057,4.052101046681644,4.052101046681644,prox=0.964 head=0.999 conn=1.000 turn=1.000,,
2026-09-10T11:11:39.662,1789002700,topo,False,-37.91270203,145.1285401,1428.8590008382453,1148.2329798294231,1428.8590008382453,1148.2329798294231,1428.8552,1148.2333,1428.7459,1161.1268,1162333280#1,3.6455723495739147,0.9683077960621407,0,12.90620001964271,6.388,6.021,180.8,2.09,True,0,,False,1432.5016348981235,1148.0866416532933,-37.91270400705043,145.1285814844788,3.6455723495739147,3.6455723495739147,prox=0.971 head=1.000 conn=0.900 turn=1.000,,
2026-09-10T11:11:41.703,1789002702,topo,False,-37.91281212,145.1285644,1431.240549711336,1136.0597266368568,1431.240549711336,1136.0597266368568,1431.2366,1136.0598,1428.337,1148.2449,1162333280#1,4.60225208656975,0.9736019352686022,0,12.413899996317923,6.12,6.388,167.4,2.07,True,0,,False,1435.27,1140.06,-37.91277681343545,145.12861112935096,5.6779095280470555,5.6779095280470555,prox=0.954 head=0.973 conn=1.000 turn=1.000,,
2026-09-10T11:11:43.741,1789002704,topo,False,-37.91288392,145.1286609,1439.8840843836078,1128.2627570405602,1439.8840843836078,1128.2627570405602,1439.8812,1128.263,1429.1489,1135.6628,725249377#0,7.416731004041506,0.9331647467028633,0,13.327999971807003,5.544,6.12,128.2,2.05,True,0,,False,1443.77,1134.58,-37.91282771567994,145.12870652620379,7.416731004041506,7.416731004041506,prox=0.885 head=0.997 conn=0.900 turn=1.000,,
2026-09-10T11:11:45.774,1789002706,topo,False,-37.91290272,145.1287809,1450.4754851353355,1126.3884011190385,1450.4754851353355,1126.3884011190385,1450.4773,1126.3885,1439.054,1126.2873,725249377#0,6.235606862164584,0.9666954394542379,0,16.456499928608537,5.363,5.544,101.7,2.04,True,0,,False,1452.0481590115112,1132.422428780449,-37.912848648579335,145.1288001591462,6.235606862164584,6.235606862164584,prox=0.917 head=0.999 conn=1.000 turn=1.000,,
2026-09-10T11:11:47.818,1789002708,topo,False,-37.91292849,145.1289287,1463.5263767871656,1123.7896641679108,1463.5263767871656,1123.7896641679108,1463.5223,1123.7899,1450.6652,1125.4689,725249377#0,6.5056095509826415,0.9640363973105391,0,13.467300101183355,6.426,5.363,98.8,2.03,True,0,,False,1464.3422845104817,1130.2439069753104,-37.912870496323045,145.1289394502669,6.5056095509826415,6.5056095509826415,prox=0.910 head=1.000 conn=1.000 turn=1.000,,
2026-09-10T11:11:49.853,1789002710,topo,False,-37.91294896,145.1290766,1476.5742458957247,1121.7791979713365,1476.5742458957247,1121.7791979713365,1476.5777,1121.7791,1463.6112,1122.8119,725249377#0,6.190853603716009,0.9672978516063463,0,13.268799986690283,6.629,6.426,98.6,2.02,True,0,,False,1477.03,1128.64,-37.91288723881398,145.12908334786988,6.875922940237019,6.875922940237019,prox=0.918 head=1.000 conn=1.000 turn=1.000,,
2026-09-10T11:11:51.890,1789002712,topo,False,-37.91296858,145.1292224,1489.4355981107801,1119.8593262294307,1489.4355981107801,1119.8593262294307,1489.4355,1119.8595,1475.8075,1121.9192,1470433046#1,1.3470713685918194,0.9781549296923704,0,12.873400002717972,6.561,6.629,98.1,2.02,True,0,,False,1493.91,1118.71,-37.91297974232636,145.129273013273,4.619656161221585,4.619656161221585,prox=0.996 head=0.999 conn=0.900 turn=1.000,,
2026-09-10T11:11:53.931,1789002714,topo,False,-37.91298794,145.1293613,1501.6897676814115,1117.956111826934,1501.6897676814115,1117.956111826934,1501.6921,1117.9564,1489.8607,1120.4369,1470433046#2,0.22303970574598236,0.9799352070122993,0,12.297600042074919,6.194,6.561,98.1,2.14,True,0,,False,1501.6620027527533,1117.7348070166024,-37.912989928542544,145.12936093380353,0.22303970574598236,0.22303970574598236,prox=1.000 head=1.000 conn=0.900 turn=1.000,,
2026-09-10T11:11:55.980,1789002716,topo,False,-37.9130024,145.1294893,1512.9747729254887,1116.5773786539212,1512.9747729254887,1116.5773786539212,1512.9732,1116.5771,1501.6643,1117.7345,1470433046#2,0.2598362130312257,0.9999194151612841,0,12.936600018292665,5.78,6.194,98.1,2.11,True,0,,False,1512.9424274115206,1116.3195635548122,-37.91300471660765,145.12948887339329,0.2598362130312257,0.2598362130312257,prox=1.000 head=1.000 conn=1.000 turn=1.000,,
2026-09-10T11:11:58.026,1789002718,topo,False,-37.91301289,145.129632,1525.5432478577131,1115.6650927532464,1525.5432478577131,1115.6650927532464,1525.5466,1115.6653,1512.9409,1116.3198,1470433046#2,0.9192235231345449,0.9992290424676479,0,12.706000008620322,6.054,5.78,98.1,2.33,True,0,,False,1525.4288190144032,1114.753019332242,-37.91302108547356,145.12963049080724,0.9192235231345449,0.9192235231345449,prox=0.998 head=1.000 conn=1.000 turn=1.000,,
2026-09-10T11:12:00.068,1789002720,topo,False,-37.91302765,145.1297621,1537.013528401556,1114.2567416764796,1537.013528401556,1114.2567416764796,1537.0135,1114.2566,1525.4321,1114.7526,1470433046#2,0.9496963622283906,0.999182624981744,0,12.336899992078543,5.702,6.054,98,2.85,True,0,,False,1536.8953061699763,1113.314432446773,-37.91303611716075,145.12976054079104,0.9496963622283907,0.9496963622283907,prox=0.998 head=1.000 conn=1.000 turn=1.000,,
2026-09-10T11:12:02.086,1789002722,topo,False,-37.91304358,145.1298981,1549.0050925372634,1112.7289519179612,1549.0050925372634,1112.7289519179612,1549.0061,1112.7291,1536.8953,1113.3144,1470433046#2,0.926551155905407,0.9992211505608194,0,11.712300009094179,5.944,5.702,98,3.6,True,0,,False,1548.8897515191438,1111.8096078615554,-37.91305184080832,145.12989657880547,0.9265511559054069,0.9265511559054069,prox=0.998 head=1.000 conn=1.000 turn=1.000,,
2026-09-10T11:12:04.122,1789002724,topo,False,-37.91305657,145.1300297,1560.6032916678814,1111.5196219012141,1560.6032916678814,1111.5196219012141,1560.6052,1111.5199,1548.8908,1111.8095,1470433046#2,1.1704208348862706,0.9987485356179483,0,12.352699995972216,5.856,5.944,98.4,3.72,True,0,,False,1560.457592717679,1110.3583050854202,-37.913067005068285,145.13002777844284,1.1704208348862706,1.1704208348862706,prox=0.997 head=1.000 conn=1.000 turn=1.000,,
2026-09-10T11:12:06.155,1789002726,topo,False,-37.91307134,145.1301551,1571.6603916300228,1110.1018238561228,1571.6603916300228,1110.1018238561228,1571.6624,1110.1021,1560.4594,1110.3581,1470433046#3,1.1928015389703475,0.9786863621538503,0,13.657800038345158,5.415,5.856,96.8,3.89,True,0,,False,1571.4883405765142,1108.9214959583094,-37.913081941564805,145.13015287449028,1.1928015389703475,1.1928015389703475,prox=0.997 head=1.000 conn=0.900 turn=1.000,,
2026-09-10T11:12:08.193,1789002728,topo,False,-37.91309017,145.1302803,1582.7089413998765,1108.2331402609125,1582.7089413998765,1108.2331402609125,1582.7101,1108.2327,1571.4902,1108.9212,1470433046#3,0.9373149873429703,0.9990762915923178,0,12.00410001911223,5.694,5.415,100.8,4.01,True,0,,False,1582.5737420177722,1107.3056271814487,-37.913098500814385,145.13027855118654,0.9373149873429703,0.9373149873429703,prox=0.998 head=1.000 conn=1.000 turn=1.000,,
2026-09-10T11:12:10.209,1789002730,topo,False,-37.91310419,145.1304152,1594.5995300714858,1106.9152878150344,1594.5995300714858,1106.9152878150344,1594.6017,1106.9149,1582.5749,1107.3055,1360476884,1.3238801099600945,0.97843505803821,0,12.221999932080507,6.005,5.694,98.7,3.99,True,0,,False,1594.4144431538114,1105.6044097206054,-37.9131159652406,145.13041279652995,1.3238801099600945,1.3238801099600945,prox=0.996 head=1.000 conn=0.900 turn=1.000,,
2026-09-10T11:12:12.227,1789002732,topo,False,-37.91312525,145.130552,1606.6728151500574,1104.819574393332,1606.6728151500574,1104.819574393332,1606.6704,1104.8193,1594.4166,1105.6041,1360476884,0.9366715618016668,0.9990822770163136,0,11.966199963353574,6.081,6.005,100.5,3.93,True,0,,False,1606.54186246715,1103.8921020166397,-37.91313358121973,145.1305502995119,0.9366715618016668,0.9366715618016668,prox=0.998 head=1.000 conn=1.000 turn=1.000,,
2026-09-10T11:12:14.259,1789002734,topo,False,-37.91313881,145.1306823,1618.1579727355856,1103.544621385634,1618.1579727355856,1103.544621385634,1618.1567,1103.5451,1606.5395,1103.8924,1360476884,1.2799386324930342,0.9985434152434699,0,11.921799974516034,5.884,6.081,98.4,4.04,True,0,,False,1617.979029117868,1102.2772532131496,-37.913150194409745,145.13067997634425,1.2799386324930342,1.2799386324930342,prox=0.996 head=1.000 conn=1.000 turn=1.000,,
2026-09-10T11:12:16.295,1789002736,topo,False,-37.91315609,145.1308095,1629.3788754408597,1101.8513974016532,1629.3788754408597,1101.8513974016532,1629.3792,1101.8511,1617.9777,1102.2774,1360476884,4.5699603574851215,0.9818506230323635,0,11.918400065042078,5.688,5.884,99.6,4.06,True,0,,False,1624.86,1101.17,-37.913161411861964,145.1307579632248,4.5699603574851215,4.5699603574851215,prox=0.955 head=1.000 conn=1.000 turn=1.000,,
2026-09-10T11:12:18.329,1789002739,topo,False,-37.91317721,145.1309783,1644.2654687584727,1099.8053844114766,1644.2654687584727,1099.8053844114766,1644.2669,1099.8053,1629.1962,1100.5375,1470433048,1.8331506759453822,0.9770202970740957,0,11.8219000287354,5.024,5.688,100.7,4.01,True,0,,False,1643.9378921127782,1098.0017395068696,-37.91319339847138,145.13097416410332,1.8331506759453822,1.8331506759453822,prox=0.993 head=1.000 conn=0.900 turn=1.000,,
2026-09-10T11:12:20.347,1789002741,topo,False,-37.91319581,145.1310851,1653.6958854302648,1097.929692979902,1653.6958854302648,1097.929692979902,1653.6946,1097.9301,1643.9393,1098.0015,1470433048,1.6728272305330107,0.9974283529358469,0,11.096400092355907,4.651,5.024,102.3,4.19,True,0,,False,1653.3969579388179,1096.2837910089238,-37.91321058266614,145.13108132584023,1.6728272305330107,1.6728272305330107,prox=0.994 head=1.000 conn=1.000 turn=1.000,,
2026-09-10T11:12:24.420,1789002745,topo,False,-37.91329917,145.1310705,1652.642331927782,1086.4346121018752,1652.642331927782,1086.4346121018752,1652.639,1086.435,1657.9972,1092.7571,711979119,1.2593823968007465,0.8900950274750558,0,11.327399988658726,3.486,3.451,223.4,4.15,True,0,,False,1652.228283964048,1085.2452390295807,-37.91330980935656,145.1310655209437,1.2593823968007465,1.2593823968007465,prox=0.996 head=0.705 conn=0.900 turn=1.000,,
2026-09-10T11:12:26.442,1789002747,topo,False,-37.91325149,145.1309645,1643.2175538942683,1091.538575376384,1643.2175538942683,1091.538575376384,1643.2201,1091.5383,1652.2252,1085.2463,711979119,0.1448158957263163,0.9972023581851267,0,12.19499995931983,4.624,3.486,296.5,4.1,True,0,,False,1643.1293031429288,1091.423756177018,-37.9132525083766,145.13096347037438,0.1448158957263163,0.1448158957263163,prox=1.000 head=0.991 conn=1.000 turn=1.000,,
2026-09-10T11:12:28.476,1789002749,topo,False,-37.91318856,145.1308522,1633.2049827955198,1098.323638793081,1633.2049827955198,1098.323638793081,1633.2079,1098.3242,1643.131,1091.4224,711979119,2.8991791101339643,0.9883143798514992,0,11.94749993737787,5.845,4.624,300.8,4.08,True,0,,False,1632.3537547567998,1095.5522401680662,-37.9132133716169,145.13084188929002,2.8991791101339643,2.8991791101339643,prox=0.981 head=0.986 conn=1.000 turn=1.000,,
2026-09-10T11:12:30.520,1789002751,topo,False,-37.91316706,145.130705,1620.216448759369,1100.4498799825087,1620.216448759369,1100.4498799825087,1620.2173,1100.4496,1632.3563,1095.5515,711979119,4.547524696107525,0.9814688549053915,0,12.78609992004931,6.419,5.845,282.1,4.15,True,0,,False,1624.71,1097.9,-37.91319084165994,145.13075551204025,5.166613076027094,5.166613076027094,prox=0.955 head=0.998 conn=1.000 turn=1.000,,
2026-09-10T11:12:32.550,1789002753,topo,False,-37.91315,145.1305527,1606.789435250801,1102.0744238812476,1606.789435250801,1102.0744238812476,1606.7857,1102.0738,1619.9795,1098.7642,-1360476884,1.4344219264994953,0.9781385888384202,0,12.451000045984983,6.639,6.419,279.3,4.28,True,0,,False,1606.5889691694153,1100.6540789888231,-37.91316275856673,145.1305500967195,1.4344219264994953,1.4344219264994953,prox=0.995 head=1.000 conn=0.900 turn=1.000,,
2026-09-10T11:12:34.585,1789002755,topo,False,-37.91313507,145.1304123,1594.4133130908012,1103.4835737692192,1594.4133130908012,1103.4835737692192,1594.4123,1103.4837,1606.5854,1100.6546,-1360476884,1.100131257020478,0.9988889948485989,0,12.965300003997982,6.287,6.639,279.3,4.36,True,0,,False,1594.2595654395484,1102.394238906834,-37.91314485519201,145.1304103033936,1.100131257020478,1.100131257020478,prox=0.997 head=1.000 conn=1.000 turn=1.000,,
2026-09-10T11:12:36.616,1789002757,topo,False,-37.91311613,145.1302712,1581.9667213910725,1105.336440528743,1581.9667213910725,1105.336440528743,1581.971,1105.3369,1594.2586,1102.3944,-1470433046#3,1.1609554001262878,0.9787811453319498,0,12.288499972783029,6.337,6.287,279.3,4.41,True,0,,False,1581.7990164714008,1104.1876618289925,-37.91312644815047,145.13026903111816,1.1609554001262878,1.1609554001262878,prox=0.997 head=1.000 conn=0.900 turn=1.000,,
2026-09-10T11:12:38.648,1789002759,topo,False,-37.91309392,145.1301305,1569.5480089942575,1107.5528496960178,1569.5480089942575,1107.5528496960178,1569.5443,1107.5525,1581.8031,1104.1871,-1470433046#3,2.148485704909925,0.995797624491786,0,13.628100045025349,6.296,6.337,280.6,4.1,True,0,,False,1570.96,1105.77,-37.913110235464494,145.130146148221,2.274262878140636,2.274262878140636,prox=0.990 head=1.000 conn=1.000 turn=1.000,,
2026-09-10T11:12:40.678,1789002761,topo,False,-37.91308093,145.1299963,1557.7212451014202,1108.7576065510511,1557.7212451014202,1108.7576065510511,1557.7245,1108.7572,1569.3362,1105.9856,-1470433046#2,1.266093127480114,0.9785682592921556,0,13.345799990929663,5.927,6.296,276.5,3.84,True,0,,False,1557.5638499208474,1107.5013348588664,-37.913092218328316,145.1299942237864,1.266093127480114,1.266093127480114,prox=0.996 head=1.000 conn=0.900 turn=1.000,,
2026-09-10T11:12:42.704,1789002763,topo,False,-37.91307162,145.1298488,1544.733434259193,1109.5305361924693,1544.733434259193,1109.5305361924693,1544.7359,1109.5309,1557.5671,1107.5009,-1470433046#2,0.4184388902842603,0.9997396580176029,0,13.55080003850162,6.427,5.927,275,3.99,True,0,,False,1544.6814157597119,1109.1153432486299,-37.91307535074788,145.1298481138122,0.41843889028426023,0.41843889028426023,prox=1.000 head=1.000 conn=1.000 turn=1.000,,
2026-09-10T11:12:44.738,1789002765,topo,False,-37.9130486,145.1296982,1531.4425655834493,1111.8193078748882,1531.4425655834493,1111.8193078748882,1531.4468,1111.8196,1544.6838,1109.115,-1470433046#2,1.0371930579722521,0.9987556517785855,0,14.145200024358928,6.714,6.427,280.7,3.97,True,0,,False,1531.3136262620794,1110.790160610931,-37.913057847478655,145.12969649911395,1.0371930579722521,1.0371930579722521,prox=0.998 head=0.999 conn=1.000 turn=1.000,,
2026-09-10T11:12:46.769,1789002767,topo,False,-37.91302771,145.1295469,1518.0948925224948,1113.870467800647,1518.0948925224948,1113.870467800647,1518.097,1113.8706,1531.3177,1110.7896,-1470433046#2,1.4131170156093358,0.9980422372687795,0,13.393300003372133,6.738,6.714,280,4.3,True,0,,False,1517.9192199728104,1112.4683127253818,-37.913040309164245,145.1295445826137,1.4131170156093358,1.4131170156093358,prox=0.996 head=0.999 conn=1.000 turn=1.000,,
2026-09-10T11:12:48.798,1789002769,topo,False,-37.91300839,145.1293971,1504.882576664153,1115.750037457794,1504.882576664153,1115.750037457794,1504.8859,1115.7498,1517.9213,1112.4681,-1470433046#2,1.6356087955115848,0.9975869068105753,0,13.479100074619055,6.745,6.738,278.5,4.55,True,0,,False,1504.6792449059053,1114.1271165330281,-37.91302297286736,145.12939441771832,1.6356087955115848,1.6356087955115848,prox=0.994 head=1.000 conn=1.000 turn=1.000,,
2026-09-10T11:12:50.836,1789002771,topo,False,-37.91299903,145.1292435,1491.3583675355767,1116.5176693201065,1491.3583675355767,1116.5176693201065,1491.3571,1116.5181,1504.6825,1114.1267,-1470433046#1,0.8533452853568279,0.9793532154738105,0,13.234600075520575,6.653,6.745,278.1,4.66,True,0,,False,1493.47,1115.54,-37.91300821882732,145.12926728692142,2.326978505333508,2.326978505333508,prox=0.998 head=1.000 conn=0.900 turn=1.000,,
2026-09-10T11:12:52.859,1789002773,topo,False,-37.91297821,145.1290967,1478.4064358621836,1118.5689374338835,1478.4064358621836,1118.5689374338835,1478.4105,1118.569,1491.2607,1115.8666,-1470433046#0,1.233124250980546,0.9785430149004188,0,13.483199989423156,6.567,6.653,278.1,4.52,True,0,,False,1475.14,1118.25,-37.91298049245128,145.12905948666673,3.2819695806772033,3.2819695806772033,prox=0.997 head=1.000 conn=0.900 turn=1.000,,
2026-09-10T11:12:54.891,1789002775,topo,False,-37.91296138,145.1289733,1467.5205385328736,1120.2187279229984,1467.5205385328736,1120.2187279229984,1467.5165,1120.219,1478.3831,1118.7478,-1470433046#0,0.5786551097369328,0.9996387176373399,0,12.81910005491227,5.576,6.567,278.6,3.98,True,0,,False,1467.4173660477127,1119.6493447705163,-37.91296649047071,145.12897199693873,0.5786551097369329,0.5786551097369329,prox=0.999 head=1.000 conn=1.000 turn=1.000,,
2026-09-10T11:12:56.930,1789002777,topo,False,-37.91296662,145.128872,1458.6266657443484,1119.458506415598,1458.6266657443484,1119.458506415598,1458.6259,1119.4583,1467.4134,1119.6501,-1470433046#0,0.8160332982790198,0.9948651183115768,0,12.589700054377317,4.648,5.576,278.8,3.48,True,0,,False,1462.35,1119.48,-37.91296709966573,145.12891434053682,3.7233962928324194,3.7233962928324194,prox=0.999 head=0.985 conn=1.000 turn=1.000,,
2026-09-10T11:13:00.994,1789002781,topo,False,-37.91314589,145.1287547,1448.7138710439904,1099.3587870262563,1448.7138710439904,1099.3587870262563,1448.7145,1099.3589,1454.4454,1114.8447,-93686025#2,0.6817701218247373,0.8494255010652806,0,12.39209994673729,6.327,0,188.8,2.97,True,0,,False,1449.3820506169657,1099.223337562354,-37.91314723099285,145.1287622665385,0.6817701218247373,0.6817701218247373,prox=0.999 head=0.999 conn=0.500 turn=0.500,,
2026-09-10T11:13:03.023,1789002783,topo,False,-37.91327256,145.1287333,1447.114727142849,1085.2650733646005,1447.114727142849,1085.2650733646005,1447.1127,1085.2646,1449.3821,1099.2235,-93686025#2,0.0367737440517741,0.9999967014035361,0,11.779900058172643,6.936,6.327,188.3,2.69,True,0,,False,1447.37,1085.78,-37.91326796759532,145.12873632009538,0.574729215754478,0.574729215754478,prox=1.000 head=1.000 conn=1.000 turn=1.000,,
2026-09-10T11:13:05.047,1789002785,topo,False,-37.91339986,145.1287149,1445.7807301641442,1071.1067456481978,1445.7807301641442,1071.1067456481978,1445.7825,1071.1071,1447.3034,1085.241,-93686025#0,0.21481358066859293,0.9799393480265588,0,11.86780002899468,7.063,6.936,187.4,2.43,True,0,,False,1445.5672859571255,1071.1309622732686,-37.91339960325062,145.12871247857765,0.2148135806685929,0.2148135806685929,prox=1.000 head=1.000 conn=0.900 turn=1.000,,
2026-09-10T11:13:07.090,1789002787,topo,False,-37.91351449,145.1287023,1444.9284032493597,1058.3645813250914,1444.9284032493597,1058.3645813250914,1444.9251,1058.364,1445.5674,1071.1315,-93686025#0,0.8496900831985359,0.9987612039906762,0,13.591599999926984,6.321,7.063,181.8,2.27,True,0,,False,1444.084895619794,1058.4668951381882,-37.91351341578737,145.12869273230464,0.8496900831985359,0.8496900831985359,prox=0.998 head=0.998 conn=1.000 turn=1.000,,
2026-09-10T11:13:09.123,1789002789,topo,False,-37.91360087,145.128781,1452.0394960198319,1048.9183145891875,1452.0394960198319,1048.9183145891875,1452.0413,1048.9187,1444.0848,1058.4659,-93686025#0,0.5122783924054083,0.9517700516885551,0,13.929000007919967,5.78,6.321,145.8,2.2,True,0,,False,1451.9624915092413,1048.4118568351012,-37.91360541835421,145.12878000881773,0.5122783924054083,0.5122783924054083,prox=0.999 head=0.840 conn=1.000 turn=1.000,,
2026-09-10T11:13:11.152,1789002791,topo,False,-37.91361633,145.1289004,1462.5706051053712,1047.4135107165202,1462.5706051053712,1047.4135107165202,1462.5709,1047.4136,1451.9642,1048.4116,-93686025#0,0.6075846011754452,0.999088657557008,0,18.289799918420613,4.976,5.78,103.7,2.16,True,0,,False,1462.4792743845182,1046.8128296472214,-37.913621724548655,145.12889922442275,0.6075846011754452,0.6075846011754452,prox=0.999 head=0.998 conn=1.000 turn=1.000,,
2026-09-10T11:13:13.198,1789002793,topo,False,-37.91362591,145.1290064,1471.910594708519,1046.5375220254064,1471.910594708519,1046.5375220254064,1471.908,1046.5379,1462.4795,1046.8128,-93686025#0,1.1455148892551739,0.9988186073951132,0,15.321700018830597,4.728,4.976,99.5,2.13,True,0,,False,1471.738403543073,1045.4050227697564,-37.91363608066133,145.12900418362932,1.1455148892551739,1.1455148892551739,prox=0.997 head=1.000 conn=1.000 turn=1.000,,
2026-09-10T11:13:15.239,1789002795,topo,False,-37.91363232,145.1291156,1481.5248390685883,1046.0189285408705,1481.5248390685883,1046.0189285408705,1481.529,1046.0189,1471.7358,1045.4054,-93686025#0,2.078004912773809,0.9961633543276788,0,13.352199923247099,4.838,4.728,99.5,2.11,True,0,,False,1481.2124781459243,1043.9645344522146,-37.91365076994716,145.12911157945067,2.078004912773809,2.078004912773809,prox=0.990 head=1.000 conn=1.000 turn=1.000,,
2026-09-10T11:13:17.274,1789002797,topo,False,-37.91365192,145.1292407,1492.5662543004146,1044.0647488813847,1492.5662543004146,1044.0647488813847,1492.5657,1044.0646,1481.2166,1043.9639,-93686034#0,1.6861743440354606,0.9774056266859985,0,14.228999963961542,5.501,4.838,99.6,2.09,True,0,,False,1492.3377851309826,1042.394124519925,-37.913666928038914,145.12923772094842,1.6861743440354606,1.6861743440354606,prox=0.994 head=1.000 conn=0.900 turn=1.000,,
2026-09-10T11:13:19.299,1789002799,topo,False,-37.91367484,145.1293698,1503.9667039244669,1041.749207675457,1503.9667039244669,1041.749207675457,1503.9692,1041.7497,1492.3373,1042.3942,-93686034#0,0.9366976981017663,0.9991457806070557,0,14.075399958528578,5.726,5.501,99.6,2.12,True,0,,False,1503.8397855272967,1040.82114824951,-37.91368317721568,145.12936814510172,0.9366976981017663,0.9366976981017663,prox=0.998 head=1.000 conn=1.000 turn=1.000,,
2026-09-10T11:13:21.321,1789002802,topo,False,-37.91369232,145.1295618,1520.8846789167728,1040.1482653263956,1520.8846789167728,1040.1482653263956,1520.8828,1040.1479,1503.8422,1040.8208,-93686034#0,1.6346434642124694,0.9975701732929431,0,15.918200020678341,5.258,5.726,99.4,2.12,True,0,,False,1520.6640600900957,1038.528578137952,-37.913706870614575,145.12955892189586,1.6346434642124694,1.6346434642124694,prox=0.994 head=1.000 conn=1.000 turn=1.000,,
2026-09-10T11:13:23.345,1789002804,topo,False,-37.91370754,145.1296772,1531.0635783964535,1038.6629493851215,1531.0635783964535,1038.6629493851215,1531.0609,1038.6632,1520.6623,1038.5288,-93686034#0,1.5367075263108032,0.9978765444327135,0,13.329099980182946,4.662,5.258,98.9,2.1,True,0,,False,1530.8561774439995,1037.1403020634014,-37.91372121885082,145.12967449435155,1.5367075263108034,1.5367075263108034,prox=0.995 head=1.000 conn=1.000 turn=1.000,,
2026-09-10T11:13:27.413,1789002808,topo,False,-37.91379749,145.1297963,1541.7341289650649,1028.8917282531038,1541.7341289650649,1028.8917282531038,1541.7346,1028.8922,1537.5632,1036.2267,-93686034#0,0.2141625181355805,0.9942641056111962,0,13.362300000153482,4.171,3.644,153.6,2.09,True,0,,False,1541.87,1032.19,-37.913767803003665,145.12979859739318,3.3010691380988115,3.3010691380988115,prox=1.000 head=0.981 conn=1.000 turn=1.000,,
2026-09-10T11:13:29.447,1789002810,topo,False,-37.91390565,145.1297756,1540.1551747717313,1016.8532341755927,1540.1551747717313,1016.8532341755927,1540.1524,1016.8532,1542.641,1029.1198,-46129059#4,3.996352026834894,0.9656550745121213,0,13.666899991221726,5.738,4.171,184.8,2.15,True,0,,False,1542.12,1024.58,-37.91383640073622,145.12979970385717,7.972668830628111,7.972668830628111,prox=0.965 head=0.999 conn=0.900 turn=1.000,,
2026-09-10T11:13:31.482,1789002812,topo,False,-37.91402391,145.1297513,1538.2822335174424,1003.6876420760527,1538.2822335174424,1003.6876420760527,1538.283,1003.6877,1540.9811,1016.6227,-46129059#3,1.0382600553251953,0.9790192303991739,0,13.052199967205524,6.515,5.738,187.8,2.62,True,0,,False,1539.3132300232655,1003.5650445741846,-37.91402520073685,145.12976299499914,1.0382600553251953,1.0382600553251953,prox=0.998 head=1.000 conn=0.900 turn=1.000,,
2026-09-10T11:13:33.520,1789002814,topo,False,-37.91414286,145.1297322,1536.867974193825,990.4546557944268,1536.867974193825,990.4546557944268,1536.8716,990.4545,1539.3133,1003.5652,-46129059#3,0.8800774896348479,0.9993110225731269,0,12.904100003652275,6.647,6.515,187,3.12,True,0,,False,1537.7418947612332,990.3507364525179,-37.91414395409063,145.12974211324044,0.8800774896348479,0.8800774896348479,prox=0.998 head=1.000 conn=1.000 turn=1.000,,
2026-09-10T11:13:35.551,1789002816,topo,False,-37.91426293,145.1297055,1534.7880909586092,977.0839817114174,1534.7880909586092,977.0839817114174,1534.7924,977.0842,1537.7419,990.351,-46129059#3,4.667133138720647,0.9809656042755975,0,12.120400089770555,6.712,6.647,189.2,3.49,True,0,,False,1537.24,986.13,-37.91418188468699,145.12973544345434,9.372422569678765,9.372422569678765,prox=0.953 head=1.000 conn=1.000 turn=1.000,,
2026-09-10T11:13:37.590,1789002818,topo,False,-37.91436913,145.1296823,1532.9850210599834,965.2585662314668,1532.9850210599834,965.2585662314668,1532.9855,965.259,1536.0605,976.9218,-46129059#2,4.13789233701515,0.9649762699990748,0,12.108199996873736,6.018,6.712,189.7,5.37,True,0,,False,1535.42,972.19,-37.91430713027374,145.12971156856676,7.346692897208061,7.346692897208061,prox=0.963 head=1.000 conn=0.900 turn=1.000,,
2026-09-10T11:13:39.616,1789002820,topo,False,-37.9144525,145.1296732,1532.370665579103,955.9913554210216,1532.370665579103,955.9913554210216,1532.3743,955.9915,1534.4626,965.0607,-46129059#1,0.8775529210702303,0.9793119491168312,0,12.381499982438982,4.863,0,187.1,6.27,True,0,,False,1533.2406632171362,955.8764500726021,-37.91445369235186,145.12968306616816,0.8775529210702303,0.8775529210702303,prox=0.998 head=1.000 conn=0.900 turn=1.000,,
2026-09-10T11:13:41.657,1789002822,topo,False,-37.91453851,145.1296554,1530.9973675226793,946.4158494984731,1530.9973675226793,946.4158494984731,1530.9949,946.4157,1533.2407,955.877,-46129059#1,0.9852264514205108,0.9989491567879901,0,12.532100081443787,4.832,4.863,190.4,5.78,True,0,,False,1531.9741116768876,946.2868455535777,-37.91453984865237,145.12966647673457,0.9852264514205109,0.9852264514205109,prox=0.998 head=0.999 conn=1.000 turn=1.000,,
2026-09-10T11:13:43.680,1789002824,topo,False,-37.91463223,145.129653,1530.9950641929172,936.011968693696,1530.9950641929172,936.011968693696,1530.996,936.0118,1531.9741,946.2864,-46129059#1,0.37475723580789355,0.9998744721377232,0,12.664300040341914,5.043,4.832,187.7,5.46,True,0,,False,1530.6235334257572,936.0610387950189,-37.91463172080727,145.12964878666253,0.37475723580789355,0.37475723580789355,prox=1.000 head=1.000 conn=1.000 turn=1.000,,
2026-09-10T11:13:47.759,1789002828,topo,False,-37.91472352,145.1296314,1529.2994698790135,925.8438630346209,1529.2994698790135,925.8438630346209,1529.2981,925.8435,1528.6635,929.2933,-46129059#1,3.061717322610715,0.9917519021513251,0,13.042800012044609,1.958,3.552,187.8,4.74,True,0,,False,1530.07,931.87,-37.91466937453565,145.12964153638643,6.075199041418816,6.075199041418816,prox=0.979 head=1.000 conn=1.000 turn=1.000,,
2026-09-10T11:13:55.923,1789002836,topo,False,-37.91480773,145.1297863,1543.1042968301335,916.7727357689291,1543.1042968301335,916.7727357689291,1543.1023,916.7732,1529.4079,920.6973,1011594504#2,10.794706556783586,0.8886496687559572,0,12.618500040844083,3.894,2.239,95.2,3.78,True,0,,False,1544.4670125462978,927.4810827713374,-37.91471151318993,145.1298042380546,10.794706556783586,10.794706556783586,prox=0.772 head=1.000 conn=0.900 turn=1.000,,
2026-09-10T11:13:57.943,1789002838,topo,False,-37.91481591,145.1298934,1552.537709698663,916.0539516443387,1552.537709698663,916.0539516443387,1552.5393,916.0536,1543.1401,917.1938,1011594504#2,10.316873266926061,0.9157035405563311,0,11.605600011534989,4.84,3.894,95.9,3.61,True,0,,False,1553.8401040961912,926.2882881073978,-37.91472395225815,145.12991054388795,10.31687326692606,10.31687326692606,prox=0.789 head=1.000 conn=1.000 turn=1.000,,
2026-09-10T11:13:59.978,1789002840,topo,False,-37.91482579,145.1300133,1563.1001574634574,915.1690915776417,1563.1001574634574,915.1690915776417,1563.1038,915.1692,1552.5563,916.2127,1011594504#2,9.86125875794319,0.9222205261273503,0,11.740899994038045,5.271,4.84,95.9,3.45,True,0,,False,1564.345035424699,924.9514585280646,-37.91473789328247,145.13002968663994,9.86125875794319,9.86125875794319,prox=0.806 head=1.000 conn=1.000 turn=1.000,,
2026-09-10T11:14:02.003,1789002842,topo,False,-37.91480244,145.1301338,1573.6413752536755,917.9726455509663,1573.6413752536755,917.9726455509663,1573.642,917.9724,1563.095,915.0861,1011594504#2,6.029339239905838,0.9689570535874282,0,12.397399987094104,5.179,5.271,93.7,3.62,True,0,,False,1574.031215337591,923.9893686108088,-37.91474831048977,145.13013960519743,6.029339239905838,6.029339239905838,prox=0.922 head=1.000 conn=1.000 turn=1.000,,
2026-09-10T11:14:04.023,1789002844,topo,False,-37.91481665,145.1302638,1585.1013547416078,916.6250905906782,1585.1013547416078,916.6250905906782,1585.0992,916.6255,1573.1066,913.8136,1011594504#2,6.6331045106724424,0.9626109221910012,0,12.953300029039383,5.627,5.179,96.1,3.5,True,0,,False,1585.5302325864545,923.2443155637171,-37.91475710006548,145.13027018641418,6.6331045106724424,6.6331045106724424,prox=0.907 head=1.000 conn=1.000 turn=1.000,,
2026-09-10T11:14:06.065,1789002846,topo,False,-37.91482073,145.1303956,1596.697021044325,916.4047699095681,1596.697021044325,916.4047699095681,1596.6933,916.4049,1584.5475,912.3405,1011594504#2,6.846050688978233,0.9604350581983586,0,12.364600086584687,5.659,5.627,93.6,3.73,True,0,,False,1590.69,922.91,-37.91476104402229,145.13032878001667,8.854508476274873,8.854508476274873,prox=0.901 head=1.000 conn=1.000 turn=1.000,,
2026-09-10T11:14:08.099,1789002848,topo,False,-37.91483965,145.1305248,1608.0971473159152,914.533126858063,1608.0971473159152,914.533126858063,1608.0978,914.5333,1596.2883,913.1107,1011594504#3,6.657031010043348,0.9423455202148947,0,11.891699978150427,5.675,5.659,98.7,3.66,True,0,,False,1608.8189588508674,921.1509097176535,-37.914780165963414,145.13053451672295,6.657031010043348,6.657031010043348,prox=0.906 head=1.000 conn=0.900 turn=1.000,,
2026-09-10T11:14:10.139,1789002850,topo,False,-37.91485199,145.1306659,1620.5287566293846,913.4125990774482,1620.5287566293846,913.4125990774482,1620.5247,913.4123,1607.7497,911.7016,1011594504#3,6.423012352494351,0.964958866043616,0,12.163699953816831,6.123,5.675,96.4,3.8,True,0,,False,1621.225193884698,919.7977429935794,-37.91479459702795,145.1306752750381,6.423012352494351,6.423012352494351,prox=0.912 head=1.000 conn=1.000 turn=1.000,,
2026-09-10T11:14:12.177,1789002852,topo,False,-37.91487065,145.1308049,1632.7898138247547,911.5870511345565,1632.7898138247547,911.5870511345565,1632.7903,911.5874,1620.1273,910.1799,1011594504#3,6.9083499401710196,0.9596415424969665,0,11.68679993133992,6.147,6.123,98.4,3.84,True,0,,False,1633.5388754810363,918.4546712122071,-37.91480892026816,145.1308149833243,6.9083499401710196,6.9083499401710196,prox=0.899 head=1.000 conn=1.000 turn=1.000,,
2026-09-10T11:14:14.219,1789002854,topo,False,-37.91488937,145.1309458,1645.218027628085,909.7581764888018,1645.218027628085,909.7581764888018,1645.2207,909.7587,1632.4313,908.6672,1011594504#3,7.435609486020507,0.9534269413652879,0,11.86319999396801,6.236,6.147,99,3.97,True,0,,False,1645.8939863557275,917.1629970961577,-37.914822787825834,145.13095517446874,7.435609486020507,7.435609486020507,prox=0.884 head=0.999 conn=1.000 turn=1.000,,
2026-09-10T11:14:16.242,1789002856,topo,False,-37.91490605,145.1310839,1657.3955473083188,908.1507163606584,1657.3955473083188,908.1507163606584,1657.3944,908.1507,1644.8981,907.1345,1011594504#3,7.313799171416374,0.9550166280790285,0,12.120699975639582,6.19,6.236,97.8,3.82,True,0,,False,1652.39,916.57,-37.91482930307132,145.13102890318928,9.794888506537594,9.794888506537594,prox=0.888 head=0.999 conn=1.000 turn=1.000,,
2026-09-10T11:14:18.283,1789002858,topo,False,-37.91491717,145.131224,1669.7365118194139,907.1637291507795,1669.7365118194139,907.1637291507795,1669.7398,907.1634,1657.0872,905.6379,52631734#0,2.2021012615631763,0.975594506830172,0,12.17450003605336,6.156,6.19,95.7,3.94,True,0,,False,1666.01,914.84,-37.914847347372415,145.13118337711495,8.532996220016946,8.532996220016946,prox=0.989 head=1.000 conn=0.900 turn=1.000,,
2026-09-10T11:14:20.318,1789002860,topo,False,-37.91493298,145.1313641,1682.08790592046,905.6562973391265,1682.08790592046,905.6562973391265,1682.0906,905.656,1669.5065,904.3116,52631734#1,2.3223116051073265,0.9751811866976798,0,11.769599979743361,6.241,6.156,97,3.91,True,0,,False,1682.63,912.59,-37.91487061754439,145.13137184457477,6.954861506922888,6.954861506922888,prox=0.988 head=1.000 conn=0.900 turn=1.000,,
2026-09-10T11:14:22.355,1789002863,topo,False,-37.91500275,145.1315679,1700.1592016597278,898.2734292047098,1700.1592016597278,898.2734292047098,1700.1604,898.2735,1682.4901,904.417,44348024#1,3.8428712496920325,0.8370859655476834,0,11.756099993363023,6.321,6.241,98.5,8.32,True,0,,False,1696.78,894.9,-37.9150325283964,145.13152870721976,4.77483281972227,4.77483281972227,prox=0.968 head=1.000 conn=0.500 turn=0.500,,
2026-09-10T11:14:24.391,1789002865,topo,False,-37.91502003,145.1317041,1712.1709947055206,896.5959613015875,1712.1709947055206,896.5959613015875,1712.1735,896.5959,1700.1321,897.8622,1209622645,3.2574103387434556,0.9706374900286479,0,11.580000049434602,6.106,6.321,99.1,8.3,True,0,,False,1711.7312259968144,893.3683731001908,-37.91504902543978,145.13169836389446,3.2574103387434556,3.2574103387434556,prox=0.977 head=1.000 conn=0.900 turn=1.000,,
2026-09-10T11:14:26.431,1789002867,topo,False,-37.91503922,145.1318545,1725.4353529459331,894.731552763842,1725.4353529459331,894.731552763842,1725.4389,894.7319,1712.1656,896.5378,1209622645,3.200833707418588,0.9909484819624567,0,12.370999902486801,6.588,6.106,99.2,8.03,True,0,,False,1725.0032224005265,891.5600232252324,-37.91506771183842,145.1318488635785,3.200833707418588,3.200833707418588,prox=0.977 head=1.000 conn=1.000 turn=1.000,,
2026-09-10T11:14:28.464,1789002869,topo,False,-37.91505935,145.1320102,1739.1677177448291,892.7721534790471,1739.1677177448291,892.7721534790471,1739.1651,892.7717,1725.4386,894.7293,1209622645,3.1133195017483186,0.9913902722049289,0,12.537600006908178,6.944,6.588,99.7,7.73,True,0,,False,1738.7474021091878,889.6873369388941,-37.91508706284985,145.13200471774067,3.1133195017483186,3.1133195017483186,prox=0.979 head=1.000 conn=1.000 turn=1.000,,
2026-09-10T11:14:30.510,1789002871,topo,False,-37.9150792,145.1321567,1752.0906799626537,890.827594153583,1752.0906799626537,890.827594153583,1752.0871,890.8277,1739.1768,892.8574,1209622645,2.9312354942350907,0.9923489228183776,0,13.12720007263124,6.707,6.944,99.7,6.52,True,0,,False,1751.6949466916926,887.9231946113509,-37.915105292058016,145.13215153842327,2.9312354942350907,2.9312354942350907,prox=0.981 head=1.000 conn=1.000 turn=1.000,,
2026-09-10T11:14:32.551,1789002873,topo,False,-37.91509869,145.1323005,1764.7754775441717,888.9182058889419,1764.7754775441717,888.9182058889419,1764.7781,888.9183,1752.1233,891.0934,1209622645,2.7518469857416625,0.9932389962382847,0,12.228299980051816,6.387,6.707,99.7,3.5,True,0,,False,1764.4039627303694,886.191552523356,-37.91512318525877,145.13229565435233,2.7518469857416625,2.7518469857416625,prox=0.983 head=1.000 conn=1.000 turn=1.000,,
2026-09-10T11:14:34.594,1789002875,topo,False,-37.91511867,145.1324465,1777.65475958772,886.9583004182205,1777.65475958772,886.9583004182205,1777.6516,886.9583,1764.8384,889.3609,569766862#0,3.290721071481265,0.9704473751928457,0,13.015199918299913,6.442,6.387,99.8,3.78,True,0,,False,1777.171422894123,883.7032688037943,-37.91514790483579,145.13244026252372,3.290721071481265,3.290721071481265,prox=0.976 head=1.000 conn=0.900 turn=1.000,,
2026-09-10T11:14:36.635,1789002877,topo,False,-37.91513938,145.1325971,1790.9400431093527,884.9254722781479,1790.9400431093527,884.9254722781479,1790.9376,884.9249,1777.6388,886.872,569766862#0,3.2312645427944346,0.990784013156972,0,12.666900060139596,6.651,6.442,99.8,5.62,True,0,,False,1790.4654393108763,881.7292523576806,-37.915168086631965,145.13259097527825,3.2312645427944346,3.2312645427944346,prox=0.977 head=1.000 conn=1.000 turn=1.000,,
2026-09-10T11:14:38.674,1789002879,topo,False,-37.91516006,145.1327474,1804.1988792717457,882.8954234281555,1804.1988792717457,882.8954234281555,1804.1996,882.8951,1790.9332,884.8953,569766862#0,3.1706726088236388,0.9911210553177315,0,12.23810005467385,6.578,6.651,99.8,3.43,True,0,,False,1803.7331751351937,879.759138292913,-37.915188228340824,145.13274139018273,3.1706726088236388,3.1706726088236388,prox=0.978 head=1.000 conn=1.000 turn=1.000,,
2026-09-10T11:14:40.705,1789002881,topo,False,-37.91517953,145.13289,1816.7781119787833,880.9860614128411,1816.7781119787833,880.9860614128411,1816.7739,880.9863,1804.2036,882.9221,569766862#0,3.129639359364682,0.9913517980357945,0,12.358499923720956,6.52,6.578,99.7,3.68,True,0,,False,1816.31843475083,877.8903645016778,-37.91520733380881,145.13288406801033,3.129639359364682,3.129639359364682,prox=0.978 head=1.000 conn=1.000 turn=1.000,,
2026-09-10T11:14:42.722,1789002883,topo,False,-37.91520093,145.1330483,1830.7418124665273,878.8901631394401,1830.7418124665273,878.8901631394401,1830.7407,878.8899,1816.7836,881.0516,569766862#0-AddedOffRampEdge,1.5157566687966444,0.9779273275309713,0,12.14190002065152,7.003,6.52,99.7,3.51,True,0,,False,1830.5190513685122,877.390864712771,-37.915214395836195,145.13304542556853,1.5157566687966444,1.5157566687966444,prox=0.995 head=1.000 conn=0.900 turn=1.000,,
2026-09-10T11:14:44.738,1789002885,topo,False,-37.91522172,145.1332028,1844.3700915038935,876.8552393242717,1844.3700915038935,876.8552393242717,1844.3682,876.8551,1830.7527,878.9711,569766862#0-AddedOffRampEdge,1.505789586108009,0.9979690257178192,0,11.321699945256114,6.938,7.003,99.4,6.09,True,0,,False,1844.1487952045031,875.3657997566801,-37.915235097294044,145.13319994449662,1.505789586108009,1.505789586108009,prox=0.995 head=1.000 conn=1.000 turn=1.000,,
2026-09-10T11:14:46.780,1789002887,topo,False,-37.91524203,145.1333569,1857.962132000248,874.8728520609438,1857.962132000248,874.8728520609438,1857.959,874.8727,1844.3817,876.9461,569766862#0-AddedOffRampEdge,1.5424628605334871,0.9978701690683797,0,12.480500037781894,7.035,6.938,99.4,3.57,True,0,,False,1857.7354460634263,873.3471374211201,-37.9152557331005,145.13335397497877,1.5424628605334871,1.5424628605334871,prox=0.995 head=1.000 conn=1.000 turn=1.000,,
2026-09-10T11:14:48.800,1789002889,topo,False,-37.91526361,145.1335206,1872.400920761167,872.7664167620242,1872.400920761167,872.7664167620242,1872.4016,872.766,1857.9672,874.9276,569766862#0-AddedOffRampEdge,1.580876222017187,0.9977640985046133,0,11.62909995764494,7.241,7.035,99.4,3.73,True,0,,False,1872.1685894574084,871.2027058569547,-37.91527765436625,145.1335176021642,1.580876222017187,1.580876222017187,prox=0.994 head=1.000 conn=1.000 turn=1.000,,
2026-09-10T11:14:50.837,1789002891,topo,False,-37.91528443,145.1336803,1886.4863731263904,870.7372486982495,1886.4863731263904,870.7372486982495,1886.4894,870.7375,1872.4041,872.7826,569766862#0-AddedOffRampEdge,1.6437902447061745,0.9975925610680741,0,10.969300055876374,7.23,7.241,99.2,6.1,True,0,,False,1886.244795749655,869.1113068974335,-37.915299033293905,145.13367718288987,1.6437902447061745,1.6437902447061745,prox=0.994 head=1.000 conn=1.000 turn=1.000,,
2026-09-10T11:14:52.870,1789002893,topo,False,-37.91530445,145.1338361,1900.227191951708,868.7899642791599,1900.227191951708,868.7899642791599,1900.2298,868.7897,1886.4825,870.6909,569766862#0-AddedOffRampEdge,1.7370502159443102,0.9973140723842994,0,12.01289996970445,7.079,7.23,99.2,6.18,True,0,,False,1899.9719087513258,867.0717751334851,-37.915319881812756,145.1338328060728,1.7370502159443102,1.7370502159443102,prox=0.993 head=1.000 conn=1.000 turn=1.000,,
2026-09-10T11:14:54.898,1789002895,topo,False,-37.91532473,145.1339939,1914.144400075893,866.8173260381445,1914.144400075893,866.8173260381445,1914.1438,866.8172,1900.2092,868.6514,569766862#0-AddedOffRampEdge,1.8311544708307594,0.9970177036123619,0,12.061299988999963,6.995,7.079,99.2,3.83,True,0,,False,1913.8752869728767,865.0060544312814,-37.9153409978328,145.13399042765855,1.8311544708307594,1.8311544708307594,prox=0.993 head=1.000 conn=1.000 turn=1.000,,
2026-09-10T11:14:56.937,1789002897,topo,False,-37.91534492,145.134151,1927.9998635887168,864.8534193690866,1927.9998635887168,864.8534193690866,1927.9963,864.8534,1914.1094,866.5862,569766862#1,2.8661926021302433,0.9716308035728796,0,12.006200035102665,6.96,6.995,99.2,3.34,True,0,,False,1927.8921937027876,861.9892498161149,-37.915370701707666,145.13414912375862,2.8661926021302433,2.8661926021302433,prox=0.982 head=0.996 conn=0.900 turn=1.000,,
2026-09-10T11:14:58.977,1789002899,topo,False,-37.91530064,145.1343133,1942.169252472464,870.0525544108823,1942.169252472464,870.0525544108823,1942.17,870.0529,1928.0089,865.1862,569766862#1,8.593937751251886,0.9394478998252135,0,12.226399965584278,6.695,6.96,92.7,2.78,True,0,,False,1941.8464171205505,861.4646825320087,-37.91537794339751,145.13430767448318,8.593937751251886,8.593937751251886,prox=0.849 head=1.000 conn=1.000 turn=1.000,,
2026-09-10T11:15:01.014,1789002901,topo,False,-37.91525924,145.134445,1953.655015342054,874.8782440023497,1953.655015342054,874.8782440023497,1953.6512,874.8785,1942.1447,868.2744,569766862#1,13.847689354253374,0.8512938299468641,0,11.443400057032704,6.061,6.695,71.2,2.47,True,0,,False,1953.1348203167622,861.0403287840965,-37.91538380147635,145.13443593564543,13.847689354253374,13.847689354253374,prox=0.653 head=0.967 conn=1.000 turn=1.000,,
2026-09-10T11:15:03.057,1789002903,topo,False,-37.91521102,145.134568,1964.360829511308,880.4453915683553,1964.360829511308,880.4453915683553,1964.364,880.4458,1954.704,875.4643,44348588#1,0.10265934635449568,0.7686884529043485,0,12.367299990728498,5.932,6.061,57.1,2.34,True,0,,False,1964.2942187497783,880.5235065339019,-37.91521030431234,145.1345672603633,0.10265934635449568,0.10265934635449568,prox=1.000 head=0.996 conn=0.100 turn=0.500,,
2026-09-10T11:15:05.091,1789002905,topo,False,-37.91513079,145.1346819,1974.1955933585996,889.5485049625859,1974.1955933585996,889.5485049625859,1974.194,889.548,1964.2962,880.5252,44348588#1,2.4480972045876976,0.9944675584844652,0,12.40410003811121,6.467,5.932,46.3,2.25,True,0,,False,1965.24,881.33,-37.91520320973819,145.1345781981271,12.155100831529149,12.155100831529149,prox=0.987 head=0.999 conn=1.000 turn=1.000,,
2026-09-10T11:15:07.127,1789002907,topo,False,-37.91500731,145.1347309,1978.2289764134912,903.3366686599329,1978.2289764134912,903.3366686599329,1978.2326,903.3364,1974.7557,889.4029,139332152#2,1.4794797755487716,0.9779253755483619,0,12.178400065749884,6.565,6.467,16.9,2.18,True,0,,False,1976.7964971417618,903.7066193895222,-37.91500371915625,145.13471469588163,1.4794797755487719,1.4794797755487719,prox=0.995 head=1.000 conn=0.900 turn=1.000,,
2026-09-10T11:15:09.152,1789002909,topo,False,-37.91489521,145.1347811,1982.3931368850172,915.8641589516774,1982.3931368850172,915.8641589516774,1982.3939,915.8645,1978.3466,903.3069,139332152#2,2.3787954730337253,0.9948678709835687,0,11.045900057069957,6.515,6.565,16.9,2.12,True,0,,False,1980.089911614134,916.4589877119868,-37.914889436438976,145.13475504609147,2.3787954730337253,2.3787954730337253,prox=0.988 head=1.000 conn=1.000 turn=1.000,,
2026-09-10T11:15:11.178,1789002911,topo,False,-37.91479097,145.1348145,1985.0978708844632,927.4899076353759,1985.0978708844632,927.4899076353759,1985.0935,927.4903,1981.64,916.0592,139332152#2,3.3163339922387554,0.9902087386440875,0,11.47629995830357,6.029,6.515,16.9,2.09,True,0,,False,1982.43,925.52,-37.91480823448275,145.13478371627392,3.316333992238756,3.316333992238756,prox=0.976 head=1.000 conn=1.000 turn=1.000,,
2026-09-10T11:15:13.213,1789002913,topo,False,-37.91469711,145.1348489,1987.913572660822,937.9655974246562,1987.913572660822,937.9655974246562,1987.9147,937.9652,1984.7713,927.5934,139332152#3,1.4259672415595233,0.9772413400496835,0,11.234599980525672,5.564,6.029,16.9,2.07,True,0,,False,1987.5349999999999,941.5550000000001,-37.91466470754573,145.1348454120887,3.609311306524754,3.609311306524754,prox=0.995 head=0.997 conn=0.900 turn=1.000,,
2026-09-10T11:15:15.251,1789002915,topo,False,-37.9145978,145.134879,1990.339165820973,949.038480926305,1990.339165820973,949.038480926305,1990.3354,949.0379,1988.073,937.9145,139332152#3,2.2346648779880893,0.9918849562636957,0,11.236999998800457,5.696,5.564,13,2.06,True,0,,False,1988.1,946.895,-37.91461670537134,145.13485305153122,3.0997377397527885,3.0997377397527885,prox=0.989 head=0.988 conn=1.000 turn=1.000,,
2026-09-10T11:15:17.285,1789002917,topo,False,-37.91449064,145.1348733,1989.6001338467468,960.9194629667327,1989.6001338467468,960.9194629667327,1989.6031,960.9195,1992.15,952,139332152#3,4.72716341307875,0.9805741465748344,0,11.053499998524785,5.831,5.696,358.8,2.02,True,0,,False,1988.1,946.895,-37.91461670537134,145.13485305153122,14.10446606800174,14.10446606800174,prox=0.952 head=1.000 conn=1.000 turn=1.000,,
2026-09-10T11:15:19.323,1789002919,topo,False,-37.91439834,145.1348996,1991.7072422259953,971.2077961796895,1991.7072422259953,971.2077961796895,1991.7108,971.2079,1986.9757,960.4751,5322853#4,8.49054133858787,0.9144915130561053,0,11.857000063173473,5.237,5.831,13.8,2.01,True,0,,False,1986.29,964.67,-37.914456257567764,145.13483651507065,8.49054133858787,8.49054133858787,prox=0.852 head=0.979 conn=0.900 turn=1.000,,
2026-09-10T11:15:21.364,1789002922,topo,False,-37.91435757,145.1350689,2006.500023111119,976.0296382755041,2006.500023111119,976.0296382755041,2006.5027,976.0301,1990.4638,972.56,5322853#7,0.5657833947761913,0.7647062285766425,0,11.307099950499833,4.93,5.237,97.4,2.01,True,0,,False,2005.76,975.86,-37.91435896476307,145.13506044689325,0.7592175903561281,0.7592175903561281,prox=0.999 head=0.983 conn=0.100 turn=0.500,,
2026-09-10T11:15:23.400,1789002924,topo,False,-37.91442697,145.1351963,2017.8539356972906,968.5527473241091,2017.8539356972906,968.5527473241091,2017.8541,968.5525,2006.3065,975.6068,5322853#7,8.009838570151802,0.9458404766508958,0,11.253000004217029,6.027,4.93,118.9,2.01,True,0,,False,2005.76,975.86,-37.91435896476307,145.13506044689325,14.130082176672394,14.130082176672394,prox=0.867 head=0.997 conn=1.000 turn=1.000,,
2026-09-10T11:15:25.422,1789002926,topo,False,-37.91446023,145.1353332,2029.9627521084622,965.1028233701363,2029.9627521084622,965.1028233701363,2029.9669,965.103,2017.5989,967.6614,988996007#0,0.944520520658397,0.8491990090258033,0,11.250399984419346,6.168,6.027,106.6,2.01,True,0,,False,2028.01,964.68,-37.914463686985165,145.13531089980395,1.9980041039589747,1.9980041039589747,prox=0.998 head=1.000 conn=0.500 turn=0.500,,
2026-09-10T11:15:27.451,1789002928,topo,False,-37.91448365,145.1354897,2043.7727649753797,962.7792446445674,2043.7727649753797,962.7792446445674,2043.7767,962.7789,2029.9739,964.3857,988996007#1,3.1826044978344603,0.9706697795302738,0,11.408499907702208,6.873,6.168,103.2,2.0,True,0,,False,2035.15,962.59,-37.91448380092353,145.13539161067897,8.624841410491587,8.624841410491587,prox=0.978 head=0.999 conn=0.900 turn=1.000,,
2026-09-10T11:15:29.479,1789002930,topo,False,-37.91450614,145.1356605,2058.837827150128,960.5839850893244,2058.837827150128,960.5839850893244,2058.8421,960.5837,2042.3021,962.4008,630680457#0,2.715455418666642,0.9734903680109781,0,12.303499970585108,7.43,6.873,99.3,2.0,True,0,,False,2053.35,960.32,-37.91450752922551,145.13559803987843,5.494172818274554,5.494172818274554,prox=0.984 head=1.000 conn=0.900 turn=1.000,,
2026-09-10T11:15:31.500,1789002932,topo,False,-37.91452732,145.1358309,2073.864808305283,958.5333589464426,2073.864808305283,958.5333589464426,2073.8621,958.5337,2059.9912,961.0589,630680457#1,6.3745740441577965,0.9454027381738874,0,11.201699962839484,7.593,7.43,100.3,2.0,True,0,,False,2065.55,958.45,-37.91452657284761,145.13573633635488,8.315226146506987,8.315226146506987,prox=0.914 head=1.000 conn=0.900 turn=1.000,,
2026-09-10T11:15:33.529,1789002934,topo,False,-37.91454917,145.1360026,2089.0075511061586,956.4106444194913,2089.0075511061586,956.4106444194913,2089.0061,956.4108,2074.514,958.8202,630680457#3,1.4184781682496614,0.8482074529191633,0,11.414700071327388,7.751,7.593,99.3,2.5,True,0,,False,2082.96,955.79,-37.914553671445944,145.1359336943147,6.079315247381561,6.079315247381561,prox=0.996 head=1.000 conn=0.500 turn=0.500,,
2026-09-10T11:15:35.553,1789002936,topo,False,-37.91457125,145.1361781,2104.484855159768,954.2690601758659,2104.484855159768,954.2690601758659,2104.4883,954.2687,2090.307,956.6327,630680457#4,3.387990751513586,0.9699189888621627,0,11.258699931204319,7.664,7.751,99.2,3.34,True,0,,False,2098.79,953.37,-37.91457832312106,145.13611314137665,5.765386759842181,5.765386759842181,prox=0.975 head=1.000 conn=0.900 turn=1.000,,
2026-09-10T11:15:37.570,1789002938,topo,False,-37.91459158,145.1363166,2116.7055765448604,952.2565995827317,2116.7055765448604,952.2565995827317,2116.706,952.2564,2104.2253,952.5421,630680457#5,1.6441472432712738,0.977564459059839,0,11.09000004362315,6.347,0,100,3.09,True,0,,False,2113.42,951.14,-37.91460104681283,145.1362789869822,3.470130813138443,3.470130813138443,prox=0.994 head=1.000 conn=0.900 turn=1.000,,
2026-09-10T11:15:39.610,1789002940,topo,False,-37.91460415,145.1364187,2125.7091315541184,951.0412311879918,2125.7091315541184,951.0412311879918,2125.7095,951.0417,2116.8844,952.224,630680457#5,4.796845976991961,0.9800557806963025,0,11.513200006447732,4.682,6.347,98.2,2.99,True,0,,False,2113.42,951.14,-37.91460104681283,145.1362789869822,12.289528454446542,12.289528454446542,prox=0.950 head=1.000 conn=1.000 turn=1.000,,
2026-09-10T11:15:43.672,1789002944,topo,False,-37.91457701,145.1365631,2138.3432047311217,954.3066157922149,2138.3432047311217,954.3066157922149,2138.3438,954.3064,2133.5604,948.953,630680457#7,8.158434396235732,0.8950826460231095,0,11.377600021660328,3.359,0,61.4,3.2,True,0,,False,2130.36,948.65,-37.91462652845957,145.13647103981415,9.784112632208203,9.784112632208203,prox=0.863 head=0.900 conn=0.900 turn=1.000,,
2026-09-10T11:15:45.714,1789002946,topo,False,-37.91448689,145.1365876,2140.297092192108,964.3498376784846,2140.297092192108,964.3498376784846,2140.2992,964.3499,2137.053,954.5584,-630680455#1,1.3081859057546068,0.9781244779140823,0,14.091899967752397,4.615,3.359,15,3.25,True,0,,False,2139.013138029427,964.6004610456105,-37.91448440109169,145.13657305759344,1.3081859057546068,1.3081859057546068,prox=0.996 head=0.999 conn=0.900 turn=1.000,,
2026-09-10T11:15:47.743,1789002948,topo,False,-37.91439003,145.136609,2141.96351015073,975.1355145089328,2141.96351015073,975.1355145089328,2141.9601,975.1352,2139.0132,964.6009,-630680455#1,0.8774074003750544,0.9992995807002106,0,11.612200061790645,5.361,4.615,11.9,3.29,True,0,,False,2141.102355112197,975.3036089640526,-37.91438836067794,145.13659924634084,0.8774074003750545,0.8774074003750545,prox=0.998 head=1.000 conn=1.000 turn=1.000,,
2026-09-10T11:15:49.760,1789002950,topo,False,-37.91429204,145.136628,2143.416440633533,986.0423632161692,2143.416440633533,986.0423632161692,2143.4124,986.0427,2141.1022,975.3026,-630680455#0,0.07427535309144818,0.9796079330813605,0,11.213900055736303,5.437,5.361,8.4,3.37,True,0,,False,2143.343930813322,986.0584614784922,-37.914291881924726,145.13662717917856,0.07427535309144818,0.07427535309144818,prox=1.000 head=0.999 conn=0.900 turn=1.000,,
2026-09-10T11:15:51.805,1789002952,topo,False,-37.91418793,145.1366518,2145.277772950707,997.6367525896057,2145.277772950707,997.6367525896057,2145.2767,997.6362,2143.3438,986.058,-630680455#0,1.7070141545758892,0.9972955517637455,0,11.946199927479029,5.808,5.437,10.2,3.41,True,0,,False,2145.54,995.95,-37.91420317191789,145.13665439826315,1.7070141545758895,1.7070141545758895,prox=0.994 head=1.000 conn=1.000 turn=1.000,,
2026-09-10T11:15:53.822,1789002954,topo,False,-37.91408497,145.1366831,2147.800996345177,1009.1167119611055,2147.800996345177,1009.1167119611055,2147.8052,1009.1167,2145.875,997.5074,-10585186,0.5607655721082274,0.9796954279187289,0,12.422199943102896,5.865,5.808,13.2,3.45,True,0,,False,2148.349199192683,1008.9986794874046,-37.914086131986856,145.13668930655365,0.5607655721082274,0.5607655721082274,prox=0.999 head=1.000 conn=0.900 turn=1.000,,
2026-09-10T11:15:55.846,1789002956,topo,False,-37.91398054,145.1367201,2150.822061429033,1020.769805575721,2150.822061429033,1020.769805575721,2150.8199,1020.7692,2148.3494,1008.9995,-10585186,0.06017668107443787,0.9998364620779473,0,12.328599928878248,5.956,5.865,14.8,3.45,True,0,,False,2150.880889983351,1020.7571393157372,-37.91398066469451,145.13672076603464,0.06017668107443787,0.06017668107443787,prox=1.000 head=0.999 conn=1.000 turn=1.000,,
2026-09-10T11:15:57.866,1789002958,topo,False,-37.91389341,145.1367446,2152.782618137193,1030.4812372541055,2152.782618137193,1030.4812372541055,2152.7823,1030.4818,2150.8807,1020.7561,-10585186,0.760500879575361,0.9994697539258494,0,12.004500022158027,4.945,5.956,13,3.54,True,0,,False,2152.52,1028.37,-37.91391238127187,145.13674113401214,2.127508173687263,2.127508173687263,prox=0.999 head=1.000 conn=1.000 turn=1.000,,
2026-09-10T11:15:59.906,1789002960,topo,False,-37.91382166,145.1367683,2154.7069661100395,1038.4846213301644,2154.7069661100395,1038.4846213301644,2154.7099,1038.4843,2152.9688,1030.4414,-10585186,2.8236286371568826,0.9928027615181806,0,11.04229991324246,4.217,4.945,14.9,3.54,True,0,,False,2152.52,1028.37,-37.91391238127187,145.13674113401214,10.348351821381012,10.348351821381012,prox=0.982 head=0.999 conn=1.000 turn=1.000,,
2026-09-10T11:16:01.940,1789002962,topo,False,-37.9137548,145.1368011,2157.442159980128,1045.961377395317,2157.442159980128,1045.961377395317,2157.4425,1045.9611,2154.6299,1039.001,10585197#1,3.021321859585338,0.9692705131117685,0,11.221399996429682,3.937,4.217,19.1,3.58,True,0,,False,2160.82,1046.41,-37.913751366926306,145.13683960978673,3.4075013486838546,3.4075013486838546,prox=0.980 head=0.991 conn=0.900 turn=1.000,,
2026-09-10T11:16:05.990,1789002966,topo,False,-37.91363359,145.1368179,2158.6502210570034,1059.4409613003954,2158.6502210570034,1059.4409613003954,2158.6473,1059.4411,2159.6325,1052.9407,10585197#1,0.39534367080586713,0.9973775809824487,0,13.042800012044609,3.404,3.693,358.4,3.62,True,0,,False,2158.263574962871,1059.3584906029412,-37.9136342632954,145.1368134848929,0.39534367080586713,0.39534367080586713,prox=1.000 head=0.992 conn=1.000 turn=1.000,,
2026-09-10T11:16:08.006,1789002968,topo,False,-37.91354374,145.1368144,2158.143236233329,1069.4050115970895,2158.143236233329,1069.4050115970895,2158.1433,1069.4047,2158.2634,1059.3592,10585197#1,1.9162481937550073,0.9959160718846939,0,12.774799950420856,4.784,3.404,359.1,3.73,True,0,,False,2156.234699216287,1069.5767485897559,-37.91354184928574,145.13679273802342,1.9162481937550073,1.9162481937550073,prox=0.992 head=0.997 conn=1.000 turn=1.000,,
2026-09-10T11:16:10.051,1789002970,topo,False,-37.91344806,145.1368268,2159.0211190532427,1080.0439277952537,2159.0211190532427,1080.0439277952537,2159.025,1080.0441,2156.2347,1069.5765,10585197#1,1.8371229451748872,0.9970098675469748,0,12.776399962604046,5.108,4.784,4.9,3.75,True,0,,False,2157.191388876771,1080.2085734663056,-37.91344624735959,145.13680603251083,1.8371229451748872,1.8371229451748872,prox=0.993 head=1.000 conn=1.000 turn=1.000,,
2026-09-10T11:16:12.082,1789002972,topo,False,-37.91335199,145.1368339,2159.43220640457,1090.7168066175655,2159.43220640457,1090.7168066175655,2159.4317,1090.7172,2157.1914,1080.2091,10585197#1,1.2900368797014277,0.9984186535201195,0,12.881500064395368,5.276,5.108,3,4.09,True,0,,False,2158.1473607638627,1090.8324216275996,-37.91335071715661,145.13681931698434,1.2900368797014277,1.2900368797014277,prox=0.996 head=1.000 conn=1.000 turn=1.000,,
2026-09-10T11:16:14.124,1789002974,topo,False,-37.91327157,145.1368482,2160.5109751949785,1099.66573590599,2160.5109751949785,1099.66573590599,2160.5118,1099.666,2158.1474,1090.8327,10585197#1,1.5222587191000716,0.9976512583240543,0,12.87209999281913,4.463,5.276,7.9,4.2,True,0,,False,2159.019219768047,1099.9689476374533,-37.91326856998278,145.13683130697882,1.5222587191000716,1.5222587191000716,prox=0.995 head=0.999 conn=1.000 turn=1.000,,
2026-09-10T11:16:18.191,1789002978,topo,False,-37.91318598,145.1368825,2163.3365244021406,1109.2234976654872,2163.3365244021406,1109.2234976654872,2163.3337,1109.2237,2160.1958,1105.7577,10585197#1,2.38742234425199,0.9876153169457619,0,13.096800073981285,2.348,3.075,29.5,4.35,True,0,,False,2160.9969416533418,1109.6990373708288,-37.913181274954205,145.13685600599334,2.38742234425199,2.38742234425199,prox=0.987 head=0.975 conn=1.000 turn=1.000,,
2026-09-10T11:16:22.267,1789002982,topo,False,-37.91310894,145.1369546,2169.5041295831325,1117.8989278329536,2169.5041295831325,1117.8989278329536,2169.503,1117.8984,2167.4527,1110.6879,10585197#1,6.102773438882226,0.9682204850342847,0,11.768699972890317,3.474,2.138,16.8,4.46,True,0,,False,2163.645259687642,1119.6069931695383,-37.913092498400005,145.13688837033314,6.102773438882226,6.102773438882226,prox=0.921 head=1.000 conn=1.000 turn=1.000,,
2026-09-10T11:16:24.307,1789002984,topo,False,-37.91302047,145.1369802,2171.5584715540754,1127.7609779788181,2171.5584715540754,1127.7609779788181,2171.5594,1127.7615,2167.659,1118.4433,10585197#1,5.314786842071268,0.9756151515934443,0,13.337200041860342,4.732,3.474,14.8,4.59,True,0,,False,2166.4560955701386,1129.248498901427,-37.913006151346046,145.1369225219308,5.3147868420712685,5.3147868420712685,prox=0.939 head=1.000 conn=1.000 turn=1.000,,
2026-09-10T11:16:26.331,1789002987,topo,False,-37.91288549,145.1370614,2178.3976081068395,1142.8816982014105,2178.3976081068395,1142.8816982014105,2178.3952,1142.8814,2170.5047,1128.0732,10585197#1,6.277979665365967,0.9628173451069363,0,12.145499931648374,5.583,4.732,28.9,4.75,True,0,,False,2169.85,1140.89,-37.91290189278712,145.13696375768774,8.776586242589467,8.776586242589467,prox=0.916 head=0.988 conn=1.000 turn=1.000,,
2026-09-10T11:16:28.357,1789002989,topo,False,-37.91278966,145.1371276,2184.0049019510625,1153.6317802825943,2184.0049019510625,1153.6317802825943,2184.002,1153.6313,2179.6928,1142.1467,10585197#2,10.156370107122845,0.8948126101255582,0,12.146299937739968,5.994,5.583,27.6,4.77,True,0,,False,2174.225397421055,1156.3727919389755,-37.91276320758285,145.13701702621788,10.156370107122845,10.156370107122845,prox=0.795 head=0.989 conn=0.900 turn=1.000,,
2026-09-10T11:16:30.389,1789002991,topo,False,-37.91267671,145.1371537,2186.0489422114915,1166.211125335656,2186.0489422114915,1166.211125335656,2186.0507,1166.2107,2185.5341,1153.6442,10585197#2,8.729636906100827,0.9374437383890818,0,12.06009997986257,6.279,5.994,12.4,4.72,True,0,,False,2177.643230055663,1168.5670887618821,-37.91265397356112,145.1370586593862,8.729636906100827,8.729636906100827,prox=0.844 head=0.999 conn=1.000 turn=1.000,,
2026-09-10T11:16:32.411,1789002993,topo,False,-37.91256429,145.1371832,2188.3930695020244,1178.7376314895228,2188.3930695020244,1178.7376314895228,2188.3929,1178.7373,2185.4282,1166.2055,10585197#2,6.274172307528537,0.9664167056103313,0,12.188800028525293,6.314,6.279,13.8,4.52,True,0,,False,2179.99,1176.94,-37.9125789707199,145.137087245693,8.593198242097097,8.593198242097097,prox=0.916 head=1.000 conn=1.000 turn=1.000,,
2026-09-10T11:16:34.443,1789002995,topo,False,-37.91246505,145.1372386,2193.04338115477,1189.8471214342862,2193.04338115477,1189.8471214342862,2193.0445,1189.847,2187.8958,1178.89,10585197#2,15.664243089041976,0.830868629590341,0,12.542100041173398,5.909,6.314,22.3,4.77,True,0,,False,2179.99,1176.94,-37.9125789707199,145.137087245693,18.35713875556648,18.35713875556648,prox=0.580 head=0.997 conn=1.000 turn=1.000,,
2026-09-10T11:16:36.464,1789002997,topo,False,-37.91236246,145.1372839,2196.7983546623145,1201.3105969820172,2196.7983546623145,1201.3105969820172,2196.7956,1201.3111,2192.3762,1190.1893,116895895#11,1.0945292972574832,0.7687526235879681,0,11.170299956575036,5.944,5.909,18.2,4.9,True,0,,False,2197.89,1201.39,-37.91236194122927,145.13729633039418,1.0945292972574834,1.0945292972574834,prox=0.997 head=0.999 conn=0.100 turn=0.500,,
2026-09-10T11:16:38.491,1789002999,topo,False,-37.91226741,145.1373101,2198.890914696036,1211.9038405381143,2198.890914696036,1211.9038405381143,2198.8932,1211.9043,2197.7147,1200.9473,116895895#12,2.914503166265567,0.9705481606952986,0,12.114100041799247,5.206,5.944,11.4,5.03,True,0,,False,2201.86,1211.81,-37.91226878980747,145.1373438380744,2.970567889951331,2.970567889951331,prox=0.981 head=0.993 conn=0.900 turn=1.000,,
2026-09-10T11:16:40.535,1789003001,topo,False,-37.91219603,145.1373472,2201.994222517358,1219.8896921304986,2201.994222517358,1219.8896921304986,2201.9921,1219.8891,2197.0684,1211.3374,116895895#12,2.730566785009861,0.9933994685203761,0,12.473099981434643,4.558,5.206,21.8,4.86,True,0,,False,2204.5484950527725,1218.9244528947509,-37.912205184913745,145.13737602351512,2.730566785009861,2.730566785009861,prox=0.984 head=1.000 conn=1.000 turn=1.000,,
2026-09-10T11:16:42.575,1789003003,topo,False,-37.91210553,145.1373952,2206.013398872805,1230.0163394510746,2206.013398872805,1230.0163394510746,2206.0158,1230.0166,2204.548,1218.9232,116895895#12,1.9561631929763088,0.9963610485916742,0,12.370900018140674,5.314,4.558,20.7,4.79,True,0,,False,2207.8802677049184,1229.4320662262576,-37.91211112932668,145.13741629407005,1.9561631929763088,1.9561631929763088,prox=0.992 head=0.999 conn=1.000 turn=1.000,,
2026-09-10T11:16:44.603,1789003005,topo,False,-37.91200724,145.1374324,2209.065846554993,1240.988429164514,2209.065846554993,1240.988429164514,2209.063,1240.9886,2207.8805,1229.4329,116895895#12,2.3202324091210125,0.9952420755325614,0,12.287899968214333,5.572,5.314,17.6,4.7,True,0,,False,2211.2801656789807,1240.2954145546544,-37.91201388143038,145.13745741994143,2.3202324091210125,2.3202324091210125,prox=0.988 head=1.000 conn=1.000 turn=1.000,,
2026-09-10T11:16:46.635,1789003007,topo,False,-37.91190733,145.1374746,2212.554280218552,1252.149063535966,2212.554280218552,1252.149063535966,2212.5573,1252.1493,2211.28,1240.2948,116895895#12,2.276063500635236,0.995206359122819,0,11.12250005826354,5.633,5.572,18.4,4.7,True,0,,False,2214.7493530060606,1251.5472990334713,-37.911913145951715,145.13749942180735,2.276063500635236,2.276063500635236,prox=0.989 head=0.999 conn=1.000 turn=1.000,,
2026-09-10T11:16:48.671,1789003009,topo,False,-37.91181329,145.1375196,2216.301897834288,1262.663250315003,2216.301897834288,1262.663250315003,2216.3053,1262.6631,2214.7496,1251.5482,116895895#12,1.4416276118572355,0.997498704588396,0,11.718999943695962,5.467,5.633,20.7,4.67,True,0,,False,2217.692227031881,1262.2821008776566,-37.91181697373874,145.13753532177677,1.4416276118572355,1.4416276118572355,prox=0.995 head=0.998 conn=1.000 turn=1.000,,
2026-09-10T11:16:50.705,1789003011,topo,False,-37.91172515,145.1375549,2219.2098414319917,1272.5057035991922,2219.2098414319917,1272.5057035991922,2219.2088,1272.5054,2217.6924,1262.2828,116895895#12,0.8436862764903447,0.998667971954568,0,11.549700051546097,5.136,5.467,17.2,4.67,True,0,,False,2220.0361077157536,1272.3351440452047,-37.91172683516166,145.1375642560819,0.8436862764903447,0.8436862764903447,prox=0.998 head=0.998 conn=1.000 turn=1.000,,
2026-09-10T11:16:52.738,1789003013,topo,False,-37.91162825,145.1375834,2221.5005557886907,1283.3082638112828,2221.5005557886907,1283.3082638112828,2221.5009,1283.3085,2220.036,1272.3347,116895895#12,0.784114148351392,0.9994066980479138,0,11.444199946708977,5.331,5.136,13.1,4.74,True,0,,False,2222.268479958441,1283.1497473542242,-37.91162981617118,145.1375920954445,0.784114148351392,0.784114148351392,prox=0.999 head=1.000 conn=1.000 turn=1.000,,
2026-09-10T11:16:54.770,1789003015,topo,False,-37.91154249,145.1375905,2221.934611574572,1292.8370851250365,2221.934611574572,1292.8370851250365,2221.9317,1292.837,2222.2685,1283.15,116895895#12,1.4488209094202515,0.9980052652228523,0,11.409200029447675,4.682,5.331,3.9,4.74,True,0,,False,2223.374641217464,1292.6777218445566,-37.91154418476521,145.13760683721065,1.4488209094202515,1.4488209094202515,prox=0.995 head=1.000 conn=1.000 turn=1.000,,
2026-09-10T11:17:02.930,1789003023,topo,False,-37.91165176,145.1375922,2222.3263224079856,1280.7149361353368,2222.3263224079856,1280.7149361353368,2222.3283,1280.7147,2225.0567,1289.6936,-116895895#12,1.453115910379036,0.9774612665887031,0,12.087600072845817,4.381,3.066,197.1,4.72,True,0,,False,2223.7492569874603,1280.4203125932838,-37.91165467014872,145.137608312133,1.453115910379036,1.453115910379036,prox=0.995 head=0.998 conn=0.900 turn=1.000,,
2026-09-10T11:17:04.963,1789003025,topo,False,-37.91174897,145.1375519,2218.9989109487506,1269.857249907218,2218.9989109487506,1269.857249907218,2218.9989,1269.8572,2223.7493,1280.4204,-116895895#12,2.509988827047607,0.9935891117285806,0,12.29300000704825,5.462,4.381,197.8,4.65,True,0,,False,2221.456767111904,1269.3483422602396,-37.91175399675235,145.1375797307622,2.509988827047607,2.509988827047607,prox=0.986 head=0.997 conn=1.000 turn=1.000,,
2026-09-10T11:17:07.006,1789003027,topo,False,-37.91185228,145.1375127,2215.7817391104763,1258.3246081527323,2215.7817391104763,1258.3246081527323,2215.7792,1258.3248,2221.4568,1269.3483,-116895895#12,2.7924092931936872,0.9930903056955139,0,11.602699989452958,5.891,5.462,196.6,4.56,True,0,,False,2218.475099245019,1257.587478010647,-37.91185940503844,145.13754315668658,2.7924092931936872,2.7924092931936872,prox=0.983 head=1.000 conn=1.000 turn=1.000,,
2026-09-10T11:17:09.046,1789003029,topo,False,-37.91191202,145.1372751,2195.025889440323,1251.2781746890396,2195.025889440323,1251.2781746890396,2195.0292,1251.278,2218.475,1257.587,-48114467,9.020248329673905,0.7837444694403258,0,11.148200021125376,6.107,5.891,196.6,19.14,True,0,,False,2203.5742075670782,1248.3987412147644,-37.91193949746793,145.13737164227382,9.020248329673905,9.020248329673905,prox=0.835 head=1.000 conn=0.500 turn=0.500,,
2026-09-10T11:17:11.089,1789003031,topo,False,-37.91200571,145.1372398,2192.1302908486687,1240.8198560308665,2192.1302908486687,1240.8198560308665,2192.1289,1240.8194,2203.5745,1248.3996,-48114467,8.675433955284008,0.9382379790258396,0,11.733799939975142,5.485,6.107,196.6,19.96,True,0,,False,2200.548748808572,1238.7239743810978,-37.91202610568448,145.13733504386536,8.675433955284008,8.675433955284008,prox=0.846 head=0.999 conn=1.000 turn=1.000,,
2026-09-10T11:17:13.117,1789003033,topo,False,-37.9120798,145.1372121,2189.859379756148,1232.5498005431145,2189.859379756148,1232.5498005431145,2189.8565,1232.5493,2200.5485,1238.7232,-48114467,9.315956907950422,0.9277514752252388,0,12.470700079575181,4.379,5.485,195.9,20.18,True,0,,False,2199.1185378917285,1231.5226473261587,-37.9120907196609,145.13731714577128,9.315956907950422,9.315956907950422,prox=0.825 head=0.993 conn=1.000 turn=1.000,,
2026-09-10T11:17:17.171,1789003037,topo,False,-37.91222878,145.1373532,2202.5943215102307,1216.266131487675,2202.5943215102307,1216.266131487675,2202.5915,1216.2662,2198.364,1224.7212,-48114467,4.353207185223794,0.9456284197475125,0,12.60539994109422,3.074,3.668,219.3,4.38,True,0,,False,2198.244702853383,1216.0894104151164,-37.91222958897224,145.1373037033962,4.353207185223794,4.353207185223794,prox=0.959 head=0.874 conn=1.000 turn=1.000,,
2026-09-10T11:17:23.277,1789003043,topo,False,-37.91212226,145.1372792,2195.852530568489,1227.9561136839911,2195.852530568489,1227.9561136839911,2195.8553,1227.9561,2196.0742,1220.3601,48114467,0.8520758865026927,0.9787908324094552,0,11.803000001236796,3.393,2.262,1.3,4.36,True,0,,False,2196.6995070343446,1227.8630320926538,-37.91212325097114,145.13728880920928,0.8520758865026928,0.8520758865026928,prox=0.998 head=0.998 conn=0.900 turn=1.000,,
2026-09-10T11:17:25.314,1789003045,topo,False,-37.91204765,145.1372977,2197.313488099491,1236.267706796527,2197.313488099491,1236.267706796527,2197.3169,1236.2682,2196.6995,1227.8634,48114467,0.5398706580118079,0.9992463534356245,0,11.240100022405386,4.206,3.393,9.4,4.29,True,0,,False,2197.8371980808774,1236.1366030865163,-37.91204892529066,145.13730362493433,0.5398706580118079,0.5398706580118079,prox=0.999 head=0.998 conn=1.000 turn=1.000,,
2026-09-10T11:17:27.357,1789003048,topo,False,-37.91193202,145.1373443,2201.153866898152,1249.1804449344054,2201.153866898152,1249.1804449344054,2201.1502,1249.1807,2197.8375,1236.1379,48114467,0.5354727895911904,0.9997447419937898,0,11.696500005200505,4.462,4.206,18.4,4.28,True,0,,False,2201.6615407953514,1249.0101559961415,-37.91193364539227,145.13735003368862,0.5354727895911904,0.5354727895911904,prox=0.999 head=1.000 conn=1.000 turn=1.000,,
2026-09-10T11:17:29.402,1789003050,topo,False,-37.91185142,145.1373794,2204.0609224210493,1258.1858777711168,2204.0609224210493,1258.1858777711168,2204.0645,1258.1859,2201.6613,1249.0093,48114467,0.3291391787140224,0.9997276308413577,0,11.692099971696734,4.64,4.462,18.7,4.23,True,0,,False,2204.3774321365872,1258.0955771679369,-37.91185229042437,145.13738297827442,0.3291391787140224,0.3291391787140224,prox=1.000 head=0.999 conn=1.000 turn=1.000,,
2026-09-10T11:17:33.462,1789003054,topo,False,-37.91171998,145.1373915,2204.833238093881,1272.7923615984619,2204.833238093881,1272.7923615984619,2204.8369,1272.7926,2206.4427,1265.3346,48114467,3.5938033558337286,0.9858141132416428,0,11.868600035086274,3.593,3.926,4.7,4.26,True,0,,False,2208.289142925078,1271.8063877863806,-37.911729483974405,145.13743057038405,3.5938033558337286,3.5938033558337286,prox=0.972 head=0.990 conn=1.000 turn=1.000,,
2026-09-10T11:17:35.492,1789003056,topo,False,-37.91163337,145.1374264,2207.7093993872404,1282.4643401661888,2207.7093993872404,1282.4643401661888,2207.7133,1282.4643,2208.2895,1271.8076,48114467,3.48154842970449,0.9893455005970632,0,11.861500097438693,4.789,3.593,14.9,4.32,True,0,,False,2211.057356647821,1281.5091639260618,-37.91164257709926,145.13746424995435,3.4815484297044894,3.4815484297044894,prox=0.973 head=1.000 conn=1.000 turn=1.000,,
2026-09-10T11:17:37.507,1789003058,topo,False,-37.91154641,145.1374474,2209.362785316538,1292.1507379505783,2209.362785316538,1292.1507379505783,2209.3619,1292.151,2211.0576,1281.5102,48114467,4.549105485014609,0.9810203996744548,0,11.973600019700825,4.687,4.789,9.3,4.55,True,0,,False,2213.7373361938885,1290.902673314727,-37.91155844028568,145.1374968559412,4.549105485014609,4.549105485014609,prox=0.955 head=0.997 conn=1.000 turn=1.000,,
2026-09-10T11:17:41.589,1789003062,topo,False,-37.91146413,145.1374074,2205.6637822668417,1301.2106642005965,2205.6637822668417,1301.2106642005965,2205.6652,1301.2104,2211.4275,1300.2194,48114467,3.636619714983393,0.9722539764565409,0,11.170399957336485,1.709,3.301,336.6,4.63,True,0,,False,2207.989577903911,1304.0063175421242,-37.911439364662634,145.1374344798606,3.636619714983393,3.636619714983393,prox=0.971 head=0.946 conn=1.000 turn=1.000,,
2026-09-10T11:17:45.619,1789003066,topo,False,-37.91140398,145.137327,2198.462101422192,1307.7439638338983,2198.462101422192,1307.7439638338983,2198.4585,1307.7444,2206.11,1305.57,605959218#0,4.446842169912993,0.9527285158765026,0,11.057900032028556,2.482,2.45,307.7,4.65,True,0,,False,2203.01,1311.02,-37.911375287253016,145.13737945468338,5.604979432222352,5.604979432222352,prox=0.957 head=0.966 conn=0.900 turn=1.000,,
2026-09-10T11:17:51.715,1789003072,topo,False,-37.91136964,145.1372331,2190.1307973359944,1311.389536078088,2190.1307973359944,1311.389536078088,2190.1323,1311.3895,2191.3465,1306.9193,-36667189#3,3.964863031330328,0.964092364221661,0,11.466700001619756,1.207,1.503,295.7,4.52,True,0,,False,2189.042585065394,1307.5769342222256,-37.91140378901529,145.13721986056134,3.964863031330328,3.964863031330328,prox=0.966 head=0.993 conn=0.900 turn=1.000,,
2026-09-10T11:17:57.825,1789003078,topo,False,-37.91134464,145.1370774,2176.387087056297,1313.8901082389057,2176.387087056297,1313.8901082389057,2176.3888,1313.8903,2183.3627,1309.1981,-36667189#3,1.0626127119300295,0.9982376159029572,0,12.125800014473498,4.036,2.259,291.7,4.29,True,0,,False,2177.33,1310.92,-37.91137156526107,145.1370874461629,3.1161880190735682,3.1161880190735682,prox=0.997 head=0.997 conn=1.000 turn=1.000,,
2026-09-10T11:17:59.868,1789003080,topo,False,-37.91132451,145.1369763,2167.4542963354615,1315.946196269244,2167.4542963354615,1315.946196269244,2167.4509,1315.9467,2176.8052,1313.5117,-36667189#2,1.4112257889631539,0.9780878615978823,0,12.189700035378337,4.673,4.036,282.9,4.2,True,0,,False,2167.83,1313.55,-37.91134616320015,145.13698002728302,2.4254710479175867,2.4254710479175867,prox=0.996 head=1.000 conn=0.900 turn=1.000,,
2026-09-10T11:18:01.902,1789003082,topo,False,-37.91130627,145.1368718,2158.226783299935,1317.7865766398609,2158.226783299935,1317.7865766398609,2158.2283,1317.7862,2167.7124,1316.8964,-36667189#1,1.5452143635820736,0.9775247401936272,0,11.384100071154535,4.657,4.673,281.4,4.14,True,0,,False,2157.8174294340747,1316.2965709882187,-37.91131961865234,145.1368668069669,1.5452143635820736,1.5452143635820736,prox=0.995 head=0.999 conn=0.900 turn=1.000,,
2026-09-10T11:18:03.920,1789003084,topo,False,-37.91128798,145.1367755,2149.720053463476,1319.6469046045095,2149.720053463476,1319.6469046045095,2149.7191,1319.6472,2157.8189,1316.2962,-36667189#1,1.0854959064590963,0.9987109523956818,0,11.999999987892807,4.401,4.657,282.1,4.07,True,0,,False,2149.432486925035,1318.6001922042253,-37.91129735727672,145.1367719924388,1.0854959064590963,1.0854959064590963,prox=0.997 head=0.999 conn=1.000 turn=1.000,,
2026-09-10T11:18:07.992,1789003088,topo,False,-37.91126575,145.1366279,2136.6945655513555,1321.8542720396072,2136.6945655513555,1321.8542720396072,2136.6952,1321.854,2142.1589,1319.8151,-36667189#1,0.8318585212363401,0.9993804282522359,0,12.096899910829961,2.991,3.742,278.6,4.09,True,0,,False,2140.06,1320.15,-37.91128170854466,145.1366657781184,3.7723589719311352,3.7723589719311352,prox=0.998 head=1.000 conn=1.000 turn=1.000,,
2026-09-10T11:18:12.052,1789003092,topo,False,-37.91115708,145.1365258,2127.4774314151146,1333.7333933636546,2127.4774314151146,1333.7333933636546,2127.4801,1333.7334,2131.2306,1324.8053,-73530943#5,0.4395958714148287,0.8300253603015791,0,12.078500003553927,4.503,3.283,338.4,4.07,True,0,,False,2127.0423027523293,1333.7959039786547,-37.911156438528565,145.13652086674114,0.4395958714148287,0.4395958714148287,prox=1.000 head=0.934 conn=0.500 turn=0.500,,
2026-09-10T11:18:14.085,1789003094,topo,False,-37.91104511,145.1365386,2128.354358263896,1346.1806304426864,2128.354358263896,1346.1806304426864,2128.3517,1346.1806,2127.0424,1333.7963,-73530943#5,0.46238811791055995,0.9991985328006129,0,11.902099940925837,5.813,4.503,3,4.08,True,0,,False,2128.8120475565333,1346.1148787659788,-37.91104578472959,145.13654378903178,0.46238811791055995,0.46238811791055995,prox=1.000 head=0.998 conn=1.000 turn=1.000,,
2026-09-10T11:18:16.106,1789003096,topo,False,-37.91093089,145.1365584,2129.841702457983,1358.8898404296488,2129.841702457983,1358.8898404296488,2129.8449,1358.8904,2128.812,1346.1144,-73530943#5,0.7974104685527703,0.9994087772717953,0,11.686600046232343,6.357,5.813,7.1,4.09,True,0,,False,2130.6310095771687,1358.776448512122,-37.91093205360152,145.13656734872066,0.7974104685527702,0.7974104685527702,prox=0.999 head=1.000 conn=1.000 turn=1.000,,
2026-09-10T11:18:18.141,1789003098,topo,False,-37.91081669,145.1365835,2131.7950467999326,1371.6061448967084,2131.7950467999326,1371.6061448967084,2131.7986,1371.6057,2130.6312,1358.7775,-73530943#5,0.6721770387391709,0.9995382710249902,0,11.25849992968142,6.412,6.357,9.8,4.0,True,0,,False,2132.460393121499,1371.5105611962856,-37.91081767085588,145.13659104331157,0.6721770387391709,0.6721770387391709,prox=0.999 head=1.000 conn=1.000 turn=1.000,,
2026-09-10T11:18:20.184,1789003100,topo,False,-37.9107039,145.1366066,2133.5756958840648,1384.162473113276,2133.5756958840648,1384.162473113276,2133.5728,1384.1629,2132.4604,1371.5106,-73530943#5,0.6966806964328819,0.9994758651647918,0,11.6080999141559,6.279,6.412,10.2,3.93,True,0,,False,2134.265283273619,1384.0633104945628,-37.910704917459135,145.13661441810936,0.6966806964328819,0.6966806964328819,prox=0.999 head=1.000 conn=1.000 turn=1.000,,
2026-09-10T11:18:22.226,1789003102,topo,False,-37.91059412,145.1366231,2134.7827873651404,1396.3731973720714,2134.7827873651404,1396.3731973720714,2134.7869,1396.3729,2134.2653,1384.0633,-73530943#5,1.2399027670850185,0.9986357838410763,0,11.928799911402166,6.209,6.279,8.2,4.01,True,0,,False,2136.0100659690015,1396.1967147940934,-37.91059593079861,145.1366370140952,1.2399027670850185,1.2399027670850185,prox=0.997 head=1.000 conn=1.000 turn=1.000,,
2026-09-10T11:18:24.250,1789003104,topo,False,-37.91049437,145.1366436,2136.3637932935962,1407.4779726825655,2136.3637932935962,1407.4779726825655,2136.3599,1407.4778,2136.0101,1396.197,-73530943#5,1.2680170706032725,0.9985551814685233,0,12.216400005854666,5.598,6.209,9.2,4.11,True,0,,False,2137.6185014183097,1407.2947383704968,-37.910496246556285,145.1366578244169,1.2680170706032725,1.2680170706032725,prox=0.996 head=1.000 conn=1.000 turn=1.000,,
2026-09-10T11:18:26.283,1789003106,topo,False,-37.91041622,145.1366944,2140.6565557403374,1416.2391530359164,2140.6565557403374,1416.2391530359164,2140.6561,1416.2395,2137.6184,1407.294,-73530943#5,0.40165350781725856,0.9917767146878179,0,11.086400016210973,4.905,5.598,27.2,4.12,True,0,,False,2138.44,1412.92,-37.910445720665976,145.13666844336808,3.991227408436498,3.991227408436498,prox=1.000 head=0.973 conn=1.000 turn=1.000,,
2026-09-10T11:18:28.329,1789003108,topo,False,-37.91039415,145.1368098,2150.7530574504635,1418.8909376459196,2150.7530574504635,1418.8909376459196,2150.7514,1418.8907,2140.3501,1416.5415,36667190#0,2.633561047605612,0.9629604755432799,0,11.623600032180548,4.968,4.905,73.6,4.05,True,0,,False,2147.41,1418.08,-37.91040085320257,145.13677160510713,3.440007700960924,3.440007700960924,prox=0.985 head=0.964 conn=0.900 turn=1.000,,
2026-09-10T11:18:30.359,1789003111,topo,False,-37.9103919,145.1370249,2169.6587016338017,1419.5185645483434,2169.6587016338017,1419.5185645483434,2169.6619,1419.5186,2150.6417,1417.765,36667190#1,0.49439579039358045,0.9770805137679057,0,11.634099995717406,6.228,0,84.6,4.0,True,0,,False,2169.7973965270985,1419.044021690287,-37.91039619977565,145.1370263691309,0.49439579039358045,0.49439579039358045,prox=0.999 head=0.991 conn=0.900 turn=1.000,,
2026-09-10T11:18:32.397,1789003113,topo,False,-37.91037309,145.1371811,2183.349399238825,1421.880248438567,2183.349399238825,1421.880248438567,2183.3518,1421.8803,2169.8004,1419.0449,36667190#1,0.25260135461808236,0.9988698013501242,0,11.000599944964051,6.782,6.228,85.3,4.1,True,0,,False,2183.3398838518674,1421.6278263678878,-37.910375362171244,145.13718093445624,0.25260135461808236,0.25260135461808236,prox=1.000 head=0.996 conn=1.000 turn=1.000,,
2026-09-10T11:18:34.434,1789003115,topo,False,-37.91038367,145.1373464,2197.9053012342774,1420.9966372838244,2197.9053012342774,1420.9966372838244,2197.9029,1420.9968,2183.3423,1421.6277,36667190#1,0.5045286145139181,0.9995644385541124,0,11.61310006864369,7.2,6.782,93.8,4.19,True,0,,False,2197.8453223083675,1420.495686536435,-37.910388171899776,145.13734560422614,0.5045286145139181,0.5045286145139181,prox=0.999 head=0.999 conn=1.000 turn=1.000,,
2026-09-10T11:18:36.474,1789003117,topo,False,-37.9103979,145.1374948,2210.9835185537813,1419.6782926255837,2210.9835185537813,1419.6782926255837,2210.987,1419.6789,2197.8429,1420.496,36667190#1,0.7588373893772355,0.9994670157389901,0,11.281499988399446,6.544,7.2,98,4.26,True,0,,False,2210.8906343362232,1418.9251613583763,-37.91040466768712,145.137493572812,0.7588373893772357,0.7588373893772357,prox=0.999 head=1.000 conn=1.000 turn=1.000,,
2026-09-10T11:18:38.501,1789003119,topo,False,-37.91040063,145.1376218,2222.1548435922596,1419.598435533233,2222.1548435922596,1419.598435533233,2222.1518,1419.5988,2210.894,1418.9248,36667190#1,1.6884687991045253,0.9925741192641863,0,11.324199964292347,5.75,6.544,91.6,3.6,True,0,,False,2222.5371005193947,1417.9538059314057,-37.91041551405484,145.1376257726742,1.6884687991045253,1.6884687991045253,prox=0.994 head=0.984 conn=1.000 turn=1.000,,
2026-09-10T11:18:40.533,1789003121,topo,False,-37.91037327,145.1377464,2233.048466747743,1422.8532812912017,2233.048466747743,1422.8532812912017,2233.0464,1422.8537,2222.5343,1417.9532,36667190#1,1.9568508689479653,0.9940634880652971,0,11.187799973413348,5.646,5.75,74.9,3.25,True,0,,False,2233.8962707563937,1421.0896221160156,-37.910389310082124,145.1377556389389,1.9568508689479653,1.9568508689479653,prox=0.992 head=0.992 conn=1.000 turn=1.000,,
2026-09-10T11:18:42.574,1789003123,topo,False,-37.9103211,145.1378638,2243.2541102661053,1428.8485061228275,2243.2541102661053,1428.8485061228275,2243.2528,1428.8485,2233.8948,1421.0889,36667190#1,1.2114085582822725,0.9983191075073906,0,11.135899927467108,5.903,5.646,55,3.02,True,0,,False,2244.017648330502,1427.9080167186892,-37.910329709577766,145.13787226781986,1.2114085582822725,1.2114085582822725,prox=0.997 head=0.999 conn=1.000 turn=1.000,,
2026-09-10T11:18:44.610,1789003125,topo,False,-37.91025596,145.1379796,2253.2903550094925,1436.2801223574206,2253.2903550094925,1436.2801223574206,2253.289,1436.2798,2244.0168,1427.9073,36667190#1,0.8179802138562113,0.9993589360394471,0,11.56410004477948,6.219,5.903,53,2.85,True,0,,False,2253.766164342983,1435.6147674833694,-37.91026203931088,145.13798485883862,0.8179802138562113,0.8179802138562113,prox=0.999 head=1.000 conn=1.000 turn=1.000,,
2026-09-10T11:18:46.649,1789003127,topo,False,-37.91019201,145.1380918,2263.0127584846923,1443.5733558163047,2263.0127584846923,1443.5733558163047,2263.011,1443.573,2253.7651,1435.614,36667190#1,1.0974337550961693,0.9988593705330427,0,11.240200023166835,6.059,6.219,56.2,2.69,True,0,,False,2263.59,1442.64,-37.91020052178064,145.13809815126336,1.0974337550961693,1.0974337550961693,prox=0.997 head=1.000 conn=1.000 turn=1.000,,
2026-09-10T11:18:48.670,1789003129,topo,False,-37.9101436,145.1381967,2272.127834008308,1449.1293649412692,2272.127834008308,1449.1293649412692,2272.1287,1449.1293,2263.6308,1442.668,36667190#2,0.6523032792513357,0.9796205836962206,0,10.999900056049228,5.423,6.059,57,2.41,True,0,,False,2272.4807596998508,1448.5807821996784,-37.91014860527795,145.13820058818206,0.6523032792513357,0.6523032792513357,prox=0.999 head=1.000 conn=0.900 turn=1.000,,
2026-09-10T11:18:50.710,1789003131,topo,False,-37.91010712,145.1382871,2279.9945798805566,1453.3360933270305,2279.9945798805566,1453.3360933270305,2279.9978,1453.3359,2272.4813,1448.5811,36667190#2,1.487077986567244,0.9979773012724055,0,11.110400082543492,4.592,5.423,55.6,2.21,True,0,,False,2273.35,1449.14,-37.910143724085756,145.13821059841862,7.858602992787432,7.858602992787432,prox=0.995 head=1.000 conn=1.000 turn=1.000,,
2026-09-10T11:18:54.777,1789003135,topo,False,-37.9100832,145.1384477,2294.0608630231,1456.2723453482613,2294.0608630231,1456.2723453482613,2294.0638,1456.2728,2287.5697,1453.7775,146181190,0.2851569533599961,0.9661356819017243,0,11.55509997624904,3.413,3.861,73.7,2.1,True,0,,False,2294.248176838924,1456.0573383194203,-37.91008517053774,145.13844978093428,0.2851569533599961,0.2851569533599961,prox=1.000 head=0.954 conn=0.900 turn=1.000,,
2026-09-10T11:18:58.857,1789003139,topo,False,-37.90997434,145.1385472,2302.567279428127,1468.5266645224765,2302.567279428127,1468.5266645224765,2302.5685,1468.5262,2299.0188,1460.2135,146181190,3.937164831946914,0.9854427873342201,0,11.470699915662408,3.946,3.052,55.6,2.09,True,0,,False,2305.1535231073008,1465.5580603814947,-37.91000154720693,145.13857593148637,3.937164831946914,3.937164831946914,prox=0.966 head=0.997 conn=1.000 turn=1.000,,
2026-09-10T11:19:02.928,1789003143,topo,False,-37.90990074,145.138614,2308.2769909863127,1476.810948307626,2308.2769909863127,1476.810948307626,2308.2776,1476.8106,2309.7219,1469.538,146181190,6.457013241678547,0.9277462861892601,0,11.521700071170926,2.704,3.291,7.9,2.07,True,0,,False,2310.08,1469.85,-37.9099637704219,145.13863291975147,7.190663588632073,7.190663588632073,prox=0.912 head=0.877 conn=1.000 turn=1.000,,
2026-09-10T11:19:04.969,1789003145,topo,False,-37.90984193,145.1385446,2302.045299990452,1483.2149571990594,2302.045299990452,1483.2149571990594,2302.0433,1483.2153,2307.3008,1475.6579,299173860#1,6.304412507218577,0.9407127497638472,0,12.510500033386052,3.917,2.704,325.8,2.06,True,0,,False,2306.72,1476.15,-37.90990641393267,145.1385961470372,8.471507563816933,8.471507563816933,prox=0.915 head=0.982 conn=0.900 turn=1.000,,
2026-09-10T11:19:06.998,1789003147,topo,False,-37.90977808,145.1384862,2296.7695100920973,1490.1975364536047,2296.7695100920973,1490.1975364536047,2296.771,1490.1976,2301.4613,1482.8218,146181188#2,0.12453778013790175,0.9797526645177493,0,12.457099976018071,4.323,3.917,325.5,2.06,True,0,,False,2296.663100283582,1490.1328324248784,-37.90977864372939,145.13848497543728,0.12453778013790173,0.12453778013790173,prox=1.000 head=0.999 conn=0.900 turn=1.000,,
2026-09-10T11:19:09.017,1789003149,topo,False,-37.90970801,145.1384281,2291.5063031231984,1497.8708406612277,2291.5063031231984,1497.8708406612277,2291.5093,1497.8706,2296.6635,1490.1322,146181188#2,1.0710267636757087,0.9965455074203408,0,12.22190004773438,4.611,4.323,327.3,2.05,True,0,,False,2293.61,1495.61,-37.90972875470283,145.13845150552362,3.0881938159587885,3.0881938159587885,prox=0.997 head=0.992 conn=1.000 turn=1.000,,
2026-09-10T11:19:11.043,1789003151,topo,False,-37.90963069,145.1384246,2291.0272579728044,1506.444498614408,2291.0272579728044,1506.444498614408,2291.0262,1506.4442,2292.507,1498.2213,146181188#1,1.403757026161458,0.9749028246991492,0,10.890600038692355,4.299,4.611,356.4,2.05,True,0,,False,2292.1,1503.91,-37.9096537144266,145.13843622150367,2.7521734471772756,2.7521734471772756,prox=0.996 head=0.989 conn=0.900 turn=1.000,,
2026-09-10T11:19:13.058,1789003153,topo,False,-37.90954893,145.1384541,2293.439619258221,1515.5687774950638,2293.439619258221,1515.5687774950638,2293.4437,1515.5692,2292.4181,1506.2555,146181188#0,0.23361106542624915,0.9797058845547529,0,11.601299978792667,4.607,0,10.9,2.05,True,0,,False,2293.6711669641236,1515.5377970208788,-37.909549250733804,145.13845672563792,0.23361106542624915,0.23361106542624915,prox=1.000 head=0.999 conn=0.900 turn=1.000,,
2026-09-10T11:19:15.074,1789003155,topo,False,-37.90945818,145.1384667,2294.3462746206205,1525.6609592214227,2294.3462746206205,1525.6609592214227,2294.3487,1525.6611,2293.6713,1515.5387,146181188#0,0.6736468542555966,0.9995849569300558,0,12.20700005069375,4.958,4.607,6.9,2.04,True,0,,False,2294.98,1525.32,-37.9094613654531,145.1384738279652,0.7196256298540719,0.7196256298540719,prox=0.999 head=1.000 conn=1.000 turn=1.000,,
2026-09-10T11:19:17.100,1789003157,topo,False,-37.90937127,145.1384715,2294.5756914764643,1535.3133416753262,2294.5756914764643,1535.3133416753262,2294.5745,1535.3131,2295.0002,1525.6167,-46410623#1,0.24061969047961543,0.9799392116335579,0,12.131099938414991,4.772,4.958,3.1,2.04,True,0,,False,2294.8160892289557,1535.3030093937004,-37.90937140632077,145.1384742309437,0.24061969047961543,0.24061969047961543,prox=1.000 head=1.000 conn=0.900 turn=1.000,,
2026-09-10T11:19:19.143,1789003159,topo,False,-37.9092812,145.1384565,2293.0573538405006,1545.2816112712026,2293.0573538405006,1545.2816112712026,2293.0598,1545.2814,2294.8161,1535.3028,-46410623#1,1.6929587028142894,0.9912426178756711,0,11.70320005621761,5.15,4.772,353.2,2.03,True,0,,False,2291.5031028122394,1544.6104831831422,-37.909286966108056,145.13843867601946,1.6929587028142894,1.6929587028142894,prox=0.994 head=0.979 conn=1.000 turn=1.000,,
2026-09-10T11:19:21.165,1789003161,topo,False,-37.90918421,145.1384037,2288.200417830725,1555.951392722316,2288.200417830725,1555.951392722316,2288.1974,1555.9511,2291.5036,1544.6094,-46410623#1,1.4637104869894375,0.9979139761058698,0,11.635800008662045,5.748,5.15,339.5,2.03,True,0,,False,2286.8566322288093,1555.3711439430788,-37.90918919529718,145.13838828963134,1.4637104869894377,1.4637104869894377,prox=0.995 head=0.999 conn=1.000 turn=1.000,,
2026-09-10T11:19:23.202,1789003163,topo,False,-37.90908129,145.1383568,2283.849039911118,1567.2895519658923,2283.849039911118,1567.2895519658923,2283.8497,1567.2897,2286.8563,1555.3719,-46410623#1,1.1470133487146226,0.9950435097300566,0,12.099800049327314,6.03,5.748,340.7,2.03,True,0,,False,2282.7091637007684,1567.1617949809215,-37.90908223580659,145.1383438108063,1.1470133487146223,1.1470133487146223,prox=0.997 head=0.987 conn=1.000 turn=1.000,,
2026-09-10T11:19:25.245,1789003165,topo,False,-37.9089757,145.1383523,2283.2194241823163,1578.998429492116,2283.2194241823163,1578.998429492116,2283.2161,1578.9981,2282.7092,1567.1619,-46410623#1,0.20863351423954624,0.99592534547228,0,11.440300033427775,5.826,6.03,357.5,2.03,True,0,,False,2283.4243477241466,1578.9592595384825,-37.90897608971896,145.13835462104615,0.20863351423954624,0.20863351423954624,prox=1.000 head=0.987 conn=1.000 turn=1.000,,
2026-09-10T11:19:27.274,1789003167,topo,False,-37.90888206,145.1384091,2288.00562150951,1589.4889022009447,2288.00562150951,1589.4889022009447,2288.0098,1589.4886,2283.4242,1578.9584,-46410623#1,2.5229179369560226,0.991832462549909,0,10.923400055617094,5.746,5.826,21.4,2.02,True,0,,False,2285.5275667191627,1589.9625680880958,-37.908877347302074,145.1383810325916,2.5229179369560226,2.5229179369560226,prox=0.986 head=0.992 conn=1.000 turn=1.000,,
2026-09-10T11:19:29.312,1789003169,topo,False,-37.90878687,145.1384667,2292.8587312724558,1600.152771559544,2292.8587312724558,1600.152771559544,2292.8612,1600.1532,2285.5277,1589.963,-46410623#1,1.4706908968065235,0.992226932080082,0,12.121699983254075,5.819,5.746,24.8,2.02,True,0,,False,2291.746454586096,1601.1149421717175,-37.90877800242169,145.13845427212246,1.4706908968065233,1.4706908968065233,prox=0.995 head=0.980 conn=1.000 turn=1.000,,
2026-09-10T11:19:31.355,1789003172,topo,False,-37.90865127,145.1385842,2302.8885788136977,1615.4058837685734,2302.8885788136977,1615.4058837685734,2302.8895,1615.4064,2291.7477,1601.1164,-46410623#1,1.0418297780123127,0.9979116018544018,0,11.251999996602535,5.883,5.819,34.5,2.02,True,0,,False,2303.668611424344,1614.715262010531,-37.90865763161663,145.13859291198838,1.0418297780123127,1.0418297780123127,prox=0.998 head=0.996 conn=1.000 turn=1.000,,
2026-09-10T11:19:33.393,1789003174,topo,False,-37.90858034,145.1386696,2310.239588457218,1623.4265372939408,2310.239588457218,1623.4265372939408,2310.2419,1623.4269,2303.6693,1614.716,-46410623#1,0.8548612262460326,0.9993491583267592,0,11.590000009164214,5.419,5.883,41.8,2.02,True,0,,False,2310.879635082993,1622.8598556964164,-37.90858555994491,145.13867674851954,0.8548612262460326,0.8548612262460326,prox=0.998 head=1.000 conn=1.000 turn=1.000,,
2026-09-10T11:19:35.412,1789003176,topo,False,-37.90851555,145.1387505,2317.2085859890794,1630.7579604825005,2317.2085859890794,1630.7579604825005,2317.2066,1630.758,2310.8808,1622.8612,-46410623#1,0.49702449053718245,0.9995348859410439,0,11.370599968358874,5.064,5.419,44.8,2.01,True,0,,False,2317.5807152169928,1630.4284863834785,-37.90851858492309,145.1387546562174,0.49702449053718245,0.49702449053718245,prox=0.999 head=0.999 conn=1.000 turn=1.000,,
2026-09-10T11:19:37.457,1789003178,topo,False,-37.908452,145.1388322,2324.2506775207585,1637.9531850917265,2324.2506775207585,1637.9531850917265,2324.2479,1637.9532,2317.5799,1630.4275,-46410623#1,1.8905800058056335,0.9964366026267689,0,11.03029993828386,5.045,5.064,45.7,2.01,True,0,,False,2319.22,1632.28,-37.90850220081947,145.13877371475073,7.582397074992482,7.582397074992482,prox=0.992 head=0.999 conn=1.000 turn=1.000,,
2026-09-10T11:19:39.492,1789003180,topo,False,-37.90839376,145.138909,2330.8737471201457,1644.550579429604,2330.8737471201457,1644.550579429604,2330.8759,1644.5504,2324.7162,1637.8742,-46410623#0,0.23945503446547983,0.9797905383501537,0,11.050499975681305,4.663,5.045,46,2.02,True,0,,False,2330.6996671170937,1644.715002256694,-37.90839224752712,145.13890705808168,0.23945503446547983,0.23945503446547983,prox=1.000 head=0.999 conn=0.900 turn=1.000,,
2026-09-10T11:19:41.524,1789003182,topo,False,-37.90834516,145.1389882,2337.7291853362694,1650.0824793865904,2337.7291853362694,1650.0824793865904,2337.7321,1650.0827,2330.7006,1644.716,-46410623#0,1.4247467787434707,0.996972483806943,0,11.259299935773015,4.444,4.663,50.7,2.02,True,0,,False,2336.69341707963,1651.0607878768315,-37.90833616086098,145.13897664567105,1.4247467787434707,1.4247467787434707,prox=0.995 head=0.996 conn=1.000 turn=1.000,,
2026-09-10T11:19:45.602,1789003186,topo,False,-37.90823578,145.1390557,2343.4213559326017,1662.3382811015472,2343.4213559326017,1662.3382811015472,2343.4228,1662.3378,2342.6144,1655.8471,24689623#1,5.087873118746856,0.9318481949967581,0,12.515100068412721,3.269,3.835,10.9,2.01,True,0,,False,2343.26,1656.42,-37.90828906448741,145.13905252217222,5.920480295881016,5.920480295881016,prox=0.944 head=0.914 conn=0.900 turn=1.000,,
2026-09-10T11:19:47.642,1789003188,topo,False,-37.90816857,145.1389973,2338.1380555748474,1669.6937295589596,2338.1380555748474,1669.6937295589596,2338.1404,1669.6938,2342.5737,1662.0597,46410626#2,3.107855952819792,0.9431632943341244,0,12.157200020737946,4.285,3.269,327.2,2.05,True,0,,False,2337.0041433339525,1666.8001138876193,-37.90819443256943,145.13898375099814,3.107855952819792,3.107855952819792,prox=0.979 head=0.906 conn=0.900 turn=1.000,,
2026-09-10T11:19:49.683,1789003190,topo,False,-37.90813547,145.1388769,2327.4793796770973,1673.1553421178833,2327.4793796770973,1673.1553421178833,2327.4817,1673.1556,2337.0061,1666.7993,46410626#2,0.2758319951948485,0.9923238246972298,0,12.382399989292026,5.193,4.285,292.2,2.05,True,0,,False,2327.300141584289,1672.9456828808827,-37.90813732643289,145.1388748145307,0.2758319951948486,0.2758319951948486,prox=1.000 head=0.975 conn=1.000 turn=1.000,,
2026-09-10T11:19:51.710,1789003192,topo,False,-37.90810108,145.1387653,2317.5915168275824,1676.7755327261984,2317.5915168275824,1676.7755327261984,2317.5927,1676.7757,2327.3014,1672.9446,46410626#2,4.606401632331877,0.9674563425755568,0,12.286299956031144,5.208,5.193,292.7,2.05,True,0,,False,2321.0017928295783,1679.872136283091,-37.90807379829622,145.1388047766322,4.606401632331877,4.606401632331877,prox=0.954 head=0.953 conn=1.000 turn=1.000,,
2026-09-10T11:19:53.753,1789003194,topo,False,-37.90805319,145.1386823,2310.1881978353485,1681.9439420886338,2310.1881978353485,1681.9439420886338,2310.1909,1681.9439,2321.0022,1679.8716,46410626#2,4.102599207183923,0.9828278611076137,0,11.770699988119304,4.599,5.208,306.4,2.05,True,0,,False,2311.9835299425217,1685.6328583088452,-37.908020282145685,145.13870354973588,4.102599207183923,4.102599207183923,prox=0.963 head=0.992 conn=1.000 turn=1.000,,
2026-09-10T11:19:55.782,1789003196,topo,False,-37.90797757,145.1386587,2307.945782167837,1690.2936742333695,2307.945782167837,1690.2936742333695,2307.9436,1690.2932,2311.9857,1685.6318,46410626#1,1.4773526373821293,0.9725721173798905,0,11.354299960657954,3.991,4.599,335.9,2.04,True,0,,False,2306.19,1690.1,-37.907978998864955,145.138638693404,1.766431637388098,1.766431637388098,prox=0.995 head=0.982 conn=0.900 turn=1.000,,
2026-09-10T11:19:57.818,1789003198,topo,False,-37.90790009,145.1386052,2303.0704784256523,1698.7973118051887,2303.0704784256523,1698.7973118051887,2303.0737,1698.797,2306.7862,1689.3603,46410626#1,0.7664827479652132,0.9979597509356027,0,11.721000075340271,4.588,3.991,334,2.04,True,0,,False,2302.3408546741002,1698.5624821134982,-37.907902074172405,145.138596851131,0.7664827479652132,0.7664827479652132,prox=0.999 head=0.995 conn=1.000 turn=1.000,,
2026-09-10T11:19:59.854,1789003200,topo,False,-37.9078084,145.1385551,2298.4626030242653,1708.883725677617,2298.4626030242653,1708.883725677617,2298.4584,1708.8838,2302.3413,1698.5612,46410626#1,2.2462118186638733,0.9909709634764462,0,11.92969991825521,5.421,4.588,333,2.04,True,0,,False,2296.7719576443037,1707.4048119771192,-37.907821418353116,145.13853554224482,2.2462118186638733,2.2462118186638733,prox=0.989 head=0.985 conn=1.000 turn=1.000,,
2026-09-10T11:20:01.898,1789003202,topo,False,-37.90772029,145.1384638,2290.2403985547717,1718.5005525471643,2290.2403985547717,1718.5005525471643,2290.2435,1718.5002,2296.7701,1707.4069,46410626#0,1.2815065888898731,0.9783639313038495,0,12.310199905186892,5.978,5.421,322.5,2.03,True,0,,False,2289.1868291044143,1717.7709975111034,-37.9077266725111,145.13845165569114,1.2815065888898731,1.2815065888898731,prox=0.996 head=0.999 conn=0.900 turn=1.000,,
2026-09-10T11:20:03.932,1789003204,topo,False,-37.90765152,145.1383934,2283.898533915344,1726.0080058937892,2283.898533915344,1726.0080058937892,2283.9005,1726.0082,2289.188,1717.7693,46410626#0,1.6625235238103464,0.994806100194514,0,11.991800041869283,4.935,5.978,320.9,2.03,True,0,,False,2282.831601801086,1724.73299988173,-37.90766281367126,145.13838097992684,1.6625235238103464,1.6625235238103464,prox=0.994 head=0.991 conn=1.000 turn=1.000,,
2026-09-10T11:20:05.966,1789003206,topo,False,-37.90760563,145.1383182,2277.18534896028,1730.9681518496946,2277.18534896028,1730.9681518496946,2277.1818,1730.9685,2282.8327,1724.7321,46410626#0,3.0934054388601115,0.9840529429581742,0,16.18850009981543,4.307,4.935,307,2.02,True,0,,False,2276.1901210932238,1728.0392136970863,-37.90763183563355,145.13830621964004,3.0934054388601115,3.0934054388601115,prox=0.979 head=0.975 conn=1.000 turn=1.000,,
2026-09-10T11:20:08.008,1789003208,topo,False,-37.9075941,145.1382166,2268.2272419453366,1732.06918709632,2268.2272419453366,1732.06918709632,2268.225,1732.069,2276.1868,1728.0403,46410626#0,2.834307248216833,0.9918408528212753,0,12.910500052385032,4.325,4.307,281.3,2.02,True,0,,False,2268.0090743821606,1729.2432889219917,-37.90761951720882,145.13821347786208,2.834307248216833,2.834307248216833,prox=0.982 head=0.996 conn=1.000 turn=1.000,,
2026-09-10T11:20:10.039,1789003210,topo,False,-37.90759571,145.1381219,2259.9048933709273,1731.7242507748306,2259.9048933709273,1731.7242507748306,2259.9015,1731.7239,2268.0068,1729.2435,46410626#0,1.8497910383776757,0.9965643583102669,0,11.92990003619343,4.189,4.325,270.2,2.02,True,0,,False,2259.7625078185206,1729.8799478604133,-37.907612298363524,145.13811986233728,1.8497910383776757,1.8497910383776757,prox=0.992 head=0.999 conn=1.000 turn=1.000,,
2026-09-10T11:20:14.114,1789003214,topo,False,-37.90758447,145.137972,2246.700943036005,1732.7082699853927,2246.700943036005,1732.7082699853927,2246.7001,1732.7084,2252.3551,1730.4518,46410626#0,0.6106734972384628,0.9925618422055617,0,12.024700059555471,2.922,3.758,279.7,2.02,True,0,,False,2247.11,1731.81,-37.90759263546047,145.1379764468165,0.9870240961853327,0.9870240961853327,prox=0.999 head=0.976 conn=1.000 turn=1.000,,
2026-09-10T11:20:20.218,1789003220,topo,False,-37.90751568,145.1380562,2253.9512540253345,1740.489398916252,2253.9512540253345,1740.489398916252,2253.9552,1740.4895,2250.6801,1736.926,115936847,1.337074908329103,0.97837510830064,0,12.823999975807965,2.101,1.785,59.9,2.03,True,0,,False,2251.26,1737.28,-37.907544106916674,145.13802487277152,4.1884471624359,4.1884471624359,prox=0.996 head=1.000 conn=0.900 turn=1.000,,
2026-09-10T11:20:24.294,1789003224,topo,False,-37.90746386,145.1379608,2245.4489310539793,1746.0720699038357,2245.4489310539793,1746.0720699038357,2245.4484,1746.0726,2252.6388,1742.0403,310292416#2,3.648056807997254,0.964757143149113,0,12.917099986225367,3.358,0.934,301.4,2.02,True,0,,False,2244.2705355112666,1742.6195776997474,-37.90749474895388,145.13794661810468,3.648056807997254,3.648056807997254,prox=0.971 head=0.988 conn=0.900 turn=1.000,,
2026-09-10T11:20:26.325,1789003227,topo,False,-37.90742537,145.1377972,2230.9800617314177,1750.0557978423312,2230.9800617314177,1750.0557978423312,2230.9821,1750.0562,2244.9158,1744.5145,310292416#2,3.0026102143342586,0.9890736155971277,0,12.77450006455183,4.973,3.358,291,2.02,True,0,,False,2230.482594623259,1747.0946841032924,-37.907451954994094,145.13779087150428,3.002610214334259,3.002610214334259,prox=0.980 head=0.990 conn=1.000 turn=1.000,,
2026-09-10T11:20:28.361,1789003229,topo,False,-37.90741715,145.1376664,2219.4620252755703,1750.7382044531405,2219.4620252755703,1750.7382044531405,2219.4604,1750.7381,2230.8117,1749.0708,310292416#2,2.7528594199680123,0.9927744529609145,0,12.369600008241832,5.616,4.973,272,2.18,True,0,,False,2219.6007712364926,1747.9888437011775,-37.90744194195024,145.13766735301752,2.7528594199680123,2.7528594199680123,prox=0.983 head=0.998 conn=1.000 turn=1.000,,
2026-09-10T11:20:30.398,1789003231,topo,False,-37.90742421,145.1375372,2208.1185308883432,1749.7278626589105,2208.1185308883432,1749.7278626589105,2208.1196,1749.7283,2219.4988,1749.9884,310292416#2,2.3155214151947745,0.9952613607048241,0,12.532399967312813,5.795,5.616,266.9,2.29,True,0,,False,2208.2352347205324,1747.4152840894824,-37.907445063332005,145.1375380015781,2.3155214151947745,2.3155214151947745,prox=0.988 head=1.000 conn=1.000 turn=1.000,,
2026-09-10T11:20:32.414,1789003233,topo,False,-37.9074336,145.1374265,2198.406706960057,1748.4914540946484,2198.406706960057,1748.4914540946484,2198.4108,1748.4912,2208.136,1749.4069,310292416#2,2.6373844728631495,0.9932788573269001,0,13.301500002853572,4.564,5.795,262.5,2.5,True,0,,False,2198.9804679871563,1745.9172367103777,-37.90745689250634,145.13743243865315,2.6373844728631495,2.6373844728631495,prox=0.985 head=0.998 conn=1.000 turn=1.000,,
2026-09-10T11:20:36.482,1789003237,topo,False,-37.90744771,145.1373118,2188.35367419268,1746.724253103137,2188.35367419268,1746.724253103137,2188.3539,1746.7246,2192.5351,1746.5266,310292416#2,2.929711644060079,0.9923419727491426,0,11.982599971815944,2.148,2.92,263.8,2.93,True,0,,False,2188.563105158948,1743.8020366519293,-37.90747407180303,145.13731351728768,2.929711644060079,2.929711644060079,prox=0.981 head=1.000 conn=1.000 turn=1.000,,
2026-09-10T11:20:42.575,1789003243,topo,False,-37.90746965,145.1371902,2177.7113653895794,1744.0760629475117,2177.7113653895794,1744.0760629475117,2177.7105,1744.0757,2181.2985,1745.2856,310292416#2,2.331113060791341,0.987133991225099,0,11.493700090795755,2.276,1.548,236.3,3.3,True,0,,False,2180.66,1743.17,-37.90747834282048,145.13722351884226,3.084703572569421,3.084703572569421,prox=0.988 head=0.973 conn=1.000 turn=1.000,,
2026-09-10T11:20:46.653,1789003247,topo,False,-37.90761376,145.1371555,2174.98011955939,1728.0239575505257,2174.98011955939,1728.0239575505257,2174.9836,1728.0246,2176.721,1736.9011,-46410634#0,0.3760890869854544,0.9797202321670014,0,11.281599989160895,4.333,3.39,187.7,3.47,True,0,,False,2175.350151485477,1727.956731253395,-37.9076144322013,145.13715969183588,0.3760890869854544,0.3760890869854544,prox=1.000 head=0.999 conn=0.900 turn=1.000,,
2026-09-10T11:20:48.690,1789003249,topo,False,-37.90769966,145.1371471,2174.4320741425036,1718.4773198775947,2174.4320741425036,1718.4773198775947,2174.4362,1718.4771,2175.3504,1727.9579,-46410634#0,0.7564856696801439,0.999042618053715,0,11.327299987897277,4.77,4.333,184.1,3.53,True,0,,False,2175.1885469291656,1718.481734792228,-37.90769975640156,145.13715570179426,0.7564856696801439,0.7564856696801439,prox=0.999 head=0.999 conn=1.000 turn=1.000,,
2026-09-10T11:20:50.731,1789003251,topo,False,-37.90779203,145.1371475,2174.672061439138,1708.228199834004,2174.672061439138,1708.228199834004,2174.6749,1708.2284,2175.1885,1718.4815,-46410634#0,0.576317195310429,0.9996361535081152,0,11.412099935114384,5.021,4.77,181.4,3.64,True,0,,False,2175.2483688197153,1708.2315632701152,-37.907792103442326,145.1371540531554,0.576317195310429,0.576317195310429,prox=0.999 head=1.000 conn=1.000 turn=1.000,,
2026-09-10T11:20:52.777,1789003253,topo,False,-37.9078761,145.1371443,2174.577137971879,1698.8937631808221,2174.577137971879,1698.8937631808221,2174.5763,1698.8935,2175.2484,1708.2318,-46410634#0,0.7257156113033847,0.9994973191103221,0,11.547400034032762,4.69,5.021,180.9,3.72,True,0,,False,2175.302841224181,1698.897998518781,-37.90787619248115,145.13715255193588,0.7257156113033846,0.7257156113033846,prox=0.999 head=1.000 conn=1.000 turn=1.000,,
2026-09-10T11:20:54.798,1789003255,topo,False,-37.90794951,145.1371449,2174.792668128095,1690.7488877745345,2174.792668128095,1690.7488877745345,2174.794,1690.7493,2175.3028,1698.8978,-46410634#0,0.5577233103810177,0.9997134801551119,0,14.877700014039874,4.186,4.69,179,3.76,True,0,,False,2175.3503819403986,1690.7521426951537,-37.90794958107333,145.1371512417426,0.5577233103810177,0.5577233103810177,prox=0.999 head=1.000 conn=1.000 turn=1.000,,
2026-09-10T11:20:56.833,1789003257,topo,False,-37.90802314,145.1371361,2174.1822536086547,1682.5630854405463,2174.1822536086547,1682.5630854405463,2174.1859,1682.5631,2175.3504,1690.7525,-46410634#0,1.2159004722308417,0.9982590041631961,0,12.215399998240173,4.122,4.186,184,3.77,True,0,,False,2175.3981333739926,1682.5701815389957,-37.90802329494891,145.13714992573637,1.215900472230842,1.215900472230842,prox=0.997 head=0.999 conn=1.000 turn=1.000,,
2026-09-10T11:21:00.898,1789003261,topo,False,-37.90813887,145.137122,2173.1992279656697,1669.6963511444628,2173.1992279656697,1669.6963511444628,2173.2,1669.6962,2173.6812,1675.0906,-46410634#0,1.7029448878034863,0.99188064274068,0,12.11939996574074,2.921,3.73,195.3,4.12,True,0,,False,2175.43,1677.11,-37.90807248745063,145.13714904750452,7.741998012293441,7.741998012293441,prox=0.994 head=0.982 conn=1.000 turn=1.000,,
2026-09-10T11:21:06.984,1789003267,topo,False,-37.90810086,145.1370424,2166.1166485213907,1673.7742738872766,2166.1166485213907,1673.7742738872766,2166.1125,1673.7744,2174.228,1673.1697,46410634#0,7.758976480107293,0.9136027519592871,0,12.062599998898804,2.238,1.187,332.7,4.29,True,0,,False,2173.43,1677.1,-37.90807221750866,145.13712630592275,8.034025393694195,8.034025393694195,prox=0.875 head=0.946 conn=0.900 turn=1.000,,
2026-09-10T11:21:11.046,1789003271,topo,False,-37.90795559,145.1370127,2163.1833308822243,1689.8419557744637,2163.1833308822243,1689.8419557744637,2163.1805,1689.8414,2173.4064,1681.1534,46410634#0,10.172416056720621,0.916689424945809,0,10.925300070084631,4.172,3.491,352.6,4.33,True,0,,False,2173.355575019019,1689.9010967287475,-37.907956888433056,145.1371283681563,10.172416056720621,10.172416056720621,prox=0.795 head=0.996 conn=1.000 turn=1.000,,
2026-09-10T11:21:15.080,1789003275,topo,False,-37.90787973,145.1369531,2157.7751622215146,1698.1550311800092,2157.7751622215146,1698.1550311800092,2157.7783,1698.1548,2156.0832,1695.917,46410634#0,15.532162299223147,0.7755990079812082,0,11.831899988465011,2.235,3.117,307.3,4.53,True,0,,False,2173.307062017889,1698.2453329230113,-37.9078817126037,145.13712971239013,15.532162299223147,15.532162299223147,prox=0.585 head=0.805 conn=1.000 turn=1.000,,
2026-09-10T11:21:19.148,1789003279,topo,False,-37.90801492,145.1368885,2152.3954356916947,1683.040185672231,2152.3954356916947,1683.040185672231,2152.3916,1683.0397,2156.0801,1692.6432,5094891#0,0.38834851089030586,0.7692467302488921,0,12.478500022552907,4.569,2.618,200.1,4.38,True,0,,False,2152.12,1681.55,-37.9080282943979,145.1368850297787,1.5154267247155706,1.5154267247155706,prox=1.000 head=0.998 conn=0.100 turn=0.500,,
2026-09-10T11:21:21.184,1789003281,topo,False,-37.9080844,145.1367897,2143.8631941163912,1675.156740645878,2143.8631941163912,1675.156740645878,2143.8602,1675.1563,2152.8677,1682.7406,5094891#0,1.400584168073131,0.9977622610285283,0,11.409200029447675,5.53,4.569,226.7,4.34,True,0,,False,2144.7375737149428,1674.0626216717742,-37.908094413540354,145.13679939276489,1.400584168073131,1.400584168073131,prox=0.996 head=0.998 conn=1.000 turn=1.000,,
2026-09-10T11:21:23.220,1789003283,topo,False,-37.9081213,145.1366566,2132.2431120574474,1670.8282454330474,2132.2431120574474,1670.8282454330474,2132.2463,1670.8281,2144.7355,1674.061,5094891#0,1.815607865800941,0.9959171304813782,0,11.487599927932024,5.818,5.53,249.8,4.34,True,0,,False,2132.653365977272,1669.0595952009137,-37.90813730633616,145.1366608625064,1.8156078658009411,1.8156078658009411,prox=0.993 head=0.996 conn=1.000 turn=1.000,,
2026-09-10T11:21:25.262,1789003285,topo,False,-37.90810962,145.1365158,2119.838313253247,1671.8768738908693,2119.838313253247,1671.8768738908693,2119.8391,1671.8767,2132.6564,1669.0603,5094891#0,3.468558203127134,0.989218108925079,0,11.833800002932549,6.055,5.818,273,4.23,True,0,,False,2127.68,1668.68,-37.90813983031836,145.1366042307496,8.468296978042149,8.468296978042149,prox=0.974 head=0.999 conn=1.000 turn=1.000,,
2026-09-10T11:21:27.304,1789003287,topo,False,-37.90807062,145.1363755,2107.4168649070198,1675.957922546193,2107.4168649070198,1675.957922546193,2107.4164,1675.9576,2118.8302,1669.8067,5094891#1,1.2448301314639114,0.9683689623184971,0,12.149599962867796,6.391,6.055,286.8,3.99,True,0,,False,2109.34,1676.03,-37.90807031703498,145.136397381755,1.924485319559473,1.924485319559473,prox=0.997 head=0.966 conn=0.900 turn=1.000,,
2026-09-10T11:21:29.341,1789003289,topo,False,-37.90802943,145.136232,2094.709206078667,1680.2763410946354,2094.709206078667,1680.2763410946354,2094.7059,1680.2768,2108.073,1676.9066,1209653407,1.096192880917856,0.9787020693266988,0,13.155199936591089,6.659,6.391,291.2,4.01,True,0,,False,2095.0482795875673,1681.3187747796903,-37.90802010055232,145.13623609209967,1.096192880917856,1.096192880917856,prox=0.997 head=0.999 conn=0.900 turn=1.000,,
2026-09-10T11:21:31.365,1789003292,topo,False,-37.9079785,145.136015,2075.5179183037253,1685.5463327495381,2075.5179183037253,1685.5463327495381,2075.5149,1685.5459,2095.0452,1681.3198,1209653407,0.36277716522482634,0.9993872258170963,0,11.881600017659366,6.499,6.659,281,4.65,True,0,,False,2075.5579803397063,1685.906891073366,-37.90797525921291,145.13601553745852,0.36277716522482634,0.36277716522482634,prox=1.000 head=0.998 conn=1.000 turn=1.000,,
2026-09-10T11:21:33.400,1789003294,topo,False,-37.90795945,145.1358703,2062.75385021104,1687.4058309579268,2062.75385021104,1687.4058309579268,2062.7563,1687.4062,2075.5551,1685.9072,24801549#0,0.5816902140530369,0.9796853707074211,0,11.36359991505742,6.363,6.499,277.8,4.44,True,0,,False,2062.6827797378387,1686.8284987373086,-37.90796463795602,145.13586936069643,0.5816902140530369,0.5816902140530369,prox=0.999 head=1.000 conn=0.900 turn=1.000,,
2026-09-10T11:21:35.439,1789003296,topo,False,-37.90794316,145.1357207,2049.565099434112,1688.9504312239587,2049.565099434112,1688.9504312239587,2049.5628,1688.9502,2062.6851,1686.8282,24801549#0,0.5033267552956557,0.9997608994196331,0,11.290399939753115,6.541,6.363,277.8,4.01,True,0,,False,2049.50360334941,1688.450875367059,-37.9079476490498,145.13571988722762,0.5033267552956557,0.5033267552956557,prox=0.999 head=1.000 conn=1.000 turn=1.000,,
2026-09-10T11:21:37.476,1789003298,topo,False,-37.9079275,145.1355768,2036.878876185161,1690.4351251432672,2036.878876185161,1690.4351251432672,2036.8773,1690.4348,2049.5013,1688.4512,24801549#0,0.42690420082007835,0.9998240605108665,0,11.506600072607398,6.408,6.541,277.8,3.62,True,0,,False,2036.8267173507315,1690.0114192869603,-37.907931307454454,145.1355761106276,0.42690420082007835,0.42690420082007835,prox=1.000 head=1.000 conn=1.000 turn=1.000,,
2026-09-10T11:21:39.516,1789003300,topo,False,-37.90791177,145.1354322,2024.1309489983832,1691.926336184144,2024.1309489983832,1691.926336184144,2024.1351,1691.926,2036.8252,1690.0116,24801549#1,0.3288952740434444,0.9798934498531205,0,11.74310001078993,6.44,6.408,277.8,3.54,True,0,,False,2024.0901545603597,1691.599980679955,-37.90791470254404,145.13543166196735,0.3288952740434444,0.3288952740434444,prox=1.000 head=1.000 conn=0.900 turn=1.000,,
2026-09-10T11:21:41.553,1789003302,topo,False,-37.90789567,145.1352948,2012.0152083997382,1693.4712465731427,2012.0152083997382,1693.4712465731427,2012.0192,1693.4708,2024.0943,1691.5995,24801549#1,0.35910300504736675,0.999858989598645,0,12.443599989637733,6.184,6.44,278.2,3.39,True,0,,False,2011.970667153817,1693.1149166057728,-37.907898871885806,145.13529421254543,0.35910300504736675,0.35910300504736675,prox=1.000 head=1.000 conn=1.000 turn=1.000,,
2026-09-10T11:21:43.602,1789003304,topo,False,-37.90788106,145.1351673,2000.7731635177624,1694.8682130109519,2000.7731635177624,1694.8682130109519,2000.7712,1694.8682,2011.9746,1693.1144,24801549#1,0.3917100118074524,0.9998112188801592,0,11.538199963979423,5.719,6.184,278.2,3.36,True,0,,False,2000.7275624873546,1694.479166382158,-37.9078845564141,145.13516669304965,0.3917100118074524,0.3917100118074524,prox=1.000 head=1.000 conn=1.000 turn=1.000,,
2026-09-10T11:21:45.648,1789003306,topo,False,-37.90786702,145.1350447,1989.9631803956,1696.210532530211,1989.9631803956,1696.210532530211,1989.965,1696.2107,2000.7256,1694.4794,24801549#1,0.46645539433179084,0.9997542255785811,0,11.282899999059737,5.651,5.719,278.2,3.67,True,0,,False,1989.9088778606133,1695.7472487407306,-37.90787118359246,145.13504397722582,0.46645539433179084,0.46645539433179084,prox=1.000 head=1.000 conn=1.000 turn=1.000,,
2026-09-10T11:21:47.688,1789003308,topo,False,-37.90785275,145.1349202,1978.985637048143,1697.5750178033486,1978.985637048143,1697.5750178033486,1978.9819,1697.5752,1989.9107,1695.747,24801549#1,4.495332143755054,0.9823822593908852,0,12.00400001835078,5.628,5.651,278.2,3.77,True,0,,False,1987.07,1696.08,-37.90786767447504,145.13501177597783,8.221435554067616,8.221435554067616,prox=0.956 head=1.000 conn=1.000 turn=1.000,,
2026-09-10T11:21:49.704,1789003310,topo,False,-37.90786055,145.134781,1966.7646856267238,1696.4646349214017,1966.7646856267238,1696.4646349214017,1966.7617,1696.4645,1979.273,1697.385,24801549#3,2.092933981614466,0.976090921862303,0,12.132999952882528,5.933,5.628,278.4,3.68,True,0,,False,1967.0260804567233,1698.5411814280435,-37.907841891055696,145.13478444433994,2.0929339816144656,2.0929339816144656,prox=0.990 head=1.000 conn=0.900 turn=1.000,,
2026-09-10T11:21:51.743,1789003312,topo,False,-37.90785064,145.1346478,1955.0319253352936,1697.3299771910533,1955.0319253352936,1697.3299771910533,1955.0328,1697.3302,1967.0232,1698.5415,24801549#3,2.69971824994995,0.9935094708165381,0,11.835900018922985,5.853,5.933,275.5,3.59,True,0,,False,1955.369103860365,1700.0085569026437,-37.907826571453086,145.1346522429665,2.69971824994995,2.69971824994995,prox=0.984 head=1.000 conn=1.000 turn=1.000,,
2026-09-10T11:21:53.784,1789003314,topo,False,-37.90783653,145.1345289,1944.547071780078,1698.6865138253197,1944.547071780078,1698.6865138253197,1944.5444,1698.6861,1955.3699,1700.0085,24801549#3,2.8294103785191504,0.9929295405110322,0,11.993799940682948,5.281,5.853,279.1,3.58,True,0,,False,1946.51,1701.23,-37.90781397147603,145.13455179638913,3.2128506216996073,3.2128506216996073,prox=0.982 head=1.000 conn=1.000 turn=1.000,,
2026-09-10T11:21:55.821,1789003316,topo,False,-37.90782226,145.1344137,1934.3871577330283,1700.0673014819622,1934.3871577330283,1700.0673014819622,1934.3874,1700.0669,1944.899,1701.4376,24801549#4,2.6707130778681565,0.9736716903113407,0,12.36539997626096,5.244,5.281,277.9,3.7,True,0,,False,1934.6945138118551,1702.7202697413095,-37.907798416801974,145.13441779814386,2.6707130778681565,2.6707130778681565,prox=0.984 head=1.000 conn=0.900 turn=1.000,,
2026-09-10T11:21:57.840,1789003318,topo,False,-37.90780586,145.1342834,1922.8949375456432,1701.657862576656,1922.8949375456432,1701.657862576656,1922.8913,1701.6579,1934.6948,1702.7202,24801549#4,2.4132895565384866,0.994678498144466,0,11.29269995726645,5.628,5.244,279.4,3.76,True,0,,False,1923.1726683214865,1704.055117694462,-37.907784314994736,145.1342871031707,2.4132895565384866,2.4132895565384866,prox=0.987 head=0.999 conn=1.000 turn=1.000,,
2026-09-10T11:21:59.874,1789003320,topo,False,-37.90778701,145.1341546,1911.529148763162,1703.522911223583,1911.529148763162,1703.522911223583,1911.5319,1703.5226,1923.1691,1704.0555,24801549#4,1.8686520207686348,0.9966454223390665,0,10.77729999087751,5.683,5.628,280,3.72,True,0,,False,1911.7442005268856,1705.379147499934,-37.90777032733206,145.13415746745764,1.8686520207686348,1.8686520207686348,prox=0.992 head=0.999 conn=1.000 turn=1.000,,
2026-09-10T11:22:01.918,1789003322,topo,False,-37.90777009,145.1340242,1900.0269708106061,1705.1709663392976,1900.0269708106061,1705.1709663392976,1900.0267,1705.1705,1911.7469,1705.3788,24801549#4,1.5552624600867555,0.9977650828238792,0,11.429900070652366,5.752,5.683,278.6,3.86,True,0,,False,1900.2059564812273,1706.7158952857114,-37.907756205167075,145.13402658658336,1.5552624600867555,1.5552624600867555,prox=0.995 head=1.000 conn=1.000 turn=1.000,,
2026-09-10T11:22:03.940,1789003324,topo,False,-37.90776125,145.1338971,1888.8328669739421,1705.9282168708742,1888.8328669739421,1705.9282168708742,1888.8355,1705.9283,1900.2057,1706.7159,24801549#4,2.0913044064997526,0.9961253205565922,0,11.789500014856458,5.535,5.752,276.1,3.84,True,0,,False,1889.0735424427305,1708.0056261804154,-37.907742579578496,145.13390030918242,2.0913044064997526,2.0913044064997526,prox=0.990 head=1.000 conn=1.000 turn=1.000,,
2026-09-10T11:22:05.978,1789003326,topo,False,-37.90774188,145.1337728,1877.8615413141088,1707.8588406909257,1877.8615413141088,1707.8588406909257,1877.8646,1707.8585,1889.0761,1708.0053,24801549#4,1.4361310389455475,0.9979382360742054,0,11.560100014321506,5.528,5.535,279.8,3.87,True,0,,False,1878.0268168760813,1709.2854297521615,-37.90772905873602,145.13377500381608,1.4361310389455475,1.4361310389455475,prox=0.995 head=0.999 conn=1.000 turn=1.000,,
2026-09-10T11:22:08.008,1789003328,topo,False,-37.90772916,145.1336486,1866.913774946006,1709.0517094284296,1866.913774946006,1709.0517094284296,1866.9129,1709.0522,1878.0299,1709.2851,24801549#4,2.159111874237727,0.9958594408264517,0,11.822199914604425,5.486,5.528,277.5,3.85,True,0,,False,1869.96,1710.22,-37.9077191851239,145.13368350022262,3.2625741277710802,3.2625741277710802,prox=0.990 head=1.000 conn=1.000 turn=1.000,,
2026-09-10T11:22:10.050,1789003330,topo,False,-37.90771941,145.1335465,1857.9156079996028,1709.95389981661,1857.9156079996028,1709.95389981661,1857.919,1709.9539,1867.0898,1710.5573,1209653409#0,1.6994917482431222,0.9774381085289907,0,12.306700111366808,4.618,5.486,276.6,3.82,True,0,,False,1858.121180271277,1711.6409126332373,-37.90770425004736,145.13354922129227,1.6994917482431224,1.6994917482431224,prox=0.994 head=1.000 conn=0.900 turn=1.000,,
2026-09-10T11:22:12.084,1789003332,topo,False,-37.90770957,145.1334429,1848.7853604147676,1710.8634267011657,1848.7853604147676,1710.8634267011657,1848.7824,1710.8636,1858.1245,1711.6405,1209653409#0,1.9010474345252037,0.9967384255939676,0,12.174899922683835,4.646,4.618,275.3,3.81,True,0,,False,1849.0153130697772,1712.750515232414,-37.90769261211624,145.1334459440542,1.9010474345252037,1.9010474345252037,prox=0.992 head=1.000 conn=1.000 turn=1.000,,
2026-09-10T11:22:14.125,1789003334,topo,False,-37.9077479,145.1333537,1841.028170087433,1706.453114467673,1841.028170087433,1706.453114467673,1841.0264,1706.4533,1849.0124,1712.7509,1209653409#0,7.049664608081442,0.9296093834454818,0,12.167199980467558,4.412,4.646,241,3.78,True,0,,False,1847.05,1712.99,-37.907690100297756,145.13342365380353,8.88781795260416,8.88781795260416,prox=0.895 head=0.905 conn=1.000 turn=1.000,,
2026-09-10T11:22:16.141,1789003336,topo,False,-37.90782684,145.1333279,1838.935266256216,1697.6481251344085,1838.935266256216,1697.6481251344085,1838.9373,1697.6487,1841.0553,1706.4471,-5094896#1,0.49974235118123345,0.9776892321687454,0,11.019699973985553,4.226,4.412,198,3.94,True,0,,False,1839.4296131202893,1697.5748885619532,-37.90782758890291,145.1333335038492,0.49974235118123345,0.49974235118123345,prox=0.999 head=0.993 conn=0.900 turn=1.000,,
2026-09-10T11:22:18.175,1789003338,topo,False,-37.90790437,145.1333116,1837.6744608914014,1689.0163201475516,1837.6744608914014,1689.0163201475516,1837.6749,1689.0159,1839.4297,1697.5757,-5094896#1,0.4819559198009302,0.9996179338564327,0,11.632499983534217,4.357,4.226,191.2,4.11,True,0,,False,1838.1512133559704,1688.9456901528006,-37.90790509224945,145.13331700440693,0.4819559198009302,0.4819559198009302,prox=0.999 head=0.999 conn=1.000 turn=1.000,,
2026-09-10T11:22:22.251,1789003342,topo,False,-37.90803733,145.1332814,1835.3147578478092,1674.2092587677762,1835.3147578478092,1674.2092587677762,1835.3174,1674.2088,1836.3466,1681.8748,-5094896#0,0.7361914211101865,0.9795183555384119,0,12.360000051558018,3.882,3.914,187.7,4.43,True,0,,False,1836.044159041312,1674.109500522839,-37.908038360219294,145.13328967030586,0.7361914211101865,0.7361914211101865,prox=0.999 head=1.000 conn=0.900 turn=1.000,,
2026-09-10T11:22:26.318,1789003346,topo,False,-37.9081519,145.1332445,1832.3251494358992,1661.4310451969504,1832.3251494358992,1661.4310451969504,1832.3225,1661.431,1835.1081,1667.1031,-5094896#0,2.018328476929653,0.9957791005033939,0,12.628800002858043,3.144,3.426,192.7,4.86,True,0,,False,1834.3261890663862,1661.1674351857487,-37.908154635626445,145.13326719108747,2.018328476929653,2.018328476929653,prox=0.991 head=0.998 conn=1.000 turn=1.000,,
2026-09-10T11:22:28.348,1789003349,topo,False,-37.90825319,145.1332293,1831.2138658881886,1650.1646485580131,1831.2138658881886,1650.1646485580131,1831.21,1650.1649,1834.3261,1661.1671,-5094896#0,1.0463221628560857,0.9971037719012613,0,12.669100076891482,3.672,3.144,187.4,5.1,True,0,,False,1832.2620026882569,1649.8524375962907,-37.908256191546315,145.13324114587328,1.09364822327705,1.09364822327705,prox=0.998 head=0.994 conn=1.000 turn=1.000,,
2026-09-10T11:22:30.383,1789003351,topo,False,-37.90832277,145.1332506,1833.2411328773596,1642.4812095686793,1833.2411328773596,1642.4812095686793,1833.2432,1642.4812,1832.2618,1649.8516,4577074#0,0.8719645618899615,0.9671192345073718,0,11.708399979397655,3.936,3.672,166,5.36,True,0,,False,1832.5472627906038,1641.9531314495555,-37.90832740189047,145.1332425906961,0.8719645618899615,0.8719645618899615,prox=0.998 head=0.959 conn=0.900 turn=1.000,,
2026-09-10T11:22:32.429,1789003353,topo,False,-37.90837786,145.1333243,1839.8431021373253,1636.4979020850733,1839.8431021373253,1636.4979020850733,1839.8387,1636.4974,1832.548,1641.9521,4577074#1,2.750500345103651,0.9721388498666355,0,12.643499998375773,4.215,3.936,135.9,5.33,True,0,,False,1835.3,1638.33,-37.908360536508034,145.1332730635167,4.898607945125731,4.898607945125731,prox=0.983 head=0.996 conn=0.900 turn=1.000,,
2026-09-10T11:22:34.465,1789003355,topo,False,-37.9084225,145.1334137,1847.8021547304234,1631.7018112195656,1847.8021547304234,1631.7018112195656,1847.8025,1631.7022,1838.4233,1634.8712,4577074#2,3.171117845150368,0.970794445213897,0,12.256499961949885,4.575,4.215,123.9,5.21,True,0,,False,1846.221559604897,1628.952682732755,-37.908446979726136,145.13339510326756,3.171117845150368,3.171117845150368,prox=0.978 head=0.999 conn=0.900 turn=1.000,,
2026-09-10T11:22:36.509,1789003357,topo,False,-37.90844688,145.133514,1856.674490112986,1629.173049387522,1856.674490112986,1629.173049387522,1856.6742,1629.1729,1846.2217,1628.9526,4577074#2,2.9263429343729968,0.9854648756588419,0,12.41129997652024,4.415,4.575,106.4,5.06,True,0,,False,1856.7340774083427,1626.247313185506,-37.90847324649966,145.13351401146002,2.926342934372997,2.926342934372997,prox=0.981 head=0.977 conn=1.000 turn=1.000,,
2026-09-10T11:22:40.587,1789003361,topo,False,-37.90845055,145.1336881,1871.9891507902648,1629.0722620282322,1871.9891507902648,1629.0722620282322,1871.993,1629.0728,1864.087,1626.3866,4577074#2,2.762579989334794,0.9931585907611832,0,12.12840003427118,3.851,3.689,92.8,5.06,True,0,,False,1871.962210181027,1626.309813404086,-37.908475429961335,145.13368716489444,2.762579989334794,2.762579989334794,prox=0.983 head=1.000 conn=1.000 turn=1.000,,
2026-09-10T11:22:42.633,1789003363,topo,False,-37.9084549,145.1338016,1881.9774956601905,1628.7893339544535,1881.9774956601905,1628.7893339544535,1881.9805,1628.7889,1871.966,1626.3098,4577074#2,2.5770714523698905,0.9940625270053655,0,11.945300037041306,4.722,3.851,92.4,5.43,True,0,,False,1881.9523641254498,1626.2123850460384,-37.90847810926207,145.13380072772276,2.5770714523698905,2.5770714523698905,prox=0.985 head=1.000 conn=1.000 turn=1.000,,
2026-09-10T11:22:44.671,1789003365,topo,False,-37.9084601,145.1339189,1892.3018152500736,1628.4187612580135,1892.3018152500736,1628.4187612580135,1892.2986,1628.4191,1881.9553,1626.2124,4577074#2,2.419750888852354,0.9947887559404452,0,12.743200059048831,5.024,4.722,92.8,5.3,True,0,,False,1892.1275944255112,1626.005290423636,-37.90848180972827,145.13391636986634,2.419750888852354,2.419750888852354,prox=0.987 head=1.000 conn=1.000 turn=1.000,,
2026-09-10T11:22:46.709,1789003367,topo,False,-37.90847061,145.1340247,1901.6268718617503,1627.4387140953913,1901.6268718617503,1627.4387140953913,1901.6227,1627.4381,1892.1244,1626.0055,4577074#2,3.2106392552752334,0.9890608652266591,0,15.091800014488399,4.727,5.024,97.7,5.51,True,0,,False,1900.69986670306,1624.3648133384904,-37.908498133309784,145.13401346066186,3.210639255275234,3.210639255275234,prox=0.977 head=0.994 conn=1.000 turn=1.000,,
2026-09-10T11:22:48.743,1789003369,topo,False,-37.90850224,145.1341319,1911.121918523626,1624.1175412042066,1911.121918523626,1624.1175412042066,1911.1204,1624.1177,1900.6962,1624.3659,4577074#2,2.7724091974648735,0.9931972326663815,0,12.400300009176135,5.042,4.727,107.9,5.47,True,0,,False,1910.3214431591553,1621.4632066455906,-37.908526006577915,145.13412219478386,2.7724091974648735,2.7724091974648735,prox=0.983 head=1.000 conn=1.000 turn=1.000,,
2026-09-10T11:22:50.782,1789003371,topo,False,-37.90853195,145.1342485,1921.4391202077968,1621.025950522162,1921.4391202077968,1621.025950522162,1921.4411,1621.0259,1910.32,1621.4636,4577074#2,2.7913637551312576,0.9930939589119011,0,12.049300014041364,5.37,5.042,108.1,5.33,True,0,,False,1920.6331721099107,1618.3534686649787,-37.908555879077014,145.13423872846374,2.7913637551312576,2.7913637551312576,prox=0.983 head=1.000 conn=1.000 turn=1.000,,
2026-09-10T11:22:52.821,1789003373,topo,False,-37.90856313,145.1343659,1931.8299122073222,1617.772636291571,1931.8299122073222,1617.772636291571,1931.8305,1617.7728,1920.635,1618.3529,4577074#2,2.6767301073903624,0.9935976006794666,0,11.642999947071075,5.354,5.37,108.7,5.33,True,0,,False,1931.057062185665,1615.2099059288846,-37.908586076385596,145.13435652978578,2.6767301073903624,2.6767301073903624,prox=0.984 head=1.000 conn=1.000 turn=1.000,,
2026-09-10T11:22:54.853,1789003375,topo,False,-37.9085913,145.134473,1941.3084587957128,1614.8351917639375,1941.3084587957128,1614.8351917639375,1941.3076,1614.8348,1931.0576,1615.2098,4577074#2,2.7103352553641287,0.9935077291825006,0,13.296799967065454,4.956,5.354,108.4,5.27,True,0,,False,1940.4900917813122,1612.25135883083,-37.90861442828658,145.1344631074978,2.7103352553641287,2.7103352553641287,prox=0.984 head=1.000 conn=1.000 turn=1.000,,
2026-09-10T11:22:56.898,1789003377,topo,False,-37.90862155,145.1345829,1951.037786228233,1611.6718555223197,1951.037786228233,1611.6718555223197,1951.0391,1611.6716,1940.4895,1612.2516,4577074#2,3.182929159075549,0.9908512437015807,0,12.068300042301416,5.1,4.956,109.4,5.24,True,0,,False,1949.8110890146922,1608.7348073480493,-37.90864778654154,145.13456828456196,3.182929159075549,3.182929159075549,prox=0.978 head=0.999 conn=1.000 turn=1.000,,
2026-09-10T11:23:00.987,1789003381,topo,False,-37.90868359,145.1346756,1959.3255078077782,1604.950675596483,1959.3255078077782,1604.950675596483,1959.3259,1604.9505,1955.09,1606.53,4577074#2,1.7661430301007741,0.9929988963942106,0,12.482300051487982,2.382,3.167,147.1,5.35,True,0,,False,1958.1109417542611,1603.6684546699585,-37.9086949216395,145.1346614989942,1.7661430301007741,1.7661430301007741,prox=0.993 head=0.986 conn=1.000 turn=1.000,,
2026-09-10T11:23:05.048,1789003385,topo,False,-37.90883049,145.1347111,1962.7727506604278,1588.7123829396442,1962.7727506604278,1588.7123829396442,1962.7691,1588.7128,1961.7043,1597.7863,405414870#0,0.31785156282545224,0.9798422411396341,0,14.355999999679625,4.538,3.778,177.3,5.67,True,0,,False,1962.45494513219,1588.7069734838444,-37.9088304814453,145.13470748539808,0.31785156282545224,0.31785156282545224,prox=1.000 head=1.000 conn=0.900 turn=1.000,,
2026-09-10T11:23:07.087,1789003387,topo,False,-37.90891846,145.1346956,1961.6053556652041,1578.9235330987722,1961.6053556652041,1578.9235330987722,1961.6072,1578.9232,1962.4549,1588.7075,405414870#0,0.7903142888161717,0.9993832609490202,0,12.604499934241176,4.729,4.538,185.7,5.64,True,0,,False,1962.3936929142985,1578.867666679545,-37.908919105357484,145.13470455050282,0.7903142888161718,0.7903142888161718,prox=0.999 head=1.000 conn=1.000 turn=1.000,,
2026-09-10T11:23:09.132,1789003389,topo,False,-37.90899737,145.1347163,1963.6004516031244,1570.2037075925618,1963.6004516031244,1570.2037075925618,1963.6,1570.2039,1962.3937,1578.8675,405414870#0,1.8163953445390812,0.9956351048938504,0,12.333199963904917,4.496,4.729,176.1,5.3,True,0,,False,1961.8,1570.49,-37.908994466472926,145.1346958943918,1.823071396777995,1.823071396777995,prox=0.993 head=0.995 conn=1.000 turn=1.000,,
2026-09-10T11:23:11.152,1789003391,topo,False,-37.90908933,145.1347341,1965.369559502229,1560.0306880539283,1965.369559502229,1560.0306880539283,1965.3733,1560.031,1961.7887,1570.3442,405414870#2,1.709167515355074,0.97481667038917,0,12.048100004903972,5.03,4.496,162.5,4.98,True,0,,False,1963.8628866515467,1559.2237242898339,-37.909096327755634,145.1347167858504,1.7091675153550738,1.7091675153550738,prox=0.994 head=0.991 conn=0.900 turn=1.000,,
2026-09-10T11:23:13.188,1789003393,topo,False,-37.9091582,145.1347941,1970.7974962597364,1552.4940827796236,1970.7974962597364,1552.4940827796236,1970.8004,1552.4937,1963.8636,1559.2224,405414870#2,3.1376680614496038,0.9908452966919455,0,12.205699924379587,4.544,5.03,156.5,4.69,True,0,,False,1964.92,1557.25,-37.909114298104846,145.13472835598785,7.560668680102784,7.560668680102784,prox=0.978 head=0.998 conn=1.000 turn=1.000,,
2026-09-10T11:23:15.212,1789003395,topo,False,-37.9092348,145.1348529,1976.1370851031388,1544.0976045764983,1976.1370851031388,1544.0976045764983,1976.1412,1544.0977,1968.1981,1551.1054,405414870#3,3.7041066422958178,0.9675057677154988,0,11.767999967560172,4.977,4.544,156.5,4.42,True,0,,False,1972.8694767319196,1542.3531443305087,-37.90924992558507,145.13481535103296,3.704106642295818,3.704106642295818,prox=0.970 head=0.998 conn=0.900 turn=1.000,,
2026-09-10T11:23:17.235,1789003397,topo,False,-37.90933153,145.1348773,1978.497015431407,1533.4068896165118,1978.497015431407,1533.4068896165118,1978.4954,1533.407,1972.8704,1542.3515,405414870#3,2.241832866159217,0.9917738764999132,0,12.072299956344068,5.323,4.977,164.8,4.19,True,0,,False,1975.06,1538.25,-37.90928728256286,145.1348393234667,5.938753510828781,5.938753510828781,prox=0.989 head=0.987 conn=1.000 turn=1.000,,
2026-09-10T11:23:19.274,1789003399,topo,False,-37.90941999,145.134884,1979.2824538535788,1523.6027192762122,1979.2824538535788,1523.6027192762122,1979.2841,1523.6024,1976.535,1533.4543,405414870#4,2.587970148894626,0.9737348017863685,0,11.60099997650832,4.991,5.323,173.3,4.0,True,0,,False,1976.65,1525.52,-37.90940224418743,145.13485450556195,3.25665144973017,3.25665144973017,prox=0.985 head=0.999 conn=0.900 turn=1.000,,
2026-09-10T11:23:21.314,1789003401,topo,False,-37.90950811,145.134894,1980.3572612659773,1513.8420815998688,1980.3572612659773,1513.8420815998688,1980.3539,1513.8417,1976.7385,1523.4914,998107627#0,5.561410590428849,0.9525693093531669,0,11.335500050336123,4.593,0,185.5,3.88,True,0,,False,1976.83,1520.67,-37.90944596665101,145.13485544881124,7.685183258538142,7.685183258538142,prox=0.934 head=0.997 conn=0.900 turn=1.000,,
2026-09-10T11:23:23.351,1789003404,topo,False,-37.90962828,145.1348866,1979.9734759937273,1500.4944114461541,1979.9734759937273,1500.4944114461541,1979.9706,1500.4948,1976.8544,1513.8331,998107627#1,3.0863661620745364,0.9714502184118224,0,11.555999983102083,4.769,4.593,182.6,3.67,True,0,,False,1976.8871190793027,1500.4868561048704,-37.90962779178255,145.13485150677474,3.086366162074537,3.086366162074537,prox=0.979 head=0.999 conn=0.900 turn=1.000,,
2026-09-10T11:23:25.395,1789003406,topo,False,-37.9097236,145.1348804,1979.6400215658941,1489.90632993076,1979.6400215658941,1489.90632993076,1979.642,1489.9062,1976.8871,1500.4873,998107627#2,2.7200062000271803,0.9731064488202437,0,11.690700077451766,5.144,4.769,183.9,3.6,True,0,,False,1976.9200223906491,1489.9001481144526,-37.90972316543885,145.13484947249074,2.7200062000271803,2.7200062000271803,prox=0.984 head=0.999 conn=0.900 turn=1.000,,
2026-09-10T11:23:27.435,1789003408,topo,False,-37.9098129,145.1348743,1979.3019950480084,1479.9864329062402,1979.3019950480084,1479.9864329062402,1979.2999,1479.9861,1976.92,1489.9,998107627#2,2.3594353928563714,0.9950730214725069,0,11.898500029928982,5.09,5.144,180.5,3.59,True,0,,False,1976.9425657487116,1479.9810705669236,-37.90981252304359,145.13484747228614,2.3594353928563714,2.3594353928563714,prox=0.988 head=1.000 conn=1.000 turn=1.000,,
2026-09-10T11:23:29.478,1789003410,topo,False,-37.90990039,145.1348532,1977.6412092532846,1470.240996430628,1977.6412092532846,1470.240996430628,1977.6452,1470.2412,1976.9426,1479.9807,998107627#2,0.6765052252748153,0.9995843246434085,0,11.857300065457821,4.743,5.09,180.5,3.46,True,0,,False,1976.9647057751756,1470.2394589227233,-37.90990028191681,145.1348455078589,0.6765052252748153,0.6765052252748153,prox=0.999 head=1.000 conn=1.000 turn=1.000,,
2026-09-10T11:23:31.504,1789003412,topo,False,-37.90998041,145.1348621,1978.6013248617528,1461.3772392496467,1978.6013248617528,1461.3772392496467,1978.5984,1461.3769,1976.9647,1470.2396,998107627#2,1.6127809165557072,0.9975663301981122,0,12.351899989880621,4.251,4.743,177.5,3.35,True,0,,False,1976.98,1463.51,-37.909960905327594,145.1348441508366,2.679060045162364,2.679060045162364,prox=0.994 head=1.000 conn=1.000 turn=1.000,,
2026-09-10T11:23:35.574,1789003416,topo,False,-37.91008964,145.1349159,1983.5737169542117,1449.351176715456,1983.5737169542117,1449.351176715456,1983.5729,1449.3514,1976.984,1454.4499,998107627#3,10.959289045811795,0.8713041151591695,0,14.175999909639359,3.114,3.389,151.3,3.1,True,0,,False,1977.0,1459.47,-37.90999730226558,145.13484345915444,12.066662308108311,12.066662308108311,prox=0.766 head=0.950 conn=0.900 turn=1.000,,
2026-09-10T11:23:39.637,1789003420,topo,False,-37.91007754,145.1351097,2000.5849634765182,1451.0347290365025,2000.5849634765182,1451.0347290365025,2000.587,1451.0348,1987.2151,1444.5235,998107635#2,5.747464269016351,0.7416871237666769,0,12.550000101327896,4.545,3.254,90,2.89,True,0,,False,2008.46,1453.06,-37.91006071502337,145.13519969943042,8.131292807528153,8.131292807528153,prox=0.929 head=1.000 conn=0.100 turn=0.500,,
2026-09-10T11:23:41.677,1789003422,topo,False,-37.91009839,145.1352291,2011.1284098454053,1448.9311067806557,2011.1284098454053,1448.9311067806557,2011.1291,1448.9312,2000.064,1444.9421,998107635#2,4.115998090286487,0.9838948450663133,0,11.890400084666908,5.316,4.545,97.9,2.81,True,0,,False,2011.1482266503413,1453.0470571658625,-37.91006131605029,145.13523026148502,4.115998090286487,4.115998090286487,prox=0.963 head=0.996 conn=1.000 turn=1.000,,
2026-09-10T11:23:43.713,1789003424,topo,False,-37.9101239,145.1353626,2022.921807691455,1446.3351707188413,2022.921807691455,1446.3351707188413,2022.9258,1446.3349,2010.5026,1443.871,998107635#2,6.655123799215796,0.961411923350543,0,12.242099968716502,5.916,5.316,97.2,2.73,True,0,,False,2022.953849322005,1452.9902173841022,-37.910063955427745,145.13536447788795,6.655123799215797,6.655123799215797,prox=0.906 head=0.996 conn=1.000 turn=1.000,,
2026-09-10T11:23:45.750,1789003426,topo,False,-37.91013447,145.1354835,2033.5742983232485,1445.3748771045357,2033.5742983232485,1445.3748771045357,2033.5773,1445.3755,2022.4379,1442.3935,998107635#2,8.667538737363778,0.9372061916147508,0,12.601699912920594,5.273,5.916,97.8,2.68,True,0,,False,2029.23,1452.96,-37.91006535852151,145.13543583053647,8.741110756687446,8.741110756687446,prox=0.846 head=0.996 conn=1.000 turn=1.000,,
2026-09-10T11:23:47.785,1789003428,topo,False,-37.91012645,145.1355783,2041.890923655359,1446.4315140862018,2041.890923655359,1446.4315140862018,2041.8912,1446.4319,2032.9767,1441.0068,998107635#2,14.111851013842326,0.8556687587854487,0,12.25559995509684,4.229,5.273,97.8,2.61,True,0,,False,2029.23,1452.96,-37.91006535852151,145.13543583053647,14.245003198788433,14.245003198788433,prox=0.642 head=0.996 conn=1.000 turn=1.000,,
2026-09-10T11:23:53.879,1789003434,topo,False,-37.90999368,145.1356649,2049.2097868950223,1461.3165968116373,2049.2097868950223,1461.3165968116373,2049.2137,1461.3167,2046.9882,1446.1823,988580237#1,1.9731736720702997,0.7493384585404226,0,11.974200024269521,2.293,2.933,27.9,2.53,True,0,,False,2047.04,1461.59,-37.909990826198054,145.13564029182263,2.186944094671229,2.186944094671229,prox=0.991 head=0.943 conn=0.100 turn=0.500,,
2026-09-10T11:23:57.944,1789003438,topo,False,-37.91016206,145.1357738,2059.1575018548756,1442.8237984087318,2059.1575018548756,1442.8237984087318,2059.1551,1442.8237,2053.349,1458.4901,403774582#4,5.352757595571359,0.7451087654166152,0,12.085799942724407,3.003,2.548,100.9,19.28,True,0,,False,2058.4291757020196,1437.520822367676,-37.91020969935143,145.13576431314,5.352757595571359,5.352757595571359,prox=0.938 head=0.999 conn=0.100 turn=0.500,,
2026-09-10T11:24:02.018,1789003442,topo,False,-37.90983805,145.1358294,2063.326622217777,1478.8752911016345,2063.326622217777,1478.8752911016345,2063.3265,1478.8755,2062.9349,1453.617,-773028723,0.7508540666442812,0.769130563946457,0,12.428899994120002,5.267,3.863,356.4,2.4,True,0,,False,2064.077456342694,1478.8698187843254,-37.90983823455531,145.13583793567832,0.7508540666442812,0.7508540666442812,prox=0.999 head=0.999 conn=0.100 turn=0.500,,
2026-09-10T11:24:04.065,1789003444,topo,False,-37.90973491,145.1358344,2063.5373303975794,1490.3290016083047,2063.5373303975794,1490.3290016083047,2063.537,1490.3287,2064.0775,1478.87,-773028723,0.6236275418392405,0.9994900929299414,0,12.273399974219501,5.85,5.267,3.1,2.36,True,0,,False,2064.1609413766655,1490.3244565336447,-37.9097350632833,145.1358414893625,0.6236275418392405,0.6236275418392405,prox=0.999 head=0.999 conn=1.000 turn=1.000,,
2026-09-10T11:24:06.109,1789003446,topo,False,-37.90962757,145.135844,2064.143136160914,1502.2568518230692,2064.143136160914,1502.2568518230692,2064.1435,1502.2567,2064.1609,1490.3242,-773028723,0.1047695156279964,0.9998605881186023,0,12.595800100825727,5.979,5.85,2.8,2.33,True,0,,False,2064.247902893997,1502.2560882498806,-37.90962759575149,145.13584519101218,0.1047695156279964,0.1047695156279964,prox=1.000 head=1.000 conn=1.000 turn=1.000,,
2026-09-10T11:24:08.130,1789003448,topo,False,-37.90951979,145.13584,2063.552302812808,1514.2096159243956,2063.552302812808,1514.2096159243956,2063.5558,1514.2099,2064.2479,1502.256,-773028723,0.7827003951332947,0.9994365842637013,0,12.388000031933188,6.014,5.979,359.5,2.51,True,0,,False,2064.334982420416,1514.2039115071054,-37.909519982381106,145.13584889766778,0.7827003951332947,0.7827003951332947,prox=0.999 head=1.000 conn=1.000 turn=1.000,,
2026-09-10T11:24:10.168,1789003450,topo,False,-37.90941404,145.1358462,2063.862724269333,1525.9550538938493,2063.862724269333,1525.9550538938493,2063.8632,1525.9555,2064.335,1514.2042,-773028723,0.5578893876954442,0.9996424888570258,0,12.151700095273554,5.917,6.014,2.3,2.6,True,0,,False,2064.420598840197,1525.9509879269876,-37.90941417712399,145.1358525420274,0.5578893876954442,0.5578893876954442,prox=0.999 head=1.000 conn=1.000 turn=1.000,,
2026-09-10T11:24:12.205,1789003452,topo,False,-37.90930877,145.1358513,2064.0775044328184,1537.645294552669,2064.0775044328184,1537.645294552669,2064.0747,1537.6448,2064.4206,1525.9514,-773028723,0.42831484835819783,0.9997867599889857,0,12.10910000372678,5.896,5.917,1.9,3.05,True,0,,False,2064.50580790568,1537.6421729410768,-37.90930887527543,145.1358561690309,0.42831484835819783,0.42831484835819783,prox=1.000 head=1.000 conn=1.000 turn=1.000,,
2026-09-10T11:24:14.251,1789003454,topo,False,-37.90920885,145.1358447,2063.275529487699,1548.7213029824197,2063.275529487699,1548.7213029824197,2063.2792,1548.721,2064.5058,1537.6417,-773028723,1.3109918134473473,0.9984077872301008,0,11.328799999319017,5.645,5.896,358.7,2.63,True,0,,False,2064.5864864828736,1548.7117483119298,-37.9092091722281,145.13585960317457,1.3109918134473473,1.3109918134473473,prox=0.996 head=1.000 conn=1.000 turn=1.000,,
2026-09-10T11:24:16.268,1789003456,topo,False,-37.90913259,145.1358526,2063.800852733315,1557.1973745329306,2063.800852733315,1557.1973745329306,2063.8045,1557.1979,2064.5865,1548.7114,-773028723,1.7974435919821723,0.9968923744469415,0,11.083099991083145,4.434,5.645,3.7,2.57,True,0,,False,2064.62,1553.31,-37.90916775603131,145.13586102969802,3.972742504088937,3.972742504088937,prox=0.993 head=0.999 conn=1.000 turn=1.000,,
2026-09-10T11:24:20.309,1789003460,topo,False,-37.90909699,145.1359749,2074.47411829303,1561.3627334022895,2074.47411829303,1561.3627334022895,2074.4763,1561.363,2066.2609,1561.1338,298236180#1,3.1658979893174672,0.9630725807483809,0,11.162200011312962,3.547,3.048,92.3,3.91,True,0,,False,2073.3274641900994,1558.4117853432758,-37.90912336635493,145.13596119186292,3.1658979893174672,3.1658979893174672,prox=0.978 head=0.973 conn=0.900 turn=1.000,,
2026-09-10T11:24:22.340,1789003463,topo,False,-37.90918564,145.1360807,2083.972437733086,1551.7116859806702,2083.972437733086,1551.7116859806702,2083.9713,1551.7121,2073.3293,1558.4111,298236180#2,1.0948235817140684,0.9789208725388516,0,11.28690002951771,4.332,3.547,144.2,4.23,True,0,,False,2088.71,1551.81,-37.90918560767396,145.13613458757817,4.738582264695432,4.738582264695432,prox=0.997 head=1.000 conn=0.900 turn=1.000,,
2026-09-10T11:24:24.365,1789003465,topo,False,-37.90928326,145.1360713,2083.362611477496,1540.8627694705501,2083.362611477496,1540.8627694705501,2083.3653,1540.8628,2083.7888,1551.3802,298236180#2,10.658091567054864,0.8839545854414194,0,11.975600034929812,5.051,4.332,179.8,3.95,True,0,,False,2092.0945617702478,1546.9740671998904,-37.90922978060764,145.13617197009802,10.658091567054864,10.658091567054864,prox=0.777 head=0.911 conn=1.000 turn=1.000,,
2026-09-10T11:24:26.397,1789003467,topo,False,-37.90938059,145.1360659,2083.1038115043193,1530.0530641349033,2083.1038115043193,1530.0530641349033,2083.1056,1530.0533,2083.9269,1540.8574,773028722,0.7196285773451719,0.8495302462206595,0,11.058400035835803,5.401,5.051,181.2,3.78,True,0,,False,2083.823407093819,1530.0461737862374,-37.9093807816841,145.13607408012695,0.7196285773451719,0.7196285773451719,prox=0.999 head=1.000 conn=0.500 turn=0.500,,
2026-09-10T11:24:28.443,1789003469,topo,False,-37.90947955,145.1360637,2083.129963112995,1519.0681111337617,2083.129963112995,1519.0681111337617,2083.1338,1519.0679,2083.8234,1530.0464,773028722,0.5882986920496235,0.9996897015154323,0,11.230100062675774,5.455,5.401,180.2,3.66,True,0,,False,2083.718234837374,1519.0624782514171,-37.90947970670277,145.1360703872892,0.5882986920496236,0.5882986920496236,prox=0.999 head=1.000 conn=1.000 turn=1.000,,
2026-09-10T11:24:30.474,1789003471,topo,False,-37.90958028,145.1360532,2082.4303357858444,1507.872159389779,2082.4303357858444,1507.872159389779,2082.4293,1507.8719,2083.7182,1519.0623,773028722,1.1806941876829153,0.9985062391512601,0,14.32419999036938,5.561,5.455,183.9,3.5,True,0,,False,2083.610975850388,1507.8608543987361,-37.90958059449807,145.1360666211657,1.1806941876829153,1.1806941876829153,prox=0.997 head=0.999 conn=1.000 turn=1.000,,
2026-09-10T11:24:32.514,1789003473,topo,False,-37.90967803,145.1360504,2082.401055826689,1497.0204187706113,2082.401055826689,1497.0204187706113,2082.3993,1497.0208,2083.611,1507.8606,773028722,1.1060688202081428,0.9989134970265866,0,12.374799931421876,5.405,5.561,180.7,3.43,True,0,,False,2083.5070739445923,1497.0098283076145,-37.909678324621105,145.13606297290218,1.1060688202081426,1.1060688202081426,prox=0.997 head=1.000 conn=1.000 turn=1.000,,
2026-09-10T11:24:34.542,1789003475,topo,False,-37.90977186,145.1360552,2083.0312431784114,1486.617020599544,2083.0312431784114,1486.617020599544,2083.031,1486.6166,2083.5071,1497.0102,773028722,0.3762991916809976,0.99987409183266,0,11.972100008279085,5.214,5.405,180.6,3.42,True,0,,False,2083.4075251205,1486.6134175844402,-37.9097719602341,145.13605947747246,0.3762991916809976,0.3762991916809976,prox=1.000 head=1.000 conn=1.000 turn=1.000,,
2026-09-10T11:24:36.583,1789003477,topo,False,-37.90985548,145.1360508,2082.829947071383,1477.3304009987041,2082.829947071383,1477.3304009987041,2082.8278,1477.3301,2083.4075,1486.613,773028722,0.4886679140596609,0.99973280937621,0,11.454500025138259,4.631,5.214,182.1,3.54,True,0,,False,2083.3185925848566,1477.3257220679116,-37.90985561016588,145.13605635479774,0.4886679140596609,0.4886679140596609,prox=0.999 head=1.000 conn=1.000 turn=1.000,,
2026-09-10T11:24:40.658,1789003481,topo,False,-37.90998184,145.1360485,2082.9081077084993,1463.3048330713063,2082.9081077084993,1463.3048330713063,2082.9106,1463.3045,2083.2444,1469.5814,773028722,0.2762178977430771,0.9999321264511297,0,11.8066999129951,3.161,3.966,180.6,3.59,True,0,,False,2083.1843129443864,1463.302188321385,-37.90998191357605,145.13605163983615,0.2762178977430771,0.2762178977430771,prox=1.000 head=1.000 conn=1.000 turn=1.000,,
2026-09-10T11:24:44.724,1789003485,topo,False,-37.91006546,145.1360919,2086.9091965639964,1454.1022414015606,2086.9091965639964,1454.1022414015606,2086.9059,1454.1019,2083.1424,1458.9213,773028722,4.682872424438009,0.9446117555892358,0,12.273699976503849,3.016,2.38,139.8,3.74,True,0,,False,2083.13,1457.63,-37.910033000322684,145.13604973273834,5.16985564577823,5.16985564577823,prox=0.952 head=0.879 conn=1.000 turn=1.000,,
2026-09-10T11:24:46.751,1789003487,topo,False,-37.9100705,145.1361921,2095.7295564049855,1453.719114271924,2095.7295564049855,1453.719114271924,2095.7324,1453.7187,2086.8136,1453.4261,-988580230#1,2.2336018054730182,0.9754208552072172,0,11.534600052982569,4.025,3.016,100.5,3.83,True,0,,False,2092.86,1452.6,-37.91008006442433,145.13615921885506,3.0800601804212313,3.0800601804212313,prox=0.989 head=0.999 conn=0.900 turn=1.000,,
2026-09-10T11:24:48.788,1789003489,topo,False,-37.91008491,145.1362928,2104.614660418476,1452.2971154348925,2104.614660418476,1452.2971154348925,2104.616,1452.2967,2096.3683,1453.7865,-298236187#1,1.225750872402513,0.9784267988616748,0,11.463000089861453,4.396,4.025,100.4,3.82,True,0,,False,2104.46190164275,1451.080920566611,-37.910095838285024,145.1362907866739,1.225750872402513,1.225750872402513,prox=0.997 head=0.999 conn=0.900 turn=1.000,,
2026-09-10T11:24:52.864,1789003493,topo,False,-37.91000319,145.1363912,2113.0842994020786,1461.5381200527772,2113.0842994020786,1461.5381200527772,2113.0809,1461.538,2112.304,1453.7052,-298236187#0,0.6800351891863406,0.9769482670092782,0,12.149399961344898,3.459,3.701,11.5,3.82,True,0,,False,2112.4043198212926,1461.5468165029579,-37.910002989200876,145.13638347064486,0.6800351891863406,0.6800351891863406,prox=0.999 head=0.991 conn=0.900 turn=1.000,,
2026-09-10T11:24:54.896,1789003495,topo,False,-37.90992375,145.1363791,2111.8442850190913,1470.331904192455,2111.8442850190913,1470.331904192455,2111.8425,1470.3323,2112.4043,1461.5467,-298236187#0,0.6723347772593569,0.999226999254451,0,11.907199979759753,4.248,3.459,356.7,3.91,True,0,,False,2112.516564817635,1470.323306216956,-37.909923948525424,145.13638674182317,0.6723347772593568,0.6723347772593568,prox=0.999 head=0.999 conn=1.000 turn=1.000,,
2026-09-10T11:24:56.932,1789003497,topo,False,-37.90984795,145.1363782,2111.5970051838085,1478.7414612807333,2111.5970051838085,1478.7414612807333,2111.5971,1478.7418,2112.5166,1470.3237,-298236187#0,1.0271377886739432,0.9989594045103364,0,12.112000025808811,4.112,4.248,358.6,3.82,True,0,,False,2112.624058980521,1478.728326000751,-37.90984825329041,145.13638987453712,1.0271377886739432,1.0271377886739432,prox=0.998 head=1.000 conn=1.000 turn=1.000,,
2026-09-10T11:25:01.001,1789003501,topo,False,-37.90975949,145.1363835,2111.8667216035537,1488.5667310124263,2111.8667216035537,1488.5667310124263,2111.8641,1488.5671,2112.7038,1484.9618,-298236187#0,2.4876486581260604,0.9931957915859874,0,12.13440007995814,2.065,3.224,8.4,3.84,True,0,,False,2112.72,1486.23,-37.90978069354643,145.13639267054842,2.4876486581260604,2.4876486581260604,prox=0.986 head=0.996 conn=1.000 turn=1.000,,
2026-09-10T11:25:05.069,1789003505,topo,False,-37.90981384,145.1364469,2117.5611813133582,1482.6472198404372,2117.5611813133582,1482.6472198404372,2117.5572,1482.6471,2115.0928,1487.4242,298236187#0,1.6863393086850513,0.9680428106191908,0,12.05729995854199,2.518,1.552,160.3,4.19,True,0,,False,2115.8749798174745,1482.6687785810238,-37.90981334213041,145.13642773292705,1.6863393086850516,1.6863393086850516,prox=0.994 head=0.969 conn=0.900 turn=1.000,,
2026-09-10T11:25:07.099,1789003507,topo,False,-37.90988863,145.1364248,2115.7841427915264,1474.3093134006485,2115.7841427915264,1474.3093134006485,2115.7815,1474.3098,2115.875,1482.6686,298236187#0,0.01604066992478328,0.9988920421252566,0,11.942800018005073,3.841,2.518,187.7,4.18,True,0,,False,2115.768103432494,1474.3095184700792,-37.90988862526417,145.1364246176802,0.01604066992478328,0.01604066992478328,prox=1.000 head=0.996 conn=1.000 turn=1.000,,
2026-09-10T11:25:09.140,1789003509,topo,False,-37.90997426,145.1364238,2115.8861844663043,1464.8056319681928,2115.8861844663043,1464.8056319681928,2115.8903,1464.8061,2115.7681,1474.31,298236187#0,0.2395723312767003,0.9999488814966536,0,12.352499994449317,4.586,3.841,180.8,4.15,True,0,,False,2115.6466317136105,1464.808694743113,-37.90997418926891,145.13642107699505,0.2395723312767003,0.2395723312767003,prox=1.000 head=1.000 conn=1.000 turn=1.000,,
2026-09-10T11:25:11.173,1789003511,topo,False,-37.91005393,145.1364243,2116.1068791989237,1455.9659375576302,2116.1068791989237,1455.9659375576302,2116.1101,1455.9656,2115.6466,1464.8092,298236187#0,0.5732587157671144,0.9996543417729155,0,12.391100055538118,4.396,4.586,179.2,4.16,True,0,,False,2115.5336673316106,1455.9732662938334,-37.9100537607514,145.1364177842726,0.5732587157671144,0.5732587157671144,prox=0.999 head=1.000 conn=1.000 turn=1.000,,
2026-09-10T11:25:15.239,1789003515,topo,False,-37.91010291,145.1362808,2103.599602974835,1450.2786547653377,2103.599602974835,1450.2786547653377,2103.6007,1450.2782,2111.5612,1451.1905,298236187#1,2.294013179960619,0.9697178325071076,0,12.269899947568774,3.892,3.251,261.5,4.13,True,0,,False,2103.3101051252306,1448.0029817956631,-37.910123357709544,145.13627699111095,2.294013179960619,2.294013179960619,prox=0.988 head=0.981 conn=0.900 turn=1.000,,
2026-09-10T11:25:17.282,1789003517,topo,False,-37.91008633,145.1361754,2094.2964815771556,1451.9331845659763,2094.2964815771556,1451.9331845659763,2094.2935,1451.9333,2103.3112,1448.0028,298236187#1,3.7755095638870104,0.987511426670913,0,11.047600070014596,4.514,3.892,278.1,4.01,True,0,,False,2101.84,1448.19,-37.91012140822882,145.13626031858104,8.421169805362961,8.421169805362961,prox=0.969 head=1.000 conn=1.000 turn=1.000,,
2026-09-10T11:25:19.318,1789003519,topo,False,-37.91006799,145.1360619,2084.27733167354,1453.7687630364671,2084.27733167354,1453.7687630364671,2084.2741,1453.7684,2094.2888,1452.6099,988580230#1,2.4022836060338344,0.974719922924187,0,11.404799995943904,4.96,4.514,280.6,3.94,True,0,,False,2085.54,1450.37,-37.91009883436701,145.13607548378732,3.625730475462952,3.625730475462952,prox=0.987 head=0.999 conn=0.900 turn=1.000,,
2026-09-10T11:25:21.356,1789003522,topo,False,-37.91004689,145.1358874,2068.8891781351995,1455.803351169452,2068.8891781351995,1455.803351169452,2068.8906,1455.8034,2084.6882,1452.914,988580230#2,2.0455722560776826,0.9762645865198021,0,11.465399991720915,5.073,4.96,278.5,3.76,True,0,,False,2071.21,1452.25,-37.910079317569696,145.13591297972073,4.244115769107008,4.244115769107008,prox=0.991 head=1.000 conn=0.900 turn=1.000,,
2026-09-10T11:25:23.376,1789003524,topo,False,-37.91003613,145.1357942,2060.671531811531,1456.833476019092,2060.671531811531,1456.833476019092,2060.6748,1456.8335,2069.1789,1456.2407,988580235,2.684024132574465,0.9733777873572729,0,12.24079995881766,4.2,5.073,278.3,3.77,True,0,,False,2059.89,1454.12,-37.910060432892024,145.1357846970306,2.8237818751849137,2.8237818751849137,prox=0.984 head=0.999 conn=0.900 turn=1.000,,
2026-09-10T11:25:27.449,1789003528,topo,False,-37.91004535,145.1356636,2049.2101655321894,1455.5807542772964,2049.2101655321894,1455.5807542772964,2049.2111,1455.5808,2054.21,1455.3,988580235,1.0075038664767384,0.995253478497557,0,11.746199917979538,2.654,3.306,256.3,3.81,True,0,,False,2053.39,1455.29,-37.91004872222901,145.1357110583908,4.189934871577652,4.189934871577652,prox=0.998 head=0.987 conn=1.000 turn=1.000,,
2026-09-10T11:25:31.493,1789003532,topo,False,-37.91015503,145.1356393,2047.3172200298868,1443.3673962187022,2047.3172200298868,1443.3673962187022,2047.3185,1443.3669,2050.2009,1449.6742,-988580237#0,2.8627799701130243,0.9684511812244576,0,10.957800084725022,3.081,2.657,193.8,4.02,True,0,,False,2050.18,1443.3673962187022,-37.91015554576939,145.13567184971043,2.8627799701130243,2.8627799701130243,prox=0.982 head=0.986 conn=0.900 turn=1.000,,
2026-09-10T11:25:35.557,1789003536,topo,False,-37.91016459,145.1354744,2032.8411151633481,1442.016611861065,2032.8411151633481,1442.016611861065,2032.8448,1442.0163,2041.6014,1439.825,403774582#3,3.4752053910659195,0.9693478595319172,0,11.804200010374188,4.124,3.105,276.2,4.24,True,0,,False,2038.36,1440.27,-37.91018131830686,145.13553675233385,5.7886736678999045,5.7886736678999045,prox=0.974 head=1.000 conn=0.900 turn=1.000,,
2026-09-10T11:25:37.600,1789003538,topo,False,-37.91015138,145.1353653,2023.220175952476,1443.290603053756,2023.220175952476,1443.290603053756,2023.2166,1443.2904,2032.711,1441.0434,403774582#2,0.9863911675087136,0.9790885039424104,0,12.066000024788082,4.718,4.124,278.5,4.4,True,0,,False,2023.0989914807838,1442.3116843343723,-37.91016017651119,145.1353636994983,0.9863911675087136,0.9863911675087136,prox=0.998 head=1.000 conn=0.900 turn=1.000,,
2026-09-10T11:25:39.643,1789003540,topo,False,-37.91013685,145.1352477,2012.8490181684028,1444.6961079128087,2012.8490181684028,1444.6961079128087,2012.8512,1444.6958,2023.0955,1442.3121,403774582#2,1.1070854151190952,0.9988576346487615,0,12.490699999034405,5.17,4.718,278.6,4.56,True,0,,False,2012.713005635476,1443.5974092702063,-37.91014672284501,145.1352459036466,1.1070854151190952,1.1070854151190952,prox=0.997 head=1.000 conn=1.000 turn=1.000,,
2026-09-10T11:25:41.683,1789003542,topo,False,-37.91012351,145.135127,2002.2079585826723,1445.964099231176,2002.2079585826723,1445.964099231176,2002.2105,1445.9637,2012.7152,1443.5971,403774582#2,4.053550943116127,0.9856272782970535,0,11.868900037370622,5.242,5.17,275.9,4.66,True,0,,False,2008.33,1444.14,-37.91014104520787,145.1351961924549,6.38801448970271,6.38801448970271,prox=0.964 head=1.000 conn=1.000 turn=1.000,,
2026-09-10T11:25:43.713,1789003544,topo,False,-37.91011997,145.1350106,1991.966689867957,1446.1521839704365,1991.966689867957,1446.1521839704365,1991.9665,1446.1523,2002.1077,1444.7667,403774582#1,1.1108601145392871,0.977278884981176,0,12.078500003553927,5.135,5.242,272.3,4.8,True,0,,False,1992.0855674721552,1445.0477029568856,-37.910129940867485,145.13501170039024,1.1108601145392871,1.1108601145392871,prox=0.997 head=0.995 conn=0.900 turn=1.000,,
2026-09-10T11:25:45.745,1789003546,topo,False,-37.91012343,145.1348994,1982.1981239704182,1445.5726483929902,1982.1981239704182,1445.5726483929902,1982.1949,1445.5723,1992.0854,1445.0477,403774582#1,1.5824592056035935,0.9976083559160237,0,11.323100072331727,4.922,5.135,266.6,4.6,True,0,,False,1984.86,1444.27,-37.91013564434767,145.1349293690794,2.9635243937955895,2.9635243937955895,prox=0.994 head=0.999 conn=1.000 turn=1.000,,
2026-09-10T11:25:47.779,1789003548,topo,False,-37.91014902,145.1348017,1973.6655585821136,1442.5611954675987,1973.6655585821136,1442.5611954675987,1973.6653,1442.5608,1982.4424,1443.9634,403774582#0,3.255220075058149,0.9706742743215843,0,11.50749996304512,4.568,4.922,253.2,4.51,True,0,,False,1979.64,1443.26,-37.91014380184491,145.13486978813123,6.015170656786249,6.015170656786249,prox=0.977 head=1.000 conn=0.900 turn=1.000,,
2026-09-10T11:25:49.813,1789003550,topo,False,-37.91017878,145.1346982,1964.6323463944136,1439.0768063087016,1964.6323463944136,1439.0768063087016,1964.6293,1439.0764,1974.0156,1441.4638,1004615767#2,1.3344656944790259,0.9779745986956763,0,11.538099963217974,4.807,0,249.7,4.49,True,0,,False,1965.1903446913566,1437.8646031118942,-37.91018980041175,145.13470426862705,1.3344656944790259,1.3344656944790259,prox=0.996 head=0.999 conn=0.900 turn=1.000,,
2026-09-10T11:25:51.846,1789003552,topo,False,-37.91021608,145.1346126,1957.1895769810653,1434.787222823128,1957.1895769810653,1434.787222823128,1957.1908,1434.7876,1965.1877,1437.8634,1004615767#1,1.1177258327300599,0.9787733749262817,0,11.85590005479753,4.246,4.807,241.6,4.34,True,0,,False,1957.759713752429,1433.8258409535824,-37.91022484314293,145.13461886369902,1.1177258327300599,1.1177258327300599,prox=0.997 head=1.000 conn=0.900 turn=1.000,,
2026-09-10T11:25:55.927,1789003556,topo,False,-37.91028904,145.1345033,1947.7424008278176,1426.4989255405962,1947.7424008278176,1426.4989255405962,1947.7404,1426.499,1952.3822,1430.5945,1004615767#1,0.31295218968236727,0.9998060201570206,0,11.888200067915022,3.062,3.297,229.3,4.18,True,0,,False,1947.547427853872,1426.7437205823308,-37.910286799676506,145.13450113886194,0.31295218968236727,0.31295218968236727,prox=1.000 head=1.000 conn=1.000 turn=1.000,,
2026-09-10T11:26:00.003,1789003560,topo,False,-37.91031932,145.1343561,1934.8684565036092,1422.8799142986536,1934.8684565036092,1422.8799142986536,1934.8674,1422.8796,1943.0778,1422.7677,1004615767#1,9.255958009969742,0.9011784729117279,0,11.30320003721863,3.731,3.049,268,4.06,True,0,,False,1946.35,1425.79,-37.91029517516035,145.13448730712219,11.844595385604881,11.844595385604881,prox=0.827 head=0.902 conn=1.000 turn=1.000,,
2026-09-10T11:26:04.091,1789003564,topo,False,-37.91029096,145.1341861,1919.8598042633384,1425.7277454519644,1919.8598042633384,1425.7277454519644,1919.8625,1425.7273,1928.2474,1423.4575,1004615766#2,2.0332043318363886,0.7662771139162888,0,11.619900004006922,4.117,3.499,273.3,4.04,True,0,,False,1919.8026197574645,1423.6953454452516,-37.91030925805034,145.13418498728356,2.0332043318363886,2.0332043318363886,prox=0.991 head=1.000 conn=0.100 turn=0.500,,
2026-09-10T11:26:06.130,1789003566,topo,False,-37.91029255,145.1340807,1910.5970207994105,1425.36583421845,1910.5970207994105,1425.36583421845,1910.5928,1425.366,1919.8054,1423.6953,1004615766#2,1.4109175950754393,0.998188880932655,0,11.744000017642975,4.62,4.117,270.2,4.03,True,0,,False,1910.557338302064,1423.9554747750817,-37.91030524770992,145.13407992782584,1.4109175950754393,1.4109175950754393,prox=0.996 head=1.000 conn=1.000 turn=1.000,,
2026-09-10T11:26:08.161,1789003568,topo,False,-37.91028798,145.1339731,1901.1271398778772,1425.6835847431794,1901.1271398778772,1425.6835847431794,1901.1297,1425.6836,1910.5531,1423.9556,1004615766#2,1.4621990653031223,0.9980860117510059,0,12.453800067305565,4.595,4.62,272.5,3.96,True,0,,False,1901.0860150731887,1424.221964116268,-37.910301139222,145.13397229974115,1.4621990653031223,1.4621990653031223,prox=0.995 head=1.000 conn=1.000 turn=1.000,,
2026-09-10T11:26:10.208,1789003570,topo,False,-37.91028658,145.1338689,1891.9632129751844,1425.6555494777858,1891.9632129751844,1425.6555494777858,1891.9629,1425.656,1901.0886,1424.2219,1004615766#2,1.1764365886684993,0.998768219808232,0,12.119699968025088,4.65,4.595,272,3.95,True,0,,False,1891.9301253292642,1424.4795782813505,-37.910297167470056,145.13386825612358,1.176436588668499,1.176436588668499,prox=0.997 head=1.000 conn=1.000 turn=1.000,,
2026-09-10T11:26:12.251,1789003572,topo,False,-37.91028424,145.1337679,1883.078527630074,1425.7374432990327,1883.078527630074,1425.7374432990327,1883.0827,1425.738,1891.9298,1424.4796,1004615766#2,1.008413467182574,0.99905307853492,0,11.760500026866794,4.412,4.65,273,3.9,True,0,,False,1883.0501656868425,1424.729428755005,-37.91029331532677,145.1337673480721,1.008413467182574,1.008413467182574,prox=0.998 head=1.000 conn=1.000 turn=1.000,,
2026-09-10T11:26:14.287,1789003574,topo,False,-37.91028219,145.1336652,1874.0450291526504,1425.7841553520411,1874.0450291526504,1425.7841553520411,1874.0421,1425.7839,1883.0543,1424.7293,1004615766#2,0.8011554270926087,0.9994219656825235,0,12.143700034357607,4.536,4.412,272.2,3.93,True,0,,False,1874.5,1424.97,-37.91028960616718,145.13367018767102,0.9326561044646574,0.9326561044646574,prox=0.999 head=1.000 conn=1.000 turn=1.000,,
2026-09-10T11:26:16.330,1789003577,topo,False,-37.91028032,145.1334938,1858.9721197680337,1425.689950128086,1858.9721197680337,1425.689950128086,1858.9743,1425.6895,1874.0197,1424.9834,1004615766#3,0.279039679517243,0.9799012822456935,0,11.948499944992363,4.742,4.536,270.5,3.98,True,0,,False,1858.9641504578778,1425.411024272632,-37.910282831194536,145.13349364588828,0.279039679517243,0.279039679517243,prox=1.000 head=1.000 conn=0.900 turn=1.000,,
2026-09-10T11:26:18.367,1789003579,topo,False,-37.9102729,145.1333899,1849.8211888439837,1426.3304048506543,1849.8211888439837,1426.3304048506543,1849.8222,1426.33,1858.9663,1425.411,1004615766#3,0.6158605891600466,0.9995241360425183,0,11.94330002181232,4.621,4.742,274.5,3.99,True,0,,False,1849.799325992147,1425.7149324459194,-37.9102784403812,145.1333895112924,0.6158605891600467,0.6158605891600467,prox=0.999 head=1.000 conn=1.000 turn=1.000,,
2026-09-10T11:26:20.400,1789003581,topo,False,-37.91026512,145.1332774,1839.9133805893362,1426.9956560796127,1839.9133805893362,1426.9956560796127,1839.9161,1426.9959,1849.8003,1425.7149,1004615766#3,4.303225919577969,0.9837234953321513,0,11.35489996522665,4.856,4.621,274.6,3.99,True,0,,False,1846.56,1425.83,-37.910276819498904,145.13335270645177,6.748059253307636,6.748059253307636,prox=0.960 head=0.999 conn=1.000 turn=1.000,,
2026-09-10T11:26:22.416,1789003583,topo,False,-37.91025857,145.1331788,1831.230332446983,1427.5488815456629,1831.230332446983,1427.5488815456629,1831.226,1427.5491,1839.9306,1425.8909,1004615766#4,9.399940201003604,0.908668744021947,0,11.099800001829863,4.396,4.856,273.8,3.92,True,0,,False,1843.66,1425.94,-37.91027530546595,145.13331975858554,12.533360894289208,12.533360894289208,prox=0.822 head=1.000 conn=0.900 turn=1.000,,
2026-09-10T11:26:24.436,1789003585,topo,False,-37.91032691,145.1330921,1823.7599115513149,1419.812885322608,1823.7599115513149,1419.812885322608,1823.7628,1419.8126,1831.3101,1425.6096,10801654#0,5.464156583269648,0.954271469624508,0,11.61729998420924,4.05,4.396,269,7.65,True,0,,False,1823.5231770940698,1425.271911239678,-37.91027769106759,145.13309065141928,5.464156583269648,5.464156583269648,prox=0.936 head=1.000 conn=0.900 turn=1.000,,
2026-09-10T11:26:26.458,1789003587,topo,False,-37.91032602,145.1330021,1815.8455229230458,1419.7531748525798,1815.8455229230458,1419.7531748525798,1815.844,1419.7534,1823.5261,1425.272,10801654#0,5.181799663149241,0.976553437394898,0,12.094200006686151,3.813,4.05,271,7.19,True,0,,False,1816.1,1424.95,-37.91027925166038,145.13300617682958,5.203052007769501,5.203052007769501,prox=0.942 head=0.999 conn=1.000 turn=1.000,,
2026-09-10T11:26:28.481,1789003589,topo,False,-37.91032237,145.1329109,1807.8195009256015,1419.9976069377735,1807.8195009256015,1419.9976069377735,1807.8214,1419.998,1815.4969,1424.9094,10801654#1,4.283383795493025,0.9623828255210505,0,11.940399999730289,3.97,3.813,273,5.87,True,0,,False,1807.4111196613876,1424.261478591861,-37.9102838863352,145.1329072277447,4.283383795493024,4.283383795493024,prox=0.960 head=0.995 conn=0.900 turn=1.000,,
2026-09-10T11:26:30.518,1789003591,topo,False,-37.91031796,145.1328044,1798.4466787821148,1420.2994213765487,1798.4466787821148,1420.2994213765487,1798.4446,1420.2996,1807.4131,1424.2617,10801654#1,3.0893317957917508,0.9899694077686875,0,11.07510004658252,4.589,3.97,273,5.87,True,0,,False,1798.152139398166,1423.3746803080523,-37.910290204183426,145.13280175147617,3.0893317957917508,3.0893317957917508,prox=0.979 head=0.995 conn=1.000 turn=1.000,,
2026-09-10T11:26:32.550,1789003593,topo,False,-37.91031274,145.1326927,1788.6148932913784,1420.6819490129128,1788.6148932913784,1420.6819490129128,1788.618,1420.6824,1798.1501,1423.3745,10801654#1,1.7711763366137732,0.995219427108584,0,12.129300041124225,4.88,4.589,273.9,3.29,True,0,,False,1788.44602791157,1422.4450570920965,-37.91029682702874,145.1326911815718,1.7711763366137732,1.7711763366137732,prox=0.993 head=0.993 conn=1.000 turn=1.000,,
2026-09-10T11:26:34.588,1789003595,topo,False,-37.91030667,145.1325801,1778.7020926092518,1421.157200012356,1778.7020926092518,1421.157200012356,1778.6987,1421.1573,1788.4492,1422.4454,10801654#1,1.3750443993421584,0.9980958729028196,0,11.978300055488944,4.866,4.88,273.9,3.16,True,0,,False,1778.7200324444088,1422.532127378611,-37.91029428756359,145.13258061714788,1.3750443993421584,1.3750443993421584,prox=0.996 head=0.999 conn=1.000 turn=1.000,,
2026-09-10T11:26:36.620,1789003597,topo,False,-37.91030119,145.1324783,1769.7400914524915,1421.585991899483,1769.7400914524915,1421.585991899483,1769.7365,1421.5864,1778.7167,1422.5322,10801654#1,1.063213830950491,0.998769451144954,0,12.010199949145317,4.453,4.866,273.9,3.05,True,0,,False,1769.7539629179314,1422.6491152379394,-37.91029161563518,145.132478699883,1.063213830950491,1.063213830950491,prox=0.997 head=0.999 conn=1.000 turn=1.000,,
2026-09-10T11:26:38.644,1789003599,topo,False,-37.91028273,145.13239,1761.9360941640916,1423.4788780817762,1761.9360941640916,1423.4788780817762,1761.9333,1423.4792,1769.7504,1422.6492,10801654#1,0.7276945858980447,0.9991545403261827,0,12.11820007301867,4.006,4.453,274.8,2.95,True,0,,False,1761.9266001281742,1422.751245431583,-37.9102892829744,145.1323897263006,0.7276945858980448,0.7276945858980448,prox=0.999 head=0.999 conn=1.000 turn=1.000,,
2026-09-10T11:26:40.682,1789003601,topo,False,-37.91028223,145.132283,1752.527998843114,1423.3458864931017,1752.527998843114,1423.3458864931017,1752.5316,1423.3465,1761.9238,1422.7513,10801654#1,0.4119172937263924,0.9996690768970763,0,12.014899984933436,4.609,4.006,274.8,2.85,True,0,,False,1755.42,1423.17,-37.910284336400366,145.13231584188003,2.8973447758053585,2.8973447758053585,prox=1.000 head=0.999 conn=1.000 turn=1.000,,
2026-09-10T11:26:42.726,1789003603,topo,False,-37.91026508,145.1321714,1742.678470576473,1425.0523474486545,1742.678470576473,1425.0523474486545,1742.6807,1425.0529,1752.5581,1423.5475,10801654#2,8.583993484219206,0.9195612580041704,0,11.391000007279217,4.881,4.609,276.7,2.77,True,0,,False,1751.96,1423.62,-37.91027965820215,145.1322766043199,9.391400729042742,9.391400729042742,prox=0.849 head=1.000 conn=0.900 turn=1.000,,
2026-09-10T11:26:44.754,1789003605,topo,False,-37.91027142,145.1320653,1733.3647059595678,1424.161918958649,1733.3647059595678,1424.161918958649,1733.364,1424.1616,1742.6575,1424.8818,10801654#3,5.697035999514991,0.9521423162296376,0,11.871799943037331,4.641,4.881,276.7,2.69,True,0,,False,1741.49,1425.04,-37.910264976708014,145.13215788432396,8.17260237370344,8.17260237370344,prox=0.930 head=1.000 conn=0.900 turn=1.000,,
2026-09-10T11:26:46.792,1789003607,topo,False,-37.91026233,145.1319665,1724.6584163095104,1424.9965303782374,1724.6584163095104,1424.9965303782374,1724.6619,1424.9964,1733.5961,1426.0365,10801654#4,2.1310241357822246,0.9759513018828978,0,11.671300046145916,4.401,4.641,276.9,4.5,True,0,,False,1741.97,1425.0,-37.91026542367839,145.1321633327918,17.311584038183884,17.311584038183884,prox=0.990 head=1.000 conn=0.900 turn=1.000,,
2026-09-10T11:26:48.810,1789003609,topo,False,-37.91025178,145.131856,1714.9202630483196,1425.9725273801014,1714.9202630483196,1425.9725273801014,1714.922,1425.9724,1724.9235,1427.11,10801654#5,2.353160206473469,0.9751077263257362,0,12.086599948816001,4.887,4.401,276.9,4.58,True,0,,False,1715.207888165229,1428.3080433294053,-37.91023079304867,145.13185980245856,2.353160206473469,2.353160206473469,prox=0.988 head=1.000 conn=0.900 turn=1.000,,
2026-09-10T11:26:50.844,1789003611,topo,False,-37.91024074,145.1317525,1705.7964276804123,1427.0152196846902,1705.7964276804123,1427.0152196846902,1705.7949,1427.0147,1715.2096,1428.3078,10801654#5,4.518313570795282,0.9822447999368297,0,12.32669991441071,4.429,4.887,277.8,3.84,True,0,,False,1712.35,1428.66,-37.91022710659893,145.13182738860397,6.75681969817869,6.75681969817869,prox=0.956 head=1.000 conn=1.000 turn=1.000,,
2026-09-10T11:26:54.919,1789003615,topo,False,-37.91022048,145.1316119,1693.3904067741823,1429.0156248481944,1693.3904067741823,1429.0156248481944,1693.3863,1429.0157,1700.3879,1430.1183,10801654#6,3.7836193698834135,0.9674600826655311,0,12.012599967420101,3.605,3.377,277.8,2.17,True,0,,False,1700.69,1430.1,-37.91021202964139,145.13169514311872,7.379697197870457,7.379697197870457,prox=0.969 head=1.000 conn=0.900 turn=1.000,,
2026-09-10T11:26:56.948,1789003617,topo,False,-37.91021137,145.1314882,1682.494957019342,1429.8085339386016,1682.494957019342,1429.8085339386016,1682.4988,1429.8085,1693.5767,1429.878,-11527061#5,1.6434180552471727,0.9775914579188691,0,11.956300004385412,5.103,3.605,278.4,2.13,True,0,,False,1682.7120164913936,1431.4375545308303,-37.91019673459626,145.13149103921825,1.6434180552471724,1.6434180552471724,prox=0.994 head=1.000 conn=0.900 turn=1.000,,
2026-09-10T11:26:58.986,1789003619,topo,False,-37.91017909,145.1313521,1670.457808304578,1433.1506338482723,1670.457808304578,1433.1506338482723,1670.4538,1433.1502,1682.7158,1431.437,-11527061#5,2.7342775270353155,0.9933943230154988,0,11.446600081399083,5.908,5.103,278.4,2.11,True,0,,False,1677.14,1432.18,-37.91018904033911,145.13142785491098,6.752319299453996,6.752319299453996,prox=0.984 head=1.000 conn=1.000 turn=1.000,,
2026-09-10T11:27:01.026,1789003621,topo,False,-37.91017974,145.1312163,1658.5202788965544,1432.8391683856025,1658.5202788965544,1432.8391683856025,1658.5206,1432.8397,1670.4439,1433.0766,-11527061#3,1.808042686148176,0.9770890667345522,0,12.295300024561584,5.845,5.908,278.4,2.12,True,0,,False,1658.758523771223,1434.6314456338619,-37.91016363777624,145.1312194173596,1.808042686148176,1.808042686148176,prox=0.993 head=1.000 conn=0.900 turn=1.000,,
2026-09-10T11:27:03.157,1789003623,topo,False,-37.91015298,145.1310802,1646.4953947245958,1435.568706852384,1646.4953947245958,1435.568706852384,1646.4927,1435.5682,1658.7588,1434.6314,-11527061#3,0.6868176811539686,0.9995652461271193,0,12.377800070680678,5.916,5.845,278.4,2.2,True,0,,False,1646.5858963447292,1436.2495357471137,-37.91014686328105,145.13108138419625,0.6868176811539685,0.6868176811539685,prox=0.999 head=1.000 conn=1.000 turn=1.000,,
2026-09-10T11:27:05.201,1789003625,topo,False,-37.91013269,145.1309458,1634.6343538322253,1437.583281177096,1634.6343538322253,1437.583281177096,1634.632,1437.5835,1646.5833,1436.2499,-11527061#3,0.25273305899446047,0.9998826690740815,0,13.539599953219295,5.763,5.916,279.2,2.65,True,0,,False,1634.667656340195,1437.833810500872,-37.910130439189146,145.13094623576086,0.25273305899446047,0.25273305899446047,prox=1.000 head=1.000 conn=1.000 turn=1.000,,
2026-09-10T11:27:07.245,1789003627,topo,False,-37.91011878,145.1308182,1623.3853305287776,1438.9018694674596,1623.3853305287776,1438.9018694674596,1623.3841,1438.9019,1634.6653,1437.8341,-11527061#3,0.4279204906091964,0.9997432979958459,0,12.085900059901178,5.749,5.763,279.6,3.11,True,0,,False,1623.4417173964298,1439.326058655723,-37.91011496899147,145.13081893782433,0.4279204906091964,0.4279204906091964,prox=1.000 head=1.000 conn=1.000 turn=1.000,,
2026-09-10T11:27:09.277,1789003629,topo,False,-37.91010448,145.1306902,1612.1002685953863,1440.2630135873333,1612.1002685953863,1440.2630135873333,1612.1041,1440.263,1623.4405,1439.3262,-11527061#3,0.5656719553320466,0.9996217048163804,0,11.76410005427897,5.623,5.749,279.6,7.51,True,0,,False,1612.1748069042073,1440.8237531004472,-37.910099442194756,145.1306911753451,0.5656719553320465,0.5656719553320465,prox=0.999 head=1.000 conn=1.000 turn=1.000,,
2026-09-10T11:27:11.309,1789003631,topo,False,-37.910092,145.1305729,1601.7599532720633,1441.4410512587056,1601.7599532720633,1441.4410512587056,1601.7574,1441.4406,1612.1786,1440.8233,-11527061#3,1.666198541400448,0.9974458822544935,0,12.572199921123683,5.439,5.623,279.6,10.89,True,0,,False,1606.26,1441.61,-37.91009129101397,145.1306241037085,4.503217097897768,4.503217097897768,prox=0.994 head=1.000 conn=1.000 turn=1.000,,
2026-09-10T11:27:13.336,1789003633,topo,False,-37.91007383,145.1304533,1591.2047645297134,1443.246411385946,1591.2047645297134,1443.246411385946,1591.2063,1443.2461,1601.8475,1442.1616,-11527061#2,0.1916362197016412,0.9797632775279157,0,12.276900000870228,5.582,5.439,279.6,11.88,True,0,,False,1591.2268268456921,1443.436773396114,-37.91007211916149,145.13045359425527,0.1916362197016412,0.1916362197016412,prox=1.000 head=0.999 conn=0.900 turn=1.000,,
2026-09-10T11:27:15.365,1789003635,topo,False,-37.91004947,145.1303313,1580.4247953748563,1445.734399373643,1580.4247953748563,1445.734399373643,1580.4267,1445.734,1591.2284,1443.4366,-11527061#2,0.3532983324940424,0.9987744603377419,0,12.417100020684302,5.847,5.582,283.6,10.65,True,0,,False,1584.21,1444.25,-37.910063525701894,145.13037399895188,4.065859755904197,4.065859755904197,prox=1.000 head=0.996 conn=1.000 turn=1.000,,
2026-09-10T11:27:17.398,1789003638,topo,False,-37.91003236,145.1301295,1562.645254170522,1447.2771513462067,1562.645254170522,1447.2771513462067,1562.6457,1447.2776,1580.5343,1446.6828,-11527061#0,0.6124217830484382,0.9786301933351289,0,12.164899962954223,5.711,5.847,283,9.11,True,0,,False,1562.5784720810102,1446.6683816090542,-37.91003783186833,145.13012860185108,0.6124217830484382,0.6124217830484382,prox=0.999 head=0.997 conn=0.900 turn=1.000,,
2026-09-10T11:27:19.433,1789003640,topo,False,-37.91002054,145.1300169,1552.7195943796542,1448.390179309994,1552.7195943796542,1448.390179309994,1552.7229,1448.3902,1562.5789,1446.6683,-11527061#0,0.6364598573726569,0.9988880718640673,0,11.114299995824695,5.076,5.711,282,8.47,True,0,,False,1552.650191036497,1447.7575148444157,-37.91002622664268,145.13001596658953,0.6364598573726569,0.6364598573726569,prox=0.999 head=0.997 conn=1.000 turn=1.000,,
2026-09-10T11:27:21.461,1789003642,topo,False,-37.91000917,145.1299135,1543.6037610623753,1449.4694873858243,1543.6037610623753,1449.4694873858243,1543.5995,1449.4696,1552.6535,1447.7572,-11527061#0,0.7152873883244396,0.9995428347762826,0,11.075400048866868,4.468,5.076,276.6,8.0,True,0,,False,1543.5257618995172,1448.758465460361,-37.910015560949894,145.129912450975,0.7152873883244396,0.7152873883244396,prox=0.999 head=1.000 conn=1.000 turn=1.000,,
2026-09-10T11:27:25.526,1789003646,topo,False,-37.90997603,145.1297557,1529.6568219964392,1452.868540192023,1529.6568219964392,1452.868540192023,1529.6553,1452.8683,1536.489,1449.5387,-996576401,2.3296954263502325,0.9751987226631098,0,11.366700055077672,3.793,3.87,276.6,7.0,True,0,,False,1529.3486829656786,1450.3964247861477,-37.90999824367986,145.12975163256056,2.491245520265673,2.491245520265673,prox=0.988 head=1.000 conn=0.900 turn=1.000,,
2026-09-10T11:27:29.588,1789003650,topo,False,-37.90981782,145.1297467,1528.5133522440447,1470.4084375463426,1528.5133522440447,1470.4084375463426,1528.514,1470.4085,1527.2686,1454.1526,45606689#0,3.868852286946129,0.9668371132347029,0,10.775399976409972,4.824,3.607,4.6,6.49,True,0,,False,1527.83,1459.89,-37.909912448944254,145.12973653093673,10.540611875301586,10.540611875301586,prox=0.967 head=1.000 conn=0.900 turn=1.000,,
2026-09-10T11:27:31.612,1789003652,topo,False,-37.90971636,145.1297621,1529.6413846667856,1481.6941095339134,1529.6413846667856,1481.6941095339134,1529.639,1481.6938,1527.2689,1470.7419,-1164319799#0,0.3244544943011834,0.9798108910053811,0,11.577100027352571,5.454,4.824,7,6.24,True,0,,False,1529.3209648251652,1481.7451178074405,-37.909715842596015,145.1297584685069,0.3244544943011834,0.3244544943011834,prox=1.000 head=1.000 conn=0.900 turn=1.000,,
2026-09-10T11:27:33.646,1789003654,topo,False,-37.90961314,145.1297765,1530.677586545702,1493.1733156163245,1530.677586545702,1493.1733156163245,1530.6814,1493.1731,1529.3209,1481.7444,-1164319799#0,0.45690266440217825,0.9997093615166198,0,11.668199906125665,5.73,5.454,6.9,6.09,True,0,,False,1531.128807539509,1493.1014848465543,-37.909613868616624,145.12978161392715,0.45690266440217825,0.45690266440217825,prox=1.000 head=1.000 conn=1.000 turn=1.000,,
2026-09-10T11:27:35.684,1789003656,topo,False,-37.90951571,145.1298051,1532.975099283678,1504.0350802885368,1532.975099283678,1504.0350802885368,1532.9757,1504.0355,1531.1289,1493.1019,-1164319799#0,0.10443585127709977,0.999841203940368,0,11.264799977652729,5.327,5.73,11.6,5.85,True,0,,False,1532.8719621118605,1504.0514989005812,-37.90951554345784,145.12980393109314,0.10443585127709977,0.10443585127709977,prox=1.000 head=1.000 conn=1.000 turn=1.000,,
2026-09-10T11:27:37.713,1789003658,topo,False,-37.90942338,145.1298223,1534.281721253763,1514.3108152458444,1534.281721253763,1514.3108152458444,1534.286,1514.3104,1532.872,1504.052,-1164319799#0,0.22066334301369284,0.9999519932888824,0,11.952699976973236,5.171,5.327,9.5,5.49,True,0,,False,1534.4996406065898,1514.2761242295214,-37.90942373188782,145.1298247697897,0.22066334301369286,0.22066334301369286,prox=1.000 head=1.000 conn=1.000 turn=1.000,,
2026-09-10T11:27:39.726,1789003660,topo,False,-37.90933138,145.1298363,1535.30774798739,1524.54428717494,1535.30774798739,1524.54428717494,1535.3097,1524.5441,1534.4997,1514.2764,-1164319799#0,0.8162242466151356,0.9993728223714552,0,12.012499966658652,5.202,5.171,7.8,5.27,True,0,,False,1536.1138223319308,1524.4159665926643,-37.90933268161637,145.12984543563527,0.8162242466151356,0.8162242466151356,prox=0.999 head=1.000 conn=1.000 turn=1.000,,
2026-09-10T11:27:41.762,1789003662,topo,False,-37.90923441,145.1298406,1535.4699191846885,1535.312146089971,1535.4699191846885,1535.312146089971,1535.4685,1535.3124,1536.1138,1524.4161,-1164319799#0,4.536776503519707,0.9814950958436196,0,14.61449998896569,5.367,5.202,3.9,5.08,True,0,,False,1536.73,1528.28,-37.90929798488612,145.12985332283276,7.14415021481295,7.14415021481295,prox=0.955 head=0.998 conn=1.000 turn=1.000,,
2026-09-10T11:27:43.793,1789003664,topo,False,-37.90914347,145.1298619,1537.1401066639228,1545.4408699963242,1537.1401066639228,1545.4408699963242,1537.1402,1545.4408,1537.7453,1534.9667,-45897352#1,2.1135934132439393,0.9760106607519458,0,12.033900013193488,5.188,5.367,9.5,5.0,True,0,,False,1539.2320434042415,1545.1390790239395,-37.90914656665269,145.12988561600875,2.1135934132439393,2.1135934132439393,prox=0.990 head=1.000 conn=0.900 turn=1.000,,
2026-09-10T11:27:45.820,1789003666,topo,False,-37.90904034,145.1298882,1539.2227491763188,1556.9310750598088,1539.2227491763188,1556.9310750598088,1539.2231,1556.9306,1539.232,1545.139,-45897352#1,1.6929277241615128,0.9973508837792212,0,11.464299983344972,5.71,5.188,10.4,4.85,True,0,,False,1540.898330526396,1556.6893491437218,-37.90904282032551,145.12990719581754,1.6929277241615128,1.6929277241615128,prox=0.994 head=1.000 conn=1.000 turn=1.000,,
2026-09-10T11:27:47.835,1789003668,topo,False,-37.90893797,145.129912,1541.0872970643686,1568.3325365558267,1541.0872970643686,1568.3325365558267,1541.0889,1568.3325,1540.8983,1556.6889,-45897352#1,1.4242987962864213,0.9980377349687911,0,11.168599943630397,5.786,5.71,10.6,4.81,True,0,,False,1542.4979831094943,1568.1360882338927,-37.908939994580415,145.12992799432826,1.4242987962864213,1.4242987962864213,prox=0.996 head=0.999 conn=1.000 turn=1.000,,
2026-09-10T11:27:49.855,1789003670,topo,False,-37.90884629,145.1299231,1541.8590956110274,1578.5253828028217,1541.8590956110274,1578.5253828028217,1541.8616,1578.5254,1542.498,1568.1363,-45897352#1,2.0657387131881255,0.9962206109958492,0,12.136599980294704,5.136,5.786,7.5,4.68,True,0,,False,1543.9050910041067,1578.2404630199658,-37.90884922635648,145.1299462974243,2.0657387131881255,2.0657387131881255,prox=0.991 head=1.000 conn=1.000 turn=1.000,,
2026-09-10T11:27:51.880,1789003672,topo,False,-37.90876276,145.1299364,1542.8424578111153,1587.8177443156019,1542.8424578111153,1587.8177443156019,1542.8437,1587.8174,1543.9051,1578.2408,-45897352#1,2.3734364337532963,0.9950149150694209,0,11.869600042700768,4.52,5.136,7.3,4.71,True,0,,False,1545.1932101004652,1587.4903849119125,-37.9087661337311,145.12996305271824,2.3734364337532963,2.3734364337532963,prox=0.988 head=1.000 conn=1.000 turn=1.000,,
2026-09-10T11:27:55.946,1789003676,topo,False,-37.90867731,145.1300151,1549.571365167969,1597.438500130549,1549.571365167969,1597.438500130549,1549.5675,1597.438,1544.0664,1592.6264,-5094887#1,0.03593581518842174,0.9367871737238946,0,11.468000011518598,3.008,3.243,51.6,4.6,True,0,,False,1547.67,1602.2,-37.90863407374017,145.1299945680278,5.127091817858032,5.127091817858032,prox=1.000 head=0.856 conn=0.900 turn=1.000,,
2026-09-10T11:27:57.990,1789003678,topo,False,-37.90869326,145.1301198,1558.8118474526564,1595.8532532509416,1558.8118474526564,1595.8532532509416,1558.8107,1595.8537,1549.828,1597.8559,-1272942442#0,4.947644322472755,0.8288217739718311,0,12.148099951446056,4.163,3.008,98.4,4.71,True,0,,False,1578.54,1592.36,-37.908728292547345,145.13034330671402,20.035039835410227,20.035039835410227,prox=0.947 head=1.000 conn=0.500 turn=0.500,,
2026-09-10T11:28:00.032,1789003680,topo,False,-37.90871239,145.1302356,1569.0352890252252,1593.9347012527287,1569.0352890252252,1593.9347012527287,1569.0381,1593.9348,1558.9629,1596.4314,-1272942442#0,2.275702403112711,0.9953309494499808,0,12.056399951688945,5.055,4.163,100.5,4.7,True,0,,False,1578.54,1592.36,-37.908728292547345,145.13034330671402,9.634272922714473,9.634272922714473,prox=0.989 head=1.000 conn=1.000 turn=1.000,,
2026-09-10T11:28:02.047,1789003682,topo,False,-37.90871767,145.1303605,1580.0279519518372,1593.569047360681,1580.0279519518372,1593.569047360681,1580.029,1593.5696,1568.9791,1593.3853,-1272942442#0,1.415536237611463,0.9980447040596346,0,12.041500071063638,5.437,5.055,95.7,4.62,True,0,,False,1579.8189000376174,1592.1690330260571,-37.9087302438813,145.13035780389234,1.415536237611463,1.415536237611463,prox=0.996 head=0.999 conn=1.000 turn=1.000,,
2026-09-10T11:28:04.088,1789003684,topo,False,-37.9087381,145.1304818,1590.737824139651,1591.5159121314064,1590.737824139651,1591.5159121314064,1590.7412,1591.5165,1579.8198,1592.1689,-250248456,0.9757084806305066,0.9790415793811171,0,12.080600019544363,5.376,5.437,100.8,4.47,True,0,,False,1590.592341758768,1590.5511106409292,-37.90874676487142,145.13047992591558,0.9757084806305066,0.9757084806305066,prox=0.998 head=1.000 conn=0.900 turn=1.000,,
2026-09-10T11:28:06.123,1789003686,topo,False,-37.90875732,145.1305977,1600.9702428269084,1589.5875101927668,1600.9702428269084,1589.5875101927668,1600.9666,1589.5871,1590.5955,1590.5506,-250248456,0.5945614072893687,0.9996487587523165,0,11.286400025710464,5.182,5.376,97.3,4.47,True,0,,False,1600.8815911334664,1588.9995951102185,-37.90876260006011,145.1305965580088,0.5945614072893687,0.5945614072893687,prox=0.999 head=1.000 conn=1.000 turn=1.000,,
2026-09-10T11:28:08.160,1789003688,topo,False,-37.90878225,145.1307029,1610.2746436763555,1587.0066220900044,1610.2746436763555,1587.0066220900044,1610.277,1587.0063,1600.8781,1589.0001,-250248456,0.5701494900677287,0.9996470572421331,0,11.225900030694902,4.838,5.182,96.9,4.52,True,0,,False,1610.3596554466956,1587.570398144771,-37.90877718673113,145.13070399509562,0.5701494900677287,0.5701494900677287,prox=0.999 head=1.000 conn=1.000 turn=1.000,,
2026-09-10T11:28:10.201,1789003690,topo,False,-37.90878946,145.130811,1619.7945721894503,1586.3971350323409,1619.7945721894503,1586.3971350323409,1619.7921,1586.3973,1610.362,1587.57,-250248456,0.24663939726869102,0.9998892602377766,0,11.820899904705584,4.826,4.838,97,4.55,True,0,,False,1619.757797181908,1586.1532527018917,-37.90879165030605,145.13081052627868,0.24663939726869102,0.24663939726869102,prox=1.000 head=1.000 conn=1.000 turn=1.000,,
2026-09-10T11:28:12.236,1789003692,topo,False,-37.90880253,145.1309304,1630.321004306723,1585.1573013653979,1630.321004306723,1585.1573013653979,1630.3219,1585.1571,1619.7553,1586.1536,-250248456,0.5200019999675518,0.9997555312540546,0,11.29579998087138,5.346,4.826,97.5,4.59,True,0,,False,1630.249281864473,1584.6422693554723,-37.90880715657394,145.13092946712723,0.5200019999675518,0.5200019999675518,prox=0.999 head=1.000 conn=1.000 turn=1.000,,
2026-09-10T11:28:14.269,1789003694,topo,False,-37.90881505,145.1310565,1641.4352561983978,1583.990294626914,1641.4352561983978,1583.990294626914,1641.4374,1583.9901,1630.2502,1584.6421,-250248456,0.9068259720179581,0.9992171904070567,0,10.65259997267276,5.506,5.346,96.6,4.71,True,0,,False,1641.3072302242967,1583.0925515158394,-37.90882311395736,145.13105483974078,0.9068259720179581,0.9068259720179581,prox=0.998 head=1.000 conn=1.000 turn=1.000,,
2026-09-10T11:28:16.309,1789003696,topo,False,-37.90883121,145.1311628,1650.81683539995,1582.3844626629725,1650.81683539995,1582.3844626629725,1650.8185,1582.385,1641.3093,1583.0923,-250248456,0.6415724672562771,0.9995769790377235,0,11.732899933122098,4.911,5.506,99.7,4.68,True,0,,False,1650.7262579985395,1581.749316250643,-37.90883691518966,145.13116162538714,0.6415724672562771,0.6415724672562771,prox=0.999 head=1.000 conn=1.000 turn=1.000,,
2026-09-10T11:28:18.342,1789003699,topo,False,-37.90884864,145.1313298,1665.537825053325,1580.7446720600128,1665.537825053325,1580.7446720600128,1665.542,1580.7444,1650.7278,1581.7491,-250248456,1.096520092736364,0.9989134901071178,0,12.416100013069808,4.941,4.911,97.2,4.57,True,0,,False,1665.3830180039838,1579.6591348237796,-37.90885839081939,145.1313277924747,1.096520092736364,1.096520092736364,prox=0.997 head=1.000 conn=1.000 turn=1.000,,
2026-09-10T11:28:20.378,1789003701,topo,False,-37.90885718,145.1314319,1674.5331923862686,1579.9769641989842,1674.5331923862686,1579.9769641989842,1674.5305,1579.9773,1665.3871,1579.6586,-250248456,1.6064704425391403,0.9976973501438912,0,11.925900005735457,4.492,4.941,97.3,4.55,True,0,,False,1674.3063903871894,1578.386584327392,-37.908871465562626,145.13142895886904,1.6064704425391405,1.6064704425391405,prox=0.994 head=1.000 conn=1.000 turn=1.000,,
2026-09-10T11:28:22.421,1789003703,topo,False,-37.90886527,145.1315313,1683.2901795866783,1579.2544228751212,1683.2901795866783,1579.2544228751212,1683.2879,1579.2543,1674.3037,1578.387,-250248456,1.5918470055675922,0.9963752187347544,0,11.926300008781254,4.373,4.492,99.1,4.31,True,0,,False,1683.253349390812,1577.6630019924485,-37.90887959924406,145.13153051858106,1.5918470055675922,1.5918470055675922,prox=0.994 head=0.995 conn=1.000 turn=1.000,,
2026-09-10T11:28:24.467,1789003705,topo,False,-37.90888369,145.1316283,1691.8591370338108,1577.381375300698,1691.8591370338108,1577.381375300698,1691.8585,1577.3814,1683.2511,1577.6631,-250248456,0.08244118526204135,0.9986152714250108,0,11.856599943712354,4.344,4.373,99.1,4.08,True,0,,False,1691.8610444564401,1577.4637944172082,-37.90888294789354,145.13162834046844,0.08244118526204135,0.08244118526204135,prox=1.000 head=0.995 conn=1.000 turn=1.000,,
2026-09-10T11:28:26.488,1789003707,topo,False,-37.90889524,145.1317197,1699.9204744939925,1576.26078091003,1699.9204744939925,1576.26078091003,1699.9223,1576.2614,1691.8604,1577.4638,-250248456,1.0162223033679765,0.9977044028077598,0,12.567700003273785,4.101,4.344,99.1,3.88,True,0,,False,1699.9439865943048,1577.276731179975,-37.90888609232464,145.13172019882836,1.0162223033679765,1.0162223033679765,prox=0.998 head=0.995 conn=1.000 turn=1.000,,
2026-09-10T11:28:30.567,1789003711,topo,False,-37.90891637,145.1318871,1714.6848334242823,1574.2110372399911,1714.6848334242823,1574.2110372399911,1714.6809,1574.2115,1706.8797,1575.3214,-250248456,3.236903070163046,0.9894155295123609,0,13.218299951404333,3.834,3.61,99.1,3.53,True,0,,False,1705.42,1577.15,-37.90888822256609,145.131782430829,9.719806607356748,9.719806607356748,prox=0.977 head=0.995 conn=1.000 turn=1.000,,
2026-09-10T11:28:34.643,1789003715,topo,False,-37.9089313,145.1320054,1725.118655978411,1572.7627500034869,1725.118655978411,1572.7627500034869,1725.1155,1572.7622,1719.4069,1574.6783,-1272942443#3,3.574092645906272,0.9663066235566258,0,12.880700058303773,2.925,2.52,99.1,3.25,True,0,,False,1724.03,1576.79,-37.90889482505885,145.13199393979434,4.171799896177273,4.171799896177273,prox=0.972 head=0.992 conn=0.900 turn=1.000,,
