wall_time,phone_timestamp,method,kalman,lat,lon,raw_x,raw_y,filt_x,filt_y,match_x,match_y,actual_x,actual_y,edge_id,raw_dist,score,correction_m,match_ms,phone_speed_mps,sumo_speed_mps,phone_course_deg,accuracy_m,matched,lane_index,lane_pos,is_internal_edge,matched_x,matched_y,matched_lat,matched_lon,match_error_raw_m,match_error_filt_m,components,window_len,unmatched_reason
2026-09-10T11:08:54.620,1789002535,native,False,-37.90890681,145.1320219,1726.5148374992423,1575.5093499543145,1726.5148374992423,1575.5093499543145,1726.5176,1575.5092,1722.1289,1574.7433,:3157090491_0,,,0,15.617300057783723,2.245,1.256,2.5,4.68,True,0,6.007604907059431,True,1726.424013593663,1575.6146494813113,-37.90890584504219,145.13202089134538,0.13905744212527382,0.13905744212527382,,,
2026-09-10T11:08:58.710,1789002539,native,False,-37.90878913,145.1320459,1728.3631909701508,1588.6099854325876,1728.3631909701508,1588.6099854325876,1728.3596,1588.6103,1728.8428,1580.6713,-1272942443#2,,,0,7.853099959902465,4.227,2.891,356.3,4.72,True,0,7.605769203140132,False,1727.8001021060868,1588.6735053724858,-37.90878845615556,145.13203951230201,0.5666602611772892,0.5666602611772892,,,
2026-09-10T11:09:00.734,1789002541,native,False,-37.9086944,145.1320598,1729.3746126800543,1599.146181775257,1729.3746126800543,1599.146181775257,1729.3731,1599.1461,1727.8004,1588.6762,-1272942443#2,,,0,8.204599958844483,4.621,4.227,5.6,4.74,True,0,18.184016708503805,False,1729.0380729321464,1599.1790633547425,-37.90869404304761,145.13205598112933,0.3381422780300518,0.3381422780300518,,,
2026-09-10T11:09:02.755,1789002543,native,False,-37.90859914,145.1320767,1730.6486127654207,1609.7464741421863,1730.6486127654207,1609.7464741421863,1730.6496,1609.7462,1729.0388,1599.1855,-1272942443#1,,,0,7.612699992023408,4.889,4.621,7.5,4.75,True,0,4.490125774407971,False,1730.315716913768,1609.7868399702065,-37.908598716286114,145.1320729242692,0.3353342334437518,0.3353342334437518,,,
2026-09-10T11:09:04.800,1789002545,native,False,-37.90850578,145.1320856,1731.2234988441924,1620.121839493513,1731.2234988441924,1620.121839493513,1731.2259,1620.1223,1730.3157,1609.7871,-1272942443#1,,,0,7.807799964211881,5.022,4.889,7.9,4.75,True,0,14.85754086803666,False,1731.5757425907536,1620.077400257039,-37.9085062438999,145.1320895947777,0.3550359175209195,0.3550359175209195,,,
2026-09-10T11:09:06.829,1789002547,native,False,-37.90841206,145.1320783,1730.3733158264658,1630.5086132911965,1730.3733158264658,1630.5086132911965,1730.3721,1630.5083,1731.576,1620.0795,-1272942443#1,,,0,6.796899950131774,5.241,5.022,9.4,7.51,True,0,25.06309520805781,False,1732.816096179393,1630.207299682121,-37.90841521522951,145.13210600497334,2.46129351026273,2.46129351026273,,,
2026-09-10T11:09:08.865,1789002549,native,False,-37.90831408,145.1321039,1732.406164638931,1641.4260556353256,1732.406164638931,1641.4260556353256,1732.4034,1641.4255,1732.8163,1630.209,-1272942443#1,,,0,6.162700010463595,5.11,5.241,11.4,7.35,True,0,36.14570286034045,False,1734.1630442936257,1641.2077507252372,-37.90831636365714,145.13212382539078,1.7703906785930488,1.7703906785930488,,,
2026-09-10T11:09:10.900,1789002551,native,False,-37.90820435,145.1321049,1732.250107034226,1653.603999347426,1732.250107034226,1653.603999347426,1732.2464,1653.6035,1734.1633,1641.21,-1272942443#1,,,0,6.442200043238699,5.362,5.11,10.5,7.8,True,0,48.213348151422345,False,1735.6297110365113,1653.1859372130443,-37.90820872601276,145.1321432296514,3.4053632934632114,3.4053632934632114,,,
2026-09-10T11:09:12.948,1789002553,native,False,-37.90809307,145.1321135,1732.7587834526785,1665.967326803133,1732.7587834526785,1665.967326803133,1732.7623,1665.9673,1735.6301,1653.1892,-1272942443#1,,,0,6.005500094033778,5.402,5.362,9.3,7.71,True,0,61.44748623303505,False,1735.299416576836,1666.329162541256,-37.90809026907186,145.13214246847704,2.566270011699706,2.566270011699706,,,
2026-09-10T11:09:14.964,1789002555,native,False,-37.90798346,145.132127,1733.7019763602875,1678.1539743822068,1733.7019763602875,1678.1539743822068,1733.7061,1678.154,1735.2987,1666.334,-1272942443#1,,,0,6.301900022663176,5.78,5.402,8.9,7.42,True,0,73.07815430032531,False,1735.7246783841501,1677.8249664718187,-37.907986788869565,145.13214992238036,2.0492851637670846,2.0492851637670846,,,
2026-09-10T11:09:16.985,1789002557,native,False,-37.90790482,145.1321639,1736.771325328271,1686.9452586760744,1736.771325328271,1686.9452586760744,1736.7688,1686.9451,1735.7258,1677.8319,-1272942443#1,,,0,7.465500035323203,5.045,5.78,11.2,6.49,True,0,82.24228434311668,False,1737.1677469852127,1686.8747638426894,-37.90790552658528,145.13216839109538,0.40264084694238095,0.40264084694238095,,,
2026-09-10T11:09:19.031,1789002559,native,False,-37.90782482,145.1321636,1736.567083476577,1695.8219242310151,1736.567083476577,1695.8219242310151,1736.5658,1695.8216,1737.1688,1686.8813,-1272942443#1,,,0,7.260200101882219,4.75,5.045,8.1,5.82,True,0,90.97527825765023,False,1738.5429249074473,1695.4988039860027,-37.907828087365885,145.1321859908891,2.0020879233142126,2.0020879233142126,,,
2026-09-10T11:09:21.077,1789002561,native,False,-37.9077477,145.1322051,1740.0442491235444,1704.4526432398707,1740.0442491235444,1704.4526432398707,1740.0436,1704.4531,1738.5441,1695.5062,-1272942443#1,,,0,6.2423000345006585,4.686,4.75,7.3,5.44,True,0,100.04507307654511,False,1739.9711386124156,1704.455443069375,-37.90774766158294,145.13220426940248,0.07316410241891727,0.07316410241891727,,,
2026-09-10T11:09:23.119,1789002563,native,False,-37.90767421,145.1322265,1741.7623241914553,1712.645151742734,1741.7623241914553,1712.645151742734,1741.7624,1712.6449,1739.9726,1704.4644,-1272942443#0,,,0,5.551800015382469,4.043,4.686,4,5.06,True,0,1.3649960697619286,False,1742.548449712924,1712.4423713783528,-37.907676178578,145.1322353917105,0.8118578765294536,0.8118578765294536,,,
2026-09-10T11:09:27.190,1789002567,native,False,-37.90757032,145.1322276,1741.6280625027139,1724.1752349557355,1741.6280625027139,1724.1752349557355,1741.6243,1724.1751,1744.0294,1718.4149,:cluster_11820724987_9351956751_1,,,0,5.445200018584728,2.786,3.22,353.7,4.48,True,0,7.92585594824411,True,1741.5987859430347,1724.270437824799,-37.90756945710564,145.1322272888255,0.09960272699367469,0.09960272699367469,,,
2026-09-10T11:09:29.234,1789002569,native,False,-37.90753798,145.1321181,1731.9290316894185,1727.570950540714,1731.9290316894185,1727.570950540714,1731.9249,1727.5709,1741.5934,1724.2687,1209653411,,,0,5.243299994617701,4.324,2.786,291.2,4.24,True,0,4.3140313141563995,False,1731.8850613972124,1727.2101673218658,-37.907541222085584,145.13211751788882,0.3634527721714617,0.3634527721714617,,,
2026-09-10T11:09:31.273,1789002571,native,False,-37.90752425,145.1319933,1720.9262104933732,1728.8746434850618,1720.9262104933732,1728.8746434850618,1720.928,1728.8746,1731.8829,1727.2104,:cluster_579289_605155831_9106614572_9106614573_#2more_0,,,0,5.032100016251206,5.294,4.324,279.8,4.02,True,0,7.024553306331604,True,1720.8802766308145,1728.472345154047,-37.9075278657085,145.1319926861005,0.40491217179399713,0.40491217179399713,,,
2026-09-10T11:09:33.312,1789002573,native,False,-37.90751024,145.1318477,1708.0940462810686,1730.1727455127984,1708.0940462810686,1730.1727455127984,1708.0969,1730.1725,1720.8823,1728.4721,:cluster_579289_605155831_9106614572_9106614573_#2more_0,,,0,6.41679996624589,6.348,5.294,276.6,3.97,True,0,19.921728054310744,True,1708.065410252934,1729.9271015587349,-37.90751244765008,145.1318473184541,0.24730744888761272,0.24730744888761272,,,
2026-09-10T11:09:35.352,1789002576,native,False,-37.90749283,145.131628,1688.7395129092038,1731.7175418939441,1688.7395129092038,1731.7175418939441,1688.7382,1731.7179,1708.069,1729.9267,1209653410,,,0,5.625299992971122,6.548,6.348,278.3,4.15,True,0,17.512432656257527,False,1688.808582145275,1732.2781325729245,-37.90748779253563,145.1316289130248,0.5648295926482034,0.5648295926482034,,,
2026-09-10T11:09:37.385,1789002578,native,False,-37.907479,145.1314802,1675.714314861456,1732.9917433215305,1675.714314861456,1732.9917433215305,1675.7118,1732.992,1688.8072,1732.2783,1209653410,,,0,4.909500014036894,6.572,6.548,278.1,4.06,True,0,30.595674915616975,False,1675.8232188283594,1733.8754952570973,-37.90747105861612,145.13148163958013,0.890436722976641,0.890436722976641,,,
2026-09-10T11:09:39.431,1789002580,native,False,-37.90744598,145.1313347,1662.8486413902137,1736.3993946071714,1662.8486413902137,1736.3993946071714,1662.848,1736.3999,1675.8205,1733.8758,1209653410,,,0,5.079500027932227,6.535,6.572,278.1,4.43,True,0,43.78106313270958,False,1662.7364737326593,1735.4853291726354,-37.90745419386356,145.1313332163896,0.9209219304668622,0.9209219304668622,,,
2026-09-10T11:09:41.477,1789002582,native,False,-37.90745519,145.1311883,1649.99776833551,1735.1193906767294,1649.99776833551,1735.1193906767294,1649.9997,1735.1191,1662.7355,1735.4855,1209653410,,,0,5.196499987505376,6.378,6.535,277.2,4.58,True,0,56.37943885927608,False,1650.232349543149,1737.0234934034788,-37.90743807975517,145.13119140105886,1.9184982504532044,1.9184982504532044,,,
2026-09-10T11:09:43.522,1789002584,native,False,-37.90743482,145.1310711,1639.6483322769636,1737.1731773009524,1639.6483322769636,1737.1731773009524,1639.6456,1737.1734,1650.2339,1737.0233,1209653410,,,0,5.293400026857853,5.543,6.378,282.5,4.48,True,0,66.90213438060312,False,1639.7883768864506,1738.3082331361438,-37.9074246204414,145.13107295095764,1.1436626432862602,1.1436626432862602,,,
2026-09-10T11:09:45.568,1789002586,native,False,-37.90741653,145.1309364,1627.7649324197555,1738.9652965581045,1627.7649324197555,1738.9652965581045,1627.7617,1738.9651,1639.7852,1738.3086,1209653410,,,0,5.5831000208854675,5.828,5.543,277.9,4.69,True,0,78.91536092581295,False,1627.8650242338333,1739.7749551779302,-37.90740925448261,145.13093772255738,0.815821948652741,0.815821948652741,,,
2026-09-10T11:09:47.602,1789002588,native,False,-37.90738725,145.1308054,1616.1823755856603,1741.983425945975,1616.1823755856603,1741.983425945975,1616.1809,1741.9838,1627.8614,1739.7754,:cluster_605155297_605155316_10,,,0,4.856000072322786,5.849,5.828,277.9,4.86,True,0,12.705338797944355,True,1616.533828725657,1742.0575116297243,-37.90738664609866,145.13080941273844,0.35917683409451345,0.35917683409451345,,,
2026-09-10T11:09:49.638,1789002590,native,False,-37.90737097,145.1306708,1604.312226242444,1743.5526483440772,1604.312226242444,1743.5526483440772,1604.31,1743.5525,1616.5333,1742.0599,1147258794#0,,,0,5.2631000289693475,5.867,5.849,278.7,4.84,True,0,4.066095472055952,False,1604.2016452186954,1742.6141550887503,-37.90737940419149,145.1306693287881,0.9449855835447081,0.9449855835447081,,,
2026-09-10T11:09:51.671,1789002592,native,False,-37.90735952,145.130537,1592.5231547788717,1744.5873035062104,1592.5231547788717,1744.5873035062104,1592.5225,1744.5868,1604.1998,1742.6144,:cluster_9106614563_9109971234_1,,,0,4.750599968247116,5.765,5.867,274.2,5.0,True,0,5.669673081004478,True,1592.530370155894,1743.573159526446,-37.907368656948364,145.13053685081147,1.0141696472277084,1.0141696472277084,,,
2026-09-10T11:09:53.708,1789002594,native,False,-37.90735282,145.1304214,1582.3447804509779,1745.126948765479,1582.3447804509779,1745.126948765479,1582.3448,1745.127,1592.531,1743.5732,-1147258794#2,,,0,4.534299951046705,5.425,5.765,274.2,4.88,True,0,21.01905421830169,False,1582.3959467524273,1744.8676586679521,-37.90735516498898,145.13042192261378,0.26429026671356814,0.26429026671356814,,,
2026-09-10T11:09:55.730,1789002596,native,False,-37.90740172,145.1302707,1569.2041792010423,1739.4350375998765,1569.2041792010423,1739.4350375998765,1569.207,1739.4356,1582.8443,1742.6843,1147258794#2,,,0,4.406799911521375,5.918,5.425,247.4,4.86,True,0,14.857688998339007,False,1569.4493580776489,1738.899019022112,-37.90740659287646,145.13027336533395,0.5894307399879347,0.5894307399879347,,,
2026-09-10T11:09:57.765,1789002598,native,False,-37.90746615,145.1301432,1558.1378846860607,1732.060731724836,1558.1378846860607,1732.060731724836,1558.14,1732.0612,1569.4536,1738.901,:10132758421_1,,,0,4.915800062008202,5.988,5.918,229.6,4.94,True,0,2.047215319896563,True,1559.2235422919182,1731.3025920446323,-37.907473175658986,145.1301553705109,1.3241707638576776,1.3241707638576776,,,
2026-09-10T11:09:59.802,1789002600,native,False,-37.90758172,145.1300857,1553.3397695865715,1719.1351113393903,1553.3397695865715,1719.1351113393903,1553.3385,1719.1353,1559.2258,1731.3058,985461730,,,0,15.092200017534196,6.183,5.988,221.5,4.9,True,0,18.585925434244114,False,1552.761380371486,1717.8147111663468,-37.907593509958176,145.13007882285837,1.441523742815388,1.441523742815388,,,
2026-09-10T11:10:01.829,1789002602,native,False,-37.90764228,145.1299724,1543.5133510350715,1712.2152604833245,1543.5133510350715,1712.2152604833245,1543.5177,1712.2158,1552.7652,1717.8131,5094886#2,,,0,5.10409998241812,6.131,6.183,236.5,4.87,True,0,4.284685050591903,False,1541.9838162091428,1716.9961950313502,-37.90759893585303,145.1299561002863,5.019642610409089,5.019642610409089,,,
2026-09-10T11:10:03.876,1789002604,native,False,-37.90760943,145.1298189,1529.944670386496,1715.589730949141,1529.944670386496,1715.589730949141,1529.9416,1715.5894,1541.9885,1716.9977,5094886#2,,,0,4.419300006702542,6.12,6.131,263.4,4.82,True,0,16.504182588812927,False,1529.9556655540446,1715.7225351662023,-37.90760823565627,145.12981905530106,0.13325859739118143,0.13325859739118143,,,
2026-09-10T11:10:05.916,1789002606,native,False,-37.90762443,145.1297041,1519.884968351631,1713.7227689800784,1519.884968351631,1713.7227689800784,1519.8856,1713.7225,1529.9549,1715.7226,5094886#2,,,0,4.295299993827939,5.565,6.12,283.7,4.66,True,0,24.52236882427238,False,1522.406143418294,1718.2849017559126,-37.907583788912,145.1297338052129,5.212425460484274,5.212425460484274,,,
2026-09-10T11:10:07.958,1789002608,native,False,-37.90756423,145.1296124,1511.6887753895135,1720.24110752251,1511.6887753895135,1720.24110752251,1511.691,1720.2409,1522.4096,1718.283,:9110403639_0,,,0,4.718300071544945,5.115,5.565,304.9,4.63,True,0,6.218940157982641,True,1511.78553020777,1722.8509546829107,-37.90754073738992,145.1296140953968,2.611640039421109,2.611640039421109,,,
2026-09-10T11:10:12.036,1789002612,native,False,-37.90762334,145.129471,1499.3886373038404,1713.4325339021161,1499.3886373038404,1713.4325339021161,1499.3919,1713.4323,1504.626,1721.4932,-10539447#1,,,0,4.386299988254905,4.187,3.695,217.5,4.74,True,0,1.2070102896493227,False,1499.7798838723547,1713.3750379326377,-37.90762392865489,145.12947543517538,0.39544868678568607,0.39544868678568607,,,
2026-09-10T11:10:14.075,1789002614,native,False,-37.90772286,145.1294545,1498.159560738597,1702.3601928101853,1498.159560738597,1702.3601928101853,1498.1558,1702.3603,1499.7802,1713.377,:579296_0,,,0,4.4232000363990664,5.259,4.187,191.5,4.77,True,0,3.6116282897005623,True,1498.2052904839502,1702.3552366488043,-37.907722912912035,145.12945501879605,0.04599753412625588,0.04599753412625588,,,
2026-09-10T11:10:16.102,1789002616,native,False,-37.90782895,145.129436,1496.7692797776544,1690.5552831338719,1496.7692797776544,1690.5552831338719,1496.7727,1690.555,1498.205,1702.3532,-10539447#0,,,0,4.988499917089939,5.872,5.259,187.9,4.91,True,0,10.372047294392797,False,1496.506526319343,1690.5945886143847,-37.907828548433216,145.12943302157385,0.26567706083317494,0.26567706083317494,,,
2026-09-10T11:10:18.145,1789002618,native,False,-37.90793824,145.1294164,1495.289418771048,1678.3933444032446,1495.289418771048,1678.3933444032446,1495.2887,1678.3936,1496.5064,1690.5935,-10539447#0,,,0,4.815299995243549,6.045,5.872,188.8,4.78,True,0,22.619047341454028,False,1494.7548854213458,1678.4735010263346,-37.90793742130988,145.12941034086512,0.5405099316101184,0.5405099316101184,,,
2026-09-10T11:10:20.167,1789002620,native,False,-37.90805704,145.1293864,1492.9163871505298,1665.157780633308,1492.9163871505298,1665.157780633308,1492.9121,1665.1572,1494.7545,1678.4708,-10539447#0,,,0,4.574000020511448,6.451,6.045,190,4.78,True,0,36.05622956695821,False,1492.833017384309,1665.1744676250073,-37.908056874609805,145.12938545592596,0.08502337097343274,0.08502337097343274,,,
2026-09-10T11:10:22.207,1789002622,native,False,-37.90817003,145.1293646,1491.2513576347847,1652.5813887417316,1491.2513576347847,1652.5813887417316,1491.2538,1652.5812,1492.8322,1665.1687,-10539447#0,,,0,4.826700082048774,6.413,6.451,188.3,4.77,True,0,48.73985008086859,False,1491.018928355039,1652.621248502616,-37.9081696289195,145.1293619664615,0.23582232850361298,0.23582232850361298,,,
2026-09-10T11:10:24.247,1789002624,native,False,-37.90829158,145.1293446,1489.763647927437,1639.058311527595,1489.763647927437,1639.058311527595,1489.7635,1639.0583,1491.0181,1652.6153,-10539447#0,,,0,5.038999952375889,6.632,6.413,188.1,4.73,True,0,62.33494553343353,False,1489.0744746018438,1639.1659253936737,-37.90829048601071,145.12933678890116,0.6975246353223428,0.6975246353223428,,,
2026-09-10T11:10:26.291,1789002626,native,False,-37.90840631,145.1293252,1488.3135091998265,1626.2930733207613,1488.3135091998265,1626.2930733207613,1488.3172,1626.2937,1489.0733,1639.158,-10539447#0,,,0,4.749499959871173,6.395,6.632,187.8,4.63,True,0,75.17471593774881,False,1487.2380520596155,1626.4581617713077,-37.908404628436905,145.1293130100888,1.0880543446605428,1.0880543446605428,,,
2026-09-10T11:10:28.332,1789002629,native,False,-37.90857858,145.1292882,1485.444151321135,1607.1118580549955,1485.444151321135,1607.1118580549955,1485.4461,1607.1115,1487.2368,1626.4498,:579297_3,,,0,5.361199961043894,6.466,6.395,188.2,4.27,True,0,3.264701006343825,True,1485.1986431801124,1607.0085465664874,-37.90857946627188,145.12928538507882,0.2663597397620806,0.2663597397620806,,,
2026-09-10T11:10:30.362,1789002631,native,False,-37.90868878,145.1292633,1483.5003938882146,1594.839585725218,1483.5003938882146,1594.839585725218,1483.5024,1594.84,1485.1997,1607.0061,-4577073#9,,,0,5.462300032377243,6.338,6.466,190.1,4.39,True,0,1.0048341543517119,False,1482.7881786475277,1594.9338500068845,-37.90868780209492,145.12925522383523,0.7184262689133515,0.7184262689133515,,,
2026-09-10T11:10:32.406,1789002633,native,False,-37.90880577,145.1292417,1481.8618918436696,1581.8196825785562,1481.8618918436696,1581.8196825785562,1481.8592,1581.8192,1482.7883,1594.9345,-4577073#9,,,0,5.616000038571656,6.554,6.338,188.5,4.14,True,0,14.126954395926106,False,1481.0667247836645,1581.925136149284,-37.908804676301585,145.12923268323726,0.8021291098671783,0.8021291098671783,,,
2026-09-10T11:10:34.436,1789002635,native,False,-37.90892895,145.1292209,1480.3075148561038,1568.1143168890849,1480.3075148561038,1568.1143168890849,1480.3103,1568.1139,1481.0666,1581.924,-4577073#9,,,0,5.4790000431239605,6.863,6.554,188.7,4.22,True,0,27.90794639025011,False,1479.1909830573036,1568.2725276083493,-37.908927322954625,145.12920824142853,1.127685190743507,1.127685190743507,,,
2026-09-10T11:10:36.470,1789002637,native,False,-37.90904376,145.1292006,1478.7784640415339,1555.3386096237227,1478.7784640415339,1555.3386096237227,1478.7789,1555.339,1479.1909,1568.272,-4577073#9,,,0,5.50119997933507,6.542,6.863,188.9,4.16,True,0,40.77171958418636,False,1477.3912892046146,1555.5352687658185,-37.90904173767199,145.12918487303818,1.4010456260778277,1.4010456260778277,,,
2026-09-10T11:10:38.516,1789002639,native,False,-37.90916468,145.1291757,1476.858607404225,1541.8767893016338,1476.858607404225,1541.8767893016338,1476.8585,1541.8767,1477.3913,1555.5351,-4577073#9,,,0,4.910800023935735,6.668,6.542,188.9,4.06,True,0,54.36952150469596,False,1475.4889017668477,1542.0712003202839,-37.90916268107785,145.12916017112119,1.3834338355107125,1.3834338355107125,,,
2026-09-10T11:10:40.542,1789002641,native,False,-37.9092745,145.1291489,1474.7469968339428,1529.6433270908892,1474.7469968339428,1529.6433270908892,1474.7482,1529.6435,1475.4888,1542.0702,-4577073#9,,,0,5.064000026322901,6.282,6.668,189.1,3.69,True,0,66.77789235288054,False,1473.7529205426226,1529.7848649718078,-37.90927304527683,145.12913762986017,1.0041019095190689,1.0041019095190689,,,
2026-09-10T11:10:42.563,1789002643,native,False,-37.90938893,145.1291247,1472.874244261533,1516.9029028583318,1472.874244261533,1516.9029028583318,1472.8766,1516.9027,1473.7528,1529.7841,-4577073#9,,,0,4.961200058460236,6.503,6.282,189.1,3.76,True,0,79.65481457431282,False,1471.9513870878511,1517.0345864215894,-37.90938757691986,145.1291142373422,0.932204872250935,0.932204872250935,,,
2026-09-10T11:10:44.603,1789002645,native,False,-37.90951519,145.129106,1471.5113868610351,1502.8594664437696,1471.5113868610351,1502.8594664437696,1471.5102,1502.8592,1471.9512,1517.0334,-4577073#9,,,0,4.734800080768764,6.959,6.503,189.1,4.08,True,0,93.75057800448012,False,1469.9793328226074,1503.0774538846329,-37.90951294933336,145.1290886305573,1.5474844429062622,1.5474844429062622,,,
2026-09-10T11:10:46.638,1789002647,native,False,-37.9096467,145.1290762,1469.1843545496813,1488.2138771098107,1469.1843545496813,1488.2138771098107,1469.184,1488.2137,1469.9791,1503.0755,:cluster_12176407960_33776478_412622428_9553656656_#1more_11,,,0,6.677099969238043,7.323,6.959,188.8,4.71,True,0,10.40243213947379,True,1469.7314364003548,1487.4082417188083,-37.90965405625297,145.12908223639377,0.9738310605910815,0.9738310605910815,,,
2026-09-10T11:10:48.680,1789002649,native,False,-37.90977783,145.1290574,1467.8235662769293,1473.6298630870879,1467.8235662769293,1473.6298630870879,1467.828,1473.6299,1469.7321,1487.4087,:cluster_12176407960_33776478_412622428_9553656656_#1more_12,,,0,7.851500064134598,7.246,7.323,188.9,5.1,True,0,11.507308127943546,True,1468.594613081672,1474.8769830422768,-37.909766735072054,145.1290664512883,1.4662269120890767,1.4662269120890767,,,
2026-09-10T11:10:50.726,1789002651,native,False,-37.90989822,145.1290296,1465.6476189935347,1460.2217315891758,1465.6476189935347,1460.2217315891758,1465.6462,1460.2216,1468.6,1474.87,-4577073#4,,,0,6.694999989122152,6.854,7.246,188.9,4.85,True,0,4.8465464802110985,False,1464.028964340015,1460.434710541427,-37.909896008779704,145.12901124468868,1.6326061746371405,1.6326061746371405,,,
2026-09-10T11:10:52.757,1789002653,native,False,-37.91002136,145.1290042,1463.6888038247125,1446.5126802334562,1463.6888038247125,1446.5126802334562,1463.6886,1446.5129,1464.0289,1460.434,-4577073#4,,,0,6.2837000004947186,6.956,6.854,189,5.36,True,0,18.692764199042664,False,1462.2261430584742,1446.7063610213968,-37.910019350821955,145.12898761389025,1.4754283326241437,1.4754283326241437,,,
2026-09-10T11:10:54.792,1789002655,native,False,-37.91014228,145.12899,1462.7097109706956,1433.0697337891906,1462.7097109706956,1433.0697337891906,1462.7073,1433.0698,1462.226,1446.705,-4577073#4,,,0,5.369300022721291,6.764,6.956,185.9,5.01,True,0,32.14772374523495,False,1460.4745785616292,1433.365897832538,-37.91013920795717,145.12896465431086,2.2546684959503085,2.2546684959503085,,,
2026-09-10T11:10:56.836,1789002657,native,False,-37.91026796,145.1289663,1460.9060245934525,1419.081829519011,1460.9060245934525,1419.081829519011,1460.9104,1419.082,1460.4742,1433.3629,-4577073#4,,,0,5.103799980133772,6.985,6.764,188.6,4.5,True,0,46.25020216160974,False,1458.6390806321133,1419.3833785732963,-37.910264833689716,145.12894059380272,2.2869120568995314,2.2869120568995314,,,
2026-09-10T11:10:58.880,1789002659,native,False,-37.91039238,145.1289342,1458.3610482780496,1405.2189172236249,1458.3610482780496,1405.2189172236249,1458.3646,1405.2186,1458.6387,1419.3802,-4577073#3,,,0,5.441499990411103,6.895,6.985,191.8,5.58,True,0,5.0769490135774,False,1456.835452673223,1405.4141316508462,-37.91039034561512,145.1289168985932,1.538034662178145,1.538034662178145,,,
2026-09-10T11:11:00.908,1789002661,native,False,-37.91051662,145.1289136,1456.826709559653,1391.3962710993364,1456.826709559653,1391.3962710993364,1456.8248,1391.3959,1456.8355,1405.4144,-4577073#3,,,0,5.1395000191405416,6.92,6.895,188.4,6.03,True,0,18.98267256841421,False,1455.0700425971709,1391.6209277138737,-37.91051427860775,145.12889367800827,1.7709741419714118,1.7709741419714118,,,
2026-09-10T11:11:02.942,1789002663,native,False,-37.91063651,145.1288885,1454.8870695723454,1378.048380942084,1454.8870695723454,1378.048380942084,1454.8858,1378.0485,1455.07,1391.6205,-4577073#3,,,0,5.460700020194054,6.89,6.92,188.9,5.78,True,0,32.469082359226114,False,1453.3583150582203,1378.2435872647502,-37.9106344751088,145.12887116261916,1.5411670489815517,1.5411670489815517,,,
2026-09-10T11:11:04.985,1789002665,native,False,-37.91076064,145.1288732,1453.8184507174883,1364.247292415239,1453.8184507174883,1364.247292415239,1453.8145,1364.2476,1453.3583,1378.2438,-4577073#3,,,0,4.829399986192584,6.716,6.89,187.4,4.89,True,0,46.29436322824175,False,1451.6044464490371,1364.5300050919957,-37.91075769292019,145.12884809126282,2.231981487001841,2.231981487001841,,,
2026-09-10T11:11:07.031,1789002667,native,False,-37.91087666,145.1288517,1452.1866993585136,1351.3351883590221,1452.1866993585136,1351.3351883590221,1452.1836,1351.3349,1451.6045,1364.5302,-4577073#3,,,0,5.067700054496527,6.377,6.716,188.7,5.19,True,0,59.30927304512248,False,1449.953381129248,1351.620246734407,-37.91087368829161,145.12882637215964,2.2514370056802613,2.2514370056802613,,,
2026-09-10T11:11:09.079,1789002669,native,False,-37.91100317,145.1288209,1449.7607118812157,1337.2426480725408,1449.7607118812157,1337.2426480725408,1449.7646,1337.2427,1449.9534,1351.6202,:9234596131_0,,,0,5.521300015971065,6.767,6.377,188.7,5.46,True,0,4.4029894519693435,True,1448.1365435502598,1337.4532125145138,-37.91100097949385,145.12880248118105,1.6377607125289497,1.6377607125289497,,,
2026-09-10T11:11:11.125,1789002671,native,False,-37.9111376,145.1287904,1447.3787508165697,1322.2717928756028,1447.3787508165697,1322.2717928756028,1447.3747,1322.2715,1448.1365,1337.4528,:664322664_0,,,0,4.907599999569356,7.255,6.767,188.7,5.79,True,0,2.956000185688503,True,1446.9178180307365,1322.6679731560641,-37.91113394777067,145.1287852495864,0.6077975383977073,0.6077975383977073,,,
2026-09-10T11:11:13.171,1789002673,native,False,-37.91126207,145.1287656,1445.475727257086,1308.4162076516077,1445.475727257086,1308.4162076516077,1445.472,1308.4162,1446.9143,1322.6639,-4577073#1,,,0,5.180199979804456,6.877,7.255,188.9,4.91,True,0,12.233227090021579,False,1444.271681501945,1308.5824469444065,-37.91126035474725,145.1287519478336,1.2154676807480502,1.2154676807480502,,,
2026-09-10T11:11:15.202,1789002675,native,False,-37.91137062,145.128743,1443.7306605614722,1296.3310675648972,1443.7306605614722,1296.3310675648972,1443.7317,1296.3313,1444.2717,1308.5825,-4577073#1,,,0,5.447700037620962,6.108,6.877,188.9,4.47,True,0,24.44402395948995,False,1442.596440282992,1296.487112015363,-37.91136900920858,145.12873013941044,1.1449041491045129,1.1449041491045129,,,
2026-09-10T11:11:17.245,1789002677,native,False,-37.91149985,145.1287287,1442.761356283212,1281.9658180996776,1442.761356283212,1281.9658180996776,1442.7583,1281.966,1442.5966,1296.4885,-4577073#1,,,0,4.901400068774819,6.771,6.108,188.9,3.57,True,0,38.817105730670185,False,1440.6839463394651,1282.2418546667136,-37.91149698772489,145.12870514259072,2.095668929177441,2.095668929177441,,,
2026-09-10T11:11:19.279,1789002679,native,False,-37.91161248,145.1286973,1440.2517458837247,1269.4124082177877,1440.2517458837247,1269.4124082177877,1440.2546,1269.4126,1440.6841,1282.2433,-4577073#1,,,0,5.0252999644726515,6.505,6.771,188.9,3.02,True,0,51.59289664727803,False,1438.9911824255805,1269.5787040367663,-37.91161075400772,145.1286830051695,1.2714851675965626,1.2714851675965626,,,
2026-09-10T11:11:21.324,1789002681,native,False,-37.91171807,145.1286917,1439.994644614635,1257.6857258183882,1439.994644614635,1257.6857258183882,1439.9924,1257.6851,1438.9915,1269.5815,-4577073#1,,,0,4.829599987715483,5.945,6.505,188.9,2.78,True,0,63.25074913008376,False,1437.4465428705741,1258.0236353153796,-37.911714565228614,145.12866280480512,2.570409563910608,2.570409563910608,,,
2026-09-10T11:11:23.371,1789002684,native,False,-37.91184553,145.128666,1438.0191947358544,1243.4967627171427,1438.0191947358544,1243.4967627171427,1438.0179,1243.4964,1437.4468,1258.0254,-4577073#1,,,0,4.752300097607076,4.414,5.945,188.8,2.56,True,0,77.57696388400468,False,1435.5483512426513,1243.8237304664328,-37.91184213775877,145.1286379806996,2.4923834931607236,2.4923834931607236,,,
2026-09-10T11:11:25.411,1789002686,native,False,-37.91192503,145.128661,1437.7567276044283,1234.6662167478353,1437.7567276044283,1234.6662167478353,1437.758,1234.6662,1435.5487,1243.8264,-4577073#1,,,0,4.677599994465709,4.262,4.414,188.8,2.47,True,0,86.36480331213204,False,1434.3839820413984,1235.1133707621655,-37.911920391984204,145.12862275330497,3.4022579775010073,3.4022579775010073,,,
2026-09-10T11:11:27.444,1789002688,native,False,-37.91201703,145.1286154,1433.9528113831184,1224.3769501028582,1433.9528113831184,1224.3769501028582,1433.9508,1224.3771,1434.3845,1235.1172,-4577073#1,,,0,4.916599951684475,5.202,4.262,188.8,2.4,True,0,97.06781783058138,False,1432.965856395411,1224.5047214874307,-37.91201570051508,145.12860420728458,0.9951912753214769,0.9951912753214769,,,
2026-09-10T11:11:29.476,1789002690,native,False,-37.91213081,145.1285852,1431.5512967033428,1211.6980436285958,1431.5512967033428,1211.6980436285958,1431.5521,1211.6975,1432.9664,1224.5087,-4577073#1,,,0,4.4732000678777695,6.07,5.202,188.8,2.34,True,0,109.95368110837704,False,1431.258508138205,1211.732468971032,-37.912130446936835,145.12858187878695,0.29480544105795187,0.29480544105795187,,,
2026-09-10T11:11:31.521,1789002692,native,False,-37.91223527,145.1285613,1429.6828820761875,1200.0644500218332,1429.6828820761875,1200.0644500218332,1429.6835,1200.0644,1431.2591,1211.7367,-4577073#1,,,0,4.442899953573942,6.006,6.07,188.8,2.31,True,0,121.73276612581449,False,1429.6978055416887,1200.0572365856253,-37.91223533767919,145.1285614680367,0.016575387913690044,0.016575387913690044,,,
2026-09-10T11:11:33.552,1789002694,native,False,-37.91235695,145.1285646,1430.2440799816977,1186.568046568893,1430.2440799816977,1186.568046568893,1430.2481,1186.5686,1429.6985,1200.0624,:cluster_579298_9139166585_12,,,0,5.90270000975579,6.563,6.006,176.2,2.25,True,0,10.032233329931621,True,1429.6994727674987,1186.4790539598634,-37.91235765316797,145.1285583873598,0.5518303201342494,0.5518303201342494,,,
2026-09-10T11:11:35.585,1789002696,native,False,-37.91247759,145.1285554,1429.7040461370489,1173.1649835593998,1429.7040461370489,1173.1649835593998,1429.7023,1173.1649,1429.7001,1186.4752,491516483#0,,,0,4.887899965979159,6.536,6.563,184.2,2.17,True,0,8.143757725691001,False,1429.4410799456075,1173.1797537628102,-37.91247740938698,145.1285524133733,0.2633806688995194,0.2633806688995194,,,
2026-09-10T11:11:37.619,1789002698,native,False,-37.91258599,145.1285439,1428.9345464737853,1161.1160729164258,1428.9345464737853,1161.1160729164258,1428.9373,1161.1157,1429.4411,1173.1799,491516483#0,,,0,5.051399930380285,6.021,6.536,184.8,2.12,True,0,20.217572847711605,False,1428.7458659873282,1161.1259705744103,-37.91258586671489,145.12854175690694,0.18893991003295768,0.18893991003295768,,,
2026-09-10T11:11:39.662,1789002700,native,False,-37.91270203,145.1285401,1428.8590008382453,1148.2329798294231,1428.8590008382453,1148.2329798294231,1428.8552,1148.2333,1428.7459,1161.1268,491516483#0,,,0,4.895600024610758,6.388,6.021,180.8,2.09,True,0,33.10848494614513,False,1428.3369371086785,1148.2430944179978,-37.91270184446425,145.12853416628178,0.5221617016128072,0.5221617016128072,,,
2026-09-10T11:11:41.703,1789002702,native,False,-37.91281212,145.1285644,1431.240549711336,1136.0597266368568,1431.240549711336,1136.0597266368568,1431.2366,1136.0598,1428.337,1148.2449,491516483#0,,,0,4.806000040844083,6.12,6.388,167.4,2.07,True,0,45.785993727013235,False,1429.149490756127,1135.6597744113324,-37.91281534466487,145.1285405326686,2.128964381303975,2.128964381303975,,,
2026-09-10T11:11:43.741,1789002704,native,False,-37.91288392,145.1286609,1439.8840843836078,1128.2627570405602,1439.8840843836078,1128.2627570405602,1439.8812,1128.263,1429.1489,1135.6628,491516483#1,,,0,4.856899962760508,5.544,6.12,128.2,2.05,True,0,2.3904827522349033,False,1439.055043029861,1126.2868569855145,-37.912901569398535,145.12865102247062,2.1427763751152287,2.1427763751152287,,,
2026-09-10T11:11:45.774,1789002706,native,False,-37.91290272,145.1287809,1450.4754851353355,1126.3884011190385,1450.4754851353355,1126.3884011190385,1450.4773,1126.3885,1439.054,1126.2873,:1087758749_0,,,0,4.890499985776842,5.363,5.544,101.7,2.04,True,0,9.00339712673126,True,1450.6591932898325,1125.4676846506109,-37.91291104723359,145.1287827786638,0.9388650069432207,0.9388650069432207,,,
2026-09-10T11:11:47.818,1789002708,native,False,-37.91292849,145.1289287,1463.5263767871656,1123.7896641679108,1463.5263767871656,1123.7896641679108,1463.5223,1123.7899,1450.6652,1125.4689,1470433046#0,,,0,5.314799956977367,6.426,5.363,98.8,2.03,True,0,1.5719642166999477,False,1463.6155084842217,1122.8123189531111,-37.91293731025387,145.12892949038866,0.9814011047028391,0.9814011047028391,,,
2026-09-10T11:11:49.853,1789002710,native,False,-37.91294896,145.1290766,1476.5742458957247,1121.7791979713365,1476.5742458957247,1121.7791979713365,1476.5777,1121.7791,1463.6112,1122.8119,:cluster_6014422831_6077854007_9139166580_13,,,0,4.719899967312813,6.629,6.426,98.6,2.02,True,0,6.831273786465019,True,1475.807415353866,1121.9190187971785,-37.91294756181231,145.12906791277646,0.7794735038900068,0.7794735038900068,,,
2026-09-10T11:11:51.890,1789002712,native,False,-37.91296858,145.1292224,1489.4355981107801,1119.8593262294307,1489.4355981107801,1119.8593262294307,1489.4355,1119.8595,1475.8075,1121.9192,:cluster_6014422831_6077854007_9139166580_12,,,0,4.7787000657990575,6.561,6.629,98.1,2.02,True,0,15.308356020406103,True,1489.8589224009204,1120.4381571411404,-37.912963442300835,145.1292273454402,0.71711134349796,0.71711134349796,,,
2026-09-10T11:11:53.931,1789002714,native,False,-37.91298794,145.1293613,1501.6897676814115,1117.956111826934,1501.6897676814115,1117.956111826934,1501.6921,1117.9564,1489.8607,1120.4369,1470433046#2,,,0,4.679200006648898,6.194,6.561,98.1,2.14,True,0,2.6122776209114087,False,1501.6619582412263,1117.734812601024,-37.91298992848419,145.1293609332987,0.22303971025744834,0.22303971025744834,,,
2026-09-10T11:11:55.980,1789002716,native,False,-37.9130024,145.1294893,1512.9747729254887,1116.5773786539212,1512.9747729254887,1116.5773786539212,1512.9732,1116.5771,1501.6643,1117.7345,1470433046#2,,,0,4.898900049738586,5.78,6.194,98.1,2.11,True,0,13.98093873023049,False,1512.9421891853362,1116.3195934426985,-37.91300471629535,145.12948887069138,0.2598363239568856,0.2598363239568856,,,
2026-09-10T11:11:58.026,1789002718,native,False,-37.91301289,145.129632,1525.5432478577131,1115.6650927532464,1525.5432478577131,1115.6650927532464,1525.5466,1115.6653,1512.9409,1116.3198,1470433046#2,,,0,5.026100086979568,6.054,5.78,98.1,2.33,True,0,26.564999960681437,False,1525.4283663639264,1114.7530761218263,-37.913021084880164,145.1296304856734,0.9192236363374977,0.9192236363374977,,,
2026-09-10T11:12:00.068,1789002720,native,False,-37.91302765,145.1297621,1537.013528401556,1114.2567416764796,1537.013528401556,1114.2567416764796,1537.0135,1114.2566,1525.4321,1114.7526,1470433046#2,,,0,4.907599999569356,5.702,6.054,98,2.85,True,0,38.121178963637085,False,1536.8946566096579,1113.3145139406902,-37.91303611630924,145.12976053342388,0.9496965878636616,0.9496965878636616,,,
2026-09-10T11:12:02.086,1789002722,native,False,-37.91304358,145.1298981,1549.0050925372634,1112.7289519179612,1549.0050925372634,1112.7289519179612,1549.0061,1112.7291,1536.8953,1113.3144,1470433046#2,,,0,4.78560000192374,5.944,5.702,98,3.6,True,0,50.209445894523604,False,1548.8888959825485,1111.8097151972815,-37.91305183968681,145.1298965691022,0.9265515571049229,0.9265515571049229,,,
2026-09-10T11:12:04.122,1789002724,native,False,-37.91305657,145.1300297,1560.6032916678814,1111.5196219012141,1560.6032916678814,1111.5196219012141,1560.6052,1111.5199,1548.8908,1111.8095,1470433046#2,,,0,5.546400090679526,5.856,5.944,98.4,3.72,True,0,61.86777174047072,False,1560.456538530726,1110.3584373438446,-37.91306700368636,145.1300277664865,1.1704213171069988,1.1704213171069988,,,
2026-09-10T11:12:06.155,1789002726,native,False,-37.91307134,145.1301551,1571.6603916300228,1110.1018238561228,1571.6603916300228,1110.1018238561228,1571.6624,1110.1021,1560.4594,1110.3581,1470433046#3,,,0,7.809799979440868,5.415,5.856,96.8,3.89,True,0,0.058958188480464115,False,1571.4883416372252,1108.9214958036944,-37.913081941566396,145.1301528745023,1.1928015389708087,1.1928015389708087,,,
2026-09-10T11:12:08.193,1789002728,native,False,-37.91309017,145.1302803,1582.7089413998765,1108.2331402609125,1582.7089413998765,1108.2331402609125,1582.7101,1108.2327,1571.4902,1108.9212,1470433046#3,,,0,5.152900004759431,5.694,5.415,100.8,4.01,True,0,11.261713228058056,False,1582.5739446261325,1107.3055976481453,-37.913098501117034,145.13027855348352,0.937315009706052,0.937315009706052,,,
2026-09-10T11:12:10.209,1789002730,native,False,-37.91310419,145.1304152,1594.5995300714858,1106.9152878150344,1594.5995300714858,1106.9152878150344,1594.6017,1106.9149,1582.5749,1107.3055,1360476884,,,0,4.950700094923377,6.005,5.694,98.7,3.99,True,0,1.3272085017901272,False,1594.4141737976477,1105.6044477518324,-37.91311596484933,145.13041279347595,1.323880137907747,1.323880137907747,,,
2026-09-10T11:12:12.227,1789002732,native,False,-37.91312525,145.130552,1606.6728151500574,1104.819574393332,1606.6728151500574,1104.819574393332,1606.6704,1104.8193,1594.4166,1105.6041,1360476884,,,0,4.5674999710172415,6.081,6.005,100.5,3.93,True,0,13.572404477564607,False,1606.5391079558597,1103.8924909345767,-37.913133577218616,145.1305502682807,0.9366756926908799,0.9366756926908799,,,
2026-09-10T11:12:14.259,1789002734,native,False,-37.91313881,145.1306823,1618.1579727355856,1103.544621385634,1618.1579727355856,1103.544621385634,1618.1567,1103.5451,1606.5395,1103.8924,1360476884,,,0,4.730700049549341,5.884,6.081,98.4,4.04,True,0,25.12064433199101,False,1617.973930898275,1102.2779730464842,-37.913150187004305,145.13067991853964,1.279948988417641,1.279948988417641,,,
2026-09-10T11:12:16.295,1789002736,native,False,-37.91315609,145.1308095,1629.3788754408597,1101.8513974016532,1629.3788754408597,1101.8513974016532,1629.3792,1101.8511,1617.9777,1102.2774,1470433048,,,0,4.801700008101761,5.688,5.884,99.6,4.06,True,0,4.075020504241859,False,1629.1960071275769,1100.5374712663863,-37.913167893108366,145.1308071211219,1.3265906335190016,1.3265906335190016,,,
2026-09-10T11:12:18.329,1789002739,native,False,-37.91317721,145.1309783,1644.2654687584727,1099.8053844114766,1644.2654687584727,1099.8053844114766,1644.2669,1099.8053,1629.1962,1100.5375,1470433048,,,0,4.836300038732588,5.024,5.688,100.7,4.01,True,0,19.036839533629433,False,1643.9390915577808,1098.0015216645606,-37.9131934006504,145.13097417769183,1.8331510812921317,1.8331510812921317,,,
2026-09-10T11:12:20.347,1789002741,native,False,-37.91319581,145.1310851,1653.6958854302648,1097.929692979902,1653.6958854302648,1097.929692979902,1653.6946,1097.9301,1643.9393,1098.0015,1470433048,,,0,4.681099904701114,4.651,5.024,102.3,4.19,True,0,28.65126160669999,False,1653.398763155093,1096.2834631468868,-37.913210585945656,145.13108134629152,1.672828236703509,1.672828236703509,,,
2026-09-10T11:12:24.420,1789002745,native,False,-37.91329917,145.1310705,1652.642331927782,1086.4346121018752,1652.642331927782,1086.4346121018752,1652.639,1086.435,1657.9972,1092.7571,711979119,,,0,5.006799940019846,3.486,3.451,223.4,4.15,True,0,8.858269917510682,False,1652.229910720419,1085.244672718489,-37.91330981475185,145.13106553931152,1.2593835747762872,1.2593835747762872,,,
2026-09-10T11:12:26.442,1789002747,native,False,-37.91325149,145.1309645,1643.2175538942683,1091.538575376384,1643.2175538942683,1091.538575376384,1643.2201,1091.5383,1652.2252,1085.2463,711979119,,,0,4.822400049306452,4.624,3.486,296.5,4.1,True,0,19.939931195027444,False,1643.1323773637419,1091.4213933117653,-37.91325253021712,145.13096350479083,0.1448677935940894,0.1448677935940894,,,
2026-09-10T11:12:28.476,1789002749,native,False,-37.91318856,145.1308522,1633.2049827955198,1098.323638793081,1633.2049827955198,1098.323638793081,1633.2079,1098.3242,1643.131,1091.4224,1470433048,,,0,4.521300084888935,5.845,4.624,300.8,4.08,True,0,8.418481406467084,False,1633.4916429204934,1099.8989795133457,-37.91317442075801,145.13085581863064,1.6012096715214565,1.6012096715214565,,,
2026-09-10T11:12:30.520,1789002751,native,False,-37.91316706,145.130705,1620.216448759369,1100.4498799825087,1620.216448759369,1100.4498799825087,1620.2173,1100.4496,1632.3563,1095.5515,1360476884,,,0,4.819300025701523,6.419,5.845,282.1,4.15,True,0,27.59106209354824,False,1620.4200863343676,1101.932592822539,-37.91315374017761,145.13070765353672,1.4966314268856435,1.4966314268856435,,,
2026-09-10T11:12:32.550,1789002753,native,False,-37.91315,145.1305527,1606.789435250801,1102.0744238812476,1606.789435250801,1102.0744238812476,1606.7857,1102.0738,1619.9795,1098.7642,-1360476884,,,0,7.0418999530375,6.639,6.419,279.3,4.28,True,0,17.900827583451456,False,1606.5862563502828,1100.6544618734479,-37.91316275462751,145.130550065961,1.4344245428779205,1.4344245428779205,,,
2026-09-10T11:12:34.585,1789002755,native,False,-37.91313507,145.1304123,1594.4133130908012,1103.4835737692192,1594.4133130908012,1103.4835737692192,1594.4123,1103.4837,1606.5854,1100.6546,-1360476884,,,0,5.6856999872252345,6.287,6.639,279.3,4.36,True,0,30.35433399580115,False,1594.2549653272,1102.3948881621673,-37.913144848512225,145.13041025123658,1.1001410660636364,1.1001410660636364,,,
2026-09-10T11:12:36.616,1789002757,native,False,-37.91311613,145.1302712,1581.9667213910725,1105.336440528743,1581.9667213910725,1105.336440528743,1581.971,1105.3369,1594.2586,1102.3944,-1470433046#3,,,0,5.24640001822263,6.337,6.287,279.3,4.41,True,0,1.5067035495818575,False,1581.799099536115,1104.187649702757,-37.91312644827472,145.13026903205989,1.1609554031611264,1.1609554031611264,,,
2026-09-10T11:12:38.648,1789002759,native,False,-37.91309392,145.1301305,1569.5480089942575,1107.5528496960178,1569.5480089942575,1107.5528496960178,1569.5443,1107.5525,1581.8031,1104.1871,:cluster_5408819666_9141044968_1,,,0,4.8507999163120985,6.296,6.337,280.6,4.1,True,0,1.6361564693125612,True,1569.338076262958,1105.985340157178,-37.91310800253668,145.1301277554422,1.5815049497313851,1.5815049497313851,,,
2026-09-10T11:12:40.678,1789002761,native,False,-37.91308093,145.1299963,1557.7212451014202,1108.7576065510511,1557.7212451014202,1108.7576065510511,1557.7245,1108.7572,1569.3362,1105.9856,-1470433046#2,,,0,4.57680004183203,5.927,6.296,276.5,3.84,True,0,6.364579385080822,False,1557.5647924211914,1107.5012167753239,-37.91309221956236,145.12999423447604,1.2660934837928643,1.2660934837928643,,,
2026-09-10T11:12:42.704,1789002763,native,False,-37.91307162,145.1298488,1544.733434259193,1109.5305361924693,1544.733434259193,1109.5305361924693,1544.7359,1109.5309,1557.5671,1107.5009,-1470433046#2,,,0,4.732499946840107,6.427,5.927,275,3.99,True,0,19.345790069457767,False,1544.6842805859153,1109.1149843216235,-37.91307535449895,145.12984814630445,0.418448851067984,0.418448851067984,,,
2026-09-10T11:12:44.738,1789002765,native,False,-37.9130486,145.1296982,1531.4425655834493,1111.8193078748882,1531.4425655834493,1111.8193078748882,1531.4468,1111.8196,1544.6838,1109.115,-1470433046#2,,,0,4.6941000036895275,6.714,6.427,280.7,3.97,True,0,32.81607756967896,False,1531.3184858392058,1110.7895517665036,-37.913057853841636,145.12969655423026,1.0372046209340642,1.0372046209340642,,,
2026-09-10T11:12:46.769,1789002767,native,False,-37.91302771,145.1295469,1518.0948925224948,1113.870467800647,1518.0948925224948,1113.870467800647,1518.097,1113.8706,1531.3177,1110.7896,-1470433046#2,,,0,4.722300102002919,6.738,6.714,280,4.3,True,0,46.31318594673566,False,1517.9260782726362,1112.4674534659189,-37.91304031814438,145.12954466039906,1.4131339194881531,1.4131339194881531,,,
2026-09-10T11:12:48.798,1789002769,native,False,-37.91300839,145.1293971,1504.882576664153,1115.750037457794,1504.882576664153,1115.750037457794,1504.8859,1115.7498,1517.9213,1112.4681,1470433046#2,,,0,4.922199994325638,6.745,6.738,278.5,4.55,True,0,6.054813986777915,False,1505.0777171302516,1117.3062710716954,-37.91299440638556,145.1293996739256,1.5684204992749562,1.5684204992749562,,,
2026-09-10T11:12:50.836,1789002771,native,False,-37.91299903,145.1292435,1491.3583675355767,1116.5176693201065,1491.3583675355767,1116.5176693201065,1491.3571,1116.5181,1504.6825,1114.1267,:cluster_6014422831_6077854007_9139166580_20,,,0,4.994800081476569,6.653,6.745,278.1,4.66,True,0,2.232005806082526,True,1491.2619952121604,1115.8664426063854,-37.91300487896817,145.1292422555999,0.6583189632577012,0.6583189632577012,,,
2026-09-10T11:12:52.859,1789002773,native,False,-37.91297821,145.1290967,1478.4064358621836,1118.5689374338835,1478.4064358621836,1118.5689374338835,1478.4105,1118.569,1491.2607,1115.8666,:cluster_6014422831_6077854007_9139166580_1,,,0,4.67890000436455,6.567,6.653,278.1,4.52,True,0,17.344472634362873,True,1478.3868380755534,1118.7483859799947,-37.912976589945174,145.12909651812,0.18051552271818508,0.18051552271818508,,,
2026-09-10T11:12:54.891,1789002775,native,False,-37.91296138,145.1289733,1467.5205385328736,1120.2187279229984,1467.5205385328736,1120.2187279229984,1467.5165,1120.219,1478.3831,1118.7478,-1470433046#0,,,0,4.489999962970614,5.576,6.567,278.6,3.98,True,0,7.847762306391168,False,1467.4179846462014,1119.64923268019,-37.91296649159229,145.12897200394684,0.5786554512428191,0.5786554512428191,,,
2026-09-10T11:12:56.930,1789002777,native,False,-37.91296662,145.128872,1458.6266657443484,1119.458506415598,1458.6266657443484,1119.458506415598,1458.6259,1119.4583,1467.4134,1119.6501,:13485235054_0,,,0,5.273199989460409,4.648,5.576,278.8,3.48,True,0,3.185590296157131,True,1459.396643477018,1118.427495132103,-37.91297604680695,145.12888051959467,1.2867983429818752,1.2867983429818752,,,
2026-09-10T11:13:00.994,1789002781,native,False,-37.91314589,145.1287547,1448.7138710439904,1099.3587870262563,1448.7138710439904,1099.3587870262563,1448.7145,1099.3589,1454.4454,1114.8447,-93686025#2,,,0,4.632600001059473,6.327,0,188.8,2.97,True,0,10.009371795945048,False,1449.381405897147,1099.2201571244204,-37.91314725952634,145.12876225848183,0.6817778449479858,0.6817778449479858,,,
2026-09-10T11:13:03.023,1789002783,native,False,-37.91327256,145.1287333,1447.114727142849,1085.2650733646005,1447.114727142849,1085.2650733646005,1447.1127,1085.2646,1449.3821,1099.2235,:cluster_1087758731_9139166577_9141044959_0,,,0,4.4510000152513385,6.936,6.327,188.3,2.69,True,0,0.5421177709593056,True,1447.3035197667332,1085.24197392612,-37.91327280222689,145.12873544137494,0.19020052284679154,0.19020052284679154,,,
2026-09-10T11:13:05.047,1789002785,native,False,-37.91339986,145.1287149,1445.7807301641442,1071.1067456481978,1445.7807301641442,1071.1067456481978,1445.7825,1071.1071,1447.3034,1085.241,-93686025#0,,,0,4.5619000447914,7.063,6.936,187.4,2.43,True,0,0.7338137783653096,False,1445.5672748152745,1071.1308640695104,-37.91339960413325,145.12871247842855,0.21481360340469022,0.21481360340469022,,,
2026-09-10T11:13:07.090,1789002787,native,False,-37.91351449,145.1287023,1444.9284032493597,1058.3645813250914,1444.9284032493597,1058.3645813250914,1444.9251,1058.364,1445.5674,1071.1315,-93686025#0,,,0,4.4145999709144235,6.321,7.063,181.8,2.27,True,0,13.486158437158602,False,1444.0846769032742,1058.4650919696078,-37.913513431991134,145.12869272940614,0.849692024641833,0.849692024641833,,,
2026-09-10T11:13:09.123,1789002789,native,False,-37.91360087,145.128781,1452.0394960198319,1048.9183145891875,1452.0394960198319,1048.9183145891875,1452.0413,1048.9187,1444.0848,1058.4659,-93686025#0,,,0,4.361500032246113,5.78,6.321,145.8,2.2,True,0,31.284345464496912,False,1451.9666571697023,1048.4112234660936,-37.91360542481306,145.12878005603858,0.5122957204670361,0.5122957204670361,,,
2026-09-10T11:13:11.152,1789002791,native,False,-37.91361633,145.1289004,1462.5706051053712,1047.4135107165202,1462.5706051053712,1047.4135107165202,1462.5709,1047.4136,1451.9642,1048.4116,-93686025#0,,,0,4.507000092417002,4.976,5.78,103.7,2.16,True,0,41.92342897686893,False,1462.4848566899134,1046.8119808840393,-37.91362173320395,145.12889928770238,0.6076108377227472,0.6076108377227472,,,
2026-09-10T11:13:13.198,1789002793,native,False,-37.91362591,145.1290064,1471.910594708519,1046.5375220254064,1471.910594708519,1046.5375220254064,1471.908,1046.5379,1462.4795,1046.8128,-93686025#0,,,0,5.105299991555512,4.728,4.976,99.5,2.13,True,0,51.29023340156424,False,1471.7452330833473,1045.403984370399,-37.91363609125036,145.12900426104733,1.1455357185173025,1.1455357185173025,,,
2026-09-10T11:13:15.239,1789002795,native,False,-37.91363232,145.1291156,1481.5248390685883,1046.0189285408705,1481.5248390685883,1046.0189285408705,1481.529,1046.0189,1471.7358,1045.4054,-93686025#0,,,0,4.381899954751134,4.838,4.728,99.5,2.11,True,0,60.8744828909333,False,1481.2205838749298,1043.9633020143854,-37.913650782514836,145.12911167133524,2.0780210872986133,2.0780210872986133,,,
2026-09-10T11:13:17.274,1789002797,native,False,-37.91365192,145.1292407,1492.5662543004146,1044.0647488813847,1492.5662543004146,1044.0647488813847,1492.5657,1044.0646,1481.2166,1043.9639,-93686034#0,,,0,4.789000027813017,5.501,4.838,99.6,2.09,True,0,5.356944274397193,False,1492.3375422713236,1042.3941577326243,-37.91366692769582,145.12923771819462,1.6861743618521696,1.6861743618521696,,,
2026-09-10T11:13:19.299,1789002799,native,False,-37.91367484,145.1293698,1503.9667039244669,1041.749207675457,1503.9667039244669,1041.749207675457,1503.9692,1041.7497,1492.3373,1042.3942,-93686034#0,,,0,4.825799958780408,5.726,5.501,99.6,2.12,True,0,16.965472812504043,False,1503.8390163893837,1040.8212534343165,-37.913683176129105,145.12936813638026,0.9366980197834301,0.9366980197834301,,,
2026-09-10T11:13:21.321,1789002802,native,False,-37.91369232,145.1295618,1520.8846789167728,1040.1482653263956,1520.8846789167728,1040.1482653263956,1520.8828,1040.1479,1503.8422,1040.8208,-93686034#0,,,0,4.481499898247421,5.258,5.726,99.4,2.12,True,0,33.94445148374578,False,1520.662521089391,1038.5287877664114,-37.913706868447996,145.12955890444456,1.634644202130721,1.634644202130721,,,
2026-09-10T11:13:23.345,1789002804,native,False,-37.91370754,145.1296772,1531.0635783964535,1038.6629493851215,1531.0635783964535,1038.6629493851215,1531.0609,1038.6632,1520.6623,1038.5288,-93686034#0,,,0,4.768199985846877,4.662,5.258,98.9,2.1,True,0,44.23021272926204,False,1530.8541720992205,1037.1405752129424,-37.91372121602774,145.12967447161216,1.5367088590356872,1.5367088590356872,,,
2026-09-10T11:13:27.413,1789002808,native,False,-37.91379749,145.1297963,1541.7341289650649,1028.8917282531038,1541.7341289650649,1028.8917282531038,1541.7346,1028.8922,1537.5632,1036.2267,:cluster_1300273225_1300273227_1300273230_4,,,0,5.0760000012815,4.171,3.644,153.6,2.09,True,0,3.1653406910316715,True,1542.6409467277988,1029.1199799946585,-37.91379559776018,145.1298066630344,0.9351028351643887,0.9351028351643887,,,
2026-09-10T11:13:29.447,1789002810,native,False,-37.91390565,145.1297756,1540.1551747717313,1016.8532341755927,1540.1551747717313,1016.8532341755927,1540.1524,1016.8532,1542.641,1029.1198,:588089675_0,,,0,5.651699961163104,5.738,4.171,184.8,2.15,True,0,4.348508163923833,True,1540.980327600221,1016.6200965089022,-37.91390789929854,145.12978492921525,0.8574557492923693,0.8574557492923693,,,
2026-09-10T11:13:31.482,1789002812,native,False,-37.91402391,145.1297513,1538.2822335174424,1003.6876420760527,1538.2822335174424,1003.6876420760527,1538.283,1003.6877,1540.9811,1016.6227,-46129059#3,,,0,4.727699910290539,6.515,5.738,187.8,2.62,True,0,12.421967204096237,False,1539.3132170493327,1003.5649354685403,-37.91402520171736,145.1297629948267,1.0382600611389696,1.0382600611389696,,,
2026-09-10T11:13:33.520,1789002814,native,False,-37.91414286,145.1297322,1536.867974193825,990.4546557944268,1536.867974193825,990.4546557944268,1536.8716,990.4545,1539.3133,1003.5652,-46129059#3,,,0,4.800800001248717,6.647,6.515,187,3.12,True,0,25.729490129442755,False,1537.7418678884626,990.3505104631436,-37.91414395612154,145.12974211288332,0.8800775190604384,0.8800775190604384,,,
2026-09-10T11:13:35.551,1789002816,native,False,-37.91426293,145.1297055,1534.7880909586092,977.0839817114174,1534.7880909586092,977.0839817114174,1534.7924,977.0842,1537.7419,990.351,:588089689_4,,,0,4.264699993655086,6.712,6.647,189.2,3.49,True,0,9.288293792717699,True,1536.0598611740309,976.9169834510471,-37.91426466423482,145.1297199226374,1.2826877639551395,1.2826877639551395,,,
2026-09-10T11:13:37.590,1789002818,native,False,-37.91436913,145.1296823,1532.9850210599834,965.2585662314668,1532.9850210599834,965.2585662314668,1532.9855,965.259,1536.0605,976.9218,:cluster_1087758767_13253252981_5408819640_19,,,0,4.224400036036968,6.018,6.712,189.7,5.37,True,0,7.193678241766951,True,1534.4625676571911,965.0603204872159,-37.91437118291767,145.129699055324,1.4907868130734574,1.4907868130734574,,,
2026-09-10T11:13:39.616,1789002820,native,False,-37.9144525,145.1296732,1532.370665579103,955.9913554210216,1532.370665579103,955.9913554210216,1532.3743,955.9915,1534.4626,965.0607,-46129059#1,,,0,4.630999988876283,4.863,0,187.1,6.27,True,0,5.187662705505938,False,1533.2407359050985,955.8770004243171,-37.91445368740731,145.12968306712023,0.8775530966553231,0.8775530966553231,,,
2026-09-10T11:13:41.657,1789002822,native,False,-37.91453851,145.1296554,1530.9973675226793,946.4158494984731,1530.9973675226793,946.4158494984731,1530.9949,946.4157,1533.2407,955.877,-46129059#1,,,0,4.550300072878599,4.832,4.863,190.4,5.78,True,0,14.85951083104002,False,1531.9743198838635,946.2884219778238,-37.914539834489226,145.1296664794617,0.9852277346087198,0.9852277346087198,,,
2026-09-10T11:13:43.680,1789002824,native,False,-37.91463223,145.129653,1530.9950641929172,936.011968693696,1530.9950641929172,936.011968693696,1530.996,936.0118,1531.9741,946.2864,-46129059#1,,,0,4.372099996544421,5.043,4.832,187.7,5.46,True,0,25.17301747603574,False,1530.623886142472,936.0637093644306,-37.914631696813956,145.12964879128245,0.3747669170836501,0.3747669170836501,,,
2026-09-10T11:13:47.759,1789002828,native,False,-37.91472352,145.1296314,1529.2994698790135,925.8438630346209,1529.2994698790135,925.8438630346209,1529.2981,925.8435,1528.6635,929.2933,:563619361_0,,,0,4.869000054895878,1.958,3.552,187.8,4.74,True,0,3.58941724749268,True,1529.4102131248578,925.8056748953833,-37.91472388402544,145.12963265050706,0.11714265012611323,0.11714265012611323,,,
2026-09-10T11:13:55.923,1789002836,native,False,-37.91480773,145.1297863,1543.1042968301335,916.7727357689291,1543.1042968301335,916.7727357689291,1543.1023,916.7732,1529.4079,920.6973,44348023#1,,,0,4.652600036934018,3.894,2.239,95.2,3.78,True,0,9.330327458323348,False,1543.1229211352859,917.1953580091456,-37.914803926293324,145.1297866081922,0.423032413259309,0.423032413259309,,,
2026-09-10T11:13:57.943,1789002838,native,False,-37.91481591,145.1298934,1552.537709698663,916.0539516443387,1552.537709698663,916.0539516443387,1552.5393,916.0536,1543.1401,917.1938,44348023#1,,,0,4.798599984496832,4.84,3.894,95.9,3.61,True,0,18.774572956194753,False,1552.516169600103,916.2169813434328,-37.91481443749981,145.12989319226853,0.164446522105873,0.164446522105873,,,
2026-09-10T11:13:59.978,1789002840,native,False,-37.91482579,145.1300133,1563.1001574634574,915.1690915776417,1563.1001574634574,915.1690915776417,1563.1038,915.1692,1552.5563,916.2127,44348023#1,,,0,4.665500018745661,5.271,4.84,95.9,3.45,True,0,29.349413031033354,False,1563.0311018964321,915.0929522459317,-37.91482646339947,145.13001249742422,0.10279041380612725,0.10279041380612725,,,
2026-09-10T11:14:02.003,1789002842,native,False,-37.91480244,145.1301338,1573.6413752536755,917.9726455509663,1573.6413752536755,917.9726455509663,1573.642,917.9724,1563.095,915.0861,1038136215,,,0,4.960700054652989,5.179,5.271,93.7,3.62,True,0,9.213806093678542,False,1573.1083677447618,913.813370196958,-37.914839811340634,145.13012679058826,4.193288503670969,4.193288503670969,,,
2026-09-10T11:14:04.023,1789002844,native,False,-37.91481665,145.1302638,1585.1013547416078,916.6250905906782,1585.1013547416078,916.6250905906782,1585.0992,916.6255,1573.1066,913.8136,1038136215,,,0,4.528900026343763,5.627,5.179,96.1,3.5,True,0,20.755184927087303,False,1584.5552511487504,912.3395025937637,-37.91485515683551,145.1302566129298,4.320242309573555,4.320242309573555,,,
2026-09-10T11:14:06.065,1789002846,native,False,-37.91482073,145.1303956,1596.697021044325,916.4047699095681,1596.697021044325,916.4047699095681,1596.6933,916.4049,1584.5475,912.3405,139327110#0,,,0,4.4617000967264175,5.659,5.627,93.6,3.73,True,0,4.505757740876876,False,1596.2920874771578,913.1101942014493,-37.91485033509644,145.13039024422187,3.319367453347927,3.319367453347927,,,
2026-09-10T11:14:08.099,1789002848,native,False,-37.91483965,145.1305248,1608.0971473159152,914.533126858063,1608.0971473159152,914.533126858063,1608.0978,914.5333,1596.2883,913.1107,139327110#0,,,0,4.958700039424002,5.675,5.659,98.7,3.66,True,0,16.049349521389082,False,1607.7494172343063,911.7016112145193,-37.91486509409159,145.13052020031967,2.8527875927395536,2.8527875927395536,,,
2026-09-10T11:14:10.139,1789002850,native,False,-37.91485199,145.1306659,1620.5287566293846,913.4125990774482,1620.5287566293846,913.4125990774482,1620.5247,913.4123,1607.7497,911.7016,139327110#0,,,0,4.413999966345727,6.123,5.675,96.4,3.8,True,0,28.525085037675435,False,1620.1319250785605,910.1792853100858,-37.91488104471399,145.13066065042273,3.2575747417281313,3.2575747417281313,,,
2026-09-10T11:14:12.177,1789002852,native,False,-37.91487065,145.1308049,1632.7898138247547,911.5870511345565,1632.7898138247547,911.5870511345565,1632.7903,911.5874,1620.1273,910.1799,139327110#0,,,0,4.022000008262694,6.147,6.123,98.4,3.84,True,0,40.91756959358449,False,1632.4318040735122,908.6671179324491,-37.914896888732876,145.13080016336497,2.9417989201769497,2.9417989201769497,,,
2026-09-10T11:14:14.219,1789002854,native,False,-37.91488937,145.1309458,1645.218027628085,909.7581764888018,1645.218027628085,909.7581764888018,1645.2207,909.7587,1632.4313,908.6672,139327110#0,,,0,4.5544999884441495,6.236,6.147,99,3.97,True,0,53.47637149699316,False,1644.8967575730783,907.1346560233898,-37.914912945224295,145.13094154875373,2.6431182494697554,2.6431182494697554,,,
2026-09-10T11:14:16.242,1789002856,native,False,-37.91490605,145.1310839,1657.3955473083188,908.1507163606584,1657.3955473083188,908.1507163606584,1657.3944,908.1507,1644.8981,907.1345,139327110#0,,,0,4.104599938727915,6.19,6.236,97.8,3.82,True,0,65.76109692640762,False,1657.0899154965546,905.6375367968601,-37.91492863407948,145.1310798517709,2.531695543357397,2.531695543357397,,,
2026-09-10T11:14:18.283,1789002858,native,False,-37.91491717,145.131224,1669.7365118194139,907.1637291507795,1669.7365118194139,907.1637291507795,1669.7398,907.1634,1657.0872,905.6379,:cluster_10216473063_27606983_563623900_90889748_13,,,0,3.9944000309333205,6.156,6.19,95.7,3.94,True,0,19.817411323760474,True,1671.2991020529312,907.084670920938,-37.91491816439404,145.13124174967476,1.5645889049809094,1.5645889049809094,,,
2026-09-10T11:14:20.318,1789002860,native,False,-37.91493298,145.1313641,1682.08790592046,905.6562973391265,1682.08790592046,905.6562973391265,1682.0906,905.656,1669.5065,904.3116,:cluster_10216473063_27606983_563623900_90889748_23,,,0,4.06549999024719,6.241,6.156,97,3.91,True,0,3.8298863021533904,True,1682.9273866847054,905.4868080226615,-37.91493465840578,145.13137360682498,0.8564196295823793,0.8564196295823793,,,
2026-09-10T11:14:22.355,1789002863,native,False,-37.91500275,145.1315679,1700.1592016597278,898.2734292047098,1700.1592016597278,898.2734292047098,1700.1604,898.2735,1682.4901,904.417,:563623079_2,,,0,5.66849997267127,6.321,6.241,98.5,8.32,True,0,2.8975008914348948,True,1700.150652877908,897.8609086759586,-37.91500646453453,145.13156770876628,0.4126090986778824,0.4126090986778824,,,
2026-09-10T11:14:24.391,1789002865,native,False,-37.91502003,145.1317041,1712.1709947055206,896.5959613015875,1712.1709947055206,896.5959613015875,1712.1735,896.5959,1700.1321,897.8622,1209622645,,,0,5.834400071762502,6.106,6.321,99.1,8.3,True,0,7.421098091330275,False,1712.1631566950896,896.5381100366787,-37.915020549722044,145.131703997691,0.0583798189365277,0.0583798189365277,,,
2026-09-10T11:14:26.431,1789002867,native,False,-37.91503922,145.1318545,1725.4353529459331,894.731552763842,1725.4353529459331,894.731552763842,1725.4389,894.7319,1712.1656,896.5378,1209622645,,,0,4.294299986213446,6.588,6.106,99.2,8.03,True,0,20.815803950843012,False,1725.4352317785194,894.7297494413696,-37.91503923622285,145.13185449821125,0.0018073885807708763,0.0018073885807708763,,,
2026-09-10T11:14:28.464,1789002869,native,False,-37.91505935,145.1320102,1739.1677177448291,892.7721534790471,1739.1677177448291,892.7721534790471,1739.1651,892.7717,1725.4386,894.7293,1209622645,,,0,4.434100002981722,6.944,6.588,99.7,7.73,True,0,34.68705880036306,False,1739.1794929661194,892.8570520532782,-37.91505858734009,145.13201035323934,0.08571128130471682,0.08571128130471682,,,
2026-09-10T11:14:30.510,1789002871,native,False,-37.9150792,145.1321567,1752.0906799626537,890.827594153583,1752.0906799626537,890.827594153583,1752.0871,890.8277,1739.1768,892.8574,1209622645,,,0,4.232599982060492,6.707,6.944,99.7,6.52,True,0,47.75431304080822,False,1752.1271143049103,891.0928992674575,-37.91507681664792,145.13215717473764,0.2677951917858064,0.2677951917858064,,,
2026-09-10T11:14:32.551,1789002873,native,False,-37.91509869,145.1323005,1764.7754775441717,888.9182058889419,1764.7754775441717,888.9182058889419,1764.7781,888.9183,1752.1233,891.0934,1209622645,,,0,3.8796000881120563,6.387,6.707,99.7,3.5,True,0,60.580833364027406,False,1764.8362056858164,889.3612469138548,-37.9150947099465,145.13230129146743,0.4471836948542054,0.4471836948542054,,,
2026-09-10T11:14:34.594,1789002875,native,False,-37.91511867,145.1324465,1777.65475958772,886.9583004182205,1777.65475958772,886.9583004182205,1777.6516,886.9583,1764.8384,889.3609,569766862#0,,,0,4.102300037629902,6.442,6.387,99.8,3.78,True,0,8.352795827861819,False,1777.6419653571943,886.8715348688422,-37.91511944929479,145.13244633475273,0.08770377924385024,0.08770377924385024,,,
2026-09-10T11:14:36.635,1789002877,native,False,-37.91513938,145.1325971,1790.9400431093527,884.9254722781479,1790.9400431093527,884.9254722781479,1790.9376,884.9249,1777.6388,886.872,569766862#0,,,0,4.008800024166703,6.651,6.442,99.8,5.62,True,0,21.79275458384372,False,1790.9357745119266,884.8948888408322,-37.91513965473229,145.13259704449575,0.030879889281387858,0.030879889281387858,,,
2026-09-10T11:14:38.674,1789002879,native,False,-37.91516006,145.1327474,1804.1988792717457,882.8954234281555,1804.1988792717457,882.8954234281555,1804.1996,882.8951,1790.9332,884.8953,569766862#0,,,0,3.958999994210899,6.578,6.651,99.8,3.43,True,0,35.20614448313245,False,1804.2033037266121,882.9221503564393,-37.91515982003609,145.13274745639742,0.027090671758958875,0.027090671758958875,,,
2026-09-10T11:14:40.705,1789002881,native,False,-37.91517953,145.13289,1816.7781119787833,880.9860614128411,1816.7781119787833,880.9860614128411,1816.7739,880.9863,1804.2036,882.9221,569766862#0,,,0,3.7776000099256635,6.52,6.578,99.7,3.68,True,0,47.929562685793826,False,1816.7883641760534,881.050887616008,-37.91517894788049,145.13289013134073,0.06563188376016214,0.06563188376016214,,,
2026-09-10T11:14:42.722,1789002883,native,False,-37.91520093,145.1330483,1830.7418124665273,878.8901631394401,1830.7418124665273,878.8901631394401,1830.7407,878.8899,1816.7836,881.0516,569766862#0-AddedOffRampEdge,,,0,4.330000025220215,7.003,6.52,99.7,3.51,True,1,3.5320263883709115,False,1830.7536752818264,878.9709205905613,-37.91520020465849,145.13304845328187,0.08162409140936353,0.08162409140936353,,,
2026-09-10T11:14:44.738,1789002885,native,False,-37.91522172,145.1332028,1844.3700915038935,876.8552393242717,1844.3700915038935,876.8552393242717,1844.3682,876.8551,1830.7527,878.9711,569766862#0-AddedOffRampEdge,,,0,4.909200011752546,6.938,7.003,99.4,6.09,True,1,17.310863641429137,False,1844.3829004999093,876.9459326891065,-37.91522090532392,145.13320296630195,0.09159343210073403,0.09159343210073403,,,
2026-09-10T11:14:46.780,1789002887,native,False,-37.91524203,145.1333569,1857.962132000248,874.8728520609438,1857.962132000248,874.8728520609438,1857.959,874.8727,1844.3817,876.9461,569766862#0-AddedOffRampEdge,,,0,4.9992999993264675,7.035,6.938,99.4,3.57,True,1,31.04613653077596,False,1857.969034380632,874.9273471645599,-37.91524154034053,145.13335699089473,0.05493049401829013,0.05493049401829013,,,
2026-09-10T11:14:48.800,1789002889,native,False,-37.91526361,145.1335206,1872.400920761167,872.7664167620242,1872.400920761167,872.7664167620242,1872.4016,872.766,1857.9672,874.9276,569766862#0-AddedOffRampEdge,,,0,4.920799983665347,7.241,7.035,99.4,3.73,True,1,45.63716159102614,False,1872.4016285869902,872.782997196984,-37.91526346076723,145.13352061182388,0.016595536775043437,0.016595536775043437,,,
2026-09-10T11:14:50.837,1789002891,native,False,-37.91528443,145.1336803,1886.4863731263904,870.7372486982495,1886.4863731263904,870.7372486982495,1886.4894,870.7375,1872.4041,872.7826,569766862#0-AddedOffRampEdge,,,0,4.2885999428108335,7.23,7.241,99.2,6.1,True,1,59.867345076146634,False,1886.4772992732308,870.6916778161375,-37.91528483887659,145.13368018644795,0.04646547220922285,0.04646547220922285,,,
2026-09-10T11:14:52.870,1789002893,native,False,-37.91530445,145.1338361,1900.227191951708,868.7899642791599,1900.227191951708,868.7899642791599,1900.2298,868.7897,1886.4825,870.6909,569766862#0-AddedOffRampEdge,,,0,3.835399984382093,7.079,7.23,99.2,6.18,True,1,73.74461659939479,False,1900.203889952053,868.6522236572938,-37.91530568659748,145.13383580368057,0.1396977526661662,0.1396977526661662,,,
2026-09-10T11:14:54.898,1789002895,native,False,-37.91532473,145.1339939,1914.144400075893,866.8173260381445,1914.144400075893,866.8173260381445,1914.1438,866.8172,1900.2092,868.6514,569766862#0-AddedOffRampEdge,,,0,3.654700005427003,6.995,7.079,99.2,3.83,True,1,87.8000814773624,False,1914.1067391437841,866.5865815566957,-37.915326801809286,145.13399341923963,0.23379769358654837,0.23379769358654837,,,
2026-09-10T11:14:56.937,1789002897,native,False,-37.91534492,145.134151,1927.9998635887168,864.8534193690866,1927.9998635887168,864.8534193690866,1927.9963,864.8534,1914.1094,866.5862,569766862#1,,,0,4.0689000161364675,6.96,6.995,99.2,3.34,True,0,4.696398172638407,False,1928.083076591818,865.1833990393792,-37.91534196247006,145.1341520213058,0.34031013310144953,0.34031013310144953,,,
2026-09-10T11:14:58.977,1789002899,native,False,-37.91530064,145.1343133,1942.169252472464,870.0525544108823,1942.169252472464,870.0525544108823,1942.17,870.0529,1928.0089,865.1862,44348588#0,,,0,4.085800028406084,6.695,6.96,92.7,2.78,True,0,18.710432687087625,False,1942.148546416151,868.2743266427391,-37.915316654968684,145.13431265982558,1.7783483168838494,1.7783483168838494,,,
2026-09-10T11:15:01.014,1789002901,native,False,-37.91525924,145.134445,1953.655015342054,874.8782440023497,1953.655015342054,874.8782440023497,1953.6512,874.8785,1942.1447,868.2744,:563629442_6,,,0,3.9166000206023455,6.061,6.695,71.2,2.47,True,0,3.518877355464987,True,1954.7056011482366,875.461528371285,-37.91525417505531,145.13445707868897,1.201645201878131,1.201645201878131,,,
2026-09-10T11:15:03.057,1789002903,native,False,-37.91521102,145.134568,1964.360829511308,880.4453915683553,1964.360829511308,880.4453915683553,1964.364,880.4458,1954.704,875.4643,44348588#1,,,0,3.943899995647371,5.932,6.061,57.1,2.34,True,0,5.9867275565267795,False,1964.2953866591008,880.5245024420333,-37.915210295551525,145.13456727386995,0.10267081980351404,0.10267081980351404,,,
2026-09-10T11:15:05.091,1789002905,native,False,-37.91513079,145.1346819,1974.1955933585996,889.5485049625859,1974.1955933585996,889.5485049625859,1974.194,889.548,1964.2962,880.5252,139332152#2,,,0,5.02099993173033,6.467,5.932,46.3,2.25,True,1,2.5032212082342618,False,1974.7559419882682,889.4036982165023,-37.915132195472495,145.13468823861868,0.5787569269415317,0.5787569269415317,,,
2026-09-10T11:15:07.127,1789002907,native,False,-37.91500731,145.1347309,1978.2289764134912,903.3366686599329,1978.2289764134912,903.3366686599329,1978.2326,903.3364,1974.7557,889.4029,139332152#2,,,0,6.3949000323191285,6.565,6.467,16.9,2.18,True,1,16.861415927713452,False,1978.3462746848309,903.3057580182178,-37.91500760959622,145.1347322267305,0.12130272969111125,0.12130272969111125,,,
2026-09-10T11:15:09.152,1789002909,native,False,-37.91489521,145.1347811,1982.3931368850172,915.8641589516774,1982.3931368850172,915.8641589516774,1982.3939,915.8645,1978.3466,903.3069,139332152#2,,,0,6.437100004404783,6.515,6.565,16.9,2.12,True,1,30.031730249210035,False,1981.6395724187253,916.0576743198152,-37.91489333092322,145.1347725754856,0.7780151685946071,0.7780151685946071,,,
2026-09-10T11:15:11.178,1789002911,native,False,-37.91479097,145.1348145,1985.0978708844632,927.4899076353759,1985.0978708844632,927.4899076353759,1985.0935,927.4903,1981.64,916.0592,:616063777_1,,,0,6.93260005209595,6.029,6.515,16.9,2.09,True,1,2.6223264300269027,True,1984.7789931651419,927.6176400516637,-37.91478976187321,145.1348109032095,0.34350919936778923,0.34350919936778923,,,
2026-09-10T11:15:13.213,1789002913,native,False,-37.91469711,145.1348489,1987.913572660822,937.9655974246562,1987.913572660822,937.9655974246562,1987.9147,937.9652,1984.7713,927.5934,:616063777_1,,,0,7.438099943101406,5.564,6.029,16.9,2.07,True,1,13.560022158333505,True,1988.1115851831491,938.0352702181905,-37.91469651806421,145.13485116738588,0.20991249881141497,0.20991249881141497,,,
2026-09-10T11:15:15.251,1789002915,native,False,-37.9145978,145.134879,1990.339165820973,949.038480926305,1990.339165820973,949.038480926305,1990.3354,949.0379,1988.073,937.9145,:92052896_0,,,0,6.937199970707297,5.696,5.564,13,2.06,True,0,4.367737018964265,True,1992.1507766423758,951.9996696371984,-37.91457145144265,145.13490027293054,3.4713934305615686,3.4713934305615686,,,
2026-09-10T11:15:17.285,1789002917,native,False,-37.91449064,145.1348733,1989.6001338467468,960.9194629667327,1989.6001338467468,960.9194629667327,1989.6031,960.9195,1992.15,952,:92052896_0,,,0,6.197100039571524,5.831,5.696,358.8,2.02,True,0,14.54958826434624,True,1986.9761111707,960.472771320477,-37.91449419090562,145.13484336157785,2.6617716715078905,2.6617716715078905,,,
2026-09-10T11:15:19.323,1789002919,native,False,-37.91439834,145.1348996,1991.7072422259953,971.2077961796895,1991.7072422259953,971.2077961796895,1991.7108,971.2079,1986.9757,960.4751,:9141044985_1,,,0,8.149400004185736,5.237,5.831,13.8,2.01,True,0,7.2797440250654,True,1990.462546728408,972.5588151806163,-37.91438594532887,145.13488575444035,1.8369864513870626,1.8369864513870626,,,
2026-09-10T11:15:21.364,1789002922,native,False,-37.91435757,145.1350689,2006.500023111119,976.0296382755041,2006.500023111119,976.0296382755041,2006.5027,976.0301,1990.4638,972.56,:579273_1,,,0,7.558699930086732,4.93,5.237,97.4,2.01,True,0,0.6004032941923582,True,2006.3047522770185,975.607553822845,-37.91436133704513,145.13506658362587,0.4650655693843742,0.4650655693843742,,,
2026-09-10T11:15:23.400,1789002924,native,False,-37.91442697,145.1351963,2017.8539356972906,968.5527473241091,2017.8539356972906,968.5527473241091,2017.8541,968.5525,2006.3065,975.6068,988996007#0,,,0,7.0287000853568316,6.027,4.93,118.9,2.01,True,0,0.5395808830879661,False,2017.59873030024,967.6614523476896,-37.91443495300969,145.13519319539645,0.9271119294207324,0.9271119294207324,,,
2026-09-10T11:15:25.422,1789002926,native,False,-37.91446023,145.1353332,2029.9627521084622,965.1028233701363,2029.9627521084622,965.1028233701363,2029.9669,965.103,2017.5989,967.6614,:585131682_2,,,0,7.217500009573996,6.168,6.027,106.6,2.01,True,0,1.991898433519137,True,2029.9696383021637,964.3856827284526,-37.91446669142058,145.13533311517074,0.7171737025423085,0.7171737025423085,,,
2026-09-10T11:15:27.451,1789002928,native,False,-37.91448365,145.1354897,2043.7727649753797,962.7792446445674,2043.7727649753797,962.7792446445674,2043.7767,962.7789,2029.9739,964.3857,:cluster_13391064294_588089890_588090168_16,,,0,7.236100034788251,6.873,6.168,103.2,2.0,True,0,4.177564110169978,True,2042.3013891555427,962.4035822933835,-37.91448676892029,145.13547288408225,1.5185746624048773,1.5185746624048773,,,
2026-09-10T11:15:29.479,1789002930,native,False,-37.91450614,145.1356605,2058.837827150128,960.5839850893244,2058.837827150128,960.5839850893244,2058.8421,960.5837,2042.3021,962.4008,:588089889_5,,,0,7.753799902275205,7.43,6.873,99.3,2.0,True,0,2.9688986879203108,True,2059.993476456581,961.0534114777225,-37.91450211951569,145.13567374722925,1.247351776216369,1.247351776216369,,,
2026-09-10T11:15:31.500,1789002932,native,False,-37.91452732,145.1358309,2073.864808305283,958.5333589464426,2073.864808305283,958.5333589464426,2073.8621,958.5337,2059.9912,961.0589,:588089888_5,,,0,7.179499953053892,7.593,7.43,100.3,2.0,True,0,3.0676100798096573,True,2074.512951740553,958.8225925904654,-37.91452483128347,145.13583833558056,0.7097506699667615,0.7097506699667615,,,
2026-09-10T11:15:33.529,1789002934,native,False,-37.91454917,145.1360026,2089.0075511061586,956.4106444194913,2089.0075511061586,956.4106444194913,2089.0061,956.4108,2074.514,958.8202,:cluster_588089887_588090135_3,,,0,6.697200005874038,7.751,7.593,99.3,2.5,True,0,3.3374584971455366,True,2090.3075484110736,956.62919896957,-37.91454743539689,145.13601743150411,1.3182409052014554,1.3182409052014554,,,
2026-09-10T11:15:35.553,1789002936,native,False,-37.91457125,145.1361781,2104.484855159768,954.2690601758659,2104.484855159768,954.2690601758659,2104.4883,954.2687,2090.307,956.6327,46129091#1,,,0,7.002400001510978,7.664,7.751,99.2,3.34,True,0,0.03458537709871002,False,2105.503217249511,954.0660862475555,-37.914573261878076,145.13618963328787,1.0383928743014557,1.0383928743014557,,,
2026-09-10T11:15:37.570,1789002938,native,False,-37.91459158,145.1363166,2116.7055765448604,952.2565995827317,2116.7055765448604,952.2565995827317,2116.706,952.2564,2104.2253,952.5421,:cluster_588089885_588090142_611527863_11,,,0,7.2231999365612864,6.347,0,100,3.09,True,0,7.964201500402455,True,2116.8846796753123,952.2257382142185,-37.91459189026659,145.13631862950308,0.18174255254121763,0.18174255254121763,,,
2026-09-10T11:15:39.610,1789002940,native,False,-37.91460415,145.1364187,2125.7091315541184,951.0412311879918,2125.7091315541184,951.0412311879918,2125.7095,951.0417,2116.8844,952.224,:cluster_588089885_588090142_611527863_3,,,0,7.397099980153143,4.682,6.347,98.2,2.99,True,0,8.331551518793413,True,2125.320642542971,949.5358567449304,-37.9146176408219,145.136413940391,1.5546948014335937,1.5546948014335937,,,
2026-09-10T11:15:43.672,1789002944,native,False,-37.91457701,145.1365631,2138.3432047311217,954.3066157922149,2138.3432047311217,954.3066157922149,2138.3438,954.3064,2133.5604,948.953,-630680455#1,,,0,8.484200108796358,3.359,0,61.4,3.2,True,0,1.4247234386299028,False,2137.052949726673,954.5583330516336,-37.91457451009945,145.13654848618071,1.3145796115846768,1.3145796115846768,,,
2026-09-10T11:15:45.714,1789002946,native,False,-37.91448689,145.1365876,2140.297092192108,964.3498376784846,2140.297092192108,964.3498376784846,2140.2992,964.3499,2137.053,954.5584,-630680455#1,,,0,6.256600026972592,4.615,3.359,15,3.25,True,0,11.655281929873086,False,2139.0129288132653,964.5993892223194,-37.91448441070926,145.13657305497085,1.3081863615672717,1.3081863615672717,,,
2026-09-10T11:15:47.743,1789002948,native,False,-37.91439003,145.136609,2141.96351015073,975.1355145089328,2141.96351015073,975.1355145089328,2141.9601,975.1352,2139.0132,964.6009,-630680455#1,,,0,5.138700013048947,5.361,4.615,11.9,3.29,True,0,22.55940598826846,False,2141.101950163405,975.301534394178,-37.914388379293264,145.13659924126475,0.8774099464084435,0.8774099464084435,,,
2026-09-10T11:15:49.760,1789002950,native,False,-37.91429204,145.136628,2143.416440633533,986.0423632161692,2143.416440633533,986.0423632161692,2143.4124,986.0427,2141.1022,975.3026,-630680455#0,,,0,4.543400020338595,5.437,5.361,8.4,3.37,True,0,0.8485547606197847,False,2143.343913728623,986.0583845255643,-37.91429188261486,145.1366271789668,0.0742753949201111,0.0742753949201111,,,
2026-09-10T11:15:51.805,1789002952,native,False,-37.91418793,145.1366518,2145.277772950707,997.6367525896057,2145.277772950707,997.6367525896057,2145.2767,997.6362,2143.3438,986.058,-10585186,,,0,4.650000017136335,5.808,5.437,10.2,3.41,True,0,1.3075517007337139,False,2145.8752193954224,997.5082588683342,-37.91418919509424,145.13665856411265,0.6111079206729866,0.6111079206729866,,,
2026-09-10T11:15:53.822,1789002954,native,False,-37.91408497,145.1366831,2147.800996345177,1009.1167119611055,2147.800996345177,1009.1167119611055,2147.8052,1009.1167,2145.875,997.5074,-10585186,,,0,5.369800026528537,5.865,5.808,13.2,3.45,True,0,13.062668996448851,False,2148.3494896467855,1009.0000285040013,-37.914086119886875,145.13668931016292,0.5607672699715777,0.5607672699715777,,,
2026-09-10T11:15:55.846,1789002956,native,False,-37.91398054,145.1367201,2150.822061429033,1020.769805575721,2150.822061429033,1020.769805575721,2150.8199,1020.7692,2148.3494,1008.9995,-10585186,,,0,4.419200005941093,5.956,5.865,14.8,3.45,True,0,25.0918587648239,False,2150.8814479116973,1020.7597306187797,-37.913980641451865,145.1367207729676,0.06023503200458023,0.06023503200458023,,,
2026-09-10T11:15:57.866,1789002958,native,False,-37.91389341,145.1367446,2152.782618137193,1030.4812372541055,2152.782618137193,1030.4812372541055,2152.7823,1030.4818,2150.8807,1020.7561,:cluster_611527850_92044126_12,,,0,4.206800018437207,4.945,5.956,13,3.54,True,0,2.120108020105771,True,2152.968939969271,1030.4420306274058,-37.913893796734904,145.13674670966986,0.19040216565508875,0.19040216565508875,,,
2026-09-10T11:15:59.906,1789002960,native,False,-37.91382166,145.1367683,2154.7069661100395,1038.4846213301644,2154.7069661100395,1038.4846213301644,2154.7099,1038.4843,2152.9688,1030.4414,:cluster_611527850_92044126_11,,,0,4.918299964629114,4.217,4.945,14.9,3.54,True,0,5.375139757190321,True,2154.6318092138654,1039.0012662162326,-37.91381699239766,145.136767562855,0.5220828452869889,0.5220828452869889,,,
2026-09-10T11:16:01.940,1789002962,native,False,-37.9137548,145.1368011,2157.442159980128,1045.961377395317,2157.442159980128,1045.961377395317,2157.4425,1045.9611,2154.6299,1039.001,:cluster_611527850_92044126_8,,,0,4.632500000298023,3.937,4.217,19.1,3.58,True,0,5.367126109344088,True,2159.4843148827144,1044.5170965515767,-37.91376817817395,145.13682399211524,2.5012684385632378,2.5012684385632378,,,
2026-09-10T11:16:05.990,1789002966,native,False,-37.91363359,145.1368179,2158.6502210570034,1059.4409613003954,2158.6502210570034,1059.4409613003954,2158.6473,1059.4411,2159.6325,1052.9407,10585197#1,,,0,4.645099979825318,3.404,3.693,358.4,3.62,True,0,13.274622492114045,False,2158.263462615324,1059.3590173202072,-37.913634258530365,145.13681348373515,0.39534403764234904,0.39534403764234904,,,
2026-09-10T11:16:08.006,1789002968,native,False,-37.91354374,145.1368144,2158.143236233329,1069.4050115970895,2158.143236233329,1069.4050115970895,2158.1433,1069.4047,2158.2634,1059.3592,-10585197#1,,,0,5.6588000152260065,4.784,3.404,359.1,3.73,True,0,72.26413450817549,False,2159.4310606237923,1069.291789545812,-37.91354499182493,145.13682901746728,1.2927918987864202,1.2927918987864202,,,
2026-09-10T11:16:10.051,1789002970,native,False,-37.91344806,145.1368268,2159.0211190532427,1080.0439277952537,2159.0211190532427,1080.0439277952537,2159.025,1080.0441,2156.2347,1069.5765,-10585197#1,,,0,6.1440999852493405,5.108,4.784,4.9,3.75,True,0,61.58973922350237,False,2160.387499446058,1079.923249439576,-37.91344939313621,145.1368423089735,1.3716991810885548,1.3716991810885548,,,
2026-09-10T11:16:12.082,1789002972,native,False,-37.91335199,145.1368339,2159.43220640457,1090.7168066175655,2159.43220640457,1090.7168066175655,2159.4317,1090.7172,2157.1914,1080.2091,10585197#1,,,0,5.110599915497005,5.276,5.108,3,4.09,True,0,45.05641522326818,False,2158.1475245907836,1090.8342422588937,-37.913350700785394,145.13681931926092,1.290038174833471,1.290038174833471,,,
2026-09-10T11:16:14.124,1789002974,native,False,-37.91327157,145.1368482,2160.5109751949785,1099.66573590599,2160.5109751949785,1099.66573590599,2160.5118,1099.666,2158.1474,1090.8327,10585197#1,,,0,4.757099901326001,4.463,5.276,7.9,4.2,True,0,54.23743063013028,False,2159.0196580697684,1099.9711040150075,-37.913268550636495,145.13683131245259,1.5222603095232798,1.5222603095232798,,,
2026-09-10T11:16:18.191,1789002978,native,False,-37.91318598,145.1368825,2163.3365244021406,1109.2234976654872,2163.3365244021406,1109.2234976654872,2163.3337,1109.2237,2160.1958,1105.7577,-10585197#1,,,0,4.54710004851222,2.348,3.075,29.5,4.35,True,0,32.16897004032492,False,2164.1265276236677,1109.0653081818798,-37.91318754725704,145.13689144673242,0.8056854241868323,0.8056854241868323,,,
2026-09-10T11:16:22.267,1789002982,native,False,-37.91310894,145.1369546,2169.5041295831325,1117.8989278329536,2169.5041295831325,1117.8989278329536,2169.503,1117.8984,2167.4527,1110.6879,-116895895#8,,,0,4.453500034287572,3.474,2.138,16.8,4.46,True,0,21.700093430832403,False,2169.574218576324,1117.876657831099,-37.91310915323342,145.13695539188075,0.0735419604659931,0.0735419604659931,,,
2026-09-10T11:16:24.307,1789002984,native,False,-37.91302047,145.1369802,2171.5584715540754,1127.7609779788181,2171.5584715540754,1127.7609779788181,2171.5594,1127.7615,2167.659,1118.4433,-116895895#8,,,0,4.726800019852817,4.732,3.474,14.8,4.59,True,0,11.659159383526319,False,2172.416239326382,1127.5069888014546,-37.91302291243822,145.13698989545472,0.8945814962458453,0.8945814962458453,,,
2026-09-10T11:16:26.331,1789002987,native,False,-37.91288549,145.1370614,2178.3976081068395,1142.8816982014105,2178.3976081068395,1142.8816982014105,2178.3952,1142.8814,2170.5047,1128.0732,:611527813_w0,,,0,6.386799970641732,5.583,4.732,28.9,4.75,True,0,1.051593267608362,True,2181.7546094918134,1141.839500558396,-37.91289548276996,145.13709933359954,3.515058210872497,3.515058210872497,,,
2026-09-10T11:16:28.357,1789002989,native,False,-37.91278966,145.1371276,2184.0049019510625,1153.6317802825943,2184.0049019510625,1153.6317802825943,2184.002,1153.6313,2179.6928,1142.1467,116895895#9,,,0,6.816999986767769,5.994,5.583,27.6,4.77,True,0,12.27515721042854,False,2185.534131800914,1153.6455771983356,-37.912789811023124,145.13714499106104,1.5292920873924551,1.5292920873924551,,,
2026-09-10T11:16:30.389,1789002991,native,False,-37.91267671,145.1371537,2186.0489422114915,1166.211125335656,2186.0489422114915,1166.211125335656,2186.0507,1166.2107,2185.5341,1153.6442,116895895#9,,,0,5.49240002874285,6.279,5.994,12.4,4.72,True,0,24.83772739806024,False,2185.428152134296,1166.2077003480838,-37.91267662909261,145.13714664061285,0.620799525196632,0.620799525196632,,,
2026-09-10T11:16:32.411,1789002993,native,False,-37.91256429,145.1371832,2188.3930695020244,1178.7376314895228,2188.3930695020244,1178.7376314895228,2188.3929,1178.7373,2185.4282,1166.2055,116895895#9,,,0,4.926300025545061,6.314,6.279,13.8,4.52,True,0,37.8993530258025,False,2187.8967305842475,1178.8929431846013,-37.912562801558074,145.1371775917463,0.5200711912115155,0.5200711912115155,,,
2026-09-10T11:16:34.443,1789002995,native,False,-37.91246505,145.1372386,2193.04338115477,1189.8471214342862,2193.04338115477,1189.8471214342862,2193.0445,1189.847,2187.8958,1178.89,116895895#10,,,0,4.6283999690786,5.909,6.314,22.3,4.77,True,0,1.066577978868303,False,2192.376177723005,1190.189325974921,-37.91246184722248,145.13723109143302,0.7498428948719122,0.7498428948719122,,,
2026-09-10T11:16:36.464,1789002997,native,False,-37.91236246,145.1372839,2196.7983546623145,1201.3105969820172,2196.7983546623145,1201.3105969820172,2196.7956,1201.3111,2192.3762,1190.1893,:611527812_2,,,0,4.902299959212542,5.944,5.909,18.2,4.9,True,0,4.7445128487398796,True,2197.7145100991784,1200.946657092661,-37.912365903386636,145.13729423428398,0.9857956317410251,0.9857956317410251,,,
2026-09-10T11:16:38.491,1789002999,native,False,-37.91226741,145.1373101,2198.890914696036,1211.9038405381143,2198.890914696036,1211.9038405381143,2198.8932,1211.9043,2197.7147,1200.9473,-48114467,,,0,4.610799951478839,5.206,5.944,11.4,5.03,True,0,100.35649997947091,False,2198.9799633798016,1211.9317826306283,-37.91226717432024,145.1373111188592,0.0933296770296409,0.0933296770296409,,,
2026-09-10T11:16:40.535,1789003001,native,False,-37.91219603,145.1373472,2201.994222517358,1219.8896921304986,2201.994222517358,1219.8896921304986,2201.9921,1219.8891,2197.0684,1211.3374,116895895#12,,,0,4.416299983859062,4.558,5.206,21.8,4.86,True,0,7.604839114819677,False,2204.5482657239777,1218.9238460314782,-37.91220519033924,145.13737602076972,2.7305668620768806,2.7305668620768806,,,
2026-09-10T11:16:42.575,1789003003,native,False,-37.91210553,145.1373952,2206.013398872805,1230.0163394510746,2206.013398872805,1230.0163394510746,2206.0158,1230.0166,2204.548,1218.9232,116895895#12,,,0,5.149100092239678,5.314,4.558,20.7,4.79,True,0,18.628204407385216,False,2207.8797930605965,1229.430549643513,-37.91211114290303,145.13741628832864,1.9561638384516131,1.9561638384516131,,,
2026-09-10T11:16:44.603,1789003005,native,False,-37.91200724,145.1374324,2209.065846554993,1240.988429164514,2209.065846554993,1240.988429164514,2209.063,1240.9886,2207.8805,1229.4329,116895895#12,,,0,5.788399954326451,5.572,5.314,17.6,4.7,True,0,30.010187500964225,False,2211.279401023151,1240.2929713276244,-37.912013903301975,145.137457410692,2.320233821491352,2.320233821491352,,,
2026-09-10T11:16:46.635,1789003007,native,False,-37.91190733,145.1374746,2212.554280218552,1252.149063535966,2212.554280218552,1252.149063535966,2212.5573,1252.1493,2211.28,1240.2948,116895895#12,,,0,5.256599979475141,5.633,5.572,18.4,4.7,True,0,41.78452535344303,False,2214.7484105870076,1251.5438613457884,-37.91191317674967,145.1374994103108,2.2760662918235397,2.2760662918235397,,,
2026-09-10T11:16:48.671,1789003009,native,False,-37.91181329,145.1375196,2216.301897834288,1262.663250315003,2216.301897834288,1262.663250315003,2216.3053,1262.6631,2214.7496,1251.5482,116895895#12,,,0,4.857899970375001,5.467,5.633,20.7,4.67,True,0,52.914455376256825,False,2217.6910335854914,1262.2777475107114,-37.91181701274021,145.137535307218,1.4416346788934589,1.4416346788934589,,,
2026-09-10T11:16:50.705,1789003011,native,False,-37.91172515,145.1375549,2219.2098414319917,1272.5057035991922,2219.2098414319917,1272.5057035991922,2219.2088,1272.5054,2217.6924,1262.2828,116895895#12,,,0,4.662199993617833,5.136,5.467,17.2,4.67,True,0,63.24131132800932,False,2220.0350170734805,1272.3298604893037,-37.91172688256102,145.13756424248075,0.8437035252989019,0.8437035252989019,,,
2026-09-10T11:16:52.738,1789003013,native,False,-37.91162825,145.1375834,2221.5005557886907,1283.3082638112828,2221.5005557886907,1283.3082638112828,2221.5009,1283.3085,2220.036,1272.3347,116895895#12,,,0,4.623600048944354,5.331,5.136,13.1,4.74,True,0,74.28297463648958,False,2222.267198894677,1283.1435413119912,-37.91162987184627,145.1375920794687,0.7841397539530605,0.7841397539530605,,,
2026-09-10T11:16:54.770,1789003015,native,False,-37.91154249,145.1375905,2221.934611574572,1292.8370851250365,2221.934611574572,1292.8370851250365,2221.9317,1292.837,2222.2685,1283.15,116895895#12,,,0,6.953999982215464,4.682,5.331,3.9,4.74,True,0,83.87639009494603,False,2223.3738541722537,1292.6706099902458,-37.91154424868901,145.1376068266462,1.4488385781324968,1.4488385781324968,,,
2026-09-10T11:17:02.930,1789003023,native,False,-37.91165176,145.1375922,2222.3263224079856,1280.7149361353368,2222.3263224079856,1280.7149361353368,2222.3283,1280.7147,2225.0567,1289.6936,116895895#12,,,0,6.6000999649986625,4.381,3.066,197.1,4.72,True,0,71.91033195455901,False,2221.7875456291467,1280.8198877145321,-37.911650717597965,145.13758609783793,0.548903681342686,0.548903681342686,,,
2026-09-10T11:17:04.963,1789003025,native,False,-37.91174897,145.1375519,2218.9989109487506,1269.857249907218,2218.9989109487506,1269.857249907218,2218.9989,1269.8572,2223.7493,1280.4204,116895895#12,,,0,7.015300099737942,5.462,4.381,197.8,4.65,True,0,60.60512471739712,False,2219.5020857872155,1269.7481044802876,-37.9117500437754,145.13755759641478,0.5148763368849035,0.5148763368849035,,,
2026-09-10T11:17:07.006,1789003027,native,False,-37.91185228,145.1375127,2215.7817391104763,1258.3246081527323,2215.7817391104763,1258.3246081527323,2215.7792,1258.3248,2221.4568,1269.3483,116895895#12,,,0,6.084499997086823,5.891,5.462,196.6,4.56,True,0,48.59304284478376,False,2216.548502781166,1258.1101067358436,-37.911854350295286,145.13752136955495,0.7962018491166271,0.7962018491166271,,,
2026-09-10T11:17:09.046,1789003029,native,False,-37.91191202,145.1372751,2195.025889440323,1251.2781746890396,2195.025889440323,1251.2781746890396,2195.0292,1251.278,2218.475,1257.587,48114467,,,0,5.191600066609681,6.107,5.891,196.6,19.14,True,0,38.562819397850554,False,2201.6747220952143,1249.0494527463577,-37.911933293769614,145.13735019249174,7.012430190065175,7.012430190065175,,,
2026-09-10T11:17:11.089,1789003031,native,False,-37.91200571,145.1372398,2192.1302908486687,1240.8198560308665,2192.1302908486687,1240.8198560308665,2192.1289,1240.8194,2203.5745,1248.3996,48114467,,,0,5.549199995584786,5.485,6.107,196.6,19.96,True,0,28.23981212655932,False,2198.6041488693136,1239.200282848925,-37.91202146492609,145.13731304147214,6.673369086385995,6.673369086385995,,,
2026-09-10T11:17:13.117,1789003033,native,False,-37.9120798,145.1372121,2189.859379756148,1232.5498005431145,2189.859379756148,1232.5498005431145,2189.8565,1232.5493,2200.5485,1238.7232,48114467,,,0,4.849900025874376,4.379,5.485,195.9,20.18,True,0,20.63006411488517,False,2197.126885589163,1231.7518738361425,-37.912088296207244,145.1372945522216,7.311178295090855,7.311178295090855,,,
2026-09-10T11:17:17.171,1789003037,native,False,-37.91222878,145.1373532,2202.5943215102307,1216.266131487675,2202.5943215102307,1216.266131487675,2202.5915,1216.2662,2198.364,1224.7212,116895895#12,,,0,4.912200034596026,3.074,3.668,219.3,4.38,True,0,4.427629791864002,False,2203.425140988287,1215.9517676492756,-37.912231761425154,145.1373625752379,0.8883049183758344,0.8883049183758344,,,
2026-09-10T11:17:23.277,1789003043,native,False,-37.91212226,145.1372792,2195.852530568489,1227.9561136839911,2195.852530568489,1227.9561136839911,2195.8553,1227.9561,2196.0742,1220.3601,48114467,,,0,4.749799962155521,3.393,2.262,1.3,4.36,True,0,16.718422955860568,False,2196.699574137695,1227.8636426855523,-37.91212324548283,145.13728881011102,0.8520761079185869,0.8520761079185869,,,
2026-09-10T11:17:25.314,1789003045,native,False,-37.91204765,145.1372977,2197.313488099491,1236.267706796527,2197.313488099491,1236.267706796527,2197.3169,1236.2682,2196.6995,1227.8634,48114467,,,0,4.617099999450147,4.206,3.393,9.4,4.29,True,0,25.082514718013183,False,2197.8374218806835,1236.137497082516,-37.91204891727761,145.13730362768214,0.5398714446025229,0.5398714446025229,,,
2026-09-10T11:17:27.357,1789003048,native,False,-37.91193202,145.1373443,2201.153866898152,1249.1804449344054,2201.153866898152,1249.1804449344054,2201.1502,1249.1807,2197.8375,1236.1379,48114467,,,0,4.811399965547025,4.462,4.206,18.4,4.28,True,0,38.52278626666166,False,2201.661990917201,1249.0114979219056,-37.911933633384855,145.1373500391115,0.5354746602473021,0.5354746602473021,,,
2026-09-10T11:17:29.402,1789003050,native,False,-37.91185142,145.1373794,2204.0609224210493,1258.1858777711168,2204.0609224210493,1258.1858777711168,2204.0645,1258.1859,2201.6613,1249.0093,48114467,,,0,5.31139993108809,4.64,4.462,18.7,4.23,True,0,48.00777481618032,False,2204.3779160704576,1258.0972733888516,-37.911852275231475,145.13738298416226,0.32914390518699777,0.32914390518699777,,,
2026-09-10T11:17:33.462,1789003054,native,False,-37.91171998,145.1373915,2204.833238093881,1272.7923615984619,2204.833238093881,1272.7923615984619,2204.8369,1272.7926,2206.4427,1265.3346,48114467,,,0,5.187500035390258,3.593,3.926,4.7,4.26,True,0,62.26620209103353,False,2208.2897705884993,1271.8085877890817,-37.911729464269186,145.13743057802054,3.5938040840278425,3.5938040840278425,,,
2026-09-10T11:17:35.492,1789003056,native,False,-37.91163337,145.1374264,2207.7093993872404,1282.4643401661888,2207.7093993872404,1282.4643401661888,2207.7133,1282.4643,2208.2895,1271.8076,48114467,,,0,5.163199966773391,4.789,3.593,14.9,4.32,True,0,72.35651197874522,False,2211.0580860248238,1281.5117204417388,-37.91164255420078,145.13746425882832,3.4815494447358266,3.4815494447358266,,,
2026-09-10T11:17:37.507,1789003058,native,False,-37.91154641,145.1374474,2209.362785316538,1292.1507379505783,2209.362785316538,1292.1507379505783,2209.3619,1292.151,2211.0576,1281.5102,48114467,,,0,5.321600008755922,4.687,4.789,9.3,4.55,True,0,82.1252028462104,False,2213.738164042449,1290.9055749798683,-37.911558414295726,145.1374968660132,4.549106485759905,4.549106485759905,,,
2026-09-10T11:17:41.589,1789003062,native,False,-37.91146413,145.1374074,2205.6637822668417,1301.2106642005965,2205.6637822668417,1301.2106642005965,2205.6652,1301.2104,2211.4275,1300.2194,48114467,,,0,5.248100031167269,1.709,3.301,336.6,4.63,True,0,97.33063479349754,False,2207.9868287544086,1304.0086046496938,-37.911439343564936,145.13743444912186,3.636621473303419,3.636621473303419,,,
2026-09-10T11:17:45.619,1789003066,native,False,-37.91140398,145.137327,2198.462101422192,1307.7439638338983,2198.462101422192,1307.7439638338983,2198.4585,1307.7444,2206.11,1305.57,-36667189#3,,,0,5.094200023449957,2.482,2.45,307.7,4.65,True,0,2.188210799882993,False,2198.282482397825,1307.8280873878045,-37.91140318986028,145.1373249768146,0.19834254772094403,0.19834254772094403,,,
2026-09-10T11:17:51.715,1789003072,native,False,-37.91136964,145.1372331,2190.1307973359944,1311.389536078088,2190.1307973359944,1311.389536078088,2190.1323,1311.3895,2191.3465,1306.9193,36667189#3,,,0,5.065200035460293,1.207,1.503,295.7,4.52,True,0,12.172823449976534,False,2189.915748971998,1310.6503785021546,-37.91137625981204,145.1372304869169,0.7698049888883377,0.7698049888883377,,,
2026-09-10T11:17:57.825,1789003078,native,False,-37.91134464,145.1370774,2176.387087056297,1313.8901082389057,2176.387087056297,1313.8901082389057,2176.3888,1313.8903,2183.3627,1309.1981,:1621070598_1,,,0,4.829899989999831,4.036,2.259,291.7,4.29,True,0,3.1735654258399784,True,2176.810778880046,1313.5178567680507,-37.911348069615755,145.137082132855,0.5639910629307083,0.5639910629307083,,,
2026-09-10T11:17:59.868,1789003080,native,False,-37.91132451,145.1369763,2167.4542963354615,1315.946196269244,2167.4542963354615,1315.946196269244,2167.4509,1315.9467,2176.8052,1313.5117,:1622774090_2,,,0,5.018900032155216,4.673,4.036,282.9,4.2,True,0,4.009770673666615,True,2167.7158841821843,1316.8954811672247,-37.911316005691596,145.13697949001522,0.9846674662480548,0.9846674662480548,,,
2026-09-10T11:18:01.902,1789003082,native,False,-37.91130627,145.1368718,2158.226783299935,1317.7865766398609,2158.226783299935,1317.7865766398609,2158.2283,1317.7862,2167.7124,1316.8964,-36667189#1,,,0,5.005700048059225,4.657,4.673,281.4,4.14,True,0,5.384247873678651,False,2157.8181250403177,1316.2963798821618,-37.91131962049913,145.13686681483262,1.5452145319697177,1.5452145319697177,,,
2026-09-10T11:18:03.920,1789003084,native,False,-37.91128798,145.1367755,2149.720053463476,1319.6469046045095,2149.720053463476,1319.6469046045095,2149.7191,1319.6472,2157.8189,1316.2962,-36667189#1,,,0,4.956300021149218,4.401,4.657,282.1,4.07,True,0,14.07871014473073,False,2149.434305793501,1318.59969250086,-37.91129736210568,145.13677201300607,1.0854975453337838,1.0854975453337838,,,
2026-09-10T11:18:07.992,1789003088,native,False,-37.91126575,145.1366279,2136.6945655513555,1321.8542720396072,2136.6945655513555,1321.8542720396072,2136.6952,1321.854,2142.1589,1319.8151,:588089874_0,,,0,5.180399981327355,2.991,3.742,278.6,4.09,True,0,3.56915750284417,True,2136.5260506372424,1320.6500871739752,-37.91127656726264,145.13662571026393,1.2159187747936389,1.2159187747936389,,,
2026-09-10T11:18:12.052,1789003092,native,False,-37.91115708,145.1365258,2127.4774314151146,1333.7333933636546,2127.4774314151146,1333.7333933636546,2127.4801,1333.7334,2131.2306,1324.8053,-73530943#5,,,0,5.828699911944568,4.503,3.283,338.4,4.07,True,0,5.431609769835089,False,2127.042375923503,1333.7964133141493,-37.91115643395351,145.13652086768886,0.43959617257382533,0.43959617257382533,,,
2026-09-10T11:18:14.085,1789003094,native,False,-37.91104511,145.1365386,2128.354358263896,1346.1806304426864,2128.354358263896,1346.1806304426864,2128.3517,1346.1806,2127.0424,1333.7963,-73530943#5,,,0,5.135799990966916,5.813,4.503,3,4.08,True,0,17.878235318740288,False,2128.812288400688,1346.1165552523644,-37.91104576967074,145.13654379215126,0.4623912198531223,0.4623912198531223,,,
2026-09-10T11:18:16.106,1789003096,native,False,-37.91093089,145.1365584,2129.841702457983,1358.8898404296488,2129.841702457983,1358.8898404296488,2129.8449,1358.8904,2128.812,1346.1144,-73530943#5,,,0,5.271699978038669,6.357,5.813,7.1,4.09,True,0,30.67100583839004,False,2130.631422757348,1358.779324608269,-37.910932027767316,145.13656735407227,0.7974157623249606,0.7974157623249606,,,
2026-09-10T11:18:18.141,1789003098,native,False,-37.91081669,145.1365835,2131.7950467999326,1371.6061448967084,2131.7950467999326,1371.6061448967084,2131.7986,1371.6057,2130.6312,1358.7775,-73530943#5,,,0,4.972900031134486,6.412,6.357,9.8,4.0,True,0,43.53707099508129,False,2132.460979625081,1371.514643775214,-37.910817634184575,145.13659105090807,0.6721896926054559,0.6721896926054559,,,
2026-09-10T11:18:20.184,1789003100,native,False,-37.9107039,145.1366066,2133.5756958840648,1384.162473113276,2133.5756958840648,1384.162473113276,2133.5728,1384.1629,2132.4604,1371.5106,-73530943#5,,,0,4.564299946650863,6.279,6.412,10.2,3.93,True,0,56.22011559766314,False,2134.2660413574586,1384.0685822901528,-37.91070487010596,145.136614427927,0.6967010544717605,0.6967010544717605,,,
2026-09-10T11:18:22.226,1789003102,native,False,-37.91059412,145.1366231,2134.7827873651404,1396.3731973720714,2134.7827873651404,1396.3731973720714,2134.7869,1396.3729,2134.2653,1384.0633,-73530943#5,,,0,6.079600076191127,6.209,6.279,8.2,4.01,True,0,68.47948920020995,False,2136.010989360808,1396.2031361588547,-37.910595873119554,145.13663702605365,1.2399197386936567,1.2399197386936567,,,
2026-09-10T11:18:24.250,1789003104,native,False,-37.91049437,145.1366436,2136.3637932935962,1407.4779726825655,2136.3637932935962,1407.4779726825655,2136.3599,1407.4778,2136.0101,1396.197,-73530943#5,,,0,6.948400055989623,5.598,6.209,9.2,4.11,True,0,79.69453145512806,False,2137.619592410189,1407.302209003914,-37.91049617945534,145.13665783851943,1.2680395466893393,1.2680395466893393,,,
2026-09-10T11:18:26.283,1789003106,native,False,-37.91041622,145.1366944,2140.6565557403374,1416.2391530359164,2140.6565557403374,1416.2391530359164,2140.6561,1416.2395,2137.6184,1407.294,:426343948_13,,,0,7.146999938413501,4.905,5.598,27.2,4.12,True,0,1.239288130207775,True,2140.350562936222,1416.5420177116987,-37.91041343661788,145.1366909896911,0.43053293486913674,0.43053293486913674,,,
2026-09-10T11:18:28.329,1789003108,native,False,-37.91039415,145.1368098,2150.7530574504635,1418.8909376459196,2150.7530574504635,1418.8909376459196,2150.7514,1418.8907,2140.3501,1416.5415,:588089866_2,,,0,8.678299956955016,4.968,4.905,73.6,4.05,True,0,3.2459090776221577,True,2150.640600642184,1417.7651266430619,-37.91040427135024,145.13680826551413,1.1314136944035973,1.1314136944035973,,,
2026-09-10T11:18:30.359,1789003111,native,False,-37.9103919,145.1370249,2169.6587016338017,1419.5185645483434,2169.6587016338017,1419.5185645483434,2169.6619,1419.5186,2150.6417,1417.765,36667190#1,,,0,7.132100057788193,6.228,0,84.6,4.0,True,0,17.50493174894406,False,2169.7977003953133,1419.0441105020118,-37.91039619903032,145.13702637260607,0.4943958917529789,0.4943958917529789,,,
2026-09-10T11:18:32.397,1789003113,native,False,-37.91037309,145.1371811,2183.349399238825,1421.880248438567,2183.349399238825,1421.880248438567,2183.3518,1421.8803,2169.8004,1419.0449,36667190#1,,,0,7.763799978420138,6.782,6.228,85.3,4.1,True,0,31.369162097721127,False,2183.340450767906,1421.6278049972307,-37.9103753624658,145.13718094089722,0.25260199168944575,0.25260199168944575,,,
2026-09-10T11:18:34.434,1789003115,native,False,-37.91038367,145.1373464,2197.9053012342774,1420.9966372838244,2197.9053012342774,1420.9966372838244,2197.9029,1420.9968,2183.3423,1421.6277,36667190#1,,,0,7.087500067427754,7.2,6.782,93.8,4.19,True,0,45.93106013560552,False,2197.846147091692,1420.4955877849745,-37.91038817293782,145.13734561358152,0.5045292983392807,0.5045292983392807,,,
2026-09-10T11:18:36.474,1789003117,native,False,-37.9103979,145.1374948,2210.9835185537813,1419.6782926255837,2210.9835185537813,1419.6782926255837,2210.987,1419.6789,2197.8429,1420.496,36667190#1,,,0,6.218999973498285,6.544,7.2,98,4.26,True,0,59.07081985693275,False,2210.8916946127124,1418.925030593719,-37.910404669055914,145.13749358483764,0.7588381413730362,0.7588381413730362,,,
2026-09-10T11:18:38.501,1789003119,native,False,-37.91040063,145.1376218,2222.1548435922596,1419.598435533233,2222.1548435922596,1419.598435533233,2222.1518,1419.5988,2210.894,1418.9248,36667190#1,,,0,7.145399926230311,5.75,6.544,91.6,3.6,True,0,70.83067727349774,False,2222.5383482494412,1417.9540959380145,-37.91041551166693,145.13762578692678,1.688469285028146,1.688469285028146,,,
2026-09-10T11:18:40.533,1789003121,native,False,-37.91037327,145.1377464,2233.048466747743,1422.8532812912017,2233.048466747743,1422.8532812912017,2233.0464,1422.8537,2222.5343,1417.9532,36667190#1,,,0,5.91750000603497,5.646,5.75,74.9,3.25,True,0,82.65831061147125,False,2233.897618066704,1421.090269778046,-37.91038930449027,145.13775565440494,1.9568514399445738,1.9568514399445738,,,
2026-09-10T11:18:42.574,1789003123,native,False,-37.9103211,145.1378638,2243.2541102661053,1428.8485061228275,2243.2541102661053,1428.8485061228275,2243.2528,1428.8485,2233.8948,1421.0889,36667190#1,,,0,5.091800005175173,5.903,5.646,55,3.02,True,0,94.9414664683106,False,2244.0189813711145,1427.909098950179,-37.91032970006862,145.13787228322235,1.2114097751386748,1.2114097751386748,,,
2026-09-10T11:18:44.610,1789003125,native,False,-37.91025596,145.1379796,2253.2903550094925,1436.2801223574206,2253.2903550094925,1436.2801223574206,2253.289,1436.2798,2244.0168,1427.9073,36667190#1,,,0,5.579399992711842,6.219,5.903,53,2.85,True,0,107.37246238026106,False,2253.7677438720875,1435.6158970380175,-37.91026202941976,145.13798487705438,0.8179825188022105,0.8179825188022105,,,
2026-09-10T11:18:46.649,1789003127,native,False,-37.91019201,145.1380918,2263.0127584846923,1443.5733558163047,2263.0127584846923,1443.5733558163047,2263.011,1443.573,2253.7651,1435.614,:1594523607_4,,,0,4.449500003829598,6.059,6.219,56.2,2.69,True,0,0.05109180103876414,True,2263.632154791345,1442.6688677276566,-37.910200269317244,145.13809863711873,1.0962438082840729,1.0962438082840729,,,
2026-09-10T11:18:48.670,1789003129,native,False,-37.9101436,145.1381967,2272.127834008308,1449.1293649412692,2272.127834008308,1449.1293649412692,2272.1287,1449.1293,2263.6308,1442.668,36667190#2,,,0,4.223100026138127,5.423,6.059,57,2.41,True,0,4.227899779055379,False,2272.475635738375,1448.577485745907,-37.91014863405138,145.1382005291741,0.6523317328713212,0.6523317328713212,,,
2026-09-10T11:18:50.710,1789003131,native,False,-37.91010712,145.1382871,2279.9945798805566,1453.3360933270305,2279.9945798805566,1453.3360933270305,2279.9978,1453.3359,2272.4813,1448.5811,:1594523614_0,,,0,4.491800093092024,4.592,5.423,55.6,2.21,True,0,7.5755926183798135,True,2280.314047632651,1452.027753837011,-37.91011896334829,145.13829043524788,1.3467783283721815,1.3467783283721815,,,
2026-09-10T11:18:54.777,1789003135,native,False,-37.9100832,145.1384477,2294.0608630231,1456.2723453482613,2294.0608630231,1456.2723453482613,2294.0638,1456.2728,2287.5697,1453.7775,146181190,,,0,4.466200014576316,3.413,3.861,73.7,2.1,True,0,9.344341229822781,False,2294.247645794549,1456.056875674321,-37.910085174609854,145.13844977479127,0.2851578231403727,0.2851578231403727,,,
2026-09-10T11:18:58.857,1789003139,native,False,-37.90997434,145.1385472,2302.567279428127,1468.5266645224765,2302.567279428127,1468.5266645224765,2302.5685,1468.5262,2299.0188,1460.2135,146181190,,,0,4.548899945802987,3.946,3.052,55.6,2.09,True,0,23.806663521572542,False,2305.1521701606957,1465.5568816963485,-37.91000155758148,145.13857591583582,3.9371652408406246,3.9371652408406246,,,
2026-09-10T11:19:02.928,1789003143,native,False,-37.90990074,145.138614,2308.2769909863127,1476.810948307626,2308.2769909863127,1476.810948307626,2308.2776,1476.8106,2309.7219,1469.538,299173860#1,,,0,4.404700011946261,2.704,3.291,7.9,2.07,True,0,3.618967158828938,False,2307.298898560946,1475.659496129498,-37.909910936655415,145.1386026177207,1.5107967802043336,1.5107967802043336,,,
2026-09-10T11:19:04.969,1789003145,native,False,-37.90984193,145.1385446,2302.045299990452,1483.2149571990594,2302.045299990452,1483.2149571990594,2302.0433,1483.2153,2307.3008,1475.6579,146181188#2,,,0,4.690399975515902,3.917,2.704,325.8,2.06,True,0,3.0669023036902834,False,2301.4621171885296,1482.8206236215615,-37.90984537735817,145.13853787971775,0.7039894536143372,0.7039894536143372,,,
2026-09-10T11:19:06.998,1789003147,native,False,-37.90977808,145.1384862,2296.7695100920973,1490.1975364536047,2296.7695100920973,1490.1975364536047,2296.771,1490.1976,2301.4613,1482.8218,146181188#2,,,0,4.49069996830076,4.323,3.917,325.5,2.06,True,0,11.815327795925908,False,2296.6631090880046,1490.1328179454565,-37.909778643861415,145.1384849755341,0.12453778129093479,0.12453778129093479,,,
2026-09-10T11:19:09.017,1789003149,native,False,-37.90970801,145.1384281,2291.5063031231984,1497.8708406612277,2291.5063031231984,1497.8708406612277,2291.5093,1497.8706,2296.6635,1490.1322,:1594523621_0,,,0,4.448399995453656,4.611,4.323,327.3,2.05,True,0,2.83926815362399,True,2292.505777746082,1498.2249426189044,-37.90970499995323,145.13843954434196,1.0603479231925135,1.0603479231925135,,,
2026-09-10T11:19:11.043,1789003151,native,False,-37.90963069,145.1384246,2291.0272579728044,1506.444498614408,2291.0272579728044,1506.444498614408,2291.0262,1506.4442,2292.507,1498.2213,:9207197687_w0,,,0,6.015600054524839,4.299,4.611,356.4,2.05,True,0,4.076355714632963,True,2296.1018951068177,1507.39109315032,-37.90962307570467,145.13848251305643,5.162168464640149,5.162168464640149,,,
2026-09-10T11:19:13.058,1789003153,native,False,-37.90954893,145.1384541,2293.439619258221,1515.5687774950638,2293.439619258221,1515.5687774950638,2293.4437,1515.5692,2292.4181,1506.2555,146181188#0,,,0,5.059199989773333,4.607,0,10.9,2.05,True,0,3.1745764232219,False,2293.6709983921287,1515.5365371157357,-37.90954926205304,145.13845672343524,0.23361452366495813,0.23361452366495813,,,
2026-09-10T11:19:15.074,1789003155,native,False,-37.90945818,145.1384667,2294.3462746206205,1525.6609592214227,2294.3462746206205,1525.6609592214227,2294.3487,1525.6611,2293.6713,1515.5387,:268380669_10,,,0,4.295699996873736,4.958,4.607,6.9,2.04,True,0,0.29721889394704865,True,2295.000189439221,1525.6165323885564,-37.909458697841075,145.13847412484387,0.6554222558500109,0.6554222558500109,,,
2026-09-10T11:19:17.100,1789003157,native,False,-37.90937127,145.1384715,2294.5756914764643,1535.3133416753262,2294.5756914764643,1535.3133416753262,2294.5745,1535.3131,2295.0002,1525.6167,-46410623#1,,,0,4.3481000466272235,4.772,4.958,3.1,2.04,True,0,2.005050593221416,False,2294.81609747341,1535.3032012146687,-37.90937140459429,145.13847423108098,0.24061976708046376,0.24061976708046376,,,
2026-09-10T11:19:19.143,1789003159,native,False,-37.9092812,145.1384565,2293.0573538405006,1545.2816112712026,2293.0573538405006,1545.2816112712026,2293.0598,1545.2814,2294.8161,1535.3028,46410623#1,,,0,4.484300035983324,5.15,4.772,353.2,2.03,True,0,99.92605951604116,False,2293.34399029103,1545.405598956237,-37.90928013464832,145.13845978716452,0.3123033794442645,0.3123033794442645,,,
2026-09-10T11:19:21.165,1789003161,native,False,-37.90918421,145.1384037,2288.200417830725,1555.951392722316,2288.200417830725,1555.951392722316,2288.1974,1555.9511,2291.5036,1544.6094,46410623#1,,,0,4.450000007636845,5.748,5.15,339.5,2.03,True,0,88.20510079545149,False,2288.6976792769406,1556.1662990863458,-37.90918236351983,145.13840940257555,0.5417136616263907,0.5417136616263907,,,
2026-09-10T11:19:23.202,1789003163,native,False,-37.90908129,145.1383568,2283.849039911118,1567.2895519658923,2283.849039911118,1567.2895519658923,2283.8497,1567.2897,2286.8563,1555.3719,46410623#1,,,0,4.21390007250011,6.03,5.748,340.7,2.03,True,0,76.20439248005601,False,2284.69973849689,1567.3858844858428,-37.90908057524969,145.13836649416123,0.8561355256234976,0.8561355256234976,,,
2026-09-10T11:19:25.245,1789003165,native,False,-37.9089757,145.1383523,2283.2194241823163,1578.998429492116,2283.2194241823163,1578.998429492116,2283.2161,1578.9981,2282.7092,1567.1619,-46410623#1,,,0,5.507800029590726,5.826,6.03,357.5,2.03,True,0,48.28610259500287,False,2283.425215809923,1578.9638010606304,-37.90897604896387,145.1383546319473,0.20868474371682763,0.20868474371682763,,,
2026-09-10T11:19:27.274,1789003167,native,False,-37.90888206,145.1384091,2288.00562150951,1589.4889022009447,2288.00562150951,1589.4889022009447,2288.0098,1589.4886,2283.4242,1578.9584,46410623#1,,,0,6.047299946658313,5.746,5.826,21.4,2.02,True,0,53.65707665139202,False,2287.488630256974,1589.5877569883,-37.908881076486196,145.13840324436444,0.5263575060564694,0.5263575060564694,,,
2026-09-10T11:19:29.312,1789003169,native,False,-37.90878687,145.1384667,2292.8587312724558,1600.152771559544,2292.8587312724558,1600.152771559544,2292.8612,1600.1532,2285.5277,1589.963,46410623#1,,,0,4.562600050121546,5.819,5.746,24.8,2.02,True,0,41.529292089924866,False,2293.256586695984,1599.8086057099172,-37.90879004190817,145.13847114538552,0.5260599491313648,0.5260599491313648,,,
2026-09-10T11:19:31.355,1789003172,native,False,-37.90865127,145.1385842,2302.8885788136977,1615.4058837685734,2302.8885788136977,1615.4058837685734,2302.8895,1615.4064,2291.7477,1601.1164,-46410623#1,,,0,4.919199971482158,5.883,5.819,34.5,2.02,True,0,90.77787892399076,False,2303.674373713196,1614.7217703099939,-37.90865757402459,145.13859297898176,1.0418660414310745,1.0418660414310745,,,
2026-09-10T11:19:33.393,1789003174,native,False,-37.90858034,145.1386696,2310.239588457218,1623.4265372939408,2310.239588457218,1623.4265372939408,2310.2419,1623.4269,2303.6693,1614.716,-46410623#1,,,0,4.3030999368056655,5.419,5.883,41.8,2.02,True,0,101.65703028324889,False,2310.886087945511,1622.867143974171,-37.90858549545079,145.1386768235415,0.8549166477301782,0.8549166477301782,,,
2026-09-10T11:19:35.412,1789003176,native,False,-37.90851555,145.1387505,2317.2085859890794,1630.7579604825005,2317.2085859890794,1630.7579604825005,2317.2066,1630.758,2310.8808,1622.8612,-46410623#1,,,0,4.154599970206618,5.064,5.419,44.8,2.01,True,0,111.76683833537673,False,2317.5878098177286,1630.436499481631,-37.908518514014936,145.13875473870016,0.49713970601365504,0.49713970601365504,,,
2026-09-10T11:19:37.457,1789003178,native,False,-37.908452,145.1388322,2324.2506775207585,1637.9531850917265,2324.2506775207585,1637.9531850917265,2324.2479,1637.9532,2317.5799,1630.4275,:268380657_2,,,0,4.334600060246885,5.045,5.064,45.7,2.01,True,0,2.297526972320925,True,2324.7153822290584,1637.869267892413,-37.90845283952618,145.13883746451555,0.47222088291043207,0.47222088291043207,,,
2026-09-10T11:19:39.492,1789003180,native,False,-37.90839376,145.138909,2330.8737471201457,1644.550579429604,2330.8737471201457,1644.550579429604,2330.8759,1644.5504,2324.7162,1637.8742,-46410623#0,,,0,4.357600002549589,4.663,5.045,46,2.02,True,0,8.561620538926029,False,2330.698873487147,1644.7141620138523,-37.908392254953526,145.1389070488676,0.23945782381761838,0.23945782381761838,,,
2026-09-10T11:19:41.524,1789003182,native,False,-37.90834516,145.1389882,2337.7291853362694,1650.0824793865904,2337.7291853362694,1650.0824793865904,2337.7321,1650.0827,2330.7006,1644.716,46410623#0,,,0,4.2010999750345945,4.444,4.663,50.7,2.02,True,0,1.800749080090576,False,2338.1440066542104,1649.6904131572855,-37.90834876643938,145.13899282740795,0.5707824927059817,0.5707824927059817,,,
2026-09-10T11:19:45.602,1789003186,native,False,-37.90823578,145.1390557,2343.4213559326017,1662.3382811015472,2343.4213559326017,1662.3382811015472,2343.4228,1662.3378,2342.6144,1655.8471,46410626#2,,,0,4.149399930611253,3.269,3.835,10.9,2.01,True,0,1.8527663324503274,False,2342.573338497967,1662.0607397862075,-37.90823812767108,145.13904599530943,0.8922795252412302,0.8922795252412302,,,
2026-09-10T11:19:47.642,1789003188,native,False,-37.90816857,145.1389973,2338.1380555748474,1669.6937295589596,2338.1380555748474,1669.6937295589596,2338.1404,1669.6938,2342.5737,1662.0597,46410626#2,,,0,4.2730000568553805,4.285,3.269,327.2,2.05,True,0,9.293287274689071,False,2337.0032838734064,1666.8004506817704,-37.908194429380934,145.1389837413028,3.107856089908381,3.107856089908381,,,
2026-09-10T11:19:49.683,1789003190,native,False,-37.90813547,145.1388769,2327.4793796770973,1673.1553421178833,2327.4793796770973,1673.1553421178833,2327.4817,1673.1556,2337.0061,1666.7993,46410626#2,,,0,4.1810000548139215,5.193,4.285,292.2,2.05,True,0,20.939288495750745,False,2327.298560671558,1672.9470344062763,-37.90813731397367,145.13887479686304,0.2758398366429212,0.2758398366429212,,,
2026-09-10T11:19:51.710,1789003192,native,False,-37.90810108,145.1387653,2317.5915168275824,1676.7755327261984,2317.5915168275824,1676.7755327261984,2317.5927,1676.7757,2327.3014,1672.9446,46410626#2,,,0,4.151800065301359,5.208,5.193,292.7,2.05,True,0,30.30252475767365,False,2320.9997694412623,1679.874364631825,-37.90807377785873,145.1388047541328,4.606402615706267,4.606402615706267,,,
2026-09-10T11:19:53.753,1789003194,native,False,-37.90805319,145.1386823,2310.1881978353485,1681.9439420886338,2310.1881978353485,1681.9439420886338,2310.1909,1681.9439,2321.0022,1679.8716,46410626#2,,,0,4.483899916522205,4.599,5.208,306.4,2.05,True,0,41.17106245104735,False,2311.9798528175443,1685.6346479023575,-37.90802026536316,145.1387035083345,4.102601245390669,4.102601245390669,,,
2026-09-10T11:19:55.782,1789003196,native,False,-37.90797757,145.1386587,2307.945782167837,1690.2936742333695,2307.945782167837,1690.2936742333695,2307.9436,1690.2932,2311.9857,1685.6318,:592677711_w0,,,0,5.385300028137863,3.991,4.599,335.9,2.04,True,0,2.304175183576927,True,2310.7358904584503,1687.460960871821,-37.908003589695426,145.13868977950108,3.9760494541748566,3.9760494541748566,,,
2026-09-10T11:19:57.818,1789003198,native,False,-37.90790009,145.1386052,2303.0704784256523,1698.7973118051887,2303.0704784256523,1698.7973118051887,2303.0737,1698.797,2306.7862,1689.3603,46410626#1,,,0,4.304899950511754,4.588,3.991,334,2.04,True,0,9.441952517280692,False,2302.340636203024,1698.5631609104807,-37.907902068018316,145.13859684880117,0.7664830796718681,0.7664830796718681,,,
2026-09-10T11:19:59.854,1789003200,native,False,-37.9078084,145.1385551,2298.4626030242653,1708.883725677617,2298.4626030242653,1708.883725677617,2298.4584,1708.8838,2302.3413,1698.5612,46410626#1,,,0,3.9988000644370914,5.421,4.588,333,2.04,True,0,20.101344395164386,False,2296.7709581076133,1707.4059546145068,-37.907821407880135,145.13853553113984,2.2462123316819613,2.2462123316819613,,,
2026-09-10T11:20:01.898,1789003202,native,False,-37.90772029,145.1384638,2290.2403985547717,1718.5005525471643,2290.2403985547717,1718.5005525471643,2290.2435,1718.5002,2296.7701,1707.4069,46410626#0,,,0,4.362999927252531,5.978,5.421,322.5,2.03,True,0,7.506778142266643,False,2289.186430245648,1717.7715735134484,-37.90772666725057,145.13845165128703,1.2815067804091154,1.2815067804091154,,,
2026-09-10T11:20:03.932,1789003204,native,False,-37.90765152,145.1383934,2283.898533915344,1726.0080058937892,2283.898533915344,1726.0080058937892,2283.9005,1726.0082,2289.188,1717.7693,46410626#0,,,0,4.161400021985173,4.935,5.978,320.9,2.03,True,0,17.019641461759342,False,2282.83038358821,1724.7340192890322,-37.907662804269016,145.13838096630772,1.6625242826667956,1.6625242826667956,,,
2026-09-10T11:20:05.966,1789003206,native,False,-37.90760563,145.1383182,2277.18534896028,1730.9681518496946,2277.18534896028,1730.9681518496946,2277.1818,1730.9685,2282.8327,1724.7321,46410626#0,,,0,3.9944000309333205,4.307,4.935,307,2.02,True,0,24.55797720095846,False,2276.1879509205373,1728.0399511030068,-37.907631828600394,145.13830619513348,3.093406287991422,3.093406287991422,,,
2026-09-10T11:20:08.008,1789003208,native,False,-37.9075941,145.1382166,2268.2272419453366,1732.06918709632,2268.2272419453366,1732.06918709632,2268.225,1732.069,2276.1868,1728.0403,46410626#0,,,0,4.636800033040345,4.325,4.307,281.3,2.02,True,0,32.88007699818974,False,2268.006014739186,1729.2435251353336,-37.9076195145305,145.13821344312882,2.8343089095063942,2.8343089095063942,,,
2026-09-10T11:20:10.039,1789003210,native,False,-37.90759571,145.1381219,2259.9048933709273,1731.7242507748306,2259.9048933709273,1731.7242507748306,2259.9015,1731.7239,2268.0068,1729.2435,46410626#0,,,0,4.61359997279942,4.189,4.325,270.2,2.02,True,0,41.15195503900583,False,2259.7586784391024,1729.880243499649,-37.90761229501136,145.13811981886593,1.8497950257289009,1.8497950257289009,,,
2026-09-10T11:20:14.114,1789003214,native,False,-37.90758447,145.137972,2246.700943036005,1732.7082699853927,2246.700943036005,1732.7082699853927,2246.7001,1732.7084,2252.3551,1730.4518,:311686407_0,,,0,4.371699993498623,2.922,3.758,279.7,2.02,True,0,0.8448480626715197,True,2246.4125945853825,1732.2868584031573,-37.90758821430701,145.13796862589737,0.5106197710806236,0.5106197710806236,,,
2026-09-10T11:20:20.218,1789003220,native,False,-37.90751568,145.1380562,2253.9512540253345,1740.489398916252,2253.9512540253345,1740.489398916252,2253.9552,1740.4895,2250.6801,1736.926,:4636807469_10,,,0,4.183000070042908,2.101,1.785,59.9,2.03,True,0,4.2065458384665355,True,2254.5803718214393,1739.8435017857248,-37.90752161160793,145.13806320613008,0.9016497682575636,0.9016497682575636,,,
2026-09-10T11:20:24.294,1789003224,native,False,-37.90746386,145.1379608,2245.4489310539793,1746.0720699038357,2245.4489310539793,1746.0720699038357,2245.4484,1746.0726,2252.6388,1742.0403,-310292416#2,,,0,5.222399951890111,3.358,0.934,301.4,2.02,True,0,66.04861160146324,False,2244.915514832434,1744.514569724441,-37.90747779440511,145.1379543815875,1.6463109287806146,1.6463109287806146,,,
2026-09-10T11:20:26.325,1789003227,native,False,-37.90742537,145.1377972,2230.9800617314177,1750.0557978423312,2230.9800617314177,1750.0557978423312,2230.9821,1750.0562,2244.9158,1744.5145,-310292416#2,,,0,6.784799974411726,4.973,3.358,291,2.02,True,0,51.207404453423294,False,2230.8090299156,1749.0712955785052,-37.90743420788553,145.13779503184875,0.9992480120072227,0.9992480120072227,,,
2026-09-10T11:20:28.361,1789003229,native,False,-37.90741715,145.1376664,2219.4620252755703,1750.7382044531405,2219.4620252755703,1750.7382044531405,2219.4604,1750.7381,2230.8117,1749.0708,-310292416#2,,,0,5.497499951161444,5.616,4.973,272,2.18,True,0,39.79851081716377,False,2219.4997985180416,1749.988493624939,-37.90742391039458,145.1376666591831,0.7506618038565739,0.7506618038565739,,,
2026-09-10T11:20:30.398,1789003231,native,False,-37.90742421,145.1375372,2208.1185308883432,1749.7278626589105,2208.1185308883432,1749.7278626589105,2208.1196,1749.7283,2219.4988,1749.9884,-310292416#2,,,0,5.0527999410405755,5.795,5.616,266.9,2.29,True,0,28.41837237369768,False,2208.1345360213686,1749.4068069617235,-37.90742710503639,145.1375373090448,0.32145439020075584,0.32145439020075584,,,
2026-09-10T11:20:32.414,1789003233,native,False,-37.9074336,145.1374265,2198.406706960057,1748.4914540946484,2198.406706960057,1748.4914540946484,2198.4108,1748.4912,2208.136,1749.4069,-310292416#2,,,0,5.274799885228276,4.564,5.795,262.5,2.5,True,0,18.67513946449492,False,2198.5459493110006,1747.8646133017842,-37.907439271810894,145.13742794073127,0.6421197800215621,0.6421197800215621,,,
2026-09-10T11:20:36.482,1789003237,native,False,-37.90744771,145.1373118,2188.35367419268,1746.724253103137,2188.35367419268,1746.724253103137,2188.3539,1746.7246,2192.5351,1746.5266,-310292416#2,,,0,5.041300086304545,2.148,2.92,263.8,2.93,True,0,8.327850902262186,False,2188.419945506636,1745.7936638934502,-37.90745610492474,145.13731234207035,0.9329459599778106,0.9329459599778106,,,
2026-09-10T11:20:42.575,1789003243,native,False,-37.90746965,145.1371902,2177.7113653895794,1744.0760629475117,2177.7113653895794,1744.0760629475117,2177.7105,1744.0757,2181.2985,1745.2856,:cluster_592677911_687080892_3,,,0,4.841900081373751,2.276,1.548,236.3,3.3,True,0,4.622419094750957,True,2177.633199544628,1744.4720332416264,-37.90746606892377,145.13718940124852,0.4036116613011221,0.4036116613011221,,,
2026-09-10T11:20:46.653,1789003247,native,False,-37.90761376,145.1371555,2174.98011955939,1728.0239575505257,2174.98011955939,1728.0239575505257,2174.9836,1728.0246,2176.721,1736.9011,-46410634#0,,,0,4.579300060868263,4.333,3.39,187.7,3.47,True,0,5.369153951116741,False,2175.3502584085822,1727.9573197874095,-37.90761442691886,145.13715969318525,0.3760895626768848,0.3760895626768848,,,
2026-09-10T11:20:48.690,1789003249,native,False,-37.90769966,145.1371471,2174.4320741425036,1718.4773198775947,2174.4320741425036,1718.4773198775947,2174.4362,1718.4771,2175.3504,1727.9579,-46410634#0,,,0,4.669300047680736,4.77,4.333,184.1,3.53,True,0,14.862169347953175,False,2175.188537265964,1718.4833905319056,-37.90769974148448,145.13715570206057,0.75648748172014,0.75648748172014,,,
2026-09-10T11:20:50.731,1789003251,native,False,-37.90779203,145.1371475,2174.672061439138,1708.228199834004,2174.672061439138,1708.228199834004,2174.6749,1708.2284,2175.1885,1718.4815,-46410634#0,,,0,4.825999960303307,5.021,4.77,181.4,3.64,True,0,25.11137358873957,False,2175.248352492605,1708.2343608359774,-37.907792078238174,145.13715405360534,0.5763239854905278,0.5763239854905278,,,
2026-09-10T11:20:52.777,1789003253,native,False,-37.9078761,145.1371443,2174.577137971879,1698.8937631808221,2174.577137971879,1698.8937631808221,2174.5763,1698.8935,2175.2484,1708.2318,-46410634#0,,,0,4.692399990744889,4.69,5.021,180.9,3.72,True,0,34.444057556481944,False,2175.302818829073,1698.9018358046717,-37.90787615790982,145.1371525525531,0.7257257565733454,0.7257257565733454,,,
2026-09-10T11:20:54.798,1789003255,native,False,-37.90794951,145.1371449,2174.792668128095,1690.7488877745345,2174.792668128095,1690.7488877745345,2174.794,1690.7493,2175.3028,1698.8978,-46410634#0,,,0,4.570499993860722,4.186,4.69,179,3.76,True,0,42.589144677438206,False,2175.350354249454,1690.7568873952723,-37.907949538326825,145.13715124250572,0.557743492914418,0.557743492914418,,,
2026-09-10T11:20:56.833,1789003257,native,False,-37.90802314,145.1371361,2174.1822536086547,1682.5630854405463,2174.1822536086547,1682.5630854405463,2174.1859,1682.5631,2175.3504,1690.7525,46410634#0,,,0,5.040899966843426,4.122,4.186,184,3.77,True,0,5.458727067108015,False,2173.3982637510967,1682.55863481135,-37.90802303896431,145.13712718530067,0.7840024903366681,0.7840024903366681,,,
2026-09-10T11:21:00.898,1789003261,native,False,-37.90813887,145.137122,2173.1992279656697,1669.6963511444628,2173.1992279656697,1669.6963511444628,2173.2,1669.6962,2173.6812,1675.0906,:268380646_w0,,,0,4.777400055900216,2.921,3.73,195.3,4.12,True,0,5.975545008220786,True,2178.5453509615168,1675.1210444138842,-37.908090965283805,145.137184016091,7.616319856336798,7.616319856336798,,,
2026-09-10T11:21:06.984,1789003267,native,False,-37.90810086,145.1370424,2166.1166485213907,1673.7742738872766,2166.1166485213907,1673.7742738872766,2166.1125,1673.7744,2174.228,1673.1697,46410633#3,,,0,4.609699943102896,2.238,1.187,332.7,4.29,True,0,66.4579099603484,False,2164.3989864754535,1673.4421063137431,-37.90810354303553,145.1370227952958,1.7494851245324796,1.7494851245324796,,,
2026-09-10T11:21:11.046,1789003271,native,False,-37.90795559,145.1370127,2163.1833308822243,1689.8419557744637,2163.1833308822243,1689.8419557744637,2163.1805,1689.8414,2173.4064,1681.1534,46410633#3,,,0,4.8958000261336565,4.172,3.491,352.6,4.33,True,0,50.12426567519334,False,2161.333468634479,1689.4855017149869,-37.90795846801127,145.13699158674723,1.883892202901077,1.883892202901077,,,
2026-09-10T11:21:15.080,1789003275,native,False,-37.90787973,145.1369531,2157.7751622215146,1698.1550311800092,2157.7751622215146,1698.1550311800092,2157.7783,1698.1548,2156.0832,1695.917,1209653405,,,0,4.74270002450794,2.235,3.117,307.3,4.53,True,0,7.191666618860439,False,2156.06959139408,1698.1442049164416,-37.90787952047141,145.1369337058411,1.7056051874273737,1.7056051874273737,,,
2026-09-10T11:21:19.148,1789003279,native,False,-37.90801492,145.1368885,2152.3954356916947,1683.040185672231,2152.3954356916947,1683.040185672231,2152.3916,1683.0397,2156.0801,1692.6432,:27287172_3,,,0,4.804100026376545,4.569,2.618,200.1,4.38,True,0,6.781287776355982,True,2152.8683818216964,1682.7416541314703,-37.90801769439831,145.13689380939425,0.5592844738704126,0.5592844738704126,,,
2026-09-10T11:21:21.184,1789003281,native,False,-37.9080844,145.1367897,2143.8631941163912,1675.156740645878,2143.8631941163912,1675.156740645878,2143.8602,1675.1563,2152.8677,1682.7406,5094891#0,,,0,4.660799982957542,5.53,4.569,226.7,4.34,True,0,10.622895634964681,False,2144.7370818635795,1674.0622286022747,-37.90809441699268,145.13679938708339,1.4005843095931776,1.4005843095931776,,,
2026-09-10T11:21:23.220,1789003283,native,False,-37.9081213,145.1366566,2132.2431120574474,1670.8282454330474,2132.2431120574474,1670.8282454330474,2132.2463,1670.8281,2144.7355,1674.061,5094891#0,,,0,4.6452999813482165,5.818,5.53,249.8,4.34,True,0,23.894018092459696,False,2132.651986404177,1669.0592751968452,-37.90813730897044,145.13666084674838,1.8156084181295518,1.8156084181295518,,,
2026-09-10T11:21:25.262,1789003285,native,False,-37.90810962,145.1365158,2119.838313253247,1671.8768738908693,2119.838313253247,1671.8768738908693,2119.8391,1671.8767,2132.6564,1669.0603,5094891#1,,,0,4.516800050623715,6.055,5.818,273,4.23,True,0,0.7234867994723925,False,2118.829647881038,1669.8069783436958,-37.90812808452823,145.1365038613802,2.3025797291955943,2.3025797291955943,,,
2026-09-10T11:21:27.304,1789003287,native,False,-37.90807062,145.1363755,2107.4168649070198,1675.957922546193,2107.4168649070198,1675.957922546193,2107.4164,1675.9576,2118.8302,1669.8067,:27287164_0,,,0,4.770900006406009,6.391,6.055,286.8,3.99,True,0,1.5408089897462514,True,2108.0729123614747,1676.906687663412,-37.9080621914203,145.13638317467644,1.1534962115881615,1.1534962115881615,,,
2026-09-10T11:21:29.341,1789003289,native,False,-37.90802943,145.136232,2094.709206078667,1680.2763410946354,2094.709206078667,1680.2763410946354,2094.7059,1680.2768,2108.073,1676.9066,1209653407,,,0,4.709600005298853,6.659,6.391,291.2,4.01,True,0,7.625513928197967,False,2095.048454470939,1681.3187178951907,-37.90802010109624,145.1362360940751,1.0961928963438932,1.0961928963438932,,,
2026-09-10T11:21:31.365,1789003292,native,False,-37.9079785,145.136015,2075.5179183037253,1685.5463327495381,2075.5179183037253,1685.5463327495381,2075.5149,1685.5459,2095.0452,1681.3198,1209653407,,,0,4.553399980068207,6.499,6.659,281,4.65,True,0,27.697986477876846,False,2075.5586442382582,1685.9068173068601,-37.907975259997,145.13601554499002,0.3627777802060601,0.3627777802060601,,,
2026-09-10T11:21:33.400,1789003294,native,False,-37.90795945,145.1358703,2062.75385021104,1687.4058309579268,2062.75385021104,1687.4058309579268,2062.7563,1687.4062,2075.5551,1685.9072,24801549#0,,,0,4.904599976725876,6.363,6.499,277.8,4.44,True,0,9.235614125028595,False,2062.683578625255,1686.8284003930542,-37.90796463898583,145.13586936975716,0.5816907709581709,0.5816907709581709,,,
2026-09-10T11:21:35.439,1789003296,native,False,-37.90794316,145.1357207,2049.565099434112,1688.9504312239587,2049.565099434112,1688.9504312239587,2049.5628,1688.9502,2062.6851,1686.8282,24801549#0,,,0,4.934099968522787,6.541,6.363,277.8,4.01,True,0,22.513116369805708,False,2049.5055507505385,1688.4506356390225,-37.907947651560164,145.13571990931436,0.5033305796761329,0.5033305796761329,,,
2026-09-10T11:21:37.476,1789003298,native,False,-37.9079275,145.1355768,2036.878876185161,1690.4351251432672,2036.878876185161,1690.4351251432672,2036.8773,1690.4348,2049.5013,1688.4512,24801549#0,,,0,4.643800086341798,6.408,6.541,277.8,3.62,True,0,35.28458078787201,False,2036.829769492928,1690.0110435636202,-37.90793131138895,145.13557614524387,0.4269152766275345,0.4269152766275345,,,
2026-09-10T11:21:39.516,1789003300,native,False,-37.90791177,145.1354322,2024.1309489983832,1691.926336184144,2024.1309489983832,1691.926336184144,2024.1351,1691.926,2036.8252,1690.0116,24801549#1,,,0,4.568299977108836,6.44,6.408,277.8,3.54,True,0,0.8867573276905575,False,2024.090090321719,1691.599988709785,-37.907914702460126,145.1354316612388,0.3288952804149531,0.3288952804149531,,,
2026-09-10T11:21:41.553,1789003302,native,False,-37.90789567,145.1352948,2012.0152083997382,1693.4712465731427,2012.0152083997382,1693.4712465731427,2012.0192,1693.4708,2024.0943,1691.5995,24801549#1,,,0,5.0608000019565225,6.184,6.44,278.2,3.39,True,0,13.101452979233123,False,2011.9697180559026,1693.115035243012,-37.90789887064606,145.1352942017815,0.35910427886027124,0.35910427886027124,,,
2026-09-10T11:21:43.602,1789003304,native,False,-37.90788106,145.1351673,2000.7731635177624,1694.8682130109519,2000.7731635177624,1694.8682130109519,2000.7712,1694.8682,2011.9746,1693.1144,24801549#1,,,0,4.655100055970252,5.719,6.184,278.2,3.36,True,0,24.42793491773256,False,2000.725791228695,1694.4793739953693,-37.90788455422468,145.13516667295835,0.3917140714994848,0.3917140714994848,,,
2026-09-10T11:21:45.648,1789003306,native,False,-37.90786702,145.1350447,1989.9631803956,1696.210532530211,1989.9631803956,1696.210532530211,1989.965,1696.2107,2000.7256,1694.4794,24801549#1,,,0,4.547000047750771,5.651,5.719,278.2,3.67,True,0,35.321478712917475,False,1989.9063167159543,1695.7475489382566,-37.90787118042666,145.13504394817488,0.46646252205482186,0.46646252205482186,,,
2026-09-10T11:21:47.688,1789003308,native,False,-37.90785275,145.1349202,1978.985637048143,1697.5750178033486,1978.985637048143,1697.5750178033486,1978.9819,1697.5752,1989.9107,1695.747,:cluster_12594322007_592653429_592653430_592653431_11,,,0,5.4354999447241426,5.628,5.651,278.2,3.77,True,0,2.6016070336317614,True,1979.274496038685,1697.38728985513,-37.90785449316088,145.134923441511,0.3445015224339568,0.3445015224339568,,,
2026-09-10T11:21:49.704,1789003310,native,False,-37.90786055,145.134781,1966.7646856267238,1696.4646349214017,1966.7646856267238,1696.4646349214017,1966.7617,1696.4645,1979.273,1697.385,24801549#3,,,0,5.069300066679716,5.933,5.628,278.4,3.68,True,0,10.821767346801366,False,1967.0229660672069,1698.5415734661296,-37.907841886962785,145.13478440901974,2.0929363355134853,2.0929363355134853,,,
2026-09-10T11:21:51.743,1789003312,native,False,-37.90785064,145.1346478,1955.0319253352936,1697.3299771910533,1955.0319253352936,1697.3299771910533,1955.0328,1697.3302,1967.0232,1698.5415,24801549#3,,,0,5.2278999937698245,5.853,5.933,275.5,3.59,True,0,22.574146166513515,False,1955.3626072612503,1700.009374691899,-37.90782656291522,145.1346521692888,2.6997261905038368,2.6997261905038368,,,
2026-09-10T11:21:53.784,1789003314,native,False,-37.90783653,145.1345289,1944.547071780078,1698.6865138253197,1944.547071780078,1698.6865138253197,1944.5444,1698.6861,1955.3699,1700.0085,:cluster_592653427_592653428_592653449_0,,,0,4.939500009641051,5.281,5.853,279.1,3.58,True,0,3.643173498109898,True,1943.9783204889357,1698.9112668614537,-37.90783440284272,145.1345224846595,0.611548819333053,0.611548819333053,,,
2026-09-10T11:21:55.821,1789003316,native,False,-37.90782226,145.1344137,1934.3871577330283,1700.0673014819622,1934.3871577330283,1700.0673014819622,1934.3874,1700.0669,1944.899,1701.4376,24801549#4,,,0,4.9100000178441405,5.244,5.281,277.9,3.7,True,0,2.522254016590282,False,1934.6945044065285,1702.720270830951,-37.90779841679046,145.13441779803716,2.67071307788494,2.67071307788494,,,
2026-09-10T11:21:57.840,1789003318,native,False,-37.90780586,145.1342834,1922.8949375456432,1701.657862576656,1922.8949375456432,1701.657862576656,1922.8913,1701.6579,1934.6948,1702.7202,24801549#4,,,0,4.824900068342686,5.628,5.244,279.4,3.76,True,0,14.12120882389319,False,1923.1726156643874,1704.0551237949796,-37.90778431493029,145.13428710257338,2.413289557120664,2.413289557120664,,,
2026-09-10T11:21:59.874,1789003320,native,False,-37.90778701,145.1341546,1911.529148763162,1703.522911223583,1911.529148763162,1703.522911223583,1911.5319,1703.5226,1923.1691,1704.0555,24801549#4,,,0,4.8732999712228775,5.683,5.628,280,3.72,True,0,25.626161010337768,False,1911.7441049685438,1705.3791585707174,-37.9077703272151,145.1341574663737,1.868652023244564,1.868652023244564,,,
2026-09-10T11:22:01.918,1789003322,native,False,-37.90777009,145.1340242,1900.0269708106061,1705.1709663392976,1900.0269708106061,1705.1709663392976,1900.0267,1705.1705,1911.7469,1705.3788,24801549#4,,,0,4.979199962690473,5.752,5.683,278.6,3.86,True,0,37.24162411935945,False,1900.2058176095543,1706.7159113745029,-37.9077562049971,145.1340265850081,1.5552624663700405,1.5552624663700405,,,
2026-09-10T11:22:03.940,1789003324,native,False,-37.90776125,145.1338971,1888.8328669739421,1705.9282168708742,1888.8328669739421,1705.9282168708742,1888.8355,1705.9283,1900.2057,1706.7159,24801549#4,,,0,4.860199987888336,5.535,5.752,276.1,3.84,True,0,48.448541226228116,False,1889.0733617811688,1708.0056471107182,-37.90774257935737,145.13390030713313,2.091304414407775,2.091304414407775,,,
2026-09-10T11:22:05.978,1789003326,native,False,-37.90774188,145.1337728,1877.8615413141088,1707.8588406909257,1877.8615413141088,1707.8588406909257,1877.8646,1707.8585,1889.0761,1708.0053,24801549#4,,,0,5.117699969559908,5.528,5.535,279.8,3.87,True,0,59.56919639586657,False,1878.0265947462963,1709.2854554867097,-37.90772905846414,145.1337750012964,1.4361310563547436,1.4361310563547436,,,
2026-09-10T11:22:08.008,1789003328,native,False,-37.90772916,145.1336486,1866.913774946006,1709.0517094284296,1866.913774946006,1709.0517094284296,1866.9129,1709.0522,1878.0299,1709.2851,:9106614569_0,,,0,5.237499950453639,5.486,5.528,277.5,3.85,True,0,2.892144633506765,True,1867.0876257715572,1710.5575897997571,-37.90771562600961,145.13365091938266,1.5158825159933556,1.5158825159933556,,,
2026-09-10T11:22:10.050,1789003330,native,False,-37.90771941,145.1335465,1857.9156079996028,1709.95389981661,1857.9156079996028,1709.95389981661,1857.919,1709.9539,1867.0898,1710.5573,1209653409#0,,,0,4.968199995346367,4.618,5.486,276.6,3.82,True,0,6.868369564650218,False,1858.1220631098226,1711.640805054253,-37.90770425117567,145.1335492313053,1.6994919809529505,1.6994919809529505,,,
2026-09-10T11:22:12.084,1789003332,native,False,-37.90770957,145.1334429,1848.7853604147676,1710.8634267011657,1848.7853604147676,1710.8634267011657,1848.7824,1710.8636,1858.1245,1711.6405,1209653409#0,,,0,6.149000022560358,4.646,4.618,275.3,3.81,True,0,16.04040572848598,False,1849.0173748529028,1712.750263992212,-37.90769261475136,145.1334459674386,1.9010485691812338,1.9010485691812338,,,
2026-09-10T11:22:14.125,1789003334,native,False,-37.9077479,145.1333537,1841.028170087433,1706.453114467673,1841.028170087433,1706.453114467673,1841.0264,1706.4533,1849.0124,1712.7509,:cluster_269458191_313428342_579288_0,,,0,5.531299975700676,4.412,4.646,241,3.78,True,0,9.635144897115037,True,1841.0556863832269,1706.4491861694673,-37.90774794035037,145.13335401195442,0.027795288467862406,0.027795288467862406,,,
2026-09-10T11:22:16.141,1789003336,native,False,-37.90782684,145.1333279,1838.935266256216,1697.6481251344085,1838.935266256216,1697.6481251344085,1838.9373,1697.6487,1841.0553,1706.4471,-5094896#1,,,0,4.890499985776842,4.226,4.412,198,3.94,True,0,4.029917585167709,False,1839.4294209735929,1697.5735915717512,-37.90782760055187,145.13333350136932,0.49974407116865077,0.49974407116865077,,,
2026-09-10T11:22:18.175,1789003338,native,False,-37.90790437,145.1333116,1837.6744608914014,1689.0163201475516,1837.6744608914014,1689.0163201475516,1837.6749,1689.0159,1839.4297,1697.5757,-5094896#1,,,0,6.229100050404668,4.357,4.226,191.2,4.11,True,0,12.756137405005221,False,1838.1506051426231,1688.941584712707,-37.90790512912255,145.13331699655714,0.4819737889065321,0.4819737889065321,,,
2026-09-10T11:22:22.251,1789003342,native,False,-37.90803733,145.1332814,1835.3147578478092,1674.2092587677762,1835.3147578478092,1674.2092587677762,1835.3174,1674.2088,1836.3466,1681.8748,-5094896#0,,,0,6.988100009039044,3.882,3.914,187.7,4.43,True,0,3.0683661581543022,False,1836.0442184328895,1674.1099347755423,-37.90803835631816,145.13328967108,0.7361915515807452,0.7361915515807452,,,
2026-09-10T11:22:26.318,1789003346,native,False,-37.9081519,145.1332445,1832.3251494358992,1661.4310451969504,1832.3251494358992,1661.4310451969504,1832.3225,1661.431,1835.1081,1667.1031,5094896#0,,,0,8.84059991221875,3.144,3.426,192.7,4.86,True,0,10.025759140524741,False,1831.1568644641197,1661.5815141736066,-37.908150333792385,145.1332312512766,1.177934925291607,1.177934925291607,,,
2026-09-10T11:22:28.348,1789003349,native,False,-37.90825319,145.1332293,1831.2138658881886,1650.1646485580131,1831.2138658881886,1650.1646485580131,1831.21,1650.1649,1834.3261,1661.1671,-5094896#0,,,0,7.615499896928668,3.672,3.144,187.4,5.1,True,0,27.642744362471063,False,1832.2631299149957,1649.8562218574855,-37.9082561576601,145.13324115955103,1.09365535135612,1.09365535135612,,,
2026-09-10T11:22:30.383,1789003351,native,False,-37.90832277,145.1332506,1833.2411328773596,1642.4812095686793,1833.2411328773596,1642.4812095686793,1833.2432,1642.4812,1832.2618,1649.8516,4577074#0,,,0,6.074599921703339,3.936,3.672,166,5.36,True,0,0.523852514717894,False,1832.5472549238366,1641.9531417861217,-37.90832740179593,145.13324259060903,0.8719645619866987,0.8719645619866987,,,
2026-09-10T11:22:32.429,1789003353,native,False,-37.90837786,145.1333243,1839.8431021373253,1636.4979020850733,1839.8431021373253,1636.4979020850733,1839.8387,1636.4974,1832.548,1641.9521,:585124732_0,,,0,5.8336000656709075,4.215,3.936,135.9,5.33,True,0,4.677445229809855,True,1838.4253447607011,1634.869422152723,-37.90839227400788,145.13330780980124,2.15916253881913,2.15916253881913,,,
2026-09-10T11:22:34.465,1789003355,native,False,-37.9084225,145.1334137,1847.8021547304234,1631.7018112195656,1847.8021547304234,1631.7018112195656,1847.8025,1631.7022,1838.4233,1634.8712,4577074#2,,,0,5.223700078204274,4.575,4.215,123.9,5.21,True,0,7.4605400887517845,False,1846.2217075937685,1628.9525976474306,-37.908446980519294,145.1333951049308,3.1711178497450314,3.1711178497450314,,,
2026-09-10T11:22:36.509,1789003357,native,False,-37.90844688,145.133514,1856.674490112986,1629.173049387522,1856.674490112986,1629.173049387522,1856.6742,1629.1729,1846.2217,1628.9526,4577074#2,,,0,5.675500025972724,4.415,4.575,106.4,5.06,True,0,18.55025285555404,False,1856.7345017697821,1626.2473218283053,-37.908473246498346,145.13351401628685,2.926342965154932,2.926342965154932,,,
2026-09-10T11:22:40.587,1789003361,native,False,-37.90845055,145.1336881,1871.9891507902648,1629.0722620282322,1871.9891507902648,1629.0722620282322,1871.993,1629.0728,1864.087,1626.3866,4577074#2,,,0,5.440999986603856,3.851,3.689,92.8,5.06,True,0,33.78057798423091,False,1871.9629830796932,1626.3098058664398,-37.90847543016863,145.13368717368036,2.7625800974635277,2.7625800974635277,,,
2026-09-10T11:22:42.633,1789003363,native,False,-37.9084549,145.1338016,1881.9774956601905,1628.7893339544535,1881.9774956601905,1628.7893339544535,1881.9805,1628.7889,1871.966,1626.3098,4577074#2,,,0,5.537100019864738,4.722,3.851,92.4,5.43,True,0,43.771435600783065,False,1881.9533656146548,1626.212375279077,-37.908478109530655,145.13380073910716,2.5770716469853903,2.5770716469853903,,,
2026-09-10T11:22:44.671,1789003365,native,False,-37.9084601,145.1339189,1892.3018152500736,1628.4187612580135,1892.3018152500736,1628.4187612580135,1892.2986,1628.4191,1881.9553,1626.2124,4577074#2,,,0,6.035599973984063,5.024,4.722,92.8,5.3,True,0,53.951795902521454,False,1892.128825695903,1626.0052015421218,-37.90848181075096,145.13391638384527,2.419751203745483,2.419751203745483,,,
2026-09-10T11:22:46.709,1789003367,native,False,-37.90847061,145.1340247,1901.6268718617503,1627.4387140953913,1901.6268718617503,1627.4387140953913,1901.6227,1627.4381,1892.1244,1626.0055,4577074#2,,,0,5.372000043280423,4.727,5.024,97.7,5.51,True,0,62.7117381076866,False,1900.7012405023954,1624.364399037844,-37.90849813728962,145.13401347618725,3.210639575923151,3.210639575923151,,,
2026-09-10T11:22:48.743,1789003369,native,False,-37.90850224,145.1341319,1911.121918523626,1624.1175412042066,1911.121918523626,1624.1175412042066,1911.1204,1624.1177,1900.6962,1624.3659,4577074#2,,,0,7.996100001037121,5.042,4.727,107.9,5.47,True,0,72.76154789501042,False,1910.323037115393,1621.462725951589,-37.90852601119553,145.13412221279728,2.772409697348495,2.772409697348495,,,
2026-09-10T11:22:50.782,1789003371,native,False,-37.90853195,145.1342485,1921.4391202077968,1621.025950522162,1921.4391202077968,1621.025950522162,1921.4411,1621.0259,1910.32,1621.4636,4577074#2,,,0,5.986399948596954,5.37,5.042,108.1,5.33,True,0,83.5322272121073,False,1920.6350020148325,1618.3529168152486,-37.90855588437813,145.13423874914366,2.7913644094871524,2.7913644094871524,,,
2026-09-10T11:22:52.821,1789003373,native,False,-37.90856313,145.1343659,1931.8299122073222,1617.772636291571,1931.8299122073222,1617.772636291571,1931.8305,1617.7728,1920.635,1618.3529,4577074#2,,,0,5.637800088152289,5.354,5.37,108.7,5.33,True,0,94.42005967733091,False,1931.0591306056954,1615.2092821494623,-37.90858608237765,145.13435655316118,2.6767309792491396,2.6767309792491396,,,
2026-09-10T11:22:54.853,1789003375,native,False,-37.9085913,145.134473,1941.3084587957128,1614.8351917639375,1941.3084587957128,1614.8351917639375,1941.3076,1614.8348,1931.0576,1615.2098,4577074#2,,,0,5.6662000715732574,4.956,5.354,108.4,5.27,True,0,104.30654276603151,False,1940.4923670311896,1612.2506382000859,-37.90861443518838,145.1344631332028,2.710336306169528,2.710336306169528,,,
2026-09-10T11:22:56.898,1789003377,native,False,-37.90862155,145.1345829,1951.037786228233,1611.6718555223197,1951.037786228233,1611.6718555223197,1951.0391,1611.6716,1940.4895,1612.2516,4577074#2,,,0,5.301700090058148,5.1,4.956,109.4,5.24,True,0,114.27845081989436,False,1949.8135018327537,1608.7337996025112,-37.90864779605451,145.13456831176578,3.18293023312414,3.18293023312414,,,
2026-09-10T11:23:00.987,1789003381,native,False,-37.90868359,145.1346756,1959.3255078077782,1604.950675596483,1959.3255078077782,1604.950675596483,1959.3259,1604.9505,1955.09,1606.53,4577074#2,,,0,5.7842000387609005,2.382,3.167,147.1,5.35,True,0,124.16059600085262,False,1958.1130042682892,1603.6665009820476,-37.90869493961059,145.134661522,1.766145314982259,1.766145314982259,,,
2026-09-10T11:23:05.048,1789003385,native,False,-37.90883049,145.1347111,1962.7727506604278,1588.7123829396442,1962.7727506604278,1588.7123829396442,1962.7691,1588.7128,1961.7043,1597.7863,405414870#0,,,0,5.423799972049892,4.538,3.778,177.3,5.67,True,0,8.869089860042543,False,1962.4549579493762,1588.7062204741446,-37.90883048823092,145.1347074853725,0.3178524550457204,0.3178524550457204,,,
2026-09-10T11:23:07.087,1789003387,native,False,-37.90891846,145.1346956,1961.6053556652041,1578.9235330987722,1961.6053556652041,1578.9235330987722,1961.6072,1578.9232,1962.4549,1588.7075,405414870#0,,,0,5.390099948272109,4.729,4.538,185.7,5.64,True,0,18.71061006824105,False,1962.3935806030206,1578.8660818426222,-37.90891911961385,145.13470454886533,0.790315885851365,0.790315885851365,,,
2026-09-10T11:23:09.132,1789003389,native,False,-37.90899737,145.1347163,1963.6004516031244,1570.2037075925618,1963.6004516031244,1570.2037075925618,1963.6,1570.2039,1962.3937,1578.8675,:cluster_26582434_9215816595_0,,,0,5.406100070104003,4.496,4.729,176.1,5.3,True,0,0.14646249984153198,True,1961.788694797454,1570.343974467112,-37.90899577986987,145.13469573263254,1.8171784499573507,1.8171784499573507,,,
2026-09-10T11:23:11.152,1789003391,native,False,-37.90908933,145.1347341,1965.369559502229,1560.0306880539283,1965.369559502229,1560.0306880539283,1965.3733,1560.031,1961.7887,1570.3442,405414870#2,,,0,5.226600100286305,5.03,4.496,162.5,4.98,True,0,1.108652077646299,False,1963.8634373141374,1559.2226961539839,-37.9090963371166,145.1347167918774,1.7091679132952278,1.7091679132952278,,,
2026-09-10T11:23:13.188,1789003393,native,False,-37.9091582,145.1347941,1970.7974962597364,1552.4940827796236,1970.7974962597364,1552.4940827796236,1970.8004,1552.4937,1963.8636,1559.2224,:588090419_0,,,0,4.813399980776012,4.544,5.03,156.5,4.69,True,0,6.9658459830088075,True,1968.1987571871,1551.1040451053525,-37.909170253400774,145.13476423660796,2.947142599797273,2.947142599797273,,,
2026-09-10T11:23:15.212,1789003395,native,False,-37.9092348,145.1348529,1976.1370851031388,1544.0976045764983,1976.1370851031388,1544.0976045764983,1976.1412,1544.0977,1968.1981,1551.1054,405414870#3,,,0,5.445700022391975,4.977,4.544,156.5,4.42,True,0,6.723311649613075,False,1972.866363991853,1542.358974910783,-37.9092498725007,145.13481531696806,3.7041125390997873,3.7041125390997873,,,
2026-09-10T11:23:17.235,1789003397,native,False,-37.90933153,145.1348773,1978.497015431407,1533.4068896165118,1978.497015431407,1533.4068896165118,1978.4954,1533.407,1972.8704,1542.3515,:588090556_0,,,0,5.0345000345259905,5.323,4.977,164.8,4.19,True,0,5.066011955439441,True,1976.535052612959,1533.4551781765012,-37.90933074138662,145.13485500379372,1.9625569764973145,1.9625569764973145,,,
2026-09-10T11:23:19.274,1789003399,native,False,-37.90941999,145.134884,1979.2824538535788,1523.6027192762122,1979.2824538535788,1523.6027192762122,1979.2841,1523.6024,1976.535,1533.4543,:9226568322_0,,,0,4.835100029595196,4.991,5.323,173.3,4.0,True,0,2.03506563991091,True,1976.7386936763621,1523.4868680341601,-37.90942057513793,145.1348550514797,2.546396934784187,2.546396934784187,,,
2026-09-10T11:23:21.314,1789003401,native,False,-37.90950811,145.134894,1980.3572612659773,1513.8420815998688,1980.3572612659773,1513.8420815998688,1980.3539,1513.8417,1976.7385,1523.4914,998107627#1,,,0,5.32650004606694,4.593,0,185.5,3.88,True,0,1.8164932214927134,False,1976.8544467265085,1513.8335122212488,-37.90950755585927,145.1348541715357,3.5028250216309353,3.5028250216309353,,,
2026-09-10T11:23:23.351,1789003404,native,False,-37.90962828,145.1348866,1979.9734759937273,1500.4944114461541,1979.9734759937273,1500.4944114461541,1979.9706,1500.4948,1976.8544,1513.8331,998107627#1,,,0,5.326299928128719,4.769,4.593,182.6,3.67,True,0,15.163143895129654,False,1976.887118968083,1500.486901538056,-37.90962779137324,145.13485150678383,3.086366162408998,3.086366162408998,,,
2026-09-10T11:23:25.395,1789003406,native,False,-37.9097236,145.1348804,1979.6400215658941,1489.90632993076,1979.6400215658941,1489.90632993076,1979.642,1489.9062,1976.8871,1500.4873,998107627#2,,,0,4.988300031982362,5.144,4.769,183.9,3.6,True,0,4.409851885547357,False,1976.920022364765,1489.9001595034888,-37.90972316533625,145.13484947249302,2.72000620005107,2.72000620005107,,,
2026-09-10T11:23:27.435,1789003408,native,False,-37.9098129,145.1348743,1979.3019950480084,1479.9864329062402,1979.3019950480084,1479.9864329062402,1979.2999,1479.9861,1976.92,1489.9,998107627#2,,,0,5.5961000034585595,5.09,5.144,180.5,3.59,True,0,14.32892943307632,False,1976.9425656646063,1479.9811075733128,-37.90981252271021,145.13484747229361,2.35943539314645,2.35943539314645,,,
2026-09-10T11:23:29.478,1789003410,native,False,-37.90990039,145.1348532,1977.6412092532846,1470.240996430628,1977.6412092532846,1470.240996430628,1977.6452,1470.2412,1976.9426,1479.9807,998107627#2,,,0,7.972500054165721,4.743,5.09,180.5,3.46,True,0,24.070541077276776,False,1976.9647056338906,1470.239521088136,-37.90990028135678,145.1348455078714,0.6765052281310528,0.6765052281310528,,,
2026-09-10T11:23:31.504,1789003412,native,False,-37.90998041,145.1348621,1978.6013248617528,1461.3772392496467,1978.6013248617528,1461.3772392496467,1978.5984,1461.3769,1976.9647,1470.2396,:9215816616_w0,,,0,7.143300026655197,4.251,4.743,177.5,3.35,True,0,1.0261682369715808,True,1977.0261682369717,1458.51,-37.9100059549029,145.13484353828997,3.2714185466409362,3.2714185466409362,,,
2026-09-10T11:23:35.574,1789003416,native,False,-37.91008964,145.1349159,1983.5737169542117,1449.351176715456,1983.5737169542117,1449.351176715456,1983.5729,1449.3514,1976.984,1454.4499,:9199366844_0,,,0,5.988799966871738,3.114,3.389,151.3,3.1,True,0,0.7169118132658318,True,1984.1474730095997,1444.1908303343998,-37.91013622910608,145.13492124966734,5.192145104248661,5.192145104248661,,,
2026-09-10T11:23:39.637,1789003420,native,False,-37.91007754,145.1351097,2000.5849634765182,1451.0347290365025,2000.5849634765182,1451.0347290365025,2000.587,1451.0348,1987.2151,1444.5235,998107635#1,,,0,5.138100008480251,4.545,3.254,90,2.89,True,0,2.8750301032422456,False,2000.6699271228463,1453.105247155074,-37.91005890356281,145.13511113699954,2.0722606256285014,2.0722606256285014,,,
2026-09-10T11:23:41.677,1789003422,native,False,-37.91009839,145.1352291,2011.1284098454053,1448.9311067806557,2011.1284098454053,1448.9311067806557,2011.1291,1448.9312,2000.064,1444.9421,998107635#2,,,0,5.0900999922305346,5.316,4.545,97.9,2.81,True,0,2.6882266503412047,False,2011.1481954933622,1453.047057315872,-37.91006131604333,145.13523026113083,4.115998090404441,4.115998090404441,,,
2026-09-10T11:23:43.713,1789003424,native,False,-37.9101239,145.1353626,2022.921807691455,1446.3351707188413,2022.921807691455,1446.3351707188413,2022.9258,1446.3349,2010.5026,1443.871,-403774582#2,,,0,5.047300015576184,5.916,5.316,97.2,2.73,True,0,14.215707785519426,False,2022.4380160882636,1442.3935092623854,-37.910159320308786,145.13535620284122,3.9712402788837275,3.9712402788837275,,,
2026-09-10T11:23:45.750,1789003426,native,False,-37.91013447,145.1354835,2033.5742983232485,1445.3748771045357,2033.5742983232485,1445.3748771045357,2033.5773,1445.3755,2022.4379,1442.3935,998107630#2,,,0,5.427500000223517,5.273,5.916,97.8,2.68,True,0,5.034929806968529,False,2036.0259751802957,1445.3750897261687,-37.9101349098254,145.13551137552014,2.451676866267036,2.451676866267036,,,
2026-09-10T11:23:47.785,1789003428,native,False,-37.91012645,145.1355783,2041.890923655359,1446.4315140862018,2041.890923655359,1446.4315140862018,2041.8912,1446.4319,2032.9767,1441.0068,988580237#0,,,0,5.464600049890578,4.229,5.273,97.8,2.61,True,0,4.6029677264188065,False,2046.9890289138555,1446.412951310266,-37.91012753573559,145.13563626103752,5.0981390529642265,5.0981390529642265,,,
2026-09-10T11:23:53.879,1789003434,native,False,-37.90999368,145.1356649,2049.2097868950223,1461.3165968116373,2049.2097868950223,1461.3165968116373,2049.2137,1461.3167,2046.9882,1446.1823,:9137640172_3,,,0,5.291300010867417,2.293,2.933,27.9,2.53,True,0,0.1086346584430492,True,2050.2550309248563,1461.4624102220794,-37.90999255478855,145.13567681752008,1.0553656392779287,1.0553656392779287,,,
2026-09-10T11:23:57.944,1789003438,native,False,-37.91016206,145.1357738,2059.1575018548756,1442.8237984087318,2059.1575018548756,1442.8237984087318,2059.1551,1442.8237,2053.349,1458.4901,403774582#4,,,0,5.592099973000586,3.003,2.548,100.9,19.28,True,0,5.356834370798961,False,2058.4270149015815,1437.5211191382928,-37.91020969628877,145.1357642886392,5.352758039933895,5.352758039933895,,,
2026-09-10T11:24:02.018,1789003442,native,False,-37.90983805,145.1358294,2063.326622217777,1478.8752911016345,2063.326622217777,1478.8752911016345,2063.3265,1478.8755,2062.9349,1453.617,-773028723,,,0,5.862100049853325,5.267,3.863,356.4,2.4,True,0,18.859818784325373,False,2064.0774526920286,1478.8693178915635,-37.909838239066815,145.13583793552291,0.7508542337252673,0.7508542337252673,,,
2026-09-10T11:24:04.065,1789003444,native,False,-37.90973491,145.1358344,2063.5373303975794,1490.3290016083047,2063.5373303975794,1490.3290016083047,2063.537,1490.3287,2064.0775,1478.87,-773028723,,,0,5.242599989287555,5.85,5.267,3.1,2.36,True,0,30.314456533644695,False,2064.160935508744,1490.3236514202958,-37.909735070534914,145.1358414891127,0.6236280615738176,0.6236280615738176,,,
2026-09-10T11:24:06.109,1789003446,native,False,-37.90962757,145.135844,2064.143136160914,1502.2568518230692,2064.143136160914,1502.2568518230692,2064.1435,1502.2567,2064.1609,1490.3242,-773028723,,,0,5.9757999842986465,5.979,5.85,2.8,2.33,True,0,42.24608824988058,False,2064.247894716488,1502.2549662475928,-37.9096276058573,145.13584519066413,0.10477552367274505,0.10477552367274505,,,
2026-09-10T11:24:08.130,1789003448,native,False,-37.90951979,145.13584,2063.552302812808,1514.2096159243956,2063.552302812808,1514.2096159243956,2063.5558,1514.2099,2064.2479,1502.256,-773028723,,,0,5.774499964900315,6.014,5.979,359.5,2.51,True,0,54.19391150710546,False,2064.3349719301864,1514.202472185852,-37.909519995345015,145.13584889722128,0.7827017185990689,0.7827017185990689,,,
2026-09-10T11:24:10.168,1789003450,native,False,-37.90941404,145.1358462,2063.862724269333,1525.9550538938493,2063.862724269333,1525.9550538938493,2063.8632,1525.9555,2064.335,1514.2042,-773028723,,,0,5.043500103056431,5.917,6.014,2.3,2.6,True,0,65.94098792698769,False,2064.4205860761035,1525.9492366183488,-37.90941419289793,145.1358525414841,0.5578921366605782,0.5578921366605782,,,
2026-09-10T11:24:12.205,1789003452,native,False,-37.90930877,145.1358513,2064.0775044328184,1537.645294552669,2064.0775044328184,1537.645294552669,2064.0747,1537.6448,2064.4206,1525.9514,-773028723,,,0,5.87310001719743,5.896,5.917,1.9,3.05,True,0,77.63217294107685,False,2064.5057928785427,1537.640111129457,-37.90930889384605,145.13585616839123,0.4283198111425015,0.4283198111425015,,,
2026-09-10T11:24:14.251,1789003454,native,False,-37.90920885,145.1358447,2063.275529487699,1548.7213029824197,2063.275529487699,1548.7213029824197,2063.2792,1548.721,2064.5058,1537.6417,-773028723,,,0,5.075499997474253,5.645,5.896,358.7,2.63,True,0,88.70174831192975,False,2064.586469313016,1548.7093925064894,-37.909209193446706,145.13585960244373,1.3109939302070843,1.3109939302070843,,,
2026-09-10T11:24:16.268,1789003456,native,False,-37.90913259,145.1358526,2063.800852733315,1557.1973745329306,2063.800852733315,1557.1973745329306,2063.8045,1557.1979,2064.5865,1548.7114,:7217594256_1,,,0,4.76929999422282,4.434,5.645,3.7,2.57,True,0,7.626307611937659,True,2064.2870236218464,1558.4706607998305,-37.90912120748871,145.13585841717074,1.362945358527434,1.362945358527434,,,
2026-09-10T11:24:20.309,1789003460,native,False,-37.90909699,145.1359749,2074.47411829303,1561.3627334022895,2074.47411829303,1561.3627334022895,2074.4763,1561.363,2066.2609,1561.1338,298236180#1,,,0,5.015000002458692,3.547,3.048,92.3,3.91,True,0,0.8233794382350004,False,2073.327475756733,1558.4117808488122,-37.909123366397516,145.1359611919934,3.1658979893420827,3.1658979893420827,,,
2026-09-10T11:24:22.340,1789003463,native,False,-37.90918564,145.1360807,2083.972437733086,1551.7116859806702,2083.972437733086,1551.7116859806702,2083.9713,1551.7121,2073.3293,1558.4111,:7217594255_1,,,0,4.997099982574582,4.332,3.547,144.2,4.23,True,0,4.619363011709287,True,2083.790180766561,1551.3794005783914,-37.909188600484796,145.13607855223006,0.3789870583731458,0.3789870583731458,,,
2026-09-10T11:24:24.365,1789003465,native,False,-37.90928326,145.1360713,2083.362611477496,1540.8627694705501,2083.362611477496,1540.8627694705501,2083.3653,1540.8628,2083.7888,1551.3802,773028722,,,0,4.9857000121846795,5.051,4.332,179.8,3.95,True,0,5.542634029339559,False,2083.926930010575,1540.8576200455568,-37.90928340803233,145.13607771503757,0.5643420269250119,0.5643420269250119,,,
2026-09-10T11:24:26.397,1789003467,native,False,-37.90938059,145.1360659,2083.1038115043193,1530.0530641349033,2083.1038115043193,1530.0530641349033,2083.1056,1530.0533,2083.9269,1540.8574,773028722,,,0,5.808199988678098,5.401,5.051,181.2,3.78,True,0,16.353826213762776,False,2083.8234142720535,1530.0469234472605,-37.90938077493225,145.13607408037902,0.7196289678545381,0.7196289678545381,,,
2026-09-10T11:24:28.443,1789003469,native,False,-37.90947955,145.1360637,2083.129963112995,1519.0681111337617,2083.129963112995,1519.0681111337617,2083.1338,1519.0679,2083.8234,1530.0464,773028722,,,0,4.825600073672831,5.455,5.401,180.2,3.66,True,0,27.33752174858291,False,2083.7182468367155,1519.0637314061382,-37.909479695416195,145.13607038771053,0.5883000268642319,0.5883000268642319,,,
2026-09-10T11:24:30.474,1789003471,native,False,-37.90958028,145.1360532,2082.4303357858444,1507.872159389779,2082.4303357858444,1507.872159389779,2082.4293,1507.8719,2083.7182,1519.0623,773028722,,,0,4.731499939225614,5.561,5.455,183.9,3.5,True,0,38.53914560126385,False,2083.6109927664916,1507.862621037011,-37.90958057858678,145.13606662175965,1.1806955094877296,1.1806955094877296,,,
2026-09-10T11:24:32.514,1789003473,native,False,-37.90967803,145.1360504,2082.401055826689,1497.0204187706113,2082.401055826689,1497.0204187706113,2082.3993,1497.0208,2083.611,1507.8606,773028722,,,0,6.482299999333918,5.405,5.561,180.7,3.43,True,0,49.39017169238553,False,2083.50709562357,1497.0120923580066,-37.90967830422985,145.1360629736634,1.1060711375997005,1.1060711375997005,,,
2026-09-10T11:24:34.542,1789003475,native,False,-37.90977186,145.1360552,2083.0312431784114,1486.617020599544,2083.0312431784114,1486.617020599544,2083.031,1486.6166,2083.5071,1497.0102,773028722,,,0,7.037800038233399,5.214,5.405,180.6,3.42,True,0,59.78658241556,False,2083.4075513628054,1486.6161582073357,-37.909771935550594,145.1360594783939,0.3763091725725599,0.3763091725725599,,,
2026-09-10T11:24:36.583,1789003477,native,False,-37.90985548,145.1360508,2082.829947071383,1477.3304009987041,2082.829947071383,1477.3304009987041,2082.8278,1477.3301,2083.4075,1486.613,773028722,,,0,5.548299988731742,4.631,5.214,182.1,3.54,True,0,69.07427793208852,False,2083.3186229038383,1477.3288884396952,-37.90985558164784,145.13605635586234,0.48867817330108565,0.48867817330108565,,,
2026-09-10T11:24:40.658,1789003481,native,False,-37.90998184,145.1360485,2082.9081077084993,1463.3048330713063,2082.9081077084993,1463.3048330713063,2082.9106,1463.3045,2083.2444,1469.5814,773028722,,,0,5.639799986965954,3.161,3.966,180.6,3.59,True,0,83.09781167861496,False,2083.1843494187606,1463.305997533353,-37.90998187926826,145.13605164111686,0.27624416457172846,0.27624416457172846,,,
2026-09-10T11:24:44.724,1789003485,native,False,-37.91006546,145.1360919,2086.9091965639964,1454.1022414015606,2086.9091965639964,1454.1022414015606,2086.9059,1454.1019,2083.1424,1458.9213,-988580230#1,,,0,5.338000017218292,3.016,2.38,139.8,3.74,True,0,0.8452723013740355,False,2086.8174916385883,1453.425575270309,-37.910071539064425,145.13609070348318,0.6828519945983915,0.6828519945983915,,,
2026-09-10T11:24:46.751,1789003487,native,False,-37.9100705,145.1361921,2095.7295564049855,1453.719114271924,2095.7295564049855,1453.719114271924,2095.7324,1453.7187,2086.8136,1453.4261,:3021408832_1,,,0,5.389299942180514,4.025,3.016,100.5,3.83,True,0,8.57761078623529,True,2096.3681679830925,1453.787519900647,-37.910069998805646,145.1361993765364,0.6422648034364787,0.6422648034364787,,,
2026-09-10T11:24:48.788,1789003489,native,False,-37.91008491,145.1362928,2104.614660418476,1452.2971154348925,2104.614660418476,1452.2971154348925,2104.616,1452.2967,2096.3683,1453.7865,-298236187#1,,,0,5.244200001470745,4.396,4.025,100.4,3.82,True,0,2.2382696313307533,False,2104.4608199893987,1451.0810564264523,-37.910095836866354,145.13629077440643,1.2257513571794374,1.2257513571794374,,,
2026-09-10T11:24:52.864,1789003493,native,False,-37.91000319,145.1363912,2113.0842994020786,1461.5381200527772,2113.0842994020786,1461.5381200527772,2113.0809,1461.538,2112.304,1453.7052,-298236187#0,,,0,5.235199932940304,3.459,3.701,11.5,3.82,True,0,8.159300308226591,False,2112.4043430542524,1461.5486330991691,-37.910002972840694,145.13638347132198,0.6800376159401561,0.6800376159401561,,,
2026-09-10T11:24:54.896,1789003495,native,False,-37.90992375,145.1363791,2111.8442850190913,1470.331904192455,2111.8442850190913,1470.331904192455,2111.8425,1470.3323,2112.4043,1461.5467,-298236187#0,,,0,5.703100003302097,4.248,3.459,356.7,3.91,True,0,16.938462522137815,False,2112.5166130485622,1470.327077416162,-37.909923914562164,145.13638674322877,0.6723453554399199,0.6723453554399199,,,
2026-09-10T11:24:56.932,1789003497,native,False,-37.90984795,145.1363782,2111.5970051838085,1478.7414612807333,2111.5970051838085,1478.7414612807333,2111.5971,1478.7418,2112.5166,1470.3237,-298236187#0,,,0,5.4935000371187925,4.112,4.248,358.6,3.82,True,0,25.34604169076342,False,2112.624131151363,1478.7339690732656,-37.90984820246915,145.1363898766404,1.0271532925507239,1.0271532925507239,,,
2026-09-10T11:25:01.001,1789003501,native,False,-37.90975949,145.1363835,2111.8667216035537,1488.5667310124263,2111.8667216035537,1488.5667310124263,2111.8641,1488.5671,2112.7038,1484.9618,:3021408819_0,,,0,5.555100040510297,2.065,3.224,8.4,3.84,True,0,1.4388415416926794,True,2113.5364123781264,1487.414793573135,-37.90977016764722,145.13640222239394,2.0285036718562006,2.0285036718562006,,,
2026-09-10T11:25:05.069,1789003505,native,False,-37.90981384,145.1364469,2117.5611813133582,1482.6472198404372,2117.5611813133582,1482.6472198404372,2117.5572,1482.6471,2115.0928,1487.4242,298236187#0,,,0,7.030899985693395,2.518,1.552,160.3,4.19,True,0,3.5212214189762183,False,2115.874983496661,1482.669066345998,-37.9098133395388,145.13642773303428,1.6863393332420955,1.6863393332420955,,,
2026-09-10T11:25:07.099,1789003507,native,False,-37.90988863,145.1364248,2115.7841427915264,1474.3093134006485,2115.7841427915264,1474.3093134006485,2115.7815,1474.3098,2115.875,1482.6686,298236187#0,,,0,4.919199971482158,3.841,2.518,187.7,4.18,True,0,11.880481529920921,False,2115.768115845946,1474.3104893793331,-37.90988861652022,145.13642461804204,0.016070031440765187,0.016070031440765187,,,
2026-09-10T11:25:09.140,1789003509,native,False,-37.90997426,145.1364238,2115.8861844663043,1464.8056319681928,2115.8861844663043,1464.8056319681928,2115.8903,1464.8061,2115.7681,1474.31,298236187#0,,,0,4.652000032365322,4.586,3.841,180.8,4.15,True,0,21.38130525688692,False,2115.6466540541023,1464.810442088714,-37.90997417353239,145.13642107764622,0.23957870445649854,0.23957870445649854,,,
2026-09-10T11:25:11.173,1789003511,native,False,-37.91005393,145.1364243,2116.1068791989237,1455.9659375576302,2116.1068791989237,1455.9659375576302,2116.1101,1455.9656,2115.6466,1464.8092,298236187#0,,,0,5.013399990275502,4.396,4.586,179.2,4.16,True,0,30.216733706166593,False,2115.533698903897,1455.9757356976456,-37.91005373851206,145.1364177851929,0.5732640352880373,0.5732640352880373,,,
2026-09-10T11:25:15.239,1789003515,native,False,-37.91010291,145.1362808,2103.599602974835,1450.2786547653377,2103.599602974835,1450.2786547653377,2103.6007,1450.2782,2111.5612,1451.1905,-298236187#1,,,0,4.708899999968708,3.892,3.251,261.5,4.13,True,0,1.483043409346986,False,2103.7114815420455,1451.1751762314339,-37.91009485405303,145.1362822758531,0.903475264172897,0.903475264172897,,,
2026-09-10T11:25:17.282,1789003517,native,False,-37.91008633,145.1361754,2094.2964815771556,1451.9331845659763,2094.2964815771556,1451.9331845659763,2094.2935,1451.9333,2103.3112,1448.0028,:3021408832_6,,,0,4.6749000903218985,4.514,3.892,278.1,4.01,True,0,1.4304811852260966,True,2094.2904466937753,1452.6099336575955,-37.91008023258298,145.13617548523155,0.6767759990018433,0.6767759990018433,,,
2026-09-10T11:25:19.318,1789003519,native,False,-37.91006799,145.1360619,2084.27733167354,1453.7687630364671,2084.27733167354,1453.7687630364671,2084.2741,1453.7684,2094.2888,1452.6099,:3021408831_2,,,0,5.452299956232309,4.96,4.514,280.6,3.94,True,0,3.2405414782922195,True,2084.6848089654686,1452.9123304986501,-37.91007577836077,145.13606633829116,0.9484273484400401,0.9484273484400401,,,
2026-09-10T11:25:21.356,1789003522,native,False,-37.91004689,145.1358874,2068.8891781351995,1455.803351169452,2068.8891781351995,1455.803351169452,2068.8906,1455.8034,2084.6882,1452.914,:cluster_3021408830_9137640151_3,,,0,5.018800031393766,5.073,4.96,278.5,3.76,True,0,4.503012971739418,True,2069.173202537697,1456.244483432583,-37.910042967332004,145.13589072964288,0.524659446487843,0.524659446487843,,,
2026-09-10T11:25:23.376,1789003524,native,False,-37.91003613,145.1357942,2060.671531811531,1456.833476019092,2060.671531811531,1456.833476019092,2060.6748,1456.8335,2069.1789,1456.2407,:cluster_3021408830_9137640151_6,,,0,4.71429992467165,4.2,5.073,278.3,3.77,True,0,0.1572211800667716,True,2060.6969312854308,1457.2504568812915,-37.91003237830554,145.1357945836037,0.4177537225628053,0.4177537225628053,,,
2026-09-10T11:25:27.449,1789003528,native,False,-37.91004535,145.1356636,2049.2101655321894,1455.5807542772964,2049.2101655321894,1455.5807542772964,2049.2111,1455.5808,2054.21,1455.3,:9137640172_1,,,0,5.162800080142915,2.654,3.306,256.3,3.81,True,0,3.97324848662718,True,2049.5999249557512,1456.2379838199854,-37.91003949972873,145.13566818099565,0.7641093377511424,0.7641093377511424,,,
2026-09-10T11:25:31.493,1789003532,native,False,-37.91015503,145.1356393,2047.3172200298868,1443.3673962187022,2047.3172200298868,1443.3673962187022,2047.3185,1443.3669,2050.2009,1449.6742,988580237#0,,,0,4.944399930536747,3.081,2.657,193.8,4.02,True,0,1.5573880269802456,False,2046.98,1443.3673880269803,-37.91015496931834,145.13563546581798,0.3372200299862901,0.3372200299862901,,,
2026-09-10T11:25:35.557,1789003536,native,False,-37.91016459,145.1354744,2032.8411151633481,1442.016611861065,2032.8411151633481,1442.016611861065,2032.8448,1442.0163,2041.6014,1439.825,-403774582#2,,,0,5.075199995189905,4.124,3.105,276.2,4.24,True,0,24.58073897849998,False,2032.7144398442983,1441.042889521409,-37.91017333871334,145.13547273826188,0.9819276099598603,0.9819276099598603,,,
2026-09-10T11:25:37.600,1789003538,native,False,-37.91015138,145.1353653,2023.220175952476,1443.290603053756,2023.220175952476,1443.290603053756,2023.2166,1443.2904,2032.711,1441.0434,-403774582#2,,,0,5.094300024211407,4.718,4.124,278.5,4.4,True,0,14.88605521344386,False,2023.1032852708165,1442.3111527880178,-37.910160182073206,145.13536374819762,0.986400656180614,0.986400656180614,,,
2026-09-10T11:25:39.643,1789003540,native,False,-37.91013685,145.1352477,2012.8490181684028,1444.6961079128087,2012.8490181684028,1444.6961079128087,2012.8512,1444.6958,2023.0955,1442.3121,-403774582#2,,,0,4.836900043301284,5.17,4.718,278.6,4.56,True,0,4.4177467348008905,False,2012.7142799070427,1443.5972515227616,-37.910146724495654,145.13524591809912,1.107086159710117,1.107086159710117,,,
2026-09-10T11:25:41.683,1789003542,native,False,-37.91012351,145.135127,2002.2079585826723,1445.964099231176,2002.2079585826723,1445.964099231176,2002.2105,1445.9637,2012.7152,1443.5971,-403774582#1,,,0,4.988200031220913,5.242,5.17,275.9,4.66,True,0,17.33055738022232,False,2002.1056857950418,1444.7668274589505,-37.910134276894766,145.13512556482883,1.2016319817888823,1.2016319817888823,,,
2026-09-10T11:25:43.713,1789003544,native,False,-37.91011997,145.1350106,1991.966689867957,1446.1521839704365,1991.966689867957,1446.1521839704365,1991.9665,1446.1523,2002.1077,1444.7667,-403774582#1,,,0,5.440799985080957,5.135,5.242,272.3,4.8,True,0,7.267515429094045,False,1992.0857818082263,1445.0477260263256,-37.91012994069829,145.1350117028325,1.1108601354566479,1.1108601354566479,,,
2026-09-10T11:25:45.745,1789003546,native,False,-37.91012343,145.1348994,1982.1981239704182,1445.5726483929902,1982.1981239704182,1445.5726483929902,1982.1949,1445.5723,1992.0854,1445.0477,:9199366844_w0,,,0,5.034300033003092,4.922,5.135,266.6,4.6,True,0,2.1688815211264987,True,1983.867976477912,1441.8343214685374,-37.910157406754195,145.1349175357269,4.09432480280597,4.09432480280597,,,
2026-09-10T11:25:47.779,1789003548,native,False,-37.91014902,145.1348017,1973.6655585821136,1442.5611954675987,1973.6655585821136,1442.5611954675987,1973.6653,1442.5608,1982.4424,1443.9634,:579339_w0,,,0,4.830399993807077,4.568,4.922,253.2,4.51,True,0,4.06502771851754,True,1977.9640808788838,1445.252463301209,-37.910125551167525,145.13485118627645,5.071510276836272,5.071510276836272,,,
2026-09-10T11:25:49.813,1789003550,native,False,-37.91017878,145.1346982,1964.6323463944136,1439.0768063087016,1964.6323463944136,1439.0768063087016,1964.6293,1439.0764,1974.0156,1441.4638,1004615767#2,,,0,5.806199973449111,4.807,0,249.7,4.49,True,0,8.941700877813666,False,1965.187877532096,1437.8634674354093,-37.91018981019748,145.13470424031712,1.3344684583672142,1.3344684583672142,,,
2026-09-10T11:25:51.846,1789003552,native,False,-37.91021608,145.1346126,1957.1895769810653,1434.787222823128,1957.1895769810653,1434.787222823128,1957.1908,1434.7876,1965.1877,1437.8634,1004615767#1,,,0,5.640199990011752,4.246,4.807,241.6,4.34,True,0,2.6740190401997124,False,1957.7600143069176,1433.8260191940622,-37.91022484159148,145.1346188671569,1.117725887351197,1.117725887351197,,,
2026-09-10T11:25:55.927,1789003556,native,False,-37.91028904,145.1345033,1947.7424008278176,1426.4989255405962,1947.7424008278176,1426.4989255405962,1947.7404,1426.499,1952.3822,1430.5945,1004615767#1,,,0,5.147099960595369,3.062,3.297,229.3,4.18,True,0,15.129377879854424,False,1947.5489743319788,1426.7449523124897,-37.91028678885957,145.13450115672563,0.3129584345896088,0.3129584345896088,,,
2026-09-10T11:26:00.003,1789003560,native,False,-37.91031932,145.1343561,1934.8684565036092,1422.8799142986536,1934.8684565036092,1422.8799142986536,1934.8674,1422.8796,1943.0778,1422.7677,1004615766#1,,,0,5.260700010694563,3.731,3.049,268,4.06,True,0,0.6010676508365901,False,1934.879142572958,1423.2758956991281,-37.91031575482803,145.13435631160894,0.39612556292150986,0.39612556292150986,,,
2026-09-10T11:26:04.091,1789003564,native,False,-37.91029096,145.1341861,1919.8598042633384,1425.7277454519644,1919.8598042633384,1425.7277454519644,1919.8625,1425.7273,1928.2474,1423.4575,1004615766#2,,,0,4.960699938237667,4.117,3.499,273.3,4.04,True,0,6.58864973188666,False,1919.803956703889,1423.6953078283354,-37.91030925863027,145.13418500247607,2.033204771743152,2.033204771743152,,,
2026-09-10T11:26:06.130,1789003566,native,False,-37.91029255,145.1340807,1910.5970207994105,1425.36583421845,1910.5970207994105,1425.36583421845,1910.5928,1425.366,1919.8054,1423.6953,1004615766#2,,,0,5.187299917452037,4.62,4.117,270.2,4.03,True,0,15.83571289502579,False,1910.5605516311373,1423.955384363433,-37.91030524910379,145.13407996434074,1.4109212571052983,1.4109212571052983,,,
2026-09-10T11:26:08.161,1789003568,native,False,-37.91028798,145.1339731,1901.1271398778772,1425.6835847431794,1901.1271398778772,1425.6835847431794,1901.1297,1425.6836,1910.5531,1423.9556,1004615766#2,,,0,5.661500035785139,4.595,4.62,272.5,3.96,True,0,25.30886139336122,False,1901.0911506613788,1424.2218196190863,-37.91030114144975,145.13397235809978,1.4622080911139061,1.4622080911139061,,,
2026-09-10T11:26:10.208,1789003570,native,False,-37.91028658,145.1338689,1891.9632129751844,1425.6555494777858,1891.9632129751844,1425.6555494777858,1891.9629,1425.656,1901.0886,1424.2219,1004615766#2,,,0,4.987600026652217,4.65,4.595,272,3.95,True,0,34.46651561786827,False,1891.937119157545,1424.4793814999034,-37.910297170503966,145.13386833559844,1.1764573938375338,1.1764573938375338,,,
2026-09-10T11:26:12.251,1789003572,native,False,-37.91028424,145.1337679,1883.078527630074,1425.7374432990327,1883.078527630074,1425.7374432990327,1883.0827,1425.738,1891.9298,1424.4796,1004615766#2,,,0,5.344400065951049,4.412,4.65,273,3.9,True,0,43.34818656490413,False,1883.0589617536245,1424.729181264978,-37.910293319142575,145.13376744802684,1.008451859454581,1.008451859454581,,,
2026-09-10T11:26:14.287,1789003574,native,False,-37.91028219,145.1336652,1874.0450291526504,1425.7841553520411,1874.0450291526504,1425.7841553520411,1874.0421,1425.7839,1883.0543,1424.7293,:9223325770_0,,,0,5.219200043939054,4.536,4.412,272.2,3.93,True,0,0.4773929211565579,True,1874.0227941069031,1424.9833617650067,-37.91028939973399,145.1336647648943,0.8011022196291605,0.8011022196291605,,,
2026-09-10T11:26:16.330,1789003577,native,False,-37.91028032,145.1334938,1858.9721197680337,1425.689950128086,1858.9721197680337,1425.689950128086,1858.9743,1425.6895,1874.0197,1424.9834,1004615766#3,,,0,4.8680000472813845,4.742,4.536,270.5,3.98,True,0,10.544084864410568,False,1858.9602162105652,1425.411136679698,-37.91028282947232,145.13349360118158,0.27906743572535003,0.27906743572535003,,,
2026-09-10T11:26:18.367,1789003579,native,False,-37.9102729,145.1333899,1849.8211888439837,1426.3304048506543,1849.8211888439837,1426.3304048506543,1849.8222,1426.33,1858.9663,1425.411,1004615766#3,,,0,4.855800070799887,4.621,4.742,274.5,3.99,True,0,19.71742055670846,False,1849.791970593303,1425.715193724888,-37.91027843670074,145.1333894277212,0.6159045668279508,0.6159045668279508,,,
2026-09-10T11:26:20.400,1789003581,native,False,-37.91026512,145.1332774,1839.9133805893362,1426.9956560796127,1839.9133805893362,1426.9956560796127,1839.9161,1426.9959,1849.8003,1425.7149,:9223325774_0,,,0,5.11589995585382,4.856,4.621,274.6,3.99,True,0,3.736993698434629,True,1839.9233297527885,1425.8908332862209,-37.91027507430618,145.1332772615661,1.1048675896465925,1.1048675896465925,,,
2026-09-10T11:26:22.416,1789003583,native,False,-37.91025857,145.1331788,1831.230332446983,1427.5488815456629,1831.230332446983,1427.5488815456629,1831.226,1427.5491,1839.9306,1425.8909,10801654#0,,,0,4.98259998857975,4.396,4.856,273.8,3.92,True,0,4.751189051774364,False,1831.3143950469607,1425.609782827279,-37.91027605303531,145.13317931425507,1.940919977833347,1.940919977833347,,,
2026-09-10T11:26:24.436,1789003585,native,False,-37.91032691,145.1330921,1823.7599115513149,1419.812885322608,1823.7599115513149,1419.812885322608,1823.7628,1419.8126,1831.3101,1425.6096,10801654#0,,,0,5.258499993942678,4.05,4.396,269,7.65,True,0,12.549802851936287,False,1823.523103892777,1425.271908065253,-37.910277691082975,145.13309065058627,5.46415658376084,5.46415658376084,,,
2026-09-10T11:26:26.458,1789003587,native,False,-37.91032602,145.1330021,1815.8455229230458,1419.7531748525798,1815.8455229230458,1419.7531748525798,1815.844,1419.7534,1823.5261,1425.272,310292424,,,0,5.501599982380867,3.813,4.05,271,7.19,True,0,2.7845960271261947,False,1814.4376535057916,1419.49206958592,-37.91032811808902,145.13298603310005,1.4318771792012248,1.4318771792012248,,,
2026-09-10T11:26:28.481,1789003589,native,False,-37.91032237,145.1329109,1807.8195009256015,1419.9976069377735,1807.8195009256015,1419.9976069377735,1807.8214,1419.998,1815.4969,1424.9094,10801654#1,,,0,5.249399924650788,3.97,3.813,273,5.87,True,0,3.654728679553954,False,1807.4119197428613,1424.261555221345,-37.91028388578926,145.13290723685907,4.283383870901042,4.283383870901042,,,
2026-09-10T11:26:30.518,1789003591,native,False,-37.91031796,145.1328044,1798.4466787821148,1420.2994213765487,1798.4466787821148,1420.2994213765487,1798.4446,1420.2996,1807.4131,1424.2617,10801654#1,,,0,5.307199899107218,4.589,3.97,273,5.87,True,0,12.954034389706838,False,1798.154975253802,1423.3749519180828,-37.91029020224839,145.13280178378162,3.0893331093197784,3.0893331093197784,,,
2026-09-10T11:26:32.550,1789003593,native,False,-37.91031274,145.1326927,1788.6148932913784,1420.6819490129128,1788.6148932913784,1420.6819490129128,1788.618,1420.6824,1798.1501,1423.3745,10801654#1,,,0,5.5680000223219395,4.88,4.589,273.9,3.29,True,0,22.70241870468487,False,1788.4509978522153,1422.4455330986016,-37.91029682363759,145.1326912381883,1.7711833734182139,1.7711833734182139,,,
2026-09-10T11:26:34.588,1789003595,native,False,-37.91030667,145.1325801,1778.7020926092518,1421.157200012356,1778.7020926092518,1421.157200012356,1778.6987,1421.1573,1788.4492,1422.4454,10801654#1,,,0,5.27879991568625,4.866,4.88,273.9,3.16,True,0,32.428746887736835,False,1778.7271635216457,1422.5320343334413,-37.910294289688636,145.1325806982068,1.3750628935005802,1.3750628935005802,,,
2026-09-10T11:26:36.620,1789003597,native,False,-37.91030119,145.1324783,1769.7400914524915,1421.585991899483,1769.7400914524915,1421.585991899483,1769.7365,1421.5864,1778.7167,1422.5322,10801654#1,,,0,5.609599989838898,4.453,4.866,273.9,3.05,True,0,41.39360806167837,False,1769.7630653669783,1422.6489964706216,-37.910291618347806,145.13247880335047,1.063252801081915,1.063252801081915,,,
2026-09-10T11:26:38.644,1789003599,native,False,-37.91028273,145.13239,1761.9360941640916,1423.4788780817762,1761.9360941640916,1423.4788780817762,1761.9333,1423.4792,1769.7504,1422.6492,10801654#1,,,0,8.647299953736365,4.006,4.453,274.8,2.95,True,0,49.21991596181559,False,1761.9374235813136,1422.7511042088754,-37.91028928619998,145.1323898493307,0.7277750871163267,0.7277750871163267,,,
2026-09-10T11:26:40.682,1789003601,native,False,-37.91028223,145.132283,1752.527998843114,1423.3458864931017,1752.527998843114,1423.3458864931017,1752.5316,1423.3465,1761.9238,1422.7513,:13253211839_0,,,0,6.365399924106896,4.609,4.006,274.8,2.85,True,0,2.891717533397303,True,1752.5531141038743,1423.548147526176,-37.91028041251769,145.13228333163667,0.20381438080610265,0.20381438080610265,,,
2026-09-10T11:26:42.726,1789003603,native,False,-37.91026508,145.1321714,1742.678470576473,1425.0523474486545,1742.678470576473,1425.0523474486545,1742.6807,1425.0529,1752.5581,1423.5475,10801654#3,,,0,5.3672000067308545,4.881,4.609,276.7,2.77,True,0,6.0531977867506015,False,1742.6515975882462,1424.8826327289667,-37.91026660397976,145.1321710557902,0.17182911154677635,0.17182911154677635,,,
2026-09-10T11:26:44.754,1789003605,native,False,-37.91027142,145.1320653,1733.3647059595678,1424.161918958649,1733.3647059595678,1424.161918958649,1733.364,1424.1616,1742.6575,1424.8818,:9298348946_w0,,,0,5.14699995983392,4.641,4.881,276.7,2.69,True,0,10.989761303055971,True,1738.889547207218,1427.014049536485,-37.91024672461206,145.13212876702488,6.21759757822603,6.21759757822603,,,
2026-09-10T11:26:46.792,1789003607,native,False,-37.91026233,145.1319665,1724.6584163095104,1424.9965303782374,1724.6584163095104,1424.9965303782374,1724.6619,1424.9964,1733.5961,1426.0365,:9298348946_w0,,,0,6.006699986755848,4.401,4.641,276.9,4.5,True,0,8.670805582033035,True,1741.1660137899955,1426.5721722531111,-37.91025111605768,145.13215454968156,16.582624095588017,16.582624095588017,,,
2026-09-10T11:26:48.810,1789003609,native,False,-37.91025178,145.131856,1714.9202630483196,1425.9725273801014,1714.9202630483196,1425.9725273801014,1714.922,1425.9724,1724.9235,1427.11,10801654#5,,,0,5.785500048659742,4.887,4.401,276.9,4.58,True,0,7.349586607852907,False,1715.20552141065,1428.3083348016442,-37.91023078999574,145.13185977561508,2.3531614147384015,2.3531614147384015,,,
2026-09-10T11:26:50.844,1789003611,native,False,-37.91024074,145.1317525,1705.7964276804123,1427.0152196846902,1705.7964276804123,1427.0152196846902,1705.7949,1427.0147,1715.2096,1428.3078,10801654#6,,,0,5.395299987867475,4.429,4.887,277.8,3.84,True,0,1.2962619982379484,False,1706.0933669338524,1429.437703903474,-37.91021897130372,145.1317564282062,2.4406152319629295,2.4406152319629295,,,
2026-09-10T11:26:54.919,1789003615,native,False,-37.91022048,145.1316119,1693.3904067741823,1429.0156248481944,1693.3904067741823,1429.0156248481944,1693.3863,1429.0157,1700.3879,1430.1183,:96069017_0,,,0,5.4923000279814005,3.605,3.377,277.8,2.17,True,0,4.007753791915222,True,1693.5785921069817,1429.8776115591943,-37.91021274899988,145.13161423609674,0.88228952698146,0.88228952698146,,,
2026-09-10T11:26:56.948,1789003617,native,False,-37.91021137,145.1314882,1682.494957019342,1429.8085339386016,1682.494957019342,1429.8085339386016,1682.4988,1429.8085,1693.5767,1429.878,-11527061#5,,,0,5.3180999821051955,5.103,3.605,278.4,2.13,True,0,9.670202364550885,False,1682.714515203496,1431.4372215889803,-37.910196738046665,145.1314910675526,1.6434199885375775,1.6434199885375775,,,
2026-09-10T11:26:58.986,1789003619,native,False,-37.91017909,145.1313521,1670.457808304578,1433.1506338482723,1670.457808304578,1433.1506338482723,1670.4538,1433.1502,1682.7158,1431.437,:cluster_9207148017_9226568317_0,,,0,5.054799956269562,5.908,5.103,278.4,2.11,True,0,6.756757910262275,True,1670.4430079413332,1433.0767021936213,-37.91017975332089,145.13135191487,0.07539854316639323,0.07539854316639323,,,
2026-09-10T11:27:01.026,1789003621,native,False,-37.91017974,145.1312163,1658.5202788965544,1432.8391683856025,1658.5202788965544,1432.8391683856025,1658.5206,1432.8397,1670.4439,1433.0766,-11527061#3,,,0,5.26239990722388,5.845,5.908,278.4,2.12,True,0,10.180153524284485,False,1658.7586135050094,1434.631433705677,-37.9101636378999,145.13121941837716,1.80804268841443,1.80804268841443,,,
2026-09-10T11:27:03.157,1789003623,native,False,-37.91015298,145.1310802,1646.4953947245958,1435.568706852384,1646.4953947245958,1435.568706852384,1646.4927,1435.5682,1658.7588,1434.6314,-11527061#3,,,0,5.131499958224595,5.916,5.845,278.4,2.2,True,0,22.459746042399594,False,1646.5860943179766,1436.2495094308106,-37.910146863553855,145.13108138644122,0.6868177101908761,0.6868177101908761,,,
2026-09-10T11:27:05.201,1789003625,native,False,-37.91013269,145.1309458,1634.6343538322253,1437.583281177096,1634.6343538322253,1437.583281177096,1634.632,1437.5835,1646.5833,1436.2499,-11527061#3,,,0,4.97659994289279,5.763,5.916,279.2,2.65,True,0,34.48271574820407,False,1634.6679602908807,1437.833770097138,-37.91013043960802,145.13094623920753,0.25273324499791033,0.25273324499791033,,,
2026-09-10T11:27:07.245,1789003627,native,False,-37.91011878,145.1308182,1623.3853305287776,1438.9018694674596,1623.3853305287776,1438.9018694674596,1623.3841,1438.9019,1634.6653,1437.8341,-11527061#3,,,0,5.745899979956448,5.749,5.763,279.6,3.11,True,0,45.80730090412884,False,1623.4421211685872,1439.3260049828623,-37.91011496954792,145.13081894240295,0.4279206844683615,0.4279206844683615,,,
2026-09-10T11:27:09.277,1789003629,native,False,-37.91010448,145.1306902,1612.1002685953863,1440.2630135873333,1612.1002685953863,1440.2630135873333,1612.1041,1440.263,1623.4405,1439.3262,-11527061#3,,,0,5.7755999732762575,5.623,5.749,279.6,7.51,True,0,57.17321763969243,False,1612.1753108621567,1440.823686110031,-37.91009944288925,145.1306911810598,0.5656721837870186,0.5656721837870186,,,
2026-09-10T11:27:11.309,1789003631,native,False,-37.910092,145.1305729,1601.7599532720633,1441.4410512587056,1601.7599532720633,1441.4410512587056,1601.7574,1441.4406,1612.1786,1440.8233,:102748196_0,,,0,4.912100033834577,5.439,5.623,279.6,10.89,True,0,4.443286797328429,True,1601.851024811117,1442.1611218986104,-37.91008552989151,145.13057409966459,0.7258069658515315,0.7258069658515315,,,
2026-09-10T11:27:13.336,1789003633,native,False,-37.91007383,145.1304533,1591.2047645297134,1443.246411385946,1591.2047645297134,1443.246411385946,1591.2063,1443.2461,1601.8475,1442.1616,-11527061#2,,,0,5.069199949502945,5.582,5.439,279.6,11.88,True,0,5.7937201851526146,False,1591.224802874355,1443.4370079675766,-37.91007211668275,145.13045357129636,0.19164705107373667,0.19164705107373667,,,
2026-09-10T11:27:15.365,1789003635,native,False,-37.91004947,145.1303313,1580.4247953748563,1445.734399373643,1580.4247953748563,1445.734399373643,1580.4267,1445.734,1591.2284,1443.4366,:cluster_102748195_9141012269_3,,,0,5.199200008064508,5.847,5.582,283.6,10.65,True,0,5.477262226922824,True,1580.532399594941,1446.6830006876323,-37.91004094422523,145.1303327397754,0.9546848281407327,0.9546848281407327,,,
2026-09-10T11:27:17.398,1789003638,native,False,-37.91003236,145.1301295,1562.645254170522,1447.2771513462067,1562.645254170522,1447.2771513462067,1562.6457,1447.2776,1580.5343,1446.6828,-11527061#0,,,0,4.787500016391277,5.711,5.847,283,9.11,True,0,12.3645929322883,False,1562.5791406645953,1446.6683082653808,-37.91003783264983,145.1301286094361,0.6124221523879223,0.6124221523879223,,,
2026-09-10T11:27:19.433,1789003640,native,False,-37.91002054,145.1300169,1552.7195943796542,1448.390179309994,1552.7195943796542,1448.390179309994,1552.7229,1448.3902,1562.5789,1446.6683,-11527061#0,,,0,4.9854000099003315,5.076,5.711,282,8.47,True,0,22.35189104866832,False,1552.6513996575602,1447.757382258587,-37.91002622805544,145.13001598030118,0.6364610187519213,0.6364610187519213,,,
2026-09-10T11:27:21.461,1789003642,native,False,-37.91000917,145.1299135,1543.6037610623753,1449.4694873858243,1543.6037610623753,1449.4694873858243,1543.5995,1449.4696,1552.6535,1447.7572,-11527061#0,,,0,4.817800014279783,4.468,5.076,276.6,8.0,True,0,31.530558888975264,False,1543.5274668334541,1448.75827842897,-37.910015562942846,145.1299124703173,0.7152894446840825,0.7152894446840825,,,
2026-09-10T11:27:25.526,1789003646,native,False,-37.90997603,145.1297557,1529.6568219964392,1452.868540192023,1529.6568219964392,1452.868540192023,1529.6553,1452.8683,1536.489,1449.5387,996576401,,,0,4.66529990080744,3.793,3.87,276.6,7.0,True,0,0.02698560259740834,False,1529.5967783818878,1452.386662184694,-37.90998036001347,145.12975490738617,0.48560441677949806,0.48560441677949806,,,
2026-09-10T11:27:29.588,1789003650,native,False,-37.90981782,145.1297467,1528.5133522440447,1470.4084375463426,1528.5133522440447,1470.4084375463426,1528.514,1470.4085,1527.2686,1454.1526,:cluster_33776489_9553656653_1,,,0,5.137600004673004,4.824,3.607,4.6,6.49,True,0,7.442179947154482,True,1527.2701197708006,1470.7465919150384,-37.9098145491351,145.1297326417404,1.2884003103059403,1.2884003103059403,,,
2026-09-10T11:27:31.612,1789003652,native,False,-37.90971636,145.1297621,1529.6413846667856,1481.6941095339134,1529.6413846667856,1481.6941095339134,1529.639,1481.6938,1527.2689,1470.7419,-1164319799#0,,,0,4.901700071059167,5.454,4.824,7,6.24,True,0,8.33883992972233,False,1529.3209691359018,1481.7451448862935,-37.90971584235286,145.1297584685621,0.32445449545983723,0.32445449545983723,,,
2026-09-10T11:27:33.646,1789003654,native,False,-37.90961314,145.1297765,1530.677586545702,1493.1733156163245,1530.677586545702,1493.1733156163245,1530.6814,1493.1731,1529.3209,1481.7444,-1164319799#0,,,0,4.947999957948923,5.73,5.454,6.9,6.09,True,0,19.83824153352015,False,1531.1288177948243,1493.1015492676045,-37.909613868038164,145.12978161405846,0.456902669058733,0.456902669058733,,,
2026-09-10T11:27:35.684,1789003656,native,False,-37.90951571,145.1298051,1532.975099283678,1504.0350802885368,1532.975099283678,1504.0350802885368,1532.9757,1504.0355,1531.1289,1493.1019,-1164319799#0,,,0,4.976999945938587,5.327,5.73,11.6,5.85,True,0,30.926172096242666,False,1532.8719780990461,1504.0515993276517,-37.90951554255605,145.1298039312978,0.10443590078681858,0.10443590078681858,,,
2026-09-10T11:27:37.713,1789003658,native,False,-37.90942338,145.1298223,1534.281721253763,1514.3108152458444,1534.281721253763,1514.3108152458444,1534.286,1514.3104,1532.872,1504.052,-1164319799#0,,,0,5.623399978503585,5.171,5.327,9.5,5.49,True,0,41.27957759122948,False,1534.4996619459353,1514.276258277377,-37.90942373068414,145.1298247700629,0.2206633847610306,0.2206633847610306,,,
2026-09-10T11:27:39.726,1789003660,native,False,-37.90933138,145.1298363,1535.30774798739,1524.54428717494,1535.30774798739,1524.54428717494,1535.3097,1524.5441,1534.4997,1514.2764,-1164319799#0,,,0,4.838100052438676,5.202,5.171,7.8,5.27,True,0,51.54713227058925,False,1536.1138489790555,1524.41613398252,-37.9093326801133,145.12984543597645,0.8162242642139408,0.8162242642139408,,,
2026-09-10T11:27:41.762,1789003662,native,False,-37.90923441,145.1298406,1535.4699191846885,1535.312146089971,1535.4699191846885,1535.312146089971,1535.4685,1535.3124,1536.1138,1524.4161,:412622441_5,,,0,5.182900000363588,5.367,5.202,3.9,5.08,True,0,6.766415325906233,True,1537.7457947105697,1534.969733736752,-37.90923790582562,145.12986639811595,2.3014898715706438,2.3014898715706438,,,
2026-09-10T11:27:43.793,1789003664,native,False,-37.90914347,145.1298619,1537.1401066639228,1545.4408699963242,1537.1401066639228,1545.4408699963242,1537.1402,1545.4408,1537.7453,1534.9667,-45897352#1,,,0,5.328099941834807,5.188,5.367,9.5,5.0,True,0,7.719480435024938,False,1539.232231627045,1545.1403837355904,-37.90914655493356,145.1298856184464,2.1135938243211925,2.1135938243211925,,,
2026-09-10T11:27:45.820,1789003666,native,False,-37.90904034,145.1298882,1539.2227491763188,1556.9310750598088,1539.2227491763188,1556.9310750598088,1539.2231,1556.9306,1539.232,1545.139,-45897352#1,,,0,4.974200041033328,5.71,5.188,10.4,4.85,True,0,19.391317305607807,False,1540.8988033416504,1556.6926265764234,-37.909042790887106,145.12990720194085,1.692930962666288,1.692930962666288,,,
2026-09-10T11:27:47.835,1789003668,native,False,-37.90893797,145.129912,1541.0872970643686,1568.3325365558267,1541.0872970643686,1568.3325365558267,1541.0889,1568.3325,1540.8983,1556.6889,-45897352#1,,,0,5.060299998149276,5.786,5.71,10.6,4.81,True,0,30.951275966808375,False,1542.49871210549,1568.141323119425,-37.90893994755511,145.12992800381076,1.424308602994625,1.424308602994625,,,
2026-09-10T11:27:49.855,1789003670,native,False,-37.90884629,145.1299231,1541.8590956110274,1578.5253828028217,1541.8590956110274,1578.5253828028217,1541.8616,1578.5254,1542.498,1568.1363,-45897352#1,,,0,5.2038999274373055,5.136,5.786,7.5,4.68,True,0,41.15489774877205,False,1543.906060326202,1578.2474236757732,-37.908849163828485,145.12994631003284,2.065750667790955,2.065750667790955,,,
2026-09-10T11:27:51.880,1789003672,native,False,-37.90876276,145.1299364,1542.8424578111153,1587.8177443156019,1542.8424578111153,1587.8177443156019,1542.8437,1587.8174,1543.9051,1578.2408,-45897352#1,,,0,5.125899915583432,4.52,5.136,7.3,4.71,True,0,50.495674045809054,False,1545.1943994260434,1587.4989254022555,-37.908766057011334,145.12996306818846,2.37345209758658,2.37345209758658,,,
2026-09-10T11:27:55.946,1789003676,native,False,-37.90867731,145.1300151,1549.571365167969,1597.438500130549,1549.571365167969,1597.438500130549,1549.5675,1597.438,1544.0664,1592.6264,:cluster_313428767_33776544_585124792_585124793_16,,,0,5.728999967686832,3.008,3.243,51.6,4.6,True,0,16.134128342929515,True,1549.8316489996216,1597.853595247548,-37.90867361776254,145.13001815402154,0.4899506395302375,0.4899506395302375,,,
2026-09-10T11:27:57.990,1789003678,native,False,-37.90869326,145.1301198,1558.8118474526564,1595.8532532509416,1558.8118474526564,1595.8532532509416,1558.8107,1595.8537,1549.828,1597.8559,:cluster_313428767_33776544_585124792_585124793_4,,,0,5.522300023585558,4.163,3.008,98.4,4.71,True,0,10.187310573733928,True,1558.9648258623972,1596.4309049847063,-37.9086880840233,145.13012167105887,0.5975649917525292,0.5975649917525292,,,
2026-09-10T11:28:00.032,1789003680,native,False,-37.90871239,145.1302356,1569.0352890252252,1593.9347012527287,1569.0352890252252,1593.9347012527287,1569.0381,1593.9348,1558.9629,1596.4314,:cluster_313428767_33776544_585124792_585124793_14,,,0,5.216600024141371,5.055,4.163,100.5,4.7,True,0,25.982710030072877,True,1568.973331183838,1593.3859708744606,-37.90871732189428,145.13023477042114,0.5522171693669786,0.5522171693669786,,,
2026-09-10T11:28:02.047,1789003682,native,False,-37.90871767,145.1303605,1580.0279519518372,1593.569047360681,1580.0279519518372,1593.569047360681,1580.029,1593.5696,1568.9791,1593.3853,-1272942442#0,,,0,5.5099999299272895,5.437,5.055,95.7,4.62,True,0,1.2904737936139077,False,1579.816323248753,1592.169417795435,-37.90873023994965,145.13035777468272,1.4155386352479753,1.4155386352479753,,,
2026-09-10T11:28:04.088,1789003684,native,False,-37.9087381,145.1304818,1590.737824139651,1591.5159121314064,1590.737824139651,1591.5159121314064,1590.7412,1591.5165,1579.8198,1592.1689,-250248456,,,0,5.52929996047169,5.376,5.437,100.8,4.47,True,0,9.650304757454814,False,1590.5924285002982,1590.5510975611771,-37.908746765004906,145.13047992689883,0.9757084845738584,0.9757084845738584,,,
2026-09-10T11:28:06.123,1789003686,native,False,-37.90875732,145.1305977,1600.9702428269084,1589.5875101927668,1600.9702428269084,1589.5875101927668,1600.9666,1589.5871,1590.5955,1590.5506,-250248456,,,0,5.6087999837473035,5.182,5.376,97.3,4.47,True,0,20.055967717498397,False,1600.8817714060456,1588.999567926923,-37.90876260033755,145.13059656005225,0.5945614352403354,0.5945614352403354,,,
2026-09-10T11:28:08.160,1789003688,native,False,-37.90878225,145.1307029,1610.2746436763555,1587.0066220900044,1610.2746436763555,1587.0066220900044,1610.277,1587.0063,1600.8781,1589.0001,-250248456,,,0,5.997700034640729,4.838,5.182,96.9,4.52,True,0,29.641267788036295,False,1610.3599218765116,1587.570357969829,-37.908777187141155,145.1307039981157,0.5701495537344208,0.5701495537344208,,,
2026-09-10T11:28:10.201,1789003690,native,False,-37.90878946,145.130811,1619.7945721894503,1586.3971350323409,1619.7945721894503,1586.3971350323409,1619.7921,1586.3973,1610.362,1587.57,-250248456,,,0,5.086699966341257,4.826,4.838,97,4.55,True,0,39.14574102860325,False,1619.7581490424514,1586.1531996448534,-37.908791650847554,145.13081053026715,0.24663965396091292,0.24663965396091292,,,
2026-09-10T11:28:12.236,1789003692,native,False,-37.90880253,145.1309304,1630.321004306723,1585.1573013653979,1630.321004306723,1585.1573013653979,1630.3219,1585.1571,1619.7553,1586.1536,-250248456,,,0,5.418799933977425,5.346,4.826,97.5,4.59,True,0,49.74573345822528,False,1630.2497297357497,1584.6422069857144,-37.90880715721667,145.1309294722052,0.5200021965808127,0.5200021965808127,,,
2026-09-10T11:28:14.269,1789003694,native,False,-37.90881505,145.1310565,1641.4352561983978,1583.990294626914,1641.4352561983978,1583.990294626914,1641.4374,1583.9901,1630.2502,1584.6421,-250248456,,,0,5.4712999844923615,5.506,5.346,96.6,4.71,True,0,60.91185973467716,False,1641.307778372702,1583.0924733451104,-37.90882311476052,145.13105484595525,0.9068261410565507,0.9068261410565507,,,
2026-09-10T11:28:16.309,1789003696,native,False,-37.90883121,145.1311628,1650.81683539995,1582.3844626629725,1650.81683539995,1582.3844626629725,1650.8185,1582.385,1641.3093,1583.0923,-250248456,,,0,5.244400002993643,4.911,5.506,99.7,4.68,True,0,70.4262704323969,False,1650.7268917675294,1581.749225869674,-37.90883691611828,145.13116163257234,0.6415727866524974,0.6415727866524974,,,
2026-09-10T11:28:18.342,1789003699,native,False,-37.90884864,145.1313298,1665.537825053325,1580.7446720600128,1665.537825053325,1580.7446720600128,1665.542,1580.7444,1650.7278,1581.7491,-250248456,,,0,5.348299979232252,4.941,4.911,97.2,4.57,True,0,85.2314538899776,False,1665.3837850054467,1579.6590254427015,-37.90885839194322,145.13132780117036,1.0965203664455454,1.0965203664455454,,,
2026-09-10T11:28:20.378,1789003701,native,False,-37.90885718,145.1314319,1674.5331923862686,1579.9769641989842,1674.5331923862686,1579.9769641989842,1674.5305,1579.9773,1665.3871,1579.6586,-250248456,,,0,5.211299983784556,4.492,4.941,97.3,4.55,True,0,94.24518988242022,False,1674.3072385036442,1578.3864633786106,-37.908871466805316,145.13142896848436,1.6064706709685228,1.6064706709685228,,,
2026-09-10T11:28:22.421,1789003703,native,False,-37.90886527,145.1315313,1683.2901795866783,1579.2544228751212,1683.2901795866783,1579.2544228751212,1683.2879,1579.2543,1674.3037,1578.387,-250248456,,,0,5.128900054842234,4.373,4.492,99.1,4.31,True,0,103.23721243955656,False,1683.2542875751133,1577.6629802800833,-37.90887959960905,145.13153052924307,1.591847282183609,1.591847282183609,,,
2026-09-10T11:28:24.467,1789003705,native,False,-37.90888369,145.1316283,1691.8591370338108,1577.381375300698,1691.8591370338108,1577.381375300698,1691.8585,1577.3814,1683.2511,1577.6631,-250248456,,,0,6.35899999178946,4.344,4.373,99.1,4.08,True,0,111.84729058984496,False,1691.8620608861718,1577.4637708940118,-37.90888294828895,145.13162835201962,0.08244745423697356,0.08244745423697356,,,
2026-09-10T11:28:26.488,1789003707,native,False,-37.90889524,145.1317197,1699.9204744939925,1576.26078091003,1699.9204744939925,1576.26078091003,1699.9223,1576.2614,1691.8604,1577.4638,-250248456,,,0,6.570699973963201,4.101,4.344,99.1,3.88,True,0,119.9324705318225,False,1699.9450764993728,1577.2767059563416,-37.90888609274864,145.13172021121457,1.0162228881461017,1.0162228881461017,,,
2026-09-10T11:28:30.567,1789003711,native,False,-37.90891637,145.1318871,1714.6848334242823,1574.2110372399911,1714.6848334242823,1574.2110372399911,1714.6809,1574.2115,1706.8797,1575.3214,:cluster_9139137366_9351956757_0,,,0,5.955700064077973,3.834,3.61,99.1,3.53,True,0,2.3148870606925724,True,1714.6680848609178,1574.3752781247488,-37.90891488745565,145.1318869469948,0.16509264853635136,0.16509264853635136,,,
2026-09-10T11:28:34.643,1789003715,native,False,-37.9089313,145.1320054,1725.118655978411,1572.7627500034869,1725.118655978411,1572.7627500034869,1725.1155,1572.7622,1719.4069,1574.6783,:3157090491_w0,,,0,7.599700009450316,2.925,2.52,99.1,3.25,True,0,5.556927470876533,True,1729.8624745676516,1576.2163665119556,-37.90890104530177,145.13206012287426,5.867817464372291,5.867817464372291,,,
