wall_time,phone_timestamp,method,kalman,lat,lon,raw_x,raw_y,filt_x,filt_y,match_x,match_y,actual_x,actual_y,edge_id,raw_dist,score,correction_m,match_ms,phone_speed_mps,sumo_speed_mps,phone_course_deg,accuracy_m,matched,lane_index,lane_pos,is_internal_edge,matched_x,matched_y,matched_lat,matched_lon,match_error_raw_m,match_error_filt_m,components,window_len,unmatched_reason
2026-09-10T11:08:54.620,1789002535,topo,False,-37.90890681,145.1320219,1726.5148374992423,1575.5093499543145,1726.5148374992423,1575.5093499543145,1726.5176,1575.5092,1722.1289,1574.7433,1272942443#3,0.0875279358878031,0.7499931901561363,0,27.85280003445223,2.245,1.256,,4.68,True,0,,False,1724.08,1574.79,-37.90891285056006,145.13199405261398,2.5388773118229055,2.5388773118229055,prox=1.000 head=0.500 conn=0.500 turn=1.000,,
2026-09-10T11:09:00.734,1789002541,topo,False,-37.9086944,145.1320598,1729.3746126800543,1599.146181775257,1729.3746126800543,1599.146181775257,1729.3731,1599.1461,1727.8004,1588.6762,-1272942443#2,0.33807530682999626,0.6998984174226587,0,12.271800020243973,4.621,4.227,,4.74,True,0,,False,1729.0388604927027,1599.1857466811314,-37.90869398298477,145.13205599160628,0.33807530682999626,0.33807530682999626,prox=1.000 head=0.500 conn=0.500 turn=0.500,,
2026-09-10T11:09:04.800,1789002545,topo,False,-37.90850578,145.1320856,1731.2234988441924,1620.121839493513,1731.2234988441924,1620.121839493513,1731.2259,1620.1223,1730.3157,1609.7871,-1272942443#1,0.3550335407070257,0.8298879722995518,0,12.106800044421107,5.022,4.889,,4.75,True,0,,False,1731.575900481582,1620.078689742737,-37.908506232312405,145.13208959686665,0.3550335407070257,0.3550335407070257,prox=1.000 head=0.500 conn=0.900 turn=1.000,,
2026-09-10T11:09:08.865,1789002549,topo,False,-37.90831408,145.1321039,1732.406164638931,1641.4260556353256,1732.406164638931,1641.4260556353256,1732.4034,1641.4255,1732.8163,1630.209,-1272942443#1,1.7703878575044618,0.8472236593097152,0,11.650800006464124,5.11,5.241,,7.35,True,0,,False,1734.1634284133816,1641.2108878101221,-37.90831633546687,145.13212383047278,1.7703878575044618,1.7703878575044618,prox=0.993 head=0.500 conn=1.000 turn=1.000,,
2026-09-10T11:09:12.948,1789002553,topo,False,-37.90809307,145.1321135,1732.7587834526785,1665.967326803133,1732.7587834526785,1665.967326803133,1732.7623,1665.9673,1735.6301,1653.1892,-1272942443#1,2.5662643872699573,0.8441886609298684,0,12.15359999332577,5.402,5.362,,7.71,True,0,,False,1735.2986478868072,1666.3344801248093,-37.908090221031046,145.1321424609487,2.5662643872699573,2.5662643872699573,prox=0.985 head=0.500 conn=1.000 turn=1.000,,
2026-09-10T11:09:16.985,1789002557,topo,False,-37.90790482,145.1321639,1736.771325328271,1686.9452586760744,1736.771325328271,1686.9452586760744,1736.7688,1686.9451,1735.7258,1677.8319,-1272942443#1,0.4025766256169635,0.8498559655479706,0,11.266799992881715,5.045,5.78,,6.49,True,0,,False,1737.1688793646138,1686.881865240447,-37.907905462818576,145.13216840558783,0.40257662561696345,0.40257662561696345,prox=1.000 head=0.500 conn=1.000 turn=1.000,,
2026-09-10T11:09:21.077,1789002561,topo,False,-37.9077477,145.1322051,1740.0442491235444,1704.4526432398707,1740.0442491235444,1704.4526432398707,1740.0436,1704.4531,1738.5441,1695.5062,-1272942443#1,0.07263926355625483,0.8499953098385106,0,11.502099980134517,4.686,4.75,,5.44,True,0,,False,1739.972516115252,1704.46408168956,-37.90774758401279,145.132204287032,0.07263926355625483,0.07263926355625483,prox=1.000 head=0.500 conn=1.000 turn=1.000,,
2026-09-10T11:09:27.190,1789002567,topo,False,-37.90757032,145.1322276,1741.6280625027139,1724.1752349557355,1741.6280625027139,1724.1752349557355,1741.6243,1724.1751,1744.0294,1718.4149,-1272942443#0,6.220959426313912,0.7970374182834021,0,11.506700015161186,2.786,3.22,,4.48,True,0,,False,1743.61,1716.59,-37.907639007332286,145.1322484058723,7.839889385499099,7.839889385499099,prox=0.918 head=0.500 conn=0.900 turn=1.000,,
2026-09-10T11:09:31.273,1789002571,topo,False,-37.90752425,145.1319933,1720.9262104933732,1728.8746434850618,1720.9262104933732,1728.8746434850618,1720.928,1728.8746,1731.8829,1727.2104,1209653411,3.1979397567914236,0.6910120130227395,0,11.716899985913187,5.294,4.324,,4.02,True,0,,False,1727.86,1727.68,-37.90753626320709,145.13207186182467,7.03595124902147,7.03595124902147,prox=0.978 head=0.500 conn=0.500 turn=0.500,,
2026-09-10T11:09:35.352,1789002576,topo,False,-37.90749283,145.131628,1688.7395129092038,1731.7175418939441,1688.7395129092038,1731.7175418939441,1688.7382,1731.7179,1708.069,1729.9267,1209653410,0.5648295821836352,0.8297165160952504,0,12.083299981895834,6.548,6.348,,4.15,True,0,,False,1688.808474232369,1732.2781458475665,-37.907487792396566,145.1316289118009,0.5648295821836352,0.5648295821836352,prox=0.999 head=0.500 conn=0.900 turn=1.000,,
2026-09-10T11:09:39.431,1789002580,topo,False,-37.90744598,145.1313347,1662.8486413902137,1736.3993946071714,1662.8486413902137,1736.3993946071714,1662.848,1736.3999,1675.8205,1733.8758,1209653410,0.9209218903529761,0.849246845828913,0,11.969999992288649,6.535,6.572,,4.43,True,0,,False,1662.7362039505083,1735.4853623592262,-37.90745419351589,145.1313332133299,0.9209218903529761,0.9209218903529761,prox=0.998 head=0.500 conn=1.000 turn=1.000,,
2026-09-10T11:09:43.522,1789002584,topo,False,-37.90743482,145.1310711,1639.6483322769636,1737.1731773009524,1639.6483322769636,1737.1731773009524,1639.6456,1737.1734,1650.2339,1737.0233,1209653410,1.143662567858973,0.8488390532854319,0,11.891099973581731,5.543,6.378,,4.48,True,0,,False,1639.7879646305475,1738.3082838487946,-37.90742461991012,145.13107294628205,1.143662567858973,1.143662567858973,prox=0.997 head=0.500 conn=1.000 turn=1.000,,
2026-09-10T11:09:47.602,1789002588,topo,False,-37.90738725,145.1308054,1616.1823755856603,1741.983425945975,1616.1823755856603,1741.983425945975,1616.1809,1741.9838,1627.8614,1739.7754,1209653410,2.2357467016957955,0.845581418662729,0,12.27080001262948,5.849,5.828,,4.86,True,0,,False,1622.54,1740.43,-37.90740239192486,145.13087732895093,6.544655862872779,6.544655862872779,prox=0.989 head=0.500 conn=1.000 turn=1.000,,
2026-09-10T11:09:51.671,1789002592,topo,False,-37.90735952,145.130537,1592.5231547788717,1744.5873035062104,1592.5231547788717,1744.5873035062104,1592.5225,1744.5868,1604.1998,1742.6144,1147258794#0,1.938256666812605,0.8266744885214843,0,12.246300000697374,5.765,5.867,,5.0,True,0,,False,1598.19,1743.32,-37.907371959846564,145.13060114027806,5.806822964158533,5.806822964158533,prox=0.992 head=0.500 conn=0.900 turn=1.000,,
2026-09-10T11:09:55.730,1789002596,topo,False,-37.90740172,145.1302707,1569.2041792010423,1739.4350375998765,1569.2041792010423,1739.4350375998765,1569.207,1739.4356,1582.8443,1742.6843,1147258794#2,0.5894278686621715,0.8296912967724451,0,13.079900003504008,5.918,5.425,,4.86,True,0,,False,1569.4510287702083,1738.89978952416,-37.90740658623745,145.1302733845046,0.5894278686621715,0.5894278686621715,prox=0.999 head=0.500 conn=0.900 turn=1.000,,
2026-09-10T11:09:59.802,1789002600,topo,False,-37.90758172,145.1300857,1553.3397695865715,1719.1351113393903,1553.3397695865715,1719.1351113393903,1553.3385,1719.1353,1559.2258,1731.3058,5094886#1,3.4161258464129776,0.6897600919083604,0,12.197100033517927,6.183,5.988,,4.9,True,0,,False,1552.23,1722.4,-37.907552108605486,145.1300738270185,3.4483454730432044,3.4483454730432044,prox=0.974 head=0.500 conn=0.500 turn=0.500,,
2026-09-10T11:10:03.876,1789002604,topo,False,-37.90760943,145.1298189,1529.944670386496,1715.589730949141,1529.944670386496,1715.589730949141,1529.9416,1715.5894,1541.9885,1716.9977,5094886#2,0.13324001696650856,0.8299842199538294,0,12.020500027574599,6.12,6.131,,4.82,True,0,,False,1529.9578798233758,1715.7223145563426,-37.907608238043736,145.129819080426,0.13324001696650856,0.13324001696650856,prox=1.000 head=0.500 conn=0.900 turn=1.000,,
2026-09-10T11:10:07.958,1789002608,topo,False,-37.90756423,145.1296124,1511.6887753895135,1720.24110752251,1511.6887753895135,1720.24110752251,1511.691,1720.2409,1522.4096,1718.283,985461732,2.433541429268652,0.8247703769941724,0,11.098899994976819,5.115,5.565,,4.63,True,0,,False,1510.4,1722.9,-37.90754004516099,145.12959835376552,2.9547675393283965,2.9547675393283965,prox=0.987 head=0.500 conn=0.900 turn=1.000,,
2026-09-10T11:10:14.075,1789002614,topo,False,-37.90772286,145.1294545,1498.159560738597,1702.3601928101853,1498.159560738597,1702.3601928101853,1498.1558,1702.3603,1499.7802,1713.377,-10539447#1,1.868929388169295,0.8269072212074635,0,11.04379998287186,5.259,4.187,,4.77,True,0,,False,1498.72,1705.93,-37.9076908036689,145.12946168633346,3.6135322799409733,3.6135322799409733,prox=0.992 head=0.500 conn=0.900 turn=1.000,,
2026-09-10T11:10:18.145,1789002618,topo,False,-37.90793824,145.1294164,1495.289418771048,1678.3933444032446,1495.289418771048,1678.3933444032446,1495.2887,1678.3936,1496.5064,1690.5935,-10539447#0,0.5405022572294219,0.8297404018842686,0,11.522200016770512,6.045,5.872,,4.78,True,0,,False,1494.7544734639328,1678.4706503439309,-37.907937446915,145.12941033553096,0.5405022572294219,0.5405022572294219,prox=0.999 head=0.500 conn=0.900 turn=1.000,,
2026-09-10T11:10:22.207,1789002622,topo,False,-37.90817003,145.1293646,1491.2513576347847,1652.5813887417316,1491.2513576347847,1652.5813887417316,1491.2538,1652.5812,1492.8322,1665.1687,-10539447#0,0.23574064130647868,0.8499506042502086,0,11.682799959089607,6.413,6.451,,4.77,True,0,,False,1491.0180406632521,1652.6151058109767,-37.908169684093785,145.12936195496732,0.23574064130647868,0.23574064130647868,prox=1.000 head=0.500 conn=1.000 turn=1.000,,
2026-09-10T11:10:26.291,1789002626,topo,False,-37.90840631,145.1293252,1488.3135091998265,1626.2930733207613,1488.3135091998265,1626.2930733207613,1488.3172,1626.2937,1489.0733,1639.158,-10539447#0,1.0880122335471651,0.8489491422485044,0,11.74469996476546,6.395,6.632,,4.63,True,0,,False,1487.2366829134692,1626.448687489005,-37.908404713535866,145.12931299236044,1.0880122335471651,1.0880122335471651,prox=0.997 head=0.500 conn=1.000 turn=1.000,,
2026-09-10T11:10:28.332,1789002629,topo,False,-37.90857858,145.1292882,1485.444151321135,1607.1118580549955,1485.444151321135,1607.1118580549955,1485.4461,1607.1115,1487.2368,1626.4498,-10539447#0,1.6088247457358944,0.8477058777312382,0,11.813300021458417,6.466,6.395,,4.27,True,0,,False,1484.89,1610.21,-37.90855057106672,145.1292826063533,3.147311106025557,3.147311106025557,prox=0.994 head=0.500 conn=1.000 turn=1.000,,
2026-09-10T11:10:32.406,1789002633,topo,False,-37.90880577,145.1292417,1481.8618918436696,1581.8196825785562,1481.8618918436696,1581.8196825785562,1481.8592,1581.8192,1482.7883,1594.9345,-4577073#9,0.8021290778934795,0.8294284877320647,0,12.75080000050366,6.554,6.338,,4.14,True,0,,False,1481.0666950721816,1581.9249116250087,-37.90880467831878,145.12923268284823,0.8021290778934795,0.8021290778934795,prox=0.999 head=0.500 conn=0.900 turn=1.000,,
2026-09-10T11:10:36.470,1789002637,topo,False,-37.90904376,145.1292006,1478.7784640415339,1555.3386096237227,1478.7784640415339,1555.3386096237227,1478.7789,1555.339,1479.1909,1568.272,-4577073#9,1.4010454736007154,0.8482589747302957,0,12.133100011851639,6.542,6.863,,4.16,True,0,,False,1477.3911977567225,1555.5346215471425,-37.90904174348574,145.12918487185075,1.4010454736007472,1.4010454736007472,prox=0.996 head=0.500 conn=1.000 turn=1.000,,
2026-09-10T11:10:40.542,1789002641,topo,False,-37.9092745,145.1291489,1474.7469968339428,1529.6433270908892,1474.7469968339428,1529.6433270908892,1474.7482,1529.6435,1475.4888,1542.0702,-4577073#9,1.004101338794525,0.8491048080978899,0,11.754299979656935,6.282,6.668,,3.69,True,0,,False,1473.7527707648462,1529.7838049257873,-37.90927305479888,145.1291376279153,1.004101338794525,1.004101338794525,prox=0.998 head=0.500 conn=1.000 turn=1.000,,
2026-09-10T11:10:44.603,1789002645,topo,False,-37.90951519,145.129106,1471.5113868610351,1502.8594664437696,1471.5113868610351,1502.8594664437696,1471.5102,1502.8592,1471.9512,1517.0334,-4577073#9,1.5474837130109973,0.8478770263697518,0,12.081200024113059,6.959,6.503,,4.08,True,0,,False,1469.9791225471313,1503.0759656686437,-37.90951296270151,145.12908862782692,1.5474837130109973,1.5474837130109973,prox=0.995 head=0.500 conn=1.000 turn=1.000,,
2026-09-10T11:10:48.680,1789002649,topo,False,-37.90977783,145.1290574,1467.8235662769293,1473.6298630870879,1467.8235662769293,1473.6298630870879,1467.828,1473.6299,1469.7321,1487.4087,5045577#0,2.668424225883332,0.8237204897939833,0,11.971700005233288,7.246,7.323,,5.1,True,0,,False,1471.74,1473.16,-37.90978277071246,145.12910182210337,3.944518275761039,3.944518275761039,prox=0.984 head=0.500 conn=0.900 turn=1.000,,
2026-09-10T11:10:52.757,1789002653,topo,False,-37.91002136,145.1290042,1463.6888038247125,1446.5126802334562,1463.6888038247125,1446.5126802334562,1463.6886,1446.5129,1464.0289,1460.434,1037064066#0,11.751804252085655,0.7242897311767843,0,11.893200047779828,6.956,6.854,,5.36,True,0,,False,1470.42,1459.11,-37.909909097571905,145.12908360772238,14.282908221043728,14.282908221043728,prox=0.736 head=0.500 conn=0.900 turn=1.000,,
2026-09-10T11:10:56.836,1789002657,topo,False,-37.91026796,145.1289663,1460.9060245934525,1419.081829519011,1460.9060245934525,1419.081829519011,1460.9104,1419.082,1460.4742,1433.3629,1037064066#1,3.3747938390114114,0.8200032761325812,0,11.63939997786656,6.985,6.764,,4.5,True,0,,False,1464.241557049144,1418.5685491932063,-37.91027318683538,145.12900410766815,3.3747938390114114,3.3747938390114114,prox=0.975 head=0.500 conn=0.900 turn=1.000,,
2026-09-10T11:11:00.908,1789002661,topo,False,-37.91051662,145.1289136,1456.826709559653,1391.3962710993364,1456.826709559653,1391.3962710993364,1456.8248,1391.3959,1456.8355,1405.4144,-4577073#3,1.7709741328236377,0.8272218266006598,0,11.8217000272125,6.92,6.895,,6.03,True,0,,False,1455.0700654494194,1391.621106259203,-37.9105142770035,145.12889367830883,1.7709741328236377,1.7709741328236377,prox=0.993 head=0.500 conn=0.900 turn=1.000,,
2026-09-10T11:11:04.985,1789002665,topo,False,-37.91076064,145.1288732,1453.8184507174883,1364.247292415239,1453.8184507174883,1364.247292415239,1453.8145,1364.2476,1453.3583,1378.2438,-4577073#3,2.2319814438324688,0.8455962067822048,0,11.670999985653907,6.716,6.89,,4.89,True,0,,False,1451.6045021382115,1364.5304405283011,-37.91075768900776,145.1288480919954,2.2319814438324688,2.2319814438324688,prox=0.989 head=0.500 conn=1.000 turn=1.000,,
2026-09-10T11:11:09.079,1789002669,topo,False,-37.91100317,145.1288209,1449.7607118812157,1337.2426480725408,1449.7607118812157,1337.2426480725408,1449.7646,1337.2427,1449.9534,1351.6202,-4577073#3,3.8314349736228235,0.8371617485175286,0,11.559900012798607,6.767,6.377,,5.46,True,0,,False,1448.7,1341.82,-37.9109617444085,145.12880988438224,4.698644523984152,4.698644523984152,prox=0.968 head=0.500 conn=1.000 turn=1.000,,
2026-09-10T11:11:13.171,1789002673,topo,False,-37.91126207,145.1287656,1445.475727257086,1308.4162076516077,1445.475727257086,1308.4162076516077,1445.472,1308.4162,1446.9143,1322.6639,-4577073#1,1.2154675696013355,0.6986889431493519,0,12.496599985752255,6.877,7.255,,4.91,True,0,,False,1444.2717528148873,1308.5829618278226,-37.911260350121964,145.12875194876196,1.2154675696013355,1.2154675696013355,prox=0.997 head=0.500 conn=0.500 turn=0.500,,
2026-09-10T11:11:17.245,1789002677,topo,False,-37.91149985,145.1287287,1442.761356283212,1281.9658180996776,1442.761356283212,1281.9658180996776,1442.7583,1281.966,1442.5966,1296.4885,-4577073#1,2.09566828012226,0.8461151432591304,0,11.952499975450337,6.771,6.108,,3.57,True,0,,False,1440.6841648768395,1282.2434894910787,-37.91149697303756,145.12870514544866,2.09566828012226,2.09566828012226,prox=0.990 head=0.500 conn=1.000 turn=1.000,,
2026-09-10T11:11:21.324,1789002681,topo,False,-37.91171807,145.1286917,1439.994644614635,1257.6857258183882,1439.994644614635,1257.6857258183882,1439.9924,1257.6851,1438.9915,1269.5815,-4577073#1,2.5704081588758303,0.8441700160738573,0,11.388199985958636,5.945,6.505,,2.78,True,0,,False,1437.446898967516,1258.0262991890468,-37.91171454129626,145.12866280946207,2.5704081588758303,2.5704081588758303,prox=0.985 head=0.500 conn=1.000 turn=1.000,,
2026-09-10T11:11:25.411,1789002686,topo,False,-37.91192503,145.128661,1437.7567276044283,1234.6662167478353,1437.7567276044283,1234.6662167478353,1437.758,1234.6662,1435.5487,1243.8264,-4577073#1,3.4022559984162335,0.8398420106950556,0,11.709500045981258,4.262,4.414,,2.47,True,0,,False,1434.3844682687202,1235.1170081092084,-37.911920359306116,145.12862275966376,3.4022559984162335,3.4022559984162335,prox=0.975 head=0.500 conn=1.000 turn=1.000,,
2026-09-10T11:11:29.476,1789002690,topo,False,-37.91213081,145.1285852,1431.5512967033428,1211.6980436285958,1431.5512967033428,1211.6980436285958,1431.5521,1211.6975,1432.9664,1224.5087,-4577073#1,0.29476841825671335,0.8499227733044449,0,11.453900020569563,6.07,5.202,,2.34,True,0,,False,1431.2591271691276,1211.7370997891603,-37.912130405333386,145.12858188688256,0.2947684182567134,0.2947684182567134,prox=1.000 head=0.500 conn=1.000 turn=1.000,,
2026-09-10T11:11:33.552,1789002694,topo,False,-37.91235695,145.1285646,1430.2440799816977,1186.568046568893,1430.2440799816977,1186.568046568893,1430.2481,1186.5686,1429.6985,1200.0624,-4577073#1,3.177397492023579,0.8411258261274518,0,12.27080001262948,6.563,6.006,,2.25,True,0,,False,1429.61,1193.48,-37.91229457095991,145.1285589682136,6.940976707710769,6.940976707710769,prox=0.978 head=0.500 conn=1.000 turn=1.000,,
2026-09-10T11:11:37.619,1789002698,topo,False,-37.91258599,145.1285439,1428.9345464737853,1161.1160729164258,1428.9345464737853,1161.1160729164258,1428.9373,1161.1157,1429.4411,1173.1799,1162333280#0,4.052101046681643,0.8156679316293268,0,12.438400008250028,6.021,6.536,,2.12,True,0,,False,1432.9847786823668,1160.993020289118,-37.91258783100294,145.12858992424057,4.052101046681644,4.052101046681644,prox=0.964 head=0.500 conn=0.900 turn=1.000,,
2026-09-10T11:11:41.703,1789002702,topo,False,-37.91281212,145.1285644,1431.240549711336,1136.0597266368568,1431.240549711336,1136.0597266368568,1431.2366,1136.0598,1428.337,1148.2449,1162333280#1,4.60225208656975,0.8116089033592323,0,12.207199994008988,6.12,6.388,,2.07,True,0,,False,1435.27,1140.06,-37.91277681343545,145.12861112935096,5.6779095280470555,5.6779095280470555,prox=0.954 head=0.500 conn=0.900 turn=1.000,,
2026-09-10T11:11:45.774,1789002706,topo,False,-37.91290272,145.1287809,1450.4754851353355,1126.3884011190385,1450.4754851353355,1126.3884011190385,1450.4773,1126.3885,1439.054,1126.2873,725249377#0,6.235606862164584,0.7968886296570187,0,12.191699992399663,5.363,5.544,,2.04,True,0,,False,1452.0481590115112,1132.422428780449,-37.912848648579335,145.1288001591462,6.235606862164584,6.235606862164584,prox=0.917 head=0.500 conn=0.900 turn=1.000,,
2026-09-10T11:11:49.853,1789002710,topo,False,-37.91294896,145.1290766,1476.5742458957247,1121.7791979713365,1476.5742458957247,1121.7791979713365,1476.5777,1121.7791,1463.6112,1122.8119,-1470433046#0,2.4607747295628672,0.824653464743548,0,11.727200006134808,6.629,6.426,,2.02,True,0,,False,1475.14,1118.25,-37.91298049245128,145.12905948666673,3.809501228545406,3.809501228545406,prox=0.987 head=0.500 conn=0.900 turn=1.000,,
2026-09-10T11:11:53.931,1789002714,topo,False,-37.91298794,145.1293613,1501.6897676814115,1117.956111826934,1501.6897676814115,1117.956111826934,1501.6921,1117.9564,1489.8607,1120.4369,-1470433046#0,17.06353371342735,0.6594391051981837,0,10.907799995038658,6.194,6.561,,2.14,True,0,,False,1475.14,1118.25,-37.91298049245128,145.12905948666673,26.551394204357397,26.551394204357397,prox=0.524 head=0.500 conn=1.000 turn=1.000,,
2026-09-10T11:11:58.026,1789002718,topo,False,-37.91301289,145.129632,1525.5432478577131,1115.6650927532464,1525.5432478577131,1115.6650927532464,1525.5466,1115.6653,1512.9409,1116.3198,1470433046#2,0.9192235231345449,0.6192496186013624,0,11.36239996412769,6.054,5.78,,2.33,True,0,,False,1525.4288190144032,1114.753019332242,-37.91302108547356,145.12963049080724,0.9192235231345449,0.9192235231345449,prox=0.998 head=0.500 conn=0.100 turn=0.500,,
2026-09-10T11:12:02.086,1789002722,topo,False,-37.91304358,145.1298981,1549.0050925372634,1112.7289519179612,1549.0050925372634,1112.7289519179612,1549.0061,1112.7291,1536.8953,1113.3144,1470433046#2,0.926551155905407,0.8492376189715097,0,11.676000023726374,5.944,5.702,,3.6,True,0,,False,1548.8897515191438,1111.8096078615554,-37.91305184080832,145.12989657880547,0.9265511559054069,0.9265511559054069,prox=0.998 head=0.500 conn=1.000 turn=1.000,,
2026-09-10T11:12:06.155,1789002726,topo,False,-37.91307134,145.1301551,1571.6603916300228,1110.1018238561228,1571.6603916300228,1110.1018238561228,1571.6624,1110.1021,1560.4594,1110.3581,1470433046#3,1.1928015389703475,0.828737307850067,0,11.655300040729344,5.415,5.856,,3.89,True,0,,False,1571.4883405765142,1108.9214959583094,-37.913081941564805,145.13015287449028,1.1928015389703475,1.1928015389703475,prox=0.997 head=0.500 conn=0.900 turn=1.000,,
2026-09-10T11:12:10.209,1789002730,topo,False,-37.91310419,145.1304152,1594.5995300714858,1106.9152878150344,1594.5995300714858,1106.9152878150344,1594.6017,1106.9149,1582.5749,1107.3055,1360476884,1.3238801099600945,0.8284451112462583,0,11.997499968856573,6.005,5.694,,3.99,True,0,,False,1594.4144431538114,1105.6044097206054,-37.9131159652406,145.13041279652995,1.3238801099600945,1.3238801099600945,prox=0.996 head=0.500 conn=0.900 turn=1.000,,
2026-09-10T11:12:14.259,1789002734,topo,False,-37.91313881,145.1306823,1618.1579727355856,1103.544621385634,1618.1579727355856,1103.544621385634,1618.1567,1103.5451,1606.5395,1103.8924,1360476884,1.2799386324930342,0.8485464315785113,0,11.886599997524172,5.884,6.081,,4.04,True,0,,False,1617.979029117868,1102.2772532131496,-37.913150194409745,145.13067997634425,1.2799386324930342,1.2799386324930342,prox=0.996 head=0.500 conn=1.000 turn=1.000,,
2026-09-10T11:12:18.329,1789002739,topo,False,-37.91317721,145.1309783,1644.2654687584727,1099.8053844114766,1644.2654687584727,1099.8053844114766,1644.2669,1099.8053,1629.1962,1100.5375,1470433048,1.8331506759453822,0.8270240664182965,0,10.899699991568923,5.024,5.688,,4.01,True,0,,False,1643.9378921127782,1098.0017395068696,-37.91319339847138,145.13097416410332,1.8331506759453822,1.8331506759453822,prox=0.993 head=0.500 conn=0.900 turn=1.000,,
2026-09-10T11:12:30.520,1789002751,topo,False,-37.91316706,145.130705,1620.216448759369,1100.4498799825087,1620.216448759369,1100.4498799825087,1620.2173,1100.4496,1632.3563,1095.5515,1470433048,4.547524696107525,0.8320337800250842,0,11.09280000673607,6.419,5.845,,4.15,True,0,,False,1625.16,1101.1,-37.913162096632384,145.1307613583825,4.986116214639106,4.986116214639106,prox=0.955 head=0.500 conn=1.000 turn=1.000,,
2026-09-10T11:12:34.585,1789002755,topo,False,-37.91313507,145.1304123,1594.4133130908012,1103.4835737692192,1594.4133130908012,1103.4835737692192,1594.4123,1103.4837,1606.5854,1100.6546,-1360476884,1.100131257020478,0.6989256331676116,0,11.924999998882413,6.287,6.639,,4.36,True,0,,False,1594.2595654395484,1102.394238906834,-37.91314485519201,145.1304103033936,1.100131257020478,1.100131257020478,prox=0.997 head=0.500 conn=0.500 turn=0.500,,
2026-09-10T11:12:38.648,1789002759,topo,False,-37.91309392,145.1301305,1569.5480089942575,1107.5528496960178,1569.5480089942575,1107.5528496960178,1569.5443,1107.5525,1581.8031,1104.1871,-1470433046#3,2.148485704909925,0.8259178695907908,0,12.091200042050332,6.296,6.337,,4.1,True,0,,False,1570.96,1105.77,-37.913110235464494,145.130146148221,2.274262878140636,2.274262878140636,prox=0.990 head=0.500 conn=0.900 turn=1.000,,
2026-09-10T11:12:42.704,1789002763,topo,False,-37.91307162,145.1298488,1544.733434259193,1109.5305361924693,1544.733434259193,1109.5305361924693,1544.7359,1109.5309,1557.5671,1107.5009,-1470433046#2,0.4184388902842603,0.8298443937367973,0,19.859100051689893,6.427,5.927,,3.99,True,0,,False,1544.6814157597119,1109.1153432486299,-37.91307535074788,145.1298481138122,0.41843889028426023,0.41843889028426023,prox=1.000 head=0.500 conn=0.900 turn=1.000,,
2026-09-10T11:12:46.769,1789002767,topo,False,-37.91302771,145.1295469,1518.0948925224948,1113.870467800647,1518.0948925224948,1113.870467800647,1518.097,1113.8706,1531.3177,1110.7896,-1470433046#2,1.4131170156093358,0.8482289106041624,0,12.384100002236664,6.738,6.714,,4.3,True,0,,False,1517.9192199728104,1112.4683127253818,-37.913040309164245,145.1295445826137,1.4131170156093358,1.4131170156093358,prox=0.996 head=0.500 conn=1.000 turn=1.000,,
2026-09-10T11:12:50.836,1789002771,topo,False,-37.91299903,145.1292435,1491.3583675355767,1116.5176693201065,1491.3583675355767,1116.5176693201065,1491.3571,1116.5181,1504.6825,1114.1267,-1470433046#1,0.8533452853568279,0.8293532361760301,0,11.69740001205355,6.653,6.745,,4.66,True,0,,False,1493.47,1115.54,-37.91300821882732,145.12926728692142,2.326978505333508,2.326978505333508,prox=0.998 head=0.500 conn=0.900 turn=1.000,,
2026-09-10T11:12:54.891,1789002775,topo,False,-37.91296138,145.1289733,1467.5205385328736,1120.2187279229984,1467.5205385328736,1120.2187279229984,1467.5165,1120.219,1478.3831,1118.7478,-1470433046#0,0.5786551097369328,0.8297024736086541,0,11.551500007044524,5.576,6.567,,3.98,True,0,,False,1467.4173660477127,1119.6493447705163,-37.91296649047071,145.12897199693873,0.5786551097369329,0.5786551097369329,prox=0.999 head=0.500 conn=0.900 turn=1.000,,
2026-09-10T11:13:00.994,1789002781,topo,False,-37.91314589,145.1287547,1448.7138710439904,1099.3587870262563,1448.7138710439904,1099.3587870262563,1448.7145,1099.3589,1454.4454,1114.8447,-93686025#2,0.6817701218247373,0.6995870484200702,0,11.780900007579476,6.327,0.0,,2.97,True,0,,False,1449.3820506169657,1099.223337562354,-37.91314723099285,145.1287622665385,0.6817701218247373,0.6817701218247373,prox=0.999 head=0.500 conn=0.500 turn=0.500,,
2026-09-10T11:13:05.047,1789002785,topo,False,-37.91339986,145.1287149,1445.7807301641442,1071.1067456481978,1445.7807301641442,1071.1067456481978,1445.7825,1071.1071,1447.3034,1085.241,-93686025#0,0.21481358066859293,0.8299589844368208,0,12.364299967885017,7.063,6.936,,2.43,True,0,,False,1445.5672859571255,1071.1309622732686,-37.91339960325062,145.12871247857765,0.2148135806685929,0.2148135806685929,prox=1.000 head=0.500 conn=0.900 turn=1.000,,
2026-09-10T11:13:09.123,1789002789,topo,False,-37.91360087,145.128781,1452.0394960198319,1048.9183145891875,1452.0394960198319,1048.9183145891875,1452.0413,1048.9187,1444.0848,1058.4659,-93686025#0,0.5122783924054083,0.84976679764887,0,13.539300009142607,5.78,6.321,,2.2,True,0,,False,1451.9624915092413,1048.4118568351012,-37.91360541835421,145.12878000881773,0.5122783924054083,0.5122783924054083,prox=0.999 head=0.500 conn=1.000 turn=1.000,,
2026-09-10T11:13:13.198,1789002793,topo,False,-37.91362591,145.1290064,1471.910594708519,1046.5375220254064,1471.910594708519,1046.5375220254064,1471.908,1046.5379,1462.4795,1046.8128,-93686025#0,1.1455148892551739,0.8488352950938053,0,13.183099974412471,4.728,4.976,,2.13,True,0,,False,1471.738403543073,1045.4050227697564,-37.91363608066133,145.12900418362932,1.1455148892551739,1.1455148892551739,prox=0.997 head=0.500 conn=1.000 turn=1.000,,
2026-09-10T11:13:17.274,1789002797,topo,False,-37.91365192,145.1292407,1492.5662543004146,1044.0647488813847,1492.5662543004146,1044.0647488813847,1492.5657,1044.0646,1481.2166,1043.9639,-93686034#0,1.6861743440354606,0.8274806925138302,0,12.915499974042177,5.501,4.838,,2.09,True,0,,False,1492.3377851309826,1042.394124519925,-37.913666928038914,145.12923772094842,1.6861743440354606,1.6861743440354606,prox=0.994 head=0.500 conn=0.900 turn=1.000,,
2026-09-10T11:13:21.321,1789002802,topo,False,-37.91369232,145.1295618,1520.8846789167728,1040.1482653263956,1520.8846789167728,1040.1482653263956,1520.8828,1040.1479,1503.8422,1040.8208,-93686034#0,1.6346434642124694,0.8476318740345733,0,13.133900007233024,5.258,5.726,,2.12,True,0,,False,1520.6640600900957,1038.528578137952,-37.913706870614575,145.12955892189586,1.6346434642124694,1.6346434642124694,prox=0.994 head=0.500 conn=1.000 turn=1.000,,
2026-09-10T11:13:25.383,1789002806,topo,False,-37.91372781,145.1297511,1537.6053831346799,1036.5440448923036,1537.6053831346799,1036.5440448923036,1537.6064,1036.5439,1530.8535,1037.1407,-93686034#0,0.32010144774120325,0.8499089304247952,0,14.029499958269298,3.644,4.662,,2.09,True,0,,False,1537.5621808050194,1036.226872233397,-37.91373065935197,145.12975053640687,0.32010144774120325,0.32010144774120325,prox=1.000 head=0.500 conn=1.000 turn=1.000,,
2026-09-10T11:13:29.447,1789002810,topo,False,-37.91390565,145.1297756,1540.1551747717313,1016.8532341755927,1540.1551747717313,1016.8532341755927,1540.1524,1016.8532,1542.641,1029.1198,-46129059#4,3.996352026834894,0.8160526715065851,0,12.86340004298836,5.738,4.171,,2.15,True,0,,False,1542.12,1024.58,-37.91383640073622,145.12979970385717,7.972668830628111,7.972668830628111,prox=0.965 head=0.500 conn=0.900 turn=1.000,,
2026-09-10T11:13:33.520,1789002814,topo,False,-37.91414286,145.1297322,1536.867974193825,990.4546557944268,1536.867974193825,990.4546557944268,1536.8716,990.4545,1539.3133,1003.5652,-46129059#3,0.8800774896348479,0.8293121153714503,0,13.190499972552061,6.647,6.515,,3.12,True,0,,False,1537.7418947612332,990.3507364525179,-37.91414395409063,145.12974211324044,0.8800774896348479,0.8800774896348479,prox=0.998 head=0.500 conn=0.900 turn=1.000,,
2026-09-10T11:13:37.590,1789002818,topo,False,-37.91436913,145.1296823,1532.9850210599834,965.2585662314668,1532.9850210599834,965.2585662314668,1532.9855,965.259,1536.0605,976.9218,-46129059#2,4.13789233701515,0.8150662195139584,0,12.870999984443188,6.018,6.712,,5.37,True,0,,False,1535.42,972.19,-37.91430713027374,145.12971156856676,7.346692897208061,7.346692897208061,prox=0.963 head=0.500 conn=0.900 turn=1.000,,
2026-09-10T11:13:41.657,1789002822,topo,False,-37.91453851,145.1296554,1530.9973675226793,946.4158494984731,1530.9973675226793,946.4158494984731,1530.9949,946.4157,1533.2407,955.877,-46129059#1,0.9852264514205108,0.8291381110922351,0,12.60979997459799,4.832,4.863,,5.78,True,0,,False,1531.9741116768876,946.2868455535777,-37.91453984865237,145.12966647673457,0.9852264514205109,0.9852264514205109,prox=0.998 head=0.500 conn=0.900 turn=1.000,,
2026-09-10T11:13:45.727,1789002826,topo,False,-37.91469299,145.1296257,1528.730399124208,929.2215717695653,1528.730399124208,929.2215717695653,1528.7296,929.2213,1530.6235,936.061,-46129059#1,0.2775034512786503,0.849931554154069,0,12.281799979973584,3.552,5.043,,5.13,True,0,,False,1530.07,931.87,-37.91466937453565,145.12964153638643,2.9679458549956808,2.9679458549956808,prox=1.000 head=0.500 conn=1.000 turn=1.000,,
2026-09-10T11:13:55.923,1789002836,topo,False,-37.91480773,145.1297863,1543.1042968301335,916.7727357689291,1543.1042968301335,916.7727357689291,1543.1023,916.7732,1529.4079,920.6973,1011594504#2,10.794706556783586,0.7387458881480825,0,11.945999984163791,3.894,2.239,,3.78,True,0,,False,1544.4670125462978,927.4810827713374,-37.91471151318993,145.1298042380546,10.794706556783586,10.794706556783586,prox=0.772 head=0.500 conn=0.900 turn=1.000,,
2026-09-10T11:13:59.978,1789002840,topo,False,-37.91482579,145.1300133,1563.1001574634574,915.1690915776417,1563.1001574634574,915.1690915776417,1563.1038,915.1692,1552.5563,916.2127,-1011594504#2,7.8538794510110055,0.7787621862017451,0,11.819300008937716,5.271,4.84,,3.45,True,0,,False,1564.094295538151,922.9597983440049,-37.914755789277805,145.1300263812274,7.8538794510110055,7.8538794510110055,prox=0.872 head=0.500 conn=0.900 turn=1.000,,
2026-09-10T11:14:04.023,1789002844,topo,False,-37.91481665,145.1302638,1585.1013547416078,916.6250905906782,1585.1013547416078,916.6250905906782,1585.0992,916.6255,1573.1066,913.8136,-1011594504#2,4.6277750883189395,0.8314091808370906,0,11.902400001417845,5.627,5.179,,3.5,True,0,,False,1585.3995832196752,921.2432462878082,-37.91477510252891,145.13026824441872,4.6277750883189395,4.6277750883189395,prox=0.954 head=0.500 conn=1.000 turn=1.000,,
2026-09-10T11:14:08.099,1789002848,topo,False,-37.91483965,145.1305248,1608.0971473159152,914.533126858063,1608.0971473159152,914.533126858063,1608.0978,914.5333,1596.2883,913.1107,1011594504#3,6.657031010043348,0.6624854768470808,0,10.79640001989901,5.675,5.659,,3.66,True,0,,False,1608.8189588508674,921.1509097176535,-37.914780165963414,145.13053451672295,6.657031010043348,6.657031010043348,prox=0.906 head=0.500 conn=0.500 turn=0.500,,
2026-09-10T11:14:12.177,1789002852,topo,False,-37.91487065,145.1308049,1632.7898138247547,911.5870511345565,1632.7898138247547,911.5870511345565,1632.7903,911.5874,1620.1273,910.1799,1011594504#3,6.9083499401710196,0.8097496336206865,0,12.104000023100525,6.147,6.123,,3.84,True,0,,False,1633.5388754810363,918.4546712122071,-37.91480892026816,145.1308149833243,6.9083499401710196,6.9083499401710196,prox=0.899 head=0.500 conn=1.000 turn=1.000,,
2026-09-10T11:14:16.242,1789002856,topo,False,-37.91490605,145.1310839,1657.3955473083188,908.1507163606584,1657.3955473083188,908.1507163606584,1657.3944,908.1507,1644.8981,907.1345,1011594504#3,7.313799171416374,0.8051691643550628,0,13.142899959348142,6.19,6.236,,3.82,True,0,,False,1652.39,916.57,-37.91482930307132,145.13102890318928,9.794888506537594,9.794888506537594,prox=0.888 head=0.500 conn=1.000 turn=1.000,,
2026-09-10T11:14:20.318,1789002860,topo,False,-37.91493298,145.1313641,1682.08790592046,905.6562973391265,1682.08790592046,905.6562973391265,1682.0906,905.656,1669.5065,904.3116,52631734#0,6.154787522983929,0.7977059747709195,0,12.252299988176674,6.241,6.156,,3.91,True,0,,False,1666.01,914.84,-37.914847347372415,145.13118337711495,18.515924318015983,18.515924318015983,prox=0.919 head=0.500 conn=0.900 turn=1.000,,
2026-09-10T11:14:22.355,1789002863,topo,False,-37.91500275,145.1315679,1700.1592016597278,898.2734292047098,1700.1592016597278,898.2734292047098,1700.1604,898.2735,1682.4901,904.417,52631734#1,18.279315416608792,0.6203655064689193,0,11.917099996935576,6.321,6.241,,8.32,True,0,,False,1682.63,912.59,-37.91487061754439,145.13137184457477,22.632655835406457,22.632655835406457,prox=0.476 head=0.500 conn=0.900 turn=1.000,,
2026-09-10T11:14:26.431,1789002867,topo,False,-37.91503922,145.1318545,1725.4353529459331,894.731552763842,1725.4353529459331,894.731552763842,1725.4389,894.7319,1712.1656,896.5378,52631734#4,9.150355436637719,0.632088032667092,0,12.614699953701347,6.588,6.106,,8.03,True,0,,False,1726.59,904.55,-37.91495098166214,145.1318698667523,9.8861072191577,9.8861072191577,prox=0.830 head=0.500 conn=0.500 turn=0.500,,
2026-09-10T11:14:30.510,1789002871,topo,False,-37.9150792,145.1321567,1752.0906799626537,890.827594153583,1752.0906799626537,890.827594153583,1752.0871,890.8277,1739.1768,892.8574,668801471#1,9.836648164791772,0.7526096598780742,0,13.108399987686425,6.707,6.944,,6.52,True,0,,False,1753.5295653409612,900.5584346098846,-37.91499180210653,145.132175278426,9.836648164791772,9.836648164791772,prox=0.807 head=0.500 conn=0.900 turn=1.000,,
2026-09-10T11:14:34.594,1789002875,topo,False,-37.91511867,145.1324465,1777.65475958772,886.9583004182205,1777.65475958772,886.9583004182205,1777.6516,886.9583,1764.8384,889.3609,668801471#1,9.137951973426583,0.7822554755346661,0,12.475600000470877,6.442,6.387,,3.78,True,0,,False,1773.85,897.57,-37.91502239062149,145.13240565489673,11.273170074752237,11.273170074752237,prox=0.831 head=0.500 conn=1.000 turn=1.000,,
2026-09-10T11:14:38.674,1789002879,topo,False,-37.91516006,145.1327474,1804.1988792717457,882.8954234281555,1804.1988792717457,882.8954234281555,1804.1996,882.8951,1790.9332,884.8953,668801471#2,17.98387225762924,0.6249521587049954,0,12.520699994638562,6.578,6.651,,3.43,True,0,,False,1786.99,895.64,-37.915042148147805,145.1325546261386,21.414241938138407,21.414241938138407,prox=0.487 head=0.500 conn=0.900 turn=1.000,,
2026-09-10T11:14:42.722,1789002883,topo,False,-37.91520093,145.1330483,1830.7418124665273,878.8901631394401,1830.7418124665273,878.8901631394401,1830.7407,878.8899,1816.7836,881.0516,668801471#3,10.200794693768929,0.7474208575137091,0,11.755399988032877,7.003,6.52,,3.51,True,0,,False,1832.2270903705582,888.9822472617719,-37.915110286143886,145.13306748720365,10.200794693768927,10.200794693768927,prox=0.794 head=0.500 conn=0.900 turn=1.000,,
2026-09-10T11:14:46.780,1789002887,topo,False,-37.91524203,145.1333569,1857.962132000248,874.8728520609438,1857.962132000248,874.8728520609438,1857.959,874.8727,1844.3817,876.9461,-668801471#3,8.210938390857368,0.774344777431851,0,11.813299963250756,7.035,6.938,,3.57,True,0,,False,1859.157658884949,882.9962888168011,-37.915169067850826,145.1333723438673,8.210938390857368,8.210938390857368,prox=0.861 head=0.500 conn=0.900 turn=1.000,,
2026-09-10T11:14:50.837,1789002891,topo,False,-37.91528443,145.1336803,1886.4863731263904,870.7372486982495,1886.4863731263904,870.7372486982495,1886.4894,870.7375,1872.4041,872.7826,-668801471#3,8.149290775963493,0.7951174107346478,0,12.514200003352016,7.23,7.241,,6.1,True,0,,False,1887.6729240113366,878.7996948003104,-37.91521201559993,145.13369562761014,8.149290775963493,8.149290775963493,prox=0.863 head=0.500 conn=1.000 turn=1.000,,
2026-09-10T11:14:54.898,1789002895,topo,False,-37.91532473,145.1339939,1914.144400075893,866.8173260381445,1914.144400075893,866.8173260381445,1914.1438,866.8172,1900.2092,868.6514,-668801471#3,8.000383194332976,0.7969666618156376,0,11.856900004204363,6.995,7.079,,3.83,True,0,,False,1915.3092697584354,874.7324514243187,-37.91525363874176,145.1340089472468,8.000383194332976,8.000383194332976,prox=0.867 head=0.500 conn=1.000 turn=1.000,,
2026-09-10T11:14:58.977,1789002899,topo,False,-37.91530064,145.1343133,1942.169252472464,870.0525544108823,1942.169252472464,870.0525544108823,1942.17,870.0529,1928.0089,865.1862,-668801471#3,5.078670327059132,0.827717668828431,0,12.554700020700693,6.695,6.96,,2.78,True,0,,False,1940.8868386868849,874.9666471220048,-37.91525614143593,145.1342998364668,5.078670327059132,5.078670327059132,prox=0.944 head=0.500 conn=1.000 turn=1.000,,
2026-09-10T11:15:03.057,1789002903,topo,False,-37.91521102,145.134568,1964.360829511308,880.4453915683553,1964.360829511308,880.4453915683553,1964.364,880.4458,1954.704,875.4643,-668801471#3,12.389758331078557,0.7343881000858449,0,11.932499997783452,5.932,6.061,,2.34,True,0,,False,1949.61,878.69,-37.91522417345525,145.1343998726957,14.854910663815309,14.854910663815309,prox=0.711 head=0.500 conn=1.000 turn=1.000,,
2026-09-10T11:15:07.127,1789002907,topo,False,-37.91500731,145.1347309,1978.2289764134912,903.3366686599329,1978.2289764134912,903.3366686599329,1978.2326,903.3364,1974.7557,889.4029,139332152#2,1.4794797755487716,0.618059070602946,0,11.976100038737059,6.565,6.467,,2.18,True,0,,False,1976.7964971417618,903.7066193895222,-37.91500371915625,145.13471469588163,1.4794797755487719,1.4794797755487719,prox=0.995 head=0.500 conn=0.100 turn=0.500,,
2026-09-10T11:15:11.178,1789002911,topo,False,-37.91479097,145.1348145,1985.0978708844632,927.4899076353759,1985.0978708844632,927.4899076353759,1985.0935,927.4903,1981.64,916.0592,139332152#2,3.3163339922387554,0.8403424336986717,0,11.910400004126132,6.029,6.515,,2.09,True,0,,False,1982.43,925.52,-37.91480823448275,145.13478371627392,3.316333992238756,3.316333992238756,prox=0.976 head=0.500 conn=1.000 turn=1.000,,
2026-09-10T11:15:15.251,1789002915,topo,False,-37.9145978,145.134879,1990.339165820973,949.038480926305,1990.339165820973,949.038480926305,1990.3354,949.0379,1988.073,937.9145,139332152#3,2.2346648779880893,0.8255856700405989,0,12.278900016099215,5.696,5.564,,2.06,True,0,,False,1988.1,946.895,-37.91461670537134,145.13485305153122,3.0997377397527885,3.0997377397527885,prox=0.989 head=0.500 conn=0.900 turn=1.000,,
2026-09-10T11:15:19.323,1789002919,topo,False,-37.91439834,145.1348996,1991.7072422259953,971.2077961796895,1991.7072422259953,971.2077961796895,1991.7108,971.2079,1986.9757,960.4751,5322853#4,8.49054133858787,0.7707898869074032,0,10.972000018227845,5.237,5.831,,2.01,True,0,,False,1986.29,964.67,-37.914456257567764,145.13483651507065,8.49054133858787,8.49054133858787,prox=0.852 head=0.500 conn=0.900 turn=1.000,,
2026-09-10T11:15:23.400,1789002924,topo,False,-37.91442697,145.1351963,2017.8539356972906,968.5527473241091,2017.8539356972906,968.5527473241091,2017.8541,968.5525,2006.3065,975.6068,988996007#0,0.9271119288852206,0.6192366967477179,0,12.371200020425022,6.027,4.93,,2.01,True,0,,False,2017.5987000045866,967.661461023389,-37.91443495292606,145.13519319505397,0.9271119288852206,0.9271119288852206,prox=0.998 head=0.500 conn=0.100 turn=0.500,,
2026-09-10T11:15:27.451,1789002928,topo,False,-37.91448365,145.1354897,2043.7727649753797,962.7792446445674,2043.7727649753797,962.7792446445674,2043.7767,962.7789,2029.9739,964.3857,988996007#1,3.1826044978344603,0.8210970433093384,0,14.000399969518185,6.873,6.168,,2.0,True,0,,False,2035.15,962.59,-37.91448380092353,145.13539161067897,8.624841410491587,8.624841410491587,prox=0.978 head=0.500 conn=0.900 turn=1.000,,
2026-09-10T11:15:31.500,1789002932,topo,False,-37.91452732,145.1358309,2073.864808305283,958.5333589464426,2073.864808305283,958.5333589464426,2073.8621,958.5337,2059.9912,961.0589,630680457#1,6.3745740441577965,0.6654626610617995,0,12.672699987888336,7.593,7.43,,2.0,True,0,,False,2065.55,958.45,-37.91452657284761,145.13573633635488,8.315226146506987,8.315226146506987,prox=0.914 head=0.500 conn=0.500 turn=0.500,,
2026-09-10T11:15:35.553,1789002936,topo,False,-37.91457125,145.1361781,2104.484855159768,954.2690601758659,2104.484855159768,954.2690601758659,2104.4883,954.2687,2090.307,956.6327,46129091#1,0.5734356158672824,0.6197078148511577,0,13.192899990826845,7.664,7.751,,3.34,True,0,,False,2105.50308292458,954.0654146229014,-37.91457326790404,145.1361896316078,1.0383926484123915,1.0383926484123915,prox=0.999 head=0.500 conn=0.100 turn=0.500,,
2026-09-10T11:15:39.610,1789002940,topo,False,-37.91460415,145.1364187,2125.7091315541184,951.0412311879918,2125.7091315541184,951.0412311879918,2125.7095,951.0417,2116.8844,952.224,630680457#5,4.796845976991961,0.8100610169782925,0,14.154799981042743,4.682,6.347,,2.99,True,0,,False,2113.42,951.14,-37.91460104681283,145.1362789869822,12.289528454446542,12.289528454446542,prox=0.950 head=0.500 conn=0.900 turn=1.000,,
2026-09-10T11:15:45.714,1789002946,topo,False,-37.91448689,145.1365876,2140.297092192108,964.3498376784846,2140.297092192108,964.3498376784846,2140.2992,964.3499,2137.053,954.5584,-630680455#1,1.3081859057546068,0.6984816885761387,0,12.209200009237975,4.615,3.359,,3.25,True,0,,False,2139.013138029427,964.6004610456105,-37.91448440109169,145.13657305759344,1.3081859057546068,1.3081859057546068,prox=0.996 head=0.500 conn=0.500 turn=0.500,,
2026-09-10T11:15:49.760,1789002950,topo,False,-37.91429204,145.136628,2143.416440633533,986.0423632161692,2143.416440633533,986.0423632161692,2143.4124,986.0427,2141.1022,975.3026,-630680455#0,0.07427535309144818,0.8299950961828801,0,12.611899990588427,5.437,5.361,,3.37,True,0,,False,2143.343930813322,986.0584614784922,-37.914291881924726,145.13662717917856,0.07427535309144818,0.07427535309144818,prox=1.000 head=0.500 conn=0.900 turn=1.000,,
2026-09-10T11:15:53.822,1789002954,topo,False,-37.91408497,145.1366831,2147.800996345177,1009.1167119611055,2147.800996345177,1009.1167119611055,2147.8052,1009.1167,2145.875,997.5074,-10585186,0.5607655721082274,0.8297205793942181,0,12.452700000721961,5.865,5.808,,3.45,True,0,,False,2148.349199192683,1008.9986794874046,-37.914086131986856,145.13668930655365,0.5607655721082274,0.5607655721082274,prox=0.999 head=0.500 conn=0.900 turn=1.000,,
2026-09-10T11:15:57.866,1789002958,topo,False,-37.91389341,145.1367446,2152.782618137193,1030.4812372541055,2152.782618137193,1030.4812372541055,2152.7823,1030.4818,2150.8807,1020.7561,-10585186,0.760500879575361,0.8494862310417924,0,12.099999992642552,4.945,5.956,,3.54,True,0,,False,2152.52,1028.37,-37.91391238127187,145.13674113401214,2.127508173687263,2.127508173687263,prox=0.999 head=0.500 conn=1.000 turn=1.000,,
2026-09-10T11:16:01.940,1789002962,topo,False,-37.9137548,145.1368011,2157.442159980128,1045.961377395317,2157.442159980128,1045.961377395317,2157.4425,1045.9611,2154.6299,1039.001,10585197#1,3.021321859585338,0.8219676243267341,0,11.779099993873388,3.937,4.217,,3.58,True,0,,False,2160.82,1046.41,-37.913751366926306,145.13683960978673,3.4075013486838546,3.4075013486838546,prox=0.980 head=0.500 conn=0.900 turn=1.000,,
2026-09-10T11:16:08.006,1789002968,topo,False,-37.91354374,145.1368144,2158.143236233329,1069.4050115970895,2158.143236233329,1069.4050115970895,2158.1433,1069.4047,2158.2634,1059.3592,10585197#1,1.9162481937550073,0.8467492746760575,0,12.014899984933436,4.784,3.404,,3.73,True,0,,False,2156.234699216287,1069.5767485897559,-37.91354184928574,145.13679273802342,1.9162481937550073,1.9162481937550073,prox=0.992 head=0.500 conn=1.000 turn=1.000,,
2026-09-10T11:16:12.082,1789002972,topo,False,-37.91335199,145.1368339,2159.43220640457,1090.7168066175655,2159.43220640457,1090.7168066175655,2159.4317,1090.7172,2157.1914,1080.2091,10585197#1,1.2900368797014277,0.8485234474060664,0,11.678500042762607,5.276,5.108,,4.09,True,0,,False,2158.1473607638627,1090.8324216275996,-37.91335071715661,145.13681931698434,1.2900368797014277,1.2900368797014277,prox=0.996 head=0.500 conn=1.000 turn=1.000,,
2026-09-10T11:16:18.191,1789002978,topo,False,-37.91318598,145.1368825,2163.3365244021406,1109.2234976654872,2163.3365244021406,1109.2234976654872,2163.3337,1109.2237,2160.1958,1105.7577,10585197#1,2.38742234425199,0.8449654754746211,0,12.31970003573224,2.348,3.075,,4.35,True,0,,False,2160.9969416533418,1109.6990373708288,-37.913181274954205,145.13685600599334,2.38742234425199,2.38742234425199,prox=0.987 head=0.500 conn=1.000 turn=1.000,,
2026-09-10T11:16:24.307,1789002984,topo,False,-37.91302047,145.1369802,2171.5584715540754,1127.7609779788181,2171.5584715540754,1127.7609779788181,2171.5594,1127.7615,2167.659,1118.4433,10585197#1,5.314786842071268,0.825663398885682,0,11.565799999516457,4.732,3.474,,4.59,True,0,,False,2166.4560955701386,1129.248498901427,-37.913006151346046,145.1369225219308,5.3147868420712685,5.3147868420712685,prox=0.939 head=0.500 conn=1.000 turn=1.000,,
2026-09-10T11:16:26.331,1789002987,topo,False,-37.91288549,145.1370614,2178.3976081068395,1142.8816982014105,2178.3976081068395,1142.8816982014105,2178.3952,1142.8814,2170.5047,1128.0732,446272714,1.901501951876306,0.8267989132904244,0,11.270199960563332,5.583,4.732,,4.75,True,0,,False,2176.45,1141.52,-37.91289740588073,145.13703894547865,2.376425746694413,2.376425746694413,prox=0.992 head=0.500 conn=0.900 turn=1.000,,
2026-09-10T11:16:30.389,1789002991,topo,False,-37.91267671,145.1371537,2186.0489422114915,1166.211125335656,2186.0489422114915,1166.211125335656,2186.0507,1166.2107,2185.5341,1153.6442,116895895#9,0.620796880130997,0.82965757885666,0,11.863899999298155,6.279,5.994,,4.72,True,0,,False,2185.4281674223594,1166.2058882030144,-37.91267664541963,145.1371466403749,0.620796880130997,0.620796880130997,prox=0.999 head=0.500 conn=0.900 turn=1.000,,
2026-09-10T11:16:34.443,1789002995,topo,False,-37.91246505,145.1372386,2193.04338115477,1189.8471214342862,2193.04338115477,1189.8471214342862,2193.0445,1189.847,2187.8958,1178.89,116895895#10,0.7498427574393608,0.829500521742777,0,11.433999985456467,5.909,6.314,,4.77,True,0,,False,2192.3759707817385,1190.1889218948684,-37.91246185082528,145.13723108898822,0.7498427574393608,0.7498427574393608,prox=0.999 head=0.500 conn=0.900 turn=1.000,,
2026-09-10T11:16:38.491,1789002999,topo,False,-37.91226741,145.1373101,2198.890914696036,1211.9038405381143,2198.890914696036,1211.9038405381143,2198.8932,1211.9043,2197.7147,1200.9473,116895895#11,7.382639460402049,0.7843715564992573,0,12.831400032155216,5.206,5.944,,5.03,True,0,,False,2198.49,1202.95,-37.912347996352345,145.1373035070389,8.96281166685299,8.96281166685299,prox=0.886 head=0.500 conn=0.900 turn=1.000,,
2026-09-10T11:16:42.575,1789003003,topo,False,-37.91210553,145.1373952,2206.013398872805,1230.0163394510746,2206.013398872805,1230.0163394510746,2206.0158,1230.0166,2204.548,1218.9232,116895895#12,1.9561631929763088,0.8266130214929016,0,12.64249999076128,5.314,4.558,,4.79,True,0,,False,2207.8802677049184,1229.4320662262576,-37.91211112932668,145.13741629407005,1.9561631929763088,1.9561631929763088,prox=0.992 head=0.500 conn=0.900 turn=1.000,,
2026-09-10T11:16:46.635,1789003007,topo,False,-37.91190733,145.1374746,2212.554280218552,1252.149063535966,2212.554280218552,1252.149063535966,2212.5573,1252.1493,2211.28,1240.2948,116895895#12,2.276063500635236,0.8454215466432219,0,12.027299962937832,5.633,5.572,,4.7,True,0,,False,2214.7493530060606,1251.5472990334713,-37.911913145951715,145.13749942180735,2.276063500635236,2.276063500635236,prox=0.989 head=0.500 conn=1.000 turn=1.000,,
2026-09-10T11:16:50.705,1789003011,topo,False,-37.91172515,145.1375549,2219.2098414319917,1272.5057035991922,2219.2098414319917,1272.5057035991922,2219.2088,1272.5054,2217.6924,1262.2828,116895895#12,0.8436862764903447,0.8493677832312828,0,12.42029998684302,5.136,5.467,,4.67,True,0,,False,2220.0361077157536,1272.3351440452047,-37.91172683516166,145.1375642560819,0.8436862764903447,0.8436862764903447,prox=0.998 head=0.500 conn=1.000 turn=1.000,,
2026-09-10T11:16:54.770,1789003015,topo,False,-37.91154249,145.1375905,2221.934611574572,1292.8370851250365,2221.934611574572,1292.8370851250365,2221.9317,1292.837,2222.2685,1283.15,116895895#12,1.4488209094202515,0.8481384942987819,0,11.668599967379123,4.682,5.331,,4.74,True,0,,False,2223.374641217464,1292.6777218445566,-37.91154418476521,145.13760683721065,1.4488209094202515,1.4488209094202515,prox=0.995 head=0.500 conn=1.000 turn=1.000,,
2026-09-10T11:17:04.963,1789003025,topo,False,-37.91174897,145.1375519,2218.9989109487506,1269.857249907218,2218.9989109487506,1269.857249907218,2218.9989,1269.8572,2223.7493,1280.4204,116895895#12,0.5148503789877403,0.8497644507924201,0,12.230799999088049,5.462,4.381,,4.65,True,0,,False,2219.5031309665387,1269.7531677934542,-37.911749998351866,145.137557609449,0.5148503789877403,0.5148503789877403,prox=0.999 head=0.500 conn=1.000 turn=1.000,,
2026-09-10T11:17:09.046,1789003029,topo,False,-37.91191202,145.1372751,2195.025889440323,1251.2781746890396,2195.025889440323,1251.2781746890396,2195.0292,1251.278,2218.475,1257.587,48114467,7.012430046923281,0.6585932014137724,0,12.503200036007911,6.107,5.891,,19.14,True,0,,False,2201.674271505595,1249.0481094260556,-37.91193330578949,145.13735018706322,7.012430046923281,7.012430046923281,prox=0.896 head=0.500 conn=0.500 turn=0.500,,
2026-09-10T11:17:13.117,1789003033,topo,False,-37.9120798,145.1372121,2189.859379756148,1232.5498005431145,2189.859379756148,1232.5498005431145,2189.8565,1232.5493,2200.5485,1238.7232,48114467,7.311178255797994,0.8051994188202082,0,11.946000042371452,4.379,5.485,,20.18,True,0,,False,2197.126802785514,1231.7511203816644,-37.912088302979654,145.1372945511089,7.311178255797994,7.311178255797994,prox=0.888 head=0.500 conn=1.000 turn=1.000,,
2026-09-10T11:17:17.171,1789003037,topo,False,-37.91222878,145.1373532,2202.5943215102307,1216.266131487675,2202.5943215102307,1216.266131487675,2202.5915,1216.2662,2198.364,1224.7212,48114467,6.346476829818024,0.8157530561320449,0,11.786999995820224,3.074,3.668,,4.38,True,0,,False,2196.253197095877,1216.0055373336606,-37.9122299860238,145.13728104032964,6.346476829818025,6.346476829818025,prox=0.914 head=0.500 conn=1.000 turn=1.000,,
2026-09-10T11:17:25.314,1789003045,topo,False,-37.91204765,145.1372977,2197.313488099491,1236.267706796527,2197.313488099491,1236.267706796527,2197.3169,1236.2682,2196.6995,1227.8634,48114467,0.5398706580118079,0.8497410080356952,0,11.961199983488768,4.206,3.393,,4.29,True,0,,False,2197.8371980808774,1236.1366030865163,-37.91204892529066,145.13730362493433,0.5398706580118079,0.5398706580118079,prox=0.999 head=0.500 conn=1.000 turn=1.000,,
2026-09-10T11:17:29.402,1789003050,topo,False,-37.91185142,145.1373794,2204.0609224210493,1258.1858777711168,2204.0609224210493,1258.1858777711168,2204.0645,1258.1859,2201.6613,1249.0093,48114467,0.3291391787140224,0.8499037159466095,0,11.858400015626103,4.64,4.462,,4.23,True,0,,False,2204.3774321365872,1258.0955771679369,-37.91185229042437,145.13738297827442,0.3291391787140224,0.3291391787140224,prox=1.000 head=0.500 conn=1.000 turn=1.000,,
2026-09-10T11:17:35.492,1789003056,topo,False,-37.91163337,145.1374264,2207.7093993872404,1282.4643401661888,2207.7093993872404,1282.4643401661888,2207.7133,1282.4643,2208.2895,1271.8076,48114467,3.48154842970449,0.8393694332202143,0,11.579099984373897,4.789,3.593,,4.32,True,0,,False,2211.057356647821,1281.5091639260618,-37.91164257709926,145.13746424995435,3.4815484297044894,3.4815484297044894,prox=0.973 head=0.500 conn=1.000 turn=1.000,,
2026-09-10T11:17:39.548,1789003060,topo,False,-37.91148798,145.1374263,2207.378243017185,1298.597352148965,2207.378243017185,1298.597352148965,2207.3809,1298.597,2213.7373,1290.9027,48114467,4.362081515620157,0.8334390383051903,0,11.36110001243651,3.301,4.687,,4.64,True,0,,False,2211.427038518966,1300.220623578416,-37.911474085912246,145.13747270433032,4.362081515620157,4.362081515620157,prox=0.959 head=0.500 conn=1.000 turn=1.000,,
2026-09-10T11:17:47.650,1789003068,topo,False,-37.91138663,145.1372871,2194.9158474408905,1309.5991100165993,2194.9158474408905,1309.5991100165993,2194.9182,1309.5987,2198.282,1307.827,605959218#0,4.607952265623255,0.8115643850752419,0,11.687899997923523,2.011,2.482,,4.51,True,0,,False,2203.01,1311.02,-37.911375287253016,145.13737945468338,8.2179215130756,8.2179215130756,prox=0.954 head=0.500 conn=0.900 turn=1.000,,
2026-09-10T11:17:57.825,1789003078,topo,False,-37.91134464,145.1370774,2176.387087056297,1313.8901082389057,2176.387087056297,1313.8901082389057,2176.3888,1313.8903,2183.3627,1309.1981,-36667189#3,1.0626127119300295,0.8289975730434181,0,11.358599993400276,4.036,2.259,,4.29,True,0,,False,2177.33,1310.92,-37.91137156526107,145.1370874461629,3.1161880190735682,3.1161880190735682,prox=0.997 head=0.500 conn=0.900 turn=1.000,,
2026-09-10T11:18:01.902,1789003082,topo,False,-37.91130627,145.1368718,2158.226783299935,1317.7865766398609,2158.226783299935,1317.7865766398609,2158.2283,1317.7862,2167.7124,1316.8964,-36667189#2,7.630972951502452,0.7814476131800785,0,11.314800009131432,4.657,4.673,,4.14,True,0,,False,2167.83,1313.55,-37.91134616320015,145.13698002728302,10.496206582085746,10.496206582085746,prox=0.879 head=0.500 conn=0.900 turn=1.000,,
2026-09-10T11:18:05.951,1789003086,topo,False,-37.91127395,145.1366921,2142.3568655740237,1321.057183144614,2142.3568655740237,1321.057183144614,2142.357,1321.0569,2149.4315,1318.6005,-36667189#1,1.2577411724410201,0.828596323898624,0,12.306699994951487,3.742,4.401,,4.08,True,0,,False,2142.158698717865,1319.8151514405206,-37.9112851028588,145.1366895645242,1.2577411724410201,1.2577411724410201,prox=0.996 head=0.500 conn=0.900 turn=1.000,,
2026-09-10T11:18:12.052,1789003092,topo,False,-37.91115708,145.1365258,2127.4774314151146,1333.7333933636546,2127.4774314151146,1333.7333933636546,2127.4801,1333.7334,2131.2306,1324.8053,-36667189#0,10.287987808442141,0.7461632083378144,0,11.518199986312538,4.503,3.283,,4.07,True,0,,False,2132.94,1321.13,-37.91127159832052,145.1365850454311,13.736272413707745,13.736272413707745,prox=0.790 head=0.500 conn=0.900 turn=1.000,,
2026-09-10T11:18:16.106,1789003096,topo,False,-37.91093089,145.1365584,2129.841702457983,1358.8898404296488,2129.841702457983,1358.8898404296488,2129.8449,1358.8904,2128.812,1346.1144,-73530943#5,0.7974104685527703,0.82943518718236,0,11.428800004068762,6.357,5.813,,4.09,True,0,,False,2130.6310095771687,1358.776448512122,-37.91093205360152,145.13656734872066,0.7974104685527702,0.7974104685527702,prox=0.999 head=0.500 conn=0.900 turn=1.000,,
2026-09-10T11:18:20.184,1789003100,topo,False,-37.9107039,145.1366066,2133.5756958840648,1384.162473113276,2133.5756958840648,1384.162473113276,2133.5728,1384.1629,2132.4604,1371.5106,-73530943#5,0.6966806964328819,0.8495687979259529,0,12.060899985954165,6.279,6.412,,3.93,True,0,,False,2134.265283273619,1384.0633104945628,-37.910704917459135,145.13661441810936,0.6966806964328819,0.6966806964328819,prox=0.999 head=0.500 conn=1.000 turn=1.000,,
2026-09-10T11:18:24.250,1789003104,topo,False,-37.91049437,145.1366436,2136.3637932935962,1407.4779726825655,2136.3637932935962,1407.4779726825655,2136.3599,1407.4778,2136.0101,1396.197,-73530943#5,1.2680170706032725,0.8485733349123133,0,12.813300010748208,5.598,6.209,,4.11,True,0,,False,2137.6185014183097,1407.2947383704968,-37.910496246556285,145.1366578244169,1.2680170706032725,1.2680170706032725,prox=0.996 head=0.500 conn=1.000 turn=1.000,,
2026-09-10T11:18:28.329,1789003108,topo,False,-37.91039415,145.1368098,2150.7530574504635,1418.8909376459196,2150.7530574504635,1418.8909376459196,2150.7514,1418.8907,2140.3501,1416.5415,36667190#0,2.633561047605612,0.8238822494431168,0,11.796900012996048,4.968,4.905,,4.05,True,0,,False,2147.41,1418.08,-37.91040085320257,145.13677160510713,3.440007700960924,3.440007700960924,prox=0.985 head=0.500 conn=0.900 turn=1.000,,
2026-09-10T11:18:30.359,1789003111,topo,False,-37.9103919,145.1370249,2169.6587016338017,1419.5185645483434,2169.6587016338017,1419.5185645483434,2169.6619,1419.5186,2150.6417,1417.765,36667190#1,0.49439579039358045,0.8297827903763321,0,11.614700022619218,6.228,0.0,,4.0,True,0,,False,2169.7973965270985,1419.044021690287,-37.91039619977565,145.1370263691309,0.49439579039358045,0.49439579039358045,prox=0.999 head=0.500 conn=0.900 turn=1.000,,
2026-09-10T11:18:34.434,1789003115,topo,False,-37.91038367,145.1373464,2197.9053012342774,1420.9966372838244,2197.9053012342774,1420.9966372838244,2197.9029,1420.9968,2183.3423,1421.6277,36667190#1,0.5045286145139181,0.84977379809626,0,11.84260001173243,7.2,6.782,,4.19,True,0,,False,2197.8453223083675,1420.495686536435,-37.910388171899776,145.13734560422614,0.5045286145139181,0.5045286145139181,prox=0.999 head=0.500 conn=1.000 turn=1.000,,
2026-09-10T11:18:38.501,1789003119,topo,False,-37.91040063,145.1376218,2222.1548435922596,1419.598435533233,2222.1548435922596,1419.598435533233,2222.1518,1419.5988,2210.894,1418.9248,36667190#1,1.6884687991045253,0.847473853283978,0,10.824900004081428,5.75,6.544,,3.6,True,0,,False,2222.5371005193947,1417.9538059314057,-37.91041551405484,145.1376257726742,1.6884687991045253,1.6884687991045253,prox=0.994 head=0.500 conn=1.000 turn=1.000,,
2026-09-10T11:18:42.574,1789003123,topo,False,-37.9103211,145.1378638,2243.2541102661053,1428.8485061228275,2243.2541102661053,1428.8485061228275,2243.2528,1428.8485,2233.8948,1421.0889,36667190#1,1.2114085582822725,0.8486976707386956,0,11.107300000730902,5.903,5.646,,3.02,True,0,,False,2244.017648330502,1427.9080167186892,-37.910329709577766,145.13787226781986,1.2114085582822725,1.2114085582822725,prox=0.997 head=0.500 conn=1.000 turn=1.000,,
2026-09-10T11:18:46.649,1789003127,topo,False,-37.91019201,145.1380918,2263.0127584846923,1443.5733558163047,2263.0127584846923,1443.5733558163047,2263.011,1443.573,2253.7651,1435.614,36667190#1,1.0974337550961693,0.848930888325696,0,12.73000001674518,6.059,6.219,,2.69,True,0,,False,2263.59,1442.64,-37.91020052178064,145.13809815126336,1.0974337550961693,1.0974337550961693,prox=0.997 head=0.500 conn=1.000 turn=1.000,,
2026-09-10T11:18:50.710,1789003131,topo,False,-37.91010712,145.1382871,2279.9945798805566,1453.3360933270305,2279.9945798805566,1453.3360933270305,2279.9978,1453.3359,2272.4813,1448.5811,36667190#2,1.487077986567244,0.8280391322952633,0,12.041700014378875,4.592,5.423,,2.21,True,0,,False,2273.35,1449.14,-37.910143724085756,145.13821059841862,7.858602992787432,7.858602992787432,prox=0.995 head=0.500 conn=0.900 turn=1.000,,
2026-09-10T11:18:56.814,1789003137,topo,False,-37.91001599,145.1384705,2295.916413283092,1463.7703228304163,2295.916413283092,1463.7703228304163,2295.9199,1463.7705,2294.25,1456.059,146181190,4.719724114366004,0.810681390111391,0,11.857000004965812,3.052,3.413,,2.09,True,0,,False,2299.0167042740045,1460.211672596494,-37.9100486049905,145.13850494220426,4.719724114366004,4.719724114366004,prox=0.952 head=0.500 conn=0.900 turn=1.000,,
2026-09-10T11:19:02.928,1789003143,topo,False,-37.90990074,145.138614,2308.2769909863127,1476.810948307626,2308.2769909863127,1476.810948307626,2308.2776,1476.8106,2309.7219,1469.538,299173860#1,1.5107956136406997,0.8279762449153769,0,11.314400006085634,2.704,3.291,,2.07,True,0,,False,2307.3003309793403,1475.6582824336726,-37.90991094784638,145.13860263373167,1.5107956136406997,1.5107956136406997,prox=0.995 head=0.500 conn=0.900 turn=1.000,,
2026-09-10T11:19:06.998,1789003147,topo,False,-37.90977808,145.1384862,2296.7695100920973,1490.1975364536047,2296.7695100920973,1490.1975364536047,2296.771,1490.1976,2301.4613,1482.8218,146181188#2,0.12453778013790175,0.8299862138743045,0,11.887800006661564,4.323,3.917,,2.06,True,0,,False,2296.663100283582,1490.1328324248784,-37.90977864372939,145.13848497543728,0.12453778013790173,0.12453778013790173,prox=1.000 head=0.500 conn=0.900 turn=1.000,,
2026-09-10T11:19:11.043,1789003151,topo,False,-37.90963069,145.1384246,2291.0272579728044,1506.444498614408,2291.0272579728044,1506.444498614408,2291.0262,1506.4442,2292.507,1498.2213,146181188#1,1.403757026161458,0.8282522438835744,0,12.63820001622662,4.299,4.611,,2.05,True,0,,False,2292.1,1503.91,-37.9096537144266,145.13843622150367,2.7521734471772756,2.7521734471772756,prox=0.996 head=0.500 conn=0.900 turn=1.000,,
2026-09-10T11:19:15.074,1789003155,topo,False,-37.90945818,145.1384667,2294.3462746206205,1525.6609592214227,2294.3462746206205,1525.6609592214227,2294.3487,1525.6611,2293.6713,1515.5387,146181188#0,0.6736468542555966,0.8295968254710971,0,11.186700023245066,4.958,4.607,,2.04,True,0,,False,2294.98,1525.32,-37.9094613654531,145.1384738279652,0.7196256298540719,0.7196256298540719,prox=0.999 head=0.500 conn=0.900 turn=1.000,,
2026-09-10T11:19:19.143,1789003159,topo,False,-37.9092812,145.1384565,2293.0573538405006,1545.2816112712026,2293.0573538405006,1545.2816112712026,2293.0598,1545.2814,2294.8161,1535.3028,-46410623#1,1.6929587028142894,0.8274604433749104,0,12.015299987979233,5.15,4.772,,2.03,True,0,,False,2291.5031028122394,1544.6104831831422,-37.909286966108056,145.13843867601946,1.6929587028142894,1.6929587028142894,prox=0.994 head=0.500 conn=0.900 turn=1.000,,
2026-09-10T11:19:23.202,1789003163,topo,False,-37.90908129,145.1383568,2283.849039911118,1567.2895519658923,2283.849039911118,1567.2895519658923,2283.8497,1567.2897,2286.8563,1555.3719,-46410623#1,1.1470133487146226,0.8488322504316826,0,11.911599955055863,6.03,5.748,,2.03,True,0,,False,2282.7091637007684,1567.1617949809215,-37.90908223580659,145.1383438108063,1.1470133487146223,1.1470133487146223,prox=0.997 head=0.500 conn=1.000 turn=1.000,,
2026-09-10T11:19:27.274,1789003167,topo,False,-37.90888206,145.1384091,2288.00562150951,1589.4889022009447,2288.00562150951,1589.4889022009447,2288.0098,1589.4886,2283.4242,1578.9584,-46410623#1,2.5229179369560226,0.8443819465815631,0,11.47650001803413,5.746,5.826,,2.02,True,0,,False,2285.5275667191627,1589.9625680880958,-37.908877347302074,145.1383810325916,2.5229179369560226,2.5229179369560226,prox=0.986 head=0.500 conn=1.000 turn=1.000,,
2026-09-10T11:19:31.355,1789003172,topo,False,-37.90865127,145.1385842,2302.8885788136977,1615.4058837685734,2302.8885788136977,1615.4058837685734,2302.8895,1615.4064,2291.7477,1601.1164,-46410623#1,1.0418297780123127,0.8490363543792204,0,11.70460000867024,5.883,5.819,,2.02,True,0,,False,2303.668611424344,1614.715262010531,-37.90865763161663,145.13859291198838,1.0418297780123127,1.0418297780123127,prox=0.998 head=0.500 conn=1.000 turn=1.000,,
2026-09-10T11:19:35.412,1789003176,topo,False,-37.90851555,145.1387505,2317.2085859890794,1630.7579604825005,2317.2085859890794,1630.7579604825005,2317.2066,1630.758,2310.8808,1622.8612,-46410623#1,0.49702449053718245,0.8497804750662058,0,11.647099978290498,5.064,5.419,,2.01,True,0,,False,2317.5807152169928,1630.4284863834785,-37.90851858492309,145.1387546562174,0.49702449053718245,0.49702449053718245,prox=0.999 head=0.500 conn=1.000 turn=1.000,,
2026-09-10T11:19:39.492,1789003180,topo,False,-37.90839376,145.138909,2330.8737471201457,1644.550579429604,2330.8737471201457,1644.550579429604,2330.8759,1644.5504,2324.7162,1637.8742,-46410623#0,0.23945503446547983,0.8299490355016402,0,11.868300032801926,4.663,5.045,,2.02,True,0,,False,2330.6996671170937,1644.715002256694,-37.90839224752712,145.13890705808168,0.23945503446547983,0.23945503446547983,prox=1.000 head=0.500 conn=0.900 turn=1.000,,
2026-09-10T11:19:43.565,1789003184,topo,False,-37.9082956,145.1390466,2342.753811431583,1655.6843941519037,2342.753811431583,1655.6843941519037,2342.7542,1655.6839,2336.6949,1651.0623,-46410623#0,3.2050283195126563,0.8409725768093509,0,11.948200000915676,3.835,4.444,,2.02,True,0,,False,2337.93,1652.37,-37.90832458949964,145.13899100241701,5.852722898074594,5.852722898074594,prox=0.977 head=0.500 conn=1.000 turn=1.000,,
2026-09-10T11:19:49.683,1789003190,topo,False,-37.90813547,145.1388769,2327.4793796770973,1673.1553421178833,2327.4793796770973,1673.1553421178833,2327.4817,1673.1556,2337.0061,1666.7993,46410626#2,0.2758319951948485,0.699932376126148,0,10.871100006625056,5.193,4.285,,2.05,True,0,,False,2327.300141584289,1672.9456828808827,-37.90813732643289,145.1388748145307,0.2758319951948486,0.2758319951948486,prox=1.000 head=0.500 conn=0.500 turn=0.500,,
2026-09-10T11:19:53.753,1789003194,topo,False,-37.90805319,145.1386823,2310.1881978353485,1681.9439420886338,2310.1881978353485,1681.9439420886338,2310.1909,1681.9439,2321.0022,1679.8716,46410626#2,4.102599207183923,0.8353151663138488,0,11.660000018309802,4.599,5.208,,2.05,True,0,,False,2311.9835299425217,1685.6328583088452,-37.908020282145685,145.13870354973588,4.102599207183923,4.102599207183923,prox=0.963 head=0.500 conn=1.000 turn=1.000,,
2026-09-10T11:19:57.818,1789003198,topo,False,-37.90790009,145.1386052,2303.0704784256523,1698.7973118051887,2303.0704784256523,1698.7973118051887,2303.0737,1698.797,2306.7862,1689.3603,46410626#1,0.7664827479652132,0.8294781222503984,0,11.803800007328391,4.588,3.991,,2.04,True,0,,False,2302.3408546741002,1698.5624821134982,-37.907902074172405,145.138596851131,0.7664827479652132,0.7664827479652132,prox=0.999 head=0.500 conn=0.900 turn=1.000,,
2026-09-10T11:20:01.898,1789003202,topo,False,-37.90772029,145.1384638,2290.2403985547717,1718.5005525471643,2290.2403985547717,1718.5005525471643,2290.2435,1718.5002,2296.7701,1707.4069,46410626#0,1.2815065888898731,0.828542874581281,0,12.9002999747172,5.978,5.421,,2.03,True,0,,False,2289.1868291044143,1717.7709975111034,-37.9077266725111,145.13845165569114,1.2815065888898731,1.2815065888898731,prox=0.996 head=0.500 conn=0.900 turn=1.000,,
2026-09-10T11:20:05.966,1789003206,topo,False,-37.90760563,145.1383182,2277.18534896028,1730.9681518496946,2277.18534896028,1730.9681518496946,2277.1818,1730.9685,2282.8327,1724.7321,46410626#0,3.0934054388601115,0.8415838831147663,0,12.816399976145476,4.307,4.935,,2.02,True,0,,False,2276.1901210932238,1728.0392136970863,-37.90763183563355,145.13830621964004,3.0934054388601115,3.0934054388601115,prox=0.979 head=0.500 conn=1.000 turn=1.000,,
2026-09-10T11:20:10.039,1789003210,topo,False,-37.90759571,145.1381219,2259.9048933709273,1731.7242507748306,2259.9048933709273,1731.7242507748306,2259.9015,1731.7239,2268.0068,1729.2435,46410626#0,1.8497910383776757,0.846969999405751,0,11.04389998363331,4.189,4.325,,2.02,True,0,,False,2259.7625078185206,1729.8799478604133,-37.907612298363524,145.13811986233728,1.8497910383776757,1.8497910383776757,prox=0.992 head=0.500 conn=1.000 turn=1.000,,
2026-09-10T11:20:24.294,1789003224,topo,False,-37.90746386,145.1379608,2245.4489310539793,1746.0720699038357,2245.4489310539793,1746.0720699038357,2245.4484,1746.0726,2252.6388,1742.0403,115936847,10.532135308204674,0.7426119373479261,0,11.776499974075705,3.358,0.934,,2.02,True,0,,False,2250.937085150722,1737.0828519867564,-37.90754582477903,145.13802115659558,10.532135308204674,10.532135308204674,prox=0.782 head=0.500 conn=0.900 turn=1.000,,
2026-09-10T11:20:28.361,1789003229,topo,False,-37.90741715,145.1376664,2219.4620252755703,1750.7382044531405,2219.4620252755703,1750.7382044531405,2219.4604,1750.7381,2230.8117,1749.0708,310292416#2,2.7528594199680123,0.8233201946952884,0,14.333700004499406,5.616,4.973,,2.18,True,0,,False,2219.6007712364926,1747.9888437011775,-37.90744194195024,145.13766735301752,2.7528594199680123,2.7528594199680123,prox=0.983 head=0.500 conn=0.900 turn=1.000,,
2026-09-10T11:20:32.414,1789003233,topo,False,-37.9074336,145.1374265,2198.406706960057,1748.4914540946484,2198.406706960057,1748.4914540946484,2198.4108,1748.4912,2208.136,1749.4069,310292416#2,2.6373844728631495,0.8438646099824157,0,11.895300005562603,4.564,5.795,,2.5,True,0,,False,2198.9804679871563,1745.9172367103777,-37.90745689250634,145.13743243865315,2.6373844728631495,2.6373844728631495,prox=0.985 head=0.500 conn=1.000 turn=1.000,,
2026-09-10T11:20:40.544,1789003241,topo,False,-37.90744229,145.1372302,2181.1674619233236,1747.1823327587917,2181.1674619233236,1747.1823327587917,2181.1632,1747.1817,2184.2719,1745.4977,310292416#2,3.900327059697324,0.8367037429733665,0,11.787199997343123,1.548,2.05,,3.26,True,0,,False,2181.4462775079664,1743.2919840543223,-37.90747738548648,145.13723248618754,3.900327059697324,3.900327059697324,prox=0.967 head=0.500 conn=1.000 turn=1.000,,
2026-09-10T11:20:46.653,1789003247,topo,False,-37.90761376,145.1371555,2174.98011955939,1728.0239575505257,2174.98011955939,1728.0239575505257,2174.9836,1728.0246,2176.721,1736.9011,-46410634#0,0.3760890869854544,0.8298742926447528,0,11.571900045964867,4.333,3.39,,3.47,True,0,,False,2175.350151485477,1727.956731253395,-37.9076144322013,145.13715969183588,0.3760890869854544,0.3760890869854544,prox=1.000 head=0.500 conn=0.900 turn=1.000,,
2026-09-10T11:20:50.731,1789003251,topo,False,-37.90779203,145.1371475,2174.672061439138,1708.228199834004,2174.672061439138,1708.228199834004,2174.6749,1708.2284,2175.1885,1718.4815,-46410634#0,0.576317195310429,0.8497048720317989,0,12.329199991654605,5.021,4.77,,3.64,True,0,,False,2175.2483688197153,1708.2315632701152,-37.907792103442326,145.1371540531554,0.576317195310429,0.576317195310429,prox=0.999 head=0.500 conn=1.000 turn=1.000,,
2026-09-10T11:20:54.798,1789003255,topo,False,-37.90794951,145.1371449,2174.792668128095,1690.7488877745345,2174.792668128095,1690.7488877745345,2174.794,1690.7493,2175.3028,1698.8978,-46410634#0,0.5577233103810177,0.8497236019469198,0,11.779599997680634,4.186,4.69,,3.76,True,0,,False,2175.3503819403986,1690.7521426951537,-37.90794958107333,145.1371512417426,0.5577233103810177,0.5577233103810177,prox=0.999 head=0.500 conn=1.000 turn=1.000,,
2026-09-10T11:21:00.898,1789003261,topo,False,-37.90813887,145.137122,2173.1992279656697,1669.6963511444628,2173.1992279656697,1669.6963511444628,2173.2,1669.6962,2173.6812,1675.0906,-46410634#0,1.7029448878034863,0.8474304917772119,0,10.97290002508089,2.921,3.73,,4.12,True,0,,False,2175.43,1677.11,-37.90807248745063,145.13714904750452,7.741998012293441,7.741998012293441,prox=0.994 head=0.500 conn=1.000 turn=1.000,,
2026-09-10T11:21:11.046,1789003271,topo,False,-37.90795559,145.1370127,2163.1833308822243,1689.8419557744637,2163.1833308822243,1689.8419557744637,2163.1805,1689.8414,2173.4064,1681.1534,46410634#0,10.172416056720621,0.7478289447209662,0,11.846599983982742,4.172,3.491,,4.33,True,0,,False,2173.355575019019,1689.9010967287475,-37.907956888433056,145.1371283681563,10.172416056720621,10.172416056720621,prox=0.795 head=0.500 conn=0.900 turn=1.000,,
2026-09-10T11:21:21.184,1789003281,topo,False,-37.9080844,145.1367897,2143.8631941163912,1675.156740645878,2143.8631941163912,1675.156740645878,2143.8602,1675.1563,2152.8677,1682.7406,5094891#0,1.400584168073131,0.6182601185381212,0,12.101000000257045,5.53,4.569,,4.34,True,0,,False,2144.7375737149428,1674.0626216717742,-37.908094413540354,145.13679939276489,1.400584168073131,1.400584168073131,prox=0.996 head=0.500 conn=0.100 turn=0.500,,
2026-09-10T11:21:25.262,1789003285,topo,False,-37.90810962,145.1365158,2119.838313253247,1671.8768738908693,2119.838313253247,1671.8768738908693,2119.8391,1671.8767,2132.6564,1669.0603,5094891#0,3.468558203127134,0.8394475602119454,0,14.877700014039874,6.055,5.818,,4.23,True,0,,False,2127.68,1668.68,-37.90813983031836,145.1366042307496,8.468296978042149,8.468296978042149,prox=0.974 head=0.500 conn=1.000 turn=1.000,,
2026-09-10T11:21:29.341,1789003289,topo,False,-37.90802943,145.136232,2094.709206078667,1680.2763410946354,2094.709206078667,1680.2763410946354,2094.7059,1680.2768,2108.073,1676.9066,1209653407,1.096192880917856,0.6989333014345992,0,12.58630002848804,6.659,6.391,,4.01,True,0,,False,2095.0482795875673,1681.3187747796903,-37.90802010055232,145.13623609209967,1.096192880917856,1.096192880917856,prox=0.997 head=0.500 conn=0.500 turn=0.500,,
2026-09-10T11:21:31.365,1789003292,topo,False,-37.9079785,145.136015,2075.5179183037253,1685.5463327495381,2075.5179183037253,1685.5463327495381,2075.5149,1685.5459,2095.0452,1681.3198,1209653407,0.36277716522482634,0.8498830328635435,0,13.991400017403066,6.499,6.659,,4.65,True,0,,False,2075.5579803397063,1685.906891073366,-37.90797525921291,145.13601553745852,0.36277716522482634,0.36277716522482634,prox=1.000 head=0.500 conn=1.000 turn=1.000,,
2026-09-10T11:21:35.439,1789003296,topo,False,-37.90794316,145.1357207,2049.565099434112,1688.9504312239587,2049.565099434112,1688.9504312239587,2049.5628,1688.9502,2062.6851,1686.8282,24801549#0,0.5033267552956557,0.8297748742001713,0,12.525099969934672,6.541,6.363,,4.01,True,0,,False,2049.50360334941,1688.450875367059,-37.9079476490498,145.13571988722762,0.5033267552956557,0.5033267552956557,prox=0.999 head=0.500 conn=0.900 turn=1.000,,
2026-09-10T11:21:39.516,1789003300,topo,False,-37.90791177,145.1354322,2024.1309489983832,1691.926336184144,2024.1309489983832,1691.926336184144,2024.1351,1691.926,2036.8252,1690.0116,24801549#1,0.3288952740434444,0.8299038585768955,0,12.221099983435124,6.44,6.408,,3.54,True,0,,False,2024.0901545603597,1691.599980679955,-37.90791470254404,145.13543166196735,0.3288952740434444,0.3288952740434444,prox=1.000 head=0.500 conn=0.900 turn=1.000,,
2026-09-10T11:21:43.602,1789003304,topo,False,-37.90788106,145.1351673,2000.7731635177624,1694.8682130109519,2000.7731635177624,1694.8682130109519,2000.7712,1694.8682,2011.9746,1693.1144,24801549#1,0.3917100118074524,0.8498636350421139,0,12.250700034201145,5.719,6.184,,3.36,True,0,,False,2000.7275624873546,1694.479166382158,-37.9078845564141,145.13516669304965,0.3917100118074524,0.3917100118074524,prox=1.000 head=0.500 conn=1.000 turn=1.000,,
2026-09-10T11:21:47.688,1789003308,topo,False,-37.90785275,145.1349202,1978.985637048143,1697.5750178033486,1978.985637048143,1697.5750178033486,1978.9819,1697.5752,1989.9107,1695.747,24801549#1,4.495332143755054,0.8324346755528399,0,11.785599985159934,5.628,5.651,,3.77,True,0,,False,1987.07,1696.08,-37.90786767447504,145.13501177597783,8.221435554067616,8.221435554067616,prox=0.956 head=0.500 conn=1.000 turn=1.000,,
2026-09-10T11:21:51.743,1789003312,topo,False,-37.90785064,145.1346478,1955.0319253352936,1697.3299771910533,1955.0319253352936,1697.3299771910533,1955.0328,1697.3302,1967.0232,1698.5415,24801549#3,2.69971824994995,0.8235735363096877,0,11.705500015523285,5.853,5.933,,3.59,True,0,,False,1955.369103860365,1700.0085569026437,-37.907826571453086,145.1346522429665,2.69971824994995,2.69971824994995,prox=0.984 head=0.500 conn=0.900 turn=1.000,,
2026-09-10T11:21:55.821,1789003316,topo,False,-37.90782226,145.1344137,1934.3871577330283,1700.0673014819622,1934.3871577330283,1700.0673014819622,1934.3874,1700.0669,1944.899,1701.4376,24801549#4,2.6707130778681565,0.8237097978074237,0,11.796100006904453,5.244,5.281,,3.7,True,0,,False,1934.6945138118551,1702.7202697413095,-37.907798416801974,145.13441779814386,2.6707130778681565,2.6707130778681565,prox=0.984 head=0.500 conn=0.900 turn=1.000,,
2026-09-10T11:21:59.874,1789003320,topo,False,-37.90778701,145.1341546,1911.529148763162,1703.522911223583,1911.529148763162,1703.522911223583,1911.5319,1703.5226,1923.1691,1704.0555,24801549#4,1.8686520207686348,0.8469081355797704,0,11.840300052426755,5.683,5.628,,3.72,True,0,,False,1911.7442005268856,1705.379147499934,-37.90777032733206,145.13415746745764,1.8686520207686348,1.8686520207686348,prox=0.992 head=0.500 conn=1.000 turn=1.000,,
2026-09-10T11:22:03.940,1789003324,topo,False,-37.90776125,145.1338971,1888.8328669739421,1705.9282168708742,1888.8328669739421,1705.9282168708742,1888.8355,1705.9283,1900.2057,1706.7159,24801549#4,2.0913044064997526,0.8461312271101408,0,11.90179999684915,5.535,5.752,,3.84,True,0,,False,1889.0735424427305,1708.0056261804154,-37.907742579578496,145.13390030918242,2.0913044064997526,2.0913044064997526,prox=0.990 head=0.500 conn=1.000 turn=1.000,,
2026-09-10T11:22:08.008,1789003328,topo,False,-37.90772916,145.1336486,1866.913774946006,1709.0517094284296,1866.913774946006,1709.0517094284296,1866.9129,1709.0522,1878.0299,1709.2851,24801549#4,2.159111874237727,0.845877599523179,0,12.006399978417903,5.486,5.528,,3.85,True,0,,False,1869.96,1710.22,-37.9077191851239,145.13368350022262,3.2625741277710802,3.2625741277710802,prox=0.990 head=0.500 conn=1.000 turn=1.000,,
2026-09-10T11:22:12.084,1789003332,topo,False,-37.90770957,145.1334429,1848.7853604147676,1710.8634267011657,1848.7853604147676,1710.8634267011657,1848.7824,1710.8636,1858.1245,1711.6405,1209653409#0,1.9010474345252037,0.8268004372874681,0,11.966099962592125,4.646,4.618,,3.81,True,0,,False,1849.0153130697772,1712.750515232414,-37.90769261211624,145.1334459440542,1.9010474345252037,1.9010474345252037,prox=0.992 head=0.500 conn=0.900 turn=1.000,,
2026-09-10T11:22:16.141,1789003336,topo,False,-37.90782684,145.1333279,1838.935266256216,1697.6481251344085,1838.935266256216,1697.6481251344085,1838.9373,1697.6487,1841.0553,1706.4471,-5094896#1,0.49974235118123345,0.829778068329808,0,10.842800023965538,4.226,4.412,,3.94,True,0,,False,1839.4296131202893,1697.5748885619532,-37.90782758890291,145.1333335038492,0.49974235118123345,0.49974235118123345,prox=0.999 head=0.500 conn=0.900 turn=1.000,,
2026-09-10T11:22:20.216,1789003340,topo,False,-37.90797133,145.1332927,1836.1615844015032,1681.5528365634382,1836.1615844015032,1681.5528365634382,1836.1621,1681.5527,1838.1512,1688.9453,-5094896#1,2.062109962518627,0.8462379826813268,0,11.64379995316267,3.914,4.357,,4.3,True,0,,False,1837.78,1686.44,-37.90792759716314,145.1333122133998,5.148168169856628,5.148168169856628,prox=0.991 head=0.500 conn=1.000 turn=1.000,,
2026-09-10T11:22:26.318,1789003346,topo,False,-37.9081519,145.1332445,1832.3251494358992,1661.4310451969504,1832.3251494358992,1661.4310451969504,1832.3225,1661.431,1835.1081,1667.1031,-5094896#0,2.018328476929653,0.8263953183257869,0,11.401999974623322,3.144,3.426,,4.86,True,0,,False,1834.3261890663862,1661.1674351857487,-37.908154635626445,145.13326719108747,2.018328476929653,2.018328476929653,prox=0.991 head=0.500 conn=0.900 turn=1.000,,
2026-09-10T11:22:30.383,1789003351,topo,False,-37.90832277,145.1332506,1833.2411328773596,1642.4812095686793,1833.2411328773596,1642.4812095686793,1833.2432,1642.4812,1832.2618,1649.8516,4577074#0,0.8719645618899615,0.8293247286784465,0,12.299099995288998,3.936,3.672,,5.36,True,0,,False,1832.5472627906038,1641.9531314495555,-37.90832740189047,145.1332425906961,0.8719645618899615,0.8719645618899615,prox=0.998 head=0.500 conn=0.900 turn=1.000,,
2026-09-10T11:22:34.465,1789003355,topo,False,-37.9084225,145.1334137,1847.8021547304234,1631.7018112195656,1847.8021547304234,1631.7018112195656,1847.8025,1631.7022,1838.4233,1634.8712,4577074#1,11.412720287897338,0.7294716313251493,0,11.531499971169978,4.575,4.215,,5.21,True,0,,False,1835.3,1638.33,-37.908360536508034,145.1332730635167,14.150503857196183,14.150503857196183,prox=0.749 head=0.500 conn=0.900 turn=1.000,,
2026-09-10T11:22:38.555,1789003359,topo,False,-37.90845088,145.1335985,1864.1124398988904,1628.877931687981,1864.1124398988904,1628.877931687981,1864.1113,1628.878,1856.7338,1626.2473,4577074#2,2.4914454071137664,0.8245202803226533,0,11.947299994062632,3.689,4.415,,4.96,True,0,,False,1864.088143387148,1626.3866047531637,-37.90847331810565,145.13359765664362,2.4914454071137664,2.4914454071137664,prox=0.986 head=0.500 conn=0.900 turn=1.000,,
2026-09-10T11:22:42.633,1789003363,topo,False,-37.9084549,145.1338016,1881.9774956601905,1628.7893339544535,1881.9774956601905,1628.7893339544535,1881.9805,1628.7889,1871.966,1626.3098,4577074#2,2.5770714523698905,0.8441399734335421,0,12.040200002957135,4.722,3.851,,5.43,True,0,,False,1881.9523641254498,1626.2123850460384,-37.90847810926207,145.13380072772276,2.5770714523698905,2.5770714523698905,prox=0.985 head=0.500 conn=1.000 turn=1.000,,
2026-09-10T11:22:46.709,1789003367,topo,False,-37.90847061,145.1340247,1901.6268718617503,1627.4387140953913,1901.6268718617503,1627.4387140953913,1901.6227,1627.4381,1892.1244,1626.0055,4577074#2,3.2106392552752334,0.8409413020798625,0,11.992299987468868,4.727,5.024,,5.51,True,0,,False,1900.69986670306,1624.3648133384904,-37.908498133309784,145.13401346066186,3.210639255275234,3.210639255275234,prox=0.977 head=0.500 conn=1.000 turn=1.000,,
2026-09-10T11:22:50.782,1789003371,topo,False,-37.90853195,145.1342485,1921.4391202077968,1621.025950522162,1921.4391202077968,1621.025950522162,1921.4411,1621.0259,1910.32,1621.4636,4577074#2,2.7913637551312576,0.8431336507937818,0,12.134600023273379,5.37,5.042,,5.33,True,0,,False,1920.6331721099107,1618.3534686649787,-37.908555879077014,145.13423872846374,2.7913637551312576,2.7913637551312576,prox=0.983 head=0.500 conn=1.000 turn=1.000,,
2026-09-10T11:22:54.853,1789003375,topo,False,-37.9085913,145.134473,1941.3084587957128,1614.8351917639375,1941.3084587957128,1614.8351917639375,1941.3076,1614.8348,1931.0576,1615.2098,4577074#2,2.7103352553641287,0.8435233032932693,0,11.640099983196706,4.956,5.354,,5.27,True,0,,False,1940.4900917813122,1612.25135883083,-37.90861442828658,145.1344631074978,2.7103352553641287,2.7103352553641287,prox=0.984 head=0.500 conn=1.000 turn=1.000,,
2026-09-10T11:22:58.943,1789003379,topo,False,-37.90864739,145.1346531,1957.266982971225,1608.928022584878,1957.266982971225,1608.928022584878,1957.2651,1608.9277,1949.8123,1608.7343,4577074#2,3.2387910050801905,0.8407835997257486,0,11.391100008040667,3.167,5.1,,5.29,True,0,,False,1955.09,1606.53,-37.908668599577176,145.13462780272164,3.238791005080191,3.238791005080191,prox=0.977 head=0.500 conn=1.000 turn=1.000,,
2026-09-10T11:23:05.048,1789003385,topo,False,-37.90883049,145.1347111,1962.7727506604278,1588.7123829396442,1962.7727506604278,1588.7123829396442,1962.7691,1588.7128,1961.7043,1597.7863,405414870#0,0.31785156282545224,0.8299102059771141,0,11.906900035683066,4.538,3.778,,5.67,True,0,,False,1962.45494513219,1588.7069734838444,-37.9088304814453,145.13470748539808,0.31785156282545224,0.31785156282545224,prox=1.000 head=0.500 conn=0.900 turn=1.000,,
2026-09-10T11:23:09.132,1789003389,topo,False,-37.90899737,145.1347163,1963.6004516031244,1570.2037075925618,1963.6004516031244,1570.2037075925618,1963.6,1570.2039,1962.3937,1578.8675,405414870#0,1.8163953445390812,0.8470780206725311,0,11.605799954850227,4.496,4.729,,5.3,True,0,,False,1961.8,1570.49,-37.908994466472926,145.1346958943918,1.823071396777995,1.823071396777995,prox=0.993 head=0.500 conn=1.000 turn=1.000,,
2026-09-10T11:23:13.188,1789003393,topo,False,-37.9091582,145.1347941,1970.7974962597364,1552.4940827796236,1970.7974962597364,1552.4940827796236,1970.8004,1552.4937,1963.8636,1559.2224,405414870#2,3.1376680614496038,0.8213439560562907,0,11.761400033719838,4.544,5.03,,4.69,True,0,,False,1964.92,1557.25,-37.909114298104846,145.13472835598785,7.560668680102784,7.560668680102784,prox=0.978 head=0.500 conn=0.900 turn=1.000,,
2026-09-10T11:23:17.235,1789003397,topo,False,-37.90933153,145.1348773,1978.497015431407,1533.4068896165118,1978.497015431407,1533.4068896165118,1978.4954,1533.407,1972.8704,1542.3515,405414870#3,2.241832866159217,0.8255574636053274,0,11.385799967683852,5.323,4.977,,4.19,True,0,,False,1975.06,1538.25,-37.90928728256286,145.1348393234667,5.938753510828781,5.938753510828781,prox=0.989 head=0.500 conn=0.900 turn=1.000,,
2026-09-10T11:23:21.314,1789003401,topo,False,-37.90950811,145.134894,1980.3572612659773,1513.8420815998688,1980.3572612659773,1513.8420815998688,1980.3539,1513.8417,1976.7385,1523.4914,405414870#4,10.814374952783432,0.7384544215144944,0,11.782800022047013,4.593,0.0,,3.88,True,0,,False,1976.65,1525.52,-37.90940224418743,145.13485450556195,12.25224731444548,12.25224731444548,prox=0.771 head=0.500 conn=0.900 turn=1.000,,
2026-09-10T11:23:25.395,1789003406,topo,False,-37.9097236,145.1348804,1979.6400215658941,1489.90632993076,1979.6400215658941,1489.90632993076,1979.642,1489.9062,1976.8871,1500.4873,998107627#1,7.408956188540665,0.6540651447346644,0,11.850500013679266,5.144,4.769,,3.6,True,0,,False,1976.89,1499.31,-37.9096383937174,145.13485127180573,9.797531800611932,9.797531800611932,prox=0.885 head=0.500 conn=0.500 turn=0.500,,
2026-09-10T11:23:29.478,1789003410,topo,False,-37.90990039,145.1348532,1977.6412092532846,1470.240996430628,1977.6412092532846,1470.240996430628,1977.6452,1470.2412,1976.9426,1479.9807,998107627#2,0.6765052252748153,0.8295933985118259,0,11.076199996750802,4.743,5.09,,3.46,True,0,,False,1976.9647057751756,1470.2394589227233,-37.90990028191681,145.1348455078589,0.6765052252748153,0.6765052252748153,prox=0.999 head=0.500 conn=0.900 turn=1.000,,
2026-09-10T11:23:33.535,1789003414,topo,False,-37.91004313,145.134873,1979.6988614000147,1454.4366931086406,1979.6988614000147,1454.4366931086406,1979.6981,1454.4362,1976.9856,1461.3727,998107627#3,4.566245997799963,0.8118889558510248,0,12.848099984694272,3.389,4.251,,3.22,True,0,,False,1977.0,1459.47,-37.90999730226558,145.13484345915444,5.7112197575557895,5.7112197575557895,prox=0.955 head=0.500 conn=0.900 turn=1.000,,
2026-09-10T11:23:39.637,1789003420,topo,False,-37.91007754,145.1351097,2000.5849634765182,1451.0347290365025,2000.5849634765182,1451.0347290365025,2000.587,1451.0348,1987.2151,1444.5235,998107635#1,2.0670208907970036,0.6162201278380435,0,11.748899996746331,4.545,3.254,,2.89,True,0,,False,2000.67,1453.1,-37.91005895084365,145.13511113663463,2.0670208907970036,2.0670208907970036,prox=0.991 head=0.500 conn=0.100 turn=0.500,,
2026-09-10T11:23:43.713,1789003424,topo,False,-37.9101239,145.1353626,2022.921807691455,1446.3351707188413,2022.921807691455,1446.3351707188413,2022.9258,1446.3349,2010.5026,1443.871,998107635#1,18.249954674142323,0.6408197632538767,0,15.01470000948757,5.916,5.316,,2.73,True,0,,False,2003.47,1453.08,-37.91005963560929,145.13514296793878,20.587995154878918,20.587995154878918,prox=0.477 head=0.500 conn=1.000 turn=1.000,,
2026-09-10T11:23:47.785,1789003428,topo,False,-37.91012645,145.1355783,2041.890923655359,1446.4315140862018,2041.890923655359,1446.4315140862018,2041.8912,1446.4319,2032.9767,1441.0068,988580237#0,5.098139052906817,0.5975514009510168,0,11.032300011720508,4.229,5.273,,2.61,True,0,,False,2046.9890290018957,1446.4129755213053,-37.910127535517496,145.13563626104403,5.098139052906817,5.098139052906817,prox=0.944 head=0.500 conn=0.100 turn=0.500,,
2026-09-10T11:23:53.879,1789003434,topo,False,-37.90999368,145.1356649,2049.2097868950223,1461.3165968116373,2049.2097868950223,1461.3165968116373,2049.2137,1461.3167,2046.9882,1446.1823,988580237#0,4.5251960766064725,0.8322058029901184,0,11.780400003772229,2.293,2.933,,2.53,True,0,,False,2047.01,1452.18,-37.9100755884706,145.13563781090213,9.397683953077541,9.397683953077541,prox=0.956 head=0.500 conn=1.000 turn=1.000,,
2026-09-10T11:23:57.944,1789003438,topo,False,-37.91016206,145.1357738,2059.1575018548756,1442.8237984087318,2059.1575018548756,1442.8237984087318,2059.1551,1442.8237,2053.349,1458.4901,988580237#0,11.301668787567689,0.7511550279381954,0,12.073099962435663,3.003,2.548,,19.28,True,0,,False,2046.98,1442.8237984087318,-37.910159866112,145.1356353422056,12.177501854875572,12.177501854875572,prox=0.753 head=0.500 conn=1.000 turn=1.000,,
2026-09-10T11:24:02.018,1789003442,topo,False,-37.90983805,145.1358294,2063.326622217777,1478.8752911016345,2063.326622217777,1478.8752911016345,2063.3265,1478.8755,2062.9349,1453.617,-773028723,0.7508540666442812,0.6994991743909105,0,12.638300016988069,5.267,3.863,,2.4,True,0,,False,2064.077456342694,1478.8698187843254,-37.90983823455531,145.13583793567832,0.7508540666442812,0.7508540666442812,prox=0.999 head=0.500 conn=0.500 turn=0.500,,
2026-09-10T11:24:06.109,1789003446,topo,False,-37.90962757,145.135844,2064.143136160914,1502.2568518230692,2064.143136160914,1502.2568518230692,2064.1435,1502.2567,2064.1609,1490.3242,-773028723,0.1047695156279964,0.8499902430955274,0,12.373500037938356,5.979,5.85,,2.33,True,0,,False,2064.247902893997,1502.2560882498806,-37.90962759575149,145.13584519101218,0.1047695156279964,0.1047695156279964,prox=1.000 head=0.500 conn=1.000 turn=1.000,,
2026-09-10T11:24:10.168,1789003450,topo,False,-37.90941404,145.1358462,2063.862724269333,1525.9550538938493,2063.862724269333,1525.9550538938493,2063.8632,1525.9555,2064.335,1514.2042,-773028723,0.5578893876954442,0.8497234373692338,0,11.187899974174798,5.917,6.014,,2.6,True,0,,False,2064.420598840197,1525.9509879269876,-37.90941417712399,145.1358525420274,0.5578893876954442,0.5578893876954442,prox=0.999 head=0.500 conn=1.000 turn=1.000,,
2026-09-10T11:24:14.251,1789003454,topo,False,-37.90920885,145.1358447,2063.275529487699,1548.7213029824197,2063.275529487699,1548.7213029824197,2063.2792,1548.721,2064.5058,1537.6417,-773028723,1.3109918134473473,0.8484751808292034,0,12.243299977853894,5.645,5.896,,2.63,True,0,,False,2064.5864864828736,1548.7117483119298,-37.9092091722281,145.13585960317457,1.3109918134473473,1.3109918134473473,prox=0.996 head=0.500 conn=1.000 turn=1.000,,
2026-09-10T11:24:20.309,1789003460,topo,False,-37.90909699,145.1359749,2074.47411829303,1561.3627334022895,2074.47411829303,1561.3627334022895,2074.4763,1561.363,2066.2609,1561.1338,298236180#1,3.1658979893174672,0.8211892325399045,0,11.95960002951324,3.547,3.048,,3.91,True,0,,False,2073.3274641900994,1558.4117853432758,-37.90912336635493,145.13596119186292,3.1658979893174672,3.1658979893174672,prox=0.978 head=0.500 conn=0.900 turn=1.000,,
2026-09-10T11:24:24.365,1789003465,topo,False,-37.90928326,145.1360713,2083.362611477496,1540.8627694705501,2083.362611477496,1540.8627694705501,2083.3653,1540.8628,2083.7888,1551.3802,773028722,0.564341969725683,0.82971700516924,0,11.529800016433,5.051,4.332,,3.95,True,0,,False,2083.9269275777297,1540.8573659706606,-37.90928341032066,145.13607771495214,0.564341969725683,0.564341969725683,prox=0.999 head=0.500 conn=0.900 turn=1.000,,
2026-09-10T11:24:28.443,1789003469,topo,False,-37.90947955,145.1360637,2083.129963112995,1519.0681111337617,2083.129963112995,1519.0681111337617,2083.1338,1519.0679,2083.8234,1530.0464,773028722,0.5882986920496235,0.8496924779608189,0,11.622600024566054,5.455,5.401,,3.66,True,0,,False,2083.718234837374,1519.0624782514171,-37.90947970670277,145.1360703872892,0.5882986920496236,0.5882986920496236,prox=0.999 head=0.500 conn=1.000 turn=1.000,,
2026-09-10T11:24:32.514,1789003473,topo,False,-37.90967803,145.1360504,2082.401055826689,1497.0204187706113,2082.401055826689,1497.0204187706113,2082.3993,1497.0208,2083.611,1507.8606,773028722,1.1060688202081428,0.8489140206536804,0,11.969099985435605,5.405,5.561,,3.43,True,0,,False,2083.5070739445923,1497.0098283076145,-37.909678324621105,145.13606297290218,1.1060688202081426,1.1060688202081426,prox=0.997 head=0.500 conn=1.000 turn=1.000,,
2026-09-10T11:24:36.583,1789003477,topo,False,-37.90985548,145.1360508,2082.829947071383,1477.3304009987041,2082.829947071383,1477.3304009987041,2082.8278,1477.3301,2083.4075,1486.613,773028722,0.4886679140596609,0.8497877929050802,0,11.246400012169033,4.631,5.214,,3.54,True,0,,False,2083.3185925848566,1477.3257220679116,-37.90985561016588,145.13605635479774,0.4886679140596609,0.4886679140596609,prox=0.999 head=0.500 conn=1.000 turn=1.000,,
2026-09-10T11:24:42.692,1789003483,topo,False,-37.91002129,145.1360468,2082.8461824333062,1458.9242792464793,2082.8461824333062,1458.9242792464793,2082.8455,1458.9242,2083.1843,1463.3019,773028722,0.29619710946011907,0.8499220229547101,0,12.017500004731119,2.38,3.161,,3.63,True,0,,False,2083.1423659650613,1458.9214431982423,-37.910021368898015,145.13605016694652,0.29619710946011907,0.29619710946011907,prox=1.000 head=0.500 conn=1.000 turn=1.000,,
2026-09-10T11:24:48.788,1789003489,topo,False,-37.91008491,145.1362928,2104.614660418476,1452.2971154348925,2104.614660418476,1452.2971154348925,2104.616,1452.2967,2096.3683,1453.7865,-988580230#1,7.182152945834464,0.7866785460890681,0,12.133600015658885,4.396,4.025,,3.82,True,0,,False,2092.86,1452.6,-37.91008006442433,145.13615921885506,11.758562012995602,11.758562012995602,prox=0.892 head=0.500 conn=0.900 turn=1.000,,
2026-09-10T11:24:54.896,1789003495,topo,False,-37.90992375,145.1363791,2111.8442850190913,1470.331904192455,2111.8442850190913,1470.331904192455,2111.8425,1470.3323,2112.4043,1461.5467,-298236187#0,0.6723347772593569,0.6995983936977199,0,12.341500027105212,4.248,3.459,,3.91,True,0,,False,2112.516564817635,1470.323306216956,-37.909923948525424,145.13638674182317,0.6723347772593568,0.6723347772593568,prox=0.999 head=0.500 conn=0.500 turn=0.500,,
2026-09-10T11:25:01.001,1789003501,topo,False,-37.90975949,145.1363835,2111.8667216035537,1488.5667310124263,2111.8667216035537,1488.5667310124263,2111.8641,1488.5671,2112.7038,1484.9618,-298236187#0,2.4876486581260604,0.8445368543540984,0,12.066700030118227,2.065,3.224,,3.84,True,0,,False,2112.72,1486.23,-37.90978069354643,145.13639267054842,2.4876486581260604,2.4876486581260604,prox=0.986 head=0.500 conn=1.000 turn=1.000,,
2026-09-10T11:25:09.140,1789003509,topo,False,-37.90997426,145.1364238,2115.8861844663043,1464.8056319681928,2115.8861844663043,1464.8056319681928,2115.8903,1464.8061,2115.7681,1474.31,-298236187#0,3.4399054233157744,0.8396189086831455,0,11.821099964436144,4.586,3.841,,4.15,True,0,,False,2112.4465603337817,1464.8496222890105,-37.90997324427923,145.13638470166978,3.439905423315774,3.439905423315774,prox=0.974 head=0.500 conn=1.000 turn=1.000,,
2026-09-10T11:25:15.239,1789003515,topo,False,-37.91010291,145.1362808,2103.599602974835,1450.2786547653377,2103.599602974835,1450.2786547653377,2103.6007,1450.2782,2111.5612,1451.1905,-298236187#0,9.227247476747602,0.7810468444350823,0,11.81430002907291,3.892,3.251,,4.13,True,0,,False,2112.3,1453.39,-37.91007644912584,145.1363804304221,9.239987963453313,9.239987963453313,prox=0.828 head=0.500 conn=1.000 turn=1.000,,
2026-09-10T11:25:19.318,1789003519,topo,False,-37.91006799,145.1360619,2084.27733167354,1453.7687630364671,2084.27733167354,1453.7687630364671,2084.2741,1453.7684,2094.2888,1452.6099,-988580230#1,0.5926761356198273,0.6196878862750054,0,11.613300011958927,4.96,4.514,,3.94,True,0,,False,2085.98,1453.54,-37.91007035744645,145.13608120725425,1.717967391070984,1.717967391070984,prox=0.999 head=0.500 conn=0.100 turn=0.500,,
2026-09-10T11:25:23.376,1789003524,topo,False,-37.91003613,145.1357942,2060.671531811531,1456.833476019092,2060.671531811531,1456.833476019092,2060.6748,1456.8335,2069.1789,1456.2407,988580230#2,6.983631636038509,0.6589145367027375,0,11.723400035407394,4.2,5.073,,3.77,True,0,,False,2071.21,1452.25,-37.910079317569696,145.13591297972073,11.49206527030546,11.49206527030546,prox=0.897 head=0.500 conn=0.500 turn=0.500,,
2026-09-10T11:25:31.493,1789003532,topo,False,-37.91015503,145.1356393,2047.3172200298868,1443.3673962187022,2047.3172200298868,1443.3673962187022,2047.3185,1443.3669,2050.2009,1449.6742,988580235,13.211723900977471,0.701395302669104,0,15.25609998498112,3.081,2.657,,4.02,True,0,,False,2053.39,1455.29,-37.91004872222901,145.1357110583908,13.380102297487198,13.380102297487198,prox=0.678 head=0.500 conn=0.900 turn=1.000,,
2026-09-10T11:25:37.600,1789003538,topo,False,-37.91015138,145.1353653,2023.220175952476,1443.290603053756,2023.220175952476,1443.290603053756,2023.2166,1443.2904,2032.711,1441.0434,-403774582#2,0.9863911675087136,0.6191360742736893,0,11.67520001763478,4.718,4.124,,4.4,True,0,,False,2023.0989914807838,1442.3116843343723,-37.91016017651119,145.1353636994983,0.9863911675087136,0.9863911675087136,prox=0.998 head=0.500 conn=0.100 turn=0.500,,
2026-09-10T11:25:41.683,1789003542,topo,False,-37.91012351,145.135127,2002.2079585826723,1445.964099231176,2002.2079585826723,1445.964099231176,2002.2105,1445.9637,2012.7152,1443.5971,-403774582#2,4.053550943116127,0.8356578595235192,0,12.208100000862032,5.242,5.17,,4.66,True,0,,False,2008.33,1444.14,-37.91014104520787,145.1351961924549,6.38801448970271,6.38801448970271,prox=0.964 head=0.500 conn=1.000 turn=1.000,,
2026-09-10T11:25:45.745,1789003546,topo,False,-37.91012343,145.1348994,1982.1981239704182,1445.5726483929902,1982.1981239704182,1445.5726483929902,1982.1949,1445.5723,1992.0854,1445.0477,-403774582#1,1.5824592056035935,0.6177802467787199,0,11.867999972309917,4.922,5.135,,4.6,True,0,,False,1984.86,1444.27,-37.91013564434767,145.1349293690794,2.9635243937955895,2.9635243937955895,prox=0.994 head=0.500 conn=0.100 turn=0.500,,
2026-09-10T11:25:49.813,1789003550,topo,False,-37.91017878,145.1346982,1964.6323463944136,1439.0768063087016,1964.6323463944136,1439.0768063087016,1964.6293,1439.0764,1974.0156,1441.4638,-403774582#1,18.229440707497055,0.6411373550498783,0,11.861299979500473,4.807,0.0,,4.49,True,0,,False,1984.86,1444.27,-37.91013564434767,145.1349293690794,20.883659427957753,20.883659427957753,prox=0.478 head=0.500 conn=1.000 turn=1.000,,
2026-09-10T11:25:55.927,1789003556,topo,False,-37.91028904,145.1345033,1947.7424008278176,1426.4989255405962,1947.7424008278176,1426.4989255405962,1947.7404,1426.499,1952.3822,1430.5945,1004615767#1,0.31295218968236727,0.6199129525191526,0,11.876100033987314,3.062,3.297,,4.18,True,0,,False,1947.547427853872,1426.7437205823308,-37.910286799676506,145.13450113886194,0.31295218968236727,0.31295218968236727,prox=1.000 head=0.500 conn=0.100 turn=0.500,,
2026-09-10T11:26:02.047,1789003562,topo,False,-37.91029326,145.1342821,1928.3048197856406,1425.6414523730054,1928.3048197856406,1425.6414523730054,1928.3091,1425.6416,1934.8779,1423.2759,1004615767#0,14.292158352127224,0.6840524059882079,0,11.854999989736825,3.499,3.731,,4.05,True,0,,False,1942.9,1422.55,-37.91032373992162,145.13444734344267,14.918993373019267,14.918993373019267,prox=0.635 head=0.500 conn=0.900 turn=1.000,,
2026-09-10T11:26:06.130,1789003566,topo,False,-37.91029255,145.1340807,1910.5970207994105,1425.36583421845,1910.5970207994105,1425.36583421845,1910.5928,1425.366,1919.8054,1423.6953,1004615766#2,1.4109175950754393,0.6182344072981497,0,11.000600003171712,4.62,4.117,,4.03,True,0,,False,1910.557338302064,1423.9554747750817,-37.91030524770992,145.13407992782584,1.4109175950754393,1.4109175950754393,prox=0.996 head=0.500 conn=0.100 turn=0.500,,
2026-09-10T11:26:10.208,1789003570,topo,False,-37.91028658,145.1338689,1891.9632129751844,1425.6555494777858,1891.9632129751844,1425.6555494777858,1891.9629,1425.656,1901.0886,1424.2219,1004615766#2,1.1764365886684993,0.8487716649479419,0,12.332200014498085,4.65,4.595,,3.95,True,0,,False,1891.9301253292642,1424.4795782813505,-37.910297167470056,145.13386825612358,1.176436588668499,1.176436588668499,prox=0.997 head=0.500 conn=1.000 turn=1.000,,
2026-09-10T11:26:14.287,1789003574,topo,False,-37.91028219,145.1336652,1874.0450291526504,1425.7841553520411,1874.0450291526504,1425.7841553520411,1874.0421,1425.7839,1883.0543,1424.7293,1004615766#2,0.8011554270926087,0.8494298733423432,0,11.691999970935285,4.536,4.412,,3.93,True,0,,False,1874.5,1424.97,-37.91028960616718,145.13367018767102,0.9326561044646574,0.9326561044646574,prox=0.999 head=0.500 conn=1.000 turn=1.000,,
2026-09-10T11:26:18.367,1789003579,topo,False,-37.9102729,145.1333899,1849.8211888439837,1426.3304048506543,1849.8211888439837,1426.3304048506543,1849.8222,1426.33,1858.9663,1425.411,1004615766#3,0.6158605891600466,0.8296630004714995,0,11.750100005883723,4.621,4.742,,3.99,True,0,,False,1849.799325992147,1425.7149324459194,-37.9102784403812,145.1333895112924,0.6158605891600467,0.6158605891600467,prox=0.999 head=0.500 conn=0.900 turn=1.000,,
2026-09-10T11:26:22.416,1789003583,topo,False,-37.91025857,145.1331788,1831.230332446983,1427.5488815456629,1831.230332446983,1427.5488815456629,1831.226,1427.5491,1839.9306,1425.8909,1004615766#4,9.399940201003604,0.7586888273953492,0,10.877599997911602,4.396,4.856,,3.92,True,0,,False,1843.66,1425.94,-37.91027530546595,145.13331975858554,12.533360894289208,12.533360894289208,prox=0.822 head=0.500 conn=0.900 turn=1.000,,
2026-09-10T11:26:26.458,1789003587,topo,False,-37.91032602,145.1330021,1815.8455229230458,1419.7531748525798,1815.8455229230458,1419.7531748525798,1815.844,1419.7534,1823.5261,1425.272,10801654#0,5.181799663149241,0.8068305255813346,0,11.335099989082664,3.813,4.05,,7.19,True,0,,False,1816.1,1424.95,-37.91027925166038,145.13300617682958,5.203052007769501,5.203052007769501,prox=0.942 head=0.500 conn=0.900 turn=1.000,,
2026-09-10T11:26:30.518,1789003591,topo,False,-37.91031796,145.1328044,1798.4466787821148,1420.2994213765487,1798.4466787821148,1420.2994213765487,1798.4446,1420.2996,1807.4131,1424.2617,10801654#1,3.0893317957917508,0.8216058004732774,0,12.649699987377971,4.589,3.97,,5.87,True,0,,False,1798.152139398166,1423.3746803080523,-37.910290204183426,145.13280175147617,3.0893317957917508,3.0893317957917508,prox=0.979 head=0.500 conn=0.900 turn=1.000,,
2026-09-10T11:26:34.588,1789003595,topo,False,-37.91030667,145.1325801,1778.7020926092518,1421.157200012356,1778.7020926092518,1421.157200012356,1778.6987,1421.1573,1788.4492,1422.4454,10801654#1,1.3750443993421584,0.8483228617608226,0,12.727699999231845,4.866,4.88,,3.16,True,0,,False,1778.7200324444088,1422.532127378611,-37.91029428756359,145.13258061714788,1.3750443993421584,1.3750443993421584,prox=0.996 head=0.500 conn=1.000 turn=1.000,,
2026-09-10T11:26:38.644,1789003599,topo,False,-37.91028273,145.13239,1761.9360941640916,1423.4788780817762,1761.9360941640916,1423.4788780817762,1761.9333,1423.4792,1769.7504,1422.6492,10801654#1,0.7276945858980447,0.8495295751434239,0,12.344199989456683,4.006,4.453,,2.95,True,0,,False,1761.9266001281742,1422.751245431583,-37.9102892829744,145.1323897263006,0.7276945858980448,0.7276945858980448,prox=0.999 head=0.500 conn=1.000 turn=1.000,,
2026-09-10T11:26:42.726,1789003603,topo,False,-37.91026508,145.1321714,1742.678470576473,1425.0523474486545,1742.678470576473,1425.0523474486545,1742.6807,1425.0529,1752.5581,1423.5475,10801654#2,8.583993484219206,0.7695836222904543,0,11.661999975331128,4.881,4.609,,2.77,True,0,,False,1751.96,1423.62,-37.91027965820215,145.1322766043199,9.391400729042742,9.391400729042742,prox=0.849 head=0.500 conn=0.900 turn=1.000,,
2026-09-10T11:26:46.792,1789003607,topo,False,-37.91026233,145.1319665,1724.6584163095104,1424.9965303782374,1724.6584163095104,1424.9965303782374,1724.6619,1424.9964,1733.5961,1426.0365,10801654#4,2.1310241357822246,0.6959836211335052,0,11.852000025101006,4.401,4.641,,4.5,True,0,,False,1741.97,1425.0,-37.91026542367839,145.1321633327918,17.311584038183884,17.311584038183884,prox=0.990 head=0.500 conn=0.500 turn=0.500,,
2026-09-10T11:26:50.844,1789003611,topo,False,-37.91024074,145.1317525,1705.7964276804123,1427.0152196846902,1705.7964276804123,1427.0152196846902,1705.7949,1427.0147,1715.2096,1428.3078,10801654#5,4.518313570795282,0.8122586716608329,0,12.525799975264817,4.429,4.887,,3.84,True,0,,False,1712.35,1428.66,-37.91022710659893,145.13182738860397,6.75681969817869,6.75681969817869,prox=0.956 head=0.500 conn=0.900 turn=1.000,,
2026-09-10T11:26:56.948,1789003617,topo,False,-37.91021137,145.1314882,1682.494957019342,1429.8085339386016,1682.494957019342,1429.8085339386016,1682.4988,1429.8085,1693.5767,1429.878,-11527061#5,1.6434180552471727,0.6976064585274219,0,12.441599974408746,5.103,3.605,,2.13,True,0,,False,1682.7120164913936,1431.4375545308303,-37.91019673459626,145.13149103921825,1.6434180552471724,1.6434180552471724,prox=0.994 head=0.500 conn=0.500 turn=0.500,,
2026-09-10T11:27:01.026,1789003621,topo,False,-37.91017974,145.1312163,1658.5202788965544,1432.8391683856025,1658.5202788965544,1432.8391683856025,1658.5206,1432.8397,1670.4439,1433.0766,-11527061#3,1.808042686148176,0.8271047349444259,0,11.517299979459494,5.845,5.908,,2.12,True,0,,False,1658.758523771223,1434.6314456338619,-37.91016363777624,145.1312194173596,1.808042686148176,1.808042686148176,prox=0.993 head=0.500 conn=0.900 turn=1.000,,
2026-09-10T11:27:05.201,1789003625,topo,False,-37.91013269,145.1309458,1634.6343538322253,1437.583281177096,1634.6343538322253,1437.583281177096,1634.632,1437.5835,1646.5833,1436.2499,-11527061#3,0.25273305899446047,0.8499432271412316,0,11.18620001943782,5.763,5.916,,2.65,True,0,,False,1634.667656340195,1437.833810500872,-37.910130439189146,145.13094623576086,0.25273305899446047,0.25273305899446047,prox=1.000 head=0.500 conn=1.000 turn=1.000,,
2026-09-10T11:27:09.277,1789003629,topo,False,-37.91010448,145.1306902,1612.1002685953863,1440.2630135873333,1612.1002685953863,1440.2630135873333,1612.1041,1440.263,1623.4405,1439.3262,-11527061#3,0.5656719553320466,0.8497156702034946,0,11.82469999184832,5.623,5.749,,7.51,True,0,,False,1612.1748069042073,1440.8237531004472,-37.910099442194756,145.1306911753451,0.5656719553320465,0.5656719553320465,prox=0.999 head=0.500 conn=1.000 turn=1.000,,
2026-09-10T11:27:13.336,1789003633,topo,False,-37.91007383,145.1304533,1591.2047645297134,1443.246411385946,1591.2047645297134,1443.246411385946,1591.2063,1443.2461,1601.8475,1442.1616,-11527061#2,0.1916362197016412,0.8299673573847076,0,11.746599979232997,5.582,5.439,,11.88,True,0,,False,1591.2268268456921,1443.436773396114,-37.91007211916149,145.13045359425527,0.1916362197016412,0.1916362197016412,prox=1.000 head=0.500 conn=0.900 turn=1.000,,
2026-09-10T11:27:17.398,1789003638,topo,False,-37.91003236,145.1301295,1562.645254170522,1447.2771513462067,1562.645254170522,1447.2771513462067,1562.6457,1447.2776,1580.5343,1446.6828,-11527061#0,0.6124217830484382,0.8296667518369815,0,11.74769998760894,5.711,5.847,,9.11,True,0,,False,1562.5784720810102,1446.6683816090542,-37.91003783186833,145.13012860185108,0.6124217830484382,0.6124217830484382,prox=0.999 head=0.500 conn=0.900 turn=1.000,,
2026-09-10T11:27:21.461,1789003642,topo,False,-37.91000917,145.1299135,1543.6037610623753,1449.4694873858243,1543.6037610623753,1449.4694873858243,1543.5995,1449.4696,1552.6535,1447.7572,-11527061#0,0.7152873883244396,0.8495454708436135,0,11.839199985843152,4.468,5.076,,8.0,True,0,,False,1543.5257618995172,1448.758465460361,-37.910015560949894,145.129912450975,0.7152873883244396,0.7152873883244396,prox=0.999 head=0.500 conn=1.000 turn=1.000,,
2026-09-10T11:27:27.567,1789003648,topo,False,-37.90996403,145.1297288,1527.2651620000834,1454.1526716956869,1527.2651620000834,1454.1526716956869,1527.2682,1454.1526,1529.3472,1450.3966,-996576401,2.4683567528241905,0.8246206898803624,0,11.403499986045063,3.607,3.793,,6.77,True,0,,False,1529.32,1450.4,-37.90999820628955,145.12975130725357,4.278423081172534,4.278423081172534,prox=0.987 head=0.500 conn=0.900 turn=1.000,,
2026-09-10T11:27:29.588,1789003650,topo,False,-37.90981782,145.1297467,1528.5133522440447,1470.4084375463426,1528.5133522440447,1470.4084375463426,1528.514,1470.4085,1527.2686,1454.1526,45606689#0,3.868852286946129,0.8169139376034499,0,11.352700006682426,4.824,3.607,,6.49,True,0,,False,1527.83,1459.89,-37.909912448944254,145.12973653093673,10.540611875301586,10.540611875301586,prox=0.967 head=0.500 conn=0.900 turn=1.000,,
2026-09-10T11:27:33.646,1789003654,topo,False,-37.90961314,145.1297765,1530.677586545702,1493.1733156163245,1530.677586545702,1493.1733156163245,1530.6814,1493.1731,1529.3209,1481.7444,-1164319799#0,0.45690266440217825,0.8298144785518556,0,11.009400011971593,5.73,5.454,,6.09,True,0,,False,1531.128807539509,1493.1014848465543,-37.909613868616624,145.12978161392715,0.45690266440217825,0.45690266440217825,prox=1.000 head=0.500 conn=0.900 turn=1.000,,
2026-09-10T11:27:37.713,1789003658,topo,False,-37.90942338,145.1298223,1534.281721253763,1514.3108152458444,1534.281721253763,1514.3108152458444,1534.286,1514.3104,1532.872,1504.052,-1164319799#0,0.22066334301369284,0.849956720287408,0,12.252300046384335,5.171,5.327,,5.49,True,0,,False,1534.4996406065898,1514.2761242295214,-37.90942373188782,145.1298247697897,0.22066334301369286,0.22066334301369286,prox=1.000 head=0.500 conn=1.000 turn=1.000,,
2026-09-10T11:27:41.762,1789003662,topo,False,-37.90923441,145.1298406,1535.4699191846885,1535.312146089971,1535.4699191846885,1535.312146089971,1535.4685,1535.3124,1536.1138,1524.4161,-1164319799#0,4.536776503519707,0.8321166817054634,0,11.559000005945563,5.367,5.202,,5.08,True,0,,False,1536.73,1528.28,-37.90929798488612,145.12985332283276,7.14415021481295,7.14415021481295,prox=0.955 head=0.500 conn=1.000 turn=1.000,,
2026-09-10T11:27:45.820,1789003666,topo,False,-37.90904034,145.1298882,1539.2227491763188,1556.9310750598088,1539.2227491763188,1556.9310750598088,1539.2231,1556.9306,1539.232,1545.139,-45897352#1,1.6929277241615128,0.827460536018711,0,10.729300032835454,5.71,5.188,,4.85,True,0,,False,1540.898330526396,1556.6893491437218,-37.90904282032551,145.12990719581754,1.6929277241615128,1.6929277241615128,prox=0.994 head=0.500 conn=0.900 turn=1.000,,
2026-09-10T11:27:49.855,1789003670,topo,False,-37.90884629,145.1299231,1541.8590956110274,1578.5253828028217,1541.8590956110274,1578.5253828028217,1541.8616,1578.5254,1542.498,1568.1363,-45897352#1,2.0657387131881255,0.8462247935176156,0,11.925300001166761,5.136,5.786,,4.68,True,0,,False,1543.9050910041067,1578.2404630199658,-37.90884922635648,145.1299462974243,2.0657387131881255,2.0657387131881255,prox=0.991 head=0.500 conn=1.000 turn=1.000,,
2026-09-10T11:27:55.946,1789003676,topo,False,-37.90867731,145.1300151,1549.571365167969,1597.438500130549,1549.571365167969,1597.438500130549,1549.5675,1597.438,1544.0664,1592.6264,-5094887#1,0.03593581518842174,0.8299988521058131,0,13.033999945037067,3.008,3.243,,4.6,True,0,,False,1547.67,1602.2,-37.90863407374017,145.1299945680278,5.127091817858032,5.127091817858032,prox=1.000 head=0.500 conn=0.900 turn=1.000,,
2026-09-10T11:28:00.032,1789003680,topo,False,-37.90871239,145.1302356,1569.0352890252252,1593.9347012527287,1569.0352890252252,1593.9347012527287,1569.0381,1593.9348,1558.9629,1596.4314,-1272942442#0,2.275702403112711,0.6954229909286745,0,12.886699987575412,5.055,4.163,,4.7,True,0,,False,1578.54,1592.36,-37.908728292547345,145.13034330671402,9.634272922714473,9.634272922714473,prox=0.989 head=0.500 conn=0.500 turn=0.500,,
2026-09-10T11:28:04.088,1789003684,topo,False,-37.9087381,145.1304818,1590.737824139651,1591.5159121314064,1590.737824139651,1591.5159121314064,1590.7412,1591.5165,1579.8198,1592.1689,-250248456,0.9757084806305066,0.8291546660181307,0,12.290800048504025,5.376,5.437,,4.47,True,0,,False,1590.592341758768,1590.5511106409292,-37.90874676487142,145.13047992591558,0.9757084806305066,0.9757084806305066,prox=0.998 head=0.500 conn=0.900 turn=1.000,,
2026-09-10T11:28:08.160,1789003688,topo,False,-37.90878225,145.1307029,1610.2746436763555,1587.0066220900044,1610.2746436763555,1587.0066220900044,1610.277,1587.0063,1600.8781,1589.0001,-250248456,0.5701494900677287,0.849711152837955,0,12.288300029467791,4.838,5.182,,4.52,True,0,,False,1610.3596554466956,1587.570398144771,-37.90877718673113,145.13070399509562,0.5701494900677287,0.5701494900677287,prox=0.999 head=0.500 conn=1.000 turn=1.000,,
2026-09-10T11:28:12.236,1789003692,topo,False,-37.90880253,145.1309304,1630.321004306723,1585.1573013653979,1630.321004306723,1585.1573013653979,1630.3219,1585.1571,1619.7553,1586.1536,-250248456,0.5200019999675518,0.849759714795722,0,12.195400020573288,5.346,4.826,,4.59,True,0,,False,1630.249281864473,1584.6422693554723,-37.90880715657394,145.13092946712723,0.5200019999675518,0.5200019999675518,prox=0.999 head=0.500 conn=1.000 turn=1.000,,
2026-09-10T11:28:16.309,1789003696,topo,False,-37.90883121,145.1311628,1650.81683539995,1582.3844626629725,1650.81683539995,1582.3844626629725,1650.8185,1582.385,1641.3093,1583.0923,-250248456,0.6415724672562771,0.8496342870792933,0,11.829500028397888,4.911,5.506,,4.68,True,0,,False,1650.7262579985395,1581.749316250643,-37.90883691518966,145.13116162538714,0.6415724672562771,0.6415724672562771,prox=0.999 head=0.500 conn=1.000 turn=1.000,,
2026-09-10T11:28:20.378,1789003701,topo,False,-37.90885718,145.1314319,1674.5331923862686,1579.9769641989842,1674.5331923862686,1579.9769641989842,1674.5305,1579.9773,1665.3871,1579.6586,-250248456,1.6064704425391403,0.8477125678894989,0,12.059800035785884,4.492,4.941,,4.55,True,0,,False,1674.3063903871894,1578.386584327392,-37.908871465562626,145.13142895886904,1.6064704425391405,1.6064704425391405,prox=0.994 head=0.500 conn=1.000 turn=1.000,,
2026-09-10T11:28:24.467,1789003705,topo,False,-37.90888369,145.1316283,1691.8591370338108,1577.381375300698,1691.8591370338108,1577.381375300698,1691.8585,1577.3814,1683.2511,1577.6631,-250248456,0.08244118526204135,0.8499939586687094,0,11.688099999446422,4.344,4.373,,4.08,True,0,,False,1691.8610444564401,1577.4637944172082,-37.90888294789354,145.13162834046844,0.08244118526204135,0.08244118526204135,prox=1.000 head=0.500 conn=1.000 turn=1.000,,
2026-09-10T11:28:30.567,1789003711,topo,False,-37.90891637,145.1318871,1714.6848334242823,1574.2110372399911,1714.6848334242823,1574.2110372399911,1714.6809,1574.2115,1706.8797,1575.3214,-250248456,3.236903070163046,0.8407942167560593,0,11.76969998050481,3.834,3.61,,3.53,True,0,,False,1705.42,1577.15,-37.90888822256609,145.131782430829,9.719806607356748,9.719806607356748,prox=0.977 head=0.500 conn=1.000 turn=1.000,,
