wall_time,phone_timestamp,method,kalman,lat,lon,raw_x,raw_y,filt_x,filt_y,match_x,match_y,actual_x,actual_y,edge_id,raw_dist,score,correction_m,match_ms,phone_speed_mps,sumo_speed_mps,phone_course_deg,accuracy_m,matched,lane_index,lane_pos,is_internal_edge,matched_x,matched_y,matched_lat,matched_lon,match_error_raw_m,match_error_filt_m,components,window_len,unmatched_reason
2026-09-10T11:08:54.620,1789002535,fuzzy,True,-37.90890681,145.1320219,1726.5148374992423,1575.5093499543145,1726.5148374992423,1575.5093499543145,1726.5176,1575.5092,1722.1289,1574.7433,-1272942443#2,5.624548634082054,50.33488268825277,0,29.136499972082675,2.245,1.256,2.5,4.68,True,0,,False,1726.91,1581.12,-37.908856339259714,145.13202767117173,5.624548634082054,5.624548634082054,short=0.007 small=1.000 angle_diff=4.221 mode=confirmed,,
2026-09-10T11:08:58.710,1789002539,fuzzy,True,-37.90878913,145.1320459,1728.3631909701508,1588.6099854325876,1728.3013085600683,1588.4345668208123,1728.3596,1588.6103,1728.8428,1580.6713,-1272942443#2,0.5257253072172376,97.96278068080676,0,0.029999995604157448,4.227,2.891,356.3,4.72,True,0,,False,1727.7791958287382,1588.496092379987,-37.90879005056031,145.1320392341837,0.5949974391744086,0.5257253072172376,short=0.959 small=1.000 angle_diff=10.421 mode=following,,
2026-09-10T11:09:00.734,1789002541,fuzzy,True,-37.9086944,145.1320598,1729.3746126800543,1599.146181775257,1729.290986358268,1597.9243365773434,1729.3731,1599.1461,1727.8004,1588.6762,-1272942443#2,0.3980160045955216,98.32668045352679,0,0.051900045946240425,4.621,4.227,5.6,4.74,True,0,,False,1728.8957053618624,1597.970916334694,-37.90870490062584,145.13205408720427,1.2690945887519087,0.3980160045955216,short=0.967 small=1.000 angle_diff=1.121 mode=confirmed,,
2026-09-10T11:09:02.755,1789002543,fuzzy,True,-37.90859914,145.1320767,1730.6486127654207,1609.7464741421863,1730.4917973273807,1608.4522738334936,1730.6496,1609.7462,1729.0388,1599.1855,-1272942443#2,9.113859874572858,50.00126817279617,0,0.04409998655319214,4.889,4.621,7.5,4.75,True,0,,False,1729.07,1599.45,-37.908691608148736,145.1320564058571,10.416784437812872,9.113859874572858,short=0.000 small=1.000 angle_diff=0.779 mode=entering_pending,,
2026-09-10T11:09:04.800,1789002545,fuzzy,True,-37.90850578,145.1320856,1731.2234988441924,1620.121839493513,1731.3375699414944,1619.121347764614,1731.2259,1620.1223,1730.3157,1609.7871,-1272942443#1,0.12021119108478011,98.9141058767497,0,0.037199934013187885,5.022,4.889,7.9,4.75,True,0,,False,1731.4568899935844,1619.1067376437634,-37.908514966407495,145.13208802232504,1.0415868633867416,0.12021119108478011,short=0.978 small=1.000 angle_diff=0.919 mode=confirmed,,
2026-09-10T11:09:06.829,1789002547,fuzzy,True,-37.90841206,145.1320783,1730.3733158264658,1630.5086132911965,1731.64739470173,1629.3859373478385,1730.3721,1630.5083,1731.576,1620.0795,-1272942443#1,1.060211757957999,95.45899016801332,0,0.014899997040629387,5.241,5.022,9.4,7.51,True,0,,False,1732.6997469914324,1629.2570822739358,-37.9084237540141,145.1321044656457,2.6417062388716817,1.060211757957999,short=0.909 small=1.000 angle_diff=2.419 mode=following,,
2026-09-10T11:09:08.865,1789002549,fuzzy,True,-37.90831408,145.1321039,1732.406164638931,1641.4260556353256,1732.394251152725,1640.1293337698114,1732.4034,1641.4255,1732.8163,1630.209,-1272942443#1,1.6246131986547252,90.11410387217279,0,0.014299992471933365,5.11,5.241,11.4,7.35,True,0,,False,1734.0068209121644,1639.931882975473,-37.90832782878124,145.1321217585241,2.189669482477369,1.6246131986547252,short=0.802 small=1.000 angle_diff=4.419 mode=following,,
2026-09-10T11:09:10.900,1789002551,fuzzy,True,-37.90820435,145.1321049,1732.250107034226,1653.603999347426,1732.797534920695,1651.540482747532,1732.2464,1653.6035,1734.1633,1641.21,-1272942443#1,2.6111970960357436,72.78190593386333,0,0.014299992471933365,5.362,5.11,10.5,7.8,True,0,,False,1735.3893749208191,1651.22312539674,-37.90822636411231,145.13214004996635,3.939995384876798,2.6111970960357436,short=0.456 small=1.000 angle_diff=3.519 mode=following,,
2026-09-10T11:09:12.948,1789002553,fuzzy,True,-37.90809307,145.1321135,1732.7587834526785,1665.967326803133,1733.1768497112123,1663.5747801057753,1732.7623,1665.9673,1735.6301,1653.1892,-1272942443#1,2.494798580836053,75.1040277828643,0,0.04980002995580435,5.402,5.362,9.3,7.71,True,0,,False,1735.6459835296967,1663.9317088736807,-37.90811192846293,145.13214586265238,3.532656881079882,2.494798580836053,short=0.502 small=1.000 angle_diff=17.525 mode=following,,
2026-09-10T11:09:14.964,1789002555,fuzzy,True,-37.90798346,145.132127,1733.7019763602875,1678.1539743822068,1733.7372218451292,1675.9573239856818,1733.7061,1678.154,1735.2987,1666.334,-1272942443#1,1.6685645730032013,89.54448527157409,0,0.014999997802078724,5.78,5.402,8.9,7.42,True,0,,False,1735.3849692270828,1675.69457638903,-37.908005918619196,145.13214557470008,2.9801180309721778,1.6685645730032013,short=0.791 small=1.000 angle_diff=0.160 mode=following,,
2026-09-10T11:09:16.985,1789002557,fuzzy,True,-37.90790482,145.1321639,1736.771325328271,1686.9452586760744,1735.453718297211,1687.070136592406,1736.7688,1686.9451,1735.7258,1677.8319,-1272942443#1,1.7234094803485827,88.80033341796683,0,0.020000035874545574,5.045,5.78,11.2,6.49,True,0,,False,1737.155626335548,1686.7987526098293,-37.90790620912506,145.13216823597278,0.4112800647257935,1.7234094803485827,short=0.776 small=1.000 angle_diff=2.140 mode=following,,
2026-09-10T11:09:19.031,1789002559,fuzzy,True,-37.90782482,145.1321636,1736.567083476577,1695.8219242310151,1736.429588275139,1697.0847704566702,1736.5658,1695.8216,1737.1688,1686.8813,-1272942443#1,2.3367113533959776,78.24732266753972,0,0.02350006252527237,4.75,5.045,8.1,5.82,True,0,,False,1738.737146566401,1696.716810293721,-37.90781715032719,145.13218847657234,2.347337828060041,2.3367113533959776,short=0.565 small=1.000 angle_diff=0.960 mode=following,,
2026-09-10T11:09:21.077,1789002561,fuzzy,True,-37.9077477,145.1322051,1740.0442491235444,1704.4526432398707,1738.6172142238065,1706.2994344280871,1740.0436,1704.4531,1738.5441,1695.5062,-1272942443#1,1.8434829343074164,87.04284725245351,0,0.04789989907294512,4.686,4.75,7.3,5.44,True,0,,False,1740.3169395476937,1705.5857376070073,-37.90773754203041,145.13220845849062,1.16544537077442,1.8434829343074164,short=0.741 small=1.000 angle_diff=15.477 mode=confirmed,,
2026-09-10T11:09:23.119,1789002563,fuzzy,True,-37.90767421,145.1322265,1741.7623241914553,1712.645151742734,1740.7692422775679,1714.768257271526,1741.7624,1712.6449,1739.9726,1704.4644,-1272942443#1,8.008360988297563,50.00743539707099,0,0.054999953135848045,4.043,4.686,4,5.06,True,0,,False,1740.81,1706.76,-37.90772705298304,145.13221433187067,5.961705494289059,8.008360988297563,short=0.000 small=1.000 angle_diff=18.777 mode=entering_pending,,
2026-09-10T11:09:27.190,1789002567,fuzzy,True,-37.90757032,145.1322276,1741.6280625027139,1724.1752349557355,1742.3468336073906,1727.7956573794443,1741.6243,1724.1751,1744.0294,1718.4149,-1272942443#0,11.276628336560226,50.00003984223092,0,0.044199987314641476,2.786,3.22,353.7,4.48,True,0,,False,1743.61,1716.59,-37.907639007332286,145.1322484058723,7.839889385499099,11.276628336560226,short=0.000 small=1.000 angle_diff=20.656 mode=confirmed,,
2026-09-10T11:09:29.234,1789002569,fuzzy,True,-37.90753798,145.1321181,1731.9290316894185,1727.570950540714,1737.0355249220106,1731.2783657207344,1731.9249,1727.5709,1741.5934,1724.2687,-1272942443#0,16.09260109793165,10.000000014353352,0,0.04249997437000275,4.324,2.786,291.2,4.24,True,0,,False,1743.61,1716.59,-37.907639007332286,145.1322484058723,16.032039653469408,16.09260109793165,short=0.000 small=0.000 angle_diff=83.156 mode=entering_pending,,
2026-09-10T11:09:31.273,1789002571,fuzzy,True,-37.90752425,145.1319933,1720.9262104933732,1728.8746434850618,1728.2394394456076,1733.2603194543037,1720.928,1728.8746,1731.8829,1727.2104,-996237862#0,19.673086271858487,10.000000000046663,0,0.027700094506144524,5.294,4.324,279.8,4.02,True,0,,False,1744.61,1722.35,-37.90758730034565,145.13226108750428,24.56609163056592,19.673086271858487,short=0.000 small=0.000 angle_diff=89.081 mode=confirmed,,
2026-09-10T11:09:33.312,1789002573,fuzzy,True,-37.90751024,145.1318477,1708.0940462810686,1730.1727455127984,1716.5488540979663,1734.3826280319574,1708.0969,1730.1725,1720.8823,1728.4721,-996237862#0,30.532147757579466,10.0,0,0.041899969801306725,6.348,5.294,276.6,3.97,True,0,,False,1744.61,1722.35,-37.90758730034565,145.13226108750428,37.344480493924976,30.532147757579466,short=0.000 small=0.000 angle_diff=92.281 mode=entering_pending,,
2026-09-10T11:09:35.352,1789002576,fuzzy,True,-37.90749283,145.131628,1688.7395129092038,1731.7175418939441,1697.2578930336551,1735.6164168011342,1688.7382,1731.7179,1708.069,1729.9267,1209653411,31.614485009579553,50.0,0,0.0385999446734786,6.548,6.348,278.3,4.15,True,0,,False,1727.86,1727.68,-37.90753626320709,145.13207186182467,39.32828822573518,31.614485009579553,short=0.000 small=1.000 angle_diff=1.642 mode=confirmed,,
2026-09-10T11:09:37.385,1789002578,fuzzy,True,-37.907479,145.1314802,1675.714314861456,1732.9917433215305,1681.6546321580468,1735.4584287048665,1675.7118,1732.992,1688.8072,1732.2783,1209653411,46.85552230556061,50.0,0,0.056900084018707275,6.572,6.548,278.1,4.06,True,0,,False,1727.86,1727.68,-37.90753626320709,145.13207186182467,52.41552342276083,46.85552230556061,short=0.000 small=1.000 angle_diff=1.442 mode=entering_pending,,
2026-09-10T11:09:39.431,1789002580,fuzzy,True,-37.90744598,145.1313347,1662.8486413902137,1736.3993946071714,1667.0344253614762,1736.8107522689108,1662.848,1736.3999,1675.8205,1733.8758,1209653411,61.50708225158168,50.0,0,0.05719996988773346,6.535,6.572,278.1,4.43,True,0,,False,1727.86,1727.68,-37.90753626320709,145.13207186182467,65.59347978729124,61.50708225158168,short=0.000 small=1.000 angle_diff=1.442 mode=entering_pending,,
2026-09-10T11:09:41.477,1789002582,fuzzy,True,-37.90745519,145.1311883,1649.99776833551,1735.1193906767294,1652.6462505555464,1736.9309050494094,1649.9997,1735.1191,1662.7355,1735.4855,1209653410,0.2028229647804173,98.76444747867154,0,0.052299932576715946,6.378,6.535,277.2,4.58,True,0,,False,1652.621487440333,1736.7295994529466,-37.907441158658585,145.13121849742402,3.0784207386288798,0.2028229647804173,short=0.975 small=1.000 angle_diff=0.187 mode=confirmed,,
2026-09-10T11:09:43.522,1789002584,fuzzy,True,-37.90743482,145.1310711,1639.6483322769636,1737.1731773009524,1639.687396645704,1737.6393464540668,1639.6456,1737.1734,1650.2339,1737.0233,1209653410,0.6762114831814557,97.4366049772348,0,0.010399962775409222,5.543,6.378,282.5,4.48,True,0,,False,1639.7699568374692,1738.3104990333825,-37.90742459670308,145.13107274204708,1.1438064769776373,0.6762114831814557,short=0.949 small=1.000 angle_diff=5.487 mode=following,,
2026-09-10T11:09:45.568,1789002586,fuzzy,True,-37.90741653,145.1309364,1627.7649324197555,1738.9652965581045,1627.2047900364767,1738.780705698309,1627.7617,1738.9651,1639.7852,1738.3086,1209653410,1.0674207442896197,95.41114411332032,0,0.03469991497695446,5.828,5.543,277.9,4.69,True,0,,False,1627.3351138531148,1739.8401408063532,-37.90740857156867,145.13093171259374,0.9747289156083798,1.0674207442896197,short=0.908 small=1.000 angle_diff=0.887 mode=confirmed,,
2026-09-10T11:09:47.602,1789002588,fuzzy,True,-37.90738725,145.1308054,1616.1823755856603,1741.983425945975,1615.1865992285893,1740.7673044640928,1616.1809,1741.9838,1627.8614,1739.7754,1209653410,7.361132875208775,50.020937605413906,0,0.03390002530068159,5.849,5.828,277.9,4.86,True,0,,False,1622.54,1740.43,-37.90740239192486,145.13087732895093,6.544655862872779,7.361132875208775,short=0.000 small=1.000 angle_diff=0.887 mode=entering_pending,,
2026-09-10T11:09:49.638,1789002590,fuzzy,True,-37.90737097,145.1306708,1604.312226242444,1743.5526483440772,1603.3886445266105,1742.7532786236313,1604.31,1743.5525,1616.5333,1742.0599,1147258794#0,0.04336882352650626,99.03731435793499,0,0.03330002073198557,5.867,5.849,278.7,4.84,True,0,,False,1603.3835872060165,1742.7102056812837,-37.9073783911756,145.13066004977037,1.2538261841545568,0.04336882352650626,short=0.981 small=1.000 angle_diff=2.003 mode=confirmed,,
2026-09-10T11:09:51.671,1789002592,fuzzy,True,-37.90735952,145.130537,1592.5231547788717,1744.5873035062104,1591.7020988191928,1744.415774033942,1592.5225,1744.5868,1604.1998,1742.6144,1147258794#0,6.579785898141527,50.07301460488245,0,0.050900038331747055,5.765,5.867,274.2,5.0,True,0,,False,1598.19,1743.32,-37.907371959846564,145.13060114027806,5.806822964158533,6.579785898141527,short=0.001 small=1.000 angle_diff=2.497 mode=confirmed,,
2026-09-10T11:09:53.708,1789002594,fuzzy,True,-37.90735282,145.1304214,1582.3447804509779,1745.126948765479,1580.8378759987813,1745.5924991285794,1582.3448,1745.127,1592.531,1743.5732,1147258794#0,17.500298844393075,50.00000000188667,0,0.05570007488131523,5.425,5.765,274.2,4.88,True,0,,False,1598.19,1743.32,-37.907371959846564,145.13060114027806,15.947916678920222,17.500298844393075,short=0.000 small=1.000 angle_diff=2.497 mode=entering_pending,,
2026-09-10T11:09:55.730,1789002596,fuzzy,True,-37.90740172,145.1302707,1569.2041792010423,1739.4350375998765,1569.1375548023132,1743.565076922308,1569.207,1739.4356,1582.8443,1742.6843,1147258794#2,4.446607976898149,52.125506454936335,0,0.06430002395063639,5.918,5.425,247.4,4.86,True,0,,False,1570.7454711212065,1739.4193649675708,-37.90740213965117,145.13028822015585,1.5413716017128627,4.446607976898149,short=0.043 small=1.000 angle_diff=1.401 mode=confirmed,,
2026-09-10T11:09:57.765,1789002598,fuzzy,True,-37.90746615,145.1301432,1558.1378846860607,1732.060731724836,1557.7287644794621,1738.6519870460293,1558.14,1732.0612,1569.4536,1738.901,1147258794#2,6.5824013094344815,50.07271014551929,0,0.04549999721348286,5.988,5.918,229.6,4.94,True,0,,False,1563.74,1735.97,-37.90743194661295,145.13020778481163,6.831257163793324,6.5824013094344815,short=0.001 small=1.000 angle_diff=12.036 mode=confirmed,,
2026-09-10T11:09:59.802,1789002600,fuzzy,True,-37.90758172,145.1300857,1553.3397695865715,1719.1351113393903,1549.3793571992846,1729.1561555702708,1553.3385,1719.1353,1559.2258,1731.3058,1147258794#2,15.895173404599586,50.00000002460652,0,0.044899992644786835,6.183,5.988,221.5,4.9,True,0,,False,1563.74,1735.97,-37.90743194661295,145.13020778481163,19.78833668774438,15.895173404599586,short=0.000 small=1.000 angle_diff=20.136 mode=confirmed,,
2026-09-10T11:10:01.829,1789002602,fuzzy,True,-37.90764228,145.1299724,1543.5133510350715,1712.2152604833245,1540.9066374929316,1719.4420921101419,1543.5177,1712.2158,1552.7652,1717.8131,1147258794#2,28.187482728949604,50.0,0,0.048200017772614956,6.131,6.183,236.5,4.87,True,0,,False,1563.74,1735.97,-37.90743194661295,145.13020778481163,31.199438742636808,28.187482728949604,short=0.000 small=1.000 angle_diff=5.136 mode=confirmed,,
2026-09-10T11:10:03.876,1789002604,fuzzy,True,-37.90760943,145.1298189,1529.944670386496,1715.589730949141,1530.4574102936228,1714.7292021792114,1529.9416,1715.5894,1541.9885,1716.9977,1147258794#2,39.482936436220946,50.0,0,0.04369998350739479,6.12,6.131,263.4,4.82,True,0,,False,1563.74,1735.97,-37.90743194661295,145.13020778481163,39.46491695507264,39.482936436220946,short=0.000 small=1.000 angle_diff=21.764 mode=confirmed,,
2026-09-10T11:10:05.916,1789002606,fuzzy,True,-37.90762443,145.1297041,1519.884968351631,1713.7227689800784,1520.1111339522797,1711.503856095405,1519.8856,1713.7225,1529.9549,1715.7226,,,,0,0.05040003452450037,5.565,6.12,283.7,4.66,False,,,False,,,,,,,,,no_match
2026-09-10T11:10:07.958,1789002608,fuzzy,True,-37.90756423,145.1296124,1511.6887753895135,1720.24110752251,1510.7439827862981,1713.1491271874106,1511.691,1720.2409,1522.4096,1718.283,1147258794#2,57.70069389914966,11.735673098788224,0,12.23220000974834,5.115,5.565,304.9,4.63,True,0,,False,1563.74,1735.97,-37.90743194661295,145.13020778481163,54.37580382872296,57.70069389914966,short=0.000 small=0.043 angle_diff=63.264 mode=entering_pending,,
2026-09-10T11:10:12.036,1789002612,fuzzy,True,-37.90762334,145.129471,1499.3886373038404,1713.4325339021161,1495.9432791099018,1711.1113144414617,1499.3919,1713.4323,1504.626,1721.4932,1147258794#2,72.21045361405895,50.0,0,12.958800070919096,4.187,3.695,217.5,4.74,True,0,,False,1563.74,1735.97,-37.90743194661295,145.13020778481163,68.18383429351823,72.21045361405895,short=0.000 small=1.000 angle_diff=24.136 mode=entering_pending,,
2026-09-10T11:10:14.075,1789002614,fuzzy,True,-37.90772286,145.1294545,1498.159560738597,1702.3601928101853,1492.8445675673406,1705.7913508190406,1498.1558,1702.3603,1499.7802,1713.377,1147258794#2,77.05136732207413,24.864326901211793,0,12.69910007249564,5.259,4.187,191.5,4.77,True,0,,False,1563.74,1735.97,-37.90743194661295,145.13020778481163,73.69133702854825,77.05136732207413,short=0.000 small=0.372 angle_diff=50.136 mode=entering_pending,,
2026-09-10T11:10:16.102,1789002616,fuzzy,True,-37.90782895,145.129436,1496.7692797776544,1690.5552831338719,1490.8179264561097,1697.3139392407102,1496.7727,1690.555,1498.205,1702.3532,1147258794#2,82.53435553371973,21.264326901211803,0,12.905600015074015,5.872,5.259,187.9,4.91,True,0,,False,1563.74,1735.97,-37.90743194661295,145.13020778481163,80.91708024348303,82.53435553371973,short=0.000 small=0.282 angle_diff=53.736 mode=entering_pending,,
2026-09-10T11:10:18.145,1789002618,fuzzy,True,-37.90793824,145.1294164,1495.289418771048,1678.3933444032446,1489.896698926097,1686.1546313863498,1495.2887,1678.3936,1496.5064,1690.5935,-10539447#0,5.906841335139902,50.213694856203034,0,11.902200058102608,6.045,5.872,188.8,4.78,True,0,,False,1495.742811518309,1685.3097987889093,-37.90787601696924,145.12942313280203,6.9312990306471844,5.906841335139902,short=0.004 small=1.000 angle_diff=0.577 mode=confirmed,,
2026-09-10T11:10:20.167,1789002620,fuzzy,True,-37.90805704,145.1293864,1492.9163871505298,1665.157780633308,1488.994408523462,1673.052673177421,1492.9121,1665.1572,1494.7545,1678.4708,-10539447#0,4.925932966049459,51.010171332564006,0,0.020200037397444248,6.451,6.045,190,4.78,True,0,,False,1493.869697549747,1672.348136098057,-37.90799243997536,145.12939887919094,7.2532759789423125,4.925932966049459,short=0.020 small=1.000 angle_diff=1.777 mode=following,,
2026-09-10T11:10:22.207,1789002622,fuzzy,True,-37.90817003,145.1293646,1491.2513576347847,1652.5813887417316,1488.2797803267222,1659.1088386797464,1491.2538,1652.5812,1492.8322,1665.1687,-10539447#0,3.638881463241589,56.958443043365314,0,0.01200009137392044,6.413,6.451,188.3,4.77,True,0,,False,1491.8812501372058,1658.58838358303,-37.90811603149745,145.12937313211782,6.039929766809509,3.638881463241589,short=0.139 small=1.000 angle_diff=0.077 mode=following,,
2026-09-10T11:10:24.247,1789002624,fuzzy,True,-37.90829158,145.1293446,1489.763647927437,1639.058311527595,1487.6365247796155,1644.4163539912167,1489.7635,1639.0583,1491.0181,1652.6153,-10539447#0,2.174114567126978,81.37394883541333,0,0.011200085282325745,6.632,6.413,188.1,4.73,True,0,,False,1489.7882870882083,1644.1053988203114,-37.908246119155294,145.12934603163956,5.047147434793596,2.174114567126978,short=0.627 small=1.000 angle_diff=0.123 mode=following,,
2026-09-10T11:10:26.291,1789002626,fuzzy,True,-37.90840631,145.1293252,1488.3135091998265,1626.2930733207613,1486.9399261595538,1629.8085669019354,1488.3172,1626.2937,1489.0733,1639.158,-10539447#0,0.774256288245622,97.0271106670002,0,0.010800082236528397,6.395,6.632,187.8,4.63,True,0,,False,1487.7062222524223,1629.6978280291655,-37.90837552942569,145.12931907217146,3.4584898526507284,0.774256288245622,short=0.941 small=1.000 angle_diff=0.423 mode=following,,
2026-09-10T11:10:28.332,1789002629,fuzzy,True,-37.90857858,145.1292882,1485.444151321135,1607.1118580549955,1485.0944741689161,1608.820004894086,1485.4461,1607.1115,1487.2368,1626.4498,-10539447#0,1.4049541203252716,92.6107064226392,0,0.043599982745945454,6.466,6.395,188.2,4.27,True,0,,False,1484.89,1610.21,-37.90855057106672,145.1292826063533,3.147311106025557,1.4049541203252716,short=0.852 small=1.000 angle_diff=0.023 mode=confirmed,,
2026-09-10T11:10:30.362,1789002631,fuzzy,True,-37.90868878,145.1292633,1483.5003938882146,1594.839585725218,1483.591282350113,1595.279833656775,1483.5024,1594.84,1485.1997,1607.0061,-10539447#0,14.98654511788812,50.000000105300344,0,0.038499943912029266,6.338,6.466,190.1,4.39,True,0,,False,1484.89,1610.21,-37.90855057106672,145.1292826063533,15.433102090128648,14.98654511788812,short=0.000 small=1.000 angle_diff=1.877 mode=entering_pending,,
2026-09-10T11:10:32.406,1789002633,fuzzy,True,-37.90880577,145.1292417,1481.8618918436696,1581.8196825785562,1482.0043846388708,1581.932158242143,1481.8592,1581.8192,1482.7883,1594.9345,-4577073#9,0.9286350314518652,96.25651024330907,0,0.03600004129111767,6.554,6.338,188.5,4.14,True,0,,False,1481.0837752266793,1582.0539832470647,-37.90880351870046,145.12923290649496,0.8126267734328351,0.9286350314518652,short=0.925 small=1.000 angle_diff=0.962 mode=confirmed,,
2026-09-10T11:10:34.436,1789002635,fuzzy,True,-37.90892895,145.1292209,1480.3075148561038,1568.1143168890849,1480.4180162503208,1568.4009286683936,1480.3103,1568.1139,1481.0666,1581.924,-4577073#9,1.197001576229105,94.47083847458342,0,0.012499978765845299,6.863,6.554,188.7,4.22,True,0,,False,1479.2327871047592,1568.568394026024,-37.90892466528123,145.12920878423841,1.1667158119272765,1.197001576229105,short=0.889 small=1.000 angle_diff=0.658 mode=following,,
2026-09-10T11:10:36.470,1789002637,fuzzy,True,-37.90904376,145.1292006,1478.7784640415339,1555.3386096237227,1478.8416791800962,1555.1905521413528,1478.7789,1555.339,1479.1909,1568.272,-4577073#9,1.4843527355794746,91.7744216732325,0,0.011899974197149277,6.542,6.863,188.9,4.16,True,0,,False,1477.3719249546714,1555.39821908737,-37.90904296874532,145.1291846215998,1.4078016518772467,1.4843527355794746,short=0.835 small=1.000 angle_diff=0.858 mode=following,,
2026-09-10T11:10:38.516,1789002639,fuzzy,True,-37.90916468,145.1291757,1476.858607404225,1541.8767893016338,1477.084274776874,1541.880988865381,1476.8585,1541.8767,1477.3913,1555.5351,-4577073#9,1.6062939740676245,90.34451764297842,0,0.010899966582655907,6.668,6.542,188.9,4.06,True,0,,False,1475.4937785969087,1542.1057158834305,-37.90916237103562,145.12916023444544,1.383894885146179,1.6062939740676245,short=0.807 small=1.000 angle_diff=0.858 mode=following,,
2026-09-10T11:10:40.542,1789002641,fuzzy,True,-37.9092745,145.1291489,1474.7469968339428,1529.6433270908892,1475.0849787038774,1529.1483740177,1474.7482,1529.6435,1475.4888,1542.0702,-4577073#9,1.4080051146381765,92.57991288945901,0,0.011899974197149277,6.282,6.668,189.1,3.69,True,0,,False,1473.690821225634,1529.345359623025,-37.90927699321186,145.12913682351544,1.0974021721739382,1.4080051146381765,short=0.852 small=1.000 angle_diff=1.058 mode=following,,
2026-09-10T11:10:42.563,1789002643,fuzzy,True,-37.90938893,145.1291247,1472.874244261533,1516.9029028583318,1473.1108112975598,1516.4682946800606,1472.8766,1516.9027,1473.7528,1529.7841,-4577073#9,1.227247852974798,94.2283267732233,0,0.019900035113096237,6.503,6.282,189.1,3.76,True,0,,False,1471.895633345367,1516.6399916140338,-37.909391121437714,145.1291135133908,1.013312216257915,1.227247852974798,short=0.885 small=1.000 angle_diff=1.058 mode=following,,
2026-09-10T11:10:44.603,1789002645,fuzzy,True,-37.90951519,145.129106,1471.5113868610351,1502.8594664437696,1471.3951164448602,1503.203079072913,1471.5102,1502.8592,1471.9512,1517.0334,-4577073#9,1.3842840132593204,92.81655392303509,0,0.017900019884109497,6.959,6.503,189.1,4.08,True,0,,False,1470.0244467725456,1503.3967460002973,-37.909510081235524,145.12908921635525,1.5810313559887992,1.3842840132593204,short=0.856 small=1.000 angle_diff=1.058 mode=following,,
2026-09-10T11:10:46.638,1789002647,fuzzy,True,-37.9096467,145.1290762,1469.1843545496813,1488.2138771098107,1469.4398717243073,1489.3537035633203,1469.184,1488.2137,1469.9791,1503.0755,-4577073#9,5.345943801797255,50.521022423434864,0,0.06009999196976423,7.323,6.959,188.8,4.71,True,0,,False,1468.79,1494.66,-37.90958856059778,145.1290731872293,6.4581743415827475,5.345943801797255,short=0.010 small=1.000 angle_diff=0.758 mode=confirmed,,
2026-09-10T11:10:48.680,1789002649,fuzzy,True,-37.90977783,145.1290574,1467.8235662769293,1473.6298630870879,1467.6901951271916,1475.0624563192298,1467.828,1473.6299,1469.7321,1487.4087,-4577073#9,19.62837968549499,50.000000000062656,0,0.051600043661892414,7.246,7.323,188.9,5.1,True,0,,False,1468.79,1494.66,-37.90958856059778,145.1290731872293,21.05233128935893,19.62837968549499,short=0.000 small=1.000 angle_diff=0.858 mode=entering_pending,,
2026-09-10T11:10:50.726,1789002651,fuzzy,True,-37.90989822,145.1290296,1465.6476189935347,1460.2217315891758,1465.7740991393794,1460.8770430964416,1465.6462,1460.2216,1468.6,1474.87,-4577073#4,1.672685957410886,89.48985206019667,0,0.048600020818412304,6.854,7.246,188.9,4.85,True,0,,False,1464.115652195464,1461.0948320914285,-37.90989007793249,145.12901238096285,1.7632999624071477,1.672685957410886,short=0.790 small=1.000 angle_diff=1.419 mode=confirmed,,
2026-09-10T11:10:52.757,1789002653,fuzzy,True,-37.91002136,145.1290042,1463.6888038247125,1446.5126802334562,1463.832571089303,1446.8440134562547,1463.6886,1446.5129,1464.0289,1460.434,-4577073#4,1.5748302669916976,90.73067983358239,0,0.011599971912801266,6.956,6.854,189,5.36,True,0,,False,1462.271146823196,1447.049061331263,-37.910016271838984,145.1289882037861,1.5157361432760088,1.5748302669916976,short=0.815 small=1.000 angle_diff=1.519 mode=following,,
2026-09-10T11:10:54.792,1789002655,fuzzy,True,-37.91014228,145.12899,1462.7097109706956,1433.0697337891906,1462.3040722520973,1433.0160808043897,1462.7073,1433.0698,1462.226,1446.705,-4577073#4,1.8594617497912906,86.79592100682451,0,0.015099998563528061,6.764,6.956,185.9,5.01,True,0,,False,1460.4604275422362,1433.2580977102828,-37.91014017648578,145.12896446881348,2.2571568196098735,1.8594617497912906,short=0.736 small=1.000 angle_diff=1.579 mode=following,,
2026-09-10T11:10:56.836,1789002657,fuzzy,True,-37.91026796,145.1289663,1460.9060245934525,1419.081829519011,1460.7214928765811,1419.1184095459275,1460.9104,1419.082,1460.4742,1433.3629,-4577073#4,2.0991855857547836,82.75239801512575,0,0.041499966755509377,6.985,6.764,188.6,4.5,True,0,,False,1458.640163480788,1419.3916275351746,-37.91026475957705,145.12894060799718,2.2869414930652967,2.0991855857547836,short=0.655 small=1.000 angle_diff=1.121 mode=confirmed,,
2026-09-10T11:10:58.880,1789002659,fuzzy,True,-37.91039238,145.1289342,1458.3610482780496,1405.2189172236249,1458.7633133030868,1405.236700036584,1458.3646,1405.2186,1458.6387,1419.3802,-4577073#4,10.589933559375783,50.00011953837836,0,0.04349998198449612,6.895,6.985,191.8,5.58,True,0,,False,1458.17,1415.81,-37.910296938653865,145.1289344448745,10.59280575771,10.589933559375783,short=0.000 small=1.000 angle_diff=4.321 mode=entering_pending,,
2026-09-10T11:11:00.908,1789002661,fuzzy,True,-37.91051662,145.1289136,1456.826709559653,1391.3962710993364,1456.9199010005655,1391.3749490457467,1456.8248,1391.3959,1456.8355,1405.4144,-4577073#3,1.8661184604610261,86.69216674080562,0,0.03879994619637728,6.92,6.895,188.4,6.03,True,0,,False,1455.0688824329818,1391.6118633149117,-37.910514360052055,145.12889366274848,1.7709986478474762,1.8661184604610261,short=0.734 small=1.000 angle_diff=1.106 mode=confirmed,,
2026-09-10T11:11:02.942,1789002663,fuzzy,True,-37.91063651,145.1288885,1454.8870695723454,1378.048380942084,1455.019559298161,1377.7321621231013,1454.8858,1378.0485,1455.07,1391.6205,-4577073#3,1.7127016890047384,88.9485275677734,0,0.011899974197149277,6.89,6.92,188.9,5.78,True,0,,False,1453.3206950528624,1377.9494346514282,-37.91063711809749,145.12887066774573,1.569496576523768,1.7127016890047384,short=0.779 small=1.000 angle_diff=1.612 mode=following,,
2026-09-10T11:11:04.985,1789002665,fuzzy,True,-37.91076064,145.1288732,1453.8184507174883,1364.247292415239,1453.5079631149747,1364.0893097903993,1453.8145,1364.2476,1453.3583,1378.2438,-4577073#3,1.9440439674146874,85.43965498712798,0,0.012100092135369778,6.716,6.89,187.4,4.89,True,0,,False,1451.5796256766853,1364.335930291033,-37.910759436700275,145.12884776475605,2.240578995784783,1.9440439674146874,short=0.709 small=1.000 angle_diff=0.112 mode=following,,
2026-09-10T11:11:07.031,1789002667,fuzzy,True,-37.91087666,145.1288517,1452.1866993585136,1351.3351883590221,1451.9519516232967,1350.7750374312968,1452.1836,1351.3349,1451.6045,1364.5302,-4577073#3,2.0896462818225556,82.9244277592216,0,0.011899974197149277,6.377,6.716,188.7,5.19,True,0,,False,1449.8791882364792,1351.0401289728509,-37.91087890070309,145.12882539618008,2.3262991251513947,2.0896462818225556,short=0.658 small=1.000 angle_diff=1.412 mode=following,,
2026-09-10T11:11:09.079,1789002669,fuzzy,True,-37.91100317,145.1288209,1449.7607118812157,1337.2426480725408,1450.0528613093732,1337.1833347088154,1449.7646,1337.2427,1449.9534,1351.6202,-4577073#3,4.829999870069747,51.173823971384785,0,0.031200004741549492,6.767,6.377,188.7,5.46,True,0,,False,1448.7,1341.82,-37.9109617444085,145.12880988438224,4.698644523984152,4.829999870069747,short=0.023 small=1.000 angle_diff=1.412 mode=entering_pending,,
2026-09-10T11:11:11.125,1789002671,fuzzy,True,-37.9111376,145.1287904,1447.3787508165697,1322.2717928756028,1447.9339901358894,1323.0467671008096,1447.3747,1322.2715,1448.1365,1337.4528,-4577073#2,7.002866108292264,50.03713090408917,0,0.0241999514400959,7.255,6.767,188.7,5.79,True,0,,False,1447.19,1330.01,-37.91106785841185,145.12879002007892,7.740508792762043,7.002866108292264,short=0.001 small=1.000 angle_diff=1.462 mode=confirmed,,
2026-09-10T11:11:13.171,1789002673,fuzzy,True,-37.91126207,145.1287656,1445.475727257086,1308.4162076516077,1445.7788136805489,1308.8494480572424,1445.472,1308.4162,1446.9143,1322.6639,-4577073#2,21.20755538364449,50.00000000000501,0,0.03799994010478258,6.877,7.255,188.9,4.91,True,0,,False,1447.19,1330.01,-37.91106785841185,145.12879002007892,21.661731210191487,21.20755538364449,short=0.000 small=1.000 angle_diff=1.662 mode=entering_pending,,
2026-09-10T11:11:15.202,1789002675,fuzzy,True,-37.91137062,145.128743,1443.7306605614722,1296.3310675648972,1443.7827546966712,1295.667722069392,1443.7317,1296.3313,1444.2717,1308.5825,-4577073#1,1.2875118753141426,93.71750280328035,0,0.03599992487579584,6.108,6.877,188.9,4.47,True,0,,False,1442.5074171799213,1295.8443602516888,-37.91137478315734,145.12872898049864,1.316513721629449,1.2875118753141426,short=0.874 small=1.000 angle_diff=1.015 mode=confirmed,,
2026-09-10T11:11:17.245,1789002677,fuzzy,True,-37.91149985,145.1287287,1442.761356283212,1281.9658180996776,1442.3828467562098,1281.9717843231267,1442.7583,1281.966,1442.5966,1296.4885,-4577073#1,1.7197054458516248,88.85175606994372,0,0.0127000967040658,6.771,6.108,188.9,3.57,True,0,,False,1440.6783034334437,1282.199641474222,-37.91149736697002,145.12870506879474,2.09613514483477,1.7197054458516248,short=0.777 small=1.000 angle_diff=1.286 mode=following,,
2026-09-10T11:11:19.279,1789002679,fuzzy,True,-37.91161248,145.1286973,1440.2517458837247,1269.4124082177877,1440.3837883126857,1268.9744165460907,1440.2546,1269.4126,1440.6841,1282.2433,-4577073#1,1.4603944519894276,92.03448582467533,0,0.017799902707338333,6.505,6.771,188.9,3.02,True,0,,False,1438.9362697171332,1269.167915566582,-37.91161444454863,145.12868228703752,1.338003812163387,1.4603944519894276,short=0.841 small=1.000 angle_diff=1.286 mode=following,,
2026-09-10T11:11:21.324,1789002681,fuzzy,True,-37.91171807,145.1286917,1439.994644614635,1257.6857258183882,1439.4009431902564,1256.8067465183572,1439.9924,1257.6851,1438.9915,1269.5815,-4577073#1,2.098404025015224,82.76652339986153,0,0.018400023691356182,5.945,6.505,188.9,2.78,True,0,,False,1437.3210401592266,1257.084780389879,-37.91172299994026,145.128661163513,2.7403095066115766,2.098404025015224,short=0.655 small=1.000 angle_diff=1.286 mode=following,,
2026-09-10T11:11:23.371,1789002684,fuzzy,True,-37.91184553,145.128666,1438.0191947358544,1243.4967627171427,1437.7304993628743,1241.5792986129145,1438.0179,1243.4964,1437.4468,1258.0254,-4577073#1,2.460291014248562,75.79391267287231,0,0.021700048819184303,4.414,5.945,188.8,2.56,True,0,,False,1435.2918999908045,1241.905281706545,-37.91185937318069,145.12863462688293,3.157680863144587,2.460291014248562,short=0.516 small=1.000 angle_diff=1.186 mode=following,,
2026-09-10T11:11:25.411,1789002686,fuzzy,True,-37.91192503,145.128661,1437.7567276044283,1234.6662167478353,1437.242962678734,1232.9207561473688,1437.758,1234.6662,1435.5487,1243.8264,-4577073#1,3.124290434635955,63.45823471720869,0,0.01479999627918005,4.262,4.414,188.8,2.47,True,0,,False,1434.1462181684535,1233.3347176890666,-37.911936371475186,145.12861964387076,3.8482032340775576,3.124290434635955,short=0.269 small=1.000 angle_diff=1.186 mode=following,,
2026-09-10T11:11:27.444,1789002688,fuzzy,True,-37.91201703,145.1286154,1433.9528113831184,1224.3769501028582,1434.8796517481142,1223.6343930321293,1433.9508,1224.3771,1434.3845,1235.1172,-4577073#1,2.012238584392736,84.28851263070686,0,0.013400102034211159,5.202,4.262,188.8,2.4,True,0,,False,1432.885154463063,1223.9010101741928,-37.91202112428158,145.128603151876,1.1689354621365409,2.012238584392736,short=0.686 small=1.000 angle_diff=1.186 mode=following,,
2026-09-10T11:11:29.476,1789002690,fuzzy,True,-37.91213081,145.1285852,1431.5512967033428,1211.6980436285958,1432.270424821884,1212.5060806846507,1431.5521,1211.6975,1432.9664,1224.5087,-4577073#1,0.9004930867534932,96.40949450145608,0,0.011900090612471104,6.07,5.202,188.8,2.34,True,0,,False,1431.3778711104765,1212.6253940181193,-37.91212242486316,145.1285834398042,0.9434273587354418,0.9004930867534932,short=0.928 small=1.000 angle_diff=1.186 mode=following,,
2026-09-10T11:11:31.521,1789002692,fuzzy,True,-37.91223527,145.1285613,1429.6828820761875,1200.0644500218332,1429.9245378173262,1200.8795527940051,1429.6835,1200.0644,1431.2591,1211.7367,-4577073#1,0.11577817493829998,98.92161515650241,0,0.011999974958598614,6.006,6.07,188.8,2.31,True,0,,False,1429.809780423559,1200.894893144973,-37.91222781214027,145.12856293243786,0.8400827169604681,0.11577817493829998,short=0.978 small=1.000 angle_diff=1.186 mode=following,,
2026-09-10T11:11:33.552,1789002694,fuzzy,True,-37.91235695,145.1285646,1430.2440799816977,1186.568046568893,1429.2619525791051,1187.9128350122403,1430.2481,1186.5686,1429.6985,1200.0624,-4577073#1,5.578033973375318,50.36057010257412,0,0.04509999416768551,6.563,6.006,176.2,2.25,True,0,,False,1429.61,1193.48,-37.91229457095991,145.1285589682136,6.940976707710769,5.578033973375318,short=0.007 small=1.000 angle_diff=3.989 mode=entering_pending,,
2026-09-10T11:11:35.585,1789002696,fuzzy,True,-37.91247759,145.1285554,1429.7040461370489,1173.1649835593998,1428.9429652913154,1174.3117084783391,1429.7023,1173.1649,1429.7001,1186.4752,-4577073#1,19.179894034169376,50.00000000012841,0,0.045599997974932194,6.536,6.563,184.2,2.17,True,0,,False,1429.61,1193.48,-37.91229457095991,145.1285589682136,20.315234127564203,19.179894034169376,short=0.000 small=1.000 angle_diff=4.011 mode=entering_pending,,
2026-09-10T11:11:37.619,1789002698,fuzzy,True,-37.91258599,145.1285439,1428.9345464737853,1161.1160729164258,1428.5491492975298,1161.356899521717,1428.9373,1161.1157,1429.4411,1173.1799,1162333280#0,4.444633805501954,52.131944131135185,0,0.040599959902465343,6.021,6.536,184.8,2.12,True,0,,False,1432.991733227942,1161.2219266123825,-37.91258577022343,145.12859005557033,4.058567402797673,4.444633805501954,short=0.043 small=1.000 angle_diff=3.060 mode=confirmed,,
2026-09-10T11:11:39.662,1789002700,fuzzy,True,-37.91270203,145.1285401,1428.8590008382453,1148.2329798294231,1428.4515090813752,1148.3820666918584,1428.8552,1148.2333,1428.7459,1161.1268,1162333280#0,11.699072753916976,50.000020267462176,0,0.032800016924738884,6.388,6.021,180.8,2.09,True,0,,False,1432.93,1159.19,-37.91260406308958,145.12858888979852,11.688854742592957,11.699072753916976,short=0.000 small=1.000 angle_diff=0.940 mode=entering_pending,,
2026-09-10T11:11:41.703,1789002702,fuzzy,True,-37.91281212,145.1285644,1431.240549711336,1136.0597266368568,1429.975292969566,1135.8558415007897,1431.2366,1136.0598,1428.337,1148.2449,1162333280#1,6.760833619059789,50.054671932297275,0,0.028099981136620045,6.12,6.388,167.4,2.07,True,0,,False,1435.27,1140.06,-37.91277681343545,145.12861112935096,5.6779095280470555,6.760833619059789,short=0.001 small=1.000 angle_diff=18.805 mode=confirmed,,
2026-09-10T11:11:43.741,1789002704,fuzzy,True,-37.91288392,145.1286609,1439.8840843836078,1128.2627570405602,1436.1978833221765,1126.2759801937464,1439.8812,1128.263,1429.1489,1135.6628,1162333280#1,13.815215144135989,50.000000686045944,0,0.033499905839562416,5.544,6.12,128.2,2.05,True,0,,False,1435.27,1140.06,-37.91277681343545,145.12861112935096,12.667466840023836,13.815215144135989,short=0.000 small=1.000 angle_diff=20.395 mode=entering_pending,,
2026-09-10T11:11:45.774,1789002706,fuzzy,True,-37.91290272,145.1287809,1450.4754851353355,1126.3884011190385,1446.0926628940101,1121.9419089379626,1450.4773,1126.3885,1439.054,1126.2873,725249377#0,11.643742366077133,50.00002214352956,0,0.029900111258029938,5.363,5.544,101.7,2.04,True,0,,False,1449.029315227107,1133.2092426670263,-37.91284101486718,145.12876601347693,6.972466337403317,11.643742366077133,short=0.000 small=1.000 angle_diff=2.908 mode=confirmed,,
2026-09-10T11:11:47.818,1789002708,fuzzy,True,-37.91292849,145.1289287,1463.5263767871656,1123.7896641679108,1459.1242595728907,1119.8941394151502,1463.5223,1123.7899,1450.6652,1125.4689,725249377#0,10.922472233170875,50.00007021602673,0,0.013499986380338669,6.426,5.363,98.8,2.03,True,0,,False,1460.4941126793385,1130.7303704089572,-37.91286541830728,145.12889580627748,7.574168518333712,10.922472233170875,short=0.000 small=1.000 angle_diff=1.595 mode=following,,
2026-09-10T11:11:49.853,1789002710,fuzzy,True,-37.91294896,145.1290766,1476.5742458957247,1121.7791979713365,1473.3861859856033,1118.949125582092,1476.5777,1121.7791,1463.6112,1122.8119,725249377#0,10.071350269702872,50.00027406564296,0,0.05849997978657484,6.629,6.426,98.6,2.02,True,0,,False,1474.6492947542554,1128.940954868744,-37.91288409728961,145.12905634711873,7.415942202755352,10.071350269702872,short=0.000 small=1.000 angle_diff=1.395 mode=confirmed,,
2026-09-10T11:11:51.890,1789002712,fuzzy,True,-37.91296858,145.1292224,1489.4355981107801,1119.8593262294307,1487.6666905555821,1118.1844195428866,1489.4355,1119.8595,1475.8075,1121.9192,725249377#0,14.915037669090333,50.00000011806421,0,0.054600066505372524,6.561,6.629,98.1,2.02,True,0,,False,1477.03,1128.64,-37.91288723881398,145.12908334786988,15.198654425683769,14.915037669090333,short=0.000 small=1.000 angle_diff=0.895 mode=entering_pending,,
2026-09-10T11:11:53.931,1789002714,fuzzy,True,-37.91298794,145.1293613,1501.6897676814115,1117.956111826934,1501.1647594243964,1117.1330200123089,1501.6921,1117.9564,1489.8607,1120.4369,1470433046#1,7.322210670491516,50.02228236291876,0,0.05139992572367191,6.194,6.561,98.1,2.14,True,0,,False,1494.01,1118.69,-37.912979940569876,145.12927414574497,7.714753624777564,7.322210670491516,short=0.000 small=1.000 angle_diff=3.210 mode=confirmed,,
2026-09-10T11:11:55.980,1789002716,fuzzy,True,-37.9130024,145.1294893,1512.9747729254887,1116.5773786539212,1513.4867114444976,1116.1314909330174,1512.9732,1116.5771,1501.6643,1117.7345,1470433046#1,19.644038722677575,50.0000000000611,0,0.025999965146183968,5.78,6.194,98.1,2.11,True,0,,False,1494.01,1118.69,-37.912979940569876,145.12927414574497,19.082080103260644,19.644038722677575,short=0.000 small=1.000 angle_diff=3.210 mode=entering_pending,,
2026-09-10T11:11:58.026,1789002718,fuzzy,True,-37.91301289,145.129632,1525.5432478577131,1115.6650927532464,1525.8537698125854,1115.2589699078335,1525.5466,1115.6653,1512.9409,1116.3198,1470433046#2,0.5549147599042636,97.86952961595011,0,0.02289994154125452,6.054,5.78,98.1,2.33,True,0,,False,1525.7846916694423,1114.7083715052754,-37.91302155199751,145.12963452702357,0.9867171127235601,0.5549147599042636,short=0.957 small=1.000 angle_diff=0.949 mode=confirmed,,
2026-09-10T11:12:00.068,1789002720,fuzzy,True,-37.91302765,145.1297621,1537.013528401556,1114.2567416764796,1537.757482628249,1114.1779639689353,1537.0135,1114.2566,1525.4321,1114.7526,1470433046#2,0.964141998227778,96.05494702953929,0,0.009499955922365189,5.702,6.054,98,2.85,True,0,,False,1537.6374621426246,1113.2213214673825,-37.913037090065544,145.12976895813753,1.2088789528528305,0.964141998227778,short=0.921 small=1.000 angle_diff=0.849 mode=following,,
2026-09-10T11:12:02.086,1789002722,fuzzy,True,-37.91304358,145.1298981,1549.0050925372634,1112.7289519179612,1549.6174205355676,1112.9213516570437,1549.0061,1112.7291,1536.8953,1113.3144,1470433046#2,1.193679516546518,94.49692360315895,0,0.009100069291889668,5.944,5.702,98,3.6,True,0,,False,1549.4688262460138,1111.73695707527,-37.9130525999197,145.1299031465286,1.0950354882638502,1.193679516546518,short=0.890 small=1.000 angle_diff=0.849 mode=following,,
2026-09-10T11:12:04.122,1789002724,fuzzy,True,-37.91305657,145.1300297,1560.6032916678814,1111.5196219012141,1561.2150526304547,1111.641698309145,1560.6052,1111.5199,1548.8908,1111.8095,1470433046#2,1.367702281423504,92.97821771324736,0,0.02719997428357601,5.856,5.944,98.4,3.72,True,0,,False,1561.0447952489615,1110.284634583796,-37.913067774827056,145.13003443835254,1.3115331052969468,1.367702281423504,short=0.860 small=1.000 angle_diff=1.249 mode=confirmed,,
2026-09-10T11:12:06.155,1789002726,fuzzy,True,-37.91307134,145.1301551,1571.6603916300228,1110.1018238561228,1572.450544893358,1110.2756884843518,1571.6624,1110.1021,1560.4594,1110.3581,1470433046#2,8.19010892045368,50.00555941461258,0,0.030099996365606785,5.415,5.856,96.8,3.89,True,0,,False,1564.27,1109.88,-37.913072002713626,145.13007101785078,7.39371992086908,8.19010892045368,short=0.000 small=1.000 angle_diff=0.351 mode=entering_pending,,
2026-09-10T11:12:08.193,1789002728,fuzzy,True,-37.91309017,145.1302803,1582.7089413998765,1108.2331402609125,1583.4670341043084,1108.6455931183448,1582.7101,1108.2327,1571.4902,1108.9212,1470433046#3,1.4548028027491917,92.0942147687124,0,0.02719997428357601,5.694,5.415,100.8,4.01,True,0,,False,1583.2571916898894,1107.2060038171905,-37.913099521739554,145.13028629954994,1.1642970645505222,1.4548028027491917,short=0.842 small=1.000 angle_diff=2.507 mode=confirmed,,
2026-09-10T11:12:10.209,1789002730,fuzzy,True,-37.91310419,145.1304152,1594.5995300714858,1106.9152878150344,1594.7683066447664,1107.0917326338956,1594.6017,1106.9149,1582.5749,1107.3055,1470433046#3,11.05841198311562,50.000056490543955,0,0.04840001929551363,6.005,5.694,98.7,3.99,True,0,,False,1583.71,1107.14,-37.91310019813642,145.13029143310052,10.891848362140584,11.05841198311562,short=0.000 small=1.000 angle_diff=0.407 mode=entering_pending,,
2026-09-10T11:12:12.227,1789002732,fuzzy,True,-37.91312525,145.130552,1606.6728151500574,1104.819574393332,1606.4199353059066,1105.2401368045357,1606.6704,1104.8193,1594.4166,1105.6041,1360476884,1.3177493478456954,93.44689863784146,0,0.044599990360438824,6.081,6.005,100.5,3.93,True,0,,False,1606.235705508038,1103.9353292611313,-37.91313313650591,145.1305468282453,0.9863844549499451,1.3177493478456954,short=0.869 small=1.000 angle_diff=2.463 mode=confirmed,,
2026-09-10T11:12:14.259,1789002734,fuzzy,True,-37.91313881,145.1306823,1618.1579727355856,1103.544621385634,1618.0263299928056,1103.6064955285815,1618.1567,1103.5451,1606.5395,1103.8924,1360476884,1.3228006021526544,93.40074038057219,0,0.01100008375942707,5.884,6.081,98.4,4.04,True,0,,False,1617.8413939972359,1102.2966863399597,-37.91314999448709,145.13067841580997,1.2874641648593996,1.3228006021526544,short=0.868 small=1.000 angle_diff=0.363 mode=following,,
2026-09-10T11:12:16.295,1789002736,fuzzy,True,-37.91315609,145.1308095,1629.3788754408597,1101.8513974016532,1629.4692551669993,1101.934323949116,1629.3792,1101.8511,1617.9777,1102.2774,1360476884,4.672196945089475,51.500849338475774,0,0.034100026823580265,5.688,5.884,99.6,4.06,True,0,,False,1624.86,1101.17,-37.913161411861964,145.1307579632248,4.5699603574851215,4.672196945089475,short=0.030 small=1.000 angle_diff=0.646 mode=entering_pending,,
2026-09-10T11:12:18.329,1789002739,fuzzy,True,-37.91317721,145.1309783,1644.2654687584727,1099.8053844114766,1645.3243072483442,1099.6747904090068,1644.2669,1099.8053,1629.1962,1100.5375,1470433048,1.8938688455853985,86.25407973268355,0,0.029199989512562752,5.024,5.688,100.7,4.01,True,0,,False,1644.985880510181,1097.8114046338183,-37.913195302346665,145.13098603675903,2.1201293464573445,1.8938688455853985,short=0.725 small=1.000 angle_diff=0.406 mode=confirmed,,
2026-09-10T11:12:20.347,1789002741,fuzzy,True,-37.91319581,145.1310851,1653.6958854302648,1097.929692979902,1655.059803065102,1098.0194294985768,1653.6946,1097.9301,1643.9393,1098.0015,1470433048,2.004845970986285,84.41567412713988,0,0.043899985030293465,4.651,5.024,102.3,4.19,True,0,,False,1654.7015451614132,1096.046852848146,-37.913212952689776,145.13109610551035,2.1345815647579176,2.004845970986285,short=0.688 small=1.000 angle_diff=2.006 mode=confirmed,,
2026-09-10T11:12:24.420,1789002745,fuzzy,True,-37.91329917,145.1310705,1652.642331927782,1086.4346121018752,1661.3221333356057,1089.5057175103016,1652.639,1086.435,1657.9972,1092.7571,1470433048,8.278539723721218,10.003860800905638,0,0.04770001396536827,3.486,3.451,223.4,4.15,True,0,,False,1655.73,1095.61,-37.91321707371461,145.13110769986784,9.68098327677759,8.278539723721218,short=0.000 small=0.000 angle_diff=90.190 mode=entering_pending,,
2026-09-10T11:12:26.442,1789002747,fuzzy,True,-37.91325149,145.1309645,1643.2175538942683,1091.538575376384,1654.5568248722032,1089.1641635494411,1643.2201,1091.5383,1652.2252,1085.2463,711979119,4.054037728632327,45.55002098275454,0,0.057999975979328156,4.624,3.486,296.5,4.1,True,0,,False,1655.084176627968,1085.1445712777218,-37.91331123202108,145.13109797069748,13.479615110145602,4.054037728632327,short=0.077 small=0.776 angle_diff=33.974 mode=confirmed,,
2026-09-10T11:12:28.476,1789002749,fuzzy,True,-37.91318856,145.1308522,1633.2049827955198,1098.323638793081,1645.191323285146,1092.5867755065456,1633.2079,1098.3242,1643.131,1091.4224,711979119,2.178709550555822,81.28794275287258,0,0.019099912606179714,5.845,4.624,300.8,4.08,True,0,,False,1643.8636185202604,1090.859356807161,-37.91325772525235,145.13097169116307,13.012379531740054,2.178709550555822,short=0.626 small=1.000 angle_diff=6.746 mode=following,,
2026-09-10T11:12:30.520,1789002751,fuzzy,True,-37.91316706,145.130705,1620.216448759369,1100.4498799825087,1632.6859046564928,1096.0629471890902,1620.2173,1100.4496,1632.3563,1095.5515,711979119,0.5857202949594997,97.76669807192651,0,0.026900088414549828,6.419,5.845,282.1,4.15,True,0,,False,1632.5139313085288,1095.503042347606,-37.9132138437364,145.13084369934478,13.25516049065332,0.5857202949594997,short=0.955 small=1.000 angle_diff=4.974 mode=following,,
2026-09-10T11:12:32.550,1789002753,fuzzy,True,-37.91315,145.1305527,1606.789435250801,1102.0744238812476,1618.115792836957,1099.2542653014723,1606.7857,1102.0738,1619.9795,1098.7642,711979119,6.731835011042559,50.05726538286758,0,0.05849997978657484,6.639,6.419,279.3,4.28,True,0,,False,1624.71,1097.9,-37.91319084165994,145.13075551204025,18.40033846619577,6.731835011042559,short=0.001 small=1.000 angle_diff=7.774 mode=entering_pending,,
2026-09-10T11:12:34.585,1789002755,fuzzy,True,-37.91313507,145.1304123,1594.4133130908012,1103.4835737692192,1602.8668673181487,1102.0410894280662,1594.4123,1103.4837,1606.5854,1100.6546,-1360476884,0.8532203794897818,96.65354516726511,0,0.043599982745945454,6.287,6.639,279.3,4.36,True,0,,False,1602.747626428927,1101.1962423257369,-37.91315718061807,145.13050654277416,8.642491767447959,0.8532203794897818,short=0.933 small=1.000 angle_diff=1.266 mode=confirmed,,
2026-09-10T11:12:36.616,1789002757,fuzzy,True,-37.91311613,145.1302712,1581.9667213910725,1105.336440528743,1587.6364727331477,1104.6125890357919,1581.971,1105.3369,1594.2586,1102.3944,-1360476884,5.404279532589698,50.475033318912466,0,0.056999968364834785,6.337,6.287,279.3,4.41,True,0,,False,1592.66,1102.62,-37.913142532470786,145.13039216719577,11.032916955834764,5.404279532589698,short=0.010 small=1.000 angle_diff=1.266 mode=entering_pending,,
2026-09-10T11:12:38.648,1789002759,fuzzy,True,-37.91309392,145.1301305,1569.5480089942575,1107.5528496960178,1572.6189262815117,1107.158876367584,1569.5443,1107.5525,1581.8031,1104.1871,-1470433046#3,1.6139480347355222,90.24874747922179,0,0.04499999340623617,6.296,6.337,280.6,4.1,True,0,,False,1572.3857846591118,1105.5618562541442,-37.91311236811902,145.13016231246553,3.466558179177505,1.6139480347355222,short=0.805 small=1.000 angle_diff=2.294 mode=confirmed,,
2026-09-10T11:12:40.678,1789002761,fuzzy,True,-37.91308093,145.1299963,1557.7212451014202,1108.7576065510511,1558.6909252986636,1109.0769522393075,1557.7245,1108.7572,1569.3362,1105.9856,-1470433046#3,12.706932247400804,50.000004040796746,0,0.031200004741549492,5.927,6.296,276.5,3.84,True,0,,False,1570.96,1105.77,-37.913110235464494,145.130146148221,13.57167727911901,12.706932247400804,short=0.000 small=1.000 angle_diff=1.806 mode=entering_pending,,
2026-09-10T11:12:42.704,1789002763,fuzzy,True,-37.91307162,145.1298488,1544.733434259193,1109.5305361924693,1545.124050655298,1110.409834531829,1544.7359,1109.5309,1557.5671,1107.5009,-1470433046#2,1.3394759969646386,93.24640063077179,0,0.02759997732937336,6.427,5.927,275,3.99,True,0,,False,1544.9575328361589,1109.0807492214167,-37.91307571228292,145.1298512454757,0.5025221303851247,1.3394759969646386,short=0.865 small=1.000 angle_diff=2.141 mode=confirmed,,
2026-09-10T11:12:44.738,1789002765,fuzzy,True,-37.9130486,145.1296982,1531.4425655834493,1111.8193078748882,1531.6273183852793,1112.0640862059147,1531.4468,1111.8196,1544.6838,1109.115,-1470433046#2,1.3030402389011149,93.57975046215222,0,0.010299962013959885,6.714,6.427,280.7,3.97,True,0,,False,1531.4653301008127,1110.7711540112923,-37.913058046114905,145.129698219707,1.0484010420739482,1.3030402389011149,short=0.872 small=1.000 angle_diff=3.559 mode=following,,
2026-09-10T11:12:46.769,1789002767,fuzzy,True,-37.91302771,145.1295469,1518.0948925224948,1113.870467800647,1518.1796604831222,1113.8729905401342,1518.097,1113.8706,1531.3177,1110.7896,-1470433046#2,1.4261581689937342,92.3944997584143,0,0.010600080713629723,6.738,6.714,280,4.3,True,0,,False,1518.0023667140763,1112.4578954753258,-37.913040418035195,145.12954552564608,1.4155993781740852,1.4261581689937342,short=0.848 small=1.000 angle_diff=2.859 mode=following,,
2026-09-10T11:12:48.798,1789002769,fuzzy,True,-37.91300839,145.1293971,1504.882576664153,1115.750037457794,1504.824063960073,1115.7125597493011,1504.8859,1115.7498,1517.9213,1112.4681,-1470433046#2,1.5911477675901715,90.53191924131468,0,0.01009996049106121,6.745,6.738,278.5,4.55,True,0,,False,1504.6262594030763,1114.1337549559405,-37.91302290348827,145.12939381676853,1.6364802669520608,1.5911477675901715,short=0.811 small=1.000 angle_diff=1.359 mode=following,,
2026-09-10T11:12:50.836,1789002771,fuzzy,True,-37.91299903,145.1292435,1491.3583675355767,1116.5176693201065,1491.4023451615346,1117.0809149880322,1491.3571,1116.5181,1504.6825,1114.1267,-1470433046#2,7.593604785318648,50.014435953521385,0,0.025999965146183968,6.653,6.745,278.1,4.66,True,0,,False,1498.67,1114.88,-37.913015104356816,145.1293262622055,7.492791875985059,7.593604785318648,short=0.000 small=1.000 angle_diff=0.959 mode=entering_pending,,
2026-09-10T11:12:52.859,1789002773,fuzzy,True,-37.91297821,145.1290967,1478.4064358621836,1118.5689374338835,1478.194125946166,1118.668776572392,1478.4105,1118.569,1491.2607,1115.8666,-1470433046#1,15.59299749722773,50.00000003990465,0,0.0241999514400959,6.567,6.653,278.1,4.52,True,0,,False,1493.47,1115.54,-37.91300821882732,145.12926728692142,15.365071640330589,15.59299749722773,short=0.000 small=1.000 angle_diff=0.030 mode=confirmed,,
2026-09-10T11:12:54.891,1789002775,fuzzy,True,-37.91296138,145.1289733,1467.5205385328736,1120.2187279229984,1466.2736976864207,1120.2652318105975,1467.5165,1120.219,1478.3831,1118.7478,-1470433046#1,27.60374386193801,50.0,0,0.06889994256198406,5.576,6.567,278.6,3.98,True,0,,False,1493.47,1115.54,-37.91300821882732,145.12926728692142,26.367879046508907,27.60374386193801,short=0.000 small=1.000 angle_diff=0.470 mode=entering_pending,,
2026-09-10T11:12:56.930,1789002777,fuzzy,True,-37.91296662,145.128872,1458.6266657443484,1119.458506415598,1456.3571491220748,1120.5120528628509,1458.6259,1119.4583,1467.4134,1119.6501,-1470433046#0,6.081068553861744,50.16187522810775,0,0.06450002547353506,4.648,5.576,278.8,3.48,True,0,,False,1462.35,1119.48,-37.91296709966573,145.12891434053682,3.7233962928324194,6.081068553861744,short=0.003 small=1.000 angle_diff=14.138 mode=confirmed,,
2026-09-10T11:13:00.994,1789002781,fuzzy,True,-37.91314589,145.1287547,1448.7138710439904,1099.3587870262563,1444.5334336236376,1105.4071358509548,1448.7145,1099.3589,1454.4454,1114.8447,-1470433046#0,22.70408647800669,10.000000000000366,0,0.03590004052966833,6.327,0,188.8,2.97,True,0,,False,1462.35,1119.48,-37.91296709966573,145.12891434053682,24.3065263754341,22.70408647800669,short=0.000 small=0.000 angle_diff=75.862 mode=entering_pending,,
2026-09-10T11:13:03.023,1789002783,fuzzy,True,-37.91327256,145.1287333,1447.114727142849,1085.2650733646005,1443.1361183438107,1091.1314367462674,1447.1127,1085.2646,1449.3821,1099.2235,1470433047#3,26.922871869787436,19.865051177049057,0,0.03879994619637728,6.936,6.327,188.3,2.69,True,0,,False,1455.26,1115.17,-37.91300464298707,145.1288327409541,30.99435605051457,26.922871869787436,short=0.000 small=0.247 angle_diff=55.135 mode=confirmed,,
2026-09-10T11:13:05.047,1789002785,fuzzy,True,-37.91339986,145.1287149,1445.7807301641442,1071.1067456481978,1442.4991696033264,1075.8654378507392,1445.7825,1071.1071,1447.3034,1085.241,1470433047#3,41.32417450062101,18.965051177049048,0,0.05680008325725794,7.063,6.936,187.4,2.43,True,0,,False,1455.26,1115.17,-37.91300464298707,145.1288327409541,45.071353881291216,41.32417450062101,short=0.000 small=0.224 angle_diff=56.035 mode=entering_pending,,
2026-09-10T11:13:07.090,1789002787,fuzzy,True,-37.91351449,145.1287023,1444.9284032493597,1058.3645813250914,1442.4945984552219,1061.052699962111,1444.9251,1058.364,1445.5674,1071.1315,-93686025#2,25.203351114218982,50.0,0,0.032100011594593525,6.321,7.063,181.8,2.27,True,0,,False,1447.37,1085.78,-37.91326796759532,145.12873632009538,27.52392733265479,25.203351114218982,short=0.000 small=1.000 angle_diff=6.197 mode=confirmed,,
2026-09-10T11:13:09.123,1789002789,fuzzy,True,-37.91360087,145.128781,1452.0394960198319,1048.9183145891875,1447.449936215604,1048.8763847061662,1452.0413,1048.9187,1444.0848,1058.4659,-93686025#2,36.903701867886504,32.80293172313142,0,0.04509999416768551,5.78,6.321,145.8,2.2,True,0,,False,1447.37,1085.78,-37.91326796759532,145.12873632009538,37.156265210660386,36.903701867886504,short=0.000 small=0.570 angle_diff=42.197 mode=entering_pending,,
2026-09-10T11:13:11.152,1789002791,fuzzy,True,-37.91361633,145.1289004,1462.5706051053712,1047.4135107165202,1456.990598318876,1043.223274726615,1462.5709,1047.4136,1451.9642,1048.4116,-93686025#0,4.373814649810514,52.375581350839234,0,0.044599990360438824,4.976,5.78,103.7,2.16,True,0,,False,1457.6480600848124,1047.547392973984,-37.913614233801276,145.1288444589857,4.924365333552316,4.373814649810514,short=0.048 small=1.000 angle_diff=5.055 mode=confirmed,,
2026-09-10T11:13:13.198,1789002793,fuzzy,True,-37.91362591,145.1290064,1471.910594708519,1046.5375220254064,1467.8830598723246,1041.5860845494963,1471.908,1046.5379,1462.4795,1046.8128,-93686025#0,4.355072865899624,52.44436111252741,0,0.020200037397444248,4.728,4.976,99.5,2.13,True,0,,False,1468.5377044163772,1045.891673961904,-37.913631118045565,145.12896790128767,3.4341678240811864,4.355072865899624,short=0.049 small=1.000 angle_diff=0.855 mode=following,,
2026-09-10T11:13:15.239,1789002795,fuzzy,True,-37.91363232,145.1291156,1481.5248390685883,1046.0189285408705,1479.0666428681777,1041.9409725367816,1481.529,1046.0189,1471.7358,1045.4054,-93686025#0,2.323126713831134,78.51404439742848,0,0.03660004585981369,4.838,4.728,99.5,2.11,True,0,,False,1479.41584993662,1044.2377032898012,-37.91364798433318,145.12909121330364,2.76054316282287,2.323126713831134,short=0.570 small=1.000 angle_diff=0.855 mode=confirmed,,
2026-09-10T11:13:17.274,1789002797,fuzzy,True,-37.91365192,145.1292407,1492.5662543004146,1044.0647488813847,1490.8263612103838,1041.9910636610682,1492.5657,1044.0646,1481.2166,1043.9639,-93686025#0,9.119914884318915,50.001255946347605,0,0.038800062611699104,5.501,4.838,99.6,2.09,True,0,,False,1481.9,1043.86,-37.91365183592667,145.12911937303417,10.668219294031175,9.119914884318915,short=0.000 small=1.000 angle_diff=0.955 mode=entering_pending,,
2026-09-10T11:13:19.299,1789002799,fuzzy,True,-37.91367484,145.1293698,1503.9667039244669,1041.749207675457,1502.8081320332867,1041.1474793553416,1503.9692,1041.7497,1492.3373,1042.3942,-93686034#0,0.1835371766156447,98.80109079502633,0,0.03130000550299883,5.726,5.501,99.6,2.12,True,0,,False,1502.7832635572304,1040.9656347675786,-37.91368168464543,145.12935616492356,1.4193370300128614,0.1835371766156447,short=0.976 small=1.000 angle_diff=1.813 mode=confirmed,,
2026-09-10T11:13:21.321,1789002802,fuzzy,True,-37.91369232,145.1295618,1520.8846789167728,1040.1482653263956,1520.4197116558894,1039.8425089033483,1520.8828,1040.1479,1503.8422,1040.8208,-93686034#0,1.2689305085609706,93.8790044179249,0,0.011800089851021767,5.258,5.726,99.4,2.12,True,0,,False,1520.2484510929212,1038.5851885562893,-37.91370628552708,145.1295542091419,1.687600317933466,1.2689305085609706,short=0.878 small=1.000 angle_diff=1.643 mode=following,,
2026-09-10T11:13:23.345,1789002804,fuzzy,True,-37.91370754,145.1296772,1531.0635783964535,1038.6629493851215,1531.3703690949933,1038.7103751881625,1531.0609,1038.6632,1520.6623,1038.5288,-93686034#0,1.6251052550498393,90.10785816898618,0,0.012199976481497288,4.662,5.258,98.9,2.1,True,0,,False,1531.1510375878818,1037.1001389384219,-37.91372163394671,145.12967783788824,1.5652557626402928,1.6251052550498393,short=0.802 small=1.000 angle_diff=1.143 mode=following,,
2026-09-10T11:13:27.413,1789002808,fuzzy,True,-37.91379749,145.1297963,1541.7341289650649,1028.8917282531038,1544.4518734485853,1030.604578809007,1541.7346,1028.8922,1537.5632,1036.2267,-93686034#0,3.0297905632831728,64.99614635384073,0,0.038100057281553745,4.171,3.644,153.6,2.09,True,0,,False,1541.87,1032.19,-37.913767803003665,145.12979859739318,3.3010691380988115,3.0297905632831728,short=0.300 small=1.000 angle_diff=15.839 mode=confirmed,,
2026-09-10T11:13:29.447,1789002810,fuzzy,True,-37.91390565,145.1297756,1540.1551747717313,1016.8532341755927,1544.7381579046585,1020.829501802478,1540.1524,1016.8532,1542.641,1029.1198,-93686034#0,11.716964157236145,50.00001969550659,0,0.04269997589290142,5.738,4.171,184.8,2.15,True,0,,False,1541.87,1032.19,-37.913767803003665,145.12979859739318,15.43233655400948,11.716964157236145,short=0.000 small=1.000 angle_diff=15.361 mode=entering_pending,,
2026-09-10T11:13:31.482,1789002812,fuzzy,True,-37.91402391,145.1297513,1538.2822335174424,1003.6876420760527,1543.868626602625,1009.290786467213,1538.283,1003.6877,1540.9811,1016.6227,-93686034#0,22.98626739418337,50.00000000000029,0,0.0420999713242054,6.515,5.738,187.8,2.62,True,0,,False,1541.87,1032.19,-37.913767803003665,145.12979859739318,28.727277552148347,22.98626739418337,short=0.000 small=1.000 angle_diff=18.361 mode=entering_pending,,
2026-09-10T11:13:33.520,1789002814,fuzzy,True,-37.91414286,145.1297322,1536.867974193825,990.4546557944268,1541.8900426219527,996.1114676729738,1536.8716,990.4545,1539.3133,1003.5652,114900092#4,9.167791062006273,50.00116333318294,0,0.0396000687032938,6.647,6.515,187,3.12,True,0,,False,1532.8071803140388,997.3564597420562,-37.91407995303993,145.12968760127828,8.007805233996525,9.167791062006273,short=0.000 small=1.000 angle_diff=0.805 mode=confirmed,,
2026-09-10T11:13:35.551,1789002816,fuzzy,True,-37.91426293,145.1297055,1534.7880909586092,977.0839817114174,1538.9215195851862,981.7818302094281,1534.7924,977.0842,1537.7419,990.351,114900092#4,8.172742097192273,50.00571604196394,0,0.011599971912801266,6.712,6.647,189.2,3.49,True,0,,False,1530.8244882888987,982.8916939732118,-37.91420989641399,145.1296617567208,7.031334712494699,8.172742097192273,short=0.000 small=1.000 angle_diff=1.395 mode=following,,
2026-09-10T11:13:37.590,1789002818,fuzzy,True,-37.91436913,145.1296823,1532.9850210599834,965.2585662314668,1536.5760364199837,968.5064004567814,1532.9855,965.259,1536.0605,976.9218,114900092#4,8.412975837824117,50.003892062020675,0,0.05430006422102451,6.018,6.712,189.7,5.37,True,0,,False,1529.47,973.01,-37.91429866802543,145.12964410079422,8.511174920073191,8.412975837824117,short=0.000 small=1.000 angle_diff=1.895 mode=entering_pending,,
2026-09-10T11:13:39.616,1789002820,fuzzy,True,-37.9144525,145.1296732,1532.370665579103,955.9913554210216,1534.3282861561509,956.0579697739239,1532.3743,955.9915,1534.4626,965.0607,-46129059#1,1.0544911665949839,95.49663771016495,0,0.044899992644786835,4.863,0,187.1,6.27,True,0,,False,1533.2828736206359,956.1960431276711,-37.91445082101802,145.12968361904402,0.9348906718386045,1.0544911665949839,short=0.910 small=1.000 angle_diff=0.424 mode=confirmed,,
2026-09-10T11:13:41.657,1789002822,fuzzy,True,-37.91453851,145.1296554,1530.9973675226793,946.4158494984731,1531.986652425487,944.7466383286724,1530.9949,946.4157,1533.2407,955.877,-46129059#1,0.21410500149358871,98.74250769987171,0,0.0097999582067132,4.832,4.863,190.4,5.78,True,0,,False,1531.7743907588476,944.7746728884172,-37.914553434530525,145.12966386076374,1.8158264715936507,0.21410500149358871,short=0.975 small=1.000 angle_diff=2.876 mode=following,,
2026-09-10T11:13:43.680,1789002824,fuzzy,True,-37.91463223,145.129653,1530.9950641929172,936.011968693696,1530.504798289648,934.152342293317,1530.996,936.0118,1531.9741,946.2864,-46129059#1,0.13220872018435353,98.89352538904987,0,0.036499928683042526,5.043,4.832,187.7,5.46,True,0,,False,1530.3737278191088,934.1696534875392,-37.91464871366097,145.1296455146667,1.944269582196284,0.13220872018435353,short=0.978 small=1.000 angle_diff=0.176 mode=confirmed,,
2026-09-10T11:13:47.759,1789002828,fuzzy,True,-37.91472352,145.1296314,1529.2994698790135,925.8438630346209,1528.4587680162886,920.4108737713311,1529.2981,925.8435,1528.6635,929.2933,-46129059#1,11.57184697573821,50.00002484304677,0,0.0347999157384038,1.958,3.552,187.8,4.74,True,0,,False,1530.07,931.87,-37.91466937453565,145.12964153638643,6.075199041418816,11.57184697573821,short=0.000 small=1.000 angle_diff=0.276 mode=entering_pending,,
2026-09-10T11:13:55.923,1789002836,fuzzy,True,-37.91480773,145.1297863,1543.1042968301335,916.7727357689291,1540.5152400386532,912.4957199552481,1543.1023,916.7732,1529.4079,920.6973,-46129059#1,22.010583061735517,10.000000000001108,0,0.03869994543492794,3.894,2.239,95.2,3.78,True,0,,False,1530.07,931.87,-37.91466937453565,145.12964153638643,19.945432587908517,22.010583061735517,short=0.000 small=0.000 angle_diff=92.324 mode=entering_pending,,
2026-09-10T11:13:57.943,1789002838,fuzzy,True,-37.91481591,145.1298934,1552.537709698663,916.0539516443387,1548.603610617675,913.2588190012698,1552.5393,916.0536,1543.1401,917.1938,1011594504#2,13.586282094363987,50.00000098953731,0,0.03450002986937761,4.84,3.894,95.9,3.61,True,0,,False,1550.3187327506241,926.7364084451096,-37.914719279042956,145.1298706059062,10.910487706618182,13.586282094363987,short=0.000 small=1.000 angle_diff=1.352 mode=confirmed,,
2026-09-10T11:13:59.978,1789002840,fuzzy,True,-37.91482579,145.1300133,1563.1001574634574,915.1690915776417,1558.1706538501237,913.2107496521863,1563.1038,915.1692,1552.5563,916.2127,1011594504#2,12.426230467759474,50.00000633167421,0,0.012400094419717789,5.271,4.84,95.9,3.45,True,0,,False,1559.739331929701,925.5375680868242,-37.91473178109879,145.12997745057703,10.899562073304576,12.426230467759474,short=0.000 small=1.000 angle_diff=1.352 mode=following,,
2026-09-10T11:14:02.003,1789002842,fuzzy,True,-37.91480244,145.1301338,1573.6413752536755,917.9726455509663,1568.683311864121,914.7731500033339,1573.642,917.9724,1563.095,915.0861,1011594504#2,9.551115883749647,50.00063000990981,0,0.011199968867003918,5.179,5.271,93.7,3.62,True,0,,False,1569.7,924.27,-37.914744999774264,145.13009042053704,7.429072078466467,9.551115883749647,short=0.000 small=1.000 angle_diff=3.552 mode=following,,
2026-09-10T11:14:04.023,1789002844,fuzzy,True,-37.91481665,145.1302638,1585.1013547416078,916.6250905906782,1580.7978288971228,915.511729007627,1585.0992,916.6255,1573.1066,913.8136,1011594504#2,8.022390277111406,50.00727037900468,0,0.011699972674250603,5.627,5.179,96.1,3.5,True,0,,False,1581.3165340444684,923.5173327155561,-37.914753879231114,145.130222336244,7.863069961372382,8.022390277111406,short=0.000 small=1.000 angle_diff=2.393 mode=following,,
2026-09-10T11:14:06.065,1789002846,fuzzy,True,-37.91482073,145.1303956,1596.697021044325,916.4047699095681,1593.198646868048,915.9198396787334,1596.6933,916.4049,1584.5475,912.3405,1011594504#2,7.426685022644752,50.01885362314308,0,0.04179996903985739,5.659,5.627,93.6,3.73,True,0,,False,1590.69,922.91,-37.91476104402229,145.13032878001667,8.854508476274873,7.426685022644752,short=0.000 small=1.000 angle_diff=0.107 mode=entering_pending,,
2026-09-10T11:14:08.099,1789002848,fuzzy,True,-37.91483965,145.1305248,1608.0971473159152,914.533126858063,1605.8079289837813,915.2649894288405,1608.0978,914.5333,1596.2883,913.1107,1011594504#3,6.177699702513826,50.13875085099022,0,0.03839994315057993,5.675,5.659,98.7,3.66,True,0,,False,1606.4777673693945,921.4062669955687,-37.91477744264584,145.13050795410493,7.061334630293637,6.177699702513826,short=0.003 small=1.000 angle_diff=2.475 mode=confirmed,,
2026-09-10T11:14:10.139,1789002850,fuzzy,True,-37.91485199,145.1306659,1620.5287566293846,913.4125990774482,1618.651830735126,914.2799525361462,1620.5247,913.4123,1607.7497,911.7016,1011594504#3,5.764284747825591,50.268149661263216,0,0.012200092896819115,6.123,5.675,96.4,3.8,True,0,,False,1619.2768431791797,920.0102525369134,-37.914792330696734,145.13065316949093,6.715379249007213,5.764284747825591,short=0.005 small=1.000 angle_diff=0.175 mode=following,,
2026-09-10T11:14:12.177,1789002852,fuzzy,True,-37.91487065,145.1308049,1632.7898138247547,911.5870511345565,1631.526696367738,912.7378024041806,1632.7903,911.5874,1620.1273,910.1799,1011594504#3,5.901341069822969,50.2155756170074,0,0.011299969628453255,6.147,6.123,98.4,3.84,True,0,,False,1632.166569615956,918.6043506779608,-37.91480732401395,145.1307994134449,7.044922017003696,5.901341069822969,short=0.004 small=1.000 angle_diff=2.175 mode=following,,
2026-09-10T11:14:14.219,1789002854,fuzzy,True,-37.91488937,145.1309458,1645.218027628085,909.7581764888018,1644.3717687777726,910.8923815539874,1645.2207,909.7587,1632.4313,908.6672,1011594504#3,6.383032827892448,50.099975409416054,0,0.013499986380338669,6.236,6.147,99,3.97,True,0,,False,1644.952039535261,917.2489839428392,-37.9148218430865,145.13094448352354,7.495528398918009,6.383032827892448,short=0.002 small=1.000 angle_diff=3.784 mode=following,,
2026-09-10T11:14:16.242,1789002856,fuzzy,True,-37.91490605,145.1310839,1657.3955473083188,908.1507163606584,1657.0532675983934,908.9352733486392,1657.3944,908.1507,1644.8981,907.1345,1011594504#3,8.946234723906207,50.00165826116166,0,0.04299997817724943,6.19,6.236,97.8,3.82,True,0,,False,1652.39,916.57,-37.91482930307132,145.13102890318928,9.794888506537594,8.946234723906207,short=0.000 small=1.000 angle_diff=2.584 mode=entering_pending,,
2026-09-10T11:14:18.283,1789002858,fuzzy,True,-37.91491717,145.131224,1669.7365118194139,907.1637291507795,1669.6155261401545,907.3429817245112,1669.7398,907.1634,1657.0872,905.6379,52631734#0,8.318960377976989,50.00452379480237,0,0.03720005042850971,6.156,6.19,95.7,3.94,True,0,,False,1666.01,914.84,-37.914847347372415,145.13118337711495,8.532996220016946,8.318960377976989,short=0.000 small=1.000 angle_diff=2.275 mode=confirmed,,
2026-09-10T11:14:20.318,1789002860,fuzzy,True,-37.91493298,145.1313641,1682.08790592046,905.6562973391265,1682.0953209984186,905.7611213371198,1682.0906,905.656,1669.5065,904.3116,52631734#0,18.470614212783225,50.00000000039944,0,0.037100049667060375,6.241,6.156,97,3.91,True,0,,False,1666.01,914.84,-37.914847347372415,145.13118337711495,18.515924318015983,18.470614212783225,short=0.000 small=1.000 angle_diff=0.975 mode=entering_pending,,
2026-09-10T11:14:22.355,1789002863,fuzzy,True,-37.91500275,145.1315679,1700.1592016597278,898.2734292047098,1700.6712921064925,902.302491657858,1700.1604,898.2735,1682.4901,904.417,52631734#1,20.76827023999414,50.00000000001012,0,0.02550007775425911,6.321,6.241,98.5,8.32,True,0,,False,1682.63,912.59,-37.91487061754439,145.13137184457477,22.632655835406457,20.76827023999414,short=0.000 small=1.000 angle_diff=0.031 mode=confirmed,,
2026-09-10T11:14:24.391,1789002865,fuzzy,True,-37.91502003,145.1317041,1712.1709947055206,896.5959613015875,1712.8331021130682,899.2935558524589,1712.1735,896.5959,1700.1321,897.8622,52631734#1,33.0003455166927,50.0,0,0.0315000070258975,6.106,6.321,99.1,8.3,True,0,,False,1682.63,912.59,-37.91487061754439,145.13137184457477,33.59285105610872,33.0003455166927,short=0.000 small=1.000 angle_diff=0.569 mode=confirmed,,
2026-09-10T11:14:26.431,1789002867,fuzzy,True,-37.91503922,145.1318545,1725.4353529459331,894.731552763842,1725.2776812248974,896.263091070926,1725.4389,894.7319,1712.1656,896.5378,52631734#1,45.666099779143984,50.0,0,0.03370002377778292,6.588,6.106,99.2,8.03,True,0,,False,1682.63,912.59,-37.91487061754439,145.13137184457477,46.381271850958704,45.666099779143984,short=0.000 small=1.000 angle_diff=0.669 mode=confirmed,,
2026-09-10T11:14:28.464,1789002869,fuzzy,True,-37.91505935,145.1320102,1739.1677177448291,892.7721534790471,1738.240001992599,893.4324430691164,1739.1651,892.7717,1725.4386,894.7293,,,,0,0.02789997961372137,6.944,6.588,99.7,7.73,False,,,False,,,,,,,,,no_match
2026-09-10T11:14:30.510,1789002871,fuzzy,True,-37.9150792,145.1321567,1752.0906799626537,890.827594153583,1751.3831800503597,890.8739764906067,1752.0871,890.8277,1739.1768,892.8574,52631734#1,72.10121666170194,50.0,0,12.607099954038858,6.707,6.944,99.7,6.52,True,0,,False,1682.63,912.59,-37.91487061754439,145.13137184457477,72.79002932475261,72.10121666170194,short=0.000 small=1.000 angle_diff=1.169 mode=entering_pending,,
2026-09-10T11:14:32.551,1789002873,fuzzy,True,-37.91509869,145.1323005,1764.7754775441717,888.9182058889419,1764.5760130735546,888.760494301958,1764.7781,888.9183,1752.1233,891.0934,1209622645,2.5686504498459284,73.62836978387435,0,12.545099947601557,6.387,6.707,99.7,3.5,True,0,,False,1764.2292308220185,886.2153602772919,-37.91512293925246,145.13229367295128,2.757491592349605,2.5686504498459284,short=0.473 small=1.000 angle_diff=1.941 mode=confirmed,,
2026-09-10T11:14:34.594,1789002875,fuzzy,True,-37.91511867,145.1324465,1777.65475958772,886.9583004182205,1777.518727755794,886.6581259406595,1777.6516,886.9583,1764.8384,889.3609,1209622645,11.50931721506374,50.00002745711877,0,0.05140004213899374,6.442,6.387,99.8,3.78,True,0,,False,1766.03,885.97,-37.91512547456669,145.13231409306874,11.666695041396437,11.50931721506374,short=0.000 small=1.000 angle_diff=2.041 mode=entering_pending,,
2026-09-10T11:14:36.635,1789002877,fuzzy,True,-37.91513938,145.1325971,1790.9400431093527,884.9254722781479,1790.539468031899,884.5138982316905,1790.9376,884.9249,1777.6388,886.872,569766862#0,2.7653182857087177,69.77191148041271,0,0.034199911169707775,6.651,6.442,99.8,5.62,True,0,,False,1790.1333017941888,881.7785711564362,-37.915167582412586,145.13258720987184,3.2486640668777764,2.7653182857087177,short=0.395 small=1.000 angle_diff=1.354 mode=confirmed,,
2026-09-10T11:14:38.674,1789002879,fuzzy,True,-37.91516006,145.1327474,1804.1988792717457,882.8954234281555,1803.91021501839,882.6484218816919,1804.1996,882.8951,1790.9332,884.8953,569766862#0,2.8839512952171584,67.55369531631925,0,0.011299969628453255,6.578,6.651,99.8,3.43,True,0,,False,1803.4866241234931,879.7957484291311,-37.91518785405423,145.13273859505938,3.180454762418277,2.8839512952171584,short=0.351 small=1.000 angle_diff=1.354 mode=following,,
2026-09-10T11:14:40.705,1789002881,fuzzy,True,-37.91517953,145.13289,1816.7781119787833,880.9860614128411,1816.8674058676463,880.7543256927524,1816.7739,880.9863,1804.2036,882.9221,569766862#0,2.913532291451169,67.01843426374238,0,0.02789997961372137,6.52,6.578,99.7,3.68,True,0,,False,1816.4394701557312,877.872392064128,-37.91520751754976,145.13288544017698,3.1320305071048273,2.913532291451169,short=0.340 small=1.000 angle_diff=1.254 mode=confirmed,,
2026-09-10T11:14:42.722,1789002883,fuzzy,True,-37.91520093,145.1330483,1830.7418124665273,878.8901631394401,1830.3402744077662,878.799667776604,1830.7407,878.8899,1816.7836,881.0516,569766862#0,11.532611693597792,50.00002645259663,0,0.02889998722821474,7.003,6.52,99.7,3.51,True,0,,False,1818.88,877.51,-37.915211222456364,145.13291310822888,11.941835925959206,11.532611693597792,short=0.000 small=1.000 angle_diff=1.254 mode=entering_pending,,
2026-09-10T11:14:44.738,1789002885,fuzzy,True,-37.91522172,145.1332028,1844.3700915038935,876.8552393242717,1843.7396268948128,876.7981463089736,1844.3682,876.8551,1830.7527,878.9711,569766862#0-AddedOffRampEdge,1.3566611268757247,93.08416725620452,0,0.023700064048171043,6.938,7.003,99.4,6.09,True,0,,False,1843.5402470547115,875.4562159484344,-37.915234173008464,145.1331930454502,1.626624792623453,1.3566611268757247,short=0.862 small=1.000 angle_diff=0.949 mode=confirmed,,
2026-09-10T11:14:46.780,1789002887,fuzzy,True,-37.91524203,145.1333569,1857.962132000248,874.8728520609438,1857.5742355941363,874.837051395907,1857.959,874.8727,1844.3817,876.9461,569766862#0-AddedOffRampEdge,1.4500442599832475,92.14475768423797,0,0.010699965059757233,7.035,6.938,99.4,3.57,True,0,,False,1857.3611318300732,873.4027518659439,-37.915255164583655,145.13334973141502,1.5882052096278632,1.4500442599832475,short=0.843 small=1.000 angle_diff=0.949 mode=following,,
2026-09-10T11:14:48.800,1789002889,fuzzy,True,-37.91526361,145.1335206,1872.400920761167,872.7664167620242,1871.7279811713383,872.8018344096969,1872.4016,872.766,1857.9672,874.9276,569766862#0-AddedOffRampEdge,1.5170116582063475,91.40898749212381,0,0.010699965059757233,7.241,7.035,99.4,3.73,True,0,,False,1871.5050356355275,871.3012946204224,-37.91527664655611,145.13351007951476,1.7173214749003838,1.5170116582063475,short=0.828 small=1.000 angle_diff=0.949 mode=following,,
2026-09-10T11:14:50.837,1789002891,fuzzy,True,-37.91528443,145.1336803,1886.4863731263904,870.7372486982495,1885.6977205204953,870.7769748851554,1886.4894,870.7375,1872.4041,872.7826,569766862#0-AddedOffRampEdge,1.5671818330088911,90.82272856020198,0,0.010100076906383038,7.23,7.241,99.2,6.1,True,0,,False,1885.4674017938178,869.226809674007,-37.91529785259435,145.13366836963962,1.8220122454471634,1.5671818330088911,short=0.816 small=1.000 angle_diff=0.749 mode=following,,
2026-09-10T11:14:52.870,1789002893,fuzzy,True,-37.91530445,145.1338361,1900.227191951708,868.7899642791599,1899.7261295461299,868.771560991369,1900.2298,868.7897,1886.4825,870.6909,569766862#0-AddedOffRampEdge,1.645208804366294,89.85013924686005,0,0.009699957445263863,7.079,7.23,99.2,6.18,True,0,,False,1899.4843436927213,867.1442160337599,-37.91531914131028,145.13382727858504,1.8056330809765044,1.645208804366294,short=0.797 small=1.000 angle_diff=0.749 mode=following,,
2026-09-10T11:14:54.898,1789002895,fuzzy,True,-37.91532473,145.1339939,1914.144400075893,866.8173260381445,1913.9283386731943,866.7953350167996,1914.1438,866.8172,1900.2092,868.6514,569766862#0-AddedOffRampEdge,1.777649062821211,88.02808521727384,0,0.009999959729611874,6.995,7.079,99.2,3.83,True,0,,False,1913.6670889190145,865.0369878507115,-37.91534068162957,145.13398806733161,1.8432118711946448,1.777649062821211,short=0.761 small=1.000 angle_diff=0.749 mode=following,,
2026-09-10T11:14:56.937,1789002897,fuzzy,True,-37.91534492,145.134151,1927.9998635887168,864.8534193690866,1927.9525979122982,864.8295098160581,1927.9963,864.8534,1914.1094,866.5862,569766862#0-AddedOffRampEdge,6.828439763814974,50.04907220261628,0,0.03790005575865507,6.96,6.995,99.2,3.34,True,0,,False,1921.185,863.9200000000001,-37.91535209951464,145.13407329738206,6.8784909283508675,6.828439763814974,short=0.001 small=1.000 angle_diff=0.749 mode=entering_pending,,
2026-09-10T11:14:58.977,1789002899,fuzzy,True,-37.91530064,145.1343133,1942.169252472464,870.0525544108823,1942.0788706276162,867.3525336075728,1942.17,870.0529,1928.0089,865.1862,569766862#0-AddedOffRampEdge,21.173949012186686,50.00000000000528,0,0.034100026823580265,6.695,6.96,92.7,2.78,True,0,,False,1921.185,863.9200000000001,-37.91535209951464,145.13407329738206,21.86200071883963,21.173949012186686,short=0.000 small=1.000 angle_diff=5.751 mode=entering_pending,,
2026-09-10T11:15:01.014,1789002901,fuzzy,True,-37.91525924,145.134445,1953.655015342054,874.8782440023497,1954.5751104724418,871.8733112858218,1953.6512,874.8785,1942.1447,868.2744,44348588#0,1.162386089479296,94.7373887801347,0,0.03229989670217037,6.061,6.695,71.2,2.47,True,0,,False,1953.63,872.55,-37.91528020887188,145.13444418567835,2.328378384587762,1.162386089479296,short=0.895 small=1.000 angle_diff=8.527 mode=confirmed,,
2026-09-10T11:15:03.057,1789002903,fuzzy,True,-37.91521102,145.134568,1964.360829511308,880.4453915683553,1965.7824493225855,877.6649900022385,1964.364,880.4458,1954.704,875.4643,44348588#0,13.185034973825708,50.000001880386925,0,0.04640000406652689,5.932,6.061,57.1,2.34,True,0,,False,1953.63,872.55,-37.91528020887188,145.13444418567835,13.322458857824062,13.185034973825708,short=0.000 small=1.000 angle_diff=5.573 mode=entering_pending,,
2026-09-10T11:15:05.091,1789002905,fuzzy,True,-37.91513079,145.1346819,1974.1955933585996,889.5485049625859,1975.796322733852,886.1742599675122,1974.194,889.548,1964.2962,880.5252,44348588#1,11.614766648283682,50.00002319429776,0,0.04120008088648319,6.467,5.932,46.3,2.25,True,0,,False,1965.24,881.33,-37.91520320973819,145.1345781981271,12.155100831529149,11.614766648283682,short=0.000 small=1.000 angle_diff=3.245 mode=confirmed,,
2026-09-10T11:15:07.127,1789002907,fuzzy,True,-37.91500731,145.1347309,1978.2289764134912,903.3366686599329,1981.7246940769649,898.8040564004871,1978.2326,903.3364,1974.7557,889.4029,44348588#1,24.0226515168189,42.35513225922539,0,0.02880010288208723,6.565,6.467,16.9,2.18,True,0,,False,1965.24,881.33,-37.91520320973819,145.1345781981271,25.55400113051382,24.0226515168189,short=0.000 small=0.809 angle_diff=32.645 mode=entering_pending,,
2026-09-10T11:15:09.152,1789002909,fuzzy,True,-37.91489521,145.1347811,1982.3931368850172,915.8641589516774,1985.6317709277614,912.5856585246905,1982.3939,915.8645,1978.3466,903.3069,139332152#2,6.334347861507525,50.1080569311751,0,0.034100026823580265,6.515,6.565,16.9,2.12,True,0,,False,1979.4986543002178,914.1695913716046,-37.914909953290916,145.134747802143,3.3540406552605058,6.334347861507525,short=0.002 small=1.000 angle_diff=2.419 mode=confirmed,,
2026-09-10T11:15:11.178,1789002911,fuzzy,True,-37.91479097,145.1348145,1985.0978708844632,927.4899076353759,1987.9528609108606,925.9099118822085,1985.0935,927.4903,1981.64,916.0592,139332152#2,5.536607618081584,50.38508901039386,0,0.0393999507650733,6.029,6.515,16.9,2.09,True,0,,False,1982.43,925.52,-37.91480823448275,145.13478371627392,3.316333992238756,5.536607618081584,short=0.008 small=1.000 angle_diff=2.419 mode=confirmed,,
2026-09-10T11:15:13.213,1789002913,fuzzy,True,-37.91469711,145.1348489,1987.913572660822,937.9655974246562,1989.8103476163153,937.9191588974091,1987.9147,937.9652,1984.7713,927.5934,139332152#2,14.429437698706455,50.000000256772,0,0.041899969801306725,5.564,6.029,16.9,2.07,True,0,,False,1982.43,925.52,-37.91480823448275,145.13478371627392,13.600090602018856,14.429437698706455,short=0.000 small=1.000 angle_diff=2.419 mode=entering_pending,,
2026-09-10T11:15:15.251,1789002915,fuzzy,True,-37.9145978,145.134879,1990.339165820973,949.038480926305,1991.5022456093493,949.3706292483772,1990.3354,949.0379,1988.073,937.9145,139332152#3,4.20761397489813,53.055042311866835,0,0.03800005652010441,5.696,5.564,13,2.06,True,0,,False,1988.1,946.895,-37.91461670537134,145.13485305153122,3.0997377397527885,4.20761397489813,short=0.061 small=1.000 angle_diff=12.754 mode=confirmed,,
2026-09-10T11:15:17.285,1789002917,fuzzy,True,-37.91449064,145.1348733,1989.6001338467468,960.9194629667327,1991.3624130821918,960.9916495702059,1989.6031,960.9195,1992.15,952,139332152#3,14.4692386884744,50.00000024093012,0,0.03250001464039087,5.831,5.696,358.8,2.02,True,0,,False,1988.1,946.895,-37.91461670537134,145.13485305153122,14.10446606800174,14.4692386884744,short=0.000 small=1.000 angle_diff=1.446 mode=entering_pending,,
2026-09-10T11:15:19.323,1789002919,fuzzy,True,-37.91439834,145.1348996,1991.7072422259953,971.2077961796895,1992.1224123110771,971.7753826906655,1991.7108,971.2079,1986.9757,960.4751,5322853#4,9.19257834055357,50.0011180997329,0,0.0271000899374485,5.237,5.831,13.8,2.01,True,0,,False,1986.29,964.67,-37.914456257567764,145.13483651507065,8.49054133858787,9.19257834055357,short=0.000 small=1.000 angle_diff=16.662 mode=confirmed,,
2026-09-10T11:15:21.364,1789002922,fuzzy,True,-37.91435757,145.1350689,2006.500023111119,976.0296382755041,2002.798509510719,979.7210125627115,2006.5027,976.0301,1990.4638,972.56,5322853#4,22.33973736256542,10.000000000000655,0,0.03659992944449186,4.93,5.237,97.4,2.01,True,0,,False,1986.29,964.67,-37.914456257567764,145.13483651507065,23.183753274702134,22.33973736256542,short=0.000 small=0.000 angle_diff=100.262 mode=entering_pending,,
2026-09-10T11:15:23.400,1789002924,fuzzy,True,-37.91442697,145.1351963,2017.8539356972906,968.5527473241091,2014.0760215833618,975.4852601299947,2017.8541,968.5525,2006.3065,975.6068,5322853#4,29.816653855027123,10.0,0,0.031200004741549492,6.027,4.93,118.9,2.01,True,0,,False,1986.29,964.67,-37.914456257567764,145.13483651507065,31.8018515732272,29.816653855027123,short=0.000 small=0.000 angle_diff=121.762 mode=entering_pending,,
2026-09-10T11:15:25.422,1789002926,fuzzy,True,-37.91446023,145.1353332,2029.9627521084622,965.1028233701363,2026.7527701061726,970.0961477297828,2029.9669,965.103,2017.5989,967.6614,988996004,45.05523748198322,10.0,0,0.027999980375170708,6.168,6.027,106.6,2.01,True,0,,False,1981.96,965.24,-37.91445034233196,145.13478740997328,48.002948111696696,45.05523748198322,short=0.000 small=0.000 angle_diff=176.312 mode=confirmed,,
2026-09-10T11:15:27.451,1789002928,fuzzy,True,-37.91448365,145.1354897,2043.7727649753797,962.7792446445674,2041.0157841488544,965.2005594067357,2043.7767,962.7789,2029.9739,964.3857,988996004,59.055797319115754,10.0,0,13.122000033035874,6.873,6.168,103.2,2.0,True,0,,False,1981.96,965.24,-37.91445034233196,145.13478740997328,61.861726704165086,59.055797319115754,short=0.000 small=0.000 angle_diff=172.912 mode=entering_pending,,
2026-09-10T11:15:29.479,1789002930,fuzzy,True,-37.91450614,145.1356605,2058.837827150128,960.5839850893244,2056.5386973331933,961.2847149610454,2058.8421,960.5837,2042.3021,962.4008,988996004,74.68350805670173,10.0,0,12.97419995535165,7.43,6.873,99.3,2.0,True,0,,False,1981.96,965.24,-37.91445034233196,145.13478740997328,77.01869112217737,74.68350805670173,short=0.000 small=0.000 angle_diff=169.012 mode=entering_pending,,
2026-09-10T11:15:31.500,1789002932,fuzzy,True,-37.91452732,145.1358309,2073.864808305283,958.5333589464426,2072.3998390679258,958.3154691856081,2073.8621,958.5337,2059.9912,961.0589,988996004,90.7045402261197,10.0,0,12.581999995745718,7.593,7.43,100.3,2.0,True,0,,False,1981.96,965.24,-37.91445034233196,145.13478740997328,92.14918786322582,90.7045402261197,short=0.000 small=0.000 angle_diff=170.012 mode=entering_pending,,
2026-09-10T11:15:33.529,1789002934,fuzzy,True,-37.91454917,145.1360026,2089.0075511061586,956.4106444194913,2088.009542803516,955.7877477683362,2089.0061,956.4108,2074.514,958.8202,988996004,106.46995163465499,10.0,0,12.327700038440526,7.751,7.593,99.3,2.5,True,0,,False,1981.96,965.24,-37.91445034233196,145.13478740997328,107.41105956926735,106.46995163465499,short=0.000 small=0.000 angle_diff=169.012 mode=entering_pending,,
2026-09-10T11:15:35.553,1789002936,fuzzy,True,-37.91457125,145.1361781,2104.484855159768,954.2690601758659,2103.6513486972976,953.4724864225785,2104.4883,954.2687,2090.307,956.6327,630680457#4,4.862428881076895,51.115796061567536,0,12.137899990193546,7.664,7.751,99.2,3.34,True,0,,False,2098.79,953.37,-37.91457832312106,145.13611314137665,5.765386759842181,4.862428881076895,short=0.022 small=1.000 angle_diff=0.551 mode=confirmed,,
2026-09-10T11:15:37.570,1789002938,fuzzy,True,-37.91459158,145.1363166,2116.7055765448604,952.2565995827317,2117.78078371856,951.5816477090115,2116.706,952.2564,2104.2253,952.5421,630680457#4,19.07480196913751,50.00000000015192,0,0.04160008393228054,6.347,0,100,3.09,True,0,,False,2098.79,953.37,-37.91457832312106,145.13611314137665,17.950140484796375,19.07480196913751,short=0.000 small=1.000 angle_diff=1.351 mode=entering_pending,,
2026-09-10T11:15:39.610,1789002940,fuzzy,True,-37.91460415,145.1364187,2125.7091315541184,951.0412311879918,2128.839009999806,950.2258555903451,2125.7095,951.0417,2116.8844,952.224,630680457#5,15.446084596939688,50.0000000504788,0,0.03470003139227629,4.682,6.347,98.2,2.99,True,0,,False,2113.42,951.14,-37.91460104681283,145.1362789869822,12.289528454446542,15.446084596939688,short=0.000 small=1.000 angle_diff=0.479 mode=confirmed,,
2026-09-10T11:15:43.672,1789002944,fuzzy,True,-37.91457701,145.1365631,2138.3432047311217,954.3066157922149,2144.0452943847076,951.6705688784566,2138.3438,954.3064,2133.5604,948.953,630680457#5,30.629889968538688,37.72125441998248,0,0.038899946957826614,3.359,0,61.4,3.2,True,0,,False,2113.42,951.14,-37.91460104681283,145.1362789869822,25.12356641969659,30.629889968538688,short=0.000 small=0.693 angle_diff=37.279 mode=entering_pending,,
2026-09-10T11:15:45.714,1789002946,fuzzy,True,-37.91448689,145.1365876,2140.297092192108,964.3498376784846,2146.2227743839667,958.65054367406,2140.2992,964.3499,2137.053,954.5584,630680457#5,33.65160135217014,10.0,0,0.03639992792159319,4.615,3.359,15,3.25,True,0,,False,2113.42,951.14,-37.91460104681283,145.1362789869822,29.947919730675302,33.65160135217014,short=0.000 small=0.000 angle_diff=83.679 mode=entering_pending,,
2026-09-10T11:15:47.743,1789002948,fuzzy,True,-37.91439003,145.136609,2141.96351015073,975.1355145089328,2147.434364269573,968.2920786177483,2141.9601,975.1352,2139.0132,964.6009,-46129092#0,27.425629097614333,50.0,0,0.03300001844763756,5.361,4.615,11.9,3.29,True,0,,False,2120.12,970.76,-37.91442551170542,145.1363596309302,22.27743393936872,27.425629097614333,short=0.000 small=1.000 angle_diff=2.096 mode=confirmed,,
2026-09-10T11:15:49.760,1789002950,fuzzy,True,-37.91429204,145.136628,2143.416440633533,986.0423632161692,2147.912116393832,979.6471371936,2143.4124,986.0427,2141.1022,975.3026,-46129092#0,29.178467080129224,50.0,0,0.023999949917197227,5.437,5.361,8.4,3.37,True,0,,False,2120.12,970.76,-37.91442551170542,145.1363596309302,27.861707981792076,29.178467080129224,short=0.000 small=1.000 angle_diff=1.404 mode=confirmed,,
2026-09-10T11:15:51.805,1789002952,fuzzy,True,-37.91418793,145.1366518,2145.277772950707,997.6367525896057,2148.265095185035,992.3027703276257,2145.2767,997.6362,2143.3438,986.058,-46129092#0,35.443438551634934,50.0,0,0.02219993621110916,5.808,5.437,10.2,3.41,True,0,,False,2120.12,970.76,-37.91442551170542,145.1363596309302,36.814037670462206,35.443438551634934,short=0.000 small=1.000 angle_diff=0.396 mode=confirmed,,
2026-09-10T11:15:53.822,1789002954,fuzzy,True,-37.91408497,145.1366831,2147.800996345177,1009.1167119611055,2149.1753086589606,1005.3361584139752,2147.8052,1009.1167,2145.875,997.5074,-46129092#0,45.16327813540319,50.0,0,0.0222999369725585,5.865,5.808,13.2,3.45,True,0,,False,2120.12,970.76,-37.91442551170542,145.1363596309302,47.30195462270994,45.16327813540319,short=0.000 small=1.000 angle_diff=3.396 mode=confirmed,,
2026-09-10T11:15:55.846,1789002956,fuzzy,True,-37.91398054,145.1367201,2150.822061429033,1020.769805575721,2150.908435375215,1018.3747102295395,2150.8199,1020.7692,2148.3494,1008.9995,-46129092#0,56.70174938303765,50.0,0,12.124900007620454,5.956,5.865,14.8,3.45,True,0,,False,2120.12,970.76,-37.91442551170542,145.1363596309302,58.68217131048866,56.70174938303765,short=0.000 small=1.000 angle_diff=4.996 mode=entering_pending,,
2026-09-10T11:15:57.866,1789002958,fuzzy,True,-37.91389341,145.1367446,2152.782618137193,1030.4812372541055,2152.7414578333,1030.1343381367208,2152.7823,1030.4818,2150.8807,1020.7561,-10585186,1.7781823957675622,88.02031357119907,0,11.314200004562736,4.945,5.956,13,3.54,True,0,,False,2152.52,1028.37,-37.91391238127187,145.13674113401214,2.127508173687263,1.7781823957675622,short=0.760 small=1.000 angle_diff=0.849 mode=confirmed,,
2026-09-10T11:15:59.906,1789002960,fuzzy,True,-37.91382166,145.1367683,2154.7069661100395,1038.4846213301644,2154.628357719803,1040.057088754994,2154.7099,1038.4843,2152.9688,1030.4414,-10585186,11.875740643924651,50.00001527699691,0,0.050699920393526554,4.217,4.945,14.9,3.54,True,0,,False,2152.52,1028.37,-37.91391238127187,145.13674113401214,10.348351821381012,11.875740643924651,short=0.000 small=1.000 angle_diff=2.749 mode=entering_pending,,
2026-09-10T11:16:01.940,1789002962,fuzzy,True,-37.9137548,145.1368011,2157.442159980128,1045.961377395317,2156.9548324424622,1048.4825140359749,2157.4425,1045.9611,2154.6299,1039.001,-10585186,20.595653901733893,50.00000000001333,0,0.058399979025125504,3.937,4.217,19.1,3.58,True,0,,False,2152.52,1028.37,-37.91391238127187,145.13674113401214,18.2670254156074,20.595653901733893,short=0.000 small=1.000 angle_diff=6.949 mode=entering_pending,,
2026-09-10T11:16:05.990,1789002966,fuzzy,True,-37.91363359,145.1368179,2158.6502210570034,1059.4409613003954,2159.443943549853,1062.5963351422308,2158.6473,1059.4411,2159.6325,1052.9407,10585197#1,1.8298312446035412,87.2514184478565,0,0.04800001624971628,3.404,3.693,358.4,3.62,True,0,,False,2157.654368666297,1062.2146230519409,-37.913608424827736,145.13680720706532,2.947019086477273,1.8298312446035412,short=0.745 small=1.000 angle_diff=10.441 mode=confirmed,,
2026-09-10T11:16:08.006,1789002968,fuzzy,True,-37.91354374,145.1368144,2158.143236233329,1069.4050115970895,2159.461989816104,1070.070521049535,2158.1433,1069.4047,2158.2634,1059.3592,10585197#1,3.170051038793146,62.750370560722686,0,0.01889991108328104,4.784,3.404,359.1,3.73,True,0,,False,2156.3046953835947,1070.3546257045457,-37.913534854574124,145.1367937107155,2.069299255598742,3.170051038793146,short=0.255 small=1.000 angle_diff=6.042 mode=following,,
2026-09-10T11:16:10.051,1789002970,fuzzy,True,-37.91344806,145.1368268,2159.0211190532427,1080.0439277952537,2159.7703185931127,1079.067958940307,2159.025,1080.0441,2156.2347,1069.5765,10585197#1,2.6707754001558346,71.60558481063552,0,0.016000005416572094,5.108,4.784,4.9,3.75,True,0,,False,2157.110290663529,1079.3073177753502,-37.91345435149812,145.1368049055438,2.0478914659613765,2.6707754001558346,short=0.432 small=1.000 angle_diff=0.242 mode=following,,
2026-09-10T11:16:12.082,1789002972,fuzzy,True,-37.91335199,145.1368339,2159.43220640457,1090.7168066175655,2160.0647658355415,1088.9062638102969,2159.4317,1090.7172,2157.1914,1080.2091,10585197#1,2.0823143473330434,83.05608670562226,0,0.0198000343516469,5.276,5.108,3,4.09,True,0,,False,2157.9908309319344,1089.0928838968612,-37.913366359171896,145.13681714180132,2.1713332899246924,2.0823143473330434,short=0.661 small=1.000 angle_diff=2.142 mode=following,,
2026-09-10T11:16:14.124,1789002974,fuzzy,True,-37.91327157,145.1368482,2160.5109751949785,1099.66573590599,2160.6181518215403,1098.6274109377548,2160.5118,1099.666,2158.1474,1090.8327,10585197#1,1.762249892245606,88.25098740993327,0,0.016300007700920105,4.463,5.276,7.9,4.2,True,0,,False,2158.8629934012533,1098.7853463752454,-37.913279204035305,145.13682926160533,1.8684029860537297,1.762249892245606,short=0.765 small=1.000 angle_diff=2.758 mode=following,,
2026-09-10T11:16:18.191,1789002978,fuzzy,True,-37.91318598,145.1368825,2163.3365244021406,1109.2234976654872,2162.7537750008605,1112.2220850808485,2163.3337,1109.2237,2160.1958,1105.7577,10585197#1,1.2110580214875426,94.35926474189522,0,0.014699995517730713,2.348,3.075,29.5,4.35,True,0,,False,2161.5911181441306,1112.5610401883603,-37.913155600286665,145.13686341250306,3.766381963832958,1.2110580214875426,short=0.887 small=1.000 angle_diff=13.247 mode=following,,
2026-09-10T11:16:22.267,1789002982,fuzzy,True,-37.91310894,145.1369546,2169.5041295831325,1117.8989278329536,2167.7169435395695,1121.4362062991438,2169.503,1117.8984,2167.4527,1110.6879,10585197#1,3.3969883712255684,59.61463232933748,0,0.013899989426136017,3.474,2.138,16.8,4.46,True,0,,False,2164.4557192613256,1122.386967153005,-37.91306760160928,145.13689821740874,6.754919963674774,3.3969883712255684,short=0.192 small=1.000 angle_diff=0.547 mode=following,,
2026-09-10T11:16:24.307,1789002984,fuzzy,True,-37.91302047,145.1369802,2171.5584715540754,1127.7609779788181,2170.5163482935054,1127.6642228132898,2171.5594,1127.7615,2167.659,1118.4433,10585197#1,4.3413932671892415,52.49575158390978,0,0.014299992471933365,4.732,3.474,14.8,4.59,True,0,,False,2166.3484632208656,1128.879306975668,-37.9130094577422,145.13692121420155,5.328681504585397,4.3413932671892415,short=0.050 small=1.000 angle_diff=1.453 mode=following,,
2026-09-10T11:16:26.331,1789002987,fuzzy,True,-37.91288549,145.1370614,2178.3976081068395,1142.8816982014105,2176.107516237982,1140.0657729096376,2178.3952,1142.8814,2170.5047,1128.0732,10585197#1,6.311565555794979,50.11205946753997,0,0.03790005575865507,5.583,4.732,28.9,4.75,True,0,,False,2169.85,1140.89,-37.91290189278712,145.13696375768774,8.776586242589467,6.311565555794979,short=0.002 small=1.000 angle_diff=12.647 mode=confirmed,,
2026-09-10T11:16:28.357,1789002989,fuzzy,True,-37.91278966,145.1371276,2184.0049019510625,1153.6317802825943,2181.3365509945115,1150.2624334555214,2184.002,1153.6313,2179.6928,1142.1467,10585197#1,14.825092331169184,50.00000013633854,0,0.0447999918833375,5.994,5.583,27.6,4.77,True,0,,False,2169.85,1140.89,-37.91290189278712,145.13696375768774,19.045057469435495,14.825092331169184,short=0.000 small=1.000 angle_diff=11.347 mode=entering_pending,,
2026-09-10T11:16:30.389,1789002991,fuzzy,True,-37.91267671,145.1371537,2186.0489422114915,1166.211125335656,2185.381505589227,1161.9833609773884,2186.0507,1166.2107,2185.5341,1153.6442,10585197#2,9.227959816957135,50.001056563273266,0,0.03779993858188391,6.279,5.994,12.4,4.72,True,0,,False,2176.4959614547756,1164.4738123055806,-37.91269064029829,145.13704468433752,9.709670329246729,9.227959816957135,short=0.000 small=1.000 angle_diff=3.257 mode=confirmed,,
2026-09-10T11:16:32.411,1789002993,fuzzy,True,-37.91256429,145.1371832,2188.3930695020244,1178.7376314895228,2188.7089487794724,1174.7761498374177,2188.3929,1178.7373,2185.4282,1166.2055,10585197#2,8.983446740821392,50.00156241429562,0,0.020700041204690933,6.314,6.279,13.8,4.52,True,0,,False,2179.99,1176.94,-37.9125789707199,145.137087245693,8.593198242097097,8.983446740821392,short=0.000 small=1.000 angle_diff=1.857 mode=confirmed,,
2026-09-10T11:16:34.443,1789002995,fuzzy,True,-37.91246505,145.1372386,2193.04338115477,1189.8471214342862,2192.6014687170955,1187.1424455115896,2193.0445,1189.847,2187.8958,1178.89,10585197#2,16.22156088726473,50.00000001459664,0,0.019299914129078388,5.909,6.314,22.3,4.77,True,0,,False,2179.99,1176.94,-37.9125789707199,145.137087245693,18.35713875556648,16.22156088726473,short=0.000 small=1.000 angle_diff=6.643 mode=confirmed,,
2026-09-10T11:16:36.464,1789002997,fuzzy,True,-37.91236246,145.1372839,2196.7983546623145,1201.3105969820172,2196.4896451273635,1199.455274568593,2196.7956,1201.3111,2192.3762,1190.1893,10585197#2,27.913722041821412,50.0,0,0.02189993392676115,5.944,5.909,18.2,4.9,True,0,,False,2179.99,1176.94,-37.9125789707199,145.137087245693,29.604843923149787,27.913722041821412,short=0.000 small=1.000 angle_diff=2.543 mode=confirmed,,
2026-09-10T11:16:38.491,1789002999,fuzzy,True,-37.91226741,145.1373101,2198.890914696036,1211.9038405381143,2199.633248849364,1211.2553768741873,2198.8932,1211.9043,2197.7147,1200.9473,10585197#2,39.53988259182812,50.0,0,0.01919991336762905,5.206,5.944,11.4,5.03,True,0,,False,2179.99,1176.94,-37.9125789707199,145.137087245693,39.745625187201625,39.53988259182812,short=0.000 small=1.000 angle_diff=4.257 mode=confirmed,,
2026-09-10T11:16:40.535,1789003001,fuzzy,True,-37.91219603,145.1373472,2201.994222517358,1219.8896921304986,2202.630895173367,1221.4031686995718,2201.9921,1219.8891,2197.0684,1211.3374,10585197#2,49.895726320577666,50.0,0,0.019600032828748226,4.558,5.206,21.8,4.86,True,0,,False,2179.99,1176.94,-37.9125789707199,145.137087245693,48.25828284033766,49.895726320577666,short=0.000 small=1.000 angle_diff=6.143 mode=confirmed,,
2026-09-10T11:16:42.575,1789003003,fuzzy,True,-37.91210553,145.1373952,2206.013398872805,1230.0163394510746,2206.0131125118596,1231.3250982583334,2206.0158,1230.0166,2204.548,1218.9232,10585197#2,60.29047435021128,50.0,0,11.315200012177229,5.314,4.558,20.7,4.79,True,0,,False,2179.99,1176.94,-37.9125789707199,145.137087245693,59.11273211769866,60.29047435021128,short=0.000 small=1.000 angle_diff=5.043 mode=entering_pending,,
2026-09-10T11:16:44.603,1789003005,fuzzy,True,-37.91200724,145.1374324,2209.065846554993,1240.988429164514,2209.240553131736,1241.550568725583,2209.063,1240.9886,2207.8805,1229.4329,116895895#12,2.3214024706295993,78.54784134853531,0,13.026800006628036,5.572,5.314,17.6,4.7,True,0,,False,2211.455988906609,1240.8572046379225,-37.91200885232632,145.1374595467326,2.3937419111856877,2.3214024706295993,short=0.571 small=1.000 angle_diff=0.221 mode=confirmed,,
2026-09-10T11:16:46.635,1789003007,fuzzy,True,-37.91190733,145.1374746,2212.554280218552,1252.149063535966,2212.566197387607,1252.1362101879486,2212.5573,1252.1493,2211.28,1240.2948,116895895#12,2.261172113789993,79.71927162860374,0,0.02329994458705187,5.633,5.572,18.4,4.7,True,0,,False,2214.746908678601,1251.5383827935327,-37.91191322583157,145.13749939198908,2.2760822772904863,2.261172113789993,short=0.594 small=1.000 angle_diff=3.069 mode=following,,
2026-09-10T11:16:48.671,1789003009,fuzzy,True,-37.91181329,145.1375196,2216.301897834288,1262.663250315003,2216.086068967488,1262.6904896720314,2216.3053,1262.6631,2214.7496,1251.5482,116895895#12,1.6569782601435807,89.69695321581253,0,0.018300022929906845,5.467,5.633,20.7,4.67,True,0,,False,2217.684085845013,1262.252404048286,-37.91181723979023,145.137535222463,1.4419564320283673,1.6569782601435807,short=0.794 small=1.000 angle_diff=5.369 mode=following,,
2026-09-10T11:16:50.705,1789003011,fuzzy,True,-37.91172515,145.1375549,2219.2098414319917,1272.5057035991922,2219.352663881766,1272.911851852679,2219.2088,1272.5054,2217.6924,1262.2828,116895895#12,0.785919650193924,96.9745000724439,0,0.015600002370774746,5.136,5.467,17.2,4.67,True,0,,False,2220.1223562743016,1272.7529703955045,-37.91172308679591,145.13756533166782,0.9454227657479624,0.785919650193924,short=0.939 small=1.000 angle_diff=5.537 mode=following,,
2026-09-10T11:16:52.738,1789003013,fuzzy,True,-37.91162825,145.1375834,2221.5005557886907,1283.3082638112828,2222.1574309920397,1283.345414840715,2221.5009,1283.3085,2220.036,1272.3347,116895895#12,0.1483122097591866,98.86530136407825,0,0.014199991710484028,5.331,5.136,13.1,4.74,True,0,,False,2222.302680928905,1283.3154320555823,-37.9116283297955,145.13759252195575,0.8021571693191021,0.1483122097591866,short=0.977 small=1.000 angle_diff=1.437 mode=following,,
2026-09-10T11:16:54.770,1789003015,fuzzy,True,-37.91154249,145.1375905,2221.934611574572,1292.8370851250365,2223.7835425194885,1293.359736904318,2221.9317,1292.837,2222.2685,1283.15,116895895#12,0.33140178717025504,98.49074549345416,0,0.013199984095990658,4.682,5.331,3.9,4.74,True,0,,False,2223.4541516374757,1293.3961894952608,-37.911537726930334,145.1376079044744,1.6191354790668508,0.33140178717025504,short=0.970 small=1.000 angle_diff=2.415 mode=following,,
2026-09-10T11:17:02.930,1789003023,fuzzy,True,-37.91165176,145.1375922,2222.3263224079856,1280.7149361353368,2224.8054927022918,1291.5819646790942,2222.3283,1280.7147,2225.0567,1289.6936,116895895#12,1.5426972337938796,42.89010528673993,0,0.013899989426136017,4.381,3.066,197.1,4.72,True,0,,False,2223.27215636498,1291.7516539004234,-37.91155250858306,145.1376054615621,11.077172062416654,1.5426972337938796,short=0.822 small=0.000 angle_diff=169.215 mode=following,,
2026-09-10T11:17:04.963,1789003025,fuzzy,True,-37.91174897,145.1375519,2218.9989109487506,1269.857249907218,2221.8208021422165,1279.9143211594735,2218.9989,1269.8572,2223.7493,1280.4204,116895895#12,0.21563911642470315,48.99159615825485,0,0.014999997802078724,5.462,4.381,197.8,4.65,True,0,,False,2221.609615429422,1279.957914746977,-37.91165845045204,145.1375838789159,10.432603131076219,0.21563911642470315,short=0.975 small=0.000 angle_diff=173.863 mode=following,,
2026-09-10T11:17:07.006,1789003027,fuzzy,True,-37.91185228,145.1375127,2215.7817391104763,1258.3246081527323,2218.7322297361557,1268.3536410259917,2215.7792,1258.3248,2221.4568,1269.3483,116895895#12,0.47205583950108637,48.499303269257126,0,0.013899989426136017,5.891,5.462,196.6,4.56,True,0,,False,2219.1945388137137,1268.2582102531012,-37.91176340977854,145.13755376106377,10.503506676480553,0.47205583950108637,short=0.962 small=0.000 angle_diff=175.063 mode=following,,
2026-09-10T11:17:09.046,1789003029,fuzzy,True,-37.91191202,145.1372751,2195.025889440323,1251.2781746890396,2216.661024370272,1263.3556999599803,2195.0292,1251.278,2218.475,1257.587,116895895#12,1.278355686361606,45.03802868779631,0,0.013899989426136017,6.107,5.891,196.6,19.14,True,0,,False,2217.893891458166,1263.0177177053552,-37.91181038340712,145.13753778186717,25.7052988023866,1.278355686361606,short=0.876 small=0.000 angle_diff=178.731 mode=following,,
2026-09-10T11:17:11.089,1789003031,fuzzy,True,-37.91200571,145.1372398,2192.1302908486687,1240.8198560308665,2213.6520988330058,1257.4676702025847,2192.1289,1240.8194,2203.5745,1248.3996,116895895#12,2.623486552880618,28.030617596853048,0,0.012999982573091984,5.485,6.107,196.6,19.96,True,0,,False,2216.182232082371,1256.7740511186466,-37.91186631990853,145.13751690143806,28.862297517841636,2.623486552880618,short=0.451 small=0.000 angle_diff=178.731 mode=following,,
2026-09-10T11:17:13.117,1789003033,fuzzy,True,-37.9120798,145.1372121,2189.859379756148,1232.5498005431145,2209.490898066602,1250.3688005294937,2189.8565,1232.5493,2200.5485,1238.7232,116895895#12,4.716343544000707,11.121090923486035,0,0.012199976481497288,4.379,5.485,195.9,20.18,True,0,,False,2213.991951350627,1248.960107603621,-37.91193631572122,145.13749022218252,29.183543129352305,4.716343544000707,short=0.028 small=0.000 angle_diff=178.521 mode=following,,
2026-09-10T11:17:17.171,1789003037,fuzzy,True,-37.91222878,145.1373532,2202.5943215102307,1216.266131487675,2202.9241674779105,1219.8023084107147,2202.5915,1216.2662,2198.364,1224.7212,116895895#12,1.8297724588685074,39.80184942999292,0,0.011899974197149277,3.074,3.668,219.3,4.38,True,0,,False,2204.635803891055,1219.1554946504775,-37.91220311934554,145.1373770687359,3.537805788589252,1.8297724588685074,short=0.745 small=0.000 angle_diff=161.401 mode=following,,
2026-09-10T11:17:23.277,1789003043,fuzzy,True,-37.91212226,145.1372792,2195.852530568489,1227.9561136839911,2195.5970042518065,1219.6299652786474,2195.8553,1227.9561,2196.0742,1220.3601,116895895#12,8.622947978208723,50.002781543214645,0,0.011599971912801266,3.393,2.262,1.3,4.36,True,0,,False,2203.6632267357095,1216.5818040829308,-37.912226128750106,145.13736542549157,13.797894532043916,8.622947978208723,short=0.000 small=1.000 angle_diff=19.401 mode=following,,
2026-09-10T11:17:25.314,1789003045,fuzzy,True,-37.91204765,145.1372977,2197.313488099491,1236.267706796527,2195.4500948398945,1227.5438027986913,2197.3169,1236.2682,2196.6995,1227.8634,116895895#12,11.298771297164052,50.00003845538426,0,0.012200092896819115,4.206,3.393,9.4,4.29,True,0,,False,2206.2331031551475,1224.1690488078348,-37.912158243465306,145.13739636958522,15.031202808439351,11.298771297164052,short=0.000 small=1.000 angle_diff=7.979 mode=following,,
2026-09-10T11:17:27.357,1789003048,fuzzy,True,-37.91193202,145.1373443,2201.153866898152,1249.1804449344054,2197.4688561755283,1239.6225584270828,2201.1502,1249.1807,2197.8375,1236.1379,116895895#12,12.97988404768183,50.00000261096278,0,0.01209997572004795,4.462,4.206,18.4,4.28,True,0,,False,2209.856238301964,1235.745684177777,-37.91205461028481,145.13744019583416,16.007000488465106,12.97988404768183,short=0.000 small=1.000 angle_diff=1.021 mode=following,,
2026-09-10T11:17:29.402,1789003050,fuzzy,True,-37.91185142,145.1373794,2204.0609224210493,1258.1858777711168,2200.635929701063,1250.7957211679309,2204.0645,1258.1859,2201.6613,1249.0093,116895895#12,13.294616977111126,50.000001577981294,0,0.012499978765845299,4.64,4.462,18.7,4.23,True,0,,False,2213.3236779209315,1246.8248414571717,-37.91195543047134,145.1374821386351,14.65850557107973,13.294616977111126,short=0.000 small=1.000 angle_diff=1.321 mode=following,,
2026-09-10T11:17:33.462,1789003054,fuzzy,True,-37.91171998,145.1373915,2204.833238093881,1272.7923615984619,2203.74892293243,1268.9040541643576,2204.8369,1272.7926,2206.4427,1265.3346,116895895#12,15.197916847277503,50.000000075085076,0,0.012699980288743973,3.593,3.926,4.7,4.26,True,0,,False,2218.4060419842353,1264.8859031470402,-37.91179364648463,145.137544029554,15.707739833918742,15.197916847277503,short=0.000 small=1.000 angle_diff=10.631 mode=following,,
2026-09-10T11:17:35.492,1789003056,fuzzy,True,-37.91163337,145.1374264,2207.7093993872404,1282.4643401661888,2206.37090762722,1279.6195587943084,2207.7133,1282.4643,2208.2895,1271.8076,116895895#12,14.855664924195754,50.00000012982988,0,0.013399985618889332,4.789,3.593,14.9,4.32,True,0,,False,2220.9198405561624,1276.6163386942974,-37.911688428096866,145.13757527690512,14.44696774734383,14.855664924195754,short=0.000 small=1.000 angle_diff=3.237 mode=following,,
2026-09-10T11:17:37.507,1789003058,fuzzy,True,-37.91154641,145.1374474,2209.362785316538,1292.1507379505783,2208.599099538711,1289.9750841749435,2209.3619,1292.151,2211.0576,1281.5102,116895895#12,14.388608465455896,50.000000274106114,0,0.013399985618889332,4.687,4.789,9.3,4.55,True,0,,False,2222.9003997032123,1288.3924069567388,-37.911582702652055,145.13760047148986,14.049628291935147,14.388608465455896,short=0.000 small=1.000 angle_diff=2.985 mode=following,,
2026-09-10T11:17:41.589,1789003062,fuzzy,True,-37.91146413,145.1374074,2205.6637822668417,1301.2106642005965,2208.251283436912,1303.950676121318,2205.6652,1301.2104,2211.4275,1300.2194,116895895#12,16.27156146423742,45.284963740250454,0,0.05419994704425335,1.709,3.301,336.6,4.63,True,0,,False,2224.4241110737103,1302.1608831961792,-37.91145894684057,145.13762092416695,18.784377899770522,16.27156146423742,short=0.000 small=0.882 angle_diff=29.715 mode=confirmed,,
2026-09-10T11:17:45.619,1789003066,fuzzy,True,-37.91140398,145.137327,2198.462101422192,1307.7439638338983,2202.47168828384,1312.0560990575736,2198.4585,1307.7444,2206.11,1305.57,116895895#12,23.15373589482964,16.384963724235273,0,0.04779989831149578,2.482,2.45,307.7,4.65,True,0,,False,2224.87,1306.19,-37.911422731748125,145.13762690929002,26.45358030386149,23.15373589482964,short=0.000 small=0.160 angle_diff=58.615 mode=confirmed,,
2026-09-10T11:17:51.715,1789003072,fuzzy,True,-37.91136964,145.1372331,2190.1307973359944,1311.389536078088,2192.3155179025634,1315.9082365082186,2190.1323,1311.3895,2191.3465,1306.9193,116895895#12,33.97408461551218,10.0,0,0.054299947805702686,1.207,1.503,295.7,4.52,True,0,,False,2224.87,1306.19,-37.911422731748125,145.13762690929002,35.12616371251182,33.97408461551218,short=0.000 small=0.000 angle_diff=70.615 mode=entering_pending,,
2026-09-10T11:17:57.825,1789003078,fuzzy,True,-37.91134464,145.1370774,2176.387087056297,1313.8901082389057,2178.164971052689,1316.2189999511595,2176.3888,1313.8903,2183.3627,1309.1981,116895895#13,47.72577220230468,10.0,0,0.04610000178217888,4.036,2.259,291.7,4.29,True,0,,False,2225.61,1311.05,-37.91137908477408,145.13763642724743,49.30478043224702,47.72577220230468,short=0.000 small=0.000 angle_diff=79.327 mode=confirmed,,
2026-09-10T11:17:59.868,1789003080,fuzzy,True,-37.91132451,145.1369763,2167.4542963354615,1315.946196269244,2170.352366899027,1316.5130007008477,2167.4509,1315.9467,2176.8052,1313.5117,116895895#13,55.52702398453594,10.0,0,11.902499943971634,4.673,4.036,282.9,4.2,True,0,,False,2225.61,1311.05,-37.91137908477408,145.13763642724743,58.36144794832103,55.52702398453594,short=0.000 small=0.000 angle_diff=88.127 mode=entering_pending,,
2026-09-10T11:18:01.902,1789003082,fuzzy,True,-37.91130627,145.1368718,2158.226783299935,1317.7865766398609,2161.7506998707527,1317.5781280607039,2158.2283,1317.7862,2167.7124,1316.8964,116895895#13,64.19210752868497,10.0,0,11.730700032785535,4.657,4.673,281.4,4.14,True,0,,False,2225.61,1311.05,-37.91137908477408,145.13763642724743,67.71912106394063,64.19210752868497,short=0.000 small=0.000 angle_diff=89.627 mode=entering_pending,,
2026-09-10T11:18:03.920,1789003084,fuzzy,True,-37.91128798,145.1367755,2149.720053463476,1319.6469046045095,2152.7227517999318,1319.0674315829892,2149.7191,1319.6472,2157.8189,1316.2962,-36667189#1,1.3221932240752028,93.40630513644422,0,11.862099985592067,4.401,4.657,282.1,4.07,True,0,,False,2152.372480070361,1317.79247878494,-37.911305162740284,145.13680523703232,3.236396456739756,1.3221932240752028,short=0.868 small=1.000 angle_diff=3.262 mode=confirmed,,
2026-09-10T11:18:07.992,1789003088,fuzzy,True,-37.91126575,145.1366279,2136.6945655513555,1321.8542720396072,2137.4145406765438,1321.6440045397114,2136.6952,1321.854,2142.1589,1319.8151,-36667189#1,3.038174550077616,64.85569512192917,0,0.044899992644786835,2.991,3.742,278.6,4.09,True,0,,False,2140.06,1320.15,-37.91128170854466,145.1366657781184,3.7723589719311352,3.038174550077616,short=0.297 small=1.000 angle_diff=0.465 mode=entering_pending,,
2026-09-10T11:18:12.052,1789003092,fuzzy,True,-37.91115708,145.1365258,2127.4774314151146,1333.7333933636546,2125.9035796552043,1330.5844364220975,2127.4801,1333.7334,2131.2306,1324.8053,-36667189#1,17.586406694527902,15.665167022083764,0,0.03290001768618822,4.503,3.283,338.4,4.07,True,0,,False,2140.06,1320.15,-37.91128170854466,145.1366657781184,18.515658439956127,17.586406694527902,short=0.000 small=0.142 angle_diff=59.335 mode=confirmed,,
2026-09-10T11:18:14.085,1789003094,fuzzy,True,-37.91104511,145.1365386,2128.354358263896,1346.1806304426864,2124.2340498501844,1340.3695343409943,2128.3517,1346.1806,2127.0424,1333.7963,-36667189#1,25.676648284211264,10.000000000000002,0,0.03490003291517496,5.813,4.503,3,4.08,True,0,,False,2140.06,1320.15,-37.91128170854466,145.1366657781184,28.54147455366888,25.676648284211264,short=0.000 small=0.000 angle_diff=83.935 mode=entering_pending,,
2026-09-10T11:18:16.106,1789003096,fuzzy,True,-37.91093089,145.1365584,2129.841702457983,1358.8898404296488,2124.4264042837276,1352.022302297297,2129.8449,1358.8904,2128.812,1346.1144,-36667189#0,32.04396438095186,10.0,0,0.0295999925583601,6.357,5.813,7.1,4.09,True,0,,False,2132.94,1321.13,-37.91127159832052,145.1365850454311,37.88673906436654,32.04396438095186,short=0.000 small=0.000 angle_diff=89.898 mode=confirmed,,
2026-09-10T11:18:18.141,1789003098,fuzzy,True,-37.91081669,145.1365835,2131.7950467999326,1371.6061448967084,2126.3268264869944,1365.2598855022518,2131.7986,1371.6057,2130.6312,1358.7775,-36667189#0,44.62264961154776,10.0,0,0.039400067180395126,6.412,6.357,9.8,4.0,True,0,,False,2132.94,1321.13,-37.91127159832052,145.1365850454311,50.48912874534317,44.62264961154776,short=0.000 small=0.000 angle_diff=92.598 mode=entering_pending,,
2026-09-10T11:18:20.184,1789003100,fuzzy,True,-37.9107039,145.1366066,2133.5756958840648,1384.162473113276,2129.0730767366326,1379.2078109245035,2133.5728,1384.1629,2132.4604,1371.5106,-73530943#5,4.448230179486289,52.12023043948169,0,0.033899908885359764,6.279,6.412,10.2,3.93,True,0,,False,2133.4760169261826,1378.574668431112,-37.91075421844036,145.13660419661113,5.588693681054496,4.448230179486289,short=0.042 small=1.000 angle_diff=2.017 mode=confirmed,,
2026-09-10T11:18:22.226,1789003102,fuzzy,True,-37.91059412,145.1366231,2134.7827873651404,1396.3731973720714,2131.7005428148877,1393.003904788776,2134.7869,1396.3729,2134.2653,1384.0633,-73530943#5,3.811194187641812,55.46500279905244,0,0.021300045773386955,6.209,6.279,8.2,4.01,True,0,,False,2135.472933042429,1392.461435336118,-37.91062948244122,145.13663005790838,3.9721761393229222,3.811194187641812,short=0.109 small=1.000 angle_diff=0.017 mode=following,,
2026-09-10T11:18:24.250,1789003104,fuzzy,True,-37.91049437,145.1366436,2136.3637932935962,1407.4779726825655,2134.2779022542904,1406.0090964929605,2136.3599,1407.4778,2136.0101,1396.197,-73530943#5,3.1197554821772764,63.5297216148523,0,0.017600017599761486,5.598,6.209,9.2,4.11,True,0,,False,2137.364913179739,1405.5582774441862,-37.91051184338327,145.1366545464517,2.165056774009901,3.1197554821772764,short=0.271 small=1.000 angle_diff=0.891 mode=following,,
2026-09-10T11:18:26.283,1789003106,fuzzy,True,-37.91041622,145.1366944,2140.6565557403374,1416.2391530359164,2138.023435774238,1417.217415625379,2140.6561,1416.2395,2137.6184,1407.294,-73530943#5,4.3175579685091146,52.58774782158136,0,0.03439991269260645,4.905,5.598,27.2,4.12,True,0,,False,2138.44,1412.92,-37.910445720665976,145.13666844336808,3.991227408436498,4.3175579685091146,short=0.052 small=1.000 angle_diff=18.891 mode=confirmed,,
2026-09-10T11:18:28.329,1789003108,fuzzy,True,-37.91039415,145.1368098,2150.7530574504635,1418.8909376459196,2145.3485733147813,1424.0518426957458,2150.7514,1418.8907,2140.3501,1416.5415,-73530943#5,13.101385691923403,10.000001719739561,0,0.04379998426884413,4.968,4.905,73.6,4.05,True,0,,False,2138.44,1412.92,-37.910445720665976,145.13666844336808,13.68442472849602,13.101385691923403,short=0.000 small=0.000 angle_diff=65.291 mode=entering_pending,,
2026-09-10T11:18:30.359,1789003111,fuzzy,True,-37.9103919,145.1370249,2169.6587016338017,1419.5185645483434,2161.7043410265946,1427.9963238650082,2169.6619,1419.5186,2150.6417,1417.765,36667190#0,17.397174034317292,50.000000002225114,0,0.03390002530068159,6.228,0,84.6,4.0,True,0,,False,2147.41,1418.08,-37.91040085320257,145.13677160510713,22.29516073836847,17.397174034317292,short=0.000 small=1.000 angle_diff=10.999 mode=confirmed,,
2026-09-10T11:18:32.397,1789003113,fuzzy,True,-37.91037309,145.1371811,2183.349399238825,1421.880248438567,2176.142118072231,1428.2244493129524,2183.3518,1421.8803,2169.8004,1419.0449,36667190#0,30.47038662012165,50.0,0,0.05080003757029772,6.782,6.228,85.3,4.1,True,0,,False,2147.41,1418.08,-37.91040085320257,145.13677160510713,36.13976073305529,30.47038662012165,short=0.000 small=1.000 angle_diff=10.299 mode=entering_pending,,
2026-09-10T11:18:34.434,1789003115,fuzzy,True,-37.91038367,145.1373464,2197.9053012342774,1420.9966372838244,2191.429607845276,1427.222945005444,2197.9029,1420.9968,2183.3423,1421.6277,36667190#1,5.916844772751497,50.21031606177288,0,0.04499999340623617,7.2,6.782,93.8,4.19,True,0,,False,2190.7262067218576,1421.3480595661856,-37.91037921202042,145.1372648534568,7.187690563650942,5.916844772751497,short=0.004 small=1.000 angle_diff=3.028 mode=confirmed,,
2026-09-10T11:18:36.474,1789003117,fuzzy,True,-37.9103979,145.1374948,2210.9835185537813,1419.6782926255837,2206.5705037638118,1425.2163313448348,2210.987,1419.6789,2197.8429,1420.496,36667190#1,5.724427661606681,50.28570605901087,0,0.0198000343516469,6.544,7.2,98,4.26,True,0,,False,2205.889977401747,1419.5324984898414,-37.910398296565916,145.1374368532398,5.095627282041519,5.724427661606681,short=0.006 small=1.000 angle_diff=1.172 mode=following,,
2026-09-10T11:18:38.501,1789003119,fuzzy,True,-37.91040063,145.1376218,2222.1548435922596,1419.598435533233,2220.785869198708,1422.6665201108572,2222.1518,1419.5988,2210.894,1418.9248,36667190#1,4.924435008607849,51.01254625760568,0,0.019400031305849552,5.75,6.544,91.6,3.6,True,0,,False,2220.18310199312,1417.7791146795603,-37.910416664056946,145.13759896798402,2.6828517108452883,4.924435008607849,short=0.020 small=1.000 angle_diff=5.431 mode=following,,
2026-09-10T11:18:40.533,1789003121,fuzzy,True,-37.91037327,145.1377464,2233.048466747743,1422.8532812912017,2233.3816790044993,1422.8084467342746,2233.0464,1422.8537,2222.5343,1417.9532,36667190#1,1.7720787074935185,88.1090489836829,0,0.01880002673715353,5.646,5.75,74.9,3.25,True,0,,False,2234.1494306281397,1421.2113179386074,-37.91038825937299,145.13775854501293,1.9769079688242361,1.7720787074935185,short=0.762 small=1.000 angle_diff=10.574 mode=following,,
2026-09-10T11:18:42.574,1789003123,fuzzy,True,-37.9103211,145.1378638,2243.2541102661053,1428.8485061228275,2244.545479007705,1426.3097330938303,2243.2528,1428.8485,2233.8948,1421.0889,36667190#1,1.573529933032243,90.74637948782143,0,0.019200029782950878,5.903,5.646,55,3.02,True,0,,False,2243.553699652075,1427.531359124944,-37.9103330191216,145.1378669071701,1.3507886637884776,1.573529933032243,short=0.815 small=1.000 angle_diff=4.071 mode=following,,
2026-09-10T11:18:44.610,1789003125,fuzzy,True,-37.91025596,145.1379796,2253.2903550094925,1436.2801223574206,2254.795708621018,1432.59197978205,2253.289,1436.2798,2244.0168,1427.9073,36667190#1,3.0576452396506997,64.53246783884639,0,0.020099920220673084,6.219,5.903,53,2.85,True,0,,False,2253.0171128568622,1435.0791049335623,-37.910266729917765,145.1379762204679,1.2317078088512623,3.0576452396506997,short=0.291 small=1.000 angle_diff=1.431 mode=following,,
2026-09-10T11:18:46.649,1789003127,fuzzy,True,-37.91019201,145.1380918,2263.0127584846923,1443.5733558163047,2264.3936087585935,1440.3077494398153,2263.011,1443.573,2253.7651,1435.614,36667190#1,2.3645300861532883,77.69884027358711,0,0.06809993647038937,6.059,6.219,56.2,2.69,True,0,,False,2263.018189811714,1442.2310864484773,-37.91020410249824,145.13809155692337,1.3422803563790024,2.3645300861532883,short=0.554 small=1.000 angle_diff=1.769 mode=confirmed,,
2026-09-10T11:18:48.670,1789003129,fuzzy,True,-37.9101436,145.1381967,2272.127834008308,1449.1293649412692,2273.2946854367024,1447.6295783954256,2272.1287,1449.1293,2263.6308,1442.668,36667190#1,10.912232218452695,50.000071375922055,0,0.07889990229159594,5.423,6.059,57,2.41,True,0,,False,2263.59,1442.64,-37.91020052178064,145.13809815126336,10.724106811030573,10.912232218452695,short=0.000 small=1.000 angle_diff=2.569 mode=entering_pending,,
2026-09-10T11:18:50.710,1789003131,fuzzy,True,-37.91010712,145.1382871,2279.9945798805566,1453.3360933270305,2281.2369963807782,1453.3887000378847,2279.9978,1453.3359,2272.4813,1448.5811,36667190#2,8.958580463574094,50.00162582767668,0,0.0638000201433897,4.592,5.423,55.6,2.21,True,0,,False,2273.35,1449.14,-37.910143724085756,145.13821059841862,7.858602992787432,8.958580463574094,short=0.000 small=1.000 angle_diff=1.645 mode=confirmed,,
2026-09-10T11:18:54.777,1789003135,fuzzy,True,-37.9100832,145.1384477,2294.0608630231,1456.2723453482613,2295.2412382939,1458.1343950802816,2294.0638,1456.2728,2287.5697,1453.7775,36667190#2,23.666969744783845,50.0000000000001,0,0.050600036047399044,3.413,3.861,73.7,2.1,True,0,,False,2273.35,1449.14,-37.910143724085756,145.13821059841862,21.904570238388057,23.666969744783845,short=0.000 small=1.000 angle_diff=16.455 mode=entering_pending,,
2026-09-10T11:18:58.857,1789003139,fuzzy,True,-37.90997434,145.1385472,2302.567279428127,1468.5266645224765,2304.2295526068065,1467.7401231716824,2302.5685,1468.5262,2299.0188,1460.2135,146181190,2.252202760100146,79.89202937542936,0,0.0439999857917428,3.946,3.052,55.6,2.09,True,0,,False,2305.708978894795,1466.0419726686318,-37.90999728791025,145.1385823568643,4.005492372658231,2.252202760100146,short=0.598 small=1.000 angle_diff=6.662 mode=confirmed,,
2026-09-10T11:19:02.928,1789003143,fuzzy,True,-37.90990074,145.138614,2308.2769909863127,1476.810948307626,2309.699150960063,1476.7380498981333,2308.2776,1476.8106,2309.7219,1469.538,146181190,6.898570677350263,34.03421704156348,0,0.030099996365606785,2.704,3.291,7.9,2.07,True,0,,False,2310.08,1469.85,-37.9099637704219,145.13863291975147,7.190663588632073,6.898570677350263,short=0.001 small=0.599 angle_diff=41.038 mode=entering_pending,,
2026-09-10T11:19:04.969,1789003145,fuzzy,True,-37.90984193,145.1385446,2302.045299990452,1483.2149571990594,2306.0844739557156,1482.4859042671205,2302.0433,1483.2153,2307.3008,1475.6579,299173860#1,6.367697875612392,50.102453650718026,0,0.022999942302703857,3.917,2.704,325.8,2.06,True,0,,False,2306.72,1476.15,-37.90990641393267,145.1385961470372,8.471507563816933,6.367697875612392,short=0.002 small=1.000 angle_diff=15.525 mode=confirmed,,
2026-09-10T11:19:06.998,1789003147,fuzzy,True,-37.90977808,145.1384862,2296.7695100920973,1490.1975364536047,2300.639599647737,1489.1348816077577,2296.771,1490.1976,2301.4613,1482.8218,299173860#1,14.33800609608176,50.00000029722192,0,0.026899971999228,4.323,3.917,325.5,2.06,True,0,,False,2306.72,1476.15,-37.90990641393267,145.1385961470372,17.214689361781094,14.33800609608176,short=0.000 small=1.000 angle_diff=15.225 mode=entering_pending,,
2026-09-10T11:19:09.017,1789003149,fuzzy,True,-37.90970801,145.1384281,2291.5063031231984,1497.8708406612277,2294.2400922284096,1496.7033958358481,2291.5093,1497.8706,2296.6635,1490.1322,146181188#2,1.2619550983106658,93.93870351821352,0,0.02380006480962038,4.611,4.323,327.3,2.05,True,0,,False,2293.61,1495.61,-37.90972875470283,145.13845150552362,3.0881938159587885,1.2619550983106658,short=0.879 small=1.000 angle_diff=10.340 mode=confirmed,,
2026-09-10T11:19:11.043,1789003151,fuzzy,True,-37.90963069,145.1384246,2291.0272579728044,1506.444498614408,2290.7021428682615,1505.2081940659182,2291.0262,1506.4442,2292.507,1498.2213,146181188#2,10.029006053723974,50.00029327713402,0,0.030399998649954796,4.299,4.611,356.4,2.05,True,0,,False,2293.61,1495.61,-37.90972875470283,145.13845150552362,11.138084063457951,10.029006053723974,short=0.000 small=1.000 angle_diff=18.760 mode=entering_pending,,
2026-09-10T11:19:13.058,1789003153,fuzzy,True,-37.90954893,145.1384541,2293.439619258221,1515.5687774950638,2290.8780396805,1514.4287032643022,2293.4437,1515.5692,2292.4181,1506.2555,146181188#1,10.589443110233484,50.00011963221894,0,0.02610008232295513,4.607,0,10.9,2.05,True,0,,False,2292.1,1503.91,-37.9096537144266,145.13843622150367,11.735487737473948,10.589443110233484,short=0.000 small=1.000 angle_diff=2.369 mode=confirmed,,
2026-09-10T11:19:15.074,1789003155,fuzzy,True,-37.90945818,145.1384667,2294.3462746206205,1525.6609592214227,2292.208676745319,1524.4966100000333,2294.3487,1525.6611,2293.6713,1515.5387,146181188#1,20.586896850386232,50.00000000001352,0,0.030700000934302807,4.958,4.607,6.9,2.04,True,0,,False,2292.1,1503.91,-37.9096537144266,145.13843622150367,21.866640727904063,20.586896850386232,short=0.000 small=1.000 angle_diff=1.631 mode=entering_pending,,
2026-09-10T11:19:17.100,1789003157,fuzzy,True,-37.90937127,145.1384715,2294.5756914764643,1535.3133416753262,2293.4496358034557,1534.6278143002573,2294.5745,1535.3131,2295.0002,1525.6167,146181188#0,9.43278440451921,50.00076132724832,0,0.0252000754699111,4.772,4.958,3.1,2.04,True,0,,False,2294.98,1525.32,-37.9094613654531,145.1384738279652,10.001517046029415,9.43278440451921,short=0.000 small=1.000 angle_diff=4.521 mode=confirmed,,
2026-09-10T11:19:19.143,1789003159,fuzzy,True,-37.9092812,145.1384565,2293.0573538405006,1545.2816112712026,2293.319435713836,1544.850162535831,2293.0598,1545.2814,2294.8161,1535.3028,146181188#0,19.600630663947122,50.0000000000655,0,0.04449998959898949,5.15,4.772,353.2,2.03,True,0,,False,2294.98,1525.32,-37.9094613654531,145.1384738279652,20.053989448417532,19.600630663947122,short=0.000 small=1.000 angle_diff=14.421 mode=entering_pending,,
2026-09-10T11:19:21.165,1789003161,fuzzy,True,-37.90918421,145.1384037,2288.200417830725,1555.951392722316,2290.238256504338,1555.4629941111134,2288.1974,1555.9511,2291.5036,1544.6094,-46410623#1,3.1409722081558513,63.19733318069615,0,0.04279997665435076,5.748,5.15,339.5,2.03,True,0,,False,2287.35463076902,1554.2178398913406,-37.90919967415949,145.13839368992788,1.9288756236551619,3.1409722081558513,short=0.264 small=1.000 angle_diff=2.855 mode=confirmed,,
2026-09-10T11:19:23.202,1789003163,fuzzy,True,-37.90908129,145.1383568,2283.849039911118,1567.2895519658923,2285.8229652081304,1566.6518707590865,2283.8497,1567.2897,2286.8563,1555.3719,-46410623#1,3.037629757972601,64.86479856128135,0,0.01409999094903469,6.03,5.748,340.7,2.03,True,0,,False,2282.8042366982636,1566.3135325699357,-37.90908989428712,145.1383446991616,1.4297648809766632,3.037629757972601,short=0.297 small=1.000 angle_diff=12.905 mode=following,,
2026-09-10T11:19:25.245,1789003165,fuzzy,True,-37.9089757,145.1383523,2283.2194241823163,1578.998429492116,2283.168856454483,1578.3331088315756,2283.2161,1578.9981,2282.7092,1567.1619,-46410623#1,0.1333912330936219,98.89147639175138,0,0.013999990187585354,5.826,6.03,357.5,2.03,True,0,,False,2283.299875691897,1578.3080652596718,-37.90898193346072,145.13835305796417,0.6950361277171153,0.1333912330936219,short=0.978 small=1.000 angle_diff=13.321 mode=following,,
2026-09-10T11:19:27.274,1789003167,fuzzy,True,-37.90888206,145.1384091,2288.00562150951,1589.4889022009447,2285.076718114104,1589.4727519619455,2288.0098,1589.4886,2283.4242,1578.9584,-46410623#1,0.3508708478330046,98.44447719430651,0,0.014199991710484028,5.746,5.826,21.4,2.02,True,0,,False,2285.4213496903158,1589.406877622959,-37.90888233400421,145.13837969875428,2.585573218239178,0.3508708478330046,short=0.969 small=1.000 angle_diff=10.579 mode=following,,
2026-09-10T11:19:29.312,1789003169,fuzzy,True,-37.90878687,145.1384667,2292.8587312724558,1600.152771559544,2289.585032262434,1600.3265877700762,2292.8612,1600.1532,2285.5277,1589.963,-46410623#1,1.1189082806745505,95.056068210141,0,0.01409999094903469,5.819,5.746,24.8,2.02,True,0,,False,2290.431257392046,1599.5945640200684,-37.9087914618111,145.1384389734328,2.490828195038471,1.1189082806745505,short=0.901 small=1.000 angle_diff=16.061 mode=following,,
2026-09-10T11:19:31.355,1789003172,fuzzy,True,-37.90865127,145.1385842,2302.8885788136977,1615.4058837685734,2299.741205959278,1615.823289895038,2302.8895,1615.4064,2291.7477,1601.1164,-46410623#1,3.675007745357818,56.61937250560733,0,0.01479999627918005,5.883,5.819,34.5,2.02,True,0,,False,2302.4927359560743,1613.387152664673,-37.908669384076525,145.13857924105383,2.0571744791791784,3.675007745357818,short=0.132 small=1.000 angle_diff=7.021 mode=following,,
2026-09-10T11:19:33.393,1789003174,fuzzy,True,-37.90858034,145.1386696,2310.239588457218,1623.4265372939408,2308.143489763791,1624.5336488919238,2310.2419,1623.4269,2303.6693,1614.716,-46410623#1,3.1581364299289056,62.93229640193475,0,0.014199991710484028,5.419,5.883,41.8,2.02,True,0,,False,2310.508030935684,1622.4401420836075,-37.90858927400061,145.13867242819342,1.022270451110407,3.1581364299289056,short=0.259 small=1.000 angle_diff=0.279 mode=following,,
2026-09-10T11:19:35.412,1789003176,fuzzy,True,-37.90851555,145.1387505,2317.2085859890794,1630.7579604825005,2316.168359116298,1632.1334836739952,2317.2066,1630.758,2310.8808,1622.8612,-46410623#1,2.1876817986234047,81.11954857025577,0,0.06660004146397114,5.064,5.419,44.8,2.01,True,0,,False,2317.8063072539476,1630.6832845323606,-37.908516330206275,145.1387572789796,0.6023680004821491,2.1876817986234047,short=0.622 small=1.000 angle_diff=3.279 mode=confirmed,,
2026-09-10T11:19:37.457,1789003178,fuzzy,True,-37.908452,145.1388322,2324.2506775207585,1637.9531850917265,2323.8745075838347,1639.1133938950659,2324.2479,1637.9532,2317.5799,1630.4275,-46410623#1,8.26799328574354,50.00490811942863,0,0.06800005212426186,5.045,5.064,45.7,2.01,True,0,,False,2319.22,1632.28,-37.90850220081947,145.13877371475073,7.582397074992482,8.26799328574354,short=0.000 small=1.000 angle_diff=4.179 mode=entering_pending,,
2026-09-10T11:19:39.492,1789003180,fuzzy,True,-37.90839376,145.138909,2330.8737471201457,1644.550579429604,2331.024268934565,1645.5411639884371,2330.8759,1644.5504,2324.7162,1637.8742,-46410623#0,0.33130713817679963,98.49096713767986,0,0.06250001024454832,4.663,5.045,46,2.02,True,0,,False,2331.2651239566935,1645.31367052013,-37.9083869562524,145.1389136230545,0.8576035451338702,0.33130713817679963,short=0.970 small=1.000 angle_diff=2.634 mode=confirmed,,
2026-09-10T11:19:41.524,1789003182,fuzzy,True,-37.90834516,145.1389882,2337.7291853362694,1650.0824793865904,2337.952292106328,1651.145032926388,2337.7321,1650.0827,2330.7006,1644.716,-46410623#0,0.8573349052004151,96.63293043252364,0,0.035800039768218994,4.444,4.663,50.7,2.02,True,0,,False,2337.3290232606887,1651.7337256184867,-37.908330213157534,145.13898402506877,1.6990420256970402,0.8573349052004151,short=0.933 small=1.000 angle_diff=7.334 mode=confirmed,,
2026-09-10T11:19:45.602,1789003186,fuzzy,True,-37.90823578,145.1390557,2343.4213559326017,1662.3382811015472,2345.320858170871,1662.7347572664667,2343.4228,1662.3378,2342.6144,1655.8471,-46410623#0,12.730003051637786,42.53415795817736,0,0.03060000017285347,3.269,3.835,10.9,2.01,True,0,,False,2337.93,1652.37,-37.90832458949964,145.13899100241701,11.380756481797984,12.730003051637786,short=0.000 small=0.813 angle_diff=32.466 mode=confirmed,,
2026-09-10T11:19:47.642,1789003188,fuzzy,True,-37.90816857,145.1389973,2338.1380555748474,1669.6937295589596,2342.4766288848045,1669.330188394047,2338.1404,1669.6938,2342.5737,1662.0597,-46410623#0,17.559038258905506,10.000000001373943,0,0.031400006264448166,4.285,3.269,327.2,2.05,True,0,,False,2337.93,1652.37,-37.90832458949964,145.13899100241701,17.32497887312419,17.559038258905506,short=0.000 small=0.000 angle_diff=76.166 mode=entering_pending,,
2026-09-10T11:19:49.683,1789003190,fuzzy,True,-37.90813547,145.1388769,2327.4793796770973,1673.1553421178833,2333.962156894904,1674.100290113266,2327.4817,1673.1556,2337.0061,1666.7993,24689623#1,19.976049281482883,10.00000000002874,0,0.02819998189806938,5.193,4.285,292.2,2.05,True,0,,False,2343.26,1656.42,-37.90828906448741,145.13905252217222,23.0021662801183,19.976049281482883,short=0.000 small=0.000 angle_diff=112.800 mode=confirmed,,
2026-09-10T11:19:51.710,1789003192,fuzzy,True,-37.90810108,145.1387653,2317.5915168275824,1676.7755327261984,2322.8559379341295,1677.9155011314426,2317.5927,1676.7757,2327.3014,1672.9446,24689623#1,29.63751537628873,10.0,0,0.035499921068549156,5.208,5.193,292.7,2.05,True,0,,False,2343.26,1656.42,-37.90828906448741,145.13905252217222,32.760017413609994,29.63751537628873,short=0.000 small=0.000 angle_diff=112.300 mode=entering_pending,,
2026-09-10T11:19:53.753,1789003194,fuzzy,True,-37.90805319,145.1386823,2310.1881978353485,1681.9439420886338,2312.539969547679,1682.2375710493745,2310.1909,1681.9439,2321.0022,1679.8716,46410626#2,2.8094229469735272,68.93491773226155,0,0.0315000070258975,4.599,5.208,306.4,2.05,True,0,,False,2313.769396787488,1684.7637076167432,-37.90802843289876,145.1387236571269,4.558076740064673,2.8094229469735272,short=0.379 small=1.000 angle_diff=10.449 mode=confirmed,,
2026-09-10T11:19:55.782,1789003196,fuzzy,True,-37.90797757,145.1386587,2307.945782167837,1690.2936742333695,2306.4984664880003,1688.937671331158,2307.9436,1690.2932,2311.9857,1685.6318,46410626#2,4.773724335987178,36.999430019935915,0,0.046600005589425564,3.991,4.599,335.9,2.04,True,0,,False,2310.51,1686.35,-37.90801355690566,145.1386869590048,4.704017384080035,4.773724335987178,short=0.026 small=0.626 angle_diff=39.949 mode=entering_pending,,
2026-09-10T11:19:57.818,1789003198,fuzzy,True,-37.90790009,145.1386052,2303.0704784256523,1698.7973118051887,2301.5604508472734,1697.1044578933952,2303.0737,1698.797,2306.7862,1689.3603,46410626#1,1.189574779549498,94.529005386355,0,0.039800070226192474,4.588,3.991,334,2.04,True,0,,False,2302.692820774334,1697.4689116002346,-37.9079119886627,145.13860060459552,1.3810403347191518,1.189574779549498,short=0.891 small=1.000 angle_diff=8.159 mode=confirmed,,
2026-09-10T11:19:59.854,1789003200,fuzzy,True,-37.9078084,145.1385551,2298.4626030242653,1708.883725677617,2297.2360905635355,1706.901550701055,2298.4584,1708.8838,2302.3413,1698.5612,46410626#1,0.017987697843343038,99.07491683548804,0,0.03300001844763756,5.421,4.588,333,2.04,True,0,,False,2297.2225518500436,1706.8897075380194,-37.90782613960565,145.13854054838953,2.3481557136894717,0.017987697843343038,short=0.981 small=1.000 angle_diff=14.178 mode=confirmed,,
2026-09-10T11:20:01.898,1789003202,fuzzy,True,-37.90772029,145.1384638,2290.2403985547717,1718.5005525471643,2290.8743827245253,1717.1408188968412,2290.2435,1718.5002,2296.7701,1707.4069,46410626#1,10.931532932158184,50.00006920544108,0,0.037400051951408386,5.978,5.421,322.5,2.03,True,0,,False,2296.47,1707.75,-37.90781825449009,145.13853218746686,12.42506797710694,10.931532932158184,short=0.000 small=1.000 angle_diff=3.678 mode=entering_pending,,
2026-09-10T11:20:03.932,1789003204,fuzzy,True,-37.90765152,145.1383934,2283.898533915344,1726.0080058937892,2284.3514485181595,1726.0877378282642,2283.9005,1726.0082,2289.188,1717.7693,46410626#0,2.0143307747705905,84.25242263108312,0,0.03330002073198557,4.935,5.978,320.9,2.03,True,0,,False,2283.0587424832906,1724.5429272969686,-37.90766456675733,145.13838351927055,1.688699187011211,2.0143307747705905,short=0.685 small=1.000 angle_diff=10.977 mode=confirmed,,
2026-09-10T11:20:05.966,1789003206,fuzzy,True,-37.90760563,145.1383182,2277.18534896028,1730.9681518496946,2277.5856577445256,1732.5754004909159,2277.1818,1730.9685,2282.8327,1724.7321,46410626#0,4.743990990746588,51.342352152010676,0,0.013899989426136017,4.307,4.935,307,2.02,True,0,,False,2276.05939417243,1728.0836335747927,-37.907631411969724,145.13830474341367,3.0964850819154703,4.743990990746588,short=0.027 small=1.000 angle_diff=18.233 mode=following,,
2026-09-10T11:20:08.008,1789003208,fuzzy,True,-37.9075941,145.1382166,2268.2272419453366,1732.06918709632,2269.3725556628156,1735.3357963199946,2268.225,1732.069,2276.1868,1728.0403,46410626#0,6.179384021458384,50.1383784667402,0,0.01379998866468668,4.325,4.307,281.3,2.02,True,0,,False,2268.89690463566,1729.1747458425987,-37.907620294389574,145.13822355656634,2.970898566100133,6.179384021458384,short=0.003 small=1.000 angle_diff=6.885 mode=following,,
2026-09-10T11:20:10.039,1789003210,fuzzy,True,-37.90759571,145.1381219,2259.9048933709273,1731.7242507748306,2260.776548392335,1735.3003540932375,2259.9015,1731.7239,2268.0068,1729.2435,46410626#0,5.482379106281598,50.41970088063474,0,0.012600095942616463,4.189,4.325,270.2,2.02,True,0,,False,2260.354548522428,1729.8342405950752,-37.907612816624145,145.13812658321862,1.942763041353731,5.482379106281598,short=0.008 small=1.000 angle_diff=4.215 mode=following,,
2026-09-10T11:20:14.114,1789003214,fuzzy,True,-37.90758447,145.137972,2246.700943036005,1732.7082699853927,2246.3453004468033,1734.5936458838387,2246.7001,1732.7084,2252.3551,1730.4518,46410626#0,2.8867715207947753,67.50232938869787,0,0.055200071074068546,2.922,3.758,279.7,2.02,True,0,,False,2247.11,1731.81,-37.90759263546047,145.1379764468165,0.9870240961853327,2.8867715207947753,short=0.350 small=1.000 angle_diff=17.708 mode=confirmed,,
2026-09-10T11:20:20.218,1789003220,fuzzy,True,-37.90751568,145.1380562,2253.9512540253345,1740.489398916252,2250.3462951325614,1739.9552556910273,2253.9552,1740.4895,2250.6801,1736.926,46410626#0,8.764633275685519,10.001773894024012,0,0.05549995694309473,2.101,1.785,59.9,2.03,True,0,,False,2247.11,1731.81,-37.90759263546047,145.1379764468165,11.051457921314737,8.764633275685519,short=0.000 small=0.000 angle_diff=122.492 mode=entering_pending,,
2026-09-10T11:20:24.294,1789003224,fuzzy,True,-37.90746386,145.1379608,2245.4489310539793,1746.0720699038357,2246.6210610483513,1745.4948343193414,2245.4484,1746.0726,2252.6388,1742.0403,46410626#0,13.693566067546662,50.00000083345785,0,0.04279997665435076,3.358,0.934,301.4,2.02,True,0,,False,2247.11,1731.81,-37.90759263546047,145.1379764468165,14.358474430987819,13.693566067546662,short=0.000 small=1.000 angle_diff=3.992 mode=confirmed,,
2026-09-10T11:20:26.325,1789003227,fuzzy,True,-37.90742537,145.1377972,2230.9800617314177,1750.0557978423312,2234.75390449498,1749.809067834135,2230.9821,1750.0562,2244.9158,1744.5145,46410626#0,21.83207592115273,50.00000000000185,0,0.03909994848072529,4.973,3.358,291,2.02,True,0,,False,2247.11,1731.81,-37.90759263546047,145.1379764468165,24.353316970209665,21.83207592115273,short=0.000 small=1.000 angle_diff=6.408 mode=confirmed,,
2026-09-10T11:20:28.361,1789003229,fuzzy,True,-37.90741715,145.1376664,2219.4620252755703,1750.7382044531405,2223.5578354493837,1751.4501820021426,2219.4604,1750.7381,2230.8117,1749.0708,46410626#0,30.666613834862854,49.592424562182316,0,0.035199918784201145,5.616,4.973,272,2.18,True,0,,False,2247.11,1731.81,-37.90759263546047,145.1379764468165,33.50652817262031,30.666613834862854,short=0.000 small=0.990 angle_diff=25.408 mode=confirmed,,
2026-09-10T11:20:30.398,1789003231,fuzzy,True,-37.90742421,145.1375372,2208.1185308883432,1749.7278626589105,2211.401405749096,1751.419561048602,2208.1196,1749.7283,2219.4988,1749.9884,46410626#0,40.738662077866096,44.49242456218229,0,0.05009991582483053,5.795,5.616,266.9,2.29,True,0,,False,2247.11,1731.81,-37.90759263546047,145.1379764468165,42.91135590666966,40.738662077866096,short=0.000 small=0.862 angle_diff=30.508 mode=confirmed,,
2026-09-10T11:20:32.414,1789003233,fuzzy,True,-37.9074336,145.1374265,2198.406706960057,1748.4914540946484,2199.912384553695,1750.3936654431118,2198.4108,1748.4912,2208.136,1749.4069,,,,0,0.03769993782043457,4.564,5.795,262.5,2.5,False,,,False,,,,,,,,,no_match
2026-09-10T11:20:36.482,1789003237,fuzzy,True,-37.90744771,145.1373118,2188.35367419268,1746.724253103137,2185.2715098642,1748.0938566024784,2188.3539,1746.7246,2192.5351,1746.5266,46410626#0,63.94656244181938,41.39242456218233,0,12.108099996112287,2.148,2.92,263.8,2.93,True,0,,False,2247.11,1731.81,-37.90759263546047,145.1379764468165,60.619640117707576,63.94656244181938,short=0.000 small=0.785 angle_diff=33.608 mode=entering_pending,,
2026-09-10T11:20:42.575,1789003243,fuzzy,True,-37.90746965,145.1371902,2177.7113653895794,1744.0760629475117,2174.0432760380127,1744.4656395376185,2177.7105,1744.0757,2181.2985,1745.2856,46410626#0,74.15464491617101,13.892424562182327,0,12.425699969753623,2.276,1.548,236.3,3.3,True,0,,False,2247.11,1731.81,-37.90759263546047,145.1379764468165,70.47429876219415,74.15464491617101,short=0.000 small=0.097 angle_diff=61.108 mode=entering_pending,,
2026-09-10T11:20:46.653,1789003247,fuzzy,True,-37.90761376,145.1371555,2174.98011955939,1728.0239575505257,2171.8322118299093,1732.3827402114994,2174.9836,1728.0246,2176.721,1736.9011,46410626#0,75.27996694427368,10.0,0,11.497500003315508,4.333,3.39,187.7,3.47,True,0,,False,2247.11,1731.81,-37.90759263546047,145.1379764468165,72.22917533660433,75.27996694427368,short=0.000 small=0.000 angle_diff=109.708 mode=entering_pending,,
2026-09-10T11:20:48.690,1789003249,fuzzy,True,-37.90769966,145.1371471,2174.4320741425036,1718.4773198775947,2172.0581557985365,1722.9929581320166,2174.4362,1718.4771,2175.3504,1727.9579,-46410634#0,3.1040099371409453,63.77977327915465,0,12.256999965757132,4.77,4.333,184.1,3.53,True,0,,False,2175.1621128741126,1723.0110733977021,-37.90765895015546,145.1371564302908,4.592153909739519,3.1040099371409453,short=0.276 small=1.000 angle_diff=4.434 mode=confirmed,,
2026-09-10T11:20:50.731,1789003251,fuzzy,True,-37.90779203,145.1371475,2174.672061439138,1708.228199834004,2172.482566667965,1712.8076760182853,2174.6749,1708.2284,2175.1885,1718.4815,-46410634#0,2.739048467145264,70.27647410001099,0,0.021900050342082977,5.021,4.77,181.4,3.64,True,0,,False,2175.2215684888715,1712.8236613378276,-37.90775073177703,145.1371547917501,4.628198832249037,2.739048467145264,short=0.406 small=1.000 angle_diff=1.734 mode=following,,
2026-09-10T11:20:52.777,1789003253,fuzzy,True,-37.9078761,145.1371443,2174.577137971879,1698.8937631808221,2172.9877614770057,1702.337490560889,2174.5763,1698.8935,2175.2484,1708.2318,-46410634#0,2.294967153411158,79.06427290272134,0,0.01409999094903469,4.69,5.021,180.9,3.72,True,0,,False,2175.2826895469225,1702.3508841841588,-37.90784508434153,145.1371531073022,3.5283832922115463,2.294967153411158,short=0.581 small=1.000 angle_diff=1.234 mode=following,,
2026-09-10T11:20:54.798,1789003255,fuzzy,True,-37.90794951,145.1371449,2174.792668128095,1690.7488877745345,2173.6275616548683,1692.415662815411,2174.794,1690.7493,2175.3028,1698.8978,-46410634#0,1.71308250100635,88.94328135854813,0,0.013499986380338669,4.186,4.69,179,3.76,True,0,,False,2175.3406149819275,1692.425660510417,-37.90793450382197,145.1371515109145,1.7640330389262702,1.71308250100635,short=0.779 small=1.000 angle_diff=0.666 mode=following,,
2026-09-10T11:20:56.833,1789003257,fuzzy,True,-37.90802314,145.1371361,2174.1822536086547,1682.5630854405463,2173.850583150371,1683.0639137985306,2174.1859,1682.5631,2175.3504,1690.7525,-46410634#0,1.5446424052931689,91.08986534411274,0,0.012399978004395962,4.122,4.186,184,3.77,True,0,,False,2175.395199250267,1683.0729284628287,-37.90801876554291,145.13715000659954,1.3157420099991062,1.5446424052931689,short=0.822 small=1.000 angle_diff=4.334 mode=following,,
2026-09-10T11:21:00.898,1789003261,fuzzy,True,-37.90813887,145.137122,2173.1992279656697,1669.6963511444628,2173.4566058709847,1667.88195062455,2173.2,1669.6962,2173.6812,1675.0906,-46410634#0,9.436693258985008,50.00075658071079,0,0.04980002995580435,2.921,3.73,195.3,4.12,True,0,,False,2175.43,1677.11,-37.90807248745063,145.13714904750452,7.741998012293441,9.436693258985008,short=0.000 small=1.000 angle_diff=15.634 mode=confirmed,,
2026-09-10T11:21:06.984,1789003267,fuzzy,True,-37.90810086,145.1370424,2166.1166485213907,1673.7742738872766,2167.8636948049293,1666.181180676697,2166.1125,1673.7744,2174.228,1673.1697,-46410634#0,13.29240633242712,10.000001266858037,0,0.051900045946240425,2.238,1.187,332.7,4.29,True,0,,False,2175.43,1677.11,-37.90807248745063,145.13714904750452,9.892703597258635,13.29240633242712,short=0.000 small=0.000 angle_diff=153.034 mode=entering_pending,,
2026-09-10T11:21:11.046,1789003271,fuzzy,True,-37.90795559,145.1370127,2163.1833308822243,1689.8419557744637,2163.835922917781,1680.1598165628434,2163.1805,1689.8414,2173.4064,1681.1534,46410634#0,9.576125606044391,50.00060529775119,0,0.05150004290044308,4.172,3.491,352.6,4.33,True,0,,False,2173.411886681565,1680.2154907707722,-37.90804414908019,145.13712680782396,14.04607355126434,9.576125606044391,short=0.000 small=1.000 angle_diff=7.067 mode=confirmed,,
2026-09-10T11:21:15.080,1789003275,fuzzy,True,-37.90787973,145.1369531,2157.7751622215146,1698.1550311800092,2158.7548742709237,1693.0936716509036,2157.7783,1698.1548,2156.0832,1695.917,46410634#0,14.58189281909952,22.633111665353585,0,0.01209997572004795,2.235,3.117,307.3,4.53,True,0,,False,2173.336520647298,1693.1784486647198,-37.90792736174622,145.13712889612952,16.337755341147336,14.58189281909952,short=0.000 small=0.316 angle_diff=52.367 mode=following,,
2026-09-10T11:21:19.148,1789003279,fuzzy,True,-37.90801492,145.1368885,2152.3954356916947,1683.040185672231,2153.1049776710943,1689.2806816795594,2152.3916,1683.0397,2156.0801,1692.6432,46410634#0,20.253862103974495,10.000000000018426,0,0.010999967344105244,4.569,2.618,200.1,4.38,True,0,,False,2173.3584974726646,1689.3984347016615,-37.90796141707217,145.13712828717863,21.90610166033682,20.253862103974495,short=0.000 small=0.000 angle_diff=159.567 mode=following,,
2026-09-10T11:21:21.184,1789003281,fuzzy,True,-37.9080844,145.1367897,2143.8631941163912,1675.156740645878,2146.993531920191,1682.2209464051646,2143.8602,1675.1563,2152.8677,1682.7406,46410634#0,26.406248846624187,10.000000000000002,0,0.014899997040629387,5.53,4.569,226.7,4.34,True,0,,False,2173.399334485389,1682.3744685131016,-37.90802469817597,145.1371271556318,30.405249274795093,26.406248846624187,short=0.000 small=0.000 angle_diff=132.967 mode=following,,
2026-09-10T11:21:23.220,1789003283,fuzzy,True,-37.9081213,145.1366566,2132.2431120574474,1670.8282454330474,2137.982515618139,1676.0637732875487,2132.2463,1670.8281,2144.7355,1674.061,,,,0,0.04730001091957092,5.818,5.53,249.8,4.34,False,,,False,,,,,,,,,no_match
2026-09-10T11:21:25.262,1789003285,fuzzy,True,-37.90810962,145.1365158,2119.838313253247,1671.8768738908693,2126.4583069517007,1672.677435760261,2119.8391,1671.8767,2132.6564,1669.0603,,,,0,0.04499999340623617,6.055,5.818,273,4.23,False,,,False,,,,,,,,,no_match
2026-09-10T11:21:27.304,1789003287,fuzzy,True,-37.90807062,145.1363755,2107.4168649070198,1675.957922546193,2113.2126956982,1672.9724805528137,2107.4164,1675.9576,2118.8302,1669.8067,46410634#0,60.35859635679447,10.0,0,11.751700076274574,6.391,6.055,286.8,3.99,True,0,,False,2173.43,1677.1,-37.90807221750866,145.13712630592275,66.0230137581929,60.35859635679447,short=0.000 small=0.000 angle_diff=72.867 mode=entering_pending,,
2026-09-10T11:21:29.341,1789003289,fuzzy,True,-37.90802943,145.136232,2094.709206078667,1680.2763410946354,2099.455222589423,1675.6636718827242,2094.7059,1680.2768,2108.073,1676.9066,46410634#0,73.98872029846746,10.0,0,12.786500039510429,6.659,6.391,291.2,4.01,True,0,,False,2173.43,1677.1,-37.90807221750866,145.13712630592275,78.78484967526684,73.98872029846746,short=0.000 small=0.000 angle_diff=68.467 mode=entering_pending,,
2026-09-10T11:21:31.365,1789003292,fuzzy,True,-37.9079785,145.136015,2075.5179183037253,1685.5463327495381,2079.5473191628244,1680.304971715676,2075.5149,1685.5459,2095.0452,1681.3198,350484353#0,1.0983864875860987,95.20043585902125,0,12.564899981953204,6.499,6.659,281,4.65,True,0,,False,2079.4111737914363,1679.2150555198327,-37.908036235038026,145.13605782559168,7.4325305012477445,1.0983864875860987,short=0.904 small=1.000 angle_diff=3.880 mode=confirmed,,
2026-09-10T11:21:33.400,1789003294,fuzzy,True,-37.90795945,145.1358703,2062.75385021104,1687.4058309579268,2065.20691352455,1684.499959679602,2062.7563,1687.4062,2075.5551,1685.9072,350484353#0,3.483526419094194,58.58488885029216,0,0.024699955247342587,6.363,6.499,277.8,4.44,True,0,,False,2064.775129263338,1681.0432967419847,-37.90801712945691,145.1358918346645,6.675882762323794,3.483526419094194,short=0.172 small=1.000 angle_diff=0.680 mode=following,,
2026-09-10T11:21:35.439,1789003296,fuzzy,True,-37.90794316,145.1357207,2049.565099434112,1688.9504312239587,2050.9855088504564,1687.8687868402153,2049.5628,1688.9502,2062.6851,1686.8282,350484353#0,5.063626758954929,50.813680666278835,0,0.020600040443241596,6.541,6.363,277.8,4.01,True,0,,False,2050.357870625241,1682.8442086278424,-37.907998309247354,145.13572832513447,6.157470304825348,5.063626758954929,short=0.016 small=1.000 angle_diff=0.680 mode=following,,
2026-09-10T11:21:37.476,1789003298,fuzzy,True,-37.9079275,145.1355768,2036.878876185161,1690.4351251432672,2037.3342003653495,1690.4093945107877,2036.8773,1690.4348,2049.5013,1688.4512,350484353#0,5.892558099691121,50.21861309474584,0,0.034199911169707775,6.408,6.541,277.8,3.62,True,0,,False,2036.6038158240467,1684.5622773253654,-37.907980354570554,145.1355723372419,5.879285644913926,5.892558099691121,short=0.004 small=1.000 angle_diff=0.680 mode=confirmed,,
2026-09-10T11:21:39.516,1789003300,fuzzy,True,-37.90791177,145.1354322,2024.1309489983832,1691.926336184144,2024.100319974053,1692.3992317954762,2024.1351,1691.926,2036.8252,1690.0116,350484353#0,12.131648932154398,50.00001014412854,0,0.027300091460347176,6.44,6.408,277.8,3.54,True,0,,False,2033.66,1684.93,-37.90797651165814,145.13553895076186,11.821655256053479,12.131648932154398,short=0.000 small=1.000 angle_diff=0.680 mode=confirmed,,
2026-09-10T11:21:41.553,1789003302,fuzzy,True,-37.90789567,145.1352948,2012.0152083997382,1693.4712465731427,2011.4711121193052,1694.0615028630953,2012.0192,1693.4708,2024.0943,1691.5995,350484353#0,23.994397052661366,50.00000000000006,0,0.02350006252527237,6.184,6.44,278.2,3.39,True,0,,False,2033.66,1684.93,-37.90797651165814,145.13553895076186,23.26907596880437,23.994397052661366,short=0.000 small=1.000 angle_diff=1.080 mode=confirmed,,
2026-09-10T11:21:43.602,1789003304,fuzzy,True,-37.90788106,145.1351673,2000.7731635177624,1694.8682130109519,1999.665939583082,1695.483454333813,2000.7712,1694.8682,2011.9746,1693.1144,350484353#0,35.59454371114971,50.0,0,0.02559996210038662,5.719,6.184,278.2,3.36,True,0,,False,2033.66,1684.93,-37.90797651165814,145.13553895076186,34.355670444054624,35.59454371114971,short=0.000 small=1.000 angle_diff=1.080 mode=confirmed,,
2026-09-10T11:21:45.648,1789003306,fuzzy,True,-37.90786702,145.1350447,1989.9631803956,1696.210532530211,1988.4482027414101,1696.8051649113092,1989.965,1696.2107,2000.7256,1694.4794,350484353#0,46.7453329544526,50.0,0,0.021600048057734966,5.651,5.719,278.2,3.67,True,0,,False,2033.66,1684.93,-37.90797651165814,145.13553895076186,45.129396824072835,46.7453329544526,short=0.000 small=1.000 angle_diff=1.080 mode=confirmed,,
2026-09-10T11:21:47.688,1789003308,fuzzy,True,-37.90785275,145.1349202,1978.985637048143,1697.5750178033486,1977.6158503532122,1698.0417228941483,1978.9819,1697.5752,1989.9107,1695.747,350484353#0,57.55748419523292,50.0,0,11.637800023891032,5.628,5.651,278.2,3.77,True,0,,False,2033.66,1684.93,-37.90797651165814,145.13553895076186,56.11757692059064,57.55748419523292,short=0.000 small=1.000 angle_diff=1.080 mode=entering_pending,,
2026-09-10T11:21:49.704,1789003310,fuzzy,True,-37.90786055,145.134781,1966.7646856267238,1696.4646349214017,1966.3648219894596,1697.9928987051294,1966.7617,1696.4645,1979.273,1697.385,24801549#3,0.6265769150271144,97.62300064868107,0,11.417200090363622,5.933,5.628,278.4,3.68,True,0,,False,1966.4430776667166,1698.6145695822195,-37.90784112487673,145.13477783252375,2.173856187912501,0.6265769150271144,short=0.952 small=1.000 angle_diff=1.225 mode=confirmed,,
2026-09-10T11:21:51.743,1789003312,fuzzy,True,-37.90785064,145.1346478,1955.0319253352936,1697.3299771910533,1954.9411886184819,1698.125062889102,1955.0328,1697.3302,1967.0232,1698.5415,24801549#3,1.9221904662771656,85.79785792926857,0,0.019400031305849552,5.853,5.933,275.5,3.59,True,0,,False,1955.1812586133183,1700.0322027859702,-37.90782632458559,145.13465011262045,2.7063487568584597,1.9221904662771656,short=0.716 small=1.000 angle_diff=1.675 mode=following,,
2026-09-10T11:21:53.784,1789003314,fuzzy,True,-37.90783653,145.1345289,1944.547071780078,1698.6865138253197,1944.0117883136602,1698.7504808762671,1944.5444,1698.6861,1955.3699,1700.0085,24801549#3,3.519812028322219,58.17988573018097,0,0.046999892219901085,5.281,5.853,279.1,3.58,True,0,,False,1946.51,1701.23,-37.90781397147603,145.13455179638913,3.2128506216996073,3.519812028322219,short=0.164 small=1.000 angle_diff=0.871 mode=confirmed,,
2026-09-10T11:21:55.821,1789003316,fuzzy,True,-37.90782226,145.1344137,1934.3871577330283,1700.0673014819622,1933.535973731672,1699.737612620803,1934.3874,1700.0669,1944.899,1701.4376,24801549#3,13.059578006231815,50.00000229838962,0,0.05179992876946926,5.244,5.281,277.9,3.7,True,0,,False,1946.51,1701.23,-37.90781397147603,145.13455179638913,12.178471680540335,13.059578006231815,short=0.000 small=1.000 angle_diff=0.329 mode=entering_pending,,
2026-09-10T11:21:57.840,1789003318,fuzzy,True,-37.90780586,145.1342834,1922.8949375456432,1701.657862576656,1922.7047906393034,1701.075249638619,1922.8913,1701.6579,1934.6948,1702.7202,24801549#4,3.0139143308445844,65.26417570249166,0,0.04409998655319214,5.628,5.244,279.4,3.76,True,0,,False,1923.0516436570704,1704.0691388446078,-37.907784166869575,145.13428573036006,2.416362978889114,3.0139143308445844,short=0.305 small=1.000 angle_diff=2.792 mode=confirmed,,
2026-09-10T11:21:59.874,1789003320,fuzzy,True,-37.90778701,145.1341546,1911.529148763162,1703.522911223583,1911.6412623366043,1702.7860569752836,1911.5319,1703.5226,1923.1691,1704.0555,24801549#4,2.5877079763112647,73.24871357931383,0,0.010299962013959885,5.683,5.628,280,3.72,True,0,,False,1911.9390658645605,1705.3565716376424,-37.90777056583508,145.1341596778591,1.8789205795104242,2.5877079763112647,short=0.465 small=1.000 angle_diff=3.392 mode=following,,
2026-09-10T11:22:01.918,1789003322,fuzzy,True,-37.90777009,145.1340242,1900.0269708106061,1705.1709663392976,1900.3506187202684,1704.5692017076378,1900.0267,1705.1705,1911.7469,1705.3788,24801549#4,2.1157821682360796,82.45116218531003,0,0.01009996049106121,5.752,5.683,278.6,3.86,True,0,,False,1900.5941111853592,1706.6709261431597,-37.90775668024905,145.13403098950778,1.6035983343334854,2.1157821682360796,short=0.649 small=1.000 angle_diff=1.992 mode=following,,
2026-09-10T11:22:03.940,1789003324,fuzzy,True,-37.90776125,145.1338971,1888.8328669739421,1705.9282168708742,1889.0491487624386,1705.9556568036407,1888.8355,1705.9283,1900.2057,1706.7159,24801549#4,2.039156238934836,83.82080532442865,0,0.00970007386058569,5.535,5.752,276.1,3.84,True,0,,False,1889.2838228166856,1707.9812644297742,-37.90774283695372,145.1339026944381,2.1019908304295716,2.039156238934836,short=0.676 small=1.000 angle_diff=0.508 mode=following,,
2026-09-10T11:22:05.978,1789003326,fuzzy,True,-37.90774188,145.1337728,1877.8615413141088,1707.8588406909257,1877.8744600745572,1707.6043834942168,1877.8646,1707.8585,1889.0761,1708.0053,24801549#4,1.6874108234486143,89.29294976456606,0,0.014399993233382702,5.528,5.535,279.8,3.87,True,0,,False,1878.0686538943137,1709.2805827805369,-37.90772910994346,145.1337754783822,1.4367484784230677,1.6874108234486143,short=0.786 small=1.000 angle_diff=3.192 mode=following,,
2026-09-10T11:22:08.008,1789003328,fuzzy,True,-37.90772916,145.1336486,1866.913774946006,1709.0517094284296,1866.8098183129432,1709.0712887227844,1866.9129,1709.0522,1878.0299,1709.2851,24801549#4,3.3530854835316326,60.1719559325396,0,0.0271000899374485,5.486,5.528,277.5,3.85,True,0,,False,1869.96,1710.22,-37.9077191851239,145.13368350022262,3.2625741277710802,3.3530854835316326,short=0.203 small=1.000 angle_diff=0.892 mode=entering_pending,,
2026-09-10T11:22:10.050,1789003330,fuzzy,True,-37.90771941,145.1335465,1857.9156079996028,1709.95389981661,1856.792302967775,1710.253549215583,1857.919,1709.9539,1867.0898,1710.5573,1209653409#0,1.5379187310922928,91.16836551142192,0,0.02319994382560253,4.618,5.486,276.6,3.82,True,0,,False,1856.9783312009379,1711.7801754042457,-37.90770278941174,145.13353625928534,2.052747017854374,1.5379187310922928,short=0.823 small=1.000 angle_diff=0.348 mode=confirmed,,
2026-09-10T11:22:12.084,1789003332,fuzzy,True,-37.90770957,145.1334429,1848.7853604147676,1710.8634267011657,1847.4017802028104,1711.2506213701627,1848.7824,1710.8636,1858.1245,1711.6405,1209653409#0,1.6840551235629013,89.33805744281908,0,0.04840001929551363,4.646,4.618,275.3,3.81,True,0,,False,1847.6054852444695,1712.922310909282,-37.90769081025026,145.13342995402365,2.3729959123261777,1.6840551235629013,short=0.787 small=1.000 angle_diff=1.648 mode=confirmed,,
2026-09-10T11:22:14.125,1789003334,fuzzy,True,-37.9077479,145.1333537,1841.028170087433,1706.453114467673,1839.0650068271298,1709.4764057357077,1841.0264,1706.4533,1849.0124,1712.7509,1209653409#0,8.723844371883972,39.055833485504614,0,0.046600005589425564,4.412,4.646,241,3.78,True,0,,False,1847.05,1712.99,-37.907690100297756,145.13342365380353,8.88781795260416,8.723844371883972,short=0.000 small=0.726 angle_diff=35.948 mode=entering_pending,,
2026-09-10T11:22:16.141,1789003336,fuzzy,True,-37.90782684,145.1333279,1838.935266256216,1697.6481251344085,1833.9647673836946,1703.9521623739763,1838.9373,1697.6487,1841.0553,1706.4471,1209653409#0,15.903012971672727,10.00000001943984,0,0.04539999645203352,4.226,4.412,198,3.94,True,0,,False,1847.05,1712.99,-37.907690100297756,145.13342365380353,17.355749137504134,15.903012971672727,short=0.000 small=0.000 angle_diff=78.948 mode=entering_pending,,
2026-09-10T11:22:18.175,1789003338,fuzzy,True,-37.90790437,145.1333116,1837.6744608914014,1689.0163201475516,1831.3479417075284,1696.09741070819,1837.6749,1689.0159,1839.4297,1697.5757,-5094896#1,7.777894941851013,50.01075027514177,0,0.04470010753720999,4.357,4.226,191.2,4.11,True,0,,False,1839.041862313832,1694.957570618367,-37.90785109640544,145.13332849941546,6.09657640049156,7.777894941851013,short=0.000 small=1.000 angle_diff=2.773 mode=confirmed,,
2026-09-10T11:22:22.251,1789003342,fuzzy,True,-37.90803733,145.1332814,1835.3147578478092,1674.2092587677762,1828.60151565326,1680.0494431362242,1835.3174,1674.2088,1836.3466,1681.8748,-5094896#1,11.184086548864924,50.00004620066358,0,0.037100049667060375,3.882,3.914,187.7,4.43,True,0,,False,1837.78,1686.44,-37.90792759716314,145.1333122133998,12.476716313139404,11.184086548864924,short=0.000 small=1.000 angle_diff=0.727 mode=entering_pending,,
2026-09-10T11:22:26.318,1789003346,fuzzy,True,-37.9081519,145.1332445,1832.3251494358992,1661.4310451969504,1828.1424019792014,1663.8615699627453,1832.3225,1661.431,1835.1081,1667.1031,-5094896#0,6.482693018629694,50.08526488467653,0,0.04780001472681761,3.144,3.426,192.7,4.86,True,0,,False,1834.5695647482135,1663.0148778614384,-37.908138037310906,145.13327037879316,2.7469848931600893,6.482693018629694,short=0.002 small=1.000 angle_diff=5.195 mode=confirmed,,
2026-09-10T11:22:28.348,1789003349,fuzzy,True,-37.90825319,145.1332293,1831.2138658881886,1650.1646485580131,1828.6312406124755,1651.471721721791,1831.21,1650.1649,1834.3261,1661.1671,-5094896#0,3.9419380988205535,54.52682838739617,0,0.05849997978657484,3.672,3.144,187.4,5.1,True,0,,False,1832.4091376519684,1650.3463906887507,-37.90825176843731,145.1332429312089,1.209009839238034,3.9419380988205535,short=0.091 small=1.000 angle_diff=9.187 mode=confirmed,,
2026-09-10T11:22:30.383,1789003351,fuzzy,True,-37.90832277,145.1332506,1833.2411328773596,1642.4812095686793,1830.2212765655786,1643.2300677363144,1833.2432,1642.4812,1832.2618,1649.8516,-5094896#0,6.572381439908574,44.50279103665828,0,0.056999968364834785,3.936,3.672,166,5.36,True,0,,False,1832.16,1649.51,-37.90825925790792,145.13323990817253,7.111451555479555,6.572381439908574,short=0.001 small=0.860 angle_diff=30.587 mode=entering_pending,,
2026-09-10T11:22:32.429,1789003353,fuzzy,True,-37.90837786,145.1333243,1839.8431021373253,1636.4979020850733,1834.3518140759495,1635.9180911451353,1839.8387,1636.4974,1832.548,1641.9521,4577074#0,5.469450486269291,50.42839798316684,0,0.04850002005696297,4.215,3.936,135.9,5.33,True,0,,False,1833.09,1641.24,-37.90833392385735,145.13324859907542,8.251780481320464,5.469450486269291,short=0.009 small=1.000 angle_diff=6.827 mode=confirmed,,
2026-09-10T11:22:34.465,1789003355,fuzzy,True,-37.9084225,145.1334137,1847.8021547304234,1631.7018112195656,1840.9384705619782,1629.8187726244755,1847.8025,1631.7022,1838.4233,1634.8712,4577074#0,13.857955293825627,50.00000064069938,0,0.02389994915574789,4.575,4.215,123.9,5.21,True,0,,False,1833.09,1641.24,-37.90833392385735,145.13324859907542,17.533526229002714,13.857955293825627,short=0.000 small=1.000 angle_diff=18.827 mode=entering_pending,,
2026-09-10T11:22:36.509,1789003357,fuzzy,True,-37.90844688,145.133514,1856.674490112986,1629.173049387522,1849.5567986899987,1625.633082966526,1856.6742,1629.1729,1846.2217,1628.9526,4577074#0,22.687690900280852,38.67338238090315,0,0.03909994848072529,4.415,4.575,106.4,5.06,True,0,,False,1833.09,1641.24,-37.90833392385735,145.13324859907542,26.492253036944938,22.687690900280852,short=0.000 small=0.717 angle_diff=36.327 mode=confirmed,,
2026-09-10T11:22:40.587,1789003361,fuzzy,True,-37.90845055,145.1336881,1871.9891507902648,1629.0722620282322,1866.323003992547,1622.4832138244744,1871.993,1629.0728,1864.087,1626.3866,4577074#0,38.16083832940568,25.073382380902462,0,0.02119992859661579,3.851,3.689,92.8,5.06,True,0,,False,1833.09,1641.24,-37.90833392385735,145.13324859907542,40.75779409577225,38.16083832940568,short=0.000 small=0.377 angle_diff=49.927 mode=confirmed,,
2026-09-10T11:22:42.633,1789003363,fuzzy,True,-37.9084549,145.1338016,1881.9774956601905,1628.7893339544535,1877.0706770956037,1623.3895052476528,1881.9805,1628.7889,1871.966,1626.3098,4577074#0,47.46514637806721,24.67338238090247,0,0.02010003663599491,4.722,3.851,92.4,5.43,True,0,,False,1833.09,1641.24,-37.90833392385735,145.13324859907542,50.4480556305481,47.46514637806721,short=0.000 small=0.367 angle_diff=50.327 mode=confirmed,,
2026-09-10T11:22:44.671,1789003365,fuzzy,True,-37.9084601,145.1339189,1892.3018152500736,1628.4187612580135,1888.160397747531,1624.3005642705984,1892.2986,1628.4191,1881.9553,1626.2124,4577074#0,57.6167787272233,25.073382380902462,0,12.240300071425736,5.024,4.722,92.8,5.3,True,0,,False,1833.09,1641.24,-37.90833392385735,145.13324859907542,60.58401792624741,57.6167787272233,short=0.000 small=0.377 angle_diff=49.927 mode=entering_pending,,
2026-09-10T11:22:46.709,1789003367,fuzzy,True,-37.90847061,145.1340247,1901.6268718617503,1627.4387140953913,1898.8003557619193,1624.7062671682509,1901.6227,1627.4381,1892.1244,1626.0055,4577074#2,0.1657373637315398,98.83396869872732,0,13.552399934269488,4.727,5.024,97.7,5.51,True,0,,False,1898.840159346168,1624.8671539247525,-37.908493272764304,145.13399243067315,3.791924096777013,0.1657373637315398,short=0.977 small=1.000 angle_diff=6.196 mode=confirmed,,
2026-09-10T11:22:48.743,1789003369,fuzzy,True,-37.90850224,145.1341319,1911.121918523626,1624.1175412042066,1909.3129624202948,1623.8527469993637,1911.1204,1624.1177,1900.6962,1624.3659,4577074#2,1.996593994237302,84.55694984462079,0,0.03550003748387098,5.042,4.727,107.9,5.47,True,0,,False,1908.7364875237683,1621.9411863093778,-37.908521415040504,145.13410428308123,3.2290558501405546,1.996593994237302,short=0.691 small=1.000 angle_diff=1.118 mode=following,,
2026-09-10T11:22:50.782,1789003371,fuzzy,True,-37.90853195,145.1342485,1921.4391202077968,1621.025950522162,1919.9996546469547,1622.0352694084738,1921.4411,1621.0259,1910.32,1621.4636,4577074#2,3.342080901265135,60.315365915236335,0,0.029999995604157448,5.37,5.042,108.1,5.33,True,0,,False,1919.0346984529062,1618.8355249977171,-37.908551248396094,145.1342206639777,3.25256943869469,3.342080901265135,short=0.206 small=1.000 angle_diff=1.318 mode=following,,
2026-09-10T11:22:52.821,1789003373,fuzzy,True,-37.90856313,145.1343659,1931.8299122073222,1617.772636291571,1930.7278225857322,1619.4600368706626,1931.8305,1617.7728,1920.635,1618.3529,4577074#2,3.97406027173947,54.31963978686764,0,0.030399998649954796,5.354,5.37,108.7,5.33,True,0,,False,1929.5803955221666,1615.6552285736238,-37.90858179858861,145.13433984183646,3.08929454096168,3.97406027173947,short=0.086 small=1.000 angle_diff=1.918 mode=following,,
2026-09-10T11:22:54.853,1789003375,fuzzy,True,-37.9085913,145.134473,1941.3084587957128,1614.8351917639375,1941.0426333556716,1616.5005054295368,1941.3076,1614.8348,1931.0576,1615.2098,4577074#2,4.217657832276388,53.00927082622372,0,0.03760005347430706,4.956,5.354,108.4,5.27,True,0,,False,1939.7691406978417,1612.4797027682991,-37.90861224133893,145.1344549624406,2.8138636454182673,4.217657832276388,short=0.060 small=1.000 angle_diff=0.826 mode=following,,
2026-09-10T11:22:56.898,1789003377,fuzzy,True,-37.90862155,145.1345829,1951.037786228233,1611.6718555223197,1951.1296692565106,1613.238418187547,1951.0391,1611.6716,1940.4895,1612.2516,4577074#2,4.663886615230543,51.520327838792525,0,0.026099965907633305,5.1,4.956,109.4,5.24,True,0,,False,1949.3322127536348,1608.9348163844063,-37.90864589848615,145.13456288537552,3.224959553191704,4.663886615230543,short=0.030 small=1.000 angle_diff=3.269 mode=following,,
2026-09-10T11:23:00.987,1789003381,fuzzy,True,-37.90868359,145.1346756,1959.3255078077782,1604.950675596483,1964.516179266992,1606.4837532738654,1959.3259,1604.9505,1955.09,1606.53,4577074#2,6.5975152180830055,50.07097540573313,0,0.023099943064153194,2.382,3.167,147.1,5.35,True,0,,False,1959.07,1602.76,-37.90870327810156,145.1346721965534,2.205525744320856,6.5975152180830055,short=0.001 small=1.000 angle_diff=13.652 mode=following,,
2026-09-10T11:23:05.048,1789003385,fuzzy,True,-37.90883049,145.1347111,1962.7727506604278,1588.7123829396442,1970.3995293664786,1593.6740967296664,1962.7691,1588.7128,1961.7043,1597.7863,4577074#2,9.849885570041048,49.596282815804265,0,0.07930002175271511,4.538,3.778,177.3,5.67,True,0,,False,1961.58,1598.06,-37.9087460693174,145.1346996653293,9.42340696590176,9.849885570041048,short=0.000 small=0.990 angle_diff=25.404 mode=entering_pending,,
2026-09-10T11:23:07.087,1789003387,fuzzy,True,-37.90891846,145.1346956,1961.6053556652041,1578.9235330987722,1969.0086956055065,1584.101446171626,1961.6072,1578.9232,1962.4549,1588.7075,405414870#0,6.56297351882578,50.07500235259968,0,0.06400002166628838,4.729,4.538,185.7,5.64,True,0,,False,1962.4457583054818,1584.1232499500315,-37.9088717711252,145.13470633813648,5.267193933306095,6.56297351882578,short=0.002 small=1.000 angle_diff=5.510 mode=confirmed,,
2026-09-10T11:23:09.132,1789003389,fuzzy,True,-37.90899737,145.1347163,1963.6004516031244,1570.2037075925618,1968.4914804026957,1574.4110854578453,1963.6,1570.2039,1962.3937,1578.8675,405414870#0,6.397564007846109,50.09768229407273,0,0.04269997589290142,4.496,4.729,176.1,5.3,True,0,,False,1962.1099204559491,1574.8633219895046,-37.9089551263519,145.13470041307033,4.892207010020701,6.397564007846109,short=0.002 small=1.000 angle_diff=7.954 mode=confirmed,,
2026-09-10T11:23:11.152,1789003391,fuzzy,True,-37.90908933,145.1347341,1965.369559502229,1560.0306880539283,1968.4524026407048,1563.9480221318101,1965.3733,1560.031,1961.7887,1570.3442,405414870#0,9.33016266320919,50.00089717896617,0,0.04429998807609081,5.03,4.496,162.5,4.98,True,0,,False,1961.8,1570.49,-37.908994466472926,145.1346958943918,11.051649715096492,9.33016266320919,short=0.000 small=1.000 angle_diff=21.554 mode=entering_pending,,
2026-09-10T11:23:13.188,1789003393,fuzzy,True,-37.9091582,145.1347941,1970.7974962597364,1552.4940827796236,1970.650718879614,1554.3531649580884,1970.8004,1552.4937,1963.8636,1559.2224,405414870#2,6.421276519291993,50.09405249015691,0,0.06589991971850395,4.544,5.03,156.5,4.69,True,0,,False,1964.92,1557.25,-37.909114298104846,145.13472835598785,7.560668680102784,6.421276519291993,short=0.002 small=1.000 angle_diff=4.673 mode=confirmed,,
2026-09-10T11:23:15.212,1789003395,fuzzy,True,-37.9092348,145.1348529,1976.1370851031388,1544.0976045764983,1974.4471604569396,1545.064851213848,1976.1412,1544.0977,1968.1981,1551.1054,405414870#2,15.467534946232854,50.00000004877573,0,0.0447999918833375,4.977,4.544,156.5,4.42,True,0,,False,1964.92,1557.25,-37.909114298104846,145.13472835598785,17.286078317166282,15.467534946232854,short=0.000 small=1.000 angle_diff=4.673 mode=entering_pending,,
2026-09-10T11:23:17.235,1789003397,fuzzy,True,-37.90933153,145.1348773,1978.497015431407,1533.4068896165118,1977.7874265503578,1534.9054282239606,1978.4954,1533.407,1972.8704,1542.3515,405414870#3,4.315670973635105,52.59516640613453,0,0.027699978090822697,5.323,4.977,164.8,4.19,True,0,,False,1975.06,1538.25,-37.90928728256286,145.1348393234667,5.938753510828781,4.315670973635105,short=0.052 small=1.000 angle_diff=12.896 mode=confirmed,,
2026-09-10T11:23:19.274,1789003399,fuzzy,True,-37.90941999,145.134884,1979.2824538535788,1523.6027192762122,1979.932144892993,1524.6807519592035,1979.2841,1523.6024,1976.535,1533.4543,405414870#3,14.417430015470106,50.000000261752874,0,0.034100026823580265,4.991,5.323,173.3,4.0,True,0,,False,1975.06,1538.25,-37.90928728256286,145.1348393234667,15.243751150784693,14.417430015470106,short=0.000 small=1.000 angle_diff=21.396 mode=entering_pending,,
2026-09-10T11:23:21.314,1789003401,fuzzy,True,-37.90950811,145.134894,1980.3572612659773,1513.8420815998688,1981.4242193532539,1514.5209138318892,1980.3539,1513.8417,1976.7385,1523.4914,405414870#4,11.99054072869566,50.00001271354732,0,0.026399968191981316,4.593,0,185.5,3.88,True,0,,False,1976.65,1525.52,-37.90940224418743,145.13485450556195,12.25224731444548,11.99054072869566,short=0.000 small=1.000 angle_diff=8.252 mode=confirmed,,
2026-09-10T11:23:23.351,1789003404,fuzzy,True,-37.90962828,145.1348866,1979.9734759937273,1500.4944114461541,1981.870100206527,1500.301838862067,1979.9706,1500.4948,1976.8544,1513.8331,405414870#4,25.752768731632333,50.0,0,0.02759997732937336,4.769,4.593,182.6,3.67,True,0,,False,1976.65,1525.52,-37.90940224418743,145.13485450556195,25.245307982816577,25.752768731632333,short=0.000 small=1.000 angle_diff=5.352 mode=entering_pending,,
2026-09-10T11:23:25.395,1789003406,fuzzy,True,-37.9097236,145.1348804,1979.6400215658941,1489.90632993076,1981.256181141376,1490.2743327878766,1979.642,1489.9062,1976.8871,1500.4873,998107627#0,30.716244314148042,50.0,0,0.022700056433677673,5.144,4.769,183.9,3.6,True,0,,False,1976.83,1520.67,-37.90944596665101,145.13485544881124,30.891740276809433,30.716244314148042,short=0.000 small=1.000 angle_diff=4.544 mode=confirmed,,
2026-09-10T11:23:27.435,1789003408,fuzzy,True,-37.9098129,145.1348743,1979.3019950480084,1479.9864329062402,1980.585666385727,1480.2571352676625,1979.2999,1479.9861,1976.92,1489.9,998107627#0,40.587001193425124,50.0,0,0.03430002834647894,5.09,5.144,180.5,3.59,True,0,,False,1976.83,1520.67,-37.90944596665101,145.13485544881124,40.75859898217599,40.587001193425124,short=0.000 small=1.000 angle_diff=1.144 mode=entering_pending,,
2026-09-10T11:23:29.478,1789003410,fuzzy,True,-37.90990039,145.1348532,1977.6412092532846,1470.240996430628,1979.1492563891998,1470.3319440088198,1977.6452,1470.2412,1976.9426,1479.9807,998107627#1,29.065993333449114,50.0,0,0.030499999411404133,4.743,5.09,180.5,3.46,True,0,,False,1976.89,1499.31,-37.9096383937174,145.13485127180573,29.07870842830505,29.065993333449114,short=0.000 small=1.000 angle_diff=0.640 mode=confirmed,,
2026-09-10T11:23:31.504,1789003412,fuzzy,True,-37.90998041,145.1348621,1978.6013248617528,1461.3772392496467,1978.7023677908805,1460.9558605048658,1978.5984,1461.3769,1976.9647,1470.2396,998107627#1,38.39693599001921,50.0,0,0.02320006024092436,4.251,4.743,177.5,3.35,True,0,,False,1976.89,1499.31,-37.9096383937174,145.13485127180573,37.97134407584218,38.39693599001921,short=0.000 small=1.000 angle_diff=2.360 mode=entering_pending,,
2026-09-10T11:23:35.574,1789003416,fuzzy,True,-37.91008964,145.1349159,1983.5737169542117,1449.351176715456,1981.971192917796,1447.1321820180322,1983.5729,1449.3514,1976.984,1454.4499,,,,0,0.020400038920342922,3.114,3.389,151.3,3.1,False,,,False,,,,,,,,,no_match
2026-09-10T11:23:39.637,1789003420,fuzzy,True,-37.91007754,145.1351097,2000.5849634765182,1451.0347290365025,1996.3422029604992,1446.0457834262852,2000.587,1451.0348,1987.2151,1444.5235,998107627#2,26.07477255926076,10.000000000000002,0,0.018700025975704193,4.545,3.254,90,2.89,True,0,,False,1976.98,1463.51,-37.909960905327594,145.1348441508366,26.69881432461821,26.07477255926076,short=0.000 small=0.000 angle_diff=89.870 mode=confirmed,,
2026-09-10T11:23:41.677,1789003422,fuzzy,True,-37.91009839,145.1352291,2011.1284098454053,1448.9311067806557,2007.101456375257,1446.3799964734828,2011.1291,1448.9312,2000.064,1444.9421,998107627#2,34.65168329222977,10.0,0,0.02350006252527237,5.316,4.545,97.9,2.81,True,0,,False,1976.98,1463.51,-37.909960905327594,145.1348441508366,37.130284438323564,34.65168329222977,short=0.000 small=0.000 angle_diff=81.970 mode=entering_pending,,
2026-09-10T11:23:43.713,1789003424,fuzzy,True,-37.9101239,145.1353626,2022.921807691455,1446.3351707188413,2019.0236134324487,1445.3965343420866,2022.9258,1446.3349,2010.5026,1443.871,998107627#3,44.317564481189024,10.0,0,0.019999919459223747,5.916,5.316,97.2,2.73,True,0,,False,1977.0,1459.47,-37.90999730226558,145.13484345915444,47.76333491179349,44.317564481189024,short=0.000 small=0.000 angle_diff=79.938 mode=confirmed,,
2026-09-10T11:23:45.750,1789003426,fuzzy,True,-37.91013447,145.1354835,2033.5742983232485,1445.3748771045357,2031.0390782004977,1444.6228617936852,2033.5773,1445.3755,2022.4379,1442.3935,998107627#3,56.041587108833,10.0,0,12.67799991182983,5.273,5.916,97.8,2.68,True,0,,False,1977.0,1459.47,-37.90999730226558,145.13484345915444,58.30371960866787,56.041587108833,short=0.000 small=0.000 angle_diff=79.338 mode=entering_pending,,
2026-09-10T11:23:47.785,1789003428,fuzzy,True,-37.91012645,145.1355783,2041.890923655359,1446.4315140862018,2041.525417578288,1445.0851396008595,2041.8912,1446.4319,2032.9767,1441.0068,998107627#3,66.10940721527604,10.0,0,12.486400082707405,4.229,5.273,97.8,2.61,True,0,,False,1977.0,1459.47,-37.90999730226558,145.13484345915444,66.18786964217806,66.10940721527604,short=0.000 small=0.000 angle_diff=79.338 mode=entering_pending,,
2026-09-10T11:23:53.879,1789003434,fuzzy,True,-37.90999368,145.1356649,2049.2097868950223,1461.3165968116373,2052.7154084182025,1458.5352927422575,2049.2137,1461.3167,2046.9882,1446.1823,998107627#3,75.7211776822897,10.0,0,12.658399995416403,2.293,2.933,27.9,2.53,True,0,,False,1977.0,1459.47,-37.90999730226558,145.13484345915444,72.2333942384634,75.7211776822897,short=0.000 small=0.000 angle_diff=149.238 mode=entering_pending,,
2026-09-10T11:23:57.944,1789003438,fuzzy,True,-37.91016206,145.1357738,2059.1575018548756,1442.8237984087318,2061.873115781021,1464.844998096725,2059.1551,1442.8237,2053.349,1458.4901,-988580235,7.698058653904142,50.01221469963216,0,13.313299976289272,3.003,2.548,100.9,19.28,True,0,,False,2060.322543948528,1457.3047173306509,-37.91003182206763,145.135790339177,14.527709244859484,7.698058653904142,short=0.000 small=1.000 angle_diff=0.720 mode=confirmed,,
2026-09-10T11:24:02.018,1789003442,fuzzy,True,-37.90983805,145.1358294,2063.326622217777,1478.8752911016345,2064.0307411549943,1478.2146816220468,2063.3265,1478.8755,2062.9349,1453.617,-988580235,21.228316780946688,10.000000000003874,0,0.05659996531903744,5.267,3.863,356.4,2.4,True,0,,False,2059.754854008424,1457.4214562238067,-37.91003066818415,145.1357839111163,21.74912777806154,21.228316780946688,short=0.000 small=0.000 angle_diff=105.220 mode=entering_pending,,
2026-09-10T11:24:04.065,1789003444,fuzzy,True,-37.90973491,145.1358344,2063.5373303975794,1490.3290016083047,2064.781375546575,1487.7195661581147,2063.537,1490.3287,2064.0775,1478.87,-773028723,0.6394024552180461,97.5761077277456,0,0.04279997665435076,5.85,5.267,3.1,2.36,True,0,,False,2064.1419900730716,1487.7242262022946,-37.90975848341049,145.13584068266903,2.674035945704772,0.6394024552180461,short=0.952 small=1.000 angle_diff=2.682 mode=confirmed,,
2026-09-10T11:24:06.109,1789003446,fuzzy,True,-37.90962757,145.135844,2064.143136160914,1502.2568518230692,2065.278533911135,1499.0187075786123,2064.1435,1502.2567,2064.1609,1490.3242,-773028723,1.0541980756477178,95.49855896549474,0,0.01079996582120657,5.979,5.85,2.8,2.33,True,0,,False,2064.2243638336454,1499.026390704579,-37.90965668545478,145.13584418903787,3.231482163480778,1.0541980756477178,short=0.910 small=1.000 angle_diff=2.382 mode=following,,
2026-09-10T11:24:08.130,1789003448,fuzzy,True,-37.90951979,145.13584,2063.552302812808,1514.2096159243956,2064.9638404396396,1511.2675360221072,2063.5558,1514.2099,2064.2479,1502.256,-773028723,0.6502419852838018,97.53579279222633,0,0.010499963536858559,6.014,5.979,359.5,2.51,True,0,,False,2064.3136157239546,1511.2722750661228,-37.90954638746546,145.13584798816763,3.0343975788213973,0.6502419852838018,short=0.951 small=1.000 angle_diff=0.918 mode=following,,
2026-09-10T11:24:10.168,1789003450,fuzzy,True,-37.90941404,145.1358462,2063.862724269333,1525.9550538938493,2064.653642960679,1523.9526830180564,2063.8632,1525.9555,2064.335,1514.2042,-773028723,0.2476018244696371,98.6751083320897,0,0.0100000761449337,5.917,6.014,2.3,2.6,True,0,,False,2064.4060477121984,1523.9544875707784,-37.90943215949065,145.1358519226434,2.0730330379838655,0.2476018244696371,short=0.974 small=1.000 angle_diff=1.882 mode=following,,
2026-09-10T11:24:12.205,1789003452,fuzzy,True,-37.90930877,145.1358513,2064.0775044328184,1537.645294552669,2064.5089637841315,1536.3815546746653,2064.0747,1537.6448,2064.4206,1525.9514,-773028723,0.012343336484284855,99.08308111390694,0,0.011299969628453255,5.896,5.917,1.9,3.05,True,0,,False,2064.4966207754705,1536.3816446344283,-37.909320228783386,145.13585577797292,1.3313412877799744,0.012343336484284855,short=0.982 small=1.000 angle_diff=1.482 mode=following,,
2026-09-10T11:24:14.251,1789003454,fuzzy,True,-37.90920885,145.1358447,2063.275529487699,1548.7213029824197,2063.8136686952494,1548.470262587257,2063.2792,1548.721,2064.5058,1537.6417,-773028723,0.7710372847378624,97.04147922628967,0,0.0396000687032938,5.645,5.896,358.7,2.63,True,0,,False,2064.584685502219,1548.4646431721578,-37.90921139789032,145.13585952651465,1.334077857007776,0.7710372847378624,short=0.941 small=1.000 angle_diff=1.718 mode=confirmed,,
2026-09-10T11:24:16.268,1789003456,fuzzy,True,-37.90913259,145.1358526,2063.800852733315,1557.1973745329306,2063.7185752066985,1558.5103918289824,2063.8045,1557.1979,2064.5865,1548.7114,-773028723,5.27793916533015,50.58021771832955,0,0.041400082409381866,4.434,5.645,3.7,2.57,True,0,,False,2064.62,1553.31,-37.90916775603131,145.13586102969802,3.972742504088937,5.27793916533015,short=0.012 small=1.000 angle_diff=3.282 mode=confirmed,,
2026-09-10T11:24:20.309,1789003460,fuzzy,True,-37.90909699,145.1359749,2074.47411829303,1561.3627334022895,2069.4233430556715,1570.223963703437,2074.4763,1561.363,2066.2609,1561.1338,-773028723,17.582783416503037,10.000000001322721,0,0.03539992030709982,3.547,3.048,92.3,3.91,True,0,,False,2064.62,1553.31,-37.90916775603131,145.13586102969802,12.725964112057815,17.582783416503037,short=0.000 small=0.000 angle_diff=91.882 mode=entering_pending,,
2026-09-10T11:24:22.340,1789003463,fuzzy,True,-37.90918564,145.1360807,2083.972437733086,1551.7116859806702,2078.761345268268,1564.986512983481,2083.9713,1551.7121,2073.3293,1558.4111,298236180#1,8.096426949958106,42.04321792453089,0,0.03470003139227629,4.332,3.547,144.2,4.23,True,0,,False,2075.828906758696,1557.4397962309065,-37.90913257286545,145.1359894118071,9.956321799224208,8.096426949958106,short=0.000 small=0.801 angle_diff=32.965 mode=confirmed,,
2026-09-10T11:24:24.365,1789003465,fuzzy,True,-37.90928326,145.1360713,2083.362611477496,1540.8627694705501,2083.0250200459895,1553.1268842676009,2083.3653,1540.8628,2083.7888,1551.3802,298236180#1,4.494863247777539,11.579047401736014,0,0.03650004509836435,5.051,4.332,179.8,3.95,True,0,,False,2079.56,1555.99,-37.909146305068965,145.13603150402946,15.597851055190464,4.494863247777539,short=0.039 small=0.000 angle_diff=68.565 mode=entering_pending,,
2026-09-10T11:24:26.397,1789003467,fuzzy,True,-37.90938059,145.1360659,2083.1038115043193,1530.0530641349033,2084.964542276445,1540.1840388847131,2083.1056,1530.0533,2083.9269,1540.8574,773028722,1.0440141523501356,95.56485892155908,0,0.036499928683042526,5.401,5.051,181.2,3.78,True,0,,False,2083.920575981808,1540.1940351824537,-37.909289384631606,145.1360774919345,10.173809414321848,1.0440141523501356,short=0.911 small=1.000 angle_diff=0.651 mode=confirmed,,
2026-09-10T11:24:28.443,1789003469,fuzzy,True,-37.90947955,145.1360637,2083.129963112995,1519.0681111337617,2085.6264835958036,1526.698484657566,2083.1338,1519.0679,2083.8234,1530.0464,773028722,1.835047530424212,87.1719851554806,0,0.020699924789369106,5.455,5.401,180.2,3.66,True,0,,False,2083.791520184141,1526.716054995517,-37.909410774509794,145.13607296050645,7.676503310162992,1.835047530424212,short=0.743 small=1.000 angle_diff=0.349 mode=following,,
2026-09-10T11:24:30.474,1789003471,fuzzy,True,-37.90958028,145.1360532,2082.4303357858444,1507.872159389779,2085.100269604493,1512.991532238839,2082.4293,1507.8719,2083.7182,1519.0623,773028722,1.4400999214560517,92.24953250749003,0,0.016900012269616127,5.561,5.455,183.9,3.5,True,0,,False,2083.660235697361,1513.0053210055514,-37.90953426068986,145.13606835080054,5.278446927457715,1.4400999214560517,short=0.845 small=1.000 angle_diff=3.351 mode=following,,
2026-09-10T11:24:32.514,1789003473,fuzzy,True,-37.90967803,145.1360504,2082.401055826689,1497.0204187706113,2084.367635246997,1499.890224992902,2082.3993,1497.0208,2083.611,1507.8606,773028722,0.8329424360241204,96.75344073065585,0,0.011400086805224419,5.405,5.561,180.7,3.43,True,0,,False,2083.534730993137,1499.8982003068118,-37.90965231040396,145.13606394401384,3.0930318383614033,0.8329424360241204,short=0.935 small=1.000 angle_diff=0.151 mode=following,,
2026-09-10T11:24:34.542,1789003475,fuzzy,True,-37.90977186,145.1360552,2083.0312431784114,1486.617020599544,2084.0056692405483,1487.698688590462,2083.031,1486.6166,2083.5071,1497.0102,773028722,0.5877253743917886,97.7598433677453,0,0.010399962775409222,5.214,5.405,180.6,3.42,True,0,,False,2083.417970807546,1487.7043159833656,-37.909762135022085,145.13605984424956,1.1540231846960347,0.5877253743917886,short=0.955 small=1.000 angle_diff=0.051 mode=following,,
2026-09-10T11:24:36.583,1789003477,fuzzy,True,-37.90985548,145.1360508,2082.829947071383,1477.3304009987041,2083.5786979055215,1476.798517631829,2082.8278,1477.3301,2083.4075,1486.613,773028722,0.2651413103165113,98.63842786757719,0,0.009999959729611874,4.631,5.214,182.1,3.54,True,0,,False,2083.313568749309,1476.8010563248874,-37.90986033558491,145.13605617839625,0.7170046799417332,0.2651413103165113,short=0.973 small=1.000 angle_diff=1.551 mode=following,,
2026-09-10T11:24:40.658,1789003481,fuzzy,True,-37.90998184,145.1360485,2082.9081077084993,1463.3048330713063,2083.175274985343,1460.2395487253145,2082.9106,1463.3045,2083.2444,1469.5814,773028722,0.02028682524400107,99.07157085967543,0,0.039400067180395126,3.161,3.966,180.6,3.59,True,0,,False,2083.154989090049,1460.2397429689893,-37.910009495588724,145.13605061018416,3.075016707577059,0.02028682524400107,short=0.981 small=1.000 angle_diff=0.051 mode=confirmed,,
2026-09-10T11:24:44.724,1789003485,fuzzy,True,-37.91006546,145.1360919,2086.9091965639964,1454.1022414015606,2085.6254081666507,1449.9566882995298,2086.9059,1454.1019,2083.1424,1458.9213,773028722,8.068876896493164,34.262390119197605,0,0.03579992335289717,3.016,2.38,139.8,3.74,True,0,,False,2083.13,1457.63,-37.910033000322684,145.13604973273834,5.16985564577823,8.068876896493164,short=0.000 small=0.606 angle_diff=40.749 mode=entering_pending,,
2026-09-10T11:24:46.751,1789003487,fuzzy,True,-37.9100705,145.1361921,2095.7295564049855,1453.719114271924,2091.3513315421565,1448.7310073818996,2095.7324,1453.7187,2086.8136,1453.4261,-988580230#1,4.037607694411432,53.93489214688607,0,0.032800016924738884,4.025,3.016,100.5,3.83,True,0,,False,2091.897903538281,1452.7314492258743,-37.910078707007486,145.13614830974248,3.956898524616743,4.037607694411432,short=0.079 small=1.000 angle_diff=2.720 mode=confirmed,,
2026-09-10T11:24:48.788,1789003489,fuzzy,True,-37.91008491,145.1362928,2104.614660418476,1452.2971154348925,2099.112520730687,1447.9094111917436,2104.616,1452.2967,2096.3683,1453.7865,-988580230#1,7.8163699282854955,50.01010857635095,0,0.03659992944449186,4.396,4.025,100.4,3.82,True,0,,False,2092.86,1452.6,-37.91008006442433,145.13615921885506,11.758562012995602,7.8163699282854955,short=0.000 small=1.000 angle_diff=2.620 mode=entering_pending,,
2026-09-10T11:24:52.864,1789003493,fuzzy,True,-37.91000319,145.1363912,2113.0842994020786,1461.5381200527772,2110.961964908352,1454.0664092957625,2113.0809,1461.538,2112.304,1453.7052,-988580230#1,18.161263440793473,10.000000000524203,0,0.03720005042850971,3.459,3.701,11.5,3.82,True,0,,False,2092.86,1452.6,-37.91008006442433,145.13615921885506,22.111360798982325,18.161263440793473,short=0.000 small=0.000 angle_diff=86.280 mode=entering_pending,,
2026-09-10T11:24:54.896,1789003495,fuzzy,True,-37.90992375,145.1363791,2111.8442850190913,1470.331904192455,2113.823871731605,1462.8618205521273,2111.8425,1470.3323,2112.4043,1461.5467,-988580230#0,17.523450542405037,50.00000000181805,0,0.036199926398694515,4.248,3.459,356.7,3.91,True,0,,False,2096.302304841752,1463.1187497963429,-37.90998592881975,145.136200748947,17.13425645235173,17.523450542405037,short=0.000 small=1.000 angle_diff=4.140 mode=confirmed,,
2026-09-10T11:24:56.932,1789003497,fuzzy,True,-37.90984795,145.1363782,2111.5970051838085,1478.7414612807333,2114.839059427902,1472.40311092095,2111.5971,1478.7418,2112.5166,1470.3237,-988580230#0,18.398634488969297,50.000000000448196,0,0.01070008147507906,4.112,4.248,358.6,3.82,True,0,,False,2096.442402667847,1472.672872132785,-37.909899888055634,145.1362045137822,16.324513826248577,18.398634488969297,short=0.000 small=1.000 angle_diff=2.240 mode=following,,
2026-09-10T11:25:01.001,1789003501,fuzzy,True,-37.90975949,145.1363835,2111.8667216035537,1488.5667310124263,2115.2576974598055,1486.392249343342,2111.8641,1488.5671,2112.7038,1484.9618,-988580230#0,18.61211844337027,50.00000000031851,0,0.029799994081258774,2.065,3.224,8.4,3.84,True,0,,False,2096.6475796934324,1486.66514066194,-37.90977387904504,145.13621002746098,15.337481095064971,18.61211844337027,short=0.000 small=1.000 angle_diff=7.560 mode=confirmed,,
2026-09-10T11:25:05.069,1789003505,fuzzy,True,-37.90981384,145.1364469,2117.5611813133582,1482.6472198404372,2117.809204410826,1488.420487573693,2117.5572,1482.6471,2115.0928,1487.4242,-988580230#0,21.13361304796855,10.00000000000451,0,0.03190001007169485,2.518,1.552,160.3,4.19,True,0,,False,2096.6778630834906,1488.7303491055197,-37.90975528056861,145.13621084125774,21.751262996562446,21.13361304796855,short=0.000 small=0.000 angle_diff=159.460 mode=entering_pending,,
2026-09-10T11:25:07.099,1789003507,fuzzy,True,-37.90988863,145.1364248,2115.7841427915264,1474.3093134006485,2117.3752804576784,1482.4746159138685,2115.7815,1474.3098,2115.875,1482.6686,-988580230#0,20.786914248909337,10.000000000007853,0,0.009899958968162537,3.841,2.518,187.7,4.18,True,0,,False,2096.5906006616233,1482.779394139745,-37.90980887259011,145.13620849627827,20.979378618519114,20.786914248909337,short=0.000 small=0.000 angle_diff=173.140 mode=following,,
2026-09-10T11:25:09.140,1789003509,fuzzy,True,-37.90997426,145.1364238,2115.8861844663043,1464.8056319681928,2117.0689466048443,1474.0515620403282,2115.8903,1464.8061,2115.7681,1474.31,-988580230#0,20.60411233900051,10.00000000001052,0,0.010100076906383038,4.586,3.841,180.8,4.15,True,0,,False,2096.4670490687276,1474.3536600203,-37.909884751523926,145.13620517610116,21.63949304566163,20.60411233900051,short=0.000 small=0.000 angle_diff=179.960 mode=following,,
2026-09-10T11:25:11.173,1789003511,fuzzy,True,-37.91005393,145.1364243,2116.1068791989237,1455.9659375576302,2116.8655639287126,1464.2427857523076,2116.1101,1455.9656,2115.6466,1464.8092,-988580230#0,20.544568033888297,10.000000000011571,0,0.010399962775409222,4.396,4.586,179.2,4.16,True,0,,False,2096.3232042970976,1464.5440106922765,-37.90997309346645,145.13620131057684,21.563328391611616,20.544568033888297,short=0.000 small=0.000 angle_diff=178.360 mode=following,,
2026-09-10T11:25:15.239,1789003515,fuzzy,True,-37.91010291,145.1362808,2103.599602974835,1450.2786547653377,2108.6419162417906,1452.0610915187535,2103.6007,1450.2782,2111.5612,1451.1905,-988580230#0,12.907470587084669,10.000002345355556,0,0.030199997127056122,3.892,3.251,261.5,4.13,True,0,,False,2096.19,1455.46,-37.91005490058406,145.1361977309806,9.041490733581423,12.907470587084669,short=0.000 small=0.000 angle_diff=99.340 mode=entering_pending,,
2026-09-10T11:25:17.282,1789003517,fuzzy,True,-37.91008633,145.1361754,2094.2964815771556,1451.9331845659763,2099.7596168595933,1449.5376233196428,2094.2935,1451.9333,2103.3112,1448.0028,988580230#0,5.8846339593972905,10.177112082080486,0,0.026699970476329327,4.514,3.892,278.1,4.01,True,0,,False,2099.38,1455.41,-37.91005592554562,145.1362339897677,6.158766525666102,5.8846339593972905,short=0.004 small=0.000 angle_diff=97.244 mode=confirmed,,
2026-09-10T11:25:19.318,1789003519,fuzzy,True,-37.91006799,145.1360619,2084.27733167354,1453.7687630364671,2089.7865101037723,1449.4701821424298,2084.2741,1453.7684,2094.2888,1452.6099,988580230#0,11.283460664624771,10.00003152724714,0,0.03790005575865507,4.96,4.514,280.6,3.94,True,0,,False,2099.38,1455.41,-37.91005592554562,145.1362339897677,15.191584820206316,11.283460664624771,short=0.000 small=0.000 angle_diff=99.744 mode=entering_pending,,
2026-09-10T11:25:21.356,1789003522,fuzzy,True,-37.91004689,145.1358874,2068.8891781351995,1455.803351169452,2073.7046287755593,1451.3190456629318,2068.8906,1455.8034,2084.6882,1452.914,988580230#1,11.873360926487845,50.00001533527568,0,0.03279990050941706,5.073,4.96,278.5,3.76,True,0,,False,2085.54,1450.37,-37.91009883436701,145.13607548378732,17.51488434743163,11.873360926487845,short=0.000 small=1.000 angle_diff=0.731 mode=confirmed,,
2026-09-10T11:25:23.376,1789003524,fuzzy,True,-37.91003613,145.1357942,2060.671531811531,1456.833476019092,2062.9552390225367,1453.7051004978603,2060.6748,1456.8335,2069.1789,1456.2407,988580230#1,22.829680762988673,50.00000000000038,0,0.033800024539232254,4.2,5.073,278.3,3.77,True,0,,False,2085.54,1450.37,-37.91009883436701,145.13607548378732,25.694692687211926,22.829680762988673,short=0.000 small=1.000 angle_diff=0.531 mode=entering_pending,,
2026-09-10T11:25:27.449,1789003528,fuzzy,True,-37.91004535,145.1356636,2049.2101655321894,1455.5807542772964,2047.735855741266,1454.9194626701274,2049.2111,1455.5808,2054.21,1455.3,988580230#2,23.625441363645617,50.0000000000001,0,0.030099996365606785,2.654,3.306,256.3,3.81,True,0,,False,2071.21,1452.25,-37.910079317569696,145.13591297972073,22.250542480281148,23.625441363645617,short=0.000 small=1.000 angle_diff=20.994 mode=confirmed,,
2026-09-10T11:25:31.493,1789003532,fuzzy,True,-37.91015503,145.1356393,2047.3172200298868,1443.3673962187022,2041.8625328729966,1447.5600294230176,2047.3185,1443.3669,2050.2009,1449.6742,988580230#2,29.719852805549205,10.0,0,0.03620004281401634,3.081,2.657,193.8,4.02,True,0,,False,2071.21,1452.25,-37.910079317569696,145.13591297972073,25.490499889876027,29.719852805549205,short=0.000 small=0.000 angle_diff=83.494 mode=entering_pending,,
2026-09-10T11:25:35.557,1789003536,fuzzy,True,-37.91016459,145.1354744,2032.8411151633481,1442.016611861065,2032.2861333561752,1442.656150516566,2032.8448,1442.0163,2041.6014,1439.825,988580235,24.596490401892698,50.00000000000002,0,0.03260001540184021,4.124,3.105,276.2,4.24,True,0,,False,2053.39,1455.29,-37.91004872222901,145.1357110583908,24.463023131182982,24.596490401892698,short=0.000 small=1.000 angle_diff=6.899 mode=confirmed,,
2026-09-10T11:25:37.600,1789003538,fuzzy,True,-37.91015138,145.1353653,2023.220175952476,1443.290603053756,2025.1912918080534,1441.918451487414,2023.2166,1443.2904,2032.711,1441.0434,988580235,31.208419590216227,50.0,0,0.04069996066391468,4.718,4.124,278.5,4.4,True,0,,False,2053.39,1455.29,-37.91004872222901,145.1357110583908,32.46850489523776,31.208419590216227,short=0.000 small=1.000 angle_diff=9.199 mode=confirmed,,
2026-09-10T11:25:39.643,1789003540,fuzzy,True,-37.91013685,145.1352477,2012.8490181684028,1444.6961079128087,2016.4629543962094,1442.2541507011763,2012.8512,1444.6958,2023.0955,1442.3121,988580235,39.16044003795237,50.0,0,0.038800062611699104,5.17,4.718,278.6,4.56,True,0,,False,2053.39,1455.29,-37.91004872222901,145.1357110583908,41.90228821227948,39.16044003795237,short=0.000 small=1.000 angle_diff=9.299 mode=confirmed,,
2026-09-10T11:25:41.683,1789003542,fuzzy,True,-37.91012351,145.135127,2002.2079585826723,1445.964099231176,2006.432401276049,1443.3069148289978,2002.2105,1445.9637,2012.7152,1443.5971,988580235,48.46246390904086,50.0,0,0.040199956856667995,5.242,5.17,275.9,4.66,True,0,,False,2053.39,1455.29,-37.91004872222901,145.1357110583908,52.02474208292614,48.46246390904086,short=0.000 small=1.000 angle_diff=6.599 mode=confirmed,,
2026-09-10T11:25:43.713,1789003544,fuzzy,True,-37.91011997,145.1350106,1991.966689867957,1446.1521839704365,1995.7705707657292,1444.3136707686942,1991.9665,1446.1523,2002.1077,1444.7667,988580235,58.65559162328127,50.0,0,12.809900101274252,5.135,5.242,272.3,4.8,True,0,,False,2053.39,1455.29,-37.91004872222901,145.1357110583908,62.0992971728929,58.65559162328127,short=0.000 small=1.000 angle_diff=2.999 mode=entering_pending,,
2026-09-10T11:25:45.745,1789003546,fuzzy,True,-37.91012343,145.1348994,1982.1981239704182,1445.5726483929902,1984.8293806767092,1444.9072292215974,1982.1949,1445.5723,1992.0854,1445.0477,403774582#1,0.6368466371865945,97.58552186182021,0,13.114199973642826,4.922,5.135,266.6,4.6,True,0,,False,1984.89753219415,1444.2740396686463,-37.910135614721895,145.13492979673785,2.9955282300944703,0.6368466371865945,short=0.952 small=1.000 angle_diff=2.743 mode=confirmed,,
2026-09-10T11:25:47.779,1789003548,fuzzy,True,-37.91014902,145.1348017,1973.6655585821136,1442.5611954675987,1974.6414401286856,1443.8751462102439,1973.6653,1442.5608,1982.4424,1443.9634,403774582#1,10.226185767866667,50.00021392640548,0,0.05110003985464573,4.568,4.922,253.2,4.51,True,0,,False,1984.86,1444.27,-37.91013564434767,145.1349293690794,11.324112838913408,10.226185767866667,short=0.000 small=1.000 angle_diff=10.657 mode=entering_pending,,
2026-09-10T11:25:49.813,1789003550,fuzzy,True,-37.91017878,145.1346982,1964.6323463944136,1439.0768063087016,1964.8661346890408,1441.49951831769,1964.6293,1439.0764,1974.0156,1441.4638,403774582#0,14.878386739835602,50.00000012519469,0,0.039199949242174625,4.807,0,249.7,4.49,True,0,,False,1979.64,1443.26,-37.91014380184491,145.13486978813123,15.579755331974612,14.878386739835602,short=0.000 small=1.000 angle_diff=4.355 mode=confirmed,,
2026-09-10T11:25:51.846,1789003552,fuzzy,True,-37.91021608,145.1346126,1957.1895769810653,1434.787222823128,1956.1877045211413,1437.7881580116393,1957.1908,1434.7876,1965.1877,1437.8634,403774582#0,24.08217635458405,50.00000000000005,0,0.03250001464039087,4.246,4.807,241.6,4.34,True,0,,False,1979.64,1443.26,-37.91014380184491,145.13486978813123,23.996029813659536,24.08217635458405,short=0.000 small=1.000 angle_diff=12.455 mode=entering_pending,,
2026-09-10T11:25:55.927,1789003556,fuzzy,True,-37.91028904,145.1345033,1947.7424008278176,1426.4989255405962,1944.0769083906484,1429.2960632176068,1947.7404,1426.499,1952.3822,1430.5945,1004615767#2,21.938781499701022,50.00000000000155,0,0.0350000336766243,3.062,3.297,229.3,4.18,True,0,,False,1964.42,1437.51,-37.910192855905656,145.13469542915735,19.984645978813692,21.938781499701022,short=0.000 small=1.000 angle_diff=15.983 mode=confirmed,,
2026-09-10T11:26:00.003,1789003560,fuzzy,True,-37.91031932,145.1343561,1934.8684565036092,1422.8799142986536,1933.0010607976858,1422.9214450658897,1934.8674,1422.8796,1943.0778,1422.7677,1004615767#2,34.64066505805389,50.0,0,0.04610000178217888,3.731,3.049,268,4.06,True,0,,False,1964.42,1437.51,-37.910192855905656,145.13469542915735,32.97473473203116,34.64066505805389,short=0.000 small=1.000 angle_diff=22.717 mode=confirmed,,
2026-09-10T11:26:04.091,1789003564,fuzzy,True,-37.91029096,145.1341861,1919.8598042633384,1425.7277454519644,1919.926921083815,1422.7460751989015,1919.8625,1425.7273,1928.2474,1423.4575,1004615767#2,46.878647025851436,46.982559088916844,0,0.0447999918833375,4.117,3.499,273.3,4.04,True,0,,False,1964.42,1437.51,-37.910192855905656,145.13469542915735,46.09156719318949,46.878647025851436,short=0.000 small=0.925 angle_diff=28.017 mode=confirmed,,
2026-09-10T11:26:06.130,1789003566,fuzzy,True,-37.91029255,145.1340807,1910.5970207994105,1425.36583421845,1911.890416857361,1423.4585335381032,1910.5928,1425.366,1919.8054,1423.6953,,,,0,0.03750005271285772,4.62,4.117,270.2,4.03,False,,,False,,,,,,,,,no_match
2026-09-10T11:26:08.161,1789003568,fuzzy,True,-37.91028798,145.1339731,1901.1271398778772,1425.6835847431794,1903.004852537167,1424.1469113722683,1901.1297,1425.6836,1910.5531,1423.9556,,,,0,0.037800054997205734,4.595,4.62,272.5,3.96,False,,,False,,,,,,,,,no_match
2026-09-10T11:26:10.208,1789003570,fuzzy,True,-37.91028658,145.1338689,1891.9632129751844,1425.6555494777858,1893.7247740744415,1424.689802202378,1891.9629,1425.656,1901.0886,1424.2219,1004615767#2,71.84825982747199,48.282559088916855,0,12.421999941579998,4.65,4.595,272,3.95,True,0,,False,1964.42,1437.51,-37.910192855905656,145.13469542915735,73.42011974345394,71.84825982747199,short=0.000 small=0.957 angle_diff=26.717 mode=entering_pending,,
2026-09-10T11:26:12.251,1789003572,fuzzy,True,-37.91028424,145.1337679,1883.078527630074,1425.7374432990327,1884.3450086699015,1425.1652652784937,1883.0827,1425.738,1891.9298,1424.4796,1004615766#2,0.47208197149945474,98.12405359528411,0,12.116699945181608,4.412,4.65,273,3.9,True,0,,False,1884.3317312172376,1424.693370060182,-37.91029387127766,145.13378191123206,1.6311370754673766,0.47208197149945474,short=0.962 small=1.000 angle_diff=1.388 mode=confirmed,,
2026-09-10T11:26:14.287,1789003574,fuzzy,True,-37.91028219,145.1336652,1874.0450291526504,1425.7841553520411,1874.9396528117659,1425.518042518079,1874.0421,1425.7839,1883.0543,1424.7293,1004615766#2,0.5601910877254552,97.85224363502877,0,0.03190001007169485,4.536,4.412,272.2,3.93,True,0,,False,1874.9238972627318,1424.9580730390521,-37.91028979006054,145.13367500465668,1.2061596671880896,0.5601910877254552,short=0.957 small=1.000 angle_diff=0.588 mode=confirmed,,
2026-09-10T11:26:16.330,1789003577,fuzzy,True,-37.91028032,145.1334938,1858.9721197680337,1425.689950128086,1860.152398425536,1425.732682862944,1858.9743,1425.6895,1874.0197,1424.9834,1004615766#2,14.367858437811554,50.00000028335919,0,0.02850010059773922,4.742,4.536,270.5,3.98,True,0,,False,1874.5,1424.97,-37.91028960616718,145.13367018767102,15.544561514729825,14.367858437811554,short=0.000 small=1.000 angle_diff=1.112 mode=entering_pending,,
2026-09-10T11:26:18.367,1789003579,fuzzy,True,-37.9102729,145.1333899,1849.8211888439837,1426.3304048506543,1850.3137017692875,1426.1200965376092,1849.8222,1426.33,1858.9663,1425.411,1004615766#3,0.4231688856466559,98.26035573248058,0,0.02659996971487999,4.621,4.742,274.5,3.99,True,0,,False,1850.2986794106375,1425.6971943804617,-37.91027869024486,145.13339518488732,0.7930654076461254,0.4231688856466559,short=0.965 small=1.000 angle_diff=2.466 mode=confirmed,,
2026-09-10T11:26:20.400,1789003581,fuzzy,True,-37.91026512,145.1332774,1839.9133805893362,1426.9956560796127,1840.3785659435875,1426.6718593286985,1839.9161,1426.9959,1849.8003,1425.7149,1004615766#3,6.238497745699025,50.12592169943342,0,0.03029999788850546,4.856,4.621,274.6,3.99,True,0,,False,1846.56,1425.83,-37.910276819498904,145.13335270645177,6.748059253307636,6.238497745699025,short=0.003 small=1.000 angle_diff=2.566 mode=entering_pending,,
2026-09-10T11:26:22.416,1789003583,fuzzy,True,-37.91025857,145.1331788,1831.230332446983,1427.5488815456629,1830.9917287028986,1427.2768158379054,1831.226,1427.5491,1839.9306,1425.8909,1004615766#4,12.73860958823368,50.00000384109755,0,0.02489995677024126,4.396,4.856,273.8,3.92,True,0,,False,1843.66,1425.94,-37.91027530546595,145.13331975858554,12.533360894289208,12.73860958823368,short=0.000 small=1.000 angle_diff=0.938 mode=confirmed,,
2026-09-10T11:26:24.436,1789003585,fuzzy,True,-37.91032691,145.1330921,1823.7599115513149,1419.812885322608,1821.9159012749342,1426.0957739689154,1823.7628,1419.8126,1831.3101,1425.6096,1004615766#4,21.74465669756145,50.000000000002125,0,0.02850010059773922,4.05,4.396,269,7.65,True,0,,False,1843.66,1425.94,-37.91027530546595,145.13331975858554,20.821984884621518,21.74465669756145,short=0.000 small=1.000 angle_diff=3.862 mode=entering_pending,,
2026-09-10T11:26:26.458,1789003587,fuzzy,True,-37.91032602,145.1330021,1815.8455229230458,1419.7531748525798,1813.5324071529685,1424.097032269899,1815.844,1419.7534,1823.5261,1425.272,10801654#0,2.7055659254064426,70.92534801917178,0,0.028999987989664078,3.813,4.05,271,7.19,True,0,,False,1816.1,1424.95,-37.91027925166038,145.13300617682958,5.203052007769501,2.7055659254064426,short=0.419 small=1.000 angle_diff=3.483 mode=confirmed,,
2026-09-10T11:26:28.481,1789003589,fuzzy,True,-37.91032237,145.1329109,1807.8195009256015,1419.9976069377735,1805.9631436998914,1421.8795906670116,1807.8214,1419.998,1815.4969,1424.9094,10801654#0,10.591660357146697,50.0001192085652,0,0.03490003291517496,3.97,3.813,273,5.87,True,0,,False,1816.1,1424.95,-37.91027925166038,145.13300617682958,9.648464228254305,10.591660357146697,short=0.000 small=1.000 angle_diff=5.483 mode=entering_pending,,
2026-09-10T11:26:30.518,1789003591,fuzzy,True,-37.91031796,145.1328044,1798.4466787821148,1420.2994213765487,1797.802244918432,1420.5646777759903,1798.4446,1420.2996,1807.4131,1424.2617,10801654#1,2.763842877412859,69.80013612957922,0,0.030099996365606785,4.589,3.97,273,5.87,True,0,,False,1797.538737910362,1423.3159304920678,-37.910290622733434,145.1327947637407,3.1501879103648314,2.763842877412859,short=0.396 small=1.000 angle_diff=8.471 mode=confirmed,,
2026-09-10T11:26:32.550,1789003593,fuzzy,True,-37.91031274,145.1326927,1788.6148932913784,1420.6819490129128,1788.8089211274487,1420.3046075820716,1788.618,1420.6824,1798.1501,1423.3745,10801654#1,2.165297630540321,81.53852622365311,0,0.012299977242946625,4.88,4.589,273.9,3.29,True,0,,False,1788.6024799057468,1422.4600416104765,-37.91029672027648,145.1326929638389,1.7781359277776718,2.165297630540321,short=0.631 small=1.000 angle_diff=9.371 mode=following,,
2026-09-10T11:26:34.588,1789003595,fuzzy,True,-37.91030667,145.1325801,1778.7020926092518,1421.157200012356,1779.3095871428404,1420.4155371180616,1778.6987,1421.1573,1788.4492,1422.4454,10801654#1,2.1087183509560377,82.57967089955241,0,0.018200022168457508,4.866,4.88,273.9,3.16,True,0,,False,1779.3370990250942,1422.5240759913086,-37.91029447144891,145.13258763134084,1.5071771926347381,2.1087183509560377,short=0.652 small=1.000 angle_diff=3.152 mode=following,,
2026-09-10T11:26:36.620,1789003597,fuzzy,True,-37.91030119,145.1324783,1769.7400914524915,1421.585991899483,1770.0281527574068,1420.8028502239383,1769.7365,1421.5864,1778.7167,1422.5322,10801654#1,1.8425305930479046,87.05746892571943,0,0.025999965146183968,4.453,4.866,273.9,3.05,True,0,,False,1770.0521917594394,1422.6452239951093,-37.91029170451012,145.13248208984848,1.1042550584000415,1.8425305930479046,short=0.741 small=1.000 angle_diff=3.152 mode=following,,
2026-09-10T11:26:38.644,1789003599,fuzzy,True,-37.91028273,145.13239,1761.9360941640916,1423.4788780817762,1761.5149928939477,1422.1930842452011,1761.9333,1423.4792,1769.7504,1422.6492,10801654#1,0.5634838091335106,97.8413884241119,0,0.015600002370774746,4.006,4.453,274.8,2.95,True,0,,False,1761.522344515942,1422.7565200949743,-37.91028916249888,145.1323851311299,0.8324601086180474,0.5634838091335106,short=0.957 small=1.000 angle_diff=4.052 mode=following,,
2026-09-10T11:26:40.682,1789003601,fuzzy,True,-37.91028223,145.132283,1752.527998843114,1423.3458864931017,1752.5885624725022,1423.0074254588899,1752.5316,1423.3465,1761.9238,1422.7513,10801654#1,2.83610101257704,68.43542199656999,0,0.03630004357546568,4.609,4.006,274.8,2.85,True,0,,False,1755.42,1423.17,-37.910284336400366,145.13231584188003,2.8973447758053585,2.83610101257704,short=0.369 small=1.000 angle_diff=2.808 mode=entering_pending,,
2026-09-10T11:26:42.726,1789003603,fuzzy,True,-37.91026508,145.1321714,1742.678470576473,1425.0523474486545,1743.1229819970083,1424.4047406900747,1742.6807,1425.0529,1752.5581,1423.5475,10801654#2,8.871792667542396,50.001868008061706,0,0.029000104404985905,4.881,4.609,276.7,2.77,True,0,,False,1751.96,1423.62,-37.91027965820215,145.1322766043199,9.391400729042742,8.871792667542396,short=0.000 small=1.000 angle_diff=0.989 mode=confirmed,,
2026-09-10T11:26:44.754,1789003605,fuzzy,True,-37.91027142,145.1320653,1733.3647059595678,1424.161918958649,1733.6440992383255,1424.637743464221,1733.364,1424.1616,1742.6575,1424.8818,10801654#2,18.344154994724523,50.00000000048902,0,0.02489995677024126,4.641,4.881,276.7,2.69,True,0,,False,1751.96,1423.62,-37.91027965820215,145.1322766043199,18.603188882766258,18.344154994724523,short=0.000 small=1.000 angle_diff=0.989 mode=entering_pending,,
2026-09-10T11:26:46.792,1789003607,fuzzy,True,-37.91026233,145.1319665,1724.6584163095104,1424.9965303782374,1724.4770850688647,1425.177270229794,1724.6619,1424.9964,1733.5961,1426.0365,10801654#3,17.013468710702,50.0000000041113,0,0.021300045773386955,4.401,4.641,276.9,4.5,True,0,,False,1741.49,1425.04,-37.910264976708014,145.13215788432396,16.831639823201225,17.013468710702,short=0.000 small=1.000 angle_diff=0.815 mode=confirmed,,
2026-09-10T11:26:48.810,1789003609,fuzzy,True,-37.91025178,145.131856,1714.9202630483196,1425.9725273801014,1715.125855645196,1425.8480459197283,1714.922,1425.9724,1724.9235,1427.11,10801654#3,26.376524520287617,50.0,0,0.0241999514400959,4.887,4.401,276.9,4.58,True,0,,False,1741.49,1425.04,-37.910264976708014,145.13215788432396,26.586096535522653,26.376524520287617,short=0.000 small=1.000 angle_diff=0.815 mode=entering_pending,,
2026-09-10T11:26:50.844,1789003611,fuzzy,True,-37.91024074,145.1317525,1705.7964276804123,1427.0152196846902,1705.8265199844238,1426.757144291323,1705.7949,1427.0147,1715.2096,1428.3078,10801654#4,36.18616729769656,50.0,0,0.021400046534836292,4.429,4.887,277.8,3.84,True,0,,False,1741.97,1425.0,-37.91026542367839,145.1321633327918,36.22966249826247,36.18616729769656,short=0.000 small=1.000 angle_diff=2.089 mode=confirmed,,
2026-09-10T11:26:54.919,1789003615,fuzzy,True,-37.91022048,145.1316119,1693.3904067741823,1429.0156248481944,1692.5102434622054,1428.8963190593347,1693.3863,1429.0157,1700.3879,1430.1183,10801654#4,49.61299042579529,50.0,0,0.02410006709396839,3.605,3.377,277.8,2.17,True,0,,False,1741.97,1425.0,-37.91026542367839,145.1321633327918,48.74527793445585,49.61299042579529,short=0.000 small=1.000 angle_diff=2.089 mode=entering_pending,,
2026-09-10T11:26:56.948,1789003617,fuzzy,True,-37.91021137,145.1314882,1682.494957019342,1429.8085339386016,1683.2964838060534,1429.8109410570562,1682.4988,1429.8085,1693.5767,1429.878,10801654#5,29.076304245015894,50.0,0,0.020900042727589607,5.103,3.605,278.4,2.13,True,0,,False,1712.35,1428.66,-37.91022710659893,145.13182738860397,29.877127063776467,29.076304245015894,short=0.000 small=1.000 angle_diff=1.379 mode=confirmed,,
2026-09-10T11:26:58.986,1789003619,fuzzy,True,-37.91017909,145.1313521,1670.457808304578,1433.1506338482723,1672.214106640271,1432.2090873430213,1670.4538,1433.1502,1682.7158,1431.437,10801654#5,40.292504969931144,50.0,0,0.02350006252527237,5.908,5.103,278.4,2.11,True,0,,False,1712.35,1428.66,-37.91022710659893,145.13182738860397,42.13219098747677,40.292504969931144,short=0.000 small=1.000 angle_diff=1.379 mode=entering_pending,,
2026-09-10T11:27:01.026,1789003621,fuzzy,True,-37.91017974,145.1312163,1658.5202788965544,1432.8391683856025,1660.1491290820607,1433.209763221291,1658.5206,1432.8397,1670.4439,1433.0766,10801654#6,40.659966085543154,50.0,0,0.021600048057734966,5.845,5.908,278.4,2.12,True,0,,False,1700.69,1430.1,-37.91021202964139,145.13169514311872,42.25858991243173,40.659966085543154,short=0.000 small=1.000 angle_diff=1.412 mode=confirmed,,
2026-09-10T11:27:03.157,1789003623,fuzzy,True,-37.91015298,145.1310802,1646.4953947245958,1435.568706852384,1647.7116542731421,1435.1397964806335,1646.4927,1435.5682,1658.7588,1434.6314,10801654#6,53.21752215690517,50.0,0,0.023300061002373695,5.916,5.845,278.4,2.2,True,0,,False,1700.69,1430.1,-37.91021202964139,145.13169514311872,54.469826469286495,53.21752215690517,short=0.000 small=1.000 angle_diff=1.412 mode=entering_pending,,
2026-09-10T11:27:05.201,1789003625,fuzzy,True,-37.91013269,145.1309458,1634.6343538322253,1437.583281177096,1635.4298838731138,1437.1599791029632,1634.632,1437.5835,1646.5833,1436.2499,-11527061#5,42.00635641405109,50.0,0,0.021799933165311813,5.763,5.916,279.2,2.65,True,0,,False,1677.14,1432.18,-37.91018904033911,145.13142785491098,42.847700097191066,42.00635641405109,short=0.000 small=1.000 angle_diff=1.610 mode=confirmed,,
2026-09-10T11:27:07.245,1789003627,fuzzy,True,-37.91011878,145.1308182,1623.3853305287776,1438.9018694674596,1623.5004459471727,1438.921660519865,1623.3841,1438.9019,1634.6653,1437.8341,-11527061#5,54.06155515291157,50.0,0,0.04499999340623617,5.749,5.763,279.6,3.11,True,0,,False,1677.14,1432.18,-37.91018904033911,145.13142785491098,54.17331464012471,54.06155515291157,short=0.000 small=1.000 angle_diff=2.010 mode=entering_pending,,
2026-09-10T11:27:09.277,1789003629,fuzzy,True,-37.91010448,145.1306902,1612.1002685953863,1440.2630135873333,1611.702131417238,1440.6275036239658,1612.1041,1440.263,1623.4405,1439.3262,-11527061#3,0.2568224674063287,98.65594658976,0,0.030800001695752144,5.623,5.749,279.6,7.51,True,0,,False,1611.7359727844955,1440.8820866980827,-37.91009883743985,145.13068619913432,0.7183056134303804,0.2568224674063287,short=0.973 small=1.000 angle_diff=2.028 mode=confirmed,,
2026-09-10T11:27:11.309,1789003631,fuzzy,True,-37.910092,145.1305729,1601.7599532720633,1441.4410512587056,1600.108274403288,1442.2517507940747,1601.7574,1441.4406,1612.1786,1440.8233,-11527061#3,6.185108883353324,50.13712019813223,0,0.0315000070258975,5.439,5.623,279.6,10.89,True,0,,False,1606.26,1441.61,-37.91009129101397,145.1306241037085,4.503217097897768,6.185108883353324,short=0.003 small=1.000 angle_diff=2.028 mode=entering_pending,,
2026-09-10T11:27:13.336,1789003633,fuzzy,True,-37.91007383,145.1304533,1591.2047645297134,1443.246411385946,1588.8357188800335,1443.8360007125584,1591.2063,1443.2461,1601.8475,1442.1616,-11527061#2,0.12129405929038663,98.91226380259786,0,0.028099981136620045,5.582,5.439,279.6,11.88,True,0,,False,1588.8217547772842,1443.7155131503225,-37.91006917369228,145.13042631234256,2.428742873486984,0.12129405929038663,short=0.978 small=1.000 angle_diff=2.989 mode=confirmed,,
2026-09-10T11:27:15.365,1789003635,fuzzy,True,-37.91004947,145.1303313,1580.4247953748563,1445.734399373643,1578.0751654208534,1445.567273482578,1580.4267,1445.734,1591.2284,1443.4366,-11527061#2,6.2746637154031095,50.11885881183632,0,0.02929999027401209,5.847,5.582,283.6,10.65,True,0,,False,1584.21,1444.25,-37.910063525701894,145.13037399895188,4.065859755904197,6.2746637154031095,short=0.002 small=1.000 angle_diff=6.989 mode=entering_pending,,
2026-09-10T11:27:17.398,1789003638,fuzzy,True,-37.91003236,145.1301295,1562.645254170522,1447.2771513462067,1561.6871747111152,1447.74683704606,1562.6457,1447.2776,1580.5343,1446.6828,-11527061#0,0.9748319682665543,95.99234560239721,0,0.028399983420968056,5.711,5.847,283,9.11,True,0,,False,1561.580873273828,1446.7778182790667,-37.910036665774086,145.13011728420003,1.175687120447731,0.9748319682665543,short=0.920 small=1.000 angle_diff=6.740 mode=confirmed,,
2026-09-10T11:27:19.433,1789003640,fuzzy,True,-37.91002054,145.1300169,1552.7195943796542,1448.390179309994,1551.4239460530855,1448.9399583254176,1552.7229,1448.3902,1562.5789,1446.6683,-11527061#0,1.0416752351719387,95.57996089977611,0,0.010499963536858559,5.076,5.711,282,8.47,True,0,,False,1551.310355631054,1447.9044948969986,-37.91002466049306,145.13000076630658,1.490584851520539,1.0416752351719387,short=0.912 small=1.000 angle_diff=5.740 mode=following,,
2026-09-10T11:27:21.461,1789003642,fuzzy,True,-37.91000917,145.1299135,1543.6037610623753,1449.4694873858243,1541.7484147562866,1450.0417722355173,1543.5995,1449.4696,1552.6535,1447.7572,-11527061#0,1.0818416172051122,95.31407099392189,0,0.03390002530068159,4.468,5.076,276.6,8.0,True,0,,False,1541.6304443546487,1448.966381948666,-37.91001334547125,145.12989094881647,2.0364414820689345,1.0818416172051122,short=0.906 small=1.000 angle_diff=0.340 mode=confirmed,,
2026-09-10T11:27:25.526,1789003646,fuzzy,True,-37.90997603,145.1297557,1529.6568219964392,1452.868540192023,1525.5555162223332,1452.8871313844477,1529.6553,1452.8683,1536.489,1449.5387,-11527061#0,12.794541476060848,50.000003512286085,0,0.02889998722821474,3.793,3.87,276.6,7.0,True,0,,False,1537.86,1449.38,-37.910008938103736,145.12984817356528,8.914148418635392,12.794541476060848,short=0.000 small=1.000 angle_diff=0.340 mode=entering_pending,,
2026-09-10T11:27:29.588,1789003650,fuzzy,True,-37.90981782,145.1297467,1528.5133522440447,1470.4084375463426,1519.7134143094474,1464.6172083031036,1528.514,1470.4085,1527.2686,1454.1526,-996576401,17.158540164121245,10.000000002607733,0,0.03130000550299883,4.824,3.607,4.6,6.49,True,0,,False,1529.32,1450.4,-37.90999820628955,145.12975130725357,20.02469109994151,17.158540164121245,short=0.000 small=0.000 angle_diff=87.495 mode=confirmed,,
2026-09-10T11:27:31.612,1789003652,fuzzy,True,-37.90971636,145.1297621,1529.6413846667856,1481.6941095339134,1521.2577287652225,1474.8029128711578,1529.639,1481.6938,1527.2689,1470.7419,-996576401,25.700240739347823,10.000000000000002,0,0.052200048230588436,5.454,4.824,7,6.24,True,0,,False,1529.32,1450.4,-37.90999820628955,145.12975130725357,31.295759770687958,25.700240739347823,short=0.000 small=0.000 angle_diff=89.895 mode=entering_pending,,
2026-09-10T11:27:33.646,1789003654,fuzzy,True,-37.90961314,145.1297765,1530.677586545702,1493.1733156163245,1522.8160824904023,1485.781130358299,1530.6814,1493.1731,1529.3209,1481.7444,45606689#0,26.37214439562078,50.0,0,0.030199997127056122,5.73,5.454,6.9,6.09,True,0,,False,1527.83,1459.89,-37.909912448944254,145.12973653093673,33.40490753693431,26.37214439562078,short=0.000 small=1.000 angle_diff=0.466 mode=confirmed,,
2026-09-10T11:27:35.684,1789003656,fuzzy,True,-37.90951571,145.1298051,1532.975099283678,1504.0350802885368,1525.496434273054,1497.4485391979874,1532.9757,1504.0355,1531.1289,1493.1019,45606689#0,37.63096325751876,50.0,0,0.028099981136620045,5.327,5.73,11.6,5.85,True,0,,False,1527.83,1459.89,-37.909912448944254,145.12973653093673,44.44389902247844,37.63096325751876,short=0.000 small=1.000 angle_diff=5.166 mode=entering_pending,,
2026-09-10T11:27:37.713,1789003658,fuzzy,True,-37.90942338,145.1298223,1534.281721253763,1514.3108152458444,1528.595909069762,1509.4002144908115,1534.286,1514.3104,1532.872,1504.052,-1164319799#0,5.063763995296085,50.81350492600332,0,0.023499946109950542,5.171,5.327,9.5,5.49,True,0,,False,1533.5967042070597,1508.6041279409712,-37.90947466332792,145.12981320976334,5.747654160601073,5.063763995296085,short=0.016 small=1.000 angle_diff=0.455 mode=confirmed,,
2026-09-10T11:27:39.726,1789003660,fuzzy,True,-37.90933138,145.1298363,1535.30774798739,1524.54428717494,1531.4615123807102,1521.1839511509186,1535.3097,1524.5441,1534.4997,1514.2764,-1164319799#0,4.086344659513499,53.66132624398327,0,0.010899966582655907,5.202,5.171,7.8,5.27,True,0,,False,1535.4970425755614,1520.5415270520718,-37.909367471977674,145.12983753921048,4.007233589689445,4.086344659513499,short=0.073 small=1.000 angle_diff=1.245 mode=following,,
2026-09-10T11:27:41.762,1789003662,fuzzy,True,-37.90923441,145.1298406,1535.4699191846885,1535.312146089971,1533.5716395823845,1532.9434572331595,1535.4685,1535.3124,1536.1138,1524.4161,-1164319799#0,5.632324022379091,50.33076973715456,0,0.03330002073198557,5.367,5.202,3.9,5.08,True,0,,False,1536.73,1528.28,-37.90929798488612,145.12985332283276,7.14415021481295,5.632324022379091,short=0.007 small=1.000 angle_diff=5.218 mode=confirmed,,
2026-09-10T11:27:43.793,1789003664,fuzzy,True,-37.90914347,145.1298619,1537.1401066639228,1545.4408699963242,1535.7135230939562,1544.2379147167862,1537.1402,1545.4408,1537.7453,1534.9667,-1164319799#0,15.990255389103206,50.000000021133935,0,0.038800062611699104,5.188,5.367,9.5,5.0,True,0,,False,1536.73,1528.28,-37.90929798488612,145.12985332283276,17.16576961591103,15.990255389103206,short=0.000 small=1.000 angle_diff=0.382 mode=entering_pending,,
2026-09-10T11:27:45.820,1789003666,fuzzy,True,-37.90904034,145.1298882,1539.2227491763188,1556.9310750598088,1538.034849790836,1555.7998592931456,1539.2231,1556.9306,1539.232,1545.139,-45897352#1,2.7071339800397927,70.89482627345026,0,0.03559992182999849,5.71,5.188,10.4,4.85,True,0,,False,1540.7142454581033,1555.4133191993449,-37.909054281825796,145.12990481176556,2.1279436107542016,2.7071339800397927,short=0.418 small=1.000 angle_diff=2.191 mode=confirmed,,
2026-09-10T11:27:47.835,1789003668,fuzzy,True,-37.90893797,145.129912,1541.0872970643686,1568.3325365558267,1540.2961772826789,1567.432833749716,1541.0889,1568.3325,1540.8983,1556.6889,-45897352#1,2.0837647257684235,83.03008159594754,0,0.011900090612471104,5.786,5.71,10.6,4.81,True,0,,False,1542.360026404528,1567.1454277048963,-37.90894889374495,145.12992619984,1.7404216147991143,2.0837647257684235,short=0.661 small=1.000 angle_diff=2.672 mode=following,,
2026-09-10T11:27:49.855,1789003670,fuzzy,True,-37.90884629,145.1299231,1541.8590956110274,1578.5253828028217,1541.9699795023078,1578.5181576564446,1541.8616,1578.5254,1542.498,1568.1363,-45897352#1,1.9549180578933314,85.25944717708788,0,0.02429995220154524,5.136,5.786,7.5,4.68,True,0,,False,1543.9062134097046,1578.2485229611175,-37.90884915395353,145.1299463120241,2.065754741882326,1.9549180578933314,short=0.705 small=1.000 angle_diff=0.428 mode=following,,
2026-09-10T11:27:51.880,1789003672,fuzzy,True,-37.90876276,145.1299364,1542.8424578111153,1587.8177443156019,1543.3100807398437,1588.7733941725048,1542.8437,1587.8174,1543.9051,1578.2408,-45897352#1,2.1089398563124644,82.57564780176929,0,0.04689989145845175,4.52,5.136,7.3,4.71,True,0,,False,1545.26,1587.97,-37.90876182531873,145.12996392149114,2.422331940190874,2.1089398563124644,short=0.652 small=1.000 angle_diff=0.628 mode=confirmed,,
2026-09-10T11:27:55.946,1789003676,fuzzy,True,-37.90867731,145.1300151,1549.571365167969,1597.438500130549,1548.4118356947786,1602.4336799435227,1549.5675,1597.438,1544.0664,1592.6264,-45897352#1,14.80311135388577,31.327870520224586,0,0.0510999234393239,3.008,3.243,51.6,4.6,True,0,,False,1545.26,1587.97,-37.90876182531873,145.12996392149114,10.403862952470247,14.80311135388577,short=0.000 small=0.533 angle_diff=43.672 mode=entering_pending,,
2026-09-10T11:27:57.990,1789003678,fuzzy,True,-37.90869326,145.1301198,1558.8118474526564,1595.8532532509416,1554.7245214091874,1603.3794590574682,1558.8107,1595.8537,1549.828,1597.8559,-45897352#1,18.083931927231887,10.000000000593246,0,0.04509999416768551,4.163,3.008,98.4,4.71,True,0,,False,1545.26,1587.97,-37.90876182531873,145.12996392149114,15.67795430528328,18.083931927231887,short=0.000 small=0.000 angle_diff=90.472 mode=entering_pending,,
2026-09-10T11:28:00.032,1789003680,fuzzy,True,-37.90871239,145.1302356,1569.0352890252252,1593.9347012527287,1563.2369939266146,1602.3312202738898,1569.0381,1593.9348,1558.9629,1596.4314,-1272942442#0,18.26491797497333,50.00000000055511,0,0.05279993638396263,5.055,4.163,100.5,4.7,True,0,,False,1578.54,1592.36,-37.908728292547345,145.13034330671402,9.634272922714473,18.26491797497333,short=0.000 small=1.000 angle_diff=2.007 mode=confirmed,,
2026-09-10T11:28:02.047,1789003682,fuzzy,True,-37.90871767,145.1303605,1580.0279519518372,1593.569047360681,1573.6836622881467,1600.4968820233019,1580.029,1593.5696,1568.9791,1593.3853,-1272942442#0,9.475909720586333,50.00071056739517,0,0.037100049667060375,5.437,5.055,95.7,4.62,True,0,,False,1578.54,1592.36,-37.908728292547345,145.13034330671402,1.9172366915292622,9.475909720586333,short=0.000 small=1.000 angle_diff=2.793 mode=confirmed,,
2026-09-10T11:28:04.088,1789003684,fuzzy,True,-37.9087381,145.1304818,1590.737824139651,1591.5159121314064,1585.257727100883,1597.4645194425261,1590.7412,1591.5165,1579.8198,1592.1689,-1272942442#0,7.060708547109769,50.033850960040056,0,0.03370002377778292,5.376,5.437,100.8,4.47,True,0,,False,1580.75,1592.03,-37.90873166454397,145.13036835852716,10.001045814375043,7.060708547109769,short=0.001 small=1.000 angle_diff=2.307 mode=entering_pending,,
2026-09-10T11:28:06.123,1789003686,fuzzy,True,-37.90875732,145.1305977,1600.9702428269084,1589.5875101927668,1596.9267707011725,1594.1620986553526,1600.9666,1589.5871,1590.5955,1590.5506,-250248456,4.515113386775162,51.91329027121658,0,0.02789997961372137,5.182,5.376,97.3,4.47,True,0,,False,1596.2535476447945,1589.697457615829,-37.90875547750009,145.13054409757657,4.717976459968228,4.515113386775162,short=0.038 small=1.000 angle_diff=1.275 mode=confirmed,,
2026-09-10T11:28:08.160,1789003688,fuzzy,True,-37.90878225,145.1307029,1610.2746436763555,1587.0066220900044,1608.0334840712558,1590.5861700154312,1610.277,1587.0063,1600.8781,1589.0001,-250248456,2.635217687203091,72.30614557892869,0,0.012999982573091984,4.838,5.182,96.9,4.52,True,0,,False,1607.640561645255,1587.9804101980087,-37.90877300207577,145.13067317323663,2.8083182557995157,2.635217687203091,short=0.446 small=1.000 angle_diff=1.675 mode=following,,
2026-09-10T11:28:10.201,1789003690,fuzzy,True,-37.90878946,145.130811,1619.7945721894503,1586.3971350323409,1618.7227417229806,1587.877422934111,1619.7921,1586.3973,1610.362,1587.57,-250248456,1.5505652635033171,91.02026306515788,0,0.012699980288743973,4.826,4.838,97,4.55,True,0,,False,1618.4915456939136,1586.3441907166937,-37.90878970157282,145.130796172878,1.30410166345644,1.5505652635033171,short=0.820 small=1.000 angle_diff=1.575 mode=following,,
2026-09-10T11:28:12.236,1789003692,fuzzy,True,-37.90880253,145.1309304,1630.321004306723,1585.1573013653979,1629.4873952799555,1585.6386345426754,1630.3219,1585.1571,1619.7553,1586.1536,-250248456,0.8817573748844275,96.50812504191168,0,0.013499986380338669,5.346,4.826,97.5,4.59,True,0,,False,1629.365776916175,1584.7653046841715,-37.908805888668454,145.1309194499642,1.0325312420190336,0.8817573748844275,short=0.930 small=1.000 angle_diff=0.428 mode=following,,
2026-09-10T11:28:14.269,1789003694,fuzzy,True,-37.90881505,145.1310565,1641.4352561983978,1583.990294626914,1640.5150152845617,1583.822392577746,1641.4374,1583.9901,1630.2502,1584.6421,-250248456,0.6106857470311492,97.67990700792055,0,0.013599987141788006,5.506,5.346,96.6,4.71,True,0,,False,1640.4287984799644,1583.2178235211181,-37.90882182683017,145.13104488076382,1.2687272158678287,0.6106857470311492,short=0.954 small=1.000 angle_diff=1.516 mode=following,,
2026-09-10T11:28:16.309,1789003696,fuzzy,True,-37.90883121,145.1311628,1650.81683539995,1582.3844626629725,1650.9264474220593,1582.128734704898,1650.8185,1582.385,1641.3093,1583.0923,-250248456,0.4038809658900443,98.31143700396152,0,0.013399985618889332,4.911,5.506,99.7,4.68,True,0,,False,1650.8694273810872,1581.7288990517407,-37.90883712496789,145.13116324853112,0.6576697992543814,0.4038809658900443,short=0.966 small=1.000 angle_diff=1.584 mode=following,,
2026-09-10T11:28:18.342,1789003699,fuzzy,True,-37.90884864,145.1313298,1665.537825053325,1580.7446720600128,1666.0374194724668,1580.1181171178878,1665.542,1580.7444,1650.7278,1581.7491,-250248456,0.5467736846938577,97.89594035304002,0,0.013199984095990658,4.941,4.911,97.2,4.57,True,0,,False,1665.960225792802,1579.5768199738961,-37.90885923656094,145.13133433641545,1.2418940694591807,0.5467736846938577,short=0.958 small=1.000 angle_diff=0.916 mode=following,,
2026-09-10T11:28:20.378,1789003701,fuzzy,True,-37.90885718,145.1314319,1674.5331923862686,1579.9769641989842,1675.4386291815033,1579.2325978742595,1674.5305,1579.9773,1665.3871,1579.6586,-250248456,0.9973896161358633,95.8572618627524,0,0.013699987903237343,4.492,4.941,97.3,4.55,True,0,,False,1675.2978174038258,1578.2451982137152,-37.90887291822042,145.13144019891527,1.8930570105543667,0.9973896161358633,short=0.917 small=1.000 angle_diff=0.816 mode=following,,
2026-09-10T11:28:22.421,1789003703,fuzzy,True,-37.90886527,145.1315313,1683.2901795866783,1579.2544228751212,1684.378560925674,1578.5419990709365,1683.2879,1579.2543,1674.3037,1578.387,-250248456,0.9047955379484225,96.38648492243351,0,0.014199991710484028,4.373,4.492,99.1,4.31,True,0,,False,1684.3576268806528,1577.6374457384843,-37.9088800288454,145.13154306810813,1.9375393636827303,0.9047955379484225,short=0.928 small=1.000 angle_diff=7.774 mode=following,,
2026-09-10T11:28:24.467,1789003705,fuzzy,True,-37.90888369,145.1316283,1691.8591370338108,1577.381375300698,1692.952702138463,1577.3639457074646,1691.8585,1577.3814,1683.2511,1577.6631,-250248456,0.07456454994155003,98.98904049024668,0,0.016900012269616127,4.344,4.373,99.1,4.08,True,0,,False,1692.9544273212034,1577.4384902971576,-37.9088833732462,145.13164076618546,1.0967784354540744,0.07456454994155003,short=0.980 small=1.000 angle_diff=7.774 mode=following,,
2026-09-10T11:28:26.488,1789003707,fuzzy,True,-37.90889524,145.1317197,1699.9204744939925,1576.26078091003,1701.0768297666357,1576.2185418862757,1699.9223,1576.2614,1691.8604,1577.4638,-250248456,1.0316956957215644,95.64387644180988,0,0.05640008021146059,4.101,4.344,99.1,3.88,True,0,,False,1701.100699871247,1577.2499614064886,-37.9088865423041,145.1317333442635,1.539938309053116,1.0316956957215644,short=0.913 small=1.000 angle_diff=7.774 mode=confirmed,,
2026-09-10T11:28:30.567,1789003711,fuzzy,True,-37.90891637,145.1318871,1714.6848334242823,1574.2110372399911,1716.0127778339527,1574.1051698038568,1714.6809,1574.2115,1706.8797,1575.3214,-250248456,11.021702825009541,50.000059907867794,0,0.07139996159821749,3.834,3.61,99.1,3.53,True,0,,False,1705.42,1577.15,-37.90888822256609,145.131782430829,9.719806607356748,11.021702825009541,short=0.000 small=1.000 angle_diff=7.774 mode=entering_pending,,
2026-09-10T11:28:34.643,1789003715,fuzzy,True,-37.9089313,145.1320054,1725.118655978411,1572.7627500034869,1727.0125419388792,1572.5298031701366,1725.1155,1572.7622,1719.4069,1574.6783,-1272942443#3,5.2004647336898016,50.65578451387054,0,0.053699943237006664,2.925,2.52,99.1,3.25,True,0,,False,1724.03,1576.79,-37.90889482505885,145.13199393979434,4.171799896177273,5.2004647336898016,short=0.013 small=1.000 angle_diff=10.472 mode=confirmed,,
