wall_time,phone_timestamp,method,kalman,lat,lon,raw_x,raw_y,filt_x,filt_y,match_x,match_y,actual_x,actual_y,edge_id,raw_dist,score,correction_m,match_ms,phone_speed_mps,sumo_speed_mps,phone_course_deg,accuracy_m,matched,lane_index,lane_pos,is_internal_edge,matched_x,matched_y,matched_lat,matched_lon,match_error_raw_m,match_error_filt_m,components,window_len,unmatched_reason
2026-09-10T11:08:54.620,1789002535,native,True,-37.90890681,145.1320219,1726.5148374992423,1575.5093499543145,1726.5148374992423,1575.5093499543145,1726.5176,1575.5092,1722.1289,1574.7433,:3157090491_0,,,0,16.057100030593574,2.245,1.256,,4.68,True,0,6.007604907059431,True,1726.424013593663,1575.6146494813113,-37.90890584504219,145.13202089134538,0.13905744212527382,0.13905744212527382,,,
2026-09-10T11:09:00.734,1789002541,native,True,-37.9086944,145.1320598,1729.3746126800543,1599.146181775257,1729.3746126800543,1599.146181775257,1729.3731,1599.1461,1727.8004,1588.6762,-1272942443#2,,,0,7.666100049391389,4.621,4.227,,4.74,True,0,18.184016708503805,False,1729.0380729321464,1599.1790633547425,-37.90869404304761,145.13205598112933,0.3381422780300518,0.3381422780300518,,,
2026-09-10T11:09:04.800,1789002545,native,True,-37.90850578,145.1320856,1731.2234988441924,1620.121839493513,1731.2234988441924,1620.121839493513,1731.2259,1620.1223,1730.3157,1609.7871,-1272942443#1,,,0,6.8441000184975564,5.022,4.889,,4.75,True,0,14.85754086803666,False,1731.5757425907536,1620.077400257039,-37.9085062438999,145.1320895947777,0.3550359175209195,0.3550359175209195,,,
2026-09-10T11:09:08.865,1789002549,native,True,-37.90831408,145.1321039,1732.406164638931,1641.4260556353256,1732.406164638931,1641.4260556353256,1732.4034,1641.4255,1732.8163,1630.209,-1272942443#1,,,0,6.453299953136593,5.11,5.241,,7.35,True,0,36.14570286034045,False,1734.1630442936257,1641.2077507252372,-37.90831636365714,145.13212382539078,1.7703906785930488,1.7703906785930488,,,
2026-09-10T11:09:12.948,1789002553,native,True,-37.90809307,145.1321135,1732.7587834526785,1665.967326803133,1732.7587834526785,1665.967326803133,1732.7623,1665.9673,1735.6301,1653.1892,-1272942443#1,,,0,5.102600029204041,5.402,5.362,,7.71,True,0,61.44748623303505,False,1735.299416576836,1666.329162541256,-37.90809026907186,145.13214246847704,2.566270011699706,2.566270011699706,,,
2026-09-10T11:09:16.985,1789002557,native,True,-37.90790482,145.1321639,1736.771325328271,1686.9452586760744,1736.771325328271,1686.9452586760744,1736.7688,1686.9451,1735.7258,1677.8319,-1272942443#1,,,0,5.4864000412635505,5.045,5.78,,6.49,True,0,82.24228434311668,False,1737.1677469852127,1686.8747638426894,-37.90790552658528,145.13216839109538,0.40264084694238095,0.40264084694238095,,,
2026-09-10T11:09:21.077,1789002561,native,True,-37.9077477,145.1322051,1740.0442491235444,1704.4526432398707,1740.0442491235444,1704.4526432398707,1740.0436,1704.4531,1738.5441,1695.5062,-1272942443#1,,,0,5.253100011032075,4.686,4.75,,5.44,True,0,100.04507307654511,False,1739.9711386124156,1704.455443069375,-37.90774766158294,145.13220426940248,0.07316410241891727,0.07316410241891727,,,
2026-09-10T11:09:27.190,1789002567,native,True,-37.90757032,145.1322276,1741.6280625027139,1724.1752349557355,1741.6280625027139,1724.1752349557355,1741.6243,1724.1751,1744.0294,1718.4149,:cluster_11820724987_9351956751_1,,,0,4.71740000648424,2.786,3.22,,4.48,True,0,7.92585594824411,True,1741.5987859430347,1724.270437824799,-37.90756945710564,145.1322272888255,0.09960272699367469,0.09960272699367469,,,
2026-09-10T11:09:31.273,1789002571,native,True,-37.90752425,145.1319933,1720.9262104933732,1728.8746434850618,1720.9262104933732,1728.8746434850618,1720.928,1728.8746,1731.8829,1727.2104,:cluster_579289_605155831_9106614572_9106614573_#2more_0,,,0,5.360800016205758,5.294,4.324,,4.02,True,0,7.024553306331604,True,1720.8802766308145,1728.472345154047,-37.9075278657085,145.1319926861005,0.40491217179399713,0.40491217179399713,,,
2026-09-10T11:09:35.352,1789002576,native,True,-37.90749283,145.131628,1688.7395129092038,1731.7175418939441,1688.7395129092038,1731.7175418939441,1688.7382,1731.7179,1708.069,1729.9267,1209653410,,,0,4.953600000590086,6.548,6.348,,4.15,True,0,17.512432656257527,False,1688.808582145275,1732.2781325729245,-37.90748779253563,145.1316289130248,0.5648295926482034,0.5648295926482034,,,
2026-09-10T11:09:39.431,1789002580,native,True,-37.90744598,145.1313347,1662.8486413902137,1736.3993946071714,1662.8486413902137,1736.3993946071714,1662.848,1736.3999,1675.8205,1733.8758,1209653410,,,0,4.7898999764584005,6.535,6.572,,4.43,True,0,43.78106313270958,False,1662.7364737326593,1735.4853291726354,-37.90745419386356,145.1313332163896,0.9209219304668622,0.9209219304668622,,,
2026-09-10T11:09:43.522,1789002584,native,True,-37.90743482,145.1310711,1639.6483322769636,1737.1731773009524,1639.6483322769636,1737.1731773009524,1639.6456,1737.1734,1650.2339,1737.0233,1209653410,,,0,5.058799986727536,5.543,6.378,,4.48,True,0,66.90213438060312,False,1639.7883768864506,1738.3082331361438,-37.9074246204414,145.13107295095764,1.1436626432862602,1.1436626432862602,,,
2026-09-10T11:09:47.602,1789002588,native,True,-37.90738725,145.1308054,1616.1823755856603,1741.983425945975,1616.1823755856603,1741.983425945975,1616.1809,1741.9838,1627.8614,1739.7754,:cluster_605155297_605155316_10,,,0,5.238299956545234,5.849,5.828,,4.86,True,0,12.705338797944355,True,1616.533828725657,1742.0575116297243,-37.90738664609866,145.13080941273844,0.35917683409451345,0.35917683409451345,,,
2026-09-10T11:09:51.671,1789002592,native,True,-37.90735952,145.130537,1592.5231547788717,1744.5873035062104,1592.5231547788717,1744.5873035062104,1592.5225,1744.5868,1604.1998,1742.6144,:cluster_9106614563_9109971234_1,,,0,5.141399975400418,5.765,5.867,,5.0,True,0,5.669673081004478,True,1592.530370155894,1743.573159526446,-37.907368656948364,145.13053685081147,1.0141696472277084,1.0141696472277084,,,
2026-09-10T11:09:55.730,1789002596,native,True,-37.90740172,145.1302707,1569.2041792010423,1739.4350375998765,1569.2041792010423,1739.4350375998765,1569.207,1739.4356,1582.8443,1742.6843,1147258794#2,,,0,5.051899992395192,5.918,5.425,,4.86,True,0,14.857688998339007,False,1569.4493580776489,1738.899019022112,-37.90740659287646,145.13027336533395,0.5894307399879347,0.5894307399879347,,,
2026-09-10T11:09:59.802,1789002600,native,True,-37.90758172,145.1300857,1553.3397695865715,1719.1351113393903,1553.3397695865715,1719.1351113393903,1553.3385,1719.1353,1559.2258,1731.3058,985461730,,,0,5.19009999698028,6.183,5.988,,4.9,True,0,18.585925434244114,False,1552.761380371486,1717.8147111663468,-37.907593509958176,145.13007882285837,1.441523742815388,1.441523742815388,,,
2026-09-10T11:10:03.876,1789002604,native,True,-37.90760943,145.1298189,1529.944670386496,1715.589730949141,1529.944670386496,1715.589730949141,1529.9416,1715.5894,1541.9885,1716.9977,5094886#2,,,0,4.913199984002858,6.12,6.131,,4.82,True,0,16.504182588812927,False,1529.9556655540446,1715.7225351662023,-37.90760823565627,145.12981905530106,0.13325859739118143,0.13325859739118143,,,
2026-09-10T11:10:07.958,1789002608,native,True,-37.90756423,145.1296124,1511.6887753895135,1720.24110752251,1511.6887753895135,1720.24110752251,1511.691,1720.2409,1522.4096,1718.283,:9110403639_0,,,0,4.659000027459115,5.115,5.565,,4.63,True,0,6.218940157982641,True,1511.78553020777,1722.8509546829107,-37.90754073738992,145.1296140953968,2.611640039421109,2.611640039421109,,,
2026-09-10T11:10:14.075,1789002614,native,True,-37.90772286,145.1294545,1498.159560738597,1702.3601928101853,1498.159560738597,1702.3601928101853,1498.1558,1702.3603,1499.7802,1713.377,:579296_0,,,0,5.254399962723255,5.259,4.187,,4.77,True,0,3.6116282897005623,True,1498.2052904839502,1702.3552366488043,-37.907722912912035,145.12945501879605,0.04599753412625588,0.04599753412625588,,,
2026-09-10T11:10:18.145,1789002618,native,True,-37.90793824,145.1294164,1495.289418771048,1678.3933444032446,1495.289418771048,1678.3933444032446,1495.2887,1678.3936,1496.5064,1690.5935,-10539447#0,,,0,4.769899998791516,6.045,5.872,,4.78,True,0,22.619047341454028,False,1494.7548854213458,1678.4735010263346,-37.90793742130988,145.12941034086512,0.5405099316101184,0.5405099316101184,,,
2026-09-10T11:10:22.207,1789002622,native,True,-37.90817003,145.1293646,1491.2513576347847,1652.5813887417316,1491.2513576347847,1652.5813887417316,1491.2538,1652.5812,1492.8322,1665.1687,-10539447#0,,,0,4.746099992189556,6.413,6.451,,4.77,True,0,48.73985008086859,False,1491.018928355039,1652.621248502616,-37.9081696289195,145.1293619664615,0.23582232850361298,0.23582232850361298,,,
2026-09-10T11:10:26.291,1789002626,native,True,-37.90840631,145.1293252,1488.3135091998265,1626.2930733207613,1488.3135091998265,1626.2930733207613,1488.3172,1626.2937,1489.0733,1639.158,-10539447#0,,,0,4.983099992386997,6.395,6.632,,4.63,True,0,75.17471593774881,False,1487.2380520596155,1626.4581617713077,-37.908404628436905,145.1293130100888,1.0880543446605428,1.0880543446605428,,,
2026-09-10T11:10:28.332,1789002629,native,True,-37.90857858,145.1292882,1485.444151321135,1607.1118580549955,1485.444151321135,1607.1118580549955,1485.4461,1607.1115,1487.2368,1626.4498,:579297_3,,,0,4.934199969284236,6.466,6.395,,4.27,True,0,3.264701006343825,True,1485.1986431801124,1607.0085465664874,-37.90857946627188,145.12928538507882,0.2663597397620806,0.2663597397620806,,,
2026-09-10T11:10:32.406,1789002633,native,True,-37.90880577,145.1292417,1481.8618918436696,1581.8196825785562,1481.8618918436696,1581.8196825785562,1481.8592,1581.8192,1482.7883,1594.9345,-4577073#9,,,0,4.737799987196922,6.554,6.338,,4.14,True,0,14.126954395926106,False,1481.0667247836645,1581.925136149284,-37.908804676301585,145.12923268323726,0.8021291098671783,0.8021291098671783,,,
2026-09-10T11:10:36.470,1789002637,native,True,-37.90904376,145.1292006,1478.7784640415339,1555.3386096237227,1478.7784640415339,1555.3386096237227,1478.7789,1555.339,1479.1909,1568.272,-4577073#9,,,0,4.870800010394305,6.542,6.863,,4.16,True,0,40.77171958418636,False,1477.3912892046146,1555.5352687658185,-37.90904173767199,145.12918487303818,1.4010456260778277,1.4010456260778277,,,
2026-09-10T11:10:40.542,1789002641,native,True,-37.9092745,145.1291489,1474.7469968339428,1529.6433270908892,1474.7469968339428,1529.6433270908892,1474.7482,1529.6435,1475.4888,1542.0702,-4577073#9,,,0,5.109800025820732,6.282,6.668,,3.69,True,0,66.77789235288054,False,1473.7529205426226,1529.7848649718078,-37.90927304527683,145.12913762986017,1.0041019095190689,1.0041019095190689,,,
2026-09-10T11:10:44.603,1789002645,native,True,-37.90951519,145.129106,1471.5113868610351,1502.8594664437696,1471.5113868610351,1502.8594664437696,1471.5102,1502.8592,1471.9512,1517.0334,-4577073#9,,,0,4.844300041440874,6.959,6.503,,4.08,True,0,93.75057800448012,False,1469.9793328226074,1503.0774538846329,-37.90951294933336,145.1290886305573,1.5474844429062622,1.5474844429062622,,,
2026-09-10T11:10:48.680,1789002649,native,True,-37.90977783,145.1290574,1467.8235662769293,1473.6298630870879,1467.8235662769293,1473.6298630870879,1467.828,1473.6299,1469.7321,1487.4087,:cluster_12176407960_33776478_412622428_9553656656_#1more_12,,,0,4.8584999749436975,7.246,7.323,,5.1,True,0,11.507308127943546,True,1468.594613081672,1474.8769830422768,-37.909766735072054,145.1290664512883,1.4662269120890767,1.4662269120890767,,,
2026-09-10T11:10:52.757,1789002653,native,True,-37.91002136,145.1290042,1463.6888038247125,1446.5126802334562,1463.6888038247125,1446.5126802334562,1463.6886,1446.5129,1464.0289,1460.434,-4577073#4,,,0,4.845999996177852,6.956,6.854,,5.36,True,0,18.692764199042664,False,1462.2261430584742,1446.7063610213968,-37.910019350821955,145.12898761389025,1.4754283326241437,1.4754283326241437,,,
2026-09-10T11:10:56.836,1789002657,native,True,-37.91026796,145.1289663,1460.9060245934525,1419.081829519011,1460.9060245934525,1419.081829519011,1460.9104,1419.082,1460.4742,1433.3629,-4577073#4,,,0,4.580600012559444,6.985,6.764,,4.5,True,0,46.25020216160974,False,1458.6390806321133,1419.3833785732963,-37.910264833689716,145.12894059380272,2.2869120568995314,2.2869120568995314,,,
2026-09-10T11:11:00.908,1789002661,native,True,-37.91051662,145.1289136,1456.826709559653,1391.3962710993364,1456.826709559653,1391.3962710993364,1456.8248,1391.3959,1456.8355,1405.4144,-4577073#3,,,0,5.6022999924607575,6.92,6.895,,6.03,True,0,18.98267256841421,False,1455.0700425971709,1391.6209277138737,-37.91051427860775,145.12889367800827,1.7709741419714118,1.7709741419714118,,,
2026-09-10T11:11:04.985,1789002665,native,True,-37.91076064,145.1288732,1453.8184507174883,1364.247292415239,1453.8184507174883,1364.247292415239,1453.8145,1364.2476,1453.3583,1378.2438,-4577073#3,,,0,5.140500026755035,6.716,6.89,,4.89,True,0,46.29436322824175,False,1451.6044464490371,1364.5300050919957,-37.91075769292019,145.12884809126282,2.231981487001841,2.231981487001841,,,
2026-09-10T11:11:09.079,1789002669,native,True,-37.91100317,145.1288209,1449.7607118812157,1337.2426480725408,1449.7607118812157,1337.2426480725408,1449.7646,1337.2427,1449.9534,1351.6202,:9234596131_0,,,0,4.6162999933585525,6.767,6.377,,5.46,True,0,4.4029894519693435,True,1448.1365435502598,1337.4532125145138,-37.91100097949385,145.12880248118105,1.6377607125289497,1.6377607125289497,,,
2026-09-10T11:11:13.171,1789002673,native,True,-37.91126207,145.1287656,1445.475727257086,1308.4162076516077,1445.475727257086,1308.4162076516077,1445.472,1308.4162,1446.9143,1322.6639,-4577073#1,,,0,5.044499994255602,6.877,7.255,,4.91,True,0,12.233227090021579,False,1444.271681501945,1308.5824469444065,-37.91126035474725,145.1287519478336,1.2154676807480502,1.2154676807480502,,,
2026-09-10T11:11:17.245,1789002677,native,True,-37.91149985,145.1287287,1442.761356283212,1281.9658180996776,1442.761356283212,1281.9658180996776,1442.7583,1281.966,1442.5966,1296.4885,-4577073#1,,,0,4.7771999961696565,6.771,6.108,,3.57,True,0,38.817105730670185,False,1440.6839463394651,1282.2418546667136,-37.91149698772489,145.12870514259072,2.095668929177441,2.095668929177441,,,
2026-09-10T11:11:21.324,1789002681,native,True,-37.91171807,145.1286917,1439.994644614635,1257.6857258183882,1439.994644614635,1257.6857258183882,1439.9924,1257.6851,1438.9915,1269.5815,-4577073#1,,,0,4.6725000138394535,5.945,6.505,,2.78,True,0,63.25074913008376,False,1437.4465428705741,1258.0236353153796,-37.911714565228614,145.12866280480512,2.570409563910608,2.570409563910608,,,
2026-09-10T11:11:25.411,1789002686,native,True,-37.91192503,145.128661,1437.7567276044283,1234.6662167478353,1437.7567276044283,1234.6662167478353,1437.758,1234.6662,1435.5487,1243.8264,-4577073#1,,,0,4.766800033394247,4.262,4.414,,2.47,True,0,86.36480331213204,False,1434.3839820413984,1235.1133707621655,-37.911920391984204,145.12862275330497,3.4022579775010073,3.4022579775010073,,,
2026-09-10T11:11:29.476,1789002690,native,True,-37.91213081,145.1285852,1431.5512967033428,1211.6980436285958,1431.5512967033428,1211.6980436285958,1431.5521,1211.6975,1432.9664,1224.5087,-4577073#1,,,0,5.660099966917187,6.07,5.202,,2.34,True,0,109.95368110837704,False,1431.258508138205,1211.732468971032,-37.912130446936835,145.12858187878695,0.29480544105795187,0.29480544105795187,,,
2026-09-10T11:11:33.552,1789002694,native,True,-37.91235695,145.1285646,1430.2440799816977,1186.568046568893,1430.2440799816977,1186.568046568893,1430.2481,1186.5686,1429.6985,1200.0624,:cluster_579298_9139166585_12,,,0,5.621700023766607,6.563,6.006,,2.25,True,0,10.032233329931621,True,1429.6994727674987,1186.4790539598634,-37.91235765316797,145.1285583873598,0.5518303201342494,0.5518303201342494,,,
2026-09-10T11:11:37.619,1789002698,native,True,-37.91258599,145.1285439,1428.9345464737853,1161.1160729164258,1428.9345464737853,1161.1160729164258,1428.9373,1161.1157,1429.4411,1173.1799,491516483#0,,,0,4.725200007669628,6.021,6.536,,2.12,True,0,20.217572847711605,False,1428.7458659873282,1161.1259705744103,-37.91258586671489,145.12854175690694,0.18893991003295768,0.18893991003295768,,,
2026-09-10T11:11:41.703,1789002702,native,True,-37.91281212,145.1285644,1431.240549711336,1136.0597266368568,1431.240549711336,1136.0597266368568,1431.2366,1136.0598,1428.337,1148.2449,491516483#0,,,0,4.719500022474676,6.12,6.388,,2.07,True,0,45.785993727013235,False,1429.149490756127,1135.6597744113324,-37.91281534466487,145.1285405326686,2.128964381303975,2.128964381303975,,,
2026-09-10T11:11:45.774,1789002706,native,True,-37.91290272,145.1287809,1450.4754851353355,1126.3884011190385,1450.4754851353355,1126.3884011190385,1450.4773,1126.3885,1439.054,1126.2873,:1087758749_0,,,0,4.489700018893927,5.363,5.544,,2.04,True,0,9.00339712673126,True,1450.6591932898325,1125.4676846506109,-37.91291104723359,145.1287827786638,0.9388650069432207,0.9388650069432207,,,
2026-09-10T11:11:49.853,1789002710,native,True,-37.91294896,145.1290766,1476.5742458957247,1121.7791979713365,1476.5742458957247,1121.7791979713365,1476.5777,1121.7791,1463.6112,1122.8119,:cluster_6014422831_6077854007_9139166580_13,,,0,4.601499997079372,6.629,6.426,,2.02,True,0,6.831273786465019,True,1475.807415353866,1121.9190187971785,-37.91294756181231,145.12906791277646,0.7794735038900068,0.7794735038900068,,,
2026-09-10T11:11:53.931,1789002714,native,True,-37.91298794,145.1293613,1501.6897676814115,1117.956111826934,1501.6897676814115,1117.956111826934,1501.6921,1117.9564,1489.8607,1120.4369,1470433046#2,,,0,4.808199999388307,6.194,6.561,,2.14,True,0,2.6122776209114087,False,1501.6619582412263,1117.734812601024,-37.91298992848419,145.1293609332987,0.22303971025744834,0.22303971025744834,,,
2026-09-10T11:11:58.026,1789002718,native,True,-37.91301289,145.129632,1525.5432478577131,1115.6650927532464,1525.5432478577131,1115.6650927532464,1525.5466,1115.6653,1512.9409,1116.3198,1470433046#2,,,0,4.72929998068139,6.054,5.78,,2.33,True,0,26.564999960681437,False,1525.4283663639264,1114.7530761218263,-37.913021084880164,145.1296304856734,0.9192236363374977,0.9192236363374977,,,
2026-09-10T11:12:02.086,1789002722,native,True,-37.91304358,145.1298981,1549.0050925372634,1112.7289519179612,1549.0050925372634,1112.7289519179612,1549.0061,1112.7291,1536.8953,1113.3144,1470433046#2,,,0,4.693399998359382,5.944,5.702,,3.6,True,0,50.209445894523604,False,1548.8888959825485,1111.8097151972815,-37.91305183968681,145.1298965691022,0.9265515571049229,0.9265515571049229,,,
2026-09-10T11:12:06.155,1789002726,native,True,-37.91307134,145.1301551,1571.6603916300228,1110.1018238561228,1571.6603916300228,1110.1018238561228,1571.6624,1110.1021,1560.4594,1110.3581,1470433046#3,,,0,6.415700016077608,5.415,5.856,,3.89,True,0,0.058958188480464115,False,1571.4883416372252,1108.9214958036944,-37.913081941566396,145.1301528745023,1.1928015389708087,1.1928015389708087,,,
2026-09-10T11:12:10.209,1789002730,native,True,-37.91310419,145.1304152,1594.5995300714858,1106.9152878150344,1594.5995300714858,1106.9152878150344,1594.6017,1106.9149,1582.5749,1107.3055,1360476884,,,0,5.266199994366616,6.005,5.694,,3.99,True,0,1.3272085017901272,False,1594.4141737976477,1105.6044477518324,-37.91311596484933,145.13041279347595,1.323880137907747,1.323880137907747,,,
2026-09-10T11:12:14.259,1789002734,native,True,-37.91313881,145.1306823,1618.1579727355856,1103.544621385634,1618.1579727355856,1103.544621385634,1618.1567,1103.5451,1606.5395,1103.8924,1360476884,,,0,5.288799991831183,5.884,6.081,,4.04,True,0,25.12064433199101,False,1617.973930898275,1102.2779730464842,-37.913150187004305,145.13067991853964,1.279948988417641,1.279948988417641,,,
2026-09-10T11:12:18.329,1789002739,native,True,-37.91317721,145.1309783,1644.2654687584727,1099.8053844114766,1644.2654687584727,1099.8053844114766,1644.2669,1099.8053,1629.1962,1100.5375,1470433048,,,0,4.794400010723621,5.024,5.688,,4.01,True,0,19.036839533629433,False,1643.9390915577808,1098.0015216645606,-37.9131934006504,145.13097417769183,1.8331510812921317,1.8331510812921317,,,
2026-09-10T11:12:30.520,1789002751,native,True,-37.91316706,145.130705,1620.216448759369,1100.4498799825087,1620.216448759369,1100.4498799825087,1620.2173,1100.4496,1632.3563,1095.5515,1360476884,,,0,4.780600022058934,6.419,5.845,,4.15,True,0,27.59106209354824,False,1620.4200863343676,1101.932592822539,-37.91315374017761,145.13070765353672,1.4966314268856435,1.4966314268856435,,,
2026-09-10T11:12:34.585,1789002755,native,True,-37.91313507,145.1304123,1594.4133130908012,1103.4835737692192,1594.4133130908012,1103.4835737692192,1594.4123,1103.4837,1606.5854,1100.6546,-1360476884,,,0,4.862000001594424,6.287,6.639,,4.36,True,0,30.35433399580115,False,1594.2549653272,1102.3948881621673,-37.913144848512225,145.13041025123658,1.1001410660636364,1.1001410660636364,,,
2026-09-10T11:12:38.648,1789002759,native,True,-37.91309392,145.1301305,1569.5480089942575,1107.5528496960178,1569.5480089942575,1107.5528496960178,1569.5443,1107.5525,1581.8031,1104.1871,:cluster_5408819666_9141044968_1,,,0,7.367099984548986,6.296,6.337,,4.1,True,0,1.6361564693125612,True,1569.338076262958,1105.985340157178,-37.91310800253668,145.1301277554422,1.5815049497313851,1.5815049497313851,,,
2026-09-10T11:12:42.704,1789002763,native,True,-37.91307162,145.1298488,1544.733434259193,1109.5305361924693,1544.733434259193,1109.5305361924693,1544.7359,1109.5309,1557.5671,1107.5009,-1470433046#2,,,0,6.283900002017617,6.427,5.927,,3.99,True,0,19.345790069457767,False,1544.6842805859153,1109.1149843216235,-37.91307535449895,145.12984814630445,0.418448851067984,0.418448851067984,,,
2026-09-10T11:12:46.769,1789002767,native,True,-37.91302771,145.1295469,1518.0948925224948,1113.870467800647,1518.0948925224948,1113.870467800647,1518.097,1113.8706,1531.3177,1110.7896,-1470433046#2,,,0,5.519900005310774,6.738,6.714,,4.3,True,0,46.31318594673566,False,1517.9260782726362,1112.4674534659189,-37.91304031814438,145.12954466039906,1.4131339194881531,1.4131339194881531,,,
2026-09-10T11:12:50.836,1789002771,native,True,-37.91299903,145.1292435,1491.3583675355767,1116.5176693201065,1491.3583675355767,1116.5176693201065,1491.3571,1116.5181,1504.6825,1114.1267,:cluster_6014422831_6077854007_9139166580_20,,,0,4.873400030191988,6.653,6.745,,4.66,True,0,2.232005806082526,True,1491.2619952121604,1115.8664426063854,-37.91300487896817,145.1292422555999,0.6583189632577012,0.6583189632577012,,,
2026-09-10T11:12:54.891,1789002775,native,True,-37.91296138,145.1289733,1467.5205385328736,1120.2187279229984,1467.5205385328736,1120.2187279229984,1467.5165,1120.219,1478.3831,1118.7478,-1470433046#0,,,0,5.370499973651022,5.576,6.567,,3.98,True,0,7.847762306391168,False,1467.4179846462014,1119.64923268019,-37.91296649159229,145.12897200394684,0.5786554512428191,0.5786554512428191,,,
2026-09-10T11:13:00.994,1789002781,native,True,-37.91314589,145.1287547,1448.7138710439904,1099.3587870262563,1448.7138710439904,1099.3587870262563,1448.7145,1099.3589,1454.4454,1114.8447,-93686025#2,,,0,5.368200014345348,6.327,0.0,,2.97,True,0,10.009371795945048,False,1449.381405897147,1099.2201571244204,-37.91314725952634,145.12876225848183,0.6817778449479858,0.6817778449479858,,,
2026-09-10T11:13:05.047,1789002785,native,True,-37.91339986,145.1287149,1445.7807301641442,1071.1067456481978,1445.7807301641442,1071.1067456481978,1445.7825,1071.1071,1447.3034,1085.241,-93686025#0,,,0,5.044299992732704,7.063,6.936,,2.43,True,0,0.7338137783653096,False,1445.5672748152745,1071.1308640695104,-37.91339960413325,145.12871247842855,0.21481360340469022,0.21481360340469022,,,
2026-09-10T11:13:09.123,1789002789,native,True,-37.91360087,145.128781,1452.0394960198319,1048.9183145891875,1452.0394960198319,1048.9183145891875,1452.0413,1048.9187,1444.0848,1058.4659,-93686025#0,,,0,5.392099963501096,5.78,6.321,,2.2,True,0,31.284345464496912,False,1451.9666571697023,1048.4112234660936,-37.91360542481306,145.12878005603858,0.5122957204670361,0.5122957204670361,,,
2026-09-10T11:13:13.198,1789002793,native,True,-37.91362591,145.1290064,1471.910594708519,1046.5375220254064,1471.910594708519,1046.5375220254064,1471.908,1046.5379,1462.4795,1046.8128,-93686025#0,,,0,5.622899974696338,4.728,4.976,,2.13,True,0,51.29023340156424,False,1471.7452330833473,1045.403984370399,-37.91363609125036,145.12900426104733,1.1455357185173025,1.1455357185173025,,,
2026-09-10T11:13:17.274,1789002797,native,True,-37.91365192,145.1292407,1492.5662543004146,1044.0647488813847,1492.5662543004146,1044.0647488813847,1492.5657,1044.0646,1481.2166,1043.9639,-93686034#0,,,0,5.62419998459518,5.501,4.838,,2.09,True,0,5.356944274397193,False,1492.3375422713236,1042.3941577326243,-37.91366692769582,145.12923771819462,1.6861743618521696,1.6861743618521696,,,
2026-09-10T11:13:21.321,1789002802,native,True,-37.91369232,145.1295618,1520.8846789167728,1040.1482653263956,1520.8846789167728,1040.1482653263956,1520.8828,1040.1479,1503.8422,1040.8208,-93686034#0,,,0,6.350900046527386,5.258,5.726,,2.12,True,0,33.94445148374578,False,1520.662521089391,1038.5287877664114,-37.913706868447996,145.12955890444456,1.634644202130721,1.634644202130721,,,
2026-09-10T11:13:25.383,1789002806,native,True,-37.91372781,145.1297511,1537.6053831346799,1036.5440448923036,1537.6053831346799,1036.5440448923036,1537.6064,1036.5439,1530.8535,1037.1407,-93686034#0,,,0,7.401200011372566,3.644,4.662,,2.09,True,0,50.997830005240665,False,1537.5598686245926,1036.2271871772557,-37.91373065609696,145.12975051018813,0.32010995331899705,0.32010995331899705,,,
2026-09-10T11:13:29.447,1789002810,native,True,-37.91390565,145.1297756,1540.1551747717313,1016.8532341755927,1540.1551747717313,1016.8532341755927,1540.1524,1016.8532,1542.641,1029.1198,:588089675_0,,,0,5.9852999984286726,5.738,4.171,,2.15,True,0,4.348508163923833,True,1540.980327600221,1016.6200965089022,-37.91390789929854,145.12978492921525,0.8574557492923693,0.8574557492923693,,,
2026-09-10T11:13:33.520,1789002814,native,True,-37.91414286,145.1297322,1536.867974193825,990.4546557944268,1536.867974193825,990.4546557944268,1536.8716,990.4545,1539.3133,1003.5652,-46129059#3,,,0,7.132099999580532,6.647,6.515,,3.12,True,0,25.729490129442755,False,1537.7418678884626,990.3505104631436,-37.91414395612154,145.12974211288332,0.8800775190604384,0.8800775190604384,,,
2026-09-10T11:13:37.590,1789002818,native,True,-37.91436913,145.1296823,1532.9850210599834,965.2585662314668,1532.9850210599834,965.2585662314668,1532.9855,965.259,1536.0605,976.9218,:cluster_1087758767_13253252981_5408819640_19,,,0,7.187500013969839,6.018,6.712,,5.37,True,0,7.193678241766951,True,1534.4625676571911,965.0603204872159,-37.91437118291767,145.129699055324,1.4907868130734574,1.4907868130734574,,,
2026-09-10T11:13:41.657,1789002822,native,True,-37.91453851,145.1296554,1530.9973675226793,946.4158494984731,1530.9973675226793,946.4158494984731,1530.9949,946.4157,1533.2407,955.877,-46129059#1,,,0,6.728100008331239,4.832,4.863,,5.78,True,0,14.85951083104002,False,1531.9743198838635,946.2884219778238,-37.914539834489226,145.1296664794617,0.9852277346087198,0.9852277346087198,,,
2026-09-10T11:13:45.727,1789002826,native,True,-37.91469299,145.1296257,1528.730399124208,929.2215717695653,1528.730399124208,929.2215717695653,1528.7296,929.2213,1530.6235,936.061,:563619361_14,,,0,7.389500038698316,3.552,5.043,,5.13,True,0,0.6597855508564647,True,1528.6640033040974,929.2937666701258,-37.91469232765067,145.12962496151073,0.09808419136174118,0.09808419136174118,,,
2026-09-10T11:13:55.923,1789002836,native,True,-37.91480773,145.1297863,1543.1042968301335,916.7727357689291,1543.1042968301335,916.7727357689291,1543.1023,916.7732,1529.4079,920.6973,44348023#1,,,0,6.698800018057227,3.894,2.239,,3.78,True,0,9.330327458323348,False,1543.1229211352859,917.1953580091456,-37.914803926293324,145.1297866081922,0.423032413259309,0.423032413259309,,,
2026-09-10T11:13:59.978,1789002840,native,True,-37.91482579,145.1300133,1563.1001574634574,915.1690915776417,1563.1001574634574,915.1690915776417,1563.1038,915.1692,1552.5563,916.2127,44348023#1,,,0,5.054500012192875,5.271,4.84,,3.45,True,0,29.349413031033354,False,1563.0311018964321,915.0929522459317,-37.91482646339947,145.13001249742422,0.10279041380612725,0.10279041380612725,,,
2026-09-10T11:14:04.023,1789002844,native,True,-37.91481665,145.1302638,1585.1013547416078,916.6250905906782,1585.1013547416078,916.6250905906782,1585.0992,916.6255,1573.1066,913.8136,1038136215,,,0,4.315599973779172,5.627,5.179,,3.5,True,0,20.755184927087303,False,1584.5552511487504,912.3395025937637,-37.91485515683551,145.1302566129298,4.320242309573555,4.320242309573555,,,
2026-09-10T11:14:08.099,1789002848,native,True,-37.91483965,145.1305248,1608.0971473159152,914.533126858063,1608.0971473159152,914.533126858063,1608.0978,914.5333,1596.2883,913.1107,139327110#0,,,0,4.579900007229298,5.675,5.659,,3.66,True,0,16.049349521389082,False,1607.7494172343063,911.7016112145193,-37.91486509409159,145.13052020031967,2.8527875927395536,2.8527875927395536,,,
2026-09-10T11:14:12.177,1789002852,native,True,-37.91487065,145.1308049,1632.7898138247547,911.5870511345565,1632.7898138247547,911.5870511345565,1632.7903,911.5874,1620.1273,910.1799,139327110#0,,,0,4.897100036032498,6.147,6.123,,3.84,True,0,40.91756959358449,False,1632.4318040735122,908.6671179324491,-37.914896888732876,145.13080016336497,2.9417989201769497,2.9417989201769497,,,
2026-09-10T11:14:16.242,1789002856,native,True,-37.91490605,145.1310839,1657.3955473083188,908.1507163606584,1657.3955473083188,908.1507163606584,1657.3944,908.1507,1644.8981,907.1345,139327110#0,,,0,4.219900001771748,6.19,6.236,,3.82,True,0,65.76109692640762,False,1657.0899154965546,905.6375367968601,-37.91492863407948,145.1310798517709,2.531695543357397,2.531695543357397,,,
2026-09-10T11:14:20.318,1789002860,native,True,-37.91493298,145.1313641,1682.08790592046,905.6562973391265,1682.08790592046,905.6562973391265,1682.0906,905.656,1669.5065,904.3116,:cluster_10216473063_27606983_563623900_90889748_23,,,0,4.150199994910508,6.241,6.156,,3.91,True,0,3.8298863021533904,True,1682.9273866847054,905.4868080226615,-37.91493465840578,145.13137360682498,0.8564196295823793,0.8564196295823793,,,
2026-09-10T11:14:22.355,1789002863,native,True,-37.91500275,145.1315679,1700.1592016597278,898.2734292047098,1700.1592016597278,898.2734292047098,1700.1604,898.2735,1682.4901,904.417,:563623079_2,,,0,5.1451000035740435,6.321,6.241,,8.32,True,0,2.8975008914348948,True,1700.150652877908,897.8609086759586,-37.91500646453453,145.13156770876628,0.4126090986778824,0.4126090986778824,,,
2026-09-10T11:14:26.431,1789002867,native,True,-37.91503922,145.1318545,1725.4353529459331,894.731552763842,1725.4353529459331,894.731552763842,1725.4389,894.7319,1712.1656,896.5378,1209622645,,,0,4.421899968292564,6.588,6.106,,8.03,True,0,20.815803950843012,False,1725.4352317785194,894.7297494413696,-37.91503923622285,145.13185449821125,0.0018073885807708763,0.0018073885807708763,,,
2026-09-10T11:14:30.510,1789002871,native,True,-37.9150792,145.1321567,1752.0906799626537,890.827594153583,1752.0906799626537,890.827594153583,1752.0871,890.8277,1739.1768,892.8574,1209622645,,,0,3.9970999932847917,6.707,6.944,,6.52,True,0,47.75431304080822,False,1752.1271143049103,891.0928992674575,-37.91507681664792,145.13215717473764,0.2677951917858064,0.2677951917858064,,,
2026-09-10T11:14:34.594,1789002875,native,True,-37.91511867,145.1324465,1777.65475958772,886.9583004182205,1777.65475958772,886.9583004182205,1777.6516,886.9583,1764.8384,889.3609,569766862#0,,,0,4.468900035135448,6.442,6.387,,3.78,True,0,8.352795827861819,False,1777.6419653571943,886.8715348688422,-37.91511944929479,145.13244633475273,0.08770377924385024,0.08770377924385024,,,
2026-09-10T11:14:38.674,1789002879,native,True,-37.91516006,145.1327474,1804.1988792717457,882.8954234281555,1804.1988792717457,882.8954234281555,1804.1996,882.8951,1790.9332,884.8953,569766862#0,,,0,4.384300031233579,6.578,6.651,,3.43,True,0,35.20614448313245,False,1804.2033037266121,882.9221503564393,-37.91515982003609,145.13274745639742,0.027090671758958875,0.027090671758958875,,,
2026-09-10T11:14:42.722,1789002883,native,True,-37.91520093,145.1330483,1830.7418124665273,878.8901631394401,1830.7418124665273,878.8901631394401,1830.7407,878.8899,1816.7836,881.0516,569766862#0-AddedOffRampEdge,,,0,4.0068000089377165,7.003,6.52,,3.51,True,1,3.5320263883709115,False,1830.7536752818264,878.9709205905613,-37.91520020465849,145.13304845328187,0.08162409140936353,0.08162409140936353,,,
2026-09-10T11:14:46.780,1789002887,native,True,-37.91524203,145.1333569,1857.962132000248,874.8728520609438,1857.962132000248,874.8728520609438,1857.959,874.8727,1844.3817,876.9461,569766862#0-AddedOffRampEdge,,,0,3.9032999775372446,7.035,6.938,,3.57,True,1,31.04613653077596,False,1857.969034380632,874.9273471645599,-37.91524154034053,145.13335699089473,0.05493049401829013,0.05493049401829013,,,
2026-09-10T11:14:50.837,1789002891,native,True,-37.91528443,145.1336803,1886.4863731263904,870.7372486982495,1886.4863731263904,870.7372486982495,1886.4894,870.7375,1872.4041,872.7826,569766862#0-AddedOffRampEdge,,,0,4.46409999858588,7.23,7.241,,6.1,True,1,59.867345076146634,False,1886.4772992732308,870.6916778161375,-37.91528483887659,145.13368018644795,0.04646547220922285,0.04646547220922285,,,
2026-09-10T11:14:54.898,1789002895,native,True,-37.91532473,145.1339939,1914.144400075893,866.8173260381445,1914.144400075893,866.8173260381445,1914.1438,866.8172,1900.2092,868.6514,569766862#0-AddedOffRampEdge,,,0,4.28330001886934,6.995,7.079,,3.83,True,1,87.8000814773624,False,1914.1067391437841,866.5865815566957,-37.915326801809286,145.13399341923963,0.23379769358654837,0.23379769358654837,,,
2026-09-10T11:14:58.977,1789002899,native,True,-37.91530064,145.1343133,1942.169252472464,870.0525544108823,1942.169252472464,870.0525544108823,1942.17,870.0529,1928.0089,865.1862,44348588#0,,,0,4.371799994260073,6.695,6.96,,2.78,True,0,18.710432687087625,False,1942.148546416151,868.2743266427391,-37.915316654968684,145.13431265982558,1.7783483168838494,1.7783483168838494,,,
2026-09-10T11:15:03.057,1789002903,native,True,-37.91521102,145.134568,1964.360829511308,880.4453915683553,1964.360829511308,880.4453915683553,1964.364,880.4458,1954.704,875.4643,44348588#1,,,0,4.401099984534085,5.932,6.061,,2.34,True,0,5.9867275565267795,False,1964.2953866591008,880.5245024420333,-37.915210295551525,145.13456727386995,0.10267081980351404,0.10267081980351404,,,
2026-09-10T11:15:07.127,1789002907,native,True,-37.91500731,145.1347309,1978.2289764134912,903.3366686599329,1978.2289764134912,903.3366686599329,1978.2326,903.3364,1974.7557,889.4029,139332152#2,,,0,4.921999992802739,6.565,6.467,,2.18,True,1,16.861415927713452,False,1978.3462746848309,903.3057580182178,-37.91500760959622,145.1347322267305,0.12130272969111125,0.12130272969111125,,,
2026-09-10T11:15:11.178,1789002911,native,True,-37.91479097,145.1348145,1985.0978708844632,927.4899076353759,1985.0978708844632,927.4899076353759,1985.0935,927.4903,1981.64,916.0592,:616063777_1,,,0,4.8180000158026814,6.029,6.515,,2.09,True,1,2.6223264300269027,True,1984.7789931651419,927.6176400516637,-37.91478976187321,145.1348109032095,0.34350919936778923,0.34350919936778923,,,
2026-09-10T11:15:15.251,1789002915,native,True,-37.9145978,145.134879,1990.339165820973,949.038480926305,1990.339165820973,949.038480926305,1990.3354,949.0379,1988.073,937.9145,:92052896_0,,,0,5.3115999908186495,5.696,5.564,,2.06,True,0,4.367737018964265,True,1992.1507766423758,951.9996696371984,-37.91457145144265,145.13490027293054,3.4713934305615686,3.4713934305615686,,,
2026-09-10T11:15:19.323,1789002919,native,True,-37.91439834,145.1348996,1991.7072422259953,971.2077961796895,1991.7072422259953,971.2077961796895,1991.7108,971.2079,1986.9757,960.4751,:9141044985_1,,,0,6.24650000827387,5.237,5.831,,2.01,True,0,7.2797440250654,True,1990.462546728408,972.5588151806163,-37.91438594532887,145.13488575444035,1.8369864513870626,1.8369864513870626,,,
2026-09-10T11:15:23.400,1789002924,native,True,-37.91442697,145.1351963,2017.8539356972906,968.5527473241091,2017.8539356972906,968.5527473241091,2017.8541,968.5525,2006.3065,975.6068,988996007#0,,,0,5.232300027273595,6.027,4.93,,2.01,True,0,0.5395808830879661,False,2017.59873030024,967.6614523476896,-37.91443495300969,145.13519319539645,0.9271119294207324,0.9271119294207324,,,
2026-09-10T11:15:27.451,1789002928,native,True,-37.91448365,145.1354897,2043.7727649753797,962.7792446445674,2043.7727649753797,962.7792446445674,2043.7767,962.7789,2029.9739,964.3857,:cluster_13391064294_588089890_588090168_16,,,0,6.502600037492812,6.873,6.168,,2.0,True,0,4.177564110169978,True,2042.3013891555427,962.4035822933835,-37.91448676892029,145.13547288408225,1.5185746624048773,1.5185746624048773,,,
2026-09-10T11:15:31.500,1789002932,native,True,-37.91452732,145.1358309,2073.864808305283,958.5333589464426,2073.864808305283,958.5333589464426,2073.8621,958.5337,2059.9912,961.0589,:588089888_5,,,0,6.185400008689612,7.593,7.43,,2.0,True,0,3.0676100798096573,True,2074.512951740553,958.8225925904654,-37.91452483128347,145.13583833558056,0.7097506699667615,0.7097506699667615,,,
2026-09-10T11:15:35.553,1789002936,native,True,-37.91457125,145.1361781,2104.484855159768,954.2690601758659,2104.484855159768,954.2690601758659,2104.4883,954.2687,2090.307,956.6327,46129091#1,,,0,5.140500026755035,7.664,7.751,,3.34,True,0,0.03458537709871002,False,2105.503217249511,954.0660862475555,-37.914573261878076,145.13618963328787,1.0383928743014557,1.0383928743014557,,,
2026-09-10T11:15:39.610,1789002940,native,True,-37.91460415,145.1364187,2125.7091315541184,951.0412311879918,2125.7091315541184,951.0412311879918,2125.7095,951.0417,2116.8844,952.224,:cluster_588089885_588090142_611527863_3,,,0,5.87449996965006,4.682,6.347,,2.99,True,0,8.331551518793413,True,2125.320642542971,949.5358567449304,-37.9146176408219,145.136413940391,1.5546948014335937,1.5546948014335937,,,
2026-09-10T11:15:45.714,1789002946,native,True,-37.91448689,145.1365876,2140.297092192108,964.3498376784846,2140.297092192108,964.3498376784846,2140.2992,964.3499,2137.053,954.5584,-630680455#1,,,0,6.282299989834428,4.615,3.359,,3.25,True,0,11.655281929873086,False,2139.0129288132653,964.5993892223194,-37.91448441070926,145.13657305497085,1.3081863615672717,1.3081863615672717,,,
2026-09-10T11:15:49.760,1789002950,native,True,-37.91429204,145.136628,2143.416440633533,986.0423632161692,2143.416440633533,986.0423632161692,2143.4124,986.0427,2141.1022,975.3026,-630680455#0,,,0,6.644700013566762,5.437,5.361,,3.37,True,0,0.8485547606197847,False,2143.343913728623,986.0583845255643,-37.91429188261486,145.1366271789668,0.0742753949201111,0.0742753949201111,,,
2026-09-10T11:15:53.822,1789002954,native,True,-37.91408497,145.1366831,2147.800996345177,1009.1167119611055,2147.800996345177,1009.1167119611055,2147.8052,1009.1167,2145.875,997.5074,-10585186,,,0,5.601799988653511,5.865,5.808,,3.45,True,0,13.062668996448851,False,2148.3494896467855,1009.0000285040013,-37.914086119886875,145.13668931016292,0.5607672699715777,0.5607672699715777,,,
2026-09-10T11:15:57.866,1789002958,native,True,-37.91389341,145.1367446,2152.782618137193,1030.4812372541055,2152.782618137193,1030.4812372541055,2152.7823,1030.4818,2150.8807,1020.7561,:cluster_611527850_92044126_12,,,0,6.122899998445064,4.945,5.956,,3.54,True,0,2.120108020105771,True,2152.968939969271,1030.4420306274058,-37.913893796734904,145.13674670966986,0.19040216565508875,0.19040216565508875,,,
2026-09-10T11:16:01.940,1789002962,native,True,-37.9137548,145.1368011,2157.442159980128,1045.961377395317,2157.442159980128,1045.961377395317,2157.4425,1045.9611,2154.6299,1039.001,:cluster_611527850_92044126_8,,,0,5.722600035369396,3.937,4.217,,3.58,True,0,5.367126109344088,True,2159.4843148827144,1044.5170965515767,-37.91376817817395,145.13682399211524,2.5012684385632378,2.5012684385632378,,,
2026-09-10T11:16:08.006,1789002968,native,True,-37.91354374,145.1368144,2158.143236233329,1069.4050115970895,2158.143236233329,1069.4050115970895,2158.1433,1069.4047,2158.2634,1059.3592,-10585197#1,,,0,6.153399997856468,4.784,3.404,,3.73,True,0,72.26413450817549,False,2159.4310606237923,1069.291789545812,-37.91354499182493,145.13682901746728,1.2927918987864202,1.2927918987864202,,,
2026-09-10T11:16:12.082,1789002972,native,True,-37.91335199,145.1368339,2159.43220640457,1090.7168066175655,2159.43220640457,1090.7168066175655,2159.4317,1090.7172,2157.1914,1080.2091,10585197#1,,,0,6.088400026783347,5.276,5.108,,4.09,True,0,45.05641522326818,False,2158.1475245907836,1090.8342422588937,-37.913350700785394,145.13681931926092,1.290038174833471,1.290038174833471,,,
2026-09-10T11:16:18.191,1789002978,native,True,-37.91318598,145.1368825,2163.3365244021406,1109.2234976654872,2163.3365244021406,1109.2234976654872,2163.3337,1109.2237,2160.1958,1105.7577,-10585197#1,,,0,6.179599964525551,2.348,3.075,,4.35,True,0,32.16897004032492,False,2164.1265276236677,1109.0653081818798,-37.91318754725704,145.13689144673242,0.8056854241868323,0.8056854241868323,,,
2026-09-10T11:16:24.307,1789002984,native,True,-37.91302047,145.1369802,2171.5584715540754,1127.7609779788181,2171.5584715540754,1127.7609779788181,2171.5594,1127.7615,2167.659,1118.4433,-116895895#8,,,0,7.1770999929867685,4.732,3.474,,4.59,True,0,11.659159383526319,False,2172.416239326382,1127.5069888014546,-37.91302291243822,145.13698989545472,0.8945814962458453,0.8945814962458453,,,
2026-09-10T11:16:26.331,1789002987,native,True,-37.91288549,145.1370614,2178.3976081068395,1142.8816982014105,2178.3976081068395,1142.8816982014105,2178.3952,1142.8814,2170.5047,1128.0732,:611527813_w0,,,0,6.827299948781729,5.583,4.732,,4.75,True,0,1.051593267608362,True,2181.7546094918134,1141.839500558396,-37.91289548276996,145.13709933359954,3.515058210872497,3.515058210872497,,,
2026-09-10T11:16:30.389,1789002991,native,True,-37.91267671,145.1371537,2186.0489422114915,1166.211125335656,2186.0489422114915,1166.211125335656,2186.0507,1166.2107,2185.5341,1153.6442,116895895#9,,,0,8.727900043595582,6.279,5.994,,4.72,True,0,24.83772739806024,False,2185.428152134296,1166.2077003480838,-37.91267662909261,145.13714664061285,0.620799525196632,0.620799525196632,,,
2026-09-10T11:16:34.443,1789002995,native,True,-37.91246505,145.1372386,2193.04338115477,1189.8471214342862,2193.04338115477,1189.8471214342862,2193.0445,1189.847,2187.8958,1178.89,116895895#10,,,0,6.091899995226413,5.909,6.314,,4.77,True,0,1.066577978868303,False,2192.376177723005,1190.189325974921,-37.91246184722248,145.13723109143302,0.7498428948719122,0.7498428948719122,,,
2026-09-10T11:16:38.491,1789002999,native,True,-37.91226741,145.1373101,2198.890914696036,1211.9038405381143,2198.890914696036,1211.9038405381143,2198.8932,1211.9043,2197.7147,1200.9473,-48114467,,,0,5.981500027701259,5.206,5.944,,5.03,True,0,100.35649997947091,False,2198.9799633798016,1211.9317826306283,-37.91226717432024,145.1373111188592,0.0933296770296409,0.0933296770296409,,,
2026-09-10T11:16:42.575,1789003003,native,True,-37.91210553,145.1373952,2206.013398872805,1230.0163394510746,2206.013398872805,1230.0163394510746,2206.0158,1230.0166,2204.548,1218.9232,116895895#12,,,0,5.542099999729544,5.314,4.558,,4.79,True,0,18.628204407385216,False,2207.8797930605965,1229.430549643513,-37.91211114290303,145.13741628832864,1.9561638384516131,1.9561638384516131,,,
2026-09-10T11:16:46.635,1789003007,native,True,-37.91190733,145.1374746,2212.554280218552,1252.149063535966,2212.554280218552,1252.149063535966,2212.5573,1252.1493,2211.28,1240.2948,116895895#12,,,0,4.931500006932765,5.633,5.572,,4.7,True,0,41.78452535344303,False,2214.7484105870076,1251.5438613457884,-37.91191317674967,145.1374994103108,2.2760662918235397,2.2760662918235397,,,
2026-09-10T11:16:50.705,1789003011,native,True,-37.91172515,145.1375549,2219.2098414319917,1272.5057035991922,2219.2098414319917,1272.5057035991922,2219.2088,1272.5054,2217.6924,1262.2828,116895895#12,,,0,5.258599994704127,5.136,5.467,,4.67,True,0,63.24131132800932,False,2220.0350170734805,1272.3298604893037,-37.91172688256102,145.13756424248075,0.8437035252989019,0.8437035252989019,,,
2026-09-10T11:16:54.770,1789003015,native,True,-37.91154249,145.1375905,2221.934611574572,1292.8370851250365,2221.934611574572,1292.8370851250365,2221.9317,1292.837,2222.2685,1283.15,116895895#12,,,0,5.782900028862059,4.682,5.331,,4.74,True,0,83.87639009494603,False,2223.3738541722537,1292.6706099902458,-37.91154424868901,145.1376068266462,1.4488385781324968,1.4488385781324968,,,
2026-09-10T11:17:04.963,1789003025,native,True,-37.91174897,145.1375519,2218.9989109487506,1269.857249907218,2218.9989109487506,1269.857249907218,2218.9989,1269.8572,2223.7493,1280.4204,116895895#12,,,0,5.636300018522888,5.462,4.381,,4.65,True,0,60.60512471739712,False,2219.5020857872155,1269.7481044802876,-37.9117500437754,145.13755759641478,0.5148763368849035,0.5148763368849035,,,
2026-09-10T11:17:09.046,1789003029,native,True,-37.91191202,145.1372751,2195.025889440323,1251.2781746890396,2195.025889440323,1251.2781746890396,2195.0292,1251.278,2218.475,1257.587,48114467,,,0,6.24199997400865,6.107,5.891,,19.14,True,0,38.562819397850554,False,2201.6747220952143,1249.0494527463577,-37.911933293769614,145.13735019249174,7.012430190065175,7.012430190065175,,,
2026-09-10T11:17:13.117,1789003033,native,True,-37.9120798,145.1372121,2189.859379756148,1232.5498005431145,2189.859379756148,1232.5498005431145,2189.8565,1232.5493,2200.5485,1238.7232,48114467,,,0,5.390000005718321,4.379,5.485,,20.18,True,0,20.63006411488517,False,2197.126885589163,1231.7518738361425,-37.912088296207244,145.1372945522216,7.311178295090855,7.311178295090855,,,
2026-09-10T11:17:17.171,1789003037,native,True,-37.91222878,145.1373532,2202.5943215102307,1216.266131487675,2202.5943215102307,1216.266131487675,2202.5915,1216.2662,2198.364,1224.7212,116895895#12,,,0,5.120599991641939,3.074,3.668,,4.38,True,0,4.427629791864002,False,2203.425140988287,1215.9517676492756,-37.912231761425154,145.1373625752379,0.8883049183758344,0.8883049183758344,,,
2026-09-10T11:17:25.314,1789003045,native,True,-37.91204765,145.1372977,2197.313488099491,1236.267706796527,2197.313488099491,1236.267706796527,2197.3169,1236.2682,2196.6995,1227.8634,48114467,,,0,5.6665000156499445,4.206,3.393,,4.29,True,0,25.082514718013183,False,2197.8374218806835,1236.137497082516,-37.91204891727761,145.13730362768214,0.5398714446025229,0.5398714446025229,,,
2026-09-10T11:17:29.402,1789003050,native,True,-37.91185142,145.1373794,2204.0609224210493,1258.1858777711168,2204.0609224210493,1258.1858777711168,2204.0645,1258.1859,2201.6613,1249.0093,48114467,,,0,5.144700000528246,4.64,4.462,,4.23,True,0,48.00777481618032,False,2204.3779160704576,1258.0972733888516,-37.911852275231475,145.13738298416226,0.32914390518699777,0.32914390518699777,,,
2026-09-10T11:17:35.492,1789003056,native,True,-37.91163337,145.1374264,2207.7093993872404,1282.4643401661888,2207.7093993872404,1282.4643401661888,2207.7133,1282.4643,2208.2895,1271.8076,48114467,,,0,5.0537000061012805,4.789,3.593,,4.32,True,0,72.35651197874522,False,2211.0580860248238,1281.5117204417388,-37.91164255420078,145.13746425882832,3.4815494447358266,3.4815494447358266,,,
2026-09-10T11:17:39.548,1789003060,native,True,-37.91148798,145.1374263,2207.378243017185,1298.597352148965,2207.378243017185,1298.597352148965,2207.3809,1298.597,2213.7373,1290.9027,48114467,,,0,5.549099994823337,3.301,4.687,,4.64,True,0,92.086671169992,False,2211.4257794268215,1300.2237640307887,-37.91147405739561,145.1374726907277,4.362082827809459,4.362082827809459,,,
2026-09-10T11:17:47.650,1789003068,native,True,-37.91138663,145.1372871,2194.9158474408905,1309.5991100165993,2194.9158474408905,1309.5991100165993,2194.9182,1309.5987,2198.282,1307.827,36667189#3,,,0,5.341700045391917,2.011,2.482,,4.51,True,0,17.2637979005996,False,2194.8113813769814,1309.2536665733114,-37.911389723039676,145.13728583371565,0.36089379465326926,0.36089379465326926,,,
2026-09-10T11:17:57.825,1789003078,native,True,-37.91134464,145.1370774,2176.387087056297,1313.8901082389057,2176.387087056297,1313.8901082389057,2176.3888,1313.8903,2183.3627,1309.1981,:1621070598_1,,,0,5.190399999264628,4.036,2.259,,4.29,True,0,3.1735654258399784,True,2176.810778880046,1313.5178567680507,-37.911348069615755,145.137082132855,0.5639910629307083,0.5639910629307083,,,
2026-09-10T11:18:01.902,1789003082,native,True,-37.91130627,145.1368718,2158.226783299935,1317.7865766398609,2158.226783299935,1317.7865766398609,2158.2283,1317.7862,2167.7124,1316.8964,-36667189#1,,,0,5.766300018876791,4.657,4.673,,4.14,True,0,5.384247873678651,False,2157.8181250403177,1316.2963798821618,-37.91131962049913,145.13686681483262,1.5452145319697177,1.5452145319697177,,,
2026-09-10T11:18:05.951,1789003086,native,True,-37.91127395,145.1366921,2142.3568655740237,1321.057183144614,2142.3568655740237,1321.057183144614,2142.357,1321.0569,2149.4315,1318.6005,-36667189#1,,,0,5.677099979948252,3.742,4.401,,4.08,True,0,21.455041217532088,False,2142.1615373558107,1319.8146985342416,-37.91128510744984,145.13668959669698,1.2577444572895866,1.2577444572895866,,,
2026-09-10T11:18:12.052,1789003092,native,True,-37.91115708,145.1365258,2127.4774314151146,1333.7333933636546,2127.4774314151146,1333.7333933636546,2127.4801,1333.7334,2131.2306,1324.8053,-73530943#5,,,0,5.575800023507327,4.503,3.283,,4.07,True,0,5.431609769835089,False,2127.042375923503,1333.7964133141493,-37.91115643395351,145.13652086768886,0.43959617257382533,0.43959617257382533,,,
2026-09-10T11:18:16.106,1789003096,native,True,-37.91093089,145.1365584,2129.841702457983,1358.8898404296488,2129.841702457983,1358.8898404296488,2129.8449,1358.8904,2128.812,1346.1144,-73530943#5,,,0,7.260500045958906,6.357,5.813,,4.09,True,0,30.67100583839004,False,2130.631422757348,1358.779324608269,-37.910932027767316,145.13656735407227,0.7974157623249606,0.7974157623249606,,,
2026-09-10T11:18:20.184,1789003100,native,True,-37.9107039,145.1366066,2133.5756958840648,1384.162473113276,2133.5756958840648,1384.162473113276,2133.5728,1384.1629,2132.4604,1371.5106,-73530943#5,,,0,6.371299969032407,6.279,6.412,,3.93,True,0,56.22011559766314,False,2134.2660413574586,1384.0685822901528,-37.91070487010596,145.136614427927,0.6967010544717605,0.6967010544717605,,,
2026-09-10T11:18:24.250,1789003104,native,True,-37.91049437,145.1366436,2136.3637932935962,1407.4779726825655,2136.3637932935962,1407.4779726825655,2136.3599,1407.4778,2136.0101,1396.197,-73530943#5,,,0,6.05969998287037,5.598,6.209,,4.11,True,0,79.69453145512806,False,2137.619592410189,1407.302209003914,-37.91049617945534,145.13665783851943,1.2680395466893393,1.2680395466893393,,,
2026-09-10T11:18:28.329,1789003108,native,True,-37.91039415,145.1368098,2150.7530574504635,1418.8909376459196,2150.7530574504635,1418.8909376459196,2150.7514,1418.8907,2140.3501,1416.5415,:588089866_2,,,0,5.5410999921150506,4.968,4.905,,4.05,True,0,3.2459090776221577,True,2150.640600642184,1417.7651266430619,-37.91040427135024,145.13680826551413,1.1314136944035973,1.1314136944035973,,,
2026-09-10T11:18:30.359,1789003111,native,True,-37.9103919,145.1370249,2169.6587016338017,1419.5185645483434,2169.6587016338017,1419.5185645483434,2169.6619,1419.5186,2150.6417,1417.765,36667190#1,,,0,5.627700011245906,6.228,0.0,,4.0,True,0,17.50493174894406,False,2169.7977003953133,1419.0441105020118,-37.91039619903032,145.13702637260607,0.4943958917529789,0.4943958917529789,,,
2026-09-10T11:18:34.434,1789003115,native,True,-37.91038367,145.1373464,2197.9053012342774,1420.9966372838244,2197.9053012342774,1420.9966372838244,2197.9029,1420.9968,2183.3423,1421.6277,36667190#1,,,0,6.0872999601997435,7.2,6.782,,4.19,True,0,45.93106013560552,False,2197.846147091692,1420.4955877849745,-37.91038817293782,145.13734561358152,0.5045292983392807,0.5045292983392807,,,
2026-09-10T11:18:38.501,1789003119,native,True,-37.91040063,145.1376218,2222.1548435922596,1419.598435533233,2222.1548435922596,1419.598435533233,2222.1518,1419.5988,2210.894,1418.9248,36667190#1,,,0,5.3542000241577625,5.75,6.544,,3.6,True,0,70.83067727349774,False,2222.5383482494412,1417.9540959380145,-37.91041551166693,145.13762578692678,1.688469285028146,1.688469285028146,,,
2026-09-10T11:18:42.574,1789003123,native,True,-37.9103211,145.1378638,2243.2541102661053,1428.8485061228275,2243.2541102661053,1428.8485061228275,2243.2528,1428.8485,2233.8948,1421.0889,36667190#1,,,0,6.002900016028434,5.903,5.646,,3.02,True,0,94.9414664683106,False,2244.0189813711145,1427.909098950179,-37.91032970006862,145.13787228322235,1.2114097751386748,1.2114097751386748,,,
2026-09-10T11:18:46.649,1789003127,native,True,-37.91019201,145.1380918,2263.0127584846923,1443.5733558163047,2263.0127584846923,1443.5733558163047,2263.011,1443.573,2253.7651,1435.614,:1594523607_4,,,0,5.347899976186454,6.059,6.219,,2.69,True,0,0.05109180103876414,True,2263.632154791345,1442.6688677276566,-37.910200269317244,145.13809863711873,1.0962438082840729,1.0962438082840729,,,
2026-09-10T11:18:50.710,1789003131,native,True,-37.91010712,145.1382871,2279.9945798805566,1453.3360933270305,2279.9945798805566,1453.3360933270305,2279.9978,1453.3359,2272.4813,1448.5811,:1594523614_0,,,0,5.1595999975688756,4.592,5.423,,2.21,True,0,7.5755926183798135,True,2280.314047632651,1452.027753837011,-37.91011896334829,145.13829043524788,1.3467783283721815,1.3467783283721815,,,
2026-09-10T11:18:56.814,1789003137,native,True,-37.91001599,145.1384705,2295.916413283092,1463.7703228304163,2295.916413283092,1463.7703228304163,2295.9199,1463.7705,2294.25,1456.059,146181190,,,0,5.257999990135431,3.052,3.413,,2.09,True,0,15.668210176851622,False,2299.0158138404604,1460.210896852065,-37.91004861181843,145.13850493190392,4.719724262112991,4.719724262112991,,,
2026-09-10T11:19:02.928,1789003143,native,True,-37.90990074,145.138614,2308.2769909863127,1476.810948307626,2308.2769909863127,1476.810948307626,2308.2776,1476.8106,2309.7219,1469.538,299173860#1,,,0,5.1382000092417,2.704,3.291,,2.07,True,0,3.618967158828938,False,2307.298898560946,1475.659496129498,-37.909910936655415,145.1386026177207,1.5107967802043336,1.5107967802043336,,,
2026-09-10T11:19:06.998,1789003147,native,True,-37.90977808,145.1384862,2296.7695100920973,1490.1975364536047,2296.7695100920973,1490.1975364536047,2296.771,1490.1976,2301.4613,1482.8218,146181188#2,,,0,4.89069998729974,4.323,3.917,,2.06,True,0,11.815327795925908,False,2296.6631090880046,1490.1328179454565,-37.909778643861415,145.1384849755341,0.12453778129093479,0.12453778129093479,,,
2026-09-10T11:19:11.043,1789003151,native,True,-37.90963069,145.1384246,2291.0272579728044,1506.444498614408,2291.0272579728044,1506.444498614408,2291.0262,1506.4442,2292.507,1498.2213,:9207197687_w0,,,0,4.9653000314719975,4.299,4.611,,2.05,True,0,4.076355714632963,True,2296.1018951068177,1507.39109315032,-37.90962307570467,145.13848251305643,5.162168464640149,5.162168464640149,,,
2026-09-10T11:19:15.074,1789003155,native,True,-37.90945818,145.1384667,2294.3462746206205,1525.6609592214227,2294.3462746206205,1525.6609592214227,2294.3487,1525.6611,2293.6713,1515.5387,:268380669_10,,,0,5.050299980212003,4.958,4.607,,2.04,True,0,0.29721889394704865,True,2295.000189439221,1525.6165323885564,-37.909458697841075,145.13847412484387,0.6554222558500109,0.6554222558500109,,,
2026-09-10T11:19:19.143,1789003159,native,True,-37.9092812,145.1384565,2293.0573538405006,1545.2816112712026,2293.0573538405006,1545.2816112712026,2293.0598,1545.2814,2294.8161,1535.3028,46410623#1,,,0,5.099699948914349,5.15,4.772,,2.03,True,0,99.92605951604116,False,2293.34399029103,1545.405598956237,-37.90928013464832,145.13845978716452,0.3123033794442645,0.3123033794442645,,,
2026-09-10T11:19:23.202,1789003163,native,True,-37.90908129,145.1383568,2283.849039911118,1567.2895519658923,2283.849039911118,1567.2895519658923,2283.8497,1567.2897,2286.8563,1555.3719,46410623#1,,,0,5.14699995983392,6.03,5.748,,2.03,True,0,76.20439248005601,False,2284.69973849689,1567.3858844858428,-37.90908057524969,145.13836649416123,0.8561355256234976,0.8561355256234976,,,
2026-09-10T11:19:27.274,1789003167,native,True,-37.90888206,145.1384091,2288.00562150951,1589.4889022009447,2288.00562150951,1589.4889022009447,2288.0098,1589.4886,2283.4242,1578.9584,46410623#1,,,0,5.139100016094744,5.746,5.826,,2.02,True,0,53.65707665139202,False,2287.488630256974,1589.5877569883,-37.908881076486196,145.13840324436444,0.5263575060564694,0.5263575060564694,,,
2026-09-10T11:19:31.355,1789003172,native,True,-37.90865127,145.1385842,2302.8885788136977,1615.4058837685734,2302.8885788136977,1615.4058837685734,2302.8895,1615.4064,2291.7477,1601.1164,-46410623#1,,,0,5.126800038851798,5.883,5.819,,2.02,True,0,90.77787892399076,False,2303.674373713196,1614.7217703099939,-37.90865757402459,145.13859297898176,1.0418660414310745,1.0418660414310745,,,
2026-09-10T11:19:35.412,1789003176,native,True,-37.90851555,145.1387505,2317.2085859890794,1630.7579604825005,2317.2085859890794,1630.7579604825005,2317.2066,1630.758,2310.8808,1622.8612,-46410623#1,,,0,5.438999971374869,5.064,5.419,,2.01,True,0,111.76683833537673,False,2317.5878098177286,1630.436499481631,-37.908518514014936,145.13875473870016,0.49713970601365504,0.49713970601365504,,,
2026-09-10T11:19:39.492,1789003180,native,True,-37.90839376,145.138909,2330.8737471201457,1644.550579429604,2330.8737471201457,1644.550579429604,2330.8759,1644.5504,2324.7162,1637.8742,-46410623#0,,,0,4.889399977400899,4.663,5.045,,2.02,True,0,8.561620538926029,False,2330.698873487147,1644.7141620138523,-37.908392254953526,145.1389070488676,0.23945782381761838,0.23945782381761838,,,
2026-09-10T11:19:43.565,1789003184,native,True,-37.9082956,145.1390466,2342.753811431583,1655.6843941519037,2342.753811431583,1655.6843941519037,2342.7542,1655.6839,2336.6949,1651.0623,:310326092_3,,,0,4.8467000015079975,3.835,4.444,,2.02,True,0,5.86381037335558,True,2342.618892147436,1655.8509693043118,-37.90829407518284,145.13904510381545,0.21436066484911623,0.21436066484911623,,,
2026-09-10T11:19:49.683,1789003190,native,True,-37.90813547,145.1388769,2327.4793796770973,1673.1553421178833,2327.4793796770973,1673.1553421178833,2327.4817,1673.1556,2337.0061,1666.7993,46410626#2,,,0,5.108300014398992,5.193,4.285,,2.05,True,0,20.939288495750745,False,2327.298560671558,1672.9470344062763,-37.90813731397367,145.13887479686304,0.2758398366429212,0.2758398366429212,,,
2026-09-10T11:19:53.753,1789003194,native,True,-37.90805319,145.1386823,2310.1881978353485,1681.9439420886338,2310.1881978353485,1681.9439420886338,2310.1909,1681.9439,2321.0022,1679.8716,46410626#2,,,0,4.9842000007629395,4.599,5.208,,2.05,True,0,41.17106245104735,False,2311.9798528175443,1685.6346479023575,-37.90802026536316,145.1387035083345,4.102601245390669,4.102601245390669,,,
2026-09-10T11:19:57.818,1789003198,native,True,-37.90790009,145.1386052,2303.0704784256523,1698.7973118051887,2303.0704784256523,1698.7973118051887,2303.0737,1698.797,2306.7862,1689.3603,46410626#1,,,0,5.323300021700561,4.588,3.991,,2.04,True,0,9.441952517280692,False,2302.340636203024,1698.5631609104807,-37.907902068018316,145.13859684880117,0.7664830796718681,0.7664830796718681,,,
2026-09-10T11:20:01.898,1789003202,native,True,-37.90772029,145.1384638,2290.2403985547717,1718.5005525471643,2290.2403985547717,1718.5005525471643,2290.2435,1718.5002,2296.7701,1707.4069,46410626#0,,,0,6.967100023757666,5.978,5.421,,2.03,True,0,7.506778142266643,False,2289.186430245648,1717.7715735134484,-37.90772666725057,145.13845165128703,1.2815067804091154,1.2815067804091154,,,
2026-09-10T11:20:05.966,1789003206,native,True,-37.90760563,145.1383182,2277.18534896028,1730.9681518496946,2277.18534896028,1730.9681518496946,2277.1818,1730.9685,2282.8327,1724.7321,46410626#0,,,0,6.5747000044211745,4.307,4.935,,2.02,True,0,24.55797720095846,False,2276.1879509205373,1728.0399511030068,-37.907631828600394,145.13830619513348,3.093406287991422,3.093406287991422,,,
2026-09-10T11:20:10.039,1789003210,native,True,-37.90759571,145.1381219,2259.9048933709273,1731.7242507748306,2259.9048933709273,1731.7242507748306,2259.9015,1731.7239,2268.0068,1729.2435,46410626#0,,,0,6.07599999057129,4.189,4.325,,2.02,True,0,41.15195503900583,False,2259.7586784391024,1729.880243499649,-37.90761229501136,145.13811981886593,1.8497950257289009,1.8497950257289009,,,
2026-09-10T11:20:24.294,1789003224,native,True,-37.90746386,145.1379608,2245.4489310539793,1746.0720699038357,2245.4489310539793,1746.0720699038357,2245.4484,1746.0726,2252.6388,1742.0403,-310292416#2,,,0,5.076100002042949,3.358,0.934,,2.02,True,0,66.04861160146324,False,2244.915514832434,1744.514569724441,-37.90747779440511,145.1379543815875,1.6463109287806146,1.6463109287806146,,,
2026-09-10T11:20:28.361,1789003229,native,True,-37.90741715,145.1376664,2219.4620252755703,1750.7382044531405,2219.4620252755703,1750.7382044531405,2219.4604,1750.7381,2230.8117,1749.0708,-310292416#2,,,0,5.395499989390373,5.616,4.973,,2.18,True,0,39.79851081716377,False,2219.4997985180416,1749.988493624939,-37.90742391039458,145.1376666591831,0.7506618038565739,0.7506618038565739,,,
2026-09-10T11:20:32.414,1789003233,native,True,-37.9074336,145.1374265,2198.406706960057,1748.4914540946484,2198.406706960057,1748.4914540946484,2198.4108,1748.4912,2208.136,1749.4069,-310292416#2,,,0,5.842799961101264,4.564,5.795,,2.5,True,0,18.67513946449492,False,2198.5459493110006,1747.8646133017842,-37.907439271810894,145.13742794073127,0.6421197800215621,0.6421197800215621,,,
2026-09-10T11:20:40.544,1789003241,native,True,-37.90744229,145.1372302,2181.1674619233236,1747.1823327587917,2181.1674619233236,1747.1823327587917,2181.1632,1747.1817,2184.2719,1745.4977,-310292416#2,,,0,5.426799994893372,1.548,2.05,,3.26,True,0,1.1925680718792668,False,2181.3027553177235,1745.2858599111864,-37.90745939828652,145.13723130737887,1.9012926035390885,1.9012926035390885,,,
2026-09-10T11:20:46.653,1789003247,native,True,-37.90761376,145.1371555,2174.98011955939,1728.0239575505257,2174.98011955939,1728.0239575505257,2174.9836,1728.0246,2176.721,1736.9011,-46410634#0,,,0,5.377099965699017,4.333,3.39,,3.47,True,0,5.369153951116741,False,2175.3502584085822,1727.9573197874095,-37.90761442691886,145.13715969318525,0.3760895626768848,0.3760895626768848,,,
2026-09-10T11:20:50.731,1789003251,native,True,-37.90779203,145.1371475,2174.672061439138,1708.228199834004,2174.672061439138,1708.228199834004,2174.6749,1708.2284,2175.1885,1718.4815,-46410634#0,,,0,5.475000012665987,5.021,4.77,,3.64,True,0,25.11137358873957,False,2175.248352492605,1708.2343608359774,-37.907792078238174,145.13715405360534,0.5763239854905278,0.5763239854905278,,,
2026-09-10T11:20:54.798,1789003255,native,True,-37.90794951,145.1371449,2174.792668128095,1690.7488877745345,2174.792668128095,1690.7488877745345,2174.794,1690.7493,2175.3028,1698.8978,-46410634#0,,,0,5.31310000224039,4.186,4.69,,3.76,True,0,42.589144677438206,False,2175.350354249454,1690.7568873952723,-37.907949538326825,145.13715124250572,0.557743492914418,0.557743492914418,,,
2026-09-10T11:21:00.898,1789003261,native,True,-37.90813887,145.137122,2173.1992279656697,1669.6963511444628,2173.1992279656697,1669.6963511444628,2173.2,1669.6962,2173.6812,1675.0906,:268380646_w0,,,0,5.235699994955212,2.921,3.73,,4.12,True,0,5.975545008220786,True,2178.5453509615168,1675.1210444138842,-37.908090965283805,145.137184016091,7.616319856336798,7.616319856336798,,,
2026-09-10T11:21:11.046,1789003271,native,True,-37.90795559,145.1370127,2163.1833308822243,1689.8419557744637,2163.1833308822243,1689.8419557744637,2163.1805,1689.8414,2173.4064,1681.1534,46410633#3,,,0,5.44500001706183,4.172,3.491,,4.33,True,0,50.12426567519334,False,2161.333468634479,1689.4855017149869,-37.90795846801127,145.13699158674723,1.883892202901077,1.883892202901077,,,
2026-09-10T11:21:21.184,1789003281,native,True,-37.9080844,145.1367897,2143.8631941163912,1675.156740645878,2143.8631941163912,1675.156740645878,2143.8602,1675.1563,2152.8677,1682.7406,5094891#0,,,0,5.218399979639798,5.53,4.569,,4.34,True,0,10.622895634964681,False,2144.7370818635795,1674.0622286022747,-37.90809441699268,145.13679938708339,1.4005843095931776,1.4005843095931776,,,
2026-09-10T11:21:25.262,1789003285,native,True,-37.90810962,145.1365158,2119.838313253247,1671.8768738908693,2119.838313253247,1671.8768738908693,2119.8391,1671.8767,2132.6564,1669.0603,5094891#1,,,0,5.430600023828447,6.055,5.818,,4.23,True,0,0.7234867994723925,False,2118.829647881038,1669.8069783436958,-37.90812808452823,145.1365038613802,2.3025797291955943,2.3025797291955943,,,
2026-09-10T11:21:29.341,1789003289,native,True,-37.90802943,145.136232,2094.709206078667,1680.2763410946354,2094.709206078667,1680.2763410946354,2094.7059,1680.2768,2108.073,1676.9066,1209653407,,,0,5.566600011661649,6.659,6.391,,4.01,True,0,7.625513928197967,False,2095.048454470939,1681.3187178951907,-37.90802010109624,145.1362360940751,1.0961928963438932,1.0961928963438932,,,
2026-09-10T11:21:31.365,1789003292,native,True,-37.9079785,145.136015,2075.5179183037253,1685.5463327495381,2075.5179183037253,1685.5463327495381,2075.5149,1685.5459,2095.0452,1681.3198,1209653407,,,0,5.325399979483336,6.499,6.659,,4.65,True,0,27.697986477876846,False,2075.5586442382582,1685.9068173068601,-37.907975259997,145.13601554499002,0.3627777802060601,0.3627777802060601,,,
2026-09-10T11:21:35.439,1789003296,native,True,-37.90794316,145.1357207,2049.565099434112,1688.9504312239587,2049.565099434112,1688.9504312239587,2049.5628,1688.9502,2062.6851,1686.8282,24801549#0,,,0,5.818700010422617,6.541,6.363,,4.01,True,0,22.513116369805708,False,2049.5055507505385,1688.4506356390225,-37.907947651560164,145.13571990931436,0.5033305796761329,0.5033305796761329,,,
2026-09-10T11:21:39.516,1789003300,native,True,-37.90791177,145.1354322,2024.1309489983832,1691.926336184144,2024.1309489983832,1691.926336184144,2024.1351,1691.926,2036.8252,1690.0116,24801549#1,,,0,7.149400014895946,6.44,6.408,,3.54,True,0,0.8867573276905575,False,2024.090090321719,1691.599988709785,-37.907914702460126,145.1354316612388,0.3288952804149531,0.3288952804149531,,,
2026-09-10T11:21:43.602,1789003304,native,True,-37.90788106,145.1351673,2000.7731635177624,1694.8682130109519,2000.7731635177624,1694.8682130109519,2000.7712,1694.8682,2011.9746,1693.1144,24801549#1,,,0,7.472999976016581,5.719,6.184,,3.36,True,0,24.42793491773256,False,2000.725791228695,1694.4793739953693,-37.90788455422468,145.13516667295835,0.3917140714994848,0.3917140714994848,,,
2026-09-10T11:21:47.688,1789003308,native,True,-37.90785275,145.1349202,1978.985637048143,1697.5750178033486,1978.985637048143,1697.5750178033486,1978.9819,1697.5752,1989.9107,1695.747,:cluster_12594322007_592653429_592653430_592653431_11,,,0,6.748399988282472,5.628,5.651,,3.77,True,0,2.6016070336317614,True,1979.274496038685,1697.38728985513,-37.90785449316088,145.134923441511,0.3445015224339568,0.3445015224339568,,,
2026-09-10T11:21:51.743,1789003312,native,True,-37.90785064,145.1346478,1955.0319253352936,1697.3299771910533,1955.0319253352936,1697.3299771910533,1955.0328,1697.3302,1967.0232,1698.5415,24801549#3,,,0,6.97400001809001,5.853,5.933,,3.59,True,0,22.574146166513515,False,1955.3626072612503,1700.009374691899,-37.90782656291522,145.1346521692888,2.6997261905038368,2.6997261905038368,,,
2026-09-10T11:21:55.821,1789003316,native,True,-37.90782226,145.1344137,1934.3871577330283,1700.0673014819622,1934.3871577330283,1700.0673014819622,1934.3874,1700.0669,1944.899,1701.4376,24801549#4,,,0,7.2746999794617295,5.244,5.281,,3.7,True,0,2.522254016590282,False,1934.6945044065285,1702.720270830951,-37.90779841679046,145.13441779803716,2.67071307788494,2.67071307788494,,,
2026-09-10T11:21:59.874,1789003320,native,True,-37.90778701,145.1341546,1911.529148763162,1703.522911223583,1911.529148763162,1703.522911223583,1911.5319,1703.5226,1923.1691,1704.0555,24801549#4,,,0,6.16350001655519,5.683,5.628,,3.72,True,0,25.626161010337768,False,1911.7441049685438,1705.3791585707174,-37.9077703272151,145.1341574663737,1.868652023244564,1.868652023244564,,,
2026-09-10T11:22:03.940,1789003324,native,True,-37.90776125,145.1338971,1888.8328669739421,1705.9282168708742,1888.8328669739421,1705.9282168708742,1888.8355,1705.9283,1900.2057,1706.7159,24801549#4,,,0,6.432600028347224,5.535,5.752,,3.84,True,0,48.448541226228116,False,1889.0733617811688,1708.0056471107182,-37.90774257935737,145.13390030713313,2.091304414407775,2.091304414407775,,,
2026-09-10T11:22:08.008,1789003328,native,True,-37.90772916,145.1336486,1866.913774946006,1709.0517094284296,1866.913774946006,1709.0517094284296,1866.9129,1709.0522,1878.0299,1709.2851,:9106614569_0,,,0,6.332700024358928,5.486,5.528,,3.85,True,0,2.892144633506765,True,1867.0876257715572,1710.5575897997571,-37.90771562600961,145.13365091938266,1.5158825159933556,1.5158825159933556,,,
2026-09-10T11:22:12.084,1789003332,native,True,-37.90770957,145.1334429,1848.7853604147676,1710.8634267011657,1848.7853604147676,1710.8634267011657,1848.7824,1710.8636,1858.1245,1711.6405,1209653409#0,,,0,7.187600014731288,4.646,4.618,,3.81,True,0,16.04040572848598,False,1849.0173748529028,1712.750263992212,-37.90769261475136,145.1334459674386,1.9010485691812338,1.9010485691812338,,,
2026-09-10T11:22:16.141,1789003336,native,True,-37.90782684,145.1333279,1838.935266256216,1697.6481251344085,1838.935266256216,1697.6481251344085,1838.9373,1697.6487,1841.0553,1706.4471,-5094896#1,,,0,6.321199994999915,4.226,4.412,,3.94,True,0,4.029917585167709,False,1839.4294209735929,1697.5735915717512,-37.90782760055187,145.13333350136932,0.49974407116865077,0.49974407116865077,,,
2026-09-10T11:22:20.216,1789003340,native,True,-37.90797133,145.1332927,1836.1615844015032,1681.5528365634382,1836.1615844015032,1681.5528365634382,1836.1621,1681.5527,1838.1512,1688.9453,:cluster_592653437_9237664413_1,,,0,5.880100012291223,3.914,4.357,,4.3,True,0,7.4572048468990895,True,1836.3466248228935,1681.8747452082355,-37.90796846354597,145.13329487712645,0.3713019433608604,0.3713019433608604,,,
2026-09-10T11:22:26.318,1789003346,native,True,-37.9081519,145.1332445,1832.3251494358992,1661.4310451969504,1832.3251494358992,1661.4310451969504,1832.3225,1661.431,1835.1081,1667.1031,5094896#0,,,0,5.620800016913563,3.144,3.426,,4.86,True,0,10.025759140524741,False,1831.1568644641197,1661.5815141736066,-37.908150333792385,145.1332312512766,1.177934925291607,1.177934925291607,,,
2026-09-10T11:22:30.383,1789003351,native,True,-37.90832277,145.1332506,1833.2411328773596,1642.4812095686793,1833.2411328773596,1642.4812095686793,1833.2432,1642.4812,1832.2618,1649.8516,4577074#0,,,0,5.121700000017881,3.936,3.672,,5.36,True,0,0.523852514717894,False,1832.5472549238366,1641.9531417861217,-37.90832740179593,145.13324259060903,0.8719645619866987,0.8719645619866987,,,
2026-09-10T11:22:34.465,1789003355,native,True,-37.9084225,145.1334137,1847.8021547304234,1631.7018112195656,1847.8021547304234,1631.7018112195656,1847.8025,1631.7022,1838.4233,1634.8712,4577074#2,,,0,4.9103000201284885,4.575,4.215,,5.21,True,0,7.4605400887517845,False,1846.2217075937685,1628.9525976474306,-37.908446980519294,145.1333951049308,3.1711178497450314,3.1711178497450314,,,
2026-09-10T11:22:38.555,1789003359,native,True,-37.90845088,145.1335985,1864.1124398988904,1628.877931687981,1864.1124398988904,1628.877931687981,1864.1113,1628.878,1856.7338,1626.2473,4577074#2,,,0,5.131599958986044,3.689,4.415,,4.96,True,0,25.90595656813286,False,1864.0887361146995,1626.3865989726248,-37.90847331826462,145.13359766338144,2.491445477627074,2.491445477627074,,,
2026-09-10T11:22:42.633,1789003363,native,True,-37.9084549,145.1338016,1881.9774956601905,1628.7893339544535,1881.9774956601905,1628.7893339544535,1881.9805,1628.7889,1871.966,1626.3098,4577074#2,,,0,5.027300037909299,4.722,3.851,,5.43,True,0,43.771435600783065,False,1881.9533656146548,1626.212375279077,-37.908478109530655,145.13380073910716,2.5770716469853903,2.5770716469853903,,,
2026-09-10T11:22:46.709,1789003367,native,True,-37.90847061,145.1340247,1901.6268718617503,1627.4387140953913,1901.6268718617503,1627.4387140953913,1901.6227,1627.4381,1892.1244,1626.0055,4577074#2,,,0,5.156300030648708,4.727,5.024,,5.51,True,0,62.7117381076866,False,1900.7012405023954,1624.364399037844,-37.90849813728962,145.13401347618725,3.210639575923151,3.210639575923151,,,
2026-09-10T11:22:50.782,1789003371,native,True,-37.90853195,145.1342485,1921.4391202077968,1621.025950522162,1921.4391202077968,1621.025950522162,1921.4411,1621.0259,1910.32,1621.4636,4577074#2,,,0,5.222600011620671,5.37,5.042,,5.33,True,0,83.5322272121073,False,1920.6350020148325,1618.3529168152486,-37.90855588437813,145.13423874914366,2.7913644094871524,2.7913644094871524,,,
2026-09-10T11:22:54.853,1789003375,native,True,-37.9085913,145.134473,1941.3084587957128,1614.8351917639375,1941.3084587957128,1614.8351917639375,1941.3076,1614.8348,1931.0576,1615.2098,4577074#2,,,0,5.582899961154908,4.956,5.354,,5.27,True,0,104.30654276603151,False,1940.4923670311896,1612.2506382000859,-37.90861443518838,145.1344631332028,2.710336306169528,2.710336306169528,,,
2026-09-10T11:22:58.943,1789003379,native,True,-37.90864739,145.1346531,1957.266982971225,1608.928022584878,1957.266982971225,1608.928022584878,1957.2651,1608.9277,1949.8123,1608.7343,4577074#2,,,0,5.494200042448938,3.167,5.1,,5.29,True,0,119.99942751888268,False,1955.0919933900977,1606.5281117887766,-37.90866861694599,145.13462782495634,3.238850337273283,3.238850337273283,,,
2026-09-10T11:23:05.048,1789003385,native,True,-37.90883049,145.1347111,1962.7727506604278,1588.7123829396442,1962.7727506604278,1588.7123829396442,1962.7691,1588.7128,1961.7043,1597.7863,405414870#0,,,0,5.247100023552775,4.538,3.778,,5.67,True,0,8.869089860042543,False,1962.4549579493762,1588.7062204741446,-37.90883048823092,145.1347074853725,0.3178524550457204,0.3178524550457204,,,
2026-09-10T11:23:09.132,1789003389,native,True,-37.90899737,145.1347163,1963.6004516031244,1570.2037075925618,1963.6004516031244,1570.2037075925618,1963.6,1570.2039,1962.3937,1578.8675,:cluster_26582434_9215816595_0,,,0,5.03589998697862,4.496,4.729,,5.3,True,0,0.14646249984153198,True,1961.788694797454,1570.343974467112,-37.90899577986987,145.13469573263254,1.8171784499573507,1.8171784499573507,,,
2026-09-10T11:23:13.188,1789003393,native,True,-37.9091582,145.1347941,1970.7974962597364,1552.4940827796236,1970.7974962597364,1552.4940827796236,1970.8004,1552.4937,1963.8636,1559.2224,:588090419_0,,,0,5.131299956701696,4.544,5.03,,4.69,True,0,6.9658459830088075,True,1968.1987571871,1551.1040451053525,-37.909170253400774,145.13476423660796,2.947142599797273,2.947142599797273,,,
2026-09-10T11:23:17.235,1789003397,native,True,-37.90933153,145.1348773,1978.497015431407,1533.4068896165118,1978.497015431407,1533.4068896165118,1978.4954,1533.407,1972.8704,1542.3515,:588090556_0,,,0,5.137800006195903,5.323,4.977,,4.19,True,0,5.066011955439441,True,1976.535052612959,1533.4551781765012,-37.90933074138662,145.13485500379372,1.9625569764973145,1.9625569764973145,,,
2026-09-10T11:23:21.314,1789003401,native,True,-37.90950811,145.134894,1980.3572612659773,1513.8420815998688,1980.3572612659773,1513.8420815998688,1980.3539,1513.8417,1976.7385,1523.4914,998107627#1,,,0,5.076900008134544,4.593,0.0,,3.88,True,0,1.8164932214927134,False,1976.8544467265085,1513.8335122212488,-37.90950755585927,145.1348541715357,3.5028250216309353,3.5028250216309353,,,
2026-09-10T11:23:25.395,1789003406,native,True,-37.9097236,145.1348804,1979.6400215658941,1489.90632993076,1979.6400215658941,1489.90632993076,1979.642,1489.9062,1976.8871,1500.4873,998107627#2,,,0,5.180399981327355,5.144,4.769,,3.6,True,0,4.409851885547357,False,1976.920022364765,1489.9001595034888,-37.90972316533625,145.13484947249302,2.72000620005107,2.72000620005107,,,
2026-09-10T11:23:29.478,1789003410,native,True,-37.90990039,145.1348532,1977.6412092532846,1470.240996430628,1977.6412092532846,1470.240996430628,1977.6452,1470.2412,1976.9426,1479.9807,998107627#2,,,0,5.392199964262545,4.743,5.09,,3.46,True,0,24.070541077276776,False,1976.9647056338906,1470.239521088136,-37.90990028135678,145.1348455078714,0.6765052281310528,0.6765052281310528,,,
2026-09-10T11:23:33.535,1789003414,native,True,-37.91004313,145.134873,1979.6988614000147,1454.4366931086406,1979.6988614000147,1454.4366931086406,1979.6981,1454.4362,1976.9856,1461.3727,998107627#4,,,0,5.16479997895658,3.389,4.251,,3.22,True,0,1.1896231338778454,False,1976.9840039918192,1454.450391976934,-37.910042517269986,145.13484213534147,2.714891969457795,2.714891969457795,,,
2026-09-10T11:23:39.637,1789003420,native,True,-37.91007754,145.1351097,2000.5849634765182,1451.0347290365025,2000.5849634765182,1451.0347290365025,2000.587,1451.0348,1987.2151,1444.5235,998107635#1,,,0,5.310299980919808,4.545,3.254,,2.89,True,0,2.8750301032422456,False,2000.6699271228463,1453.105247155074,-37.91005890356281,145.13511113699954,2.0722606256285014,2.0722606256285014,,,
2026-09-10T11:23:43.713,1789003424,native,True,-37.9101239,145.1353626,2022.921807691455,1446.3351707188413,2022.921807691455,1446.3351707188413,2022.9258,1446.3349,2010.5026,1443.871,-403774582#2,,,0,4.998499993234873,5.916,5.316,,2.73,True,0,14.215707785519426,False,2022.4380160882636,1442.3935092623854,-37.910159320308786,145.13535620284122,3.9712402788837275,3.9712402788837275,,,
2026-09-10T11:23:47.785,1789003428,native,True,-37.91012645,145.1355783,2041.890923655359,1446.4315140862018,2041.890923655359,1446.4315140862018,2041.8912,1446.4319,2032.9767,1441.0068,988580237#0,,,0,5.458100000396371,4.229,5.273,,2.61,True,0,4.6029677264188065,False,2046.9890289138555,1446.412951310266,-37.91012753573559,145.13563626103752,5.0981390529642265,5.0981390529642265,,,
2026-09-10T11:23:53.879,1789003434,native,True,-37.90999368,145.1356649,2049.2097868950223,1461.3165968116373,2049.2097868950223,1461.3165968116373,2049.2137,1461.3167,2046.9882,1446.1823,:9137640172_3,,,0,5.118600034620613,2.293,2.933,,2.53,True,0,0.1086346584430492,True,2050.2550309248563,1461.4624102220794,-37.90999255478855,145.13567681752008,1.0553656392779287,1.0553656392779287,,,
2026-09-10T11:23:57.944,1789003438,native,True,-37.91016206,145.1357738,2059.1575018548756,1442.8237984087318,2059.1575018548756,1442.8237984087318,2059.1551,1442.8237,2053.349,1458.4901,403774582#4,,,0,4.942999978084117,3.003,2.548,,19.28,True,0,5.356834370798961,False,2058.4270149015815,1437.5211191382928,-37.91020969628877,145.1357642886392,5.352758039933895,5.352758039933895,,,
2026-09-10T11:24:02.018,1789003442,native,True,-37.90983805,145.1358294,2063.326622217777,1478.8752911016345,2063.326622217777,1478.8752911016345,2063.3265,1478.8755,2062.9349,1453.617,-773028723,,,0,4.917199956253171,5.267,3.863,,2.4,True,0,18.859818784325373,False,2064.0774526920286,1478.8693178915635,-37.909838239066815,145.13583793552291,0.7508542337252673,0.7508542337252673,,,
2026-09-10T11:24:06.109,1789003446,native,True,-37.90962757,145.135844,2064.143136160914,1502.2568518230692,2064.143136160914,1502.2568518230692,2064.1435,1502.2567,2064.1609,1490.3242,-773028723,,,0,5.119699984788895,5.979,5.85,,2.33,True,0,42.24608824988058,False,2064.247894716488,1502.2549662475928,-37.9096276058573,145.13584519066413,0.10477552367274505,0.10477552367274505,,,
2026-09-10T11:24:10.168,1789003450,native,True,-37.90941404,145.1358462,2063.862724269333,1525.9550538938493,2063.862724269333,1525.9550538938493,2063.8632,1525.9555,2064.335,1514.2042,-773028723,,,0,7.494499965105206,5.917,6.014,,2.6,True,0,65.94098792698769,False,2064.4205860761035,1525.9492366183488,-37.90941419289793,145.1358525414841,0.5578921366605782,0.5578921366605782,,,
2026-09-10T11:24:14.251,1789003454,native,True,-37.90920885,145.1358447,2063.275529487699,1548.7213029824197,2063.275529487699,1548.7213029824197,2063.2792,1548.721,2064.5058,1537.6417,-773028723,,,0,6.554400024469942,5.645,5.896,,2.63,True,0,88.70174831192975,False,2064.586469313016,1548.7093925064894,-37.909209193446706,145.13585960244373,1.3109939302070843,1.3109939302070843,,,
2026-09-10T11:24:20.309,1789003460,native,True,-37.90909699,145.1359749,2074.47411829303,1561.3627334022895,2074.47411829303,1561.3627334022895,2074.4763,1561.363,2066.2609,1561.1338,298236180#1,,,0,5.766699963714927,3.547,3.048,,3.91,True,0,0.8233794382350004,False,2073.327475756733,1558.4117808488122,-37.909123366397516,145.1359611919934,3.1658979893420827,3.1658979893420827,,,
2026-09-10T11:24:24.365,1789003465,native,True,-37.90928326,145.1360713,2083.362611477496,1540.8627694705501,2083.362611477496,1540.8627694705501,2083.3653,1540.8628,2083.7888,1551.3802,773028722,,,0,4.767199978232384,5.051,4.332,,3.95,True,0,5.542634029339559,False,2083.926930010575,1540.8576200455568,-37.90928340803233,145.13607771503757,0.5643420269250119,0.5643420269250119,,,
2026-09-10T11:24:28.443,1789003469,native,True,-37.90947955,145.1360637,2083.129963112995,1519.0681111337617,2083.129963112995,1519.0681111337617,2083.1338,1519.0679,2083.8234,1530.0464,773028722,,,0,5.286800034809858,5.455,5.401,,3.66,True,0,27.33752174858291,False,2083.7182468367155,1519.0637314061382,-37.909479695416195,145.13607038771053,0.5883000268642319,0.5883000268642319,,,
2026-09-10T11:24:32.514,1789003473,native,True,-37.90967803,145.1360504,2082.401055826689,1497.0204187706113,2082.401055826689,1497.0204187706113,2082.3993,1497.0208,2083.611,1507.8606,773028722,,,0,5.049799976404756,5.405,5.561,,3.43,True,0,49.39017169238553,False,2083.50709562357,1497.0120923580066,-37.90967830422985,145.1360629736634,1.1060711375997005,1.1060711375997005,,,
2026-09-10T11:24:36.583,1789003477,native,True,-37.90985548,145.1360508,2082.829947071383,1477.3304009987041,2082.829947071383,1477.3304009987041,2082.8278,1477.3301,2083.4075,1486.613,773028722,,,0,4.6110000112093985,4.631,5.214,,3.54,True,0,69.07427793208852,False,2083.3186229038383,1477.3288884396952,-37.90985558164784,145.13605635586234,0.48867817330108565,0.48867817330108565,,,
2026-09-10T11:24:42.692,1789003483,native,True,-37.91002129,145.1360468,2082.8461824333062,1458.9242792464793,2082.8461824333062,1458.9242792464793,2082.8455,1458.9242,2083.1843,1463.3019,773028722,,,0,4.975499992724508,2.38,3.161,,3.63,True,0,87.47855680175779,False,2083.142404362289,1458.9254532240034,-37.91002133278159,145.13605016829476,0.2962242553094063,0.2962242553094063,,,
2026-09-10T11:24:48.788,1789003489,native,True,-37.91008491,145.1362928,2104.614660418476,1452.2971154348925,2104.614660418476,1452.2971154348925,2104.616,1452.2967,2096.3683,1453.7865,-298236187#1,,,0,5.0829999963752925,4.396,4.025,,3.82,True,0,2.2382696313307533,False,2104.4608199893987,1451.0810564264523,-37.910095836866354,145.13629077440643,1.2257513571794374,1.2257513571794374,,,
2026-09-10T11:24:54.896,1789003495,native,True,-37.90992375,145.1363791,2111.8442850190913,1470.331904192455,2111.8442850190913,1470.331904192455,2111.8425,1470.3323,2112.4043,1461.5467,-298236187#0,,,0,4.6249000006355345,4.248,3.459,,3.91,True,0,16.938462522137815,False,2112.5166130485622,1470.327077416162,-37.909923914562164,145.13638674322877,0.6723453554399199,0.6723453554399199,,,
2026-09-10T11:25:01.001,1789003501,native,True,-37.90975949,145.1363835,2111.8667216035537,1488.5667310124263,2111.8667216035537,1488.5667310124263,2111.8641,1488.5671,2112.7038,1484.9618,:3021408819_0,,,0,4.667999979574233,2.065,3.224,,3.84,True,0,1.4388415416926794,True,2113.5364123781264,1487.414793573135,-37.90977016764722,145.13640222239394,2.0285036718562006,2.0285036718562006,,,
2026-09-10T11:25:09.140,1789003509,native,True,-37.90997426,145.1364238,2115.8861844663043,1464.8056319681928,2115.8861844663043,1464.8056319681928,2115.8903,1464.8061,2115.7681,1474.31,298236187#0,,,0,6.075499986764044,4.586,3.841,,4.15,True,0,21.38130525688692,False,2115.6466540541023,1464.810442088714,-37.90997417353239,145.13642107764622,0.23957870445649854,0.23957870445649854,,,
2026-09-10T11:25:15.239,1789003515,native,True,-37.91010291,145.1362808,2103.599602974835,1450.2786547653377,2103.599602974835,1450.2786547653377,2103.6007,1450.2782,2111.5612,1451.1905,-298236187#1,,,0,5.274399998597801,3.892,3.251,,4.13,True,0,1.483043409346986,False,2103.7114815420455,1451.1751762314339,-37.91009485405303,145.1362822758531,0.903475264172897,0.903475264172897,,,
2026-09-10T11:25:19.318,1789003519,native,True,-37.91006799,145.1360619,2084.27733167354,1453.7687630364671,2084.27733167354,1453.7687630364671,2084.2741,1453.7684,2094.2888,1452.6099,:3021408831_2,,,0,5.001100013032556,4.96,4.514,,3.94,True,0,3.2405414782922195,True,2084.6848089654686,1452.9123304986501,-37.91007577836077,145.13606633829116,0.9484273484400401,0.9484273484400401,,,
2026-09-10T11:25:23.376,1789003524,native,True,-37.91003613,145.1357942,2060.671531811531,1456.833476019092,2060.671531811531,1456.833476019092,2060.6748,1456.8335,2069.1789,1456.2407,:cluster_3021408830_9137640151_6,,,0,5.591200024355203,4.2,5.073,,3.77,True,0,0.1572211800667716,True,2060.6969312854308,1457.2504568812915,-37.91003237830554,145.1357945836037,0.4177537225628053,0.4177537225628053,,,
2026-09-10T11:25:31.493,1789003532,native,True,-37.91015503,145.1356393,2047.3172200298868,1443.3673962187022,2047.3172200298868,1443.3673962187022,2047.3185,1443.3669,2050.2009,1449.6742,988580237#0,,,0,5.061800009571016,3.081,2.657,,4.02,True,0,1.5573880269802456,False,2046.98,1443.3673880269803,-37.91015496931834,145.13563546581798,0.3372200299862901,0.3372200299862901,,,
2026-09-10T11:25:37.600,1789003538,native,True,-37.91015138,145.1353653,2023.220175952476,1443.290603053756,2023.220175952476,1443.290603053756,2023.2166,1443.2904,2032.711,1441.0434,-403774582#2,,,0,5.09669998427853,4.718,4.124,,4.4,True,0,14.88605521344386,False,2023.1032852708165,1442.3111527880178,-37.910160182073206,145.13536374819762,0.986400656180614,0.986400656180614,,,
2026-09-10T11:25:41.683,1789003542,native,True,-37.91012351,145.135127,2002.2079585826723,1445.964099231176,2002.2079585826723,1445.964099231176,2002.2105,1445.9637,2012.7152,1443.5971,-403774582#1,,,0,5.115400010254234,5.242,5.17,,4.66,True,0,17.33055738022232,False,2002.1056857950418,1444.7668274589505,-37.910134276894766,145.13512556482883,1.2016319817888823,1.2016319817888823,,,
2026-09-10T11:25:45.745,1789003546,native,True,-37.91012343,145.1348994,1982.1981239704182,1445.5726483929902,1982.1981239704182,1445.5726483929902,1982.1949,1445.5723,1992.0854,1445.0477,:9199366844_w0,,,0,5.092400009743869,4.922,5.135,,4.6,True,0,2.1688815211264987,True,1983.867976477912,1441.8343214685374,-37.910157406754195,145.1349175357269,4.09432480280597,4.09432480280597,,,
2026-09-10T11:25:49.813,1789003550,native,True,-37.91017878,145.1346982,1964.6323463944136,1439.0768063087016,1964.6323463944136,1439.0768063087016,1964.6293,1439.0764,1974.0156,1441.4638,1004615767#2,,,0,5.031700013205409,4.807,0.0,,4.49,True,0,8.941700877813666,False,1965.187877532096,1437.8634674354093,-37.91018981019748,145.13470424031712,1.3344684583672142,1.3344684583672142,,,
2026-09-10T11:25:55.927,1789003556,native,True,-37.91028904,145.1345033,1947.7424008278176,1426.4989255405962,1947.7424008278176,1426.4989255405962,1947.7404,1426.499,1952.3822,1430.5945,1004615767#1,,,0,6.445500010158867,3.062,3.297,,4.18,True,0,15.129377879854424,False,1947.5489743319788,1426.7449523124897,-37.91028678885957,145.13450115672563,0.3129584345896088,0.3129584345896088,,,
2026-09-10T11:26:02.047,1789003562,native,True,-37.91029326,145.1342821,1928.3048197856406,1425.6414523730054,1928.3048197856406,1425.6414523730054,1928.3091,1425.6416,1934.8779,1423.2759,:9409570916_w0,,,0,5.272599984891713,3.499,3.731,,4.05,True,0,1.439029316038123,True,1931.7131514656887,1423.7983821896235,-37.91031047733836,145.1343204332452,3.874742900127903,3.874742900127903,,,
2026-09-10T11:26:06.130,1789003566,native,True,-37.91029255,145.1340807,1910.5970207994105,1425.36583421845,1910.5970207994105,1425.36583421845,1910.5928,1425.366,1919.8054,1423.6953,1004615766#2,,,0,5.181100044865161,4.62,4.117,,4.03,True,0,15.83571289502579,False,1910.5605516311373,1423.955384363433,-37.91030524910379,145.13407996434074,1.4109212571052983,1.4109212571052983,,,
2026-09-10T11:26:10.208,1789003570,native,True,-37.91028658,145.1338689,1891.9632129751844,1425.6555494777858,1891.9632129751844,1425.6555494777858,1891.9629,1425.656,1901.0886,1424.2219,1004615766#2,,,0,5.057199974544346,4.65,4.595,,3.95,True,0,34.46651561786827,False,1891.937119157545,1424.4793814999034,-37.910297170503966,145.13386833559844,1.1764573938375338,1.1764573938375338,,,
2026-09-10T11:26:14.287,1789003574,native,True,-37.91028219,145.1336652,1874.0450291526504,1425.7841553520411,1874.0450291526504,1425.7841553520411,1874.0421,1425.7839,1883.0543,1424.7293,:9223325770_0,,,0,5.148899974301457,4.536,4.412,,3.93,True,0,0.4773929211565579,True,1874.0227941069031,1424.9833617650067,-37.91028939973399,145.1336647648943,0.8011022196291605,0.8011022196291605,,,
2026-09-10T11:26:18.367,1789003579,native,True,-37.9102729,145.1333899,1849.8211888439837,1426.3304048506543,1849.8211888439837,1426.3304048506543,1849.8222,1426.33,1858.9663,1425.411,1004615766#3,,,0,5.6656000087969005,4.621,4.742,,3.99,True,0,19.71742055670846,False,1849.791970593303,1425.715193724888,-37.91027843670074,145.1333894277212,0.6159045668279508,0.6159045668279508,,,
2026-09-10T11:26:22.416,1789003583,native,True,-37.91025857,145.1331788,1831.230332446983,1427.5488815456629,1831.230332446983,1427.5488815456629,1831.226,1427.5491,1839.9306,1425.8909,10801654#0,,,0,5.202900036238134,4.396,4.856,,3.92,True,0,4.751189051774364,False,1831.3143950469607,1425.609782827279,-37.91027605303531,145.13317931425507,1.940919977833347,1.940919977833347,,,
2026-09-10T11:26:26.458,1789003587,native,True,-37.91032602,145.1330021,1815.8455229230458,1419.7531748525798,1815.8455229230458,1419.7531748525798,1815.844,1419.7534,1823.5261,1425.272,310292424,,,0,5.1312000141479075,3.813,4.05,,7.19,True,0,2.7845960271261947,False,1814.4376535057916,1419.49206958592,-37.91032811808902,145.13298603310005,1.4318771792012248,1.4318771792012248,,,
2026-09-10T11:26:30.518,1789003591,native,True,-37.91031796,145.1328044,1798.4466787821148,1420.2994213765487,1798.4466787821148,1420.2994213765487,1798.4446,1420.2996,1807.4131,1424.2617,10801654#1,,,0,5.406500014942139,4.589,3.97,,5.87,True,0,12.954034389706838,False,1798.154975253802,1423.3749519180828,-37.91029020224839,145.13280178378162,3.0893331093197784,3.0893331093197784,,,
2026-09-10T11:26:34.588,1789003595,native,True,-37.91030667,145.1325801,1778.7020926092518,1421.157200012356,1778.7020926092518,1421.157200012356,1778.6987,1421.1573,1788.4492,1422.4454,10801654#1,,,0,5.411199992522597,4.866,4.88,,3.16,True,0,32.428746887736835,False,1778.7271635216457,1422.5320343334413,-37.910294289688636,145.1325806982068,1.3750628935005802,1.3750628935005802,,,
2026-09-10T11:26:38.644,1789003599,native,True,-37.91028273,145.13239,1761.9360941640916,1423.4788780817762,1761.9360941640916,1423.4788780817762,1761.9333,1423.4792,1769.7504,1422.6492,10801654#1,,,0,5.057299975305796,4.006,4.453,,2.95,True,0,49.21991596181559,False,1761.9374235813136,1422.7511042088754,-37.91028928619998,145.1323898493307,0.7277750871163267,0.7277750871163267,,,
2026-09-10T11:26:42.726,1789003603,native,True,-37.91026508,145.1321714,1742.678470576473,1425.0523474486545,1742.678470576473,1425.0523474486545,1742.6807,1425.0529,1752.5581,1423.5475,10801654#3,,,0,5.6798000005073845,4.881,4.609,,2.77,True,0,6.0531977867506015,False,1742.6515975882462,1424.8826327289667,-37.91026660397976,145.1321710557902,0.17182911154677635,0.17182911154677635,,,
2026-09-10T11:26:46.792,1789003607,native,True,-37.91026233,145.1319665,1724.6584163095104,1424.9965303782374,1724.6584163095104,1424.9965303782374,1724.6619,1424.9964,1733.5961,1426.0365,:9298348946_w0,,,0,5.26559998979792,4.401,4.641,,4.5,True,0,8.670805582033035,True,1741.1660137899955,1426.5721722531111,-37.91025111605768,145.13215454968156,16.582624095588017,16.582624095588017,,,
2026-09-10T11:26:50.844,1789003611,native,True,-37.91024074,145.1317525,1705.7964276804123,1427.0152196846902,1705.7964276804123,1427.0152196846902,1705.7949,1427.0147,1715.2096,1428.3078,10801654#6,,,0,5.13080001110211,4.429,4.887,,3.84,True,0,1.2962619982379484,False,1706.0933669338524,1429.437703903474,-37.91021897130372,145.1317564282062,2.4406152319629295,2.4406152319629295,,,
2026-09-10T11:26:56.948,1789003617,native,True,-37.91021137,145.1314882,1682.494957019342,1429.8085339386016,1682.494957019342,1429.8085339386016,1682.4988,1429.8085,1693.5767,1429.878,-11527061#5,,,0,5.1392000168561935,5.103,3.605,,2.13,True,0,9.670202364550885,False,1682.714515203496,1431.4372215889803,-37.910196738046665,145.1314910675526,1.6434199885375775,1.6434199885375775,,,
2026-09-10T11:27:01.026,1789003621,native,True,-37.91017974,145.1312163,1658.5202788965544,1432.8391683856025,1658.5202788965544,1432.8391683856025,1658.5206,1432.8397,1670.4439,1433.0766,-11527061#3,,,0,5.1861999672837555,5.845,5.908,,2.12,True,0,10.180153524284485,False,1658.7586135050094,1434.631433705677,-37.9101636378999,145.13121941837716,1.80804268841443,1.80804268841443,,,
2026-09-10T11:27:05.201,1789003625,native,True,-37.91013269,145.1309458,1634.6343538322253,1437.583281177096,1634.6343538322253,1437.583281177096,1634.632,1437.5835,1646.5833,1436.2499,-11527061#3,,,0,4.952799994498491,5.763,5.916,,2.65,True,0,34.48271574820407,False,1634.6679602908807,1437.833770097138,-37.91013043960802,145.13094623920753,0.25273324499791033,0.25273324499791033,,,
2026-09-10T11:27:09.277,1789003629,native,True,-37.91010448,145.1306902,1612.1002685953863,1440.2630135873333,1612.1002685953863,1440.2630135873333,1612.1041,1440.263,1623.4405,1439.3262,-11527061#3,,,0,5.096000037156045,5.623,5.749,,7.51,True,0,57.17321763969243,False,1612.1753108621567,1440.823686110031,-37.91009944288925,145.1306911810598,0.5656721837870186,0.5656721837870186,,,
2026-09-10T11:27:13.336,1789003633,native,True,-37.91007383,145.1304533,1591.2047645297134,1443.246411385946,1591.2047645297134,1443.246411385946,1591.2063,1443.2461,1601.8475,1442.1616,-11527061#2,,,0,4.970300011336803,5.582,5.439,,11.88,True,0,5.7937201851526146,False,1591.224802874355,1443.4370079675766,-37.91007211668275,145.13045357129636,0.19164705107373667,0.19164705107373667,,,
2026-09-10T11:27:17.398,1789003638,native,True,-37.91003236,145.1301295,1562.645254170522,1447.2771513462067,1562.645254170522,1447.2771513462067,1562.6457,1447.2776,1580.5343,1446.6828,-11527061#0,,,0,4.855700011830777,5.711,5.847,,9.11,True,0,12.3645929322883,False,1562.5791406645953,1446.6683082653808,-37.91003783264983,145.1301286094361,0.6124221523879223,0.6124221523879223,,,
2026-09-10T11:27:21.461,1789003642,native,True,-37.91000917,145.1299135,1543.6037610623753,1449.4694873858243,1543.6037610623753,1449.4694873858243,1543.5995,1449.4696,1552.6535,1447.7572,-11527061#0,,,0,5.127100041136146,4.468,5.076,,8.0,True,0,31.530558888975264,False,1543.5274668334541,1448.75827842897,-37.910015562942846,145.1299124703173,0.7152894446840825,0.7152894446840825,,,
2026-09-10T11:27:27.567,1789003648,native,True,-37.90996403,145.1297288,1527.2651620000834,1454.1526716956869,1527.2651620000834,1454.1526716956869,1527.2682,1454.1526,1529.3472,1450.3966,:102748017_1,,,0,6.3794999732635915,3.607,3.793,,6.77,True,0,4.751224368517331,True,1527.2686829462834,1454.1565372273528,-37.90996399581476,145.12972884091462,0.005228708942392635,0.005228708942392635,,,
2026-09-10T11:27:29.588,1789003650,native,True,-37.90981782,145.1297467,1528.5133522440447,1470.4084375463426,1528.5133522440447,1470.4084375463426,1528.514,1470.4085,1527.2686,1454.1526,:cluster_33776489_9553656653_1,,,0,5.792499985545874,4.824,3.607,,6.49,True,0,7.442179947154482,True,1527.2701197708006,1470.7465919150384,-37.9098145491351,145.1297326417404,1.2884003103059403,1.2884003103059403,,,
2026-09-10T11:27:33.646,1789003654,native,True,-37.90961314,145.1297765,1530.677586545702,1493.1733156163245,1530.677586545702,1493.1733156163245,1530.6814,1493.1731,1529.3209,1481.7444,-1164319799#0,,,0,7.325700018554926,5.73,5.454,,6.09,True,0,19.83824153352015,False,1531.1288177948243,1493.1015492676045,-37.909613868038164,145.12978161405846,0.456902669058733,0.456902669058733,,,
2026-09-10T11:27:37.713,1789003658,native,True,-37.90942338,145.1298223,1534.281721253763,1514.3108152458444,1534.281721253763,1514.3108152458444,1534.286,1514.3104,1532.872,1504.052,-1164319799#0,,,0,8.030500030145049,5.171,5.327,,5.49,True,0,41.27957759122948,False,1534.4996619459353,1514.276258277377,-37.90942373068414,145.1298247700629,0.2206633847610306,0.2206633847610306,,,
2026-09-10T11:27:41.762,1789003662,native,True,-37.90923441,145.1298406,1535.4699191846885,1535.312146089971,1535.4699191846885,1535.312146089971,1535.4685,1535.3124,1536.1138,1524.4161,:412622441_5,,,0,5.779899947810918,5.367,5.202,,5.08,True,0,6.766415325906233,True,1537.7457947105697,1534.969733736752,-37.90923790582562,145.12986639811595,2.3014898715706438,2.3014898715706438,,,
2026-09-10T11:27:45.820,1789003666,native,True,-37.90904034,145.1298882,1539.2227491763188,1556.9310750598088,1539.2227491763188,1556.9310750598088,1539.2231,1556.9306,1539.232,1545.139,-45897352#1,,,0,4.95450000744313,5.71,5.188,,4.85,True,0,19.391317305607807,False,1540.8988033416504,1556.6926265764234,-37.909042790887106,145.12990720194085,1.692930962666288,1.692930962666288,,,
2026-09-10T11:27:49.855,1789003670,native,True,-37.90884629,145.1299231,1541.8590956110274,1578.5253828028217,1541.8590956110274,1578.5253828028217,1541.8616,1578.5254,1542.498,1568.1363,-45897352#1,,,0,5.133499973453581,5.136,5.786,,4.68,True,0,41.15489774877205,False,1543.906060326202,1578.2474236757732,-37.908849163828485,145.12994631003284,2.065750667790955,2.065750667790955,,,
2026-09-10T11:27:55.946,1789003676,native,True,-37.90867731,145.1300151,1549.571365167969,1597.438500130549,1549.571365167969,1597.438500130549,1549.5675,1597.438,1544.0664,1592.6264,:cluster_313428767_33776544_585124792_585124793_16,,,0,7.206099980976433,3.008,3.243,,4.6,True,0,16.134128342929515,True,1549.8316489996216,1597.853595247548,-37.90867361776254,145.13001815402154,0.4899506395302375,0.4899506395302375,,,
2026-09-10T11:28:00.032,1789003680,native,True,-37.90871239,145.1302356,1569.0352890252252,1593.9347012527287,1569.0352890252252,1593.9347012527287,1569.0381,1593.9348,1558.9629,1596.4314,:cluster_313428767_33776544_585124792_585124793_14,,,0,7.00939999660477,5.055,4.163,,4.7,True,0,25.982710030072877,True,1568.973331183838,1593.3859708744606,-37.90871732189428,145.13023477042114,0.5522171693669786,0.5522171693669786,,,
2026-09-10T11:28:04.088,1789003684,native,True,-37.9087381,145.1304818,1590.737824139651,1591.5159121314064,1590.737824139651,1591.5159121314064,1590.7412,1591.5165,1579.8198,1592.1689,-250248456,,,0,7.219499966595322,5.376,5.437,,4.47,True,0,9.650304757454814,False,1590.5924285002982,1590.5510975611771,-37.908746765004906,145.13047992689883,0.9757084845738584,0.9757084845738584,,,
2026-09-10T11:28:08.160,1789003688,native,True,-37.90878225,145.1307029,1610.2746436763555,1587.0066220900044,1610.2746436763555,1587.0066220900044,1610.277,1587.0063,1600.8781,1589.0001,-250248456,,,0,7.973900006618351,4.838,5.182,,4.52,True,0,29.641267788036295,False,1610.3599218765116,1587.570357969829,-37.908777187141155,145.1307039981157,0.5701495537344208,0.5701495537344208,,,
2026-09-10T11:28:12.236,1789003692,native,True,-37.90880253,145.1309304,1630.321004306723,1585.1573013653979,1630.321004306723,1585.1573013653979,1630.3219,1585.1571,1619.7553,1586.1536,-250248456,,,0,6.224100012332201,5.346,4.826,,4.59,True,0,49.74573345822528,False,1630.2497297357497,1584.6422069857144,-37.90880715721667,145.1309294722052,0.5200021965808127,0.5200021965808127,,,
2026-09-10T11:28:16.309,1789003696,native,True,-37.90883121,145.1311628,1650.81683539995,1582.3844626629725,1650.81683539995,1582.3844626629725,1650.8185,1582.385,1641.3093,1583.0923,-250248456,,,0,4.950600035954267,4.911,5.506,,4.68,True,0,70.4262704323969,False,1650.7268917675294,1581.749225869674,-37.90883691611828,145.13116163257234,0.6415727866524974,0.6415727866524974,,,
2026-09-10T11:28:20.378,1789003701,native,True,-37.90885718,145.1314319,1674.5331923862686,1579.9769641989842,1674.5331923862686,1579.9769641989842,1674.5305,1579.9773,1665.3871,1579.6586,-250248456,,,0,5.7490000035613775,4.492,4.941,,4.55,True,0,94.24518988242022,False,1674.3072385036442,1578.3864633786106,-37.908871466805316,145.13142896848436,1.6064706709685228,1.6064706709685228,,,
2026-09-10T11:28:24.467,1789003705,native,True,-37.90888369,145.1316283,1691.8591370338108,1577.381375300698,1691.8591370338108,1577.381375300698,1691.8585,1577.3814,1683.2511,1577.6631,-250248456,,,0,5.189699993934482,4.344,4.373,,4.08,True,0,111.84729058984496,False,1691.8620608861718,1577.4637708940118,-37.90888294828895,145.13162835201962,0.08244745423697356,0.08244745423697356,,,
2026-09-10T11:28:30.567,1789003711,native,True,-37.90891637,145.1318871,1714.6848334242823,1574.2110372399911,1714.6848334242823,1574.2110372399911,1714.6809,1574.2115,1706.8797,1575.3214,:cluster_9139137366_9351956757_0,,,0,4.7704000025987625,3.834,3.61,,3.53,True,0,2.3148870606925724,True,1714.6680848609178,1574.3752781247488,-37.90891488745565,145.1318869469948,0.16509264853635136,0.16509264853635136,,,
