wall_time,phone_timestamp,method,kalman,lat,lon,raw_x,raw_y,filt_x,filt_y,match_x,match_y,actual_x,actual_y,edge_id,raw_dist,score,correction_m,match_ms,phone_speed_mps,sumo_speed_mps,phone_course_deg,accuracy_m,matched,lane_index,lane_pos,is_internal_edge,matched_x,matched_y,matched_lat,matched_lon,match_error_raw_m,match_error_filt_m,components,window_len,unmatched_reason
2026-09-10T11:08:54.620,1789002535,hmm,True,-37.90890681,145.1320219,1726.5148374992423,1575.5093499543145,1726.5148374992423,1575.5093499543145,1726.5176,1575.5092,1722.1289,1574.7433,1272942443#3,0.0875279358878031,0.0,0,30.460799927823246,2.245,1.256,2.5,4.68,True,0,,False,1724.08,1574.79,-37.90891285056006,145.13199405261398,2.5388773118229055,2.5388773118229055,emission=-2.462 transition=-- sigma=4.680 num_candidates=5.000,,
2026-09-10T11:08:58.710,1789002539,hmm,True,-37.90878913,145.1320459,1728.3631909701508,1588.6099854325876,1728.3013085600683,1588.4345668208123,1728.3596,1588.6103,1728.8428,1580.6713,-1272942443#2,0.5257253072172375,0.0,0,50.879099988378584,4.227,2.891,356.3,4.72,True,0,,False,1727.7791958287382,1588.496092379987,-37.90879005056031,145.1320392341837,0.5949974391744086,0.5257253072172376,emission=-2.477 transition=-26.456 sigma=4.720 num_candidates=5.000,,
2026-09-10T11:09:00.734,1789002541,hmm,True,-37.9086944,145.1320598,1729.3746126800543,1599.146181775257,1729.290986358268,1597.9243365773434,1729.3731,1599.1461,1727.8004,1588.6762,-1272942443#2,0.3980160045955216,0.0,0,11.639100033789873,4.621,4.227,5.6,4.74,True,0,,False,1728.8957053618624,1597.970916334694,-37.90870490062584,145.13205408720427,1.2690945887519087,0.3980160045955216,emission=-2.479 transition=1.605 sigma=4.740 num_candidates=5.000,,
2026-09-10T11:09:02.755,1789002543,hmm,True,-37.90859914,145.1320767,1730.6486127654207,1609.7464741421863,1730.4917973273807,1608.4522738334936,1730.6496,1609.7462,1729.0388,1599.1855,-1272942443#1,0.3369744222598607,0.0,0,23.48920004442334,4.889,4.621,7.5,4.75,True,0,,False,1730.1573209341748,1608.49322873119,-37.9086103408538,145.13207082864074,1.3461024194438576,0.3369744222598607,emission=-2.480 transition=-28.025 sigma=4.750 num_candidates=5.000,,
2026-09-10T11:09:04.800,1789002545,hmm,True,-37.90850578,145.1320856,1731.2234988441924,1620.121839493513,1731.3375699414944,1619.121347764614,1731.2259,1620.1223,1730.3157,1609.7871,-1272942443#1,0.1202111910847801,0.0,0,32.25500008556992,5.022,4.889,7.9,4.75,True,0,,False,1731.4568899935844,1619.1067376437634,-37.908514966407495,145.13208802232504,1.0415868633867416,0.12021119108478011,emission=-2.477 transition=1.561 sigma=4.750 num_candidates=5.000,,
2026-09-10T11:09:06.829,1789002547,hmm,True,-37.90841206,145.1320783,1730.3733158264658,1630.5086132911965,1731.64739470173,1629.3859373478385,1730.3721,1630.5083,1731.576,1620.0795,-1272942443#1,1.060211757957999,0.0,0,12.824200093746185,5.241,5.022,9.4,7.51,True,0,,False,1732.6997469914324,1629.2570822739358,-37.9084237540141,145.1321044656457,2.6417062388716817,1.060211757957999,emission=-2.945 transition=1.394 sigma=7.510 num_candidates=5.000,,
2026-09-10T11:09:08.865,1789002549,hmm,True,-37.90831408,145.1321039,1732.406164638931,1641.4260556353256,1732.394251152725,1640.1293337698114,1732.4034,1641.4255,1732.8163,1630.209,-1272942443#1,1.6246131986547252,0.0,0,22.233199910260737,5.11,5.241,11.4,7.35,True,0,,False,1734.0068209121644,1639.931882975473,-37.90832782878124,145.1321217585241,2.189669482477369,1.6246131986547252,emission=-2.938 transition=1.535 sigma=7.350 num_candidates=5.000,,
2026-09-10T11:09:10.900,1789002551,hmm,True,-37.90820435,145.1321049,1732.250107034226,1653.603999347426,1732.797534920695,1651.540482747532,1732.2464,1653.6035,1734.1633,1641.21,-1272942443#1,2.6111970960357436,0.0,0,12.94490008149296,5.362,5.11,10.5,7.8,True,0,,False,1735.3893749208191,1651.22312539674,-37.90822636411231,145.13214004996635,3.939995384876798,2.6111970960357436,emission=-3.029 transition=1.396 sigma=7.800 num_candidates=5.000,,
2026-09-10T11:09:12.948,1789002553,hmm,True,-37.90809307,145.1321135,1732.7587834526785,1665.967326803133,1733.1768497112123,1663.5747801057753,1732.7623,1665.9673,1735.6301,1653.1892,-1272942443#1,2.494798580836053,0.0,0,12.23799993749708,5.402,5.362,9.3,7.71,True,0,,False,1735.6459835296967,1663.9317088736807,-37.90811192846293,145.13214586265238,3.532656881079882,2.494798580836053,emission=-3.014 transition=-2.135 sigma=7.710 num_candidates=5.000,,
2026-09-10T11:09:14.964,1789002555,hmm,True,-37.90798346,145.132127,1733.7019763602875,1678.1539743822068,1733.7372218451292,1675.9573239856818,1733.7061,1678.154,1735.2987,1666.334,-1272942443#1,1.6685645730032013,0.0,0,18.29200005158782,5.78,5.402,8.9,7.42,True,0,,False,1735.3849692270828,1675.69457638903,-37.908005918619196,145.13214557470008,2.9801180309721778,1.6685645730032013,emission=-2.948 transition=-0.888 sigma=7.420 num_candidates=5.000,,
2026-09-10T11:09:16.985,1789002557,hmm,True,-37.90790482,145.1321639,1736.771325328271,1686.9452586760744,1735.453718297211,1687.070136592406,1736.7688,1686.9451,1735.7258,1677.8319,-1272942443#1,1.7234094803485827,0.0,0,12.840799987316132,5.045,5.78,11.2,6.49,True,0,,False,1737.155626335548,1686.7987526098293,-37.90790620912506,145.13216823597278,0.4112800647257935,1.7234094803485827,emission=-2.824 transition=1.609 sigma=6.490 num_candidates=5.000,,
2026-09-10T11:09:19.031,1789002559,hmm,True,-37.90782482,145.1321636,1736.567083476577,1695.8219242310151,1736.429588275139,1697.0847704566702,1736.5658,1695.8216,1737.1688,1686.8813,-1272942443#1,2.3367113533959776,0.0,0,12.4795000301674,4.75,5.045,8.1,5.82,True,0,,False,1738.737146566401,1696.716810293721,-37.90781715032719,145.13218847657234,2.347337828060041,2.3367113533959776,emission=-2.761 transition=1.516 sigma=5.820 num_candidates=5.000,,
2026-09-10T11:09:21.077,1789002561,hmm,True,-37.9077477,145.1322051,1740.0442491235444,1704.4526432398707,1738.6172142238065,1706.2994344280871,1740.0436,1704.4531,1738.5441,1695.5062,-1272942443#1,1.8434829343074164,0.0,0,26.962700067088008,4.686,4.75,7.3,5.44,True,0,,False,1740.3169395476937,1705.5857376070073,-37.90773754203041,145.13220845849062,1.16544537077442,1.8434829343074164,emission=-2.670 transition=-0.611 sigma=5.440 num_candidates=5.000,,
2026-09-10T11:09:23.119,1789002563,hmm,True,-37.90767421,145.1322265,1741.7623241914553,1712.645151742734,1740.7692422775679,1714.768257271526,1741.7624,1712.6449,1739.9726,1704.4644,1013649078#1,1.9147323441262714,0.0,0,29.536399990320206,4.043,4.686,4,5.06,True,0,,False,1738.8808298236447,1715.0846405098798,-37.90765171442652,145.13219429438615,3.775462254711925,1.9147323441262714,emission=-2.612 transition=-0.006 sigma=5.060 num_candidates=5.000,,
2026-09-10T11:09:27.190,1789002567,hmm,True,-37.90757032,145.1322276,1741.6280625027139,1724.1752349557355,1742.3468336073906,1727.7956573794443,1741.6243,1724.1751,1744.0294,1718.4149,-1013649078#0,1.4555128680966325,0.0,0,12.834600056521595,2.786,3.22,353.7,4.48,True,0,,False,1738.22,1723.32,-37.90757740905326,145.1321886570559,3.513732609621311,6.087878497577218,emission=-2.471 transition=-7.741 sigma=4.480 num_candidates=5.000,,
2026-09-10T11:09:29.234,1789002569,hmm,True,-37.90753798,145.1321181,1731.9290316894185,1727.570950540714,1737.0355249220106,1731.2783657207344,1731.9249,1727.5709,1741.5934,1724.2687,1209653411,4.592774794613926,0.0,0,17.038899939507246,4.324,2.786,291.2,4.24,True,0,,False,1736.17,1726.71,-37.907546501113664,145.13216612173426,4.327475943886101,4.649634259702842,emission=-2.950 transition=-30.103 sigma=4.240 num_candidates=5.000,,
2026-09-10T11:09:31.273,1789002571,hmm,True,-37.90752425,145.1319933,1720.9262104933732,1728.8746434850618,1728.2394394456076,1733.2603194543037,1720.928,1728.8746,1731.8829,1727.2104,1209653412#1,1.3337055827438955,0.0,0,37.55139990244061,5.294,4.324,279.8,4.02,True,0,,False,1728.56,1734.57,-37.90747432278025,145.13208139012647,9.52427572384023,1.3483405359209064,emission=-2.365 transition=-1.624 sigma=4.020 num_candidates=5.000,,
2026-09-10T11:09:33.312,1789002573,hmm,True,-37.90751024,145.1318477,1708.0940462810686,1730.1727455127984,1716.5488540979663,1734.3826280319574,1708.0969,1730.1725,1720.8823,1728.4721,1209653410,0.7974490700009124,0.0,0,13.038799981586635,6.348,5.294,276.6,3.97,True,0,,False,1706.19,1730.14,-37.90751019125697,145.13182604442022,1.9043278365500331,11.194005129554977,emission=-2.318 transition=-57.094 sigma=3.970 num_candidates=5.000,,
2026-09-10T11:09:35.352,1789002576,hmm,True,-37.90749283,145.131628,1688.7395129092038,1731.7175418939441,1697.2578930336551,1735.6164168011342,1688.7382,1731.7179,1708.069,1729.9267,-1209653413,0.16993401239851616,0.0,0,31.06329997535795,6.548,6.348,278.3,4.15,True,0,,False,1697.2777831817994,1735.7851827650506,-37.907457729198704,145.13172600295587,9.457682670939299,0.16993401239851616,emission=-2.343 transition=-47.404 sigma=4.150 num_candidates=5.000,,
2026-09-10T11:09:37.385,1789002578,hmm,True,-37.907479,145.1314802,1675.714314861456,1732.9917433215305,1681.6546321580468,1735.4584287048665,1675.7118,1732.992,1688.8072,1732.2783,-1209653413,2.1531401931159238,0.0,0,21.68459992390126,6.572,6.548,278.1,4.06,True,0,,False,1681.9066492605202,1737.596769199566,-37.907438634876904,145.13155165328982,7.716946847504671,2.1531401931159238,emission=-2.461 transition=0.977 sigma=4.060 num_candidates=5.000,,
2026-09-10T11:09:39.431,1789002580,hmm,True,-37.90744598,145.1313347,1662.8486413902137,1736.3993946071714,1667.0344253614762,1736.8107522689108,1662.848,1736.3999,1675.8205,1733.8758,-1209653413,2.521353056373672,0.0,0,12.53020006697625,6.535,6.572,278.1,4.43,True,0,,False,1667.329540418829,1739.3147747004814,-37.90742052667191,145.13138631007962,5.345829888157122,2.521353056373672,emission=-2.569 transition=1.586 sigma=4.430 num_candidates=5.000,,
2026-09-10T11:09:41.477,1789002582,hmm,True,-37.90745519,145.1311883,1649.99776833551,1735.1193906767294,1652.6462505555464,1736.9309050494094,1649.9997,1735.1191,1662.7355,1735.4855,-1209653413,4.03484099679267,0.0,0,11.48250000551343,6.378,6.535,277.2,4.58,True,0,,False,1653.08369809155,1740.9419624564584,-37.90740329616469,145.13122471260036,6.589787901693854,4.034840996792669,emission=-2.829 transition=1.359 sigma=4.580 num_candidates=5.000,,
2026-09-10T11:09:43.522,1789002584,hmm,True,-37.90743482,145.1310711,1639.6483322769636,1737.1731773009524,1639.687396645704,1737.6393464540668,1639.6456,1737.1734,1650.2339,1737.0233,1209653410,0.6762114831814557,0.0,0,12.021500035189092,5.543,6.378,282.5,4.48,True,0,,False,1639.7699568374692,1738.3104990333825,-37.90742459670308,145.13107274204708,1.1438064769776373,0.6762114831814557,emission=-2.430 transition=1.460 sigma=4.480 num_candidates=5.000,,
2026-09-10T11:09:45.568,1789002586,hmm,True,-37.90741653,145.1309364,1627.7649324197555,1738.9652965581045,1627.2047900364767,1738.780705698309,1627.7617,1738.9651,1639.7852,1738.3086,1209653410,1.0674207442896197,0.0,0,12.022700044326484,5.828,5.543,277.9,4.69,True,0,,False,1627.3351138531148,1739.8401408063532,-37.90740857156867,145.13093171259374,0.9747289156083798,1.0674207442896197,emission=-2.490 transition=1.579 sigma=4.690 num_candidates=5.000,,
2026-09-10T11:09:47.602,1789002588,hmm,True,-37.90738725,145.1308054,1616.1823755856603,1741.983425945975,1615.1865992285893,1740.7673044640928,1616.1809,1741.9838,1627.8614,1739.7754,47528871#0,0.0005925645833527057,0.0,0,12.500399956479669,5.849,5.828,277.9,4.86,True,0,,False,1616.2,1735.44,-37.90744619789513,145.13080410869756,6.543449681203137,5.422836340572953,emission=-2.500 transition=-35.143 sigma=4.860 num_candidates=5.000,,
2026-09-10T11:09:49.638,1789002590,hmm,True,-37.90737097,145.1306708,1604.312226242444,1743.5526483440772,1603.3886445266105,1742.7532786236313,1604.31,1743.5525,1616.5333,1742.0599,-1147258794#0,2.181872677058099,0.0,0,46.42810008954257,5.867,5.849,278.7,4.84,True,0,,False,1603.6430768290347,1744.9202656061432,-37.90735852931312,145.13066350389664,1.5225432384556141,2.181872677058099,emission=-2.597 transition=-15.312 sigma=4.840 num_candidates=5.000,,
2026-09-10T11:09:51.671,1789002592,hmm,True,-37.90735952,145.130537,1592.5231547788717,1744.5873035062104,1591.7020988191928,1744.415774033942,1592.5225,1744.5868,1604.1998,1742.6144,1147258794#2,0.48238886965068734,0.0,0,13.24410003144294,5.765,5.867,274.2,5.0,True,0,,False,1583.74,1742.85,-37.90737358333984,145.13043674377997,8.953325155622787,8.11459585758637,emission=-2.533 transition=-14.426 sigma=5.000 num_candidates=5.000,,
2026-09-10T11:09:53.708,1789002594,hmm,True,-37.90735282,145.1304214,1582.3447804509779,1745.126948765479,1580.8378759987813,1745.5924991285794,1582.3448,1745.127,1592.531,1743.5732,1147258794#2,3.251160427271778,0.0,0,13.70309991762042,5.425,5.765,274.2,4.88,True,0,,False,1581.489174313117,1742.4072433100303,-37.90737716516506,145.13041105205386,2.8511155058227575,3.251160427271778,emission=-2.726 transition=-41.558 sigma=4.880 num_candidates=5.000,,
2026-09-10T11:09:55.730,1789002596,hmm,True,-37.90740172,145.1302707,1569.2041792010423,1739.4350375998765,1569.1375548023132,1743.565076922308,1569.207,1739.4356,1582.8443,1742.6843,1147258794#2,4.446607976898149,0.0,0,13.067299965769053,5.918,5.425,247.4,4.86,True,0,,False,1570.7454711212065,1739.4193649675708,-37.90740213965117,145.13028822015585,1.5413716017128627,4.446607976898149,emission=-2.919 transition=-1.933 sigma=4.860 num_candidates=5.000,,
2026-09-10T11:09:57.765,1789002598,hmm,True,-37.90746615,145.1301432,1558.1378846860607,1732.060731724836,1557.7287644794621,1738.6519870460293,1558.14,1732.0612,1569.4536,1738.901,-1147258794#2,4.110587006054084,0.0,0,12.411499978043139,5.988,5.918,229.6,4.94,True,0,,False,1562.68,1737.93,-37.90741409896004,145.13019618008997,7.421530947922435,5.003598552489037,emission=-2.863 transition=-19.402 sigma=4.940 num_candidates=5.000,,
2026-09-10T11:09:59.802,1789002600,hmm,True,-37.90758172,145.1300857,1553.3397695865715,1719.1351113393903,1549.3793571992846,1729.1561555702708,1553.3385,1719.1353,1559.2258,1731.3058,-5094886#1,4.680985417741946,0.0,0,12.464500032365322,6.183,5.988,221.5,4.9,True,0,,False,1553.0958330896515,1726.3102055641332,-37.907517041023354,145.1300845628771,7.179239663673906,4.680985417741946,emission=-2.964 transition=-6.810 sigma=4.900 num_candidates=5.000,,
2026-09-10T11:10:01.829,1789002602,hmm,True,-37.90764228,145.1299724,1543.5133510350715,1712.2152604833245,1540.9066374929316,1719.4420921101419,1543.5177,1712.2158,1552.7652,1717.8131,5094886#1,6.453380786218357,0.0,0,12.173100025393069,6.131,6.183,236.5,4.87,True,0,,False,1552.23,1722.4,-37.907552108605486,145.1300738270185,13.405554378701448,11.703322500528124,emission=-3.380 transition=-3.872 sigma=4.870 num_candidates=5.000,,
2026-09-10T11:10:03.876,1789002604,hmm,True,-37.90760943,145.1298189,1529.944670386496,1715.589730949141,1530.4574102936228,1714.7292021792114,1529.9416,1715.5894,1541.9885,1716.9977,5094886#2,0.9386962561827874,0.0,0,14.379799948073924,6.12,6.131,263.4,4.82,True,0,,False,1530.5504727926204,1715.6632739284105,-37.907608876986885,145.12982580446666,0.6102500512625793,0.9386962561827874,emission=-2.511 transition=0.999 sigma=4.820 num_candidates=5.000,,
2026-09-10T11:10:05.916,1789002606,hmm,True,-37.90762443,145.1297041,1519.884968351631,1713.7227689800784,1520.1111339522797,1711.503856095405,1519.8856,1713.7225,1529.9549,1715.7226,5094886#2,7.053346040103972,0.0,0,12.693099910393357,5.565,6.12,283.7,4.66,True,0,,False,1523.21,1717.84,-37.90758794196562,145.1297428432048,5.29220433600782,7.053346040103972,emission=-3.603 transition=-14.091 sigma=4.660 num_candidates=5.000,,
2026-09-10T11:10:07.958,1789002608,hmm,True,-37.90756423,145.1296124,1511.6887753895135,1720.24110752251,1510.7439827862981,1713.1491271874106,1511.691,1720.2409,1522.4096,1718.283,985461732,9.586845911605005,0.0,0,13.142600073479116,5.115,5.565,304.9,4.63,True,0,,False,1510.4,1722.9,-37.90754004516099,145.12959835376552,2.9547675393283965,9.75693828844715,emission=-4.595 transition=-13.561 sigma=4.630 num_candidates=5.000,,
2026-09-10T11:10:12.036,1789002612,hmm,True,-37.90762334,145.129471,1499.3886373038404,1713.4325339021161,1495.9432791099018,1711.1113144414617,1499.3919,1713.4323,1504.626,1721.4932,-10539447#1,2.7688105320920227,0.0,0,35.154800047166646,4.187,3.695,217.5,4.74,True,0,,False,1499.387808485773,1710.6209474122577,-37.907648667258826,145.12947034916618,2.811586612020662,3.4792588930071133,emission=-2.646 transition=-6.348 sigma=4.740 num_candidates=5.000,,
2026-09-10T11:10:14.075,1789002614,hmm,True,-37.90772286,145.1294545,1498.159560738597,1702.3601928101853,1492.8445675673406,1705.7913508190406,1498.1558,1702.3603,1499.7802,1713.377,-10539447#0,4.490802954829318,0.0,0,30.480099958367646,5.259,4.187,191.5,4.77,True,0,,False,1497.99,1700.86,-37.90773634342802,145.12945222992528,1.509744783665573,7.126969609835372,emission=-2.924 transition=-5.418 sigma=4.770 num_candidates=5.000,,
2026-09-10T11:10:16.102,1789002616,hmm,True,-37.90782895,145.129436,1496.7692797776544,1690.5552831338719,1490.8179264561097,1697.3139392407102,1496.7727,1690.555,1498.205,1702.3532,-10539447#0,6.591157528414087,0.0,0,42.442599893547595,5.872,5.259,187.9,4.91,True,0,,False,1497.3413197280574,1696.3712315533135,-37.90777666201924,145.12944383067344,5.844012809916011,6.591157528414087,emission=-3.411 transition=-19.295 sigma=4.910 num_candidates=5.000,,
2026-09-10T11:10:18.145,1789002618,hmm,True,-37.90793824,145.1294164,1495.289418771048,1678.3933444032446,1489.896698926097,1686.1546313863498,1495.2887,1678.3936,1496.5064,1690.5935,-10539447#0,5.906841335139902,0.0,0,12.585400021634996,6.045,5.872,188.8,4.78,True,0,,False,1495.742811518309,1685.3097987889093,-37.90787601696924,145.12942313280203,6.9312990306471844,5.906841335139902,emission=-3.247 transition=1.505 sigma=4.780 num_candidates=5.000,,
2026-09-10T11:10:20.167,1789002620,hmm,True,-37.90805704,145.1293864,1492.9163871505298,1665.157780633308,1488.994408523462,1673.052673177421,1492.9121,1665.1572,1494.7545,1678.4708,-10539447#0,4.925932966049459,0.0,0,23.067700094543397,6.451,6.045,190,4.78,True,0,,False,1493.869697549747,1672.348136098057,-37.90799243997536,145.12939887919094,7.2532759789423125,4.925932966049459,emission=-3.014 transition=1.426 sigma=4.780 num_candidates=5.000,,
2026-09-10T11:10:22.207,1789002622,hmm,True,-37.90817003,145.1293646,1491.2513576347847,1652.5813887417316,1488.2797803267222,1659.1088386797464,1491.2538,1652.5812,1492.8322,1665.1687,-10539447#0,3.638881463241589,0.0,0,11.809000046923757,6.413,6.451,188.3,4.77,True,0,,False,1491.8812501372058,1658.58838358303,-37.90811603149745,145.12937313211782,6.039929766809509,3.638881463241589,emission=-2.772 transition=1.312 sigma=4.770 num_candidates=5.000,,
2026-09-10T11:10:24.247,1789002624,hmm,True,-37.90829158,145.1293446,1489.763647927437,1639.058311527595,1487.6365247796155,1644.4163539912167,1489.7635,1639.0583,1491.0181,1652.6153,-10539447#0,2.174114567126978,0.0,0,23.085499997250736,6.632,6.413,188.1,4.73,True,0,,False,1489.7882870882083,1644.1053988203114,-37.908246119155294,145.12934603163956,5.047147434793596,2.174114567126978,emission=-2.578 transition=1.244 sigma=4.730 num_candidates=5.000,,
2026-09-10T11:10:26.291,1789002626,hmm,True,-37.90840631,145.1293252,1488.3135091998265,1626.2930733207613,1486.9399261595538,1629.8085669019354,1488.3172,1626.2937,1489.0733,1639.158,-10539447#0,0.774256288245622,0.0,0,13.201099936850369,6.395,6.632,187.8,4.63,True,0,,False,1487.7062222524223,1629.6978280291655,-37.90837552942569,145.12931907217146,3.4584898526507284,0.774256288245622,emission=-2.465 transition=1.274 sigma=4.630 num_candidates=5.000,,
2026-09-10T11:10:28.332,1789002629,hmm,True,-37.90857858,145.1292882,1485.444151321135,1607.1118580549955,1485.0944741689161,1608.820004894086,1485.4461,1607.1115,1487.2368,1626.4498,-10539447#0,0.6804812248893541,0.0,0,15.286699985153973,6.466,6.395,188.2,4.27,True,0,,False,1484.89,1610.21,-37.90855057106672,145.1292826063533,3.147311106025557,1.4049541203252716,emission=-2.383 transition=-5.287 sigma=4.270 num_candidates=5.000,,
2026-09-10T11:10:30.362,1789002631,hmm,True,-37.90868878,145.1292633,1483.5003938882146,1594.839585725218,1483.591282350113,1595.279833656775,1483.5024,1594.84,1485.1997,1607.0061,-4577073#9,0.7507743560191824,0.0,0,24.215899989940226,6.338,6.466,190.1,4.39,True,0,,False,1482.8469964733433,1595.3783256224228,-37.90868380879185,145.1292559939904,0.8468582281590492,0.7507743560191824,emission=-2.413 transition=-63.783 sigma=4.390 num_candidates=5.000,,
2026-09-10T11:10:32.406,1789002633,hmm,True,-37.90880577,145.1292417,1481.8618918436696,1581.8196825785562,1482.0043846388708,1581.932158242143,1481.8592,1581.8192,1482.7883,1594.9345,-4577073#9,0.9286350314518652,0.0,0,40.50560004543513,6.554,6.338,188.5,4.14,True,0,,False,1481.0837752266793,1582.0539832470647,-37.90880351870046,145.12923290649496,0.8126267734328351,0.9286350314518652,emission=-2.365 transition=1.604 sigma=4.140 num_candidates=5.000,,
2026-09-10T11:10:34.436,1789002635,hmm,True,-37.90892895,145.1292209,1480.3075148561038,1568.1143168890849,1480.4180162503208,1568.4009286683936,1480.3103,1568.1139,1481.0666,1581.924,-4577073#9,1.197001576229105,0.0,0,14.465500018559396,6.863,6.554,188.7,4.22,True,0,,False,1479.2327871047592,1568.568394026024,-37.90892466528123,145.12920878423841,1.1667158119272765,1.197001576229105,emission=-2.399 transition=1.551 sigma=4.220 num_candidates=5.000,,
2026-09-10T11:10:36.470,1789002637,hmm,True,-37.90904376,145.1292006,1478.7784640415339,1555.3386096237227,1478.8416791800962,1555.1905521413528,1478.7789,1555.339,1479.1909,1568.272,-4577073#9,1.4843527355794746,0.0,0,15.727699967101216,6.542,6.863,188.9,4.16,True,0,,False,1477.3719249546714,1555.39821908737,-37.90904296874532,145.1291846215998,1.4078016518772467,1.4843527355794746,emission=-2.408 transition=1.594 sigma=4.160 num_candidates=5.000,,
2026-09-10T11:10:38.516,1789002639,hmm,True,-37.90916468,145.1291757,1476.858607404225,1541.8767893016338,1477.084274776874,1541.880988865381,1476.8585,1541.8767,1477.3913,1555.5351,-4577073#9,1.6062939740676245,0.0,0,26.856399956159294,6.668,6.542,188.9,4.06,True,0,,False,1475.4937785969087,1542.1057158834305,-37.90916237103562,145.12916023444544,1.383894885146179,1.6062939740676245,emission=-2.398 transition=1.607 sigma=4.060 num_candidates=5.000,,
2026-09-10T11:10:40.542,1789002641,hmm,True,-37.9092745,145.1291489,1474.7469968339428,1529.6433270908892,1475.0849787038774,1529.1483740177,1474.7482,1529.6435,1475.4888,1542.0702,-4577073#9,1.4080051146381765,0.0,0,13.946100021712482,6.282,6.668,189.1,3.69,True,0,,False,1473.690821225634,1529.345359623025,-37.90927699321186,145.12913682351544,1.0974021721739382,1.4080051146381765,emission=-2.297 transition=1.602 sigma=3.690 num_candidates=5.000,,
2026-09-10T11:10:42.563,1789002643,hmm,True,-37.90938893,145.1291247,1472.874244261533,1516.9029028583318,1473.1108112975598,1516.4682946800606,1472.8766,1516.9027,1473.7528,1529.7841,-4577073#9,1.227247852974798,0.0,0,13.88560002669692,6.503,6.282,189.1,3.76,True,0,,False,1471.895633345367,1516.6399916140338,-37.909391121437714,145.1291135133908,1.013312216257915,1.227247852974798,emission=-2.297 transition=1.603 sigma=3.760 num_candidates=5.000,,
2026-09-10T11:10:44.603,1789002645,hmm,True,-37.90951519,145.129106,1471.5113868610351,1502.8594664437696,1471.3951164448602,1503.203079072913,1471.5102,1502.8592,1471.9512,1517.0334,-4577073#9,1.3842840132593204,0.0,0,14.029100071638823,6.959,6.503,189.1,4.08,True,0,,False,1470.0244467725456,1503.3967460002973,-37.909510081235524,145.12908921635525,1.5810313559887992,1.3842840132593204,emission=-2.383 transition=1.605 sigma=4.080 num_candidates=5.000,,
2026-09-10T11:10:46.638,1789002647,hmm,True,-37.9096467,145.1290762,1469.1843545496813,1488.2138771098107,1469.4398717243073,1489.3537035633203,1469.184,1488.2137,1469.9791,1503.0755,-35177168#0,5.44580819963112,0.0,0,34.6089000813663,7.323,6.959,188.8,4.71,True,0,,False,1473.21,1485.22,-37.909674397326405,145.12912128779124,5.016883638307778,5.594762940874692,emission=-3.137 transition=-9.310 sigma=4.710 num_candidates=5.000,,
2026-09-10T11:10:48.680,1789002649,hmm,True,-37.90977783,145.1290574,1467.8235662769293,1473.6298630870879,1467.6901951271916,1475.0624563192298,1467.828,1473.6299,1469.7321,1487.4087,-5045577#0,0.6740202992628967,0.0,0,27.452400070615113,7.246,7.323,188.9,5.1,True,0,,False,1471.35,1469.99,-37.90981125626436,145.12909666447925,5.06797179312929,6.25491685136786,emission=-2.557 transition=-25.624 sigma=5.100 num_candidates=5.000,,
2026-09-10T11:10:50.726,1789002651,hmm,True,-37.90989822,145.1290296,1465.6476189935347,1460.2217315891758,1465.7740991393794,1460.8770430964416,1465.6462,1460.2216,1468.6,1474.87,-1037064066#0,3.6848483252341824,0.0,0,14.320499962195754,6.854,7.246,188.9,4.85,True,0,,False,1469.4283065688858,1460.4028329720018,-37.90989727215005,145.1290726273042,3.785022622557944,3.6848483252341824,emission=-2.787 transition=-14.678 sigma=4.850 num_candidates=5.000,,
2026-09-10T11:10:52.757,1789002653,hmm,True,-37.91002136,145.1290042,1463.6888038247125,1446.5126802334562,1463.832571089303,1446.8440134562547,1463.6886,1446.5129,1464.0289,1460.434,-4577073#4,1.5748302669916976,0.0,0,16.041900031268597,6.956,6.854,189,5.36,True,0,,False,1462.271146823196,1447.049061331263,-37.910016271838984,145.1289882037861,1.5157361432760088,1.5748302669916976,emission=-2.641 transition=1.608 sigma=5.360 num_candidates=5.000,,
2026-09-10T11:10:54.792,1789002655,hmm,True,-37.91014228,145.12899,1462.7097109706956,1433.0697337891906,1462.3040722520973,1433.0160808043897,1462.7073,1433.0698,1462.226,1446.705,-4577073#4,1.8594617497912906,0.0,0,94.65270000509918,6.764,6.956,185.9,5.01,True,0,,False,1460.4604275422362,1433.2580977102828,-37.91014017648578,145.12896446881348,2.2571568196098735,1.8594617497912906,emission=-2.599 transition=1.595 sigma=5.010 num_candidates=5.000,,
2026-09-10T11:10:56.836,1789002657,hmm,True,-37.91026796,145.1289663,1460.9060245934525,1419.081829519011,1460.7214928765811,1419.1184095459275,1460.9104,1419.082,1460.4742,1433.3629,-4577073#4,2.0991855857547836,0.0,0,11.775000020861626,6.985,6.764,188.6,4.5,True,0,,False,1458.640163480788,1419.3916275351746,-37.91026475957705,145.12894060799718,2.2869414930652967,2.0991855857547836,emission=-2.532 transition=1.599 sigma=4.500 num_candidates=5.000,,
2026-09-10T11:10:58.880,1789002659,hmm,True,-37.91039238,145.1289342,1458.3610482780496,1405.2189172236249,1458.7633133030868,1405.236700036584,1458.3646,1405.2186,1458.6387,1419.3802,-4577073#3,1.9347870884463292,0.0,0,12.358899926766753,6.895,6.985,191.8,5.58,True,0,,False,1456.8441817469097,1405.4823321755725,-37.910389732828165,145.1289170134072,1.5395686117227108,1.9347870884463292,emission=-2.698 transition=1.076 sigma=5.580 num_candidates=5.000,,
2026-09-10T11:11:00.908,1789002661,hmm,True,-37.91051662,145.1289136,1456.826709559653,1391.3962710993364,1456.9199010005655,1391.3749490457467,1456.8248,1391.3959,1456.8355,1405.4144,-4577073#3,1.8661184604610261,0.0,0,13.286800007335842,6.92,6.895,188.4,6.03,True,0,,False,1455.0688824329818,1391.6118633149117,-37.910514360052055,145.12889366274848,1.7709986478474762,1.8661184604610261,emission=-2.764 transition=1.609 sigma=6.030 num_candidates=5.000,,
2026-09-10T11:11:02.942,1789002663,hmm,True,-37.91063651,145.1288885,1454.8870695723454,1378.048380942084,1455.019559298161,1377.7321621231013,1454.8858,1378.0485,1455.07,1391.6205,-4577073#3,1.7127016890047384,0.0,0,12.806400074623525,6.89,6.92,188.9,5.78,True,0,,False,1453.3206950528624,1377.9494346514282,-37.91063711809749,145.12887066774573,1.569496576523768,1.7127016890047384,emission=-2.717 transition=1.606 sigma=5.780 num_candidates=5.000,,
2026-09-10T11:11:04.985,1789002665,hmm,True,-37.91076064,145.1288732,1453.8184507174883,1364.247292415239,1453.5079631149747,1364.0893097903993,1453.8145,1364.2476,1453.3583,1378.2438,-4577073#3,1.9440439674146874,0.0,0,32.6204999582842,6.716,6.89,187.4,4.89,True,0,,False,1451.5796256766853,1364.335930291033,-37.910759436700275,145.12884776475605,2.240578995784783,1.9440439674146874,emission=-2.585 transition=1.600 sigma=4.890 num_candidates=5.000,,
2026-09-10T11:11:07.031,1789002667,hmm,True,-37.91087666,145.1288517,1452.1866993585136,1351.3351883590221,1451.9519516232967,1350.7750374312968,1452.1836,1351.3349,1451.6045,1364.5302,-4577073#3,2.0896462818225556,0.0,0,11.875499971210957,6.377,6.716,188.7,5.19,True,0,,False,1449.8791882364792,1351.0401289728509,-37.91087890070309,145.12882539618008,2.3262991251513947,2.0896462818225556,emission=-2.647 transition=1.605 sigma=5.190 num_candidates=5.000,,
2026-09-10T11:11:09.079,1789002669,hmm,True,-37.91100317,145.1288209,1449.7607118812157,1337.2426480725408,1450.0528613093732,1337.1833347088154,1449.7646,1337.2427,1449.9534,1351.6202,-4577073#2,2.018920883125819,0.0,0,23.160099983215332,6.767,6.377,188.7,5.46,True,0,,False,1448.06,1336.86,-37.91100630944027,145.1288014754819,1.743227022027714,2.018920883125819,emission=-2.685 transition=-20.530 sigma=5.460 num_candidates=5.000,,
2026-09-10T11:11:11.125,1789002671,hmm,True,-37.9111376,145.1287904,1447.3787508165697,1322.2717928756028,1447.9339901358894,1323.0467671008096,1447.3747,1322.2715,1448.1365,1337.4528,-4577073#1,2.412706198590886,0.0,0,11.785599985159934,7.255,6.767,188.7,5.79,True,0,,False,1445.95,1320.7,-37.911151500689016,145.1287737962461,2.1241143424128692,3.0730331408477016,emission=-2.762 transition=-35.363 sigma=5.790 num_candidates=5.000,,
2026-09-10T11:11:13.171,1789002673,hmm,True,-37.91126207,145.1287656,1445.475727257086,1308.4162076516077,1445.7788136805489,1308.8494480572424,1445.472,1308.4162,1446.9143,1322.6639,-4577073#1,1.4562503498262607,0.0,0,12.752800015732646,6.877,7.255,188.9,4.91,True,0,,False,1444.336333233943,1309.0492360511976,-37.91125616150075,145.12875278947354,1.3034353434909622,1.4562503498262607,emission=-2.554 transition=-11.380 sigma=4.910 num_candidates=5.000,,
2026-09-10T11:11:15.202,1789002675,hmm,True,-37.91137062,145.128743,1443.7306605614722,1296.3310675648972,1443.7827546966712,1295.667722069392,1443.7317,1296.3313,1444.2717,1308.5825,-4577073#1,1.2875118753141426,0.0,0,12.567600002512336,6.108,6.877,188.9,4.47,True,0,,False,1442.5074171799213,1295.8443602516888,-37.91137478315734,145.12872898049864,1.316513721629449,1.2875118753141426,emission=-2.458 transition=1.604 sigma=4.470 num_candidates=5.000,,
2026-09-10T11:11:17.245,1789002677,hmm,True,-37.91149985,145.1287287,1442.761356283212,1281.9658180996776,1442.3828467562098,1281.9717843231267,1442.7583,1281.966,1442.5966,1296.4885,-4577073#1,1.7197054458516245,0.0,0,12.752500013448298,6.771,6.108,188.9,3.57,True,0,,False,1440.6783034334437,1282.199641474222,-37.91149736697002,145.12870506879474,2.09613514483477,1.7197054458516248,emission=-2.308 transition=1.607 sigma=3.570 num_candidates=5.000,,
2026-09-10T11:11:19.279,1789002679,hmm,True,-37.91161248,145.1286973,1440.2517458837247,1269.4124082177877,1440.3837883126857,1268.9744165460907,1440.2546,1269.4126,1440.6841,1282.2433,-4577073#1,1.4603944519894276,0.0,0,13.059799908660352,6.505,6.771,188.9,3.02,True,0,,False,1438.9362697171332,1269.167915566582,-37.91161444454863,145.12868228703752,1.338003812163387,1.4603944519894276,emission=-2.141 transition=1.597 sigma=3.020 num_candidates=5.000,,
2026-09-10T11:11:21.324,1789002681,hmm,True,-37.91171807,145.1286917,1439.994644614635,1257.6857258183882,1439.4009431902564,1256.8067465183572,1439.9924,1257.6851,1438.9915,1269.5815,-4577073#1,2.098404025015224,0.0,0,13.627700041979551,5.945,6.505,188.9,2.78,True,0,,False,1437.3210401592266,1257.084780389879,-37.91172299994026,145.128661163513,2.7403095066115766,2.098404025015224,emission=-2.226 transition=1.526 sigma=2.780 num_candidates=5.000,,
2026-09-10T11:11:23.371,1789002684,hmm,True,-37.91184553,145.128666,1438.0191947358544,1243.4967627171427,1437.7304993628743,1241.5792986129145,1438.0179,1243.4964,1437.4468,1258.0254,-4577073#1,2.460291014248562,0.0,0,12.69559992942959,4.414,5.945,188.8,2.56,True,0,,False,1435.2918999908045,1241.905281706545,-37.91185937318069,145.12863462688293,3.157680863144587,2.460291014248562,emission=-2.321 transition=1.588 sigma=2.560 num_candidates=5.000,,
2026-09-10T11:11:25.411,1789002686,hmm,True,-37.91192503,145.128661,1437.7567276044283,1234.6662167478353,1437.242962678734,1232.9207561473688,1437.758,1234.6662,1435.5487,1243.8264,-4577073#1,3.1242904346359555,0.0,0,12.739499914459884,4.262,4.414,188.8,2.47,True,0,,False,1434.1462181684535,1233.3347176890666,-37.911936371475186,145.12861964387076,3.8482032340775576,3.124290434635955,emission=-2.623 transition=1.482 sigma=2.470 num_candidates=5.000,,
2026-09-10T11:11:27.444,1789002688,hmm,True,-37.91201703,145.1286154,1433.9528113831184,1224.3769501028582,1434.8796517481142,1223.6343930321293,1433.9508,1224.3771,1434.3845,1235.1172,-4577073#1,2.012238584392736,0.0,0,11.786599992774427,5.202,4.262,188.8,2.4,True,0,,False,1432.885154463063,1223.9010101741928,-37.91202112428158,145.128603151876,1.1689354621365409,2.012238584392736,emission=-2.146 transition=1.286 sigma=2.400 num_candidates=5.000,,
2026-09-10T11:11:29.476,1789002690,hmm,True,-37.91213081,145.1285852,1431.5512967033428,1211.6980436285958,1432.270424821884,1212.5060806846507,1431.5521,1211.6975,1432.9664,1224.5087,-4577073#1,0.900493086753493,0.0,0,31.15840000100434,6.07,5.202,188.8,2.34,True,0,,False,1431.3778711104765,1212.6253940181193,-37.91212242486316,145.1285834398042,0.9434273587354418,0.9004930867534932,emission=-1.843 transition=1.338 sigma=2.340 num_candidates=5.000,,
2026-09-10T11:11:31.521,1789002692,hmm,True,-37.91223527,145.1285613,1429.6828820761875,1200.0644500218332,1429.9245378173262,1200.8795527940051,1429.6835,1200.0644,1431.2591,1211.7367,-4577073#1,0.11577817493829998,0.0,0,13.48860003054142,6.006,6.07,188.8,2.31,True,0,,False,1429.809780423559,1200.894893144973,-37.91222781214027,145.12856293243786,0.8400827169604681,0.11577817493829998,emission=-1.757 transition=1.480 sigma=2.310 num_candidates=5.000,,
2026-09-10T11:11:33.552,1789002694,hmm,True,-37.91235695,145.1285646,1430.2440799816977,1186.568046568893,1429.2619525791051,1187.9128350122403,1430.2481,1186.5686,1429.6985,1200.0624,-4577073#0,0.7802503277422664,0.0,0,13.305100030265749,6.563,6.006,176.2,2.25,True,0,,False,1429.73,1186.3,-37.91235927164561,145.12855869358768,0.5797647718494039,1.679376421447751,emission=-1.790 transition=-26.147 sigma=2.250 num_candidates=5.000,,
2026-09-10T11:11:35.585,1789002696,hmm,True,-37.91247759,145.1285554,1429.7040461370489,1173.1649835593998,1428.9429652913154,1174.3117084783391,1429.7023,1173.1649,1429.7001,1186.4752,491516483#0,0.5624665191194479,0.0,0,13.539099949412048,6.536,6.563,184.2,2.17,True,0,,False,1429.5044986097969,1174.2793214845676,-37.912467515714816,145.12855338547342,1.132063702756872,0.5624665191194479,emission=-1.727 transition=-8.553 sigma=2.170 num_candidates=5.000,,
2026-09-10T11:11:37.619,1789002698,hmm,True,-37.91258599,145.1285439,1428.9345464737853,1161.1160729164258,1428.5491492975298,1161.356899521717,1428.9373,1161.1157,1429.4411,1173.1799,491516483#0,0.209687272028077,0.0,0,14.048299985006452,6.021,6.536,184.8,2.12,True,0,,False,1428.7584886727686,1161.3448256646209,-37.912583897504256,145.1285419503919,0.2886592612504314,0.209687272028077,emission=-1.675 transition=1.585 sigma=2.120 num_candidates=5.000,,
2026-09-10T11:11:39.662,1789002700,hmm,True,-37.91270203,145.1285401,1428.8590008382453,1148.2329798294231,1428.4515090813752,1148.3820666918584,1428.8552,1148.2333,1428.7459,1161.1268,491516483#0,0.11142274926050169,0.0,0,13.240600004792213,6.388,6.021,180.8,2.09,True,0,,False,1428.3401144217498,1148.384568463174,-37.91270057061042,145.12853423470548,0.5405758291913594,0.11142274926050169,emission=-1.658 transition=1.577 sigma=2.090 num_candidates=5.000,,
2026-09-10T11:11:41.703,1789002702,hmm,True,-37.91281212,145.1285644,1431.240549711336,1136.0597266368568,1429.975292969566,1135.8558415007897,1431.2366,1136.0598,1428.337,1148.2449,491516483#0,0.8478931174837844,0.0,0,13.694300083443522,6.12,6.388,167.4,2.07,True,0,,False,1429.1423301649206,1135.6974252618693,-37.912815004202876,145.12854045984554,2.1292692528839656,0.8478931174837844,emission=-1.730 transition=0.799 sigma=2.070 num_candidates=5.000,,
2026-09-10T11:11:43.741,1789002704,hmm,True,-37.91288392,145.1286609,1439.8840843836078,1128.2627570405602,1436.1978833221765,1126.2759801937464,1439.8812,1128.263,1429.1489,1135.6628,-491516483#1,2.0846096183723724,0.0,0,13.42490001115948,5.544,6.12,128.2,2.05,True,0,,False,1435.3934850680585,1124.3528211494179,-37.91291832940195,145.1286089478005,5.954248977466084,2.0846096183723724,emission=-2.154 transition=-18.978 sigma=2.050 num_candidates=5.000,,
2026-09-10T11:11:45.774,1789002706,hmm,True,-37.91290272,145.1287809,1450.4754851353355,1126.3884011190385,1446.0926628940101,1121.9419089379626,1450.4773,1126.3885,1439.054,1126.2873,-491516483#1,0.30706216287785765,0.0,0,13.427500030957162,5.363,5.544,101.7,2.04,True,0,,False,1440.66,1122.15,-37.91293912535121,145.12866832705222,10.691482239982246,5.436646761566674,emission=-1.643 transition=-23.859 sigma=2.040 num_candidates=5.000,,
2026-09-10T11:11:47.818,1789002708,hmm,True,-37.91292849,145.1289287,1463.5263767871656,1123.7896641679108,1459.1242595728907,1119.8941394151502,1463.5223,1123.7899,1450.6652,1125.4689,1470433046#0,1.416744169797022,0.0,0,13.625300023704767,6.426,5.363,98.8,2.03,True,0,,False,1462.05,1122.67,-37.912938309209636,145.12891165752552,1.85292640614379,4.033033477835845,emission=-1.871 transition=-55.804 sigma=2.030 num_candidates=5.000,,
2026-09-10T11:11:49.853,1789002710,hmm,True,-37.91294896,145.1290766,1476.5742458957247,1121.7791979713365,1473.3861859856033,1118.949125582092,1476.5777,1121.7791,1463.6112,1122.8119,1470433046#0,2.8244003649336284,0.0,0,37.00929996557534,6.629,6.426,98.6,2.02,True,0,,False,1473.8874673450218,1121.7286856947962,-37.912948929223504,145.1290460388513,2.6872533320471517,2.824400364933629,emission=-2.600 transition=0.571 sigma=2.020 num_candidates=5.000,,
2026-09-10T11:11:51.890,1789002712,hmm,True,-37.91296858,145.1292224,1489.4355981107801,1119.8593262294307,1487.6666905555821,1118.1844195428866,1489.4355,1119.8595,1475.8075,1121.9192,1470433046#1,3.697855655547096,0.0,0,13.483699993230402,6.561,6.629,98.1,2.02,True,0,,False,1493.91,1118.71,-37.91297974232636,145.129273013273,4.619656161221585,6.265392855652217,emission=-3.298 transition=-60.623 sigma=2.020 num_candidates=5.000,,
2026-09-10T11:11:53.931,1789002714,hmm,True,-37.91298794,145.1293613,1501.6897676814115,1117.956111826934,1501.1647594243964,1117.1330200123089,1501.6921,1117.9564,1489.8607,1120.4369,1470433046#2,0.6590050138879997,0.0,0,33.82990008685738,6.194,6.561,98.1,2.14,True,0,,False,1501.246795163884,1117.7868990116476,-37.912989384223806,145.1293562246301,0.4741915521620054,0.6590050138879998,emission=-1.727 transition=-54.616 sigma=2.140 num_candidates=5.000,,
2026-09-10T11:11:55.980,1789002716,hmm,True,-37.9130024,145.1294893,1512.9747729254887,1116.5773786539212,1513.4867114444976,1116.1314909330174,1512.9732,1116.5771,1501.6643,1117.7345,1470433046#2,0.11885492971219315,0.0,0,26.746199931949377,5.78,6.194,98.1,2.11,True,0,,False,1513.5015070103054,1116.24942135975,-37.91300544952909,145.12949521432756,0.6204875364645958,0.11885492971219315,emission=-1.667 transition=1.550 sigma=2.110 num_candidates=5.000,,
2026-09-10T11:11:58.026,1789002718,hmm,True,-37.91301289,145.129632,1525.5432478577131,1115.6650927532464,1525.8537698125854,1115.2589699078335,1525.5466,1115.6653,1512.9409,1116.3198,1470433046#2,0.5549147599042636,0.0,0,30.800900072790682,6.054,5.78,98.1,2.33,True,0,,False,1525.7846916694423,1114.7083715052754,-37.91302155199751,145.12963452702357,0.9867171127235601,0.5549147599042636,emission=-1.793 transition=1.518 sigma=2.330 num_candidates=5.000,,
2026-09-10T11:12:00.068,1789002720,hmm,True,-37.91302765,145.1297621,1537.013528401556,1114.2567416764796,1537.757482628249,1114.1779639689353,1537.0135,1114.2566,1525.4321,1114.7526,1470433046#2,0.964141998227778,0.0,0,12.859400012530386,5.702,6.054,98,2.85,True,0,,False,1537.6374621426246,1113.2213214673825,-37.913037090065544,145.12976895813753,1.2088789528528305,0.964141998227778,emission=-2.023 transition=1.574 sigma=2.850 num_candidates=5.000,,
2026-09-10T11:12:02.086,1789002722,hmm,True,-37.91304358,145.1298981,1549.0050925372634,1112.7289519179612,1549.6174205355676,1112.9213516570437,1549.0061,1112.7291,1536.8953,1113.3144,1470433046#2,1.193679516546518,0.0,0,12.13119993917644,5.944,5.702,98,3.6,True,0,,False,1549.4688262460138,1111.73695707527,-37.9130525999197,145.1299031465286,1.0950354882638502,1.193679516546518,emission=-2.255 transition=1.598 sigma=3.600 num_candidates=5.000,,
2026-09-10T11:12:04.122,1789002724,hmm,True,-37.91305657,145.1300297,1560.6032916678814,1111.5196219012141,1561.2150526304547,1111.641698309145,1560.6052,1111.5199,1548.8908,1111.8095,1470433046#2,1.367702281423504,0.0,0,22.85810001194477,5.856,5.944,98.4,3.72,True,0,,False,1561.0447952489615,1110.284634583796,-37.913067774827056,145.13003443835254,1.3115331052969468,1.367702281423504,emission=-2.300 transition=1.603 sigma=3.720 num_candidates=5.000,,
2026-09-10T11:12:06.155,1789002726,hmm,True,-37.91307134,145.1301551,1571.6603916300228,1110.1018238561228,1572.450544893358,1110.2756884843518,1571.6624,1110.1021,1560.4594,1110.3581,1470433046#3,1.4788205969490082,0.0,0,12.807199964299798,5.415,5.856,96.8,3.89,True,0,,False,1572.2372381249286,1108.812332553451,-37.913083060263816,145.13016136484117,1.4126357274087027,1.478820596949008,emission=-2.350 transition=-34.656 sigma=3.890 num_candidates=5.000,,
2026-09-10T11:12:08.193,1789002728,hmm,True,-37.91309017,145.1302803,1582.7089413998765,1108.2331402609125,1583.4670341043084,1108.6455931183448,1582.7101,1108.2327,1571.4902,1108.9212,1470433046#3,1.4548028027491917,0.0,0,34.16739997919649,5.694,5.415,100.8,4.01,True,0,,False,1583.2571916898894,1107.2060038171905,-37.913099521739554,145.13028629954994,1.1642970645505222,1.4548028027491917,emission=-2.374 transition=1.609 sigma=4.010 num_candidates=5.000,,
2026-09-10T11:12:10.209,1789002730,hmm,True,-37.91310419,145.1304152,1594.5995300714858,1106.9152878150344,1594.7683066447664,1107.0917326338956,1594.6017,1106.9149,1582.5749,1107.3055,1360476884,1.5221880848814768,0.0,0,24.601600016467273,6.005,5.694,98.7,3.99,True,0,,False,1594.5554950022076,1105.5844941754735,-37.913116170129825,145.13041439580218,1.3315219857073148,1.5221880848814768,emission=-2.376 transition=-45.790 sigma=3.990 num_candidates=5.000,,
2026-09-10T11:12:12.227,1789002732,hmm,True,-37.91312525,145.130552,1606.6728151500574,1104.819574393332,1606.4199353059066,1105.2401368045357,1606.6704,1104.8193,1594.4166,1105.6041,1360476884,1.3177493478456954,0.0,0,13.45149998087436,6.081,6.005,100.5,3.93,True,0,,False,1606.235705508038,1103.9353292611313,-37.91313313650591,145.1305468282453,0.9863844549499451,1.3177493478456954,emission=-2.344 transition=1.601 sigma=3.930 num_candidates=5.000,,
2026-09-10T11:12:14.259,1789002734,hmm,True,-37.91313881,145.1306823,1618.1579727355856,1103.544621385634,1618.0263299928056,1103.6064955285815,1618.1567,1103.5451,1606.5395,1103.8924,1360476884,1.3228006021526544,0.0,0,13.108500046655536,5.884,6.081,98.4,4.04,True,0,,False,1617.8413939972359,1102.2966863399597,-37.91314999448709,145.13067841580997,1.2874641648593996,1.3228006021526544,emission=-2.369 transition=1.609 sigma=4.040 num_candidates=5.000,,
2026-09-10T11:12:16.295,1789002736,hmm,True,-37.91315609,145.1308095,1629.3788754408597,1101.8513974016532,1629.4692551669993,1101.934323949116,1629.3792,1101.8511,1617.9777,1102.2774,1470433048,1.4211995378237,0.0,0,13.160900096409023,5.688,5.884,99.6,4.06,True,0,,False,1629.27306828269,1100.526730672372,-37.913168003782715,145.1308079948889,1.328885660387928,1.4211995378237001,emission=-2.381 transition=0.067 sigma=4.060 num_candidates=5.000,,
2026-09-10T11:12:18.329,1789002739,hmm,True,-37.91317721,145.1309783,1644.2654687584727,1099.8053844114766,1645.3243072483442,1099.6747904090068,1644.2669,1099.8053,1629.1962,1100.5375,1470433048,1.8938688455853985,0.0,0,38.49970002193004,5.024,5.688,100.7,4.01,True,0,,False,1644.985880510181,1097.8114046338183,-37.913195302346665,145.13098603675903,2.1201293464573445,1.8938688455853985,emission=-2.419 transition=1.273 sigma=4.010 num_candidates=5.000,,
2026-09-10T11:12:20.347,1789002741,hmm,True,-37.91319581,145.1310851,1653.6958854302648,1097.929692979902,1655.059803065102,1098.0194294985768,1653.6946,1097.9301,1643.9393,1098.0015,1470433048,2.004845970986285,0.0,0,15.271199983544648,4.651,5.024,102.3,4.19,True,0,,False,1654.7015451614132,1096.046852848146,-37.913212952689776,145.13109610551035,2.1345815647579176,2.004845970986285,emission=-2.466 transition=1.606 sigma=4.190 num_candidates=5.000,,
2026-09-10T11:12:24.420,1789002745,hmm,True,-37.91329917,145.1310705,1652.642331927782,1086.4346121018752,1661.3221333356057,1089.5057175103016,1652.639,1086.435,1657.9972,1092.7571,-45897759#2,4.658901188968941,0.0,0,13.619399978779256,3.486,3.451,223.4,4.15,True,0,,False,1662.0762701736958,1094.3398193769344,-37.9132296620024,145.13117956998695,12.308188042492882,4.89257225062112,emission=-2.972 transition=-41.837 sigma=4.150 num_candidates=5.000,,
2026-09-10T11:12:26.442,1789002747,hmm,True,-37.91325149,145.1309645,1643.2175538942683,1091.538575376384,1654.5568248722032,1089.1641635494411,1643.2201,1091.5383,1652.2252,1085.2463,711979119,4.054037728632327,0.0,0,13.51509999949485,4.624,3.486,296.5,4.1,True,0,,False,1655.084176627968,1085.1445712777218,-37.91331123202108,145.13109797069748,13.479615110145602,4.054037728632327,emission=-2.819 transition=-2.611 sigma=4.100 num_candidates=5.000,,
2026-09-10T11:12:28.476,1789002749,hmm,True,-37.91318856,145.1308522,1633.2049827955198,1098.323638793081,1645.191323285146,1092.5867755065456,1633.2079,1098.3242,1643.131,1091.4224,711979119,2.178709550555822,0.0,0,13.086199993267655,5.845,4.624,300.8,4.08,True,0,,False,1643.8636185202604,1090.859356807161,-37.91325772525235,145.13097169116307,13.012379531740054,2.178709550555822,emission=-2.468 transition=-13.974 sigma=4.080 num_candidates=5.000,,
2026-09-10T11:12:30.520,1789002751,hmm,True,-37.91316706,145.130705,1620.216448759369,1100.4498799825087,1632.6859046564928,1096.0629471890902,1620.2173,1100.4496,1632.3563,1095.5515,711979119,0.5857202949594996,0.0,0,13.09000002220273,6.419,5.845,282.1,4.15,True,0,,False,1632.5139313085288,1095.503042347606,-37.9132138437364,145.13084369934478,13.25516049065332,0.5857202949594997,emission=-2.352 transition=-1.457 sigma=4.150 num_candidates=5.000,,
2026-09-10T11:12:32.550,1789002753,hmm,True,-37.91315,145.1305527,1606.789435250801,1102.0744238812476,1618.115792836957,1099.2542653014723,1606.7857,1102.0738,1619.9795,1098.7642,-1360476884,0.22484245696665106,0.0,0,13.268599985167384,6.639,6.419,279.3,4.28,True,0,,False,1618.084370223119,1099.031629388389,-37.913179450748366,145.13068043401796,11.697613190504459,0.22484245696665106,emission=-2.374 transition=-0.744 sigma=4.280 num_candidates=5.000,,
2026-09-10T11:12:34.585,1789002755,hmm,True,-37.91313507,145.1304123,1594.4133130908012,1103.4835737692192,1602.8668673181487,1102.0410894280662,1594.4123,1103.4837,1606.5854,1100.6546,-1360476884,0.8532203794897818,0.0,0,25.018100044690073,6.287,6.639,279.3,4.36,True,0,,False,1602.747626428927,1101.1962423257369,-37.91315718061807,145.13050654277416,8.642491767447959,0.8532203794897818,emission=-2.411 transition=1.546 sigma=4.360 num_candidates=5.000,,
2026-09-10T11:12:36.616,1789002757,hmm,True,-37.91311613,145.1302712,1581.9667213910725,1105.336440528743,1587.6364727331477,1104.6125890357919,1581.971,1105.3369,1594.2586,1102.3944,-1470433046#3,2.4604397620610436,0.0,0,12.26029999088496,6.337,6.287,279.3,4.41,True,0,,False,1583.29,1103.97,-37.91312867831039,145.13028593453615,1.9021635038650861,4.3937166373033785,emission=-2.558 transition=-24.658 sigma=4.410 num_candidates=5.000,,
2026-09-10T11:12:38.648,1789002759,hmm,True,-37.91309392,145.1301305,1569.5480089942575,1107.5528496960178,1572.6189262815117,1107.158876367584,1569.5443,1107.5525,1581.8031,1104.1871,-1470433046#3,1.6139480347355222,0.0,0,33.74179999809712,6.296,6.337,280.6,4.1,True,0,,False,1572.3857846591118,1105.5618562541442,-37.91311236811902,145.13016231246553,3.466558179177505,1.6139480347355222,emission=-2.407 transition=-19.451 sigma=4.100 num_candidates=5.000,,
2026-09-10T11:12:40.678,1789002761,hmm,True,-37.91308093,145.1299963,1557.7212451014202,1108.7576065510511,1558.6909252986636,1109.0769522393075,1557.7245,1108.7572,1569.3362,1105.9856,-1470433046#2,1.7035079794370709,0.0,0,23.627900052815676,5.927,6.296,276.5,3.84,True,0,,False,1558.4791526097429,1107.3866588434046,-37.91309341677059,145.130004604968,1.5664997313351934,1.7035079794370709,emission=-2.363 transition=-34.271 sigma=3.840 num_candidates=5.000,,
2026-09-10T11:12:42.704,1789002763,hmm,True,-37.91307162,145.1298488,1544.733434259193,1109.5305361924693,1545.124050655298,1110.409834531829,1544.7359,1109.5309,1557.5671,1107.5009,-1470433046#2,1.3394759969646386,0.0,0,12.425399967469275,6.427,5.927,275,3.99,True,0,,False,1544.9575328361589,1109.0807492214167,-37.91307571228292,145.1298512454757,0.5025221303851247,1.3394759969646386,emission=-2.359 transition=1.585 sigma=3.990 num_candidates=5.000,,
2026-09-10T11:12:44.738,1789002765,hmm,True,-37.9130486,145.1296982,1531.4425655834493,1111.8193078748882,1531.6273183852793,1112.0640862059147,1531.4468,1111.8196,1544.6838,1109.115,-1470433046#2,1.3030402389011149,0.0,0,12.989399954676628,6.714,6.427,280.7,3.97,True,0,,False,1531.4653301008127,1110.7711540112923,-37.913058046114905,145.129698219707,1.0484010420739482,1.3030402389011149,emission=-2.352 transition=1.609 sigma=3.970 num_candidates=5.000,,
2026-09-10T11:12:46.769,1789002767,hmm,True,-37.91302771,145.1295469,1518.0948925224948,1113.870467800647,1518.1796604831222,1113.8729905401342,1518.097,1113.8706,1531.3177,1110.7896,-1470433046#2,1.426158168993734,0.0,0,12.129899929277599,6.738,6.714,280,4.3,True,0,,False,1518.0023667140763,1112.4578954753258,-37.913040418035195,145.12954552564608,1.4155993781740852,1.4261581689937342,emission=-2.433 transition=1.607 sigma=4.300 num_candidates=5.000,,
2026-09-10T11:12:48.798,1789002769,hmm,True,-37.91300839,145.1293971,1504.882576664153,1115.750037457794,1504.824063960073,1115.7125597493011,1504.8859,1115.7498,1517.9213,1112.4681,-1470433046#2,1.5911477675901715,0.0,0,22.100599948316813,6.745,6.738,278.5,4.55,True,0,,False,1504.6262594030763,1114.1337549559405,-37.91302290348827,145.12939381676853,1.6364802669520608,1.5911477675901715,emission=-2.495 transition=1.604 sigma=4.550 num_candidates=5.000,,
2026-09-10T11:12:50.836,1789002771,hmm,True,-37.91299903,145.1292435,1491.3583675355767,1116.5176693201065,1491.4023451615346,1117.0809149880322,1491.3571,1116.5181,1504.6825,1114.1267,-1470433046#1,0.4327903083935937,0.0,0,18.191499984823167,6.653,6.745,278.1,4.66,True,0,,False,1493.47,1115.54,-37.91300821882732,145.12926728692142,2.326978505333508,2.57868484529841,emission=-2.462 transition=-35.175 sigma=4.660 num_candidates=5.000,,
2026-09-10T11:12:52.859,1789002773,hmm,True,-37.91297821,145.1290967,1478.4064358621836,1118.5689374338835,1478.194125946166,1118.668776572392,1478.4105,1118.569,1491.2607,1115.8666,-1470433046#0,1.0461703075643762,0.0,0,22.25669997278601,6.567,6.653,278.1,4.52,True,0,,False,1475.14,1118.25,-37.91298049245128,145.12905948666673,3.2819695806772033,3.0827032151389475,emission=-2.454 transition=-64.907 sigma=4.520 num_candidates=5.000,,
2026-09-10T11:12:54.891,1789002775,hmm,True,-37.91296138,145.1289733,1467.5205385328736,1120.2187279229984,1466.2736976864207,1120.2652318105975,1467.5165,1120.219,1478.3831,1118.7478,1470433047#3,9.100230915555754,0.0,0,11.766599956899881,5.576,6.567,278.6,3.98,True,0,,False,1455.44,1115.26,-37.91300386479788,145.12883480816166,13.058652068975828,11.934041689158537,emission=-4.914 transition=-3.006 sigma=3.980 num_candidates=5.000,,
2026-09-10T11:12:56.930,1789002777,hmm,True,-37.91296662,145.128872,1458.6266657443484,1119.458506415598,1456.3571491220748,1120.5120528628509,1458.6259,1119.4583,1467.4134,1119.6501,-725249377#0,8.663885391569663,0.0,0,12.069199932739139,4.648,5.576,278.8,3.48,True,0,,False,1457.4468453001045,1129.1071370577754,-37.912879489707684,145.1288607873141,9.720496363345777,8.663885391569663,emission=-5.265 transition=1.356 sigma=3.480 num_candidates=5.000,,
2026-09-10T11:13:00.994,1789002781,hmm,True,-37.91314589,145.1287547,1448.7138710439904,1099.3587870262563,1444.5334336236376,1105.4071358509548,1448.7145,1099.3589,1454.4454,1114.8447,1470433047#1,10.438742037642525,0.0,0,25.057299993932247,6.327,0,188.8,2.97,True,0,,False,1446.58,1116.44,-37.91299163287049,145.12873433612884,17.213983916768715,11.221075049394573,emission=-8.184 transition=-37.379 sigma=2.970 num_candidates=5.000,,
2026-09-10T11:13:03.023,1789002783,hmm,True,-37.91327256,145.1287333,1447.114727142849,1085.2650733646005,1443.1361183438107,1091.1314367462674,1447.1127,1085.2646,1449.3821,1099.2235,-93686025#2,4.937212842879855,0.0,0,29.98200000729412,6.936,6.327,188.3,2.69,True,0,,False,1448.0253177233728,1090.4445596955609,-37.913226066752,145.1287448360794,5.258921358790581,4.937212842879855,emission=-3.593 transition=-0.195 sigma=2.690 num_candidates=5.000,,
2026-09-10T11:13:05.047,1789002785,hmm,True,-37.91339986,145.1287149,1445.7807301641442,1071.1067456481978,1442.4991696033264,1075.8654378507392,1445.7825,1071.1071,1447.3034,1085.241,-93686025#0,1.8688042862606384,0.0,0,42.77860000729561,7.063,6.936,187.4,2.43,True,0,,False,1445.65,1071.86,-37.91339305088138,145.12871358548907,0.7645145481453571,5.096200993361421,emission=-2.103 transition=-6.285 sigma=2.430 num_candidates=5.000,,
2026-09-10T11:13:07.090,1789002787,hmm,True,-37.91351449,145.1287023,1444.9284032493597,1058.3645813250914,1442.4945984552219,1061.052699962111,1444.9251,1058.364,1445.5674,1071.1315,-93686025#0,1.8900907222637056,0.0,0,31.468800036236644,6.321,7.063,181.8,2.27,True,0,,False,1444.3709366358432,1060.8251082875493,-37.91349222422967,145.12869652303428,2.522887622976394,1.8900907222637058,emission=-2.085 transition=-16.910 sigma=2.270 num_candidates=5.000,,
2026-09-10T11:13:09.123,1789002789,hmm,True,-37.91360087,145.128781,1452.0394960198319,1048.9183145891875,1447.449936215604,1048.8763847061662,1452.0413,1048.9187,1444.0848,1058.4659,-93686025#0,0.21906715425136591,0.0,0,17.74100004695356,5.78,6.321,145.8,2.2,True,0,,False,1447.482865886755,1049.092962763295,-37.913598472691376,145.12872922892606,4.55997589405723,0.21906715425136591,emission=-1.712 transition=-10.861 sigma=2.200 num_candidates=5.000,,
2026-09-10T11:13:11.152,1789002791,hmm,True,-37.91361633,145.1289004,1462.5706051053712,1047.4135107165202,1456.990598318876,1043.223274726615,1462.5709,1047.4136,1451.9642,1048.4116,-93686025#0,4.373814649810514,0.0,0,18.90110003296286,4.976,5.78,103.7,2.16,True,0,,False,1457.6480600848124,1047.547392973984,-37.913614233801276,145.1288444589857,4.924365333552316,4.373814649810514,emission=-3.739 transition=-2.429 sigma=2.160 num_candidates=5.000,,
2026-09-10T11:13:13.198,1789002793,hmm,True,-37.91362591,145.1290064,1471.910594708519,1046.5375220254064,1467.8830598723246,1041.5860845494963,1471.908,1046.5379,1462.4795,1046.8128,-93686025#0,4.355072865899624,0.0,0,18.298400100320578,4.728,4.976,99.5,2.13,True,0,,False,1468.5377044163772,1045.891673961904,-37.913631118045565,145.12896790128767,3.4341678240811864,4.355072865899624,emission=-3.765 transition=1.609 sigma=2.130 num_candidates=5.000,,
2026-09-10T11:13:15.239,1789002795,hmm,True,-37.91363232,145.1291156,1481.5248390685883,1046.0189285408705,1479.0666428681777,1041.9409725367816,1481.529,1046.0189,1471.7358,1045.4054,-93686025#0,2.323126713831134,0.0,0,11.123499949462712,4.838,4.728,99.5,2.11,True,0,,False,1479.41584993662,1044.2377032898012,-37.91364798433318,145.12909121330364,2.76054316282287,2.323126713831134,emission=-2.272 transition=0.679 sigma=2.110 num_candidates=5.000,,
2026-09-10T11:13:17.274,1789002797,hmm,True,-37.91365192,145.1292407,1492.5662543004146,1044.0647488813847,1490.8263612103838,1041.9910636610682,1492.5657,1044.0646,1481.2166,1043.9639,-93686034#0,0.6041350714173499,0.0,0,25.973599986173213,5.501,4.838,99.6,2.09,True,0,,False,1490.9082188418201,1042.5896273691997,-37.91366490844324,145.1292215107315,2.2192487597535435,0.6041350714173499,emission=-1.698 transition=-25.013 sigma=2.090 num_candidates=5.000,,
2026-09-10T11:13:19.299,1789002799,hmm,True,-37.91367484,145.1293698,1503.9667039244669,1041.749207675457,1502.8081320332867,1041.1474793553416,1503.9692,1041.7497,1492.3373,1042.3942,-93686034#0,0.1835371766156447,0.0,0,18.009199993684888,5.726,5.501,99.6,2.12,True,0,,False,1502.7832635572304,1040.9656347675786,-37.91368168464543,145.12935616492356,1.4193370300128614,0.1835371766156447,emission=-1.674 transition=1.480 sigma=2.120 num_candidates=5.000,,
2026-09-10T11:13:21.321,1789002802,hmm,True,-37.91369232,145.1295618,1520.8846789167728,1040.1482653263956,1520.4197116558894,1039.8425089033483,1520.8828,1040.1479,1503.8422,1040.8208,-93686034#0,1.2689305085609706,0.0,0,11.973400018177927,5.258,5.726,99.4,2.12,True,0,,False,1520.2484510929212,1038.5851885562893,-37.91370628552708,145.1295542091419,1.687600317933466,1.2689305085609706,emission=-1.849 transition=1.443 sigma=2.120 num_candidates=5.000,,
2026-09-10T11:13:23.345,1789002804,hmm,True,-37.91370754,145.1296772,1531.0635783964535,1038.6629493851215,1531.3703690949933,1038.7103751881625,1531.0609,1038.6632,1520.6623,1038.5288,-93686034#0,1.6251052550498393,0.0,0,21.501299925148487,4.662,5.258,98.9,2.1,True,0,,False,1531.1510375878818,1037.1001389384219,-37.91372163394671,145.12967783788824,1.5652557626402928,1.6251052550498393,emission=-1.960 transition=1.581 sigma=2.100 num_candidates=5.000,,
2026-09-10T11:13:27.413,1789002808,hmm,True,-37.91379749,145.1297963,1541.7341289650649,1028.8917282531038,1544.4518734485853,1030.604578809007,1541.7346,1028.8922,1537.5632,1036.2267,-114900092#1,0.9795802366553185,0.0,0,21.977599943056703,4.171,3.644,153.6,2.09,True,0,,False,1546.71,1030.46,-37.91378426201189,145.12985323586278,5.217160993147482,2.2627502191400226,emission=-1.766 transition=-6.586 sigma=2.090 num_candidates=5.000,,
2026-09-10T11:13:29.447,1789002810,hmm,True,-37.91390565,145.1297756,1540.1551747717313,1016.8532341755927,1544.7381579046585,1020.829501802478,1540.1524,1016.8532,1542.641,1029.1198,46129051#0,0.8756039959111006,0.0,0,12.2929000062868,5.738,4.171,184.8,2.15,True,0,,False,1544.8653697467423,1021.7206686317006,-37.91386265442544,145.12983026774603,6.773319340406625,0.9002006277897174,emission=-1.767 transition=-45.970 sigma=2.150 num_candidates=5.000,,
2026-09-10T11:13:31.482,1789002812,hmm,True,-37.91402391,145.1297513,1538.2822335174424,1003.6876420760527,1543.868626602625,1009.290786467213,1538.283,1003.6877,1540.9811,1016.6227,-46129059#3,3.8474332928856456,0.0,0,12.804499943740666,6.515,5.738,187.8,2.62,True,0,,False,1540.0481095163634,1009.7450904808296,-37.91396966236085,145.12977276091993,6.309595804811868,3.847433292885646,emission=-2.960 transition=-25.218 sigma=2.620 num_candidates=5.000,,
2026-09-10T11:13:33.520,1789002814,hmm,True,-37.91414286,145.1297322,1536.867974193825,990.4546557944268,1541.8900426219527,996.1114676729738,1536.8716,990.4545,1539.3133,1003.5652,-46129059#3,3.43890210854697,0.0,0,11.56250003259629,6.647,6.515,187,3.12,True,0,,False,1538.4751986822334,996.5175324209283,-37.9140885347918,145.12975185825832,6.272291729847909,3.43890210854697,emission=-2.664 transition=1.578 sigma=3.120 num_candidates=5.000,,
2026-09-10T11:13:35.551,1789002816,hmm,True,-37.91426293,145.1297055,1534.7880909586092,977.0839817114174,1538.9215195851862,981.7818302094281,1534.7924,977.0842,1537.7419,990.351,-46129053,0.6460553664854647,0.0,0,12.014800100587308,6.712,6.647,189.2,3.49,True,0,,False,1540.02,982.64,-37.91421382585464,145.12976625733614,7.631658498678377,1.3939564595710032,emission=-2.186 transition=-19.255 sigma=3.490 num_candidates=5.000,,
2026-09-10T11:13:37.590,1789002818,hmm,True,-37.91436913,145.1296823,1532.9850210599834,965.2585662314668,1536.5760364199837,968.5064004567814,1532.9855,965.259,1536.0605,976.9218,-46129059#2,3.6517025234263025,0.0,0,11.991600040346384,6.018,6.712,189.7,5.37,True,0,,False,1535.42,972.19,-37.91430713027374,145.12971156856676,7.346692897208061,3.8607416125828737,emission=-2.831 transition=-28.048 sigma=5.370 num_candidates=5.000,,
2026-09-10T11:13:39.616,1789002820,hmm,True,-37.9144525,145.1296732,1532.370665579103,955.9913554210216,1534.3282861561509,956.0579697739239,1532.3743,955.9915,1534.4626,965.0607,114900092#6,7.506545236059139,0.0,0,11.871399939991534,4.863,0,187.1,6.27,True,0,,False,1526.8711693753423,956.9179876216376,-37.914443158595915,145.1296108789234,5.577015844553051,7.5065452360591385,emission=-3.471 transition=-36.620 sigma=6.270 num_candidates=5.000,,
2026-09-10T11:13:41.657,1789002822,hmm,True,-37.91453851,145.1296554,1530.9973675226793,946.4158494984731,1531.986652425487,944.7466383286724,1530.9949,946.4157,1533.2407,955.877,-46129059#1,0.21410500149358871,0.0,0,11.533500044606626,4.832,4.863,190.4,5.78,True,0,,False,1531.7743907588476,944.7746728884172,-37.914553434530525,145.12966386076374,1.8158264715936507,0.21410500149358871,emission=-2.674 transition=1.456 sigma=5.780 num_candidates=5.000,,
2026-09-10T11:13:43.680,1789002824,hmm,True,-37.91463223,145.129653,1530.9950641929172,936.011968693696,1530.504798289648,934.152342293317,1530.996,936.0118,1531.9741,946.2864,-46129059#1,0.13220872018435353,0.0,0,11.432499974034727,5.043,4.832,187.7,5.46,True,0,,False,1530.3737278191088,934.1696534875392,-37.91464871366097,145.1296455146667,1.944269582196284,0.13220872018435353,emission=-2.617 transition=1.608 sigma=5.460 num_candidates=5.000,,
2026-09-10T11:13:47.759,1789002828,hmm,True,-37.91472352,145.1296314,1529.2994698790135,925.8438630346209,1528.4587680162886,920.4108737713311,1529.2981,925.8435,1528.6635,929.2933,-46129059#0,0.6860625950469957,0.0,0,13.646599953062832,1.958,3.552,187.8,4.74,True,0,,False,1528.99,924.17,-37.9147385425798,145.12962749920683,1.7022306144253716,3.796476975247442,emission=-2.485 transition=-53.289 sigma=4.740 num_candidates=5.000,,
2026-09-10T11:13:55.923,1789002836,hmm,True,-37.91480773,145.1297863,1543.1042968301335,916.7727357689291,1540.5152400386532,912.4957199552481,1543.1023,916.7732,1529.4079,920.6973,44348023#1,1.7166169559570956,0.0,0,12.945299968123436,3.894,2.239,95.2,3.78,True,0,,False,1540.6676489786828,914.2055577512037,-37.91483041527104,145.1297580080309,3.5394428554042157,1.7166169559570956,emission=-2.352 transition=-34.808 sigma=3.780 num_candidates=5.000,,
2026-09-10T11:13:57.943,1789002838,hmm,True,-37.91481591,145.1298934,1552.537709698663,916.0539516443387,1548.603610617675,913.2588190012698,1552.5393,916.0536,1543.1401,917.1938,44348023#1,0.1593663738725966,0.0,0,11.296199983917177,4.84,3.894,95.9,3.61,True,0,,False,1548.6206592334468,913.4172708419709,-37.914838953821594,145.12984825906432,4.721797327356002,0.1593663738725966,emission=-2.204 transition=0.950 sigma=3.610 num_candidates=5.000,,
2026-09-10T11:13:59.978,1789002840,hmm,True,-37.91482579,145.1300133,1563.1001574634574,915.1690915776417,1558.1706538501237,913.2107496521863,1563.1038,915.1692,1552.5563,916.2127,44348023#1,0.8162984638139218,0.0,0,11.551200062967837,5.271,4.84,95.9,3.45,True,0,,False,1558.0833282837175,912.3991355644101,-37.91484983567457,145.1299556234892,5.730726946376672,0.8162984638139218,emission=-2.185 transition=1.360 sigma=3.450 num_candidates=5.000,,
2026-09-10T11:14:02.003,1789002842,hmm,True,-37.91480244,145.1301338,1573.6413752536755,917.9726455509663,1568.683311864121,914.7731500033339,1573.642,917.9724,1563.095,915.0861,1038136215,3.5912714686237264,0.0,0,12.086200062185526,5.179,5.271,93.7,3.62,True,0,,False,1568.22611931922,911.2110992262901,-37.91486237084971,145.13007068262402,8.662765467008581,3.591271468623727,emission=-2.698 transition=-1.887 sigma=3.620 num_candidates=5.000,,
2026-09-10T11:14:04.023,1789002844,hmm,True,-37.91481665,145.1302638,1585.1013547416078,916.6250905906782,1580.7978288971228,915.511729007627,1585.0992,916.6255,1573.1066,913.8136,1038136215,5.866098882838504,0.0,0,11.192200006917119,5.627,5.179,96.1,3.5,True,0,,False,1580.051035818316,909.6933601467962,-37.91487817992527,145.13020479346844,8.576398321766511,5.866098882838504,emission=-3.576 transition=0.534 sigma=3.500 num_candidates=5.000,,
2026-09-10T11:14:06.065,1789002846,hmm,True,-37.91482073,145.1303956,1596.697021044325,916.4047699095681,1593.198646868048,915.9198396787334,1596.6933,916.4049,1584.5475,912.3405,139327110#0,5.605079497453127,0.0,0,12.192700058221817,5.659,5.627,93.6,3.73,True,0,,False,1592.514698598686,910.3566453681232,-37.91487445712133,145.13034666480021,7.3533415198891365,5.605079497453127,emission=-3.364 transition=-13.945 sigma=3.730 num_candidates=5.000,,
2026-09-10T11:14:08.099,1789002848,hmm,True,-37.91483965,145.1305248,1608.0971473159152,914.533126858063,1605.8079289837813,915.2649894288405,1608.0978,914.5333,1596.2883,913.1107,139327110#0,6.493744412680481,0.0,0,12.181199970655143,5.675,5.659,98.7,3.66,True,0,,False,1605.0155432103502,908.8197709466413,-37.91489056038798,145.1304884571241,6.491434327944284,6.493744412680482,emission=-3.790 transition=1.453 sigma=3.660 num_candidates=5.000,,
2026-09-10T11:14:10.139,1789002850,hmm,True,-37.91485199,145.1306659,1620.5287566293846,913.4125990774482,1618.651830735126,914.2799525361462,1620.5247,913.4123,1607.7497,911.7016,139327110#0,7.083319054576495,0.0,0,33.03960000630468,6.123,5.675,96.4,3.8,True,0,,False,1617.7875033315775,907.2495651379724,-37.91490701272378,145.1306333246792,6.745180277936999,7.083319054576495,emission=-3.991 transition=1.542 sigma=3.800 num_candidates=5.000,,
2026-09-10T11:14:12.177,1789002852,hmm,True,-37.91487065,145.1308049,1632.7898138247547,911.5870511345565,1631.526696367738,912.7378024041806,1632.7903,911.5874,1620.1273,910.1799,139327110#0,7.1237219119379835,0.0,0,13.124700053595006,6.147,6.123,98.4,3.84,True,0,,False,1630.657438888821,905.6673140678652,-37.91492359108884,145.13077930360564,6.292083105471363,7.1237219119379835,emission=-3.985 transition=1.609 sigma=3.840 num_candidates=5.000,,
2026-09-10T11:14:14.219,1789002854,hmm,True,-37.91488937,145.1309458,1645.218027628085,909.7581764888018,1644.3717687777726,910.8923815539874,1645.2207,909.7587,1632.4313,908.6672,139327110#0,6.859484851522302,0.0,0,12.55520002450794,6.236,6.147,99,3.97,True,0,,False,1643.53475428136,904.0841557086545,-37.914940178780554,145.13092536631189,5.91843906561003,6.859484851522302,emission=-3.790 transition=1.596 sigma=3.970 num_candidates=5.000,,
2026-09-10T11:14:16.242,1789002856,hmm,True,-37.91490605,145.1310839,1657.3955473083188,908.1507163606584,1657.0532675983934,908.9352733486392,1657.3944,908.1507,1644.8981,907.1345,139327110#0,6.4650104066440806,0.0,0,12.572999927215278,6.19,6.236,97.8,3.82,True,0,,False,1656.2627842175216,902.5187715304689,-37.914956579213914,145.13106973566724,5.744732786663824,6.4650104066440806,emission=-3.691 transition=1.571 sigma=3.820 num_candidates=5.000,,
2026-09-10T11:14:18.283,1789002858,hmm,True,-37.91491717,145.131224,1669.7365118194139,907.1637291507795,1669.6155261401545,907.3429817245112,1669.7398,907.1634,1657.0872,905.6379,-52631734#0,1.288264806335202,0.0,0,11.513800011016428,6.156,6.19,95.7,3.94,True,0,,False,1665.77,912.86,-37.91486514030932,145.13118019675267,6.941233147015658,6.724995312019882,emission=-2.344 transition=-18.859 sigma=3.940 num_candidates=5.000,,
2026-09-10T11:14:20.318,1789002860,hmm,True,-37.91493298,145.1313641,1682.08790592046,905.6562973391265,1682.0953209984186,905.7611213371198,1682.0906,905.656,1669.5065,904.3116,-52631734#1,2.0058909723865295,0.0,0,11.89419999718666,6.241,6.156,97,3.91,True,0,,False,1682.36,910.61,-37.91488840506957,145.13136832313646,4.961169745177681,4.856097122300292,emission=-2.414 transition=-4.442 sigma=3.910 num_candidates=5.000,,
2026-09-10T11:14:22.355,1789002863,hmm,True,-37.91500275,145.1315679,1700.1592016597278,898.2734292047098,1700.6712921064925,902.302491657858,1700.1604,898.2735,1682.4901,904.417,52631734#4,6.2805856999101035,0.0,0,13.809100026264787,6.321,6.241,98.5,8.32,True,0,,False,1702.47,908.32,-37.914912665492,145.13159646529752,10.30889779337166,6.2805856999101035,emission=-3.323 transition=-50.297 sigma=8.320 num_candidates=5.000,,
2026-09-10T11:14:24.391,1789002865,hmm,True,-37.91502003,145.1317041,1712.1709947055206,896.5959613015875,1712.8331021130682,899.2935558524589,1712.1735,896.5959,1700.1321,897.8622,52631734#4,7.256608477251444,0.0,0,15.908600063994527,6.106,6.321,99.1,8.3,True,0,,False,1713.9194103221532,906.4683939040801,-37.914931412586284,145.1317262307801,10.026060176322698,7.256608477251444,emission=-3.417 transition=-3.004 sigma=8.300 num_candidates=5.000,,
2026-09-10T11:14:26.431,1789002867,hmm,True,-37.91503922,145.1318545,1725.4353529459331,894.731552763842,1725.2776812248974,896.263091070926,1725.4389,894.7319,1712.1656,896.5378,-668801471#0,6.387383377970464,0.0,0,35.18060001078993,6.588,6.106,99.2,8.03,True,0,,False,1726.2338671649015,902.5784988064021,-37.91496867709465,145.1318653679765,7.887470263192333,6.387383377970463,emission=-3.318 transition=1.316 sigma=8.030 num_candidates=5.000,,
2026-09-10T11:14:28.464,1789002869,hmm,True,-37.91505935,145.1320102,1739.1677177448291,892.7721534790471,1738.240001992599,893.4324430691164,1739.1651,892.7717,1725.4386,894.7293,668801471#1,9.28586794897995,0.0,0,12.887699995189905,6.944,6.588,99.7,7.73,True,0,,False,1739.5983203336477,902.6184277659393,-37.91497073025007,145.13201734003303,9.855685461813938,9.28586794897995,emission=-3.686 transition=-23.739 sigma=7.730 num_candidates=5.000,,
2026-09-10T11:14:30.510,1789002871,hmm,True,-37.9150792,145.1321567,1752.0906799626537,890.827594153583,1751.3831800503597,890.8739764906067,1752.0871,890.8277,1739.1768,892.8574,668801471#1,9.894256421983927,0.0,0,12.300800066441298,6.707,6.944,99.7,6.52,True,0,,False,1752.8304922502384,900.6618055420385,-37.9149907447209,145.1321673530386,9.861999586984746,9.894256421983927,emission=-3.945 transition=1.540 sigma=6.520 num_candidates=5.000,,
2026-09-10T11:14:32.551,1789002873,hmm,True,-37.91509869,145.1323005,1764.7754775441717,888.9182058889419,1764.5760130735546,888.760494301958,1764.7781,888.9183,1752.1233,891.0934,668801471#1,10.064959474419346,0.0,0,13.130599982105196,6.387,6.707,99.7,3.5,True,0,,False,1766.0402593309439,898.7183752070214,-37.915010636122716,145.13231711438053,9.881446838959224,10.064959474419346,emission=-6.307 transition=1.564 sigma=3.500 num_candidates=5.000,,
2026-09-10T11:14:34.594,1789002875,hmm,True,-37.91511867,145.1324465,1777.65475958772,886.9583004182205,1777.518727755794,886.6581259406595,1777.6516,886.9583,1764.8384,889.3609,569766862#0,2.9738219580287,0.0,0,12.034100014716387,6.442,6.387,99.8,3.78,True,0,,False,1777.0819367785834,883.7165565159678,-37.91514776898526,145.13243924803007,3.2919643829269294,2.9738219580287,emission=-2.558 transition=-13.556 sigma=3.780 num_candidates=5.000,,
2026-09-10T11:14:36.635,1789002877,hmm,True,-37.91513938,145.1325971,1790.9400431093527,884.9254722781479,1790.539468031899,884.5138982316905,1790.9376,884.9249,1777.6388,886.872,569766862#0,2.7653182857087173,0.0,0,12.415100005455315,6.651,6.442,99.8,5.62,True,0,,False,1790.1333017941888,881.7785711564362,-37.915167582412586,145.13258720987184,3.2486640668777764,2.7653182857087177,emission=-2.766 transition=1.601 sigma=5.620 num_candidates=5.000,,
2026-09-10T11:14:38.674,1789002879,hmm,True,-37.91516006,145.1327474,1804.1988792717457,882.8954234281555,1803.91021501839,882.6484218816919,1804.1996,882.8951,1790.9332,884.8953,569766862#0,2.8839512952171584,0.0,0,11.958500021137297,6.578,6.651,99.8,3.43,True,0,,False,1803.4866241234931,879.7957484291311,-37.91518785405423,145.13273859505938,3.180454762418277,2.8839512952171584,emission=-2.505 transition=1.607 sigma=3.430 num_candidates=5.000,,
2026-09-10T11:14:40.705,1789002881,hmm,True,-37.91517953,145.13289,1816.7781119787833,880.9860614128411,1816.8674058676463,880.7543256927524,1816.7739,880.9863,1804.2036,882.9221,569766862#0,2.913532291451169,0.0,0,14.082500012591481,6.52,6.578,99.7,3.68,True,0,,False,1816.4394701557312,877.872392064128,-37.91520751754976,145.13288544017698,3.1320305071048273,2.913532291451169,emission=-2.535 transition=1.609 sigma=3.680 num_candidates=5.000,,
2026-09-10T11:14:42.722,1789002883,hmm,True,-37.91520093,145.1330483,1830.7418124665273,878.8901631394401,1830.3402744077662,878.799667776604,1830.7407,878.8899,1816.7836,881.0516,569766862#0-AddedOffRampEdge,1.3672324243583176,0.0,0,13.668300001882017,7.003,6.52,99.7,3.51,True,0,,False,1830.1393409714424,877.4472809028198,-37.91521381911239,145.1330411208343,1.5636115409987232,1.3672324243583176,emission=-2.250 transition=-38.371 sigma=3.510 num_candidates=5.000,,
2026-09-10T11:14:44.738,1789002885,hmm,True,-37.91522172,145.1332028,1844.3700915038935,876.8552393242717,1843.7396268948128,876.7981463089736,1844.3682,876.8551,1830.7527,878.9711,569766862#0-AddedOffRampEdge,1.3566611268757247,0.0,0,12.969800038263202,6.938,7.003,99.4,6.09,True,0,,False,1843.5402470547115,875.4562159484344,-37.915234173008464,145.1331930454502,1.626624792623453,1.3566611268757247,emission=-2.750 transition=1.609 sigma=6.090 num_candidates=5.000,,
2026-09-10T11:14:46.780,1789002887,hmm,True,-37.91524203,145.1333569,1857.962132000248,874.8728520609438,1857.5742355941363,874.837051395907,1857.959,874.8727,1844.3817,876.9461,569766862#0-AddedOffRampEdge,1.4500442599832475,0.0,0,22.728300071321428,7.035,6.938,99.4,3.57,True,0,,False,1857.3611318300732,873.4027518659439,-37.915255164583655,145.13334973141502,1.5882052096278632,1.4500442599832475,emission=-2.274 transition=1.608 sigma=3.570 num_candidates=5.000,,
2026-09-10T11:14:48.800,1789002889,hmm,True,-37.91526361,145.1335206,1872.400920761167,872.7664167620242,1871.7279811713383,872.8018344096969,1872.4016,872.766,1857.9672,874.9276,569766862#0-AddedOffRampEdge,1.5170116582063475,0.0,0,13.18930007982999,7.241,7.035,99.4,3.73,True,0,,False,1871.5050356355275,871.3012946204224,-37.91527664655611,145.13351007951476,1.7173214749003838,1.5170116582063475,emission=-2.318 transition=1.609 sigma=3.730 num_candidates=5.000,,
2026-09-10T11:14:50.837,1789002891,hmm,True,-37.91528443,145.1336803,1886.4863731263904,870.7372486982495,1885.6977205204953,870.7769748851554,1886.4894,870.7375,1872.4041,872.7826,569766862#0-AddedOffRampEdge,1.5671818330088911,0.0,0,11.64239994250238,7.23,7.241,99.2,6.1,True,0,,False,1885.4674017938178,869.226809674007,-37.91529785259435,145.13366836963962,1.8220122454471634,1.5671818330088911,emission=-2.760 transition=1.609 sigma=6.100 num_candidates=5.000,,
2026-09-10T11:14:52.870,1789002893,hmm,True,-37.91530445,145.1338361,1900.227191951708,868.7899642791599,1899.7261295461299,868.771560991369,1900.2298,868.7897,1886.4825,870.6909,569766862#0-AddedOffRampEdge,1.6452088043662942,0.0,0,13.098299968987703,7.079,7.23,99.2,6.18,True,0,,False,1899.4843436927213,867.1442160337599,-37.91531914131028,145.13382727858504,1.8056330809765044,1.645208804366294,emission=-2.776 transition=1.608 sigma=6.180 num_candidates=5.000,,
2026-09-10T11:14:54.898,1789002895,hmm,True,-37.91532473,145.1339939,1914.144400075893,866.8173260381445,1913.9283386731943,866.7953350167996,1914.1438,866.8172,1900.2092,868.6514,569766862#0-AddedOffRampEdge,1.777649062821211,0.0,0,13.26169993262738,6.995,7.079,99.2,3.83,True,0,,False,1913.6670889190145,865.0369878507115,-37.91534068162957,145.13398806733161,1.8432118711946448,1.777649062821211,emission=-2.370 transition=1.606 sigma=3.830 num_candidates=5.000,,
2026-09-10T11:14:56.937,1789002897,hmm,True,-37.91534492,145.134151,1927.9998635887168,864.8534193690866,1927.9525979122982,864.8295098160581,1927.9963,864.8534,1914.1094,866.5862,44348588#0,3.6460407910661545,0.0,0,14.347200049087405,6.96,6.995,99.2,3.34,True,0,,False,1928.0043688100573,868.4751830356794,-37.91531229509965,145.13415187562606,3.6217664686821993,3.6460407910661545,emission=-2.721 transition=-8.389 sigma=3.340 num_candidates=5.000,,
2026-09-10T11:14:58.977,1789002899,hmm,True,-37.91530064,145.1343133,1942.169252472464,870.0525544108823,1942.0788706276162,867.3525336075728,1942.17,870.0529,1928.0089,865.1862,44348588#0,0.9226894467847964,0.0,0,12.011699960567057,6.695,6.96,92.7,2.78,True,0,,False,1942.091972088557,868.2751300344731,-37.915316637530374,145.13431201671582,1.7791036146302157,0.9226894467847964,emission=-1.996 transition=0.305 sigma=2.780 num_candidates=5.000,,
2026-09-10T11:15:01.014,1789002901,hmm,True,-37.91525924,145.134445,1953.655015342054,874.8782440023497,1954.5751104724418,871.8733112858218,1953.6512,874.8785,1942.1447,868.2744,44348588#0,1.0349085372608633,0.0,0,12.265800032764673,6.061,6.695,71.2,2.47,True,0,,False,1953.63,872.55,-37.91528020887188,145.13444418567835,2.328378384587762,1.162386089479296,emission=-1.911 transition=-1.892 sigma=2.470 num_candidates=5.000,,
2026-09-10T11:15:03.057,1789002903,hmm,True,-37.91521102,145.134568,1964.360829511308,880.4453915683553,1965.7824493225855,877.6649900022385,1964.364,880.4458,1954.704,875.4643,139332152#1,3.8258514320859534,0.0,0,12.085000053048134,5.932,6.061,57.1,2.34,True,0,,False,1969.4578352699052,876.6025977401059,-37.915246555735884,145.13462508222827,6.383301035483388,3.825851432085954,emission=-3.106 transition=-4.661 sigma=2.340 num_candidates=5.000,,
2026-09-10T11:15:05.091,1789002905,hmm,True,-37.91513079,145.1346819,1974.1955933585996,889.5485049625859,1975.796322733852,886.1742599675122,1974.194,889.548,1964.2962,880.5252,139332152#1,3.4323120824304882,0.0,0,33.29159994609654,6.467,5.932,46.3,2.25,True,0,,False,1970.08,878.755,-37.91522727854225,145.13463264651276,11.551530551001257,9.365989753522255,emission=-2.893 transition=-1.445 sigma=2.250 num_candidates=5.000,,
2026-09-10T11:15:07.127,1789002907,hmm,True,-37.91500731,145.1347309,1978.2289764134912,903.3366686599329,1981.7246940769649,898.8040564004871,1978.2326,903.3364,1974.7557,889.4029,139332152#2,5.997545122263037,0.0,0,12.315199943259358,6.565,6.467,16.9,2.18,True,0,,False,1975.9176805503917,900.3037701717705,-37.915034214418284,145.1347039287864,3.813208859514403,5.997545122263037,emission=-5.483 transition=-1.412 sigma=2.180 num_candidates=5.000,,
2026-09-10T11:15:09.152,1789002909,hmm,True,-37.91489521,145.1347811,1982.3931368850172,915.8641589516774,1985.6317709277614,912.5856585246905,1982.3939,915.8645,1978.3466,903.3069,139332152#2,6.334347861507525,0.0,0,12.586700031533837,6.515,6.565,16.9,2.12,True,0,,False,1979.4986543002178,914.1695913716046,-37.914909953290916,145.134747802143,3.3540406552605058,6.334347861507525,emission=-6.134 transition=1.590 sigma=2.120 num_candidates=5.000,,
2026-09-10T11:15:11.178,1789002911,hmm,True,-37.91479097,145.1348145,1985.0978708844632,927.4899076353759,1987.9528609108606,925.9099118822085,1985.0935,927.4903,1981.64,916.0592,139332152#3,5.038554768484153,0.0,0,12.502999976277351,6.029,6.515,16.9,2.09,True,0,,False,1987.5349999999999,941.5550000000001,-37.91466470754573,145.1348454120887,14.274677633880447,15.650667396449563,emission=-4.562 transition=-7.408 sigma=2.090 num_candidates=5.000,,
2026-09-10T11:15:13.213,1789002913,hmm,True,-37.91469711,145.1348489,1987.913572660822,937.9655974246562,1989.8103476163153,937.9191588974091,1987.9147,937.9652,1984.7713,927.5934,139332152#3,3.251193653728452,0.0,0,13.018100056797266,5.564,6.029,16.9,2.07,True,0,,False,1987.5349999999999,941.5550000000001,-37.91466470754573,145.1348454120887,3.609311306524754,4.289119641413837,emission=-2.880 transition=-59.151 sigma=2.070 num_candidates=5.000,,
2026-09-10T11:15:15.251,1789002915,hmm,True,-37.9145978,145.134879,1990.339165820973,949.038480926305,1991.5022456093493,949.3706292483772,1990.3354,949.0379,1988.073,937.9145,4577077#0,14.46792676547709,0.0,0,13.086399994790554,5.696,5.564,13,2.06,True,0,,False,2005.1875426640245,944.6766384711699,-37.914639768941946,145.1350468432707,15.475786392835973,14.46792676547709,emission=-26.305 transition=0.396 sigma=2.060 num_candidates=5.000,,
2026-09-10T11:15:17.285,1789002917,hmm,True,-37.91449064,145.1348733,1989.6001338467468,960.9194629667327,1991.3624130821918,960.9916495702059,1989.6031,960.9195,1992.15,952,5322853#3,5.596596233151857,0.0,0,14.643399976193905,5.831,5.696,358.8,2.02,True,0,,False,1996.17,950.29,-37.91458757703854,145.13494558509097,12.495944311367822,11.73193059542082,emission=-5.460 transition=-17.288 sigma=2.020 num_candidates=5.000,,
2026-09-10T11:15:19.323,1789002919,hmm,True,-37.91439834,145.1348996,1991.7072422259953,971.2077961796895,1992.1224123110771,971.7753826906655,1991.7108,971.2079,1986.9757,960.4751,988996003,2.2345346241007524,0.0,0,11.427099932916462,5.237,5.831,13.8,2.01,True,0,,False,1984.5625,974.1099999999999,-37.914370908344715,145.1348190202478,7.711687784820167,7.91218756932742,emission=-2.235 transition=-15.723 sigma=2.010 num_candidates=5.000,,
2026-09-10T11:15:21.364,1789002922,hmm,True,-37.91435757,145.1350689,2006.500023111119,976.0296382755041,2002.798509510719,979.7210125627115,2006.5027,976.0301,1990.4638,972.56,5322853#6,6.70816474996732,0.0,0,13.157799956388772,4.93,5.237,97.4,2.01,True,0,,False,1996.57,977.23,-37.91434496703276,145.13495626269986,10.002311095791423,6.70816474996732,emission=-7.186 transition=-8.861 sigma=2.010 num_candidates=5.000,,
2026-09-10T11:15:23.400,1789002924,hmm,True,-37.91442697,145.1351963,2017.8539356972906,968.5527473241091,2014.0760215833618,975.4852601299947,2017.8541,968.5525,2006.3065,975.6068,5322853#7,4.576683861828482,0.0,0,34.00060010608286,6.027,4.93,118.9,2.01,True,0,,False,2005.76,975.86,-37.91435896476307,145.13506044689325,14.130082176672394,8.324460639892004,emission=-4.209 transition=-15.165 sigma=2.010 num_candidates=5.000,,
2026-09-10T11:15:25.422,1789002926,hmm,True,-37.91446023,145.1353332,2029.9627521084622,965.1028233701363,2026.7527701061726,970.0961477297828,2029.9669,965.103,2017.5989,967.6614,46129094#1,5.70043712560493,0.0,0,16.72259997576475,6.168,6.027,106.6,2.01,True,0,,False,2032.43,970.61,-37.91441106461969,145.1353625068635,6.034592495837236,5.70043712560493,emission=-5.639 transition=-8.422 sigma=2.010 num_candidates=5.000,,
2026-09-10T11:15:27.451,1789002928,hmm,True,-37.91448365,145.1354897,2043.7727649753797,962.7792446445674,2041.0157841488544,965.2005594067357,2043.7767,962.7789,2029.9739,964.3857,-988996005#0,1.363777816171643,0.0,0,39.558300049975514,6.873,6.168,103.2,2.0,True,0,,False,2042.35,967.17,-37.91444384061125,145.13547452096424,4.6155165221703385,2.3788291632323966,emission=-1.845 transition=-59.288 sigma=2.000 num_candidates=5.000,,
2026-09-10T11:15:29.479,1789002930,hmm,True,-37.91450614,145.1356605,2058.837827150128,960.5839850893244,2056.5386973331933,961.2847149610454,2058.8421,960.5837,2042.3021,962.4008,-46129097#0,2.2097478483808346,0.0,0,33.25600002426654,7.43,6.873,99.3,2.0,True,0,,False,2057.61,964.8,-37.914467939860465,145.13564749769094,4.391166273056538,3.6749038503074867,emission=-2.222 transition=-48.933 sigma=2.000 num_candidates=5.000,,
2026-09-10T11:15:31.500,1789002932,hmm,True,-37.91452732,145.1358309,2073.864808305283,958.5333589464426,2072.3998390679258,958.3154691856081,2073.8621,958.5337,2059.9912,961.0589,46129098#1,1.5997646853203709,0.0,0,31.945599941536784,7.593,7.43,100.3,2.0,True,0,,False,2074.55,958.47,-37.91452801420006,145.1358386766595,0.6881148266122533,2.1557067997331516,emission=-1.932 transition=-60.813 sigma=2.000 num_candidates=5.000,,
2026-09-10T11:15:33.529,1789002934,hmm,True,-37.91454917,145.1360026,2089.0075511061586,956.4106444194913,2088.009542803516,955.7877477683362,2089.0061,956.4108,2074.514,958.8202,-46129090#0,0.15954158498722815,0.0,0,121.84500007424504,7.751,7.593,99.3,2.5,True,0,,False,2087.22,960.55,-37.91451155962622,145.1359832156552,4.508836166797139,4.8272584513956485,emission=-1.837 transition=-47.356 sigma=2.500 num_candidates=5.000,,
2026-09-10T11:15:35.553,1789002936,hmm,True,-37.91457125,145.1361781,2104.484855159768,954.2690601758659,2103.6513486972976,953.4724864225785,2104.4883,954.2687,2090.307,956.6327,46129091#1,1.1919631317791095,0.0,0,32.117799972184,7.664,7.751,99.2,3.34,True,0,,False,2105.47,953.9,-37.91457475204119,145.13618921782333,1.0520055939232007,1.8682238676614662,emission=-2.189 transition=-44.182 sigma=3.340 num_candidates=5.000,,
2026-09-10T11:15:37.570,1789002938,hmm,True,-37.91459158,145.1363166,2116.7055765448604,952.2565995827317,2117.78078371856,951.5816477090115,2116.706,952.2564,2104.2253,952.5421,-630680457#5,2.4161822467571605,0.0,0,28.644899954088032,6.347,0,100,3.09,True,0,,False,2112.93,947.98,-37.91462942462637,145.13627269690764,5.704759612562309,6.04168593226068,emission=-2.353 transition=-5.418 sigma=3.090 num_candidates=5.000,,
2026-09-10T11:15:39.610,1789002940,hmm,True,-37.91460415,145.1364187,2125.7091315541184,951.0412311879918,2128.839009999806,950.2258555903451,2125.7095,951.0417,2116.8844,952.224,-46129092#0,7.787608547562519,0.0,0,12.52400001976639,4.682,6.347,98.2,2.99,True,0,,False,2117.54,955.83,-37.91455954020499,145.13632690035936,9.469266977087278,12.612456602105041,emission=-5.406 transition=-0.396 sigma=2.990 num_candidates=5.000,,
2026-09-10T11:15:43.672,1789002944,hmm,True,-37.91457701,145.1365631,2138.3432047311217,954.3066157922149,2144.0452943847076,951.6705688784566,2138.3438,954.3064,2133.5604,948.953,630680455#1,4.217991566852488,0.0,0,13.05890001822263,3.359,0,61.4,3.2,True,0,,False,2139.92,952.55,-37.91459311800863,145.13658062987494,2.360504683625132,4.217991566852488,emission=-2.951 transition=-233.245 sigma=3.200 num_candidates=5.000,,
2026-09-10T11:15:45.714,1789002946,hmm,True,-37.91448689,145.1365876,2140.297092192108,964.3498376784846,2146.2227743839667,958.65054367406,2140.2992,964.3499,2137.053,954.5584,630680455#1,5.016688665552799,0.0,0,13.269399991258979,4.615,3.359,15,3.25,True,0,,False,2141.29908963511,959.6120496079783,-37.91452974964313,145.1365979163648,4.842585536344667,5.016688665552799,emission=-3.289 transition=1.028 sigma=3.250 num_candidates=5.000,,
2026-09-10T11:15:47.743,1789002948,hmm,True,-37.91439003,145.136609,2141.96351015073,975.1355145089328,2147.434364269573,968.2920786177483,2141.9601,975.1352,2139.0132,964.6009,1064871809#2,2.984232623022347,0.0,0,12.38470000680536,5.361,4.615,11.9,3.29,True,0,,False,2148.95,964.64,-37.91448583441523,145.13668605504694,12.608206265015179,3.954090274331218,emission=-2.521 transition=-6.268 sigma=3.290 num_candidates=5.000,,
2026-09-10T11:15:49.760,1789002950,hmm,True,-37.91429204,145.136628,2143.416440633533,986.0423632161692,2147.912116393832,979.6471371936,2143.4124,986.0427,2141.1022,975.3026,1064871809#3,3.038095692519529,0.0,0,12.356699910014868,5.437,5.361,8.4,3.37,True,0,,False,2150.923001337433,979.2414312738719,-37.91435465631936,145.13671180829664,10.129221534012201,3.038095692519529,emission=-2.540 transition=-28.540 sigma=3.370 num_candidates=5.000,,
2026-09-10T11:15:51.805,1789002952,hmm,True,-37.91418793,145.1366518,2145.277772950707,997.6367525896057,2148.265095185035,992.3027703276257,2145.2767,997.6362,2143.3438,986.058,1064871809#3,6.350039568636942,0.0,0,12.969299918040633,5.808,5.437,10.2,3.41,True,0,,False,2151.99,987.16,-37.914283515985744,145.1367257406334,12.442521319454071,6.350039568636942,emission=-3.880 transition=-21.743 sigma=3.410 num_candidates=5.000,,
2026-09-10T11:15:53.822,1789002954,hmm,True,-37.91408497,145.1366831,2147.800996345177,1009.1167119611055,2149.1753086589606,1005.3361584139752,2147.8052,1009.1167,2145.875,997.5074,-10585186,1.5785062922378499,0.0,0,32.49319992028177,5.865,5.808,13.2,3.45,True,0,,False,2147.6321653433715,1005.6684095572197,-37.914116002780354,145.13668039647786,3.452432964709844,1.5785062922378499,emission=-2.262 transition=-0.598 sigma=3.450 num_candidates=5.000,,
2026-09-10T11:15:55.846,1789002956,hmm,True,-37.91398054,145.1367201,2150.822061429033,1020.769805575721,2150.908435375215,1018.3747102295395,2150.8199,1020.7692,2148.3494,1008.9995,-10585186,0.528392746370421,0.0,0,11.581400060094893,5.956,5.865,14.8,3.45,True,0,,False,2150.3918801111804,1018.4859287244716,-37.914001036277725,145.13671468947194,2.3240373142232906,0.528392746370421,emission=-2.169 transition=1.400 sigma=3.450 num_candidates=5.000,,
2026-09-10T11:15:57.866,1789002958,hmm,True,-37.91389341,145.1367446,2152.782618137193,1030.4812372541055,2152.7414578333,1030.1343381367208,2152.7823,1030.4818,2150.8807,1020.7561,-46129071#0,6.674833951852326,0.0,0,11.85750006698072,4.945,5.956,13,3.54,True,0,,False,2159.69,1029.17,-37.91390646577035,145.13682284269504,7.030737325145282,7.015139790791199,emission=-3.961 transition=-0.024 sigma=3.540 num_candidates=5.000,,
2026-09-10T11:15:59.906,1789002960,hmm,True,-37.91382166,145.1367683,2154.7069661100395,1038.4846213301644,2154.628357719803,1040.057088754994,2154.7099,1038.4843,2152.9688,1030.4414,-10585181#7,1.3296154671397633,0.0,0,29.16410006582737,4.217,4.945,14.9,3.54,True,0,,False,2152.8233601414368,1039.7039370548787,-37.91381033690865,145.13674715953204,2.243814226154091,1.839220590685556,emission=-2.254 transition=-33.433 sigma=3.540 num_candidates=5.000,,
2026-09-10T11:16:01.940,1789002962,hmm,True,-37.9137548,145.1368011,2157.442159980128,1045.961377395317,2156.9548324424622,1048.4825140359749,2157.4425,1045.9611,2154.6299,1039.001,-10585181#7,8.404343928535681,0.0,0,22.74259994737804,3.937,4.217,19.1,3.58,True,0,,False,2151.1316811522975,1042.4224887950236,-37.913785542875154,145.1367285421541,7.235044959209624,8.404343928535681,emission=-4.950 transition=-25.332 sigma=3.580 num_candidates=5.000,,
2026-09-10T11:16:05.990,1789002966,hmm,True,-37.91363359,145.1368179,2158.6502210570034,1059.4409613003954,2159.443943549853,1062.5963351422308,2158.6473,1059.4411,2159.6325,1052.9407,10585197#1,1.8298312446035412,0.0,0,17.10960001219064,3.404,3.693,358.4,3.62,True,0,,False,2157.654368666297,1062.2146230519409,-37.913608424827736,145.13680720706532,2.947019086477273,1.8298312446035412,emission=-2.333 transition=-3.628 sigma=3.620 num_candidates=5.000,,
2026-09-10T11:16:08.006,1789002968,hmm,True,-37.91354374,145.1368144,2158.143236233329,1069.4050115970895,2159.461989816104,1070.070521049535,2158.1433,1069.4047,2158.2634,1059.3592,10585197#1,3.1700510387931455,0.0,0,24.300900055095553,4.784,3.404,359.1,3.73,True,0,,False,2156.3046953835947,1070.3546257045457,-37.913534854574124,145.1367937107155,2.069299255598742,3.170051038793146,emission=-2.596 transition=-2.517 sigma=3.730 num_candidates=5.000,,
2026-09-10T11:16:10.051,1789002970,hmm,True,-37.91344806,145.1368268,2159.0211190532427,1080.0439277952537,2159.7703185931127,1079.067958940307,2159.025,1080.0441,2156.2347,1069.5765,10585197#1,2.6707754001558346,0.0,0,12.856899993494153,5.108,4.784,4.9,3.75,True,0,,False,2157.110290663529,1079.3073177753502,-37.91345435149812,145.1368049055438,2.0478914659613765,2.6707754001558346,emission=-2.494 transition=1.540 sigma=3.750 num_candidates=5.000,,
2026-09-10T11:16:12.082,1789002972,hmm,True,-37.91335199,145.1368339,2159.43220640457,1090.7168066175655,2160.0647658355415,1088.9062638102969,2159.4317,1090.7172,2157.1914,1080.2091,10585197#1,2.0823143473330434,0.0,0,11.760099907405674,5.276,5.108,3,4.09,True,0,,False,2157.9908309319344,1089.0928838968612,-37.913366359171896,145.13681714180132,2.1713332899246924,2.0823143473330434,emission=-2.457 transition=1.521 sigma=4.090 num_candidates=5.000,,
2026-09-10T11:16:14.124,1789002974,hmm,True,-37.91327157,145.1368482,2160.5109751949785,1099.66573590599,2160.6181518215403,1098.6274109377548,2160.5118,1099.666,2158.1474,1090.8327,10585197#1,1.7622498922456062,0.0,0,11.81129994802177,4.463,5.276,7.9,4.2,True,0,,False,2158.8629934012533,1098.7853463752454,-37.913279204035305,145.13682926160533,1.8684029860537297,1.762249892245606,emission=-2.442 transition=1.583 sigma=4.200 num_candidates=5.000,,
2026-09-10T11:16:18.191,1789002978,hmm,True,-37.91318598,145.1368825,2163.3365244021406,1109.2234976654872,2162.7537750008605,1112.2220850808485,2163.3337,1109.2237,2160.1958,1105.7577,10585197#1,1.2110580214875426,0.0,0,11.918000061996281,2.348,3.075,29.5,4.35,True,0,,False,2161.5911181441306,1112.5610401883603,-37.913155600286665,145.13686341250306,3.766381963832958,1.2110580214875426,emission=-2.428 transition=0.176 sigma=4.350 num_candidates=5.000,,
2026-09-10T11:16:22.267,1789002982,hmm,True,-37.91310894,145.1369546,2169.5041295831325,1117.8989278329536,2167.7169435395695,1121.4362062991438,2169.503,1117.8984,2167.4527,1110.6879,10585197#1,3.3969883712255684,0.0,0,12.423999956808984,3.474,2.138,16.8,4.46,True,0,,False,2164.4557192613256,1122.386967153005,-37.91306760160928,145.13689821740874,6.754919963674774,3.3969883712255684,emission=-2.704 transition=0.455 sigma=4.460 num_candidates=5.000,,
2026-09-10T11:16:24.307,1789002984,hmm,True,-37.91302047,145.1369802,2171.5584715540754,1127.7609779788181,2170.5163482935054,1127.6642228132898,2171.5594,1127.7615,2167.659,1118.4433,10585197#1,4.3413932671892415,0.0,0,11.327399988658726,4.732,3.474,14.8,4.59,True,0,,False,2166.3484632208656,1128.879306975668,-37.9130094577422,145.13692121420155,5.328681504585397,4.3413932671892415,emission=-2.890 transition=1.281 sigma=4.590 num_candidates=5.000,,
2026-09-10T11:16:26.331,1789002987,hmm,True,-37.91288549,145.1370614,2178.3976081068395,1142.8816982014105,2176.107516237982,1140.0657729096376,2178.3952,1142.8814,2170.5047,1128.0732,446272714,1.4884789731007306,0.0,0,11.20840001385659,5.583,4.732,28.9,4.75,True,0,,False,2176.45,1141.52,-37.91289740588073,145.13703894547865,2.376425746694413,1.4940119000829781,emission=-2.526 transition=-2.823 sigma=4.750 num_candidates=5.000,,
2026-09-10T11:16:28.357,1789002989,hmm,True,-37.91278966,145.1371276,2184.0049019510625,1153.6317802825943,2181.3365509945115,1150.2624334555214,2184.002,1153.6313,2179.6928,1142.1467,116895895#9,2.4225049013948783,0.0,0,12.136200093664229,5.994,5.583,27.6,4.77,True,0,,False,2183.468353502702,1149.1118040350063,-37.91283028051661,145.13712047211715,4.551710614285248,2.4225049013948783,emission=-2.610 transition=-19.609 sigma=4.770 num_candidates=5.000,,
2026-09-10T11:16:30.389,1789002991,hmm,True,-37.91267671,145.1371537,2186.0489422114915,1166.211125335656,2185.381505589227,1161.9833609773884,2186.0507,1166.2107,2185.5341,1153.6442,116895895#9,0.0822820256062548,0.0,0,33.547100028954446,6.279,5.994,12.4,4.72,True,0,,False,2185.463784686835,1161.9840551205066,-37.912714683195254,145.13714608600085,4.267379984541619,0.0822820256062548,emission=-2.471 transition=-3.374 sigma=4.720 num_candidates=5.000,,
2026-09-10T11:16:32.411,1789002993,hmm,True,-37.91256429,145.1371832,2188.3930695020244,1178.7376314895228,2188.7089487794724,1174.7761498374177,2188.3929,1178.7373,2185.4282,1166.2055,116895895#9,1.9849461493277383,0.0,0,11.78169995546341,6.314,6.279,13.8,4.52,True,0,,False,2186.8114561608104,1175.3588444211014,-37.912594442255276,145.13716444873486,3.73064375340743,1.984946149327738,emission=-2.524 transition=-0.241 sigma=4.520 num_candidates=5.000,,
2026-09-10T11:16:34.443,1789002995,hmm,True,-37.91246505,145.1372386,2193.04338115477,1189.8471214342862,2192.6014687170955,1187.1424455115896,2193.0445,1189.847,2187.8958,1178.89,116895895#10,1.2060264317547118,0.0,0,11.36540004517883,5.909,6.314,22.3,4.77,True,0,,False,2191.89,1189.24,-37.91247031147466,145.13722534772063,1.3034126453846884,2.214931729705544,emission=-2.513 transition=-27.625 sigma=4.770 num_candidates=5.000,,
2026-09-10T11:16:36.464,1789002997,hmm,True,-37.91236246,145.1372839,2196.7983546623145,1201.3105969820172,2196.4896451273635,1199.455274568593,2196.7956,1201.3111,2192.3762,1190.1893,-116895895#11,1.6311142731192694,0.0,0,30.13149998150766,5.944,5.909,18.2,4.9,True,0,,False,2199.75,1200.67,-37.912368762000774,145.13731731558877,3.020360027024893,3.479291848815178,emission=-2.564 transition=-4.544 sigma=4.900 num_candidates=5.000,,
2026-09-10T11:16:38.491,1789002999,hmm,True,-37.91226741,145.1373101,2198.890914696036,1211.9038405381143,2199.633248849364,1211.2553768741873,2198.8932,1211.9043,2197.7147,1200.9473,116895895#12,2.0456504366776933,0.0,0,12.055700062774122,5.206,5.944,11.4,5.03,True,0,,False,2201.86,1211.81,-37.91226878980747,145.1373438380744,2.970567889951331,2.2947826691313264,emission=-2.617 transition=-29.082 sigma=5.030 num_candidates=5.000,,
2026-09-10T11:16:40.535,1789003001,hmm,True,-37.91219603,145.1373472,2201.994222517358,1219.8896921304986,2202.630895173367,1221.4031686995718,2201.9921,1219.8891,2197.0684,1211.3374,48114467,6.593952721833163,0.0,0,12.181299971416593,4.558,5.206,21.8,4.86,True,0,,False,2196.0425035802464,1221.1324128806764,-37.91218376386858,145.13727980959283,6.08007509569555,6.593952721833163,emission=-3.420 transition=-1.549 sigma=4.860 num_candidates=5.000,,
2026-09-10T11:16:42.575,1789003003,hmm,True,-37.91210553,145.1373952,2206.013398872805,1230.0163394510746,2206.0131125118596,1231.3250982583334,2206.0158,1230.0166,2204.548,1218.9232,116895895#12,2.3473408461983563,0.0,0,11.613899958319962,5.314,4.558,20.7,4.79,True,0,,False,2208.253302634979,1230.623986811764,-37.91210045934208,145.1374208063835,2.320862809119502,2.3473408461983563,emission=-2.606 transition=1.593 sigma=4.790 num_candidates=5.000,,
2026-09-10T11:16:44.603,1789003005,hmm,True,-37.91200724,145.1374324,2209.065846554993,1240.988429164514,2209.240553131736,1241.550568725583,2209.063,1240.9886,2207.8805,1229.4329,116895895#12,2.3214024706295993,0.0,0,11.538899969309568,5.572,5.314,17.6,4.7,True,0,,False,2211.455988906609,1240.8572046379225,-37.91200885232632,145.1374595467326,2.3937419111856877,2.3214024706295993,emission=-2.588 transition=1.609 sigma=4.700 num_candidates=5.000,,
2026-09-10T11:16:46.635,1789003007,hmm,True,-37.91190733,145.1374746,2212.554280218552,1252.149063535966,2212.566197387607,1252.1362101879486,2212.5573,1252.1493,2211.28,1240.2948,116895895#12,2.2611721137899927,0.0,0,12.100000050850213,5.633,5.572,18.4,4.7,True,0,,False,2214.746908678601,1251.5383827935327,-37.91191322583157,145.13749939198908,2.2760822772904863,2.261172113789993,emission=-2.582 transition=1.201 sigma=4.700 num_candidates=5.000,,
2026-09-10T11:16:48.671,1789003009,hmm,True,-37.91181329,145.1375196,2216.301897834288,1262.663250315003,2216.086068967488,1262.6904896720314,2216.3053,1262.6631,2214.7496,1251.5482,116895895#12,1.6569782601435807,0.0,0,12.904600007459521,5.467,5.633,20.7,4.67,True,0,,False,2217.684085845013,1262.252404048286,-37.91181723979023,145.137535222463,1.4419564320283673,1.6569782601435807,emission=-2.523 transition=1.527 sigma=4.670 num_candidates=5.000,,
2026-09-10T11:16:50.705,1789003011,hmm,True,-37.91172515,145.1375549,2219.2098414319917,1272.5057035991922,2219.352663881766,1272.911851852679,2219.2088,1272.5054,2217.6924,1262.2828,116895895#12,0.785919650193924,0.0,0,34.57719995640218,5.136,5.467,17.2,4.67,True,0,,False,2220.1223562743016,1272.7529703955045,-37.91172308679591,145.13756533166782,0.9454227657479624,0.785919650193924,emission=-2.474 transition=1.337 sigma=4.670 num_candidates=5.000,,
2026-09-10T11:16:52.738,1789003013,hmm,True,-37.91162825,145.1375834,2221.5005557886907,1283.3082638112828,2222.1574309920397,1283.345414840715,2221.5009,1283.3085,2220.036,1272.3347,116895895#12,0.1483122097591866,0.0,0,11.979900067672133,5.331,5.136,13.1,4.74,True,0,,False,2222.302680928905,1283.3154320555823,-37.9116283297955,145.13759252195575,0.8021571693191021,0.1483122097591866,emission=-2.475 transition=1.515 sigma=4.740 num_candidates=5.000,,
2026-09-10T11:16:54.770,1789003015,hmm,True,-37.91154249,145.1375905,2221.934611574572,1292.8370851250365,2223.7835425194885,1293.359736904318,2221.9317,1292.837,2222.2685,1283.15,116895895#12,0.33140178717025504,0.0,0,11.6586999502033,4.682,5.331,3.9,4.74,True,0,,False,2223.4541516374757,1293.3961894952608,-37.911537726930334,145.1376079044744,1.6191354790668508,0.33140178717025504,emission=-2.477 transition=1.597 sigma=4.740 num_candidates=5.000,,
2026-09-10T11:17:02.930,1789003023,hmm,True,-37.91165176,145.1375922,2222.3263224079856,1280.7149361353368,2224.8054927022918,1291.5819646790942,2222.3283,1280.7147,2225.0567,1289.6936,116895895#12,1.5426972337938796,0.0,0,11.52679999358952,4.381,3.066,197.1,4.72,True,0,,False,2223.27215636498,1291.7516539004234,-37.91155250858306,145.1376054615621,11.077172062416654,1.5426972337938796,emission=-2.524 transition=-0.371 sigma=4.720 num_candidates=5.000,,
2026-09-10T11:17:04.963,1789003025,hmm,True,-37.91174897,145.1375519,2218.9989109487506,1269.857249907218,2221.8208021422165,1279.9143211594735,2218.9989,1269.8572,2223.7493,1280.4204,116895895#12,0.21563911642470315,0.0,0,11.552499956451356,5.462,4.381,197.8,4.65,True,0,,False,2221.609615429422,1279.957914746977,-37.91165845045204,145.1375838789159,10.432603131076219,0.21563911642470315,emission=-2.457 transition=1.001 sigma=4.650 num_candidates=5.000,,
2026-09-10T11:17:07.006,1789003027,hmm,True,-37.91185228,145.1375127,2215.7817391104763,1258.3246081527323,2218.7322297361557,1268.3536410259917,2215.7792,1258.3248,2221.4568,1269.3483,116895895#12,0.4720558395010863,0.0,0,16.717399936169386,5.891,5.462,196.6,4.56,True,0,,False,2219.1945388137137,1268.2582102531012,-37.91176340977854,145.13755376106377,10.503506676480553,0.47205583950108637,emission=-2.442 transition=1.511 sigma=4.560 num_candidates=5.000,,
2026-09-10T11:17:09.046,1789003029,hmm,True,-37.91191202,145.1372751,2195.025889440323,1251.2781746890396,2216.661024370272,1263.3556999599803,2195.0292,1251.278,2218.475,1257.587,116895895#12,1.278355686361606,0.0,0,11.97140000294894,6.107,5.891,196.6,19.14,True,0,,False,2217.893891458166,1263.0177177053552,-37.91181038340712,145.13753778186717,25.7052988023866,1.278355686361606,emission=-3.873 transition=1.569 sigma=19.140 num_candidates=5.000,,
2026-09-10T11:17:11.089,1789003031,hmm,True,-37.91200571,145.1372398,2192.1302908486687,1240.8198560308665,2213.6520988330058,1257.4676702025847,2192.1289,1240.8194,2203.5745,1248.3996,116895895#12,2.623486552880618,0.0,0,11.343899997882545,5.485,6.107,196.6,19.96,True,0,,False,2216.182232082371,1256.7740511186466,-37.91186631990853,145.13751690143806,28.862297517841636,2.623486552880618,emission=-3.921 transition=0.918 sigma=19.960 num_candidates=4.000,,
2026-09-10T11:17:13.117,1789003033,hmm,True,-37.9120798,145.1372121,2189.859379756148,1232.5498005431145,2209.490898066602,1250.3688005294937,2189.8565,1232.5493,2200.5485,1238.7232,116895895#12,4.716343544000707,0.0,0,10.954999946989119,4.379,5.485,195.9,20.18,True,0,,False,2213.991951350627,1248.960107603621,-37.91193631572122,145.13749022218252,29.183543129352305,4.716343544000707,emission=-3.951 transition=1.046 sigma=20.180 num_candidates=5.000,,
2026-09-10T11:17:17.171,1789003037,hmm,True,-37.91222878,145.1373532,2202.5943215102307,1216.266131487675,2202.9241674779105,1219.8023084107147,2202.5915,1216.2662,2198.364,1224.7212,116895895#12,1.8297724588685076,0.0,0,11.183399939909577,3.074,3.668,219.3,4.38,True,0,,False,2204.635803891055,1219.1554946504775,-37.91220311934554,145.1373770687359,3.537805788589252,1.8297724588685074,emission=-2.483 transition=1.487 sigma=4.380 num_candidates=5.000,,
2026-09-10T11:17:23.277,1789003043,hmm,True,-37.91212226,145.1372792,2195.852530568489,1227.9561136839911,2195.5970042518065,1219.6299652786474,2195.8553,1227.9561,2196.0742,1220.3601,116895895#12,8.622947978208723,0.0,0,12.022100039757788,3.393,2.262,1.3,4.36,True,0,,False,2203.6632267357095,1216.5818040829308,-37.912226128750106,145.13736542549157,13.797894532043916,8.622947978208723,emission=-4.347 transition=-21.280 sigma=4.360 num_candidates=5.000,,
2026-09-10T11:17:25.314,1789003045,hmm,True,-37.91204765,145.1372977,2197.313488099491,1236.267706796527,2195.4500948398945,1227.5438027986913,2197.3169,1236.2682,2196.6995,1227.8634,116895895#12,11.298771297164052,0.0,0,11.839199927635491,4.206,3.393,9.4,4.29,True,0,,False,2206.2331031551475,1224.1690488078348,-37.912158243465306,145.13739636958522,15.031202808439351,11.298771297164052,emission=-5.844 transition=1.116 sigma=4.290 num_candidates=5.000,,
2026-09-10T11:17:27.357,1789003048,hmm,True,-37.91193202,145.1373443,2201.153866898152,1249.1804449344054,2197.4688561755283,1239.6225584270828,2201.1502,1249.1807,2197.8375,1236.1379,116895895#12,12.97988404768183,0.0,0,11.207699892111123,4.462,4.206,18.4,4.28,True,0,,False,2209.856238301964,1235.745684177777,-37.91205461028481,145.13744019583416,16.007000488465106,12.97988404768183,emission=-6.971 transition=1.030 sigma=4.280 num_candidates=5.000,,
2026-09-10T11:17:29.402,1789003050,hmm,True,-37.91185142,145.1373794,2204.0609224210493,1258.1858777711168,2200.635929701063,1250.7957211679309,2204.0645,1258.1859,2201.6613,1249.0093,116895895#12,13.294616977111126,0.0,0,11.79070002399385,4.64,4.462,18.7,4.23,True,0,,False,2213.3236779209315,1246.8248414571717,-37.91195543047134,145.1374821386351,14.65850557107973,13.294616977111126,emission=-7.300 transition=1.588 sigma=4.230 num_candidates=5.000,,
2026-09-10T11:17:33.462,1789003054,hmm,True,-37.91171998,145.1373915,2204.833238093881,1272.7923615984619,2203.74892293243,1268.9040541643576,2204.8369,1272.7926,2206.4427,1265.3346,116895895#12,15.197916847277504,0.0,0,12.083600042387843,3.593,3.926,4.7,4.26,True,0,,False,2218.4060419842353,1264.8859031470402,-37.91179364648463,145.137544029554,15.707739833918742,15.197916847277503,emission=-8.732 transition=-0.343 sigma=4.260 num_candidates=5.000,,
2026-09-10T11:17:35.492,1789003056,hmm,True,-37.91163337,145.1374264,2207.7093993872404,1282.4643401661888,2206.37090762722,1279.6195587943084,2207.7133,1282.4643,2208.2895,1271.8076,116895895#12,14.855664924195752,0.0,0,11.555899982340634,4.789,3.593,14.9,4.32,True,0,,False,2220.9198405561624,1276.6163386942974,-37.911688428096866,145.13757527690512,14.44696774734383,14.855664924195754,emission=-8.295 transition=-3.229 sigma=4.320 num_candidates=5.000,,
2026-09-10T11:17:37.507,1789003058,hmm,True,-37.91154641,145.1374474,2209.362785316538,1292.1507379505783,2208.599099538711,1289.9750841749435,2209.3619,1292.151,2211.0576,1281.5102,116895895#12,14.388608465455896,0.0,0,12.219900032505393,4.687,4.789,9.3,4.55,True,0,,False,2222.9003997032123,1288.3924069567388,-37.911582702652055,145.13760047148986,14.049628291935147,14.388608465455896,emission=-7.434 transition=-5.197 sigma=4.550 num_candidates=5.000,,
2026-09-10T11:17:41.589,1789003062,hmm,True,-37.91146413,145.1374074,2205.6637822668417,1301.2106642005965,2208.251283436912,1303.950676121318,2205.6652,1301.2104,2211.4275,1300.2194,48114467,0.12459907781383216,0.0,0,24.504999979399145,1.709,3.301,336.6,4.63,True,0,,False,2208.1715962509334,1303.8548905139294,-37.9114407615197,145.13743651503816,3.6443193843195787,0.12459907781383216,emission=-2.452 transition=-14.840 sigma=4.630 num_candidates=5.000,,
2026-09-10T11:17:45.619,1789003066,hmm,True,-37.91140398,145.137327,2198.462101422192,1307.7439638338983,2202.47168828384,1312.0560990575736,2198.4585,1307.7444,2206.11,1305.57,605959218#0,0.8372101953368148,0.0,0,22.580399992875755,2.482,2.45,307.7,4.65,True,0,,False,2203.01,1311.02,-37.911375287253016,145.13737945468338,5.604979432222352,1.1675961463023878,emission=-2.472 transition=-15.981 sigma=4.650 num_candidates=5.000,,
2026-09-10T11:17:51.715,1789003072,hmm,True,-37.91136964,145.1372331,2190.1307973359944,1311.389536078088,2192.3155179025634,1315.9082365082186,2190.1323,1311.3895,2191.3465,1306.9193,-36667189#3,7.244225720909115,0.0,0,19.398400094360113,1.207,1.503,295.7,4.52,True,0,,False,2189.870136562353,1307.3407302524458,-37.911406065775815,145.13722921629164,4.057187776362985,8.909660674894145,emission=-3.712 transition=-6.592 sigma=4.520 num_candidates=5.000,,
2026-09-10T11:17:57.825,1789003078,hmm,True,-37.91134464,145.1370774,2176.387087056297,1313.8901082389057,2178.164971052689,1316.2189999511595,2176.3888,1313.8903,2183.3627,1309.1981,36667189#3,2.2294547289337294,0.0,0,22.906600032001734,4.036,2.259,291.7,4.29,True,0,,False,2178.21,1313.99,-37.91134406832846,145.13709814950704,1.8256478204338986,2.2294547289337294,emission=-2.510 transition=-3.959 sigma=4.290 num_candidates=5.000,,
2026-09-10T11:17:59.868,1789003080,hmm,True,-37.91132451,145.1369763,2167.4542963354615,1315.946196269244,2170.352366899027,1316.5130007008477,2167.4509,1315.9467,2176.8052,1313.5117,36667189#2,0.3320606308498211,0.0,0,24.826899985782802,4.673,4.036,282.9,4.2,True,0,,False,2170.2640397053756,1316.1929029510554,-37.91132279346657,145.13700830327832,2.820553490296946,0.33206063084982107,emission=-2.357 transition=-5.765 sigma=4.200 num_candidates=5.000,,
2026-09-10T11:18:01.902,1789003082,hmm,True,-37.91130627,145.1368718,2158.226783299935,1317.7865766398609,2161.7506998707527,1317.5781280607039,2158.2283,1317.7862,2167.7124,1316.8964,-36667189#2,4.231799352858948,0.0,0,22.662300034426153,4.657,4.673,281.4,4.14,True,0,,False,2167.83,1313.55,-37.91134616320015,145.13698002728302,10.496206582085746,7.292715936802699,emission=-2.862 transition=-2.947 sigma=4.140 num_candidates=5.000,,
2026-09-10T11:18:03.920,1789003084,hmm,True,-37.91128798,145.1367755,2149.720053463476,1319.6469046045095,2152.7227517999318,1319.0674315829892,2149.7191,1319.6472,2157.8189,1316.2962,-36667189#1,1.3221932240752028,0.0,0,20.205400069244206,4.401,4.657,282.1,4.07,True,0,,False,2152.372480070361,1317.79247878494,-37.911305162740284,145.13680523703232,3.236396456739756,1.3221932240752028,emission=-2.375 transition=1.359 sigma=4.070 num_candidates=5.000,,
2026-09-10T11:18:07.992,1789003088,hmm,True,-37.91126575,145.1366279,2136.6945655513555,1321.8542720396072,2137.4145406765438,1321.6440045397114,2136.6952,1321.854,2142.1589,1319.8151,36667189#0,0.5379197742592515,0.0,0,18.740700092166662,2.991,3.742,278.6,4.09,True,0,,False,2135.15,1324.08,-37.91124542193059,145.1366108439552,2.7091599613363355,3.3259913346650563,emission=-2.336 transition=-1.781 sigma=4.090 num_candidates=5.000,,
2026-09-10T11:18:12.052,1789003092,hmm,True,-37.91115708,145.1365258,2127.4774314151146,1333.7333933636546,2125.9035796552043,1330.5844364220975,2127.4801,1333.7334,2131.2306,1324.8053,-73530943#5,0.670480015140528,0.0,0,11.798899970017374,4.503,3.283,338.4,4.07,True,0,,False,2126.5672461984623,1330.4890940387472,-37.91118614157378,145.13651471364656,3.3695571279037386,0.670480015140528,emission=-2.336 transition=-51.631 sigma=4.070 num_candidates=5.000,,
2026-09-10T11:18:14.085,1789003094,hmm,True,-37.91104511,145.1365386,2128.354358263896,1346.1806304426864,2124.2340498501844,1340.3695343409943,2128.3517,1346.1806,2127.0424,1333.7963,-73530943#5,3.714486675113672,0.0,0,44.34710007626563,5.813,4.503,3,4.08,True,0,,False,2127.9107896127166,1339.8413336421952,-37.91110213614078,145.1365321156652,6.35479638328615,3.7144866751136725,emission=-2.739 transition=-0.782 sigma=4.080 num_candidates=5.000,,
2026-09-10T11:18:16.106,1789003096,hmm,True,-37.91093089,145.1365584,2129.841702457983,1358.8898404296488,2124.4264042837276,1352.022302297297,2129.8449,1358.8904,2128.812,1346.1144,-73530943#5,5.181112742089001,0.0,0,19.409899949096143,6.357,5.813,7.1,4.09,True,0,,False,2129.55486614109,1351.2855470979143,-37.91099933978313,145.13655341022894,7.6097011864954,5.181112742089001,emission=-3.130 transition=1.146 sigma=4.090 num_candidates=5.000,,
2026-09-10T11:18:18.141,1789003098,hmm,True,-37.91081669,145.1365835,2131.7950467999326,1371.6061448967084,2126.3268264869944,1365.2598855022518,2131.7986,1371.6057,2130.6312,1358.7775,-73530943#5,5.182389585790804,0.0,0,16.716000041924417,6.412,6.357,9.8,4.0,True,0,,False,2131.45655221267,1364.5229487354563,-37.91088043630585,145.13657804134624,7.091279605570665,5.182389585790804,emission=-3.145 transition=1.609 sigma=4.000 num_candidates=5.000,,
2026-09-10T11:18:20.184,1789003100,hmm,True,-37.9107039,145.1366066,2133.5756958840648,1384.162473113276,2129.0730767366326,1379.2078109245035,2133.5728,1384.1629,2132.4604,1371.5106,-73530943#5,4.448230179486289,0.0,0,17.540199914947152,6.279,6.412,10.2,3.93,True,0,,False,2133.4760169261826,1378.574668431112,-37.91075421844036,145.13660419661113,5.588693681054496,4.448230179486289,emission=-2.928 transition=1.511 sigma=3.930 num_candidates=5.000,,
2026-09-10T11:18:22.226,1789003102,hmm,True,-37.91059412,145.1366231,2134.7827873651404,1396.3731973720714,2131.7005428148877,1393.003904788776,2134.7869,1396.3729,2134.2653,1384.0633,-73530943#5,3.811194187641812,0.0,0,12.23649992607534,6.209,6.279,8.2,4.01,True,0,,False,2135.472933042429,1392.461435336118,-37.91062948244122,145.13663005790838,3.9721761393229222,3.811194187641812,emission=-2.759 transition=1.537 sigma=4.010 num_candidates=5.000,,
2026-09-10T11:18:24.250,1789003104,hmm,True,-37.91049437,145.1366436,2136.3637932935962,1407.4779726825655,2134.2779022542904,1406.0090964929605,2136.3599,1407.4778,2136.0101,1396.197,-73530943#5,3.119755482177277,0.0,0,12.822900083847344,5.598,6.209,9.2,4.11,True,0,,False,2137.364913179739,1405.5582774441862,-37.91051184338327,145.1366545464517,2.165056774009901,3.1197554821772764,emission=-2.620 transition=1.483 sigma=4.110 num_candidates=5.000,,
2026-09-10T11:18:26.283,1789003106,hmm,True,-37.91041622,145.1366944,2140.6565557403374,1416.2391530359164,2138.023435774238,1417.217415625379,2140.6561,1416.2395,2137.6184,1407.294,-36667190#0,2.6576919807703367,0.0,0,12.628600001335144,4.905,5.598,27.2,4.12,True,0,,False,2146.58,1414.95,-37.91042889960853,145.13676145665886,6.0621042095415865,8.851890474232249,emission=-2.543 transition=-15.072 sigma=4.120 num_candidates=5.000,,
2026-09-10T11:18:28.329,1789003108,hmm,True,-37.91039415,145.1368098,2150.7530574504635,1418.8909376459196,2145.3485733147813,1424.0518426957458,2150.7514,1418.8907,2140.3501,1416.5415,-73530943#4,4.030471397152448,0.0,0,32.88720001000911,4.968,4.905,73.6,4.05,True,0,,False,2138.94,1424.105,-37.91034505331644,145.13667667045124,12.912581947859577,6.40879377339623,emission=-2.813 transition=-39.785 sigma=4.050 num_candidates=5.000,,
2026-09-10T11:18:30.359,1789003111,hmm,True,-37.9103919,145.1370249,2169.6587016338017,1419.5185645483434,2161.7043410265946,1427.9963238650082,2169.6619,1419.5186,2150.6417,1417.765,36667190#1,10.52246124704709,0.0,0,57.384399930015206,6.228,0,84.6,4.0,True,0,,False,2163.038878792106,1417.5588337621132,-37.910408361959014,145.13694918720995,6.9038104847927055,10.52246124704709,emission=-5.765 transition=-18.395 sigma=4.000 num_candidates=5.000,,
2026-09-10T11:18:32.397,1789003113,hmm,True,-37.91037309,145.1371811,2183.349399238825,1421.880248438567,2176.142118072231,1428.2244493129524,2183.3518,1421.8803,2169.8004,1419.0449,36667190#1,7.360755471203972,0.0,0,21.745599922724068,6.782,6.228,85.3,4.1,True,0,,False,2177.563403264574,1421.0022149281594,-37.910379957957815,145.137115113666,5.8522382264776445,7.360755471203972,emission=-3.941 transition=-0.982 sigma=4.100 num_candidates=5.000,,
2026-09-10T11:18:34.434,1789003115,hmm,True,-37.91038367,145.1373464,2197.9053012342774,1420.9966372838244,2191.429607845276,1427.222945005444,2197.9029,1420.9968,2183.3423,1421.6277,36667190#1,5.916844772751497,0.0,0,20.086999982595444,7.2,6.782,93.8,4.19,True,0,,False,2190.7262067218576,1421.3480595661856,-37.91037921202042,145.1372648534568,7.187690563650942,5.916844772751497,emission=-3.349 transition=-8.798 sigma=4.190 num_candidates=5.000,,
2026-09-10T11:18:36.474,1789003117,hmm,True,-37.9103979,145.1374948,2210.9835185537813,1419.6782926255837,2206.5705037638118,1425.2163313448348,2210.987,1419.6789,2197.8429,1420.496,36667190#1,5.724427661606681,0.0,0,17.882800078950822,6.544,7.2,98,4.26,True,0,,False,2205.889977401747,1419.5324984898414,-37.910398296565916,145.1374368532398,5.095627282041519,5.724427661606681,emission=-3.271 transition=1.603 sigma=4.260 num_candidates=5.000,,
2026-09-10T11:18:38.501,1789003119,hmm,True,-37.91040063,145.1376218,2222.1548435922596,1419.598435533233,2220.785869198708,1422.6665201108572,2222.1518,1419.5988,2210.894,1418.9248,36667190#1,4.924435008607849,0.0,0,13.58350005466491,5.75,6.544,91.6,3.6,True,0,,False,2220.18310199312,1417.7791146795603,-37.910416664056946,145.13759896798402,2.6828517108452883,4.924435008607849,emission=-3.135 transition=1.400 sigma=3.600 num_candidates=5.000,,
2026-09-10T11:18:40.533,1789003121,hmm,True,-37.91037327,145.1377464,2233.048466747743,1422.8532812912017,2233.3816790044993,1422.8084467342746,2233.0464,1422.8537,2222.5343,1417.9532,36667190#1,1.7720787074937154,0.0,0,22.32360001653433,5.646,5.75,74.9,3.25,True,0,,False,2234.1494306281397,1421.2113179386074,-37.91038825937299,145.13775854501293,1.9769079688242361,1.7720787074935185,emission=-2.246 transition=-7.933 sigma=3.250 num_candidates=5.000,,
2026-09-10T11:18:42.574,1789003123,hmm,True,-37.9103211,145.1378638,2243.2541102661053,1428.8485061228275,2244.545479007705,1426.3097330938303,2243.2528,1428.8485,2233.8948,1421.0889,36667190#1,1.573529933032243,0.0,0,12.313300045207143,5.903,5.646,55,3.02,True,0,,False,2243.553699652075,1427.531359124944,-37.9103330191216,145.1378669071701,1.3507886637884776,1.573529933032243,emission=-2.160 transition=0.132 sigma=3.020 num_candidates=5.000,,
2026-09-10T11:18:44.610,1789003125,hmm,True,-37.91025596,145.1379796,2253.2903550094925,1436.2801223574206,2254.795708621018,1432.59197978205,2253.289,1436.2798,2244.0168,1427.9073,36667190#1,3.0576452396506997,0.0,0,13.261199928820133,6.219,5.903,53,2.85,True,0,,False,2253.0171128568622,1435.0791049335623,-37.910266729917765,145.1379762204679,1.2317078088512623,3.0576452396506997,emission=-2.542 transition=1.183 sigma=2.850 num_candidates=5.000,,
2026-09-10T11:18:46.649,1789003127,hmm,True,-37.91019201,145.1380918,2263.0127584846923,1443.5733558163047,2264.3936087585935,1440.3077494398153,2263.011,1443.573,2253.7651,1435.614,36667190#1,2.3645300861532883,0.0,0,12.047299998812377,6.059,6.219,56.2,2.69,True,0,,False,2263.018189811714,1442.2310864484773,-37.91020410249824,145.13809155692337,1.3422803563790024,2.3645300861532883,emission=-2.295 transition=1.512 sigma=2.690 num_candidates=5.000,,
2026-09-10T11:18:48.670,1789003129,hmm,True,-37.9101436,145.1381967,2272.127834008308,1449.1293649412692,2273.2946854367024,1447.6295783954256,2272.1287,1449.1293,2263.6308,1442.668,-36667190#1,7.160966575212203,0.0,0,11.759100016206503,5.423,6.059,57,2.41,True,0,,False,2265.45,1440.04,-37.91022427793968,145.138118708988,11.27874204324634,10.915163297959612,emission=-6.213 transition=-3.418 sigma=2.410 num_candidates=5.000,,
2026-09-10T11:18:50.710,1789003131,hmm,True,-37.91010712,145.1382871,2279.9945798805566,1453.3360933270305,2281.2369963807782,1453.3887000378847,2279.9978,1453.3359,2272.4813,1448.5811,146181190,1.1808830865902666,0.0,0,11.978799942880869,4.592,5.423,55.6,2.21,True,0,,False,2285.46,1453.24,-37.91010896889868,145.13834921987424,5.466264813336194,4.225620814652841,emission=-1.855 transition=0.850 sigma=2.210 num_candidates=5.000,,
2026-09-10T11:18:54.777,1789003135,hmm,True,-37.9100832,145.1384477,2294.0608630231,1456.2723453482613,2295.2412382939,1458.1343950802816,2294.0638,1456.2728,2287.5697,1453.7775,146181190,0.9137693096290074,0.0,0,12.450299924239516,3.413,3.861,73.7,2.1,True,0,,False,2295.8414748098,1457.4454172314356,-37.91007295297196,145.1384682118586,2.1322935956449856,0.9137693096290074,emission=-1.756 transition=-15.032 sigma=2.100 num_candidates=5.000,,
2026-09-10T11:18:58.857,1789003139,hmm,True,-37.90997434,145.1385472,2302.567279428127,1468.5266645224765,2304.2295526068065,1467.7401231716824,2302.5685,1468.5262,2299.0188,1460.2135,146181190,2.252202760100146,0.0,0,43.2505999924615,3.946,3.052,55.6,2.09,True,0,,False,2305.708978894795,1466.0419726686318,-37.90999728791025,145.1385823568643,4.005492372658231,2.252202760100146,emission=-2.237 transition=1.268 sigma=2.090 num_candidates=5.000,,
2026-09-10T11:19:02.928,1789003143,hmm,True,-37.90990074,145.138614,2308.2769909863127,1476.810948307626,2309.699150960063,1476.7380498981333,2308.2776,1476.8106,2309.7219,1469.538,146181188#2,4.812529873911084,0.0,0,18.98080005776137,2.704,3.291,7.9,2.07,True,0,,False,2303.18,1480.28,-37.90986857300001,145.13855683510985,6.165519990959242,7.419214228218865,emission=-4.349 transition=-0.166 sigma=2.070 num_candidates=5.000,,
2026-09-10T11:19:04.969,1789003145,hmm,True,-37.90984193,145.1385446,2302.045299990452,1483.2149571990594,2306.0844739557156,1482.4859042671205,2302.0433,1483.2153,2307.3008,1475.6579,146181188#2,3.6416745818403817,0.0,0,12.633900041691959,3.917,2.704,325.8,2.06,True,0,,False,2303.067708650368,1480.4460707316396,-37.90986705679079,145.13855559606887,2.951618494543635,3.6416745818403813,emission=-3.204 transition=-21.863 sigma=2.060 num_candidates=5.000,,
2026-09-10T11:19:06.998,1789003147,hmm,True,-37.90977808,145.1384862,2296.7695100920973,1490.1975364536047,2300.639599647737,1489.1348816077577,2296.771,1490.1976,2301.4613,1482.8218,146181188#2,2.855470080625694,0.0,0,19.6964000351727,4.323,3.917,325.5,2.06,True,0,,False,2298.274126600627,1487.5354296251264,-37.90980233163917,145.13850270295373,3.0578887494430513,2.855470080625694,emission=-2.602 transition=1.429 sigma=2.060 num_candidates=5.000,,
2026-09-10T11:19:09.017,1789003149,hmm,True,-37.90970801,145.1384281,2291.5063031231984,1497.8708406612277,2294.2400922284096,1496.7033958358481,2291.5093,1497.8706,2296.6635,1490.1322,146181188#2,1.0025027927201344,0.0,0,24.306799983605742,4.611,4.323,327.3,2.05,True,0,,False,2293.61,1495.61,-37.90972875470283,145.13845150552362,3.0881938159587885,1.2619550983106658,emission=-1.756 transition=-1.239 sigma=2.050 num_candidates=5.000,,
2026-09-10T11:19:11.043,1789003151,hmm,True,-37.90963069,145.1384246,2291.0272579728044,1506.444498614408,2290.7021428682615,1505.2081940659182,2291.0262,1506.4442,2292.507,1498.2213,146181188#1,1.559703483318135,0.0,0,15.500099980272353,4.299,4.611,356.4,2.05,True,0,,False,2292.1,1503.91,-37.9096537144266,145.13843622150367,2.7521734471772756,1.9076981924657055,emission=-1.926 transition=-43.436 sigma=2.050 num_candidates=5.000,,
2026-09-10T11:19:13.058,1789003153,hmm,True,-37.90954893,145.1384541,2293.439619258221,1515.5687774950638,2290.8780396805,1514.4287032643022,2293.4437,1515.5692,2292.4181,1506.2555,146181188#0,2.6213739627700314,0.0,0,19.876800011843443,4.607,0,10.9,2.05,True,0,,False,2293.4762604723333,1514.08106815449,-37.90956233827876,145.13845417881984,1.488160495579207,2.6213739627700314,emission=-2.454 transition=-35.982 sigma=2.050 num_candidates=5.000,,
2026-09-10T11:19:15.074,1789003155,hmm,True,-37.90945818,145.1384667,2294.3462746206205,1525.6609592214227,2292.208676745319,1524.4966100000333,2294.3487,1525.6611,2293.6713,1515.5387,146181188#0,2.637651295216276,0.0,0,11.355399969033897,4.958,4.607,6.9,2.04,True,0,,False,2294.823031100771,1524.1468162618328,-37.909471905572225,145.13847177687825,1.5874273663513228,2.637651295216276,emission=-2.468 transition=1.609 sigma=2.040 num_candidates=5.000,,
2026-09-10T11:19:17.100,1789003157,hmm,True,-37.90937127,145.1384715,2294.5756914764643,1535.3133416753262,2293.4496358034557,1534.6278143002573,2294.5745,1535.3131,2295.0002,1525.6167,-46410623#1,1.3361999837824936,0.0,0,11.80690003093332,4.772,4.958,3.1,2.04,True,0,,False,2294.784603329763,1534.5704374724792,-37.909377999862734,145.13847370662455,0.7717193901000939,1.3361999837824936,emission=-1.846 transition=-37.175 sigma=2.040 num_candidates=5.000,,
2026-09-10T11:19:19.143,1789003159,hmm,True,-37.9092812,145.1384565,2293.0573538405006,1545.2816112712026,2293.319435713836,1544.850162535831,2293.0598,1545.2814,2294.8161,1535.3028,-46410623#1,1.7625313722824107,0.0,0,12.086300062946975,5.15,4.772,353.2,2.03,True,0,,False,2291.7013122515455,1544.1514542282628,-37.90929113682113,145.1384408254081,1.7652489152191442,1.7625313722824107,emission=-2.004 transition=1.525 sigma=2.030 num_candidates=5.000,,
2026-09-10T11:19:21.165,1789003161,hmm,True,-37.90918421,145.1384037,2288.200417830725,1555.951392722316,2290.238256504338,1555.4629941111134,2288.1974,1555.9511,2291.5036,1544.6094,-46410623#1,3.1409722081558513,0.0,0,12.339699896983802,5.748,5.15,339.5,2.03,True,0,,False,2287.35463076902,1554.2178398913406,-37.90919967415949,145.13839368992788,1.9288756236551619,3.1409722081558513,emission=-2.824 transition=1.178 sigma=2.030 num_candidates=5.000,,
2026-09-10T11:19:23.202,1789003163,hmm,True,-37.90908129,145.1383568,2283.849039911118,1567.2895519658923,2285.8229652081304,1566.6518707590865,2283.8497,1567.2897,2286.8563,1555.3719,-46410623#1,3.037629757972601,0.0,0,12.162799946963787,6.03,5.748,340.7,2.03,True,0,,False,2282.8042366982636,1566.3135325699357,-37.90908989428712,145.1383446991616,1.4297648809766632,3.037629757972601,emission=-2.747 transition=-3.251 sigma=2.030 num_candidates=5.000,,
2026-09-10T11:19:25.245,1789003165,hmm,True,-37.9089757,145.1383523,2283.2194241823163,1578.998429492116,2283.168856454483,1578.3331088315756,2283.2161,1578.9981,2282.7092,1567.1619,-46410623#1,0.1333912330936219,0.0,0,12.0709000620991,5.826,6.03,357.5,2.03,True,0,,False,2283.299875691897,1578.3080652596718,-37.90898193346072,145.13835305796417,0.6950361277171153,0.1333912330936219,emission=-1.629 transition=0.797 sigma=2.030 num_candidates=3.000,,
2026-09-10T11:19:27.274,1789003167,hmm,True,-37.90888206,145.1384091,2288.00562150951,1589.4889022009447,2285.076718114104,1589.4727519619455,2288.0098,1589.4886,2283.4242,1578.9584,-46410623#1,0.3508708478330046,0.0,0,11.70320005621761,5.746,5.826,21.4,2.02,True,0,,False,2285.4213496903158,1589.406877622959,-37.90888233400421,145.13837969875428,2.585573218239178,0.3508708478330046,emission=-1.637 transition=1.599 sigma=2.020 num_candidates=4.000,,
2026-09-10T11:19:29.312,1789003169,hmm,True,-37.90878687,145.1384667,2292.8587312724558,1600.152771559544,2289.585032262434,1600.3265877700762,2292.8612,1600.1532,2285.5277,1589.963,-46410623#1,1.1189082806745505,0.0,0,12.066400027833879,5.819,5.746,24.8,2.02,True,0,,False,2290.431257392046,1599.5945640200684,-37.9087914618111,145.1384389734328,2.490828195038471,1.1189082806745505,emission=-1.775 transition=1.603 sigma=2.020 num_candidates=5.000,,
2026-09-10T11:19:31.355,1789003172,hmm,True,-37.90865127,145.1385842,2302.8885788136977,1615.4058837685734,2299.741205959278,1615.823289895038,2302.8895,1615.4064,2291.7477,1601.1164,-46410623#1,3.675007745357818,0.0,0,12.261299998499453,5.883,5.819,34.5,2.02,True,0,,False,2302.4927359560743,1613.387152664673,-37.908669384076525,145.13857924105383,2.0571744791791784,3.675007745357818,emission=-3.277 transition=0.582 sigma=2.020 num_candidates=5.000,,
2026-09-10T11:19:33.393,1789003174,hmm,True,-37.90858034,145.1386696,2310.239588457218,1623.4265372939408,2308.143489763791,1624.5336488919238,2310.2419,1623.4269,2303.6693,1614.716,-46410623#1,3.1581364299289056,0.0,0,11.349899927154183,5.419,5.883,41.8,2.02,True,0,,False,2310.508030935684,1622.4401420836075,-37.90858927400061,145.13867242819342,1.022270451110407,3.1581364299289056,emission=-2.844 transition=1.554 sigma=2.020 num_candidates=5.000,,
2026-09-10T11:19:35.412,1789003176,hmm,True,-37.90851555,145.1387505,2317.2085859890794,1630.7579604825005,2316.168359116298,1632.1334836739952,2317.2066,1630.758,2310.8808,1622.8612,-46410623#1,2.187681798623405,0.0,0,12.056999956257641,5.064,5.419,44.8,2.01,True,0,,False,2317.8063072539476,1630.6832845323606,-37.908516330206275,145.1387572789796,0.6023680004821491,2.1876817986234047,emission=-2.209 transition=1.396 sigma=2.010 num_candidates=5.000,,
2026-09-10T11:19:37.457,1789003178,hmm,True,-37.908452,145.1388322,2324.2506775207585,1637.9531850917265,2323.8745075838347,1639.1133938950659,2324.2479,1637.9532,2317.5799,1630.4275,-46410623#0,1.1325086566697362,0.0,0,11.068399995565414,5.045,5.064,45.7,2.01,True,0,,False,2324.82,1638.49,-37.90844726661697,145.13883879489427,0.7824949399929826,1.1325086566697362,emission=-1.776 transition=-39.659 sigma=2.010 num_candidates=5.000,,
2026-09-10T11:19:39.492,1789003180,hmm,True,-37.90839376,145.138909,2330.8737471201457,1644.550579429604,2331.024268934565,1645.5411639884371,2330.8759,1644.5504,2324.7162,1637.8742,-46410623#0,0.33130713817679963,0.0,0,12.280900031328201,4.663,5.045,46,2.02,True,0,,False,2331.2651239566935,1645.31367052013,-37.9083869562524,145.1389136230545,0.8576035451338702,0.33130713817679963,emission=-1.635 transition=0.469 sigma=2.020 num_candidates=5.000,,
2026-09-10T11:19:41.524,1789003182,hmm,True,-37.90834516,145.1389882,2337.7291853362694,1650.0824793865904,2337.952292106328,1651.145032926388,2337.7321,1650.0827,2330.7006,1644.716,-46410623#0,0.857334905200415,0.0,0,12.085000053048134,4.444,4.663,50.7,2.02,True,0,,False,2337.3290232606887,1651.7337256184867,-37.908330213157534,145.13898402506877,1.6990420256970402,0.8573349052004151,emission=-1.712 transition=1.211 sigma=2.020 num_candidates=5.000,,
2026-09-10T11:19:45.602,1789003186,hmm,True,-37.90823578,145.1390557,2343.4213559326017,1662.3382811015472,2345.320858170871,1662.7347572664667,2343.4228,1662.3378,2342.6144,1655.8471,46410626#2,2.8208344692451606,0.0,0,35.037499968893826,3.269,3.835,10.9,2.01,True,0,,False,2342.640134005435,1661.8567908367388,-37.90823997691105,145.1390467084638,0.9176821751518793,2.8208344692451606,emission=-2.602 transition=-53.506 sigma=2.010 num_candidates=5.000,,
2026-09-10T11:19:47.642,1789003188,hmm,True,-37.90816857,145.1389973,2338.1380555748474,1669.6937295589596,2342.4766288848045,1669.330188394047,2338.1404,1669.6938,2342.5737,1662.0597,46410626#2,5.199024861768928,0.0,0,15.573900076560676,4.285,3.269,327.2,2.05,True,0,,False,2339.1222064856834,1665.3580718447038,-37.90820780377881,145.1390075054058,4.445951060289056,5.199024861768928,emission=-4.853 transition=-8.995 sigma=2.050 num_candidates=5.000,,
2026-09-10T11:19:49.683,1789003190,hmm,True,-37.90813547,145.1388769,2327.4793796770973,1673.1553421178833,2333.962156894904,1674.100290113266,2327.4817,1673.1556,2337.0061,1666.7993,46410626#2,5.206651204101411,0.0,0,12.743499944917858,5.193,4.285,292.2,2.05,True,0,,False,2330.5788284631108,1670.1427270393797,-37.90816316587716,145.13891145591208,4.3223179416081186,5.206651204101411,emission=-4.862 transition=0.789 sigma=2.050 num_candidates=5.000,,
2026-09-10T11:19:51.710,1789003192,hmm,True,-37.90810108,145.1387653,2317.5915168275824,1676.7755327261984,2322.8559379341295,1677.9155011314426,2317.5927,1676.7757,2327.3014,1672.9446,46410626#2,0.05735999707017995,0.0,0,20.259900018572807,5.208,5.193,292.7,2.05,True,0,,False,2322.8134723748717,1677.8769414952824,-37.90809209738884,145.13882492192556,5.336845605269163,0.05735999707017995,emission=-1.637 transition=-2.203 sigma=2.050 num_candidates=5.000,,
2026-09-10T11:19:53.753,1789003194,hmm,True,-37.90805319,145.1386823,2310.1881978353485,1681.9439420886338,2312.539969547679,1682.2375710493745,2310.1909,1681.9439,2321.0022,1679.8716,46410626#2,2.8094229469735277,0.0,0,24.95630003977567,4.599,5.208,306.4,2.05,True,0,,False,2313.769396787488,1684.7637076167432,-37.90802843289876,145.1387236571269,4.558076740064673,2.8094229469735272,emission=-2.576 transition=-0.348 sigma=2.050 num_candidates=5.000,,
2026-09-10T11:19:55.782,1789003196,hmm,True,-37.90797757,145.1386587,2307.945782167837,1690.2936742333695,2306.4984664880003,1688.937671331158,2307.9436,1690.2932,2311.9857,1685.6318,46410626#1,0.502038848206307,0.0,0,19.242499954998493,3.991,4.599,335.9,2.04,True,0,,False,2306.19,1690.1,-37.907978998864955,145.138638693404,1.766431637388098,1.2025637233140063,emission=-1.662 transition=-25.353 sigma=2.040 num_candidates=5.000,,
2026-09-10T11:19:57.818,1789003198,hmm,True,-37.90790009,145.1386052,2303.0704784256523,1698.7973118051887,2301.5604508472734,1697.1044578933952,2303.0737,1698.797,2306.7862,1689.3603,46410626#1,1.1895747795494978,0.0,0,11.727800010703504,4.588,3.991,334,2.04,True,0,,False,2302.692820774334,1697.4689116002346,-37.9079119886627,145.13860060459552,1.3810403347191518,1.189574779549498,emission=-1.802 transition=-4.646 sigma=2.040 num_candidates=5.000,,
2026-09-10T11:19:59.854,1789003200,hmm,True,-37.9078084,145.1385551,2298.4626030242653,1708.883725677617,2297.2360905635355,1706.901550701055,2298.4584,1708.8838,2302.3413,1698.5612,46410626#1,0.017987697843343038,0.0,0,11.639100033789873,5.421,4.588,333,2.04,True,0,,False,2297.2225518500436,1706.8897075380194,-37.90782613960565,145.13854054838953,2.3481557136894717,0.017987697843343038,emission=-1.632 transition=-0.461 sigma=2.040 num_candidates=5.000,,
2026-09-10T11:20:01.898,1789003202,hmm,True,-37.90772029,145.1384638,2290.2403985547717,1718.5005525471643,2290.8743827245253,1717.1408188968412,2290.2435,1718.5002,2296.7701,1707.4069,46410626#0,1.0286368948578326,0.0,0,11.177799897268414,5.978,5.421,322.5,2.03,True,0,,False,2290.028705911524,1716.5552212624414,-37.907737775994974,145.13846095147747,1.9568156741315321,1.0286368948578326,emission=-1.755 transition=-22.805 sigma=2.030 num_candidates=5.000,,
2026-09-10T11:20:03.932,1789003204,hmm,True,-37.90765152,145.1383934,2283.898533915344,1726.0080058937892,2284.3514485181595,1726.0877378282642,2283.9005,1726.0082,2289.188,1717.7693,46410626#0,2.0143307747705905,0.0,0,21.788999903947115,4.935,5.978,320.9,2.03,True,0,,False,2283.0587424832906,1724.5429272969686,-37.90766456675733,145.13838351927055,1.688699187011211,2.0143307747705905,emission=-2.119 transition=-0.279 sigma=2.030 num_candidates=5.000,,
2026-09-10T11:20:05.966,1789003206,hmm,True,-37.90760563,145.1383182,2277.18534896028,1730.9681518496946,2277.5856577445256,1732.5754004909159,2277.1818,1730.9685,2282.8327,1724.7321,46410626#0,4.743990990746587,0.0,0,12.578199966810644,4.307,4.935,307,2.02,True,0,,False,2276.05939417243,1728.0836335747927,-37.907631411969724,145.13830474341367,3.0964850819154703,4.743990990746588,emission=-4.380 transition=-5.400 sigma=2.020 num_candidates=5.000,,
2026-09-10T11:20:08.008,1789003208,hmm,True,-37.9075941,145.1382166,2268.2272419453366,1732.06918709632,2269.3725556628156,1735.3357963199946,2268.225,1732.069,2276.1868,1728.0403,46410626#0,6.179384021458384,0.0,0,13.485200004652143,4.325,4.307,281.3,2.02,True,0,,False,2268.89690463566,1729.1747458425987,-37.907620294389574,145.13822355656634,2.970898566100133,6.179384021458384,emission=-6.301 transition=-5.250 sigma=2.020 num_candidates=5.000,,
2026-09-10T11:20:10.039,1789003210,hmm,True,-37.90759571,145.1381219,2259.9048933709273,1731.7242507748306,2260.776548392335,1735.3003540932375,2259.9015,1731.7239,2268.0068,1729.2435,46410626#0,5.482379106281598,0.0,0,11.986600002273917,4.189,4.325,270.2,2.02,True,0,,False,2260.354548522428,1729.8342405950752,-37.907612816624145,145.13812658321862,1.942763041353731,5.482379106281598,emission=-5.305 transition=1.468 sigma=2.020 num_candidates=5.000,,
2026-09-10T11:20:14.114,1789003214,hmm,True,-37.90758447,145.137972,2246.700943036005,1732.7082699853927,2246.3453004468033,1734.5936458838387,2246.7001,1732.7084,2252.3551,1730.4518,115936847,0.03669240520128068,0.0,0,31.96119994390756,2.922,3.758,279.7,2.02,True,0,,False,2247.15,1734.94,-37.907564446770856,145.13797761240292,2.276460194031946,0.8760722257308473,emission=-1.622 transition=-2.855 sigma=2.020 num_candidates=5.000,,
2026-09-10T11:20:20.218,1789003220,hmm,True,-37.90751568,145.1380562,2253.9512540253345,1740.489398916252,2250.3462951325614,1739.9552556910273,2253.9552,1740.4895,2250.6801,1736.926,310292416#2,0.5589010849525335,0.0,0,13.107500039041042,2.101,1.785,59.9,2.03,True,0,,False,2250.526831396657,1740.4841952717995,-37.90751511074264,145.13801726458843,3.424426582321932,0.5589010849525335,emission=-1.665 transition=-6.113 sigma=2.030 num_candidates=5.000,,
2026-09-10T11:20:24.294,1789003224,hmm,True,-37.90746386,145.1379608,2245.4489310539793,1746.0720699038357,2246.6210610483513,1745.4948343193414,2245.4484,1746.0726,2252.6388,1742.0403,310292416#2,3.4803871069115924,0.0,0,29.874700005166233,3.358,0.934,301.4,2.02,True,0,,False,2245.4968261831737,1742.2010233985575,-37.907498740052205,145.1379604654523,3.8713427889334335,3.4803871069115924,emission=-3.106 transition=0.483 sigma=2.020 num_candidates=5.000,,
2026-09-10T11:20:26.325,1789003227,hmm,True,-37.90742537,145.1377972,2230.9800617314177,1750.0557978423312,2234.75390449498,1749.809067834135,2230.9821,1750.0562,2244.9158,1744.5145,310292416#2,3.7294596255048127,0.0,0,20.458800019696355,4.973,3.358,291,2.02,True,0,,False,2233.5487525408994,1746.279694254327,-37.90745984838261,145.1378255472891,4.566960781751226,3.7294596255048127,emission=-3.326 transition=1.600 sigma=2.020 num_candidates=5.000,,
2026-09-10T11:20:28.361,1789003229,hmm,True,-37.90741715,145.1376664,2219.4620252755703,1750.7382044531405,2223.5578354493837,1751.4501820021426,2219.4604,1750.7381,2230.8117,1749.0708,310292416#2,3.251009134915737,0.0,0,11.771499994210899,5.616,4.973,272,2.18,True,0,,False,2223.72736994861,1748.203596341964,-37.90744075000827,145.137714319411,4.961592834672111,3.2510091349157375,emission=-2.810 transition=-4.812 sigma=2.180 num_candidates=5.000,,
2026-09-10T11:20:30.398,1789003231,hmm,True,-37.90742421,145.1375372,2208.1185308883432,1749.7278626589105,2211.401405749096,1751.419561048602,2208.1196,1749.7283,2219.4988,1749.9884,310292416#2,3.839610694582069,0.0,0,25.625300011597574,5.795,5.616,266.9,2.29,True,0,,False,2211.594924703069,1747.5848301974988,-37.907444140656125,145.13757623828963,4.083858724996157,3.839610694582069,emission=-3.153 transition=1.568 sigma=2.290 num_candidates=5.000,,
2026-09-10T11:20:32.414,1789003233,hmm,True,-37.9074336,145.1374265,2198.406706960057,1748.4914540946484,2199.912384553695,1750.3936654431118,2198.4108,1748.4912,2208.136,1749.4069,310292416#2,4.1664775727354355,0.0,0,17.491500009782612,4.564,5.795,262.5,2.5,True,0,,False,2200.8187986454277,1746.3269777419948,-37.90745353231273,145.1374534327432,3.2408554703706383,4.1664775727354355,emission=-3.224 transition=-1.633 sigma=2.500 num_candidates=5.000,,
2026-09-10T11:20:36.482,1789003237,hmm,True,-37.90744771,145.1373118,2188.35367419268,1746.724253103137,2185.2715098642,1748.0938566024784,2188.3539,1746.7246,2192.5351,1746.5266,310292416#2,4.516140308580911,0.0,0,16.304100048728287,2.148,2.92,263.8,2.93,True,0,,False,2185.5943469702156,1743.589270107608,-37.90747545410057,145.1372797154662,4.1763626641959295,4.516140308580911,emission=-3.182 transition=-1.802 sigma=2.930 num_candidates=5.000,,
2026-09-10T11:20:42.575,1789003243,hmm,True,-37.90746965,145.1371902,2177.7113653895794,1744.0760629475117,2174.0432760380127,1744.4656395376185,2177.7105,1744.0757,2181.2985,1745.2856,310292416#3,2.597738931851802,0.0,0,15.665099956095219,2.276,1.548,236.3,3.3,True,0,,False,2173.14,1742.03,-37.907487258600774,145.13713776072115,5.008368507830292,2.597738931851802,emission=-2.423 transition=-32.560 sigma=3.300 num_candidates=5.000,,
2026-09-10T11:20:46.653,1789003247,hmm,True,-37.90761376,145.1371555,2174.98011955939,1728.0239575505257,2171.8322118299093,1732.3827402114994,2174.9836,1728.0246,2176.721,1736.9011,-310292416#2,9.507572841230317,0.0,0,23.913799901492894,4.333,3.39,187.7,3.47,True,0,,False,2180.13,1745.1,-37.907460861464514,145.137217931441,17.83570840445719,15.184926244269747,emission=-5.917 transition=-15.573 sigma=3.470 num_candidates=5.000,,
2026-09-10T11:20:48.690,1789003249,hmm,True,-37.90769966,145.1371471,2174.4320741425036,1718.4773198775947,2172.0581557985365,1722.9929581320166,2174.4362,1718.4771,2175.3504,1727.9579,-46410634#0,3.1040099371409453,0.0,0,33.89500000048429,4.77,4.333,184.1,3.53,True,0,,False,2175.1621128741126,1723.0110733977021,-37.90765895015546,145.1371564302908,4.592153909739519,3.1040099371409453,emission=-2.567 transition=-1.900 sigma=3.530 num_candidates=5.000,,
2026-09-10T11:20:50.731,1789003251,hmm,True,-37.90779203,145.1371475,2174.672061439138,1708.228199834004,2172.482566667965,1712.8076760182853,2174.6749,1708.2284,2175.1885,1718.4815,-46410634#0,2.739048467145264,0.0,0,16.175299999304116,5.021,4.77,181.4,3.64,True,0,,False,2175.2215684888715,1712.8236613378276,-37.90775073177703,145.1371547917501,4.628198832249037,2.739048467145264,emission=-2.494 transition=1.577 sigma=3.640 num_candidates=5.000,,
2026-09-10T11:20:52.777,1789003253,hmm,True,-37.9078761,145.1371443,2174.577137971879,1698.8937631808221,2172.9877614770057,1702.337490560889,2174.5763,1698.8935,2175.2484,1708.2318,-46410634#0,2.294967153411158,0.0,0,12.04539998434484,4.69,5.021,180.9,3.72,True,0,,False,2175.2826895469225,1702.3508841841588,-37.90784508434153,145.1371531073022,3.5283832922115463,2.294967153411158,emission=-2.423 transition=1.562 sigma=3.720 num_candidates=5.000,,
2026-09-10T11:20:54.798,1789003255,hmm,True,-37.90794951,145.1371449,2174.792668128095,1690.7488877745345,2173.6275616548683,1692.415662815411,2174.794,1690.7493,2175.3028,1698.8978,-46410634#0,1.7130825010063502,0.0,0,135.75420004781336,4.186,4.69,179,3.76,True,0,,False,2175.3406149819275,1692.425660510417,-37.90793450382197,145.1371515109145,1.7640330389262702,1.71308250100635,emission=-2.347 transition=1.524 sigma=3.760 num_candidates=5.000,,
2026-09-10T11:20:56.833,1789003257,hmm,True,-37.90802314,145.1371361,2174.1822536086547,1682.5630854405463,2173.850583150371,1683.0639137985306,2174.1859,1682.5631,2175.3504,1690.7525,-46410634#0,1.5446424052931689,0.0,0,12.204500031657517,4.122,4.186,184,3.77,True,0,,False,2175.395199250267,1683.0729284628287,-37.90801876554291,145.13715000659954,1.3157420099991062,1.5446424052931689,emission=-2.330 transition=1.602 sigma=3.770 num_candidates=5.000,,
2026-09-10T11:21:00.898,1789003261,hmm,True,-37.90813887,145.137122,2173.1992279656697,1669.6963511444628,2173.4566058709847,1667.88195062455,2173.2,1669.6962,2173.6812,1675.0906,-46410634#0,3.1173647173234444,0.0,0,21.43760002218187,2.921,3.73,195.3,4.12,True,0,,False,2175.43,1677.11,-37.90807248745063,145.13714904750452,7.741998012293441,9.436693258985008,emission=-2.621 transition=-44.511 sigma=4.120 num_candidates=5.000,,
2026-09-10T11:21:06.984,1789003267,hmm,True,-37.90810086,145.1370424,2166.1166485213907,1673.7742738872766,2167.8636948049293,1666.181180676697,2166.1125,1673.7744,2174.228,1673.1697,5094893#0,7.73586542710335,0.0,0,37.99620002973825,2.238,1.187,332.7,4.29,True,0,,False,2160.13,1666.89,-37.90816179761447,145.1369727696036,9.123222428161359,7.766109719085655,emission=-4.001 transition=-585.266 sigma=4.290 num_candidates=5.000,,
2026-09-10T11:21:11.046,1789003271,hmm,True,-37.90795559,145.1370127,2163.1833308822243,1689.8419557744637,2163.835922917781,1680.1598165628434,2163.1805,1689.8414,2173.4064,1681.1534,5094893#0,6.2019076919415825,0.0,0,16.563699929974973,4.172,3.491,352.6,4.33,True,0,,False,2157.7510653794416,1678.9605802402282,-37.90805263435628,145.13694846462778,12.161983473503916,6.201907691941582,emission=-3.410 transition=-9.613 sigma=4.330 num_candidates=5.000,,
2026-09-10T11:21:15.080,1789003275,hmm,True,-37.90787973,145.1369531,2157.7751622215146,1698.1550311800092,2158.7548742709237,1693.0936716509036,2157.7783,1698.1548,2156.0832,1695.917,-1209653405,4.886507494573041,0.0,0,19.961400073952973,2.235,3.117,307.3,4.53,True,0,,False,2153.87,1693.22,-37.907923483014216,145.13690757840422,6.293236426832305,4.886507494573041,emission=-3.011 transition=-33.289 sigma=4.530 num_candidates=5.000,,
2026-09-10T11:21:19.148,1789003279,hmm,True,-37.90801492,145.1368885,2152.3954356916947,1683.040185672231,2153.1049776710943,1689.2806816795594,2152.3916,1683.0397,2156.0801,1692.6432,-1209653405,0.6170823535379146,0.0,0,12.559900060296059,4.569,2.618,200.1,4.38,True,0,,False,2153.7216278663295,1689.2575912537466,-37.90795915072815,145.1369049911007,6.357272831106377,0.6170823535379146,emission=-2.406 transition=-12.646 sigma=4.380 num_candidates=5.000,,
2026-09-10T11:21:21.184,1789003281,hmm,True,-37.9080844,145.1367897,2143.8631941163912,1675.156740645878,2146.993531920191,1682.2209464051646,2143.8602,1675.1563,2152.8677,1682.7406,-1209653405,9.311073377782682,0.0,0,11.533600045368075,5.53,4.569,226.7,4.34,True,0,,False,2153.7,1688.68,-37.90796434992915,145.1369046139551,16.722478690392933,9.311073377782682,emission=-4.688 transition=-42.188 sigma=4.340 num_candidates=5.000,,
2026-09-10T11:21:23.220,1789003283,hmm,True,-37.9081213,145.1366566,2132.2431120574474,1670.8282454330474,2137.982515618139,1676.0637732875487,2132.2463,1670.8281,2144.7355,1674.061,5094891#0,5.326022759723431,0.0,0,11.78019994404167,5.818,5.53,249.8,4.34,True,0,,False,2140.4538274324254,1671.3458143693658,-37.90811811597873,145.13675007065618,8.227011886021682,5.326022759723432,emission=-3.140 transition=-6.364 sigma=4.340 num_candidates=5.000,,
2026-09-10T11:21:25.262,1789003285,hmm,True,-37.90810962,145.1365158,2119.838313253247,1671.8768738908693,2126.4583069517007,1672.677435760261,2119.8391,1671.8767,2132.6564,1669.0603,5094891#0,3.9993048186942124,0.0,0,28.020299971103668,6.055,5.818,273,4.23,True,0,,False,2127.68,1668.68,-37.90813983031836,145.1366042307496,8.468296978042149,4.179955330105263,emission=-2.808 transition=-4.286 sigma=4.230 num_candidates=5.000,,
2026-09-10T11:21:27.304,1789003287,hmm,True,-37.90807062,145.1363755,2107.4168649070198,1675.957922546193,2113.2126956982,1672.9724805528137,2107.4164,1675.9576,2118.8302,1669.8067,1209653407,6.71463237113921,0.0,0,16.792600043118,6.391,6.055,286.8,3.99,True,0,,False,2102.3,1678.96,-37.908042655012125,145.1363180054116,5.932518479983448,12.44738191476208,emission=-3.719 transition=-3.976 sigma=3.990 num_candidates=5.000,,
2026-09-10T11:21:29.341,1789003289,hmm,True,-37.90802943,145.136232,2094.709206078667,1680.2763410946354,2099.455222589423,1675.6636718827242,2094.7059,1680.2768,2108.073,1676.9066,1209653407,4.014614765059802,0.0,0,24.696500040590763,6.659,6.391,291.2,4.01,True,0,,False,2100.697020031249,1679.4814029923377,-37.90803766939349,145.1362998986144,6.040351191546505,4.014614765059802,emission=-2.809 transition=-35.397 sigma=4.010 num_candidates=5.000,,
2026-09-10T11:21:31.365,1789003292,hmm,True,-37.9079785,145.136015,2075.5179183037253,1685.5463327495381,2079.5473191628244,1680.304971715676,2075.5149,1685.5459,2095.0452,1681.3198,1209653407,5.022287987552826,0.0,0,11.623800033703446,6.499,6.659,281,4.65,True,0,,False,2080.4258462659354,1685.2498242674733,-37.907982055030196,145.1360707339367,4.916876463994231,5.022287987552826,emission=-3.039 transition=-1.675 sigma=4.650 num_candidates=5.000,,
2026-09-10T11:21:33.400,1789003294,hmm,True,-37.90795945,145.1358703,2062.75385021104,1687.4058309579268,2065.20691352455,1684.499959679602,2062.7563,1687.4062,2075.5551,1685.9072,24801549#0,2.0026969926469427,0.0,0,25.341000058688223,6.363,6.499,277.8,4.44,True,0,,False,2065.4516015380464,1686.4876525684579,-37.90796820714254,145.13590076368516,2.8497217017196164,2.0026969926469427,emission=-2.511 transition=-12.985 sigma=4.440 num_candidates=5.000,,
2026-09-10T11:21:35.439,1789003296,hmm,True,-37.90794316,145.1357207,2049.565099434112,1688.9504312239587,2050.9855088504564,1687.8687868402153,2049.5628,1688.9502,2062.6851,1686.8282,24801549#0,0.396669448832348,0.0,0,11.132200015708804,6.541,6.363,277.8,4.01,True,0,,False,2051.03397362561,1688.2624844617553,-37.907949621816805,145.1357372441318,1.621993260798186,0.396669448832348,emission=-2.313 transition=1.167 sigma=4.010 num_candidates=5.000,,
2026-09-10T11:21:37.476,1789003298,hmm,True,-37.9079275,145.1355768,2036.878876185161,1690.4351251432672,2037.3342003653495,1690.4093945107877,2036.8773,1690.4348,2049.5013,1688.4512,24801549#0,0.45699750707826897,0.0,0,16.560700023546815,6.408,6.541,277.8,3.62,True,0,,False,2037.278364753377,1689.9558208057392,-37.90793188966977,145.13558123304588,0.623958142913738,0.45699750707826897,emission=-2.213 transition=1.478 sigma=3.620 num_candidates=5.000,,
2026-09-10T11:21:39.516,1789003300,hmm,True,-37.90791177,145.1354322,2024.1309489983832,1691.926336184144,2024.100319974053,1692.3992317954762,2024.1351,1691.926,2036.8252,1690.0116,24801549#1,0.7943400642597968,0.0,0,21.78389998152852,6.44,6.408,277.8,3.54,True,0,,False,2024.0017942150089,1691.611025723124,-37.907914587127,145.13543065985556,0.3407369144914881,0.7943400642597968,emission=-2.208 transition=-45.538 sigma=3.540 num_candidates=5.000,,
2026-09-10T11:21:41.553,1789003302,hmm,True,-37.90789567,145.1352948,2012.0152083997382,1693.4712465731427,2011.4711121193052,1694.0615028630953,2012.0192,1693.4708,2024.0943,1691.5995,24801549#1,0.8773144254238306,0.0,0,19.842699985019863,6.184,6.44,278.2,3.39,True,0,,False,2011.3622946573964,1693.1909631678254,-37.90789807721623,145.13528731287843,0.7105315912997545,0.8773144254238306,emission=-2.173 transition=1.608 sigma=3.390 num_candidates=5.000,,
2026-09-10T11:21:43.602,1789003304,hmm,True,-37.90788106,145.1351673,2000.7731635177624,1694.8682130109519,1999.665939583082,1695.483454333813,2000.7712,1694.8682,2011.9746,1693.1144,24801549#1,0.8738702950455253,0.0,0,19.384799990803003,5.719,6.184,278.2,3.36,True,0,,False,1999.5642077286602,1694.6155258100514,-37.90788311841398,145.13515349716974,1.235080937227472,0.8738702950455253,emission=-2.165 transition=1.576 sigma=3.360 num_candidates=5.000,,
2026-09-10T11:21:45.648,1789003306,hmm,True,-37.90786702,145.1350447,1989.9631803956,1696.210532530211,1988.4482027414101,1696.8051649113092,1989.965,1696.2107,2000.7256,1694.4794,24801549#1,0.8806781005974752,0.0,0,13.113700086250901,5.651,5.719,278.2,3.67,True,0,,False,1988.3456783544038,1695.9304748708144,-37.90786925133337,145.13502624593247,1.641567892552773,0.8806781005974752,emission=-2.248 transition=1.609 sigma=3.670 num_candidates=5.000,,
2026-09-10T11:21:47.688,1789003308,hmm,True,-37.90785275,145.1349202,1978.985637048143,1697.5750178033486,1977.6158503532122,1698.0417228941483,1978.9819,1697.5752,1989.9107,1695.747,24801549#3,0.8270505631136232,0.0,0,22.071899962611496,5.628,5.651,278.2,3.77,True,0,,False,1977.5125567265402,1697.2211480586607,-37.90785567226063,145.13490337116122,1.5149882607131993,0.8270505631136232,emission=-2.270 transition=-45.221 sigma=3.770 num_candidates=5.000,,
2026-09-10T11:21:49.704,1789003310,hmm,True,-37.90786055,145.134781,1966.7646856267238,1696.4646349214017,1966.3648219894596,1697.9928987051294,1966.7617,1696.4645,1979.273,1697.385,24801549#3,0.6265769150271144,0.0,0,30.20709997508675,5.933,5.628,278.4,3.68,True,0,,False,1966.4430776667166,1698.6145695822195,-37.90784112487673,145.13477783252375,2.173856187912501,0.6265769150271144,emission=-2.236 transition=1.138 sigma=3.680 num_candidates=5.000,,
2026-09-10T11:21:51.743,1789003312,hmm,True,-37.90785064,145.1346478,1955.0319253352936,1697.3299771910533,1954.9411886184819,1698.125062889102,1955.0328,1697.3302,1967.0232,1698.5415,24801549#3,1.9221904662771656,0.0,0,13.283700100146234,5.853,5.933,275.5,3.59,True,0,,False,1955.1812586133183,1700.0322027859702,-37.90782632458559,145.13465011262045,2.7063487568584597,1.9221904662771656,emission=-2.340 transition=1.241 sigma=3.590 num_candidates=5.000,,
2026-09-10T11:21:53.784,1789003314,hmm,True,-37.90783653,145.1345289,1944.547071780078,1698.6865138253197,1944.0117883136602,1698.7504808762671,1944.5444,1698.6861,1955.3699,1700.0085,46380862#1,1.9278716993334775,0.0,0,12.52710004337132,5.281,5.853,279.1,3.58,True,0,,False,1942.28,1693.1,-37.90788644605307,145.13450185325598,6.028992550709937,5.909909042988046,emission=-2.339 transition=-9.312 sigma=3.580 num_candidates=5.000,,
2026-09-10T11:21:55.821,1789003316,hmm,True,-37.90782226,145.1344137,1934.3871577330283,1700.0673014819622,1933.535973731672,1699.737612620803,1934.3874,1700.0669,1944.899,1701.4376,-46380862#1,7.253724097983282,0.0,0,27.557100052945316,5.244,5.281,277.9,3.7,True,0,,False,1939.14,1693.71,-37.907880384978085,145.1344662914733,7.9375557791597355,8.230262712852845,emission=-4.149 transition=-14.252 sigma=3.700 num_candidates=5.000,,
2026-09-10T11:21:57.840,1789003318,hmm,True,-37.90780586,145.1342834,1922.8949375456432,1701.657862576656,1922.7047906393034,1701.075249638619,1922.8913,1701.6579,1934.6948,1702.7202,24801549#4,3.0139143308445844,0.0,0,26.276899967342615,5.628,5.244,279.4,3.76,True,0,,False,1923.0516436570704,1704.0691388446078,-37.907784166869575,145.13428573036006,2.416362978889114,3.0139143308445844,emission=-2.565 transition=1.608 sigma=3.760 num_candidates=5.000,,
2026-09-10T11:21:59.874,1789003320,hmm,True,-37.90778701,145.1341546,1911.529148763162,1703.522911223583,1911.6412623366043,1702.7860569752836,1911.5319,1703.5226,1923.1691,1704.0555,24801549#4,2.5877079763112647,0.0,0,16.76749996840954,5.683,5.628,280,3.72,True,0,,False,1911.9390658645605,1705.3565716376424,-37.90777056583508,145.1341596778591,1.8789205795104242,2.5877079763112647,emission=-2.475 transition=1.569 sigma=3.720 num_candidates=5.000,,
2026-09-10T11:22:01.918,1789003322,hmm,True,-37.90777009,145.1340242,1900.0269708106061,1705.1709663392976,1900.3506187202684,1704.5692017076378,1900.0267,1705.1705,1911.7469,1705.3788,24801549#4,2.1157821682360796,0.0,0,12.622600072063506,5.752,5.683,278.6,3.86,True,0,,False,1900.5941111853592,1706.6709261431597,-37.90775668024905,145.13403098950778,1.6035983343334854,2.1157821682360796,emission=-2.420 transition=1.561 sigma=3.860 num_candidates=5.000,,
2026-09-10T11:22:03.940,1789003324,hmm,True,-37.90776125,145.1338971,1888.8328669739421,1705.9282168708742,1889.0491487624386,1705.9556568036407,1888.8355,1705.9283,1900.2057,1706.7159,24801549#4,2.039156238934836,0.0,0,11.858800076879561,5.535,5.752,276.1,3.84,True,0,,False,1889.2838228166856,1707.9812644297742,-37.90774283695372,145.1339026944381,2.1019908304295716,2.039156238934836,emission=-2.405 transition=1.608 sigma=3.840 num_candidates=5.000,,
2026-09-10T11:22:05.978,1789003326,hmm,True,-37.90774188,145.1337728,1877.8615413141088,1707.8588406909257,1877.8744600745572,1707.6043834942168,1877.8646,1707.8585,1889.0761,1708.0053,24801549#4,1.687410823448614,0.0,0,11.66309998370707,5.528,5.535,279.8,3.87,True,0,,False,1878.0686538943137,1709.2805827805369,-37.90772910994346,145.1337754783822,1.4367484784230677,1.6874108234486143,emission=-2.367 transition=1.582 sigma=3.870 num_candidates=5.000,,
2026-09-10T11:22:08.008,1789003328,hmm,True,-37.90772916,145.1336486,1866.913774946006,1709.0517094284296,1866.8098183129432,1709.0712887227844,1866.9129,1709.0522,1878.0299,1709.2851,1209653409#0,1.9556416451177858,0.0,0,22.68029993865639,5.486,5.528,277.5,3.85,True,0,,False,1864.94,1710.81,-37.90771296491403,145.13362655924035,2.6433640066313213,2.5532993222366396,emission=-2.396 transition=-13.382 sigma=3.850 num_candidates=5.000,,
2026-09-10T11:22:10.050,1789003330,hmm,True,-37.90771941,145.1335465,1857.9156079996028,1709.95389981661,1856.792302967775,1710.253549215583,1857.919,1709.9539,1867.0898,1710.5573,1209653409#0,1.5379187310922928,0.0,0,24.79910000693053,4.618,5.486,276.6,3.82,True,0,,False,1856.9783312009379,1711.7801754042457,-37.90770278941174,145.13353625928534,2.052747017854374,1.5379187310922928,emission=-2.340 transition=-8.723 sigma=3.820 num_candidates=5.000,,
2026-09-10T11:22:12.084,1789003332,hmm,True,-37.90770957,145.1334429,1848.7853604147676,1710.8634267011657,1847.4017802028104,1711.2506213701627,1848.7824,1710.8636,1858.1245,1711.6405,1209653409#0,1.6840551235629013,0.0,0,29.731599963270128,4.646,4.618,275.3,3.81,True,0,,False,1847.6054852444695,1712.922310909282,-37.90769081025026,145.13342995402365,2.3729959123261777,1.6840551235629013,emission=-2.354 transition=1.604 sigma=3.810 num_candidates=5.000,,
2026-09-10T11:22:14.125,1789003334,hmm,True,-37.9077479,145.1333537,1841.028170087433,1706.453114467673,1839.0650068271298,1709.4764057357077,1841.0264,1706.4533,1849.0124,1712.7509,-5094896#1,0.9681202093266527,0.0,0,19.67399998102337,4.412,4.646,241,3.78,True,0,,False,1840.02,1701.56,-37.907791796530276,145.1333411235611,4.995895927553536,7.973800331872795,emission=-2.281 transition=-38.222 sigma=3.780 num_candidates=5.000,,
2026-09-10T11:22:16.141,1789003336,hmm,True,-37.90782684,145.1333279,1838.935266256216,1697.6481251344085,1833.9647673836946,1703.9521623739763,1838.9373,1697.6487,1841.0553,1706.4471,-5094896#1,6.059191386077039,0.0,0,44.56980002578348,4.226,4.412,198,3.94,True,0,,False,1840.02,1701.56,-37.907791796530276,145.1333411235611,4.059484235583375,6.510628453616183,emission=-3.473 transition=-35.984 sigma=3.940 num_candidates=5.000,,
2026-09-10T11:22:18.175,1789003338,hmm,True,-37.90790437,145.1333116,1837.6744608914014,1689.0163201475516,1831.3479417075284,1696.09741070819,1837.6749,1689.0159,1839.4297,1697.5757,-5094896#1,7.777894941851013,0.0,0,17.34219992067665,4.357,4.226,191.2,4.11,True,0,,False,1839.041862313832,1694.957570618367,-37.90785109640544,145.13332849941546,6.09657640049156,7.777894941851013,emission=-4.123 transition=-6.414 sigma=4.110 num_candidates=5.000,,
2026-09-10T11:22:22.251,1789003342,hmm,True,-37.90803733,145.1332814,1835.3147578478092,1674.2092587677762,1828.60151565326,1680.0494431362242,1835.3174,1674.2088,1836.3466,1681.8748,-5094896#0,8.376308657645918,0.0,0,12.885099975392222,3.882,3.914,187.7,4.43,True,0,,False,1836.46,1677.15,-37.90801104566348,145.13329509048637,3.155873663830091,8.376308657645918,emission=-4.195 transition=-36.719 sigma=4.430 num_candidates=5.000,,
2026-09-10T11:22:26.318,1789003346,hmm,True,-37.9081519,145.1332445,1832.3251494358992,1661.4310451969504,1828.1424019792014,1663.8615699627453,1832.3225,1661.431,1835.1081,1667.1031,-5094896#0,6.482693018629694,0.0,0,32.1228998946026,3.144,3.426,192.7,4.86,True,0,,False,1834.5695647482135,1663.0148778614384,-37.908138037310906,145.13327037879316,2.7469848931600893,6.482693018629694,emission=-3.390 transition=-8.057 sigma=4.860 num_candidates=5.000,,
2026-09-10T11:22:28.348,1789003349,hmm,True,-37.90825319,145.1332293,1831.2138658881886,1650.1646485580131,1828.6312406124755,1651.471721721791,1831.21,1650.1649,1834.3261,1661.1671,-5094896#0,3.4899817458058564,0.0,0,12.126600020565093,3.672,3.144,187.4,5.1,True,0,,False,1832.4091376519684,1650.3463906887507,-37.90825176843731,145.1332429312089,1.209009839238034,3.9419380988205535,emission=-2.782 transition=-0.744 sigma=5.100 num_candidates=5.000,,
2026-09-10T11:22:30.383,1789003351,hmm,True,-37.90832277,145.1332506,1833.2411328773596,1642.4812095686793,1830.2212765655786,1643.2300677363144,1833.2432,1642.4812,1832.2618,1649.8516,4577074#0,1.152148152260383,0.0,0,12.084999936632812,3.936,3.672,166,5.36,True,0,,False,1832.23,1642.37,-37.908323589405434,145.13323907843477,1.0172301921607518,2.185105568855409,emission=-2.621 transition=-36.015 sigma=5.360 num_candidates=5.000,,
2026-09-10T11:22:32.429,1789003353,hmm,True,-37.90837786,145.1333243,1839.8431021373253,1636.4979020850733,1834.3518140759495,1635.9180911451353,1839.8387,1636.4974,1832.548,1641.9521,4577074#1,2.2091912072692064,0.0,0,53.06689999997616,4.215,3.936,135.9,5.33,True,0,,False,1835.3,1638.33,-37.908360536508034,145.1332730635167,4.898607945125731,2.591594272015117,emission=-2.678 transition=-32.281 sigma=5.330 num_candidates=5.000,,
2026-09-10T11:22:34.465,1789003355,hmm,True,-37.9084225,145.1334137,1847.8021547304234,1631.7018112195656,1840.9384705619782,1629.8187726244755,1847.8025,1631.7022,1838.4233,1634.8712,4577074#2,2.370105012268455,0.0,0,29.82439997140318,4.575,4.215,123.9,5.21,True,0,,False,1842.416579212064,1631.6714983429026,-37.908421801635086,145.13335246080504,5.385660826160708,2.370105012268455,emission=-2.673 transition=-29.417 sigma=5.210 num_candidates=5.000,,
2026-09-10T11:22:36.509,1789003357,hmm,True,-37.90844688,145.133514,1856.674490112986,1629.173049387522,1849.5567986899987,1625.633082966526,1856.6742,1629.1729,1846.2217,1628.9526,4577074#2,1.470339206565177,0.0,0,12.363900081254542,4.415,4.575,106.4,5.06,True,0,,False,1849.8688857517338,1627.0699194388708,-37.908464598001245,145.13343614361025,7.12315985380137,1.4703392065651772,emission=-2.583 transition=-2.206 sigma=5.060 num_candidates=5.000,,
2026-09-10T11:22:40.587,1789003361,hmm,True,-37.90845055,145.1336881,1871.9891507902648,1629.0722620282322,1866.323003992547,1622.4832138244744,1871.993,1629.0728,1864.087,1626.3866,4577074#2,3.8814110127444446,0.0,0,17.43400003761053,3.851,3.689,92.8,5.06,True,0,,False,1866.360855413244,1626.3644402697885,-37.908473927662925,145.13362349163802,6.245799190375465,3.8814110127444446,emission=-2.835 transition=-0.745 sigma=5.060 num_candidates=5.000,,
2026-09-10T11:22:42.633,1789003363,hmm,True,-37.9084549,145.1338016,1881.9774956601905,1628.7893339544535,1877.0706770956037,1623.3895052476528,1881.9805,1628.7889,1871.966,1626.3098,4577074#2,2.8703516526166126,0.0,0,11.382600059732795,4.722,3.851,92.4,5.43,True,0,,False,1877.098668691339,1626.2597204103622,-37.90847680754307,145.13374555345814,5.495625285119218,2.8703516526166126,emission=-2.751 transition=1.372 sigma=5.430 num_candidates=5.000,,
2026-09-10T11:22:44.671,1789003365,hmm,True,-37.9084601,145.1339189,1892.3018152500736,1628.4187612580135,1888.160397747531,1624.3005642705984,1892.2986,1628.4191,1881.9553,1626.2124,4577074#2,1.851189280500232,0.0,0,11.140900081954896,5.024,4.722,92.8,5.3,True,0,,False,1888.1784504979396,1626.1516655240262,-37.908479779006605,145.13387150261235,4.705513781321295,1.8511892805002321,emission=-2.648 transition=1.376 sigma=5.300 num_candidates=1.000,,
2026-09-10T11:22:46.709,1789003367,hmm,True,-37.90847061,145.1340247,1901.6268718617503,1627.4387140953913,1898.8003557619193,1624.7062671682509,1901.6227,1627.4381,1892.1244,1626.0055,4577074#2,0.1657373637315398,0.0,0,12.241400079801679,4.727,5.024,97.7,5.51,True,0,,False,1898.840159346168,1624.8671539247525,-37.908493272764304,145.13399243067315,3.791924096777013,0.1657373637315398,emission=-2.626 transition=0.915 sigma=5.510 num_candidates=2.000,,
2026-09-10T11:22:48.743,1789003369,hmm,True,-37.90850224,145.1341319,1911.121918523626,1624.1175412042066,1909.3129624202948,1623.8527469993637,1911.1204,1624.1177,1900.6962,1624.3659,4577074#2,1.996593994237302,0.0,0,12.250600033439696,5.042,4.727,107.9,5.47,True,0,,False,1908.7364875237683,1621.9411863093778,-37.908521415040504,145.13410428308123,3.2290558501405546,1.996593994237302,emission=-2.685 transition=0.479 sigma=5.470 num_candidates=1.000,,
2026-09-10T11:22:50.782,1789003371,hmm,True,-37.90853195,145.1342485,1921.4391202077968,1621.025950522162,1919.9996546469547,1622.0352694084738,1921.4411,1621.0259,1910.32,1621.4636,4577074#2,3.342080901265135,0.0,0,11.999799986369908,5.37,5.042,108.1,5.33,True,0,,False,1919.0346984529062,1618.8355249977171,-37.908551248396094,145.1342206639777,3.25256943869469,3.342080901265135,emission=-2.789 transition=1.190 sigma=5.330 num_candidates=2.000,,
2026-09-10T11:22:52.821,1789003373,hmm,True,-37.90856313,145.1343659,1931.8299122073222,1617.772636291571,1930.7278225857322,1619.4600368706626,1931.8305,1617.7728,1920.635,1618.3529,4577074#2,3.97406027173947,0.0,0,11.745700030587614,5.354,5.37,108.7,5.33,True,0,,False,1929.5803955221666,1615.6552285736238,-37.90858179858861,145.13433984183646,3.08929454096168,3.97406027173947,emission=-2.870 transition=1.519 sigma=5.330 num_candidates=2.000,,
2026-09-10T11:22:54.853,1789003375,hmm,True,-37.9085913,145.134473,1941.3084587957128,1614.8351917639375,1941.0426333556716,1616.5005054295368,1941.3076,1614.8348,1931.0576,1615.2098,4577074#2,4.217657832276389,0.0,0,11.876299977302551,4.956,5.354,108.4,5.27,True,0,,False,1939.7691406978417,1612.4797027682991,-37.90861224133893,145.1344549624406,2.8138636454182673,4.217657832276388,emission=-2.901 transition=1.316 sigma=5.270 num_candidates=2.000,,
2026-09-10T11:22:56.898,1789003377,hmm,True,-37.90862155,145.1345829,1951.037786228233,1611.6718555223197,1951.1296692565106,1613.238418187547,1951.0391,1611.6716,1940.4895,1612.2516,4577074#2,4.663886615230543,0.0,0,19.599400111474097,5.1,4.956,109.4,5.24,True,0,,False,1949.3322127536348,1608.9348163844063,-37.90864589848615,145.13456288537552,3.224959553191704,4.663886615230543,emission=-2.971 transition=-0.353 sigma=5.240 num_candidates=5.000,,
2026-09-10T11:23:00.987,1789003381,hmm,True,-37.90868359,145.1346756,1959.3255078077782,1604.950675596483,1964.516179266992,1606.4837532738654,1959.3259,1604.9505,1955.09,1606.53,405414870#0,9.116393910663762,0.0,0,22.346399957314134,2.382,3.167,147.1,5.35,True,0,,False,1961.75,1597.53,-37.908750874333506,145.13470147760924,7.8067015248684895,9.371309696429435,emission=-4.048 transition=-8.686 sigma=5.350 num_candidates=5.000,,
2026-09-10T11:23:05.048,1789003385,hmm,True,-37.90883049,145.1347111,1962.7727506604278,1588.7123829396442,1970.3995293664786,1593.6740967296664,1962.7691,1588.7128,1961.7043,1597.7863,405414870#0,8.039344275513526,0.0,0,17.095299903303385,4.538,3.778,177.3,5.67,True,0,,False,1962.38,1593.11,-37.90879080436458,145.13470763498918,4.415120484290129,8.039344275513526,emission=-3.659 transition=-19.892 sigma=5.670 num_candidates=5.000,,
2026-09-10T11:23:07.087,1789003387,hmm,True,-37.90891846,145.1346956,1961.6053556652041,1578.9235330987722,1969.0086956055065,1584.101446171626,1961.6072,1578.9232,1962.4549,1588.7075,405414870#0,6.56297351882578,0.0,0,20.234699943102896,4.729,4.538,185.7,5.64,True,0,,False,1962.4457583054818,1584.1232499500315,-37.9088717711252,145.13470633813648,5.267193933306095,6.56297351882578,emission=-3.326 transition=-1.819 sigma=5.640 num_candidates=5.000,,
2026-09-10T11:23:09.132,1789003389,hmm,True,-37.90899737,145.1347163,1963.6004516031244,1570.2037075925618,1968.4914804026957,1574.4110854578453,1963.6,1570.2039,1962.3937,1578.8675,405414870#0,6.397564007846109,0.0,0,12.016299995593727,4.496,4.729,176.1,5.3,True,0,,False,1962.1099204559491,1574.8633219895046,-37.9089551263519,145.13470041307033,4.892207010020701,6.397564007846109,emission=-3.315 transition=-0.555 sigma=5.300 num_candidates=5.000,,
2026-09-10T11:23:11.152,1789003391,hmm,True,-37.90908933,145.1347341,1965.369559502229,1560.0306880539283,1968.4524026407048,1563.9480221318101,1965.3733,1560.031,1961.7887,1570.3442,405414870#2,6.023970921059216,0.0,0,12.038000044412911,5.03,4.496,162.5,4.98,True,0,,False,1963.34,1560.2,-37.90908743896793,145.13471106284229,2.036609512933527,6.33911118858351,emission=-3.256 transition=-28.773 sigma=4.980 num_candidates=5.000,,
2026-09-10T11:23:13.188,1789003393,hmm,True,-37.9091582,145.1347941,1970.7974962597364,1552.4940827796236,1970.650718879614,1554.3531649580884,1970.8004,1552.4937,1963.8636,1559.2224,46129139,3.744924806869639,0.0,0,11.974000022746623,4.544,5.03,156.5,4.69,True,0,,False,1962.76,1553.53,-37.90914741945901,145.13470295090067,8.103978690294573,7.933539247102912,emission=-2.783 transition=-12.431 sigma=4.690 num_candidates=5.000,,
2026-09-10T11:23:15.212,1789003395,hmm,True,-37.9092348,145.1348529,1976.1370851031388,1544.0976045764983,1974.4471604569396,1545.064851213848,1976.1412,1544.0977,1968.1981,1551.1054,46129139,9.725807112072038,0.0,0,13.859999948181212,4.977,4.544,156.5,4.42,True,0,,False,1962.76,1553.53,-37.90914741945901,145.13470295090067,16.36815473050993,14.430816453615641,emission=-4.826 transition=-2.036 sigma=4.420 num_candidates=5.000,,
2026-09-10T11:23:17.235,1789003397,hmm,True,-37.90933153,145.1348773,1978.497015431407,1533.4068896165118,1977.7874265503578,1534.9054282239606,1978.4954,1533.407,1972.8704,1542.3515,-46129150,2.245098195390186,0.0,0,29.889400000683963,5.323,4.977,164.8,4.19,True,0,,False,1972.4,1531.66,-37.909346167500836,145.13480758054084,6.342335571624162,6.289449037267033,emission=-2.495 transition=-1.761 sigma=4.190 num_candidates=5.000,,
2026-09-10T11:23:19.274,1789003399,hmm,True,-37.90941999,145.134884,1979.2824538535788,1523.6027192762122,1979.932144892993,1524.6807519592035,1979.2841,1523.6024,1976.535,1533.4543,1003394071,7.225792772554544,0.0,0,30.16540000680834,4.991,5.323,173.3,4.0,True,0,,False,1974.32,1518.19,-37.90946785471317,145.1348263463015,7.343260734304447,8.58056124597047,emission=-3.937 transition=-25.727 sigma=4.000 num_candidates=5.000,,
2026-09-10T11:23:21.314,1789003401,hmm,True,-37.90950811,145.134894,1980.3572612659773,1513.8420815998688,1981.4242193532539,1514.5209138318892,1980.3539,1513.8417,1976.7385,1523.4914,998107627#1,4.571441675017503,0.0,0,39.141599903814495,4.593,0,185.5,3.88,True,0,,False,1976.852791375604,1514.509723065726,-37.90950146408353,145.13485430654586,3.567499732230448,4.571441675017503,emission=-2.969 transition=-34.751 sigma=3.880 num_candidates=5.000,,
2026-09-10T11:23:23.351,1789003404,hmm,True,-37.90962828,145.1348866,1979.9734759937273,1500.4944114461541,1981.870100206527,1500.301838862067,1979.9706,1500.4948,1976.8544,1513.8331,998107627#1,4.982513279534937,0.0,0,21.796599961817265,4.769,4.593,182.6,3.67,True,0,,False,1976.8876018560497,1500.2896418036814,-37.909629568425565,145.1348514673993,3.0926606344805787,4.9825132795349365,emission=-3.141 transition=1.580 sigma=3.670 num_candidates=5.000,,
2026-09-10T11:23:25.395,1789003406,hmm,True,-37.9097236,145.1348804,1979.6400215658941,1489.90632993076,1981.256181141376,1490.2743327878766,1979.642,1489.9062,1976.8871,1500.4873,998107627#2,4.336997969529219,0.0,0,21.23440010473132,5.144,4.769,183.9,3.6,True,0,,False,1976.9191943727278,1490.264475999766,-37.9097198833325,145.1348495459581,2.7442975825915505,4.336997969529219,emission=-2.926 transition=-23.496 sigma=3.600 num_candidates=5.000,,
2026-09-10T11:23:27.435,1789003408,hmm,True,-37.9098129,145.1348743,1979.3019950480084,1479.9864329062402,1980.585666385727,1480.2571352676625,1979.2999,1479.9861,1976.92,1489.9,998107627#2,3.6437186463716,0.0,0,13.085299986414611,5.09,5.144,180.5,3.59,True,0,,False,1976.9419571497494,1480.248854110308,-37.90981011067251,145.13484752628545,2.374582862222945,3.6437186463716,emission=-2.712 transition=1.490 sigma=3.590 num_candidates=5.000,,
2026-09-10T11:23:29.478,1789003410,hmm,True,-37.90990039,145.1348532,1977.6412092532846,1470.240996430628,1979.1492563891998,1470.3319440088198,1977.6452,1470.2412,1976.9426,1479.9807,998107627#2,2.1847551649627,0.0,0,22.553599905222654,4.743,5.09,180.5,3.46,True,0,,False,1976.9645068666614,1470.326978668996,-37.90989949348112,145.13484552550756,0.6821429948158385,2.1847551649627,emission=-2.360 transition=1.076 sigma=3.460 num_candidates=5.000,,
2026-09-10T11:23:31.504,1789003412,hmm,True,-37.90998041,145.1348621,1978.6013248617528,1461.3772392496467,1978.7023677908805,1460.9558605048658,1978.5984,1461.3769,1976.9647,1470.2396,998107627#4,3.307591404403762,0.0,0,23.482699994929135,4.251,4.743,177.5,3.35,True,0,,False,1976.99,1455.64,-37.91003180206343,145.1348424741467,5.959218238811842,5.584852402564974,emission=-2.615 transition=-10.240 sigma=3.350 num_candidates=5.000,,
2026-09-10T11:23:35.574,1789003416,hmm,True,-37.91008964,145.1349159,1983.5737169542117,1449.351176715456,1981.971192917796,1447.1321820180322,1983.5729,1449.3514,1976.984,1454.4499,-403774582#1,3.1573783091973455,0.0,0,20.321000018157065,3.114,3.389,151.3,3.1,True,0,,False,1984.86,1444.27,-37.91013564434767,145.1349293690794,5.241457897147897,4.066606971731792,emission=-2.569 transition=-18.065 sigma=3.100 num_candidates=5.000,,
2026-09-10T11:23:39.637,1789003420,hmm,True,-37.91007754,145.1351097,2000.5849634765182,1451.0347290365025,1996.3422029604992,1446.0457834262852,2000.587,1451.0348,1987.2151,1444.5235,-403774582#1,0.781272722090358,0.0,0,41.30010004155338,4.545,3.254,90,2.89,True,0,,False,1996.2753745926964,1445.2673741280755,-37.910128717116535,145.13505938828973,7.1996485322075,0.781272722090358,emission=-2.017 transition=-13.057 sigma=2.890 num_candidates=5.000,,
2026-09-10T11:23:41.677,1789003422,hmm,True,-37.91009839,145.1352291,2011.1284098454053,1448.9311067806557,2007.101456375257,1446.3799964734828,2011.1291,1448.9312,2000.064,1444.9421,-403774582#2,2.074197901785707,0.0,0,15.721299918368459,5.316,4.545,97.9,2.81,True,0,,False,2008.33,1444.14,-37.91014104520787,145.1351961924549,5.54849545791518,2.5547805461745132,emission=-2.225 transition=-16.707 sigma=2.810 num_candidates=5.000,,
2026-09-10T11:23:43.713,1789003424,hmm,True,-37.9101239,145.1353626,2022.921807691455,1446.3351707188413,2019.0236134324487,1445.3965343420866,2022.9258,1446.3349,2010.5026,1443.871,-403774582#2,2.560794304037272,0.0,0,37.04880003351718,5.916,5.316,97.2,2.73,True,0,,False,2018.7090034530922,1442.8551394439098,-37.91015448987862,145.13531390909353,5.464278289515206,2.5607943040372723,emission=-2.363 transition=-5.913 sigma=2.730 num_candidates=5.000,,
2026-09-10T11:23:45.750,1789003426,hmm,True,-37.91013447,145.1354835,2033.5742983232485,1445.3748771045357,2031.0390782004977,1444.6228617936852,2033.5773,1445.3755,2022.4379,1442.3935,-403774582#2,3.3183877945567675,0.0,0,16.231599962338805,5.273,5.916,97.8,2.68,True,0,,False,2030.5870529220583,1441.3354052232169,-37.91017032033933,145.13544861646693,5.024039029197271,3.3183877945567675,emission=-2.671 transition=1.283 sigma=2.680 num_candidates=5.000,,
2026-09-10T11:23:47.785,1789003428,hmm,True,-37.91012645,145.1355783,2041.890923655359,1446.4315140862018,2041.525417578288,1445.0851396008595,2041.8912,1446.4319,2032.9767,1441.0068,988580237#0,5.45874683858272,0.0,0,23.682800005190074,4.229,5.273,97.8,2.61,True,0,,False,2046.9841283263404,1445.065289743594,-37.910139674931195,145.1356358988599,5.273263010209175,5.45874683858272,emission=-4.065 transition=-3.568 sigma=2.610 num_candidates=5.000,,
2026-09-10T11:23:53.879,1789003434,hmm,True,-37.90999368,145.1356649,2049.2097868950223,1461.3165968116373,2052.7154084182025,1458.5352927422575,2049.2137,1461.3167,2046.9882,1446.1823,988580235,2.8810701136282155,0.0,0,12.698299949988723,2.293,2.933,27.9,2.53,True,0,,False,2053.39,1455.29,-37.91004872222901,145.1357110583908,7.334442769090482,3.314664203985294,emission=-2.496 transition=-16.139 sigma=2.530 num_candidates=5.000,,
2026-09-10T11:23:57.944,1789003438,hmm,True,-37.91016206,145.1357738,2059.1575018548756,1442.8237984087318,2061.873115781021,1464.844998096725,2059.1551,1442.8237,2053.349,1458.4901,-773028723,2.1020673893256987,0.0,0,12.346399948000908,3.003,2.548,100.9,19.28,True,0,,False,2063.975127342115,1464.8296779695916,-37.909964693303834,145.13583357984655,22.52705596793245,2.1020673893256987,emission=-3.884 transition=-3.428 sigma=19.280 num_candidates=5.000,,
2026-09-10T11:24:02.018,1789003442,hmm,True,-37.90983805,145.1358294,2063.326622217777,1478.8752911016345,2064.0307411549943,1478.2146816220468,2063.3265,1478.8755,2062.9349,1453.617,-773028723,0.04193922633266456,0.0,0,12.59059994481504,5.267,3.863,356.4,2.4,True,0,,False,2064.0726792674745,1478.214375963778,-37.90984413809153,145.1358377323334,0.9966995238541654,0.041939226332664566,emission=-1.795 transition=0.821 sigma=2.400 num_candidates=5.000,,
2026-09-10T11:24:04.065,1789003444,hmm,True,-37.90973491,145.1358344,2063.5373303975794,1490.3290016083047,2064.781375546575,1487.7195661581147,2063.537,1490.3287,2064.0775,1478.87,-773028723,0.639402455218046,0.0,0,12.403399916365743,5.85,5.267,3.1,2.36,True,0,,False,2064.1419900730716,1487.7242262022946,-37.90975848341049,145.13584068266903,2.674035945704772,0.6394024552180461,emission=-1.814 transition=1.488 sigma=2.360 num_candidates=5.000,,
2026-09-10T11:24:06.109,1789003446,hmm,True,-37.90962757,145.135844,2064.143136160914,1502.2568518230692,2065.278533911135,1499.0187075786123,2064.1435,1502.2567,2064.1609,1490.3242,-773028723,1.0541980756477178,0.0,0,12.369800009764731,5.979,5.85,2.8,2.33,True,0,,False,2064.2243638336454,1499.026390704579,-37.90965668545478,145.13584418903787,3.231482163480778,1.0541980756477178,emission=-1.867 transition=1.571 sigma=2.330 num_candidates=5.000,,
2026-09-10T11:24:08.130,1789003448,hmm,True,-37.90951979,145.13584,2063.552302812808,1514.2096159243956,2064.9638404396396,1511.2675360221072,2063.5558,1514.2099,2064.2479,1502.256,-773028723,0.6502419852838018,0.0,0,12.315199943259358,6.014,5.979,359.5,2.51,True,0,,False,2064.3136157239546,1511.2722750661228,-37.90954638746546,145.13584798816763,3.0343975788213973,0.6502419852838018,emission=-1.873 transition=1.576 sigma=2.510 num_candidates=5.000,,
2026-09-10T11:24:10.168,1789003450,hmm,True,-37.90941404,145.1358462,2063.862724269333,1525.9550538938493,2064.653642960679,1523.9526830180564,2063.8632,1525.9555,2064.335,1514.2042,-773028723,0.2476018244696371,0.0,0,11.676899972371757,5.917,6.014,2.3,2.6,True,0,,False,2064.4060477121984,1523.9544875707784,-37.90943215949065,145.1358519226434,2.0730330379838655,0.2476018244696371,emission=-1.879 transition=1.577 sigma=2.600 num_candidates=5.000,,
2026-09-10T11:24:12.205,1789003452,hmm,True,-37.90930877,145.1358513,2064.0775044328184,1537.645294552669,2064.5089637841315,1536.3815546746653,2064.0747,1537.6448,2064.4206,1525.9514,-773028723,0.012343336484284855,0.0,0,12.202899903059006,5.896,5.917,1.9,3.05,True,0,,False,2064.4966207754705,1536.3816446344283,-37.909320228783386,145.13585577797292,1.3313412877799744,0.012343336484284855,emission=-2.034 transition=1.598 sigma=3.050 num_candidates=5.000,,
2026-09-10T11:24:14.251,1789003454,hmm,True,-37.90920885,145.1358447,2063.275529487699,1548.7213029824197,2063.8136686952494,1548.470262587257,2063.2792,1548.721,2064.5058,1537.6417,-773028723,0.7710372847378624,0.0,0,11.79380004759878,5.645,5.896,358.7,2.63,True,0,,False,2064.584685502219,1548.4646431721578,-37.90921139789032,145.13585952651465,1.334077857007776,0.7710372847378624,emission=-1.929 transition=1.483 sigma=2.630 num_candidates=5.000,,
2026-09-10T11:24:16.268,1789003456,hmm,True,-37.90913259,145.1358526,2063.800852733315,1557.1973745329306,2063.7185752066985,1558.5103918289824,2063.8045,1557.1979,2064.5865,1548.7114,-298236180#0,0.8183161819042089,0.0,0,12.17130001168698,4.434,5.645,3.7,2.57,True,0,,False,2062.22,1559.27,-37.90911363447947,145.13583509725285,2.606697468287183,1.6800988731644995,emission=-1.914 transition=-24.378 sigma=2.570 num_candidates=5.000,,
2026-09-10T11:24:20.309,1789003460,hmm,True,-37.90909699,145.1359749,2074.47411829303,1561.3627334022895,2069.4233430556715,1570.223963703437,2074.4763,1561.363,2066.2609,1561.1338,-298236180#1,11.247950556389256,0.0,0,10.997399920597672,3.547,3.048,92.3,3.91,True,0,,False,2071.4,1555.72,-37.90914726745449,145.13593866497303,6.425779604752644,14.638037292826505,emission=-6.420 transition=-8.362 sigma=3.910 num_candidates=5.000,,
2026-09-10T11:24:22.340,1789003463,hmm,True,-37.90918564,145.1360807,2083.972437733086,1551.7116859806702,2078.761345268268,1564.986512983481,2083.9713,1551.7121,2073.3293,1558.4111,-298236180#1,11.297505758788482,0.0,0,12.266600038856268,4.332,3.547,144.2,4.23,True,0,,False,2074.687651570151,1554.4490248566178,-37.90915930893308,145.1359757559988,9.67989040295393,11.297505758788482,emission=-5.928 transition=-2.356 sigma=4.230 num_candidates=5.000,,
2026-09-10T11:24:24.365,1789003465,hmm,True,-37.90928326,145.1360713,2083.362611477496,1540.8627694705501,2083.0250200459895,1553.1268842676009,2083.3653,1540.8628,2083.7888,1551.3802,298236180#2,0.08884764504774077,0.0,0,11.884700041264296,5.051,4.332,179.8,3.95,True,0,,False,2088.71,1551.81,-37.90918560767396,145.13613458757817,12.183448619973127,5.835510367718997,emission=-2.293 transition=-6.259 sigma=3.950 num_candidates=5.000,,
2026-09-10T11:24:26.397,1789003467,hmm,True,-37.90938059,145.1360659,2083.1038115043193,1530.0530641349033,2084.964542276445,1540.1840388847131,2083.1056,1530.0533,2083.9269,1540.8574,298236180#2,9.7348441583715,0.0,0,11.661000084131956,5.401,5.051,181.2,3.78,True,0,,False,2092.940095382157,1545.7659510522192,-37.909240815919404,145.1361813090324,18.53772628457344,9.7348441583715,emission=-5.565 transition=-26.941 sigma=3.780 num_candidates=5.000,,
2026-09-10T11:24:28.443,1789003469,hmm,True,-37.90947955,145.1360637,2083.129963112995,1519.0681111337617,2085.6264835958036,1526.698484657566,2083.1338,1519.0679,2083.8234,1530.0464,773028722,1.835047530424212,0.0,0,11.244300054386258,5.455,5.401,180.2,3.66,True,0,,False,2083.791520184141,1526.716054995517,-37.909410774509794,145.13607296050645,7.676503310162992,1.835047530424212,emission=-2.342 transition=1.493 sigma=3.660 num_candidates=5.000,,
2026-09-10T11:24:30.474,1789003471,hmm,True,-37.90958028,145.1360532,2082.4303357858444,1507.872159389779,2085.100269604493,1512.991532238839,2082.4293,1507.8719,2083.7182,1519.0623,773028722,1.4400999214560517,0.0,0,12.278500013053417,5.561,5.455,183.9,3.5,True,0,,False,2083.660235697361,1513.0053210055514,-37.90953426068986,145.13606835080054,5.278446927457715,1.4400999214560517,emission=-2.256 transition=1.581 sigma=3.500 num_candidates=5.000,,
2026-09-10T11:24:32.514,1789003473,hmm,True,-37.90967803,145.1360504,2082.401055826689,1497.0204187706113,2084.367635246997,1499.890224992902,2082.3993,1497.0208,2083.611,1507.8606,773028722,0.8329424360241204,0.0,0,13.004500069655478,5.405,5.561,180.7,3.43,True,0,,False,2083.534730993137,1499.8982003068118,-37.90965231040396,145.13606394401384,3.0930318383614033,0.8329424360241204,emission=-2.181 transition=1.539 sigma=3.430 num_candidates=5.000,,
2026-09-10T11:24:34.542,1789003475,hmm,True,-37.90977186,145.1360552,2083.0312431784114,1486.617020599544,2084.0056692405483,1487.698688590462,2083.031,1486.6166,2083.5071,1497.0102,773028722,0.5877253743917886,0.0,0,12.259199982509017,5.214,5.405,180.6,3.42,True,0,,False,2083.417970807546,1487.7043159833656,-37.909762135022085,145.13605984424956,1.1540231846960347,0.5877253743917886,emission=-2.163 transition=1.597 sigma=3.420 num_candidates=5.000,,
2026-09-10T11:24:36.583,1789003477,hmm,True,-37.90985548,145.1360508,2082.829947071383,1477.3304009987041,2083.5786979055215,1476.798517631829,2082.8278,1477.3301,2083.4075,1486.613,773028722,0.2651413103165113,0.0,0,11.913500027731061,4.631,5.214,182.1,3.54,True,0,,False,2083.313568749309,1476.8010563248874,-37.90986033558491,145.13605617839625,0.7170046799417332,0.2651413103165113,emission=-2.186 transition=1.586 sigma=3.540 num_candidates=5.000,,
2026-09-10T11:24:40.658,1789003481,hmm,True,-37.90998184,145.1360485,2082.9081077084993,1463.3048330713063,2083.175274985343,1460.2395487253145,2082.9106,1463.3045,2083.2444,1469.5814,773028722,0.02028682524400107,0.0,0,11.719400063157082,3.161,3.966,180.6,3.59,True,0,,False,2083.154989090049,1460.2397429689893,-37.910009495588724,145.13605061018416,3.075016707577059,0.02028682524400107,emission=-2.197 transition=1.600 sigma=3.590 num_candidates=5.000,,
2026-09-10T11:24:44.724,1789003485,hmm,True,-37.91006546,145.1360919,2086.9091965639964,1454.1022414015606,2085.6254081666507,1449.9566882995298,2086.9059,1454.1019,2083.1424,1458.9213,-988580230#2,4.884455774179982,0.0,0,12.774699949659407,3.016,2.38,139.8,3.74,True,0,,False,2076.62,1454.78,-37.91005750121496,145.13597506639908,10.311494685559197,10.215758024144534,emission=-3.091 transition=-9.020 sigma=3.740 num_candidates=5.000,,
2026-09-10T11:24:46.751,1789003487,hmm,True,-37.9100705,145.1361921,2095.7295564049855,1453.719114271924,2091.3513315421565,1448.7310073818996,2095.7324,1453.7187,2086.8136,1453.4261,-988580230#1,4.037607694411432,0.0,0,12.124200002290308,4.025,3.016,100.5,3.83,True,0,,False,2091.897903538281,1452.7314492258743,-37.910078707007486,145.13614830974248,3.956898524616743,4.037607694411432,emission=-2.817 transition=0.977 sigma=3.830 num_candidates=5.000,,
2026-09-10T11:24:48.788,1789003489,hmm,True,-37.91008491,145.1362928,2104.614660418476,1452.2971154348925,2099.112520730687,1447.9094111917436,2104.616,1452.2967,2096.3683,1453.7865,298236187#1,1.4995681414840207,0.0,0,12.41139997728169,4.396,4.025,100.4,3.82,True,0,,False,2101.84,1448.19,-37.91012140822882,145.13626031858104,4.956524753634147,2.7418740386554528,emission=-2.336 transition=-32.227 sigma=3.820 num_candidates=5.000,,
2026-09-10T11:24:52.864,1789003493,hmm,True,-37.91000319,145.1363912,2113.0842994020786,1461.5381200527772,2110.961964908352,1454.0664092957625,2113.0809,1461.538,2112.304,1453.7052,-298236187#0,1.3465757581368971,0.0,0,35.46619997359812,3.459,3.701,11.5,3.82,True,0,,False,2112.3084305531816,1454.0491889677835,-37.910070512499495,145.1363806761165,7.529014627856313,1.3465757581368971,emission=-2.321 transition=-27.835 sigma=3.820 num_candidates=5.000,,
2026-09-10T11:24:54.896,1789003495,hmm,True,-37.90992375,145.1363791,2111.8442850190913,1470.331904192455,2113.823871731605,1462.8618205521273,2111.8425,1470.3323,2112.4043,1461.5467,-298236187#0,1.4026192480107704,0.0,0,12.1995999943465,4.248,3.459,356.7,3.91,True,0,,False,2112.421367179736,1462.8797575774556,-37.90999098479301,145.13638396746012,7.4744573710459274,1.4026192480107704,emission=-2.347 transition=-0.481 sigma=3.910 num_candidates=5.000,,
2026-09-10T11:24:56.932,1789003497,hmm,True,-37.90984795,145.1363782,2111.5970051838085,1478.7414612807333,2114.839059427902,1472.40311092095,2111.5971,1478.7418,2112.5166,1470.3237,-298236187#0,2.2957076608664337,0.0,0,28.084999998100102,4.112,4.248,358.6,3.82,True,0,,False,2112.5435394935425,1472.4324689712676,-37.909904953499414,145.13638752794998,6.379601175653711,2.2957076608664337,emission=-2.440 transition=1.401 sigma=3.820 num_candidates=5.000,,
2026-09-10T11:25:01.001,1789003501,hmm,True,-37.90975949,145.1363835,2111.8667216035537,1488.5667310124263,2115.2576974598055,1486.392249343342,2111.8641,1488.5671,2112.7038,1484.9618,298236187#0,0.19395540941504155,0.0,0,16.739799990318716,2.065,3.224,8.4,3.84,True,0,,False,2115.92,1486.19,-37.90978163016277,145.13642904517837,4.698714299095797,0.6924950914124978,emission=-2.266 transition=0.662 sigma=3.840 num_candidates=5.000,,
2026-09-10T11:25:05.069,1789003505,hmm,True,-37.90981384,145.1364469,2117.5611813133582,1482.6472198404372,2117.809204410826,1488.420487573693,2117.5572,1482.6471,2115.0928,1487.4242,298236187#0,2.923040903286051,0.0,0,17.730799969285727,2.518,1.552,160.3,4.19,True,0,,False,2115.92,1486.19,-37.90978163016277,145.13642904517837,3.9044548098689082,2.923040903286051,emission=-2.595 transition=-14.688 sigma=4.190 num_candidates=5.000,,
2026-09-10T11:25:07.099,1789003507,hmm,True,-37.90988863,145.1364248,2115.7841427915264,1474.3093134006485,2117.3752804576784,1482.4746159138685,2115.7815,1474.3098,2115.875,1482.6686,298236187#0,1.5026602732378405,0.0,0,12.976599973626435,3.841,2.518,187.7,4.18,True,0,,False,2115.87274298643,1482.493826438615,-37.90981491774181,145.1364276677277,8.184992587851342,1.5026602732378405,emission=-2.414 transition=-9.717 sigma=4.180 num_candidates=5.000,,
2026-09-10T11:25:09.140,1789003509,hmm,True,-37.90997426,145.1364238,2115.8861844663043,1464.8056319681928,2117.0689466048443,1474.0515620403282,2115.8903,1464.8061,2115.7681,1474.31,298236187#0,1.3040346670166738,0.0,0,20.861899945884943,4.586,3.841,180.8,4.15,True,0,,False,2115.7650185075254,1474.0682332671433,-37.90989079826822,145.13642452776025,9.263393763242922,1.3040346670166738,emission=-2.391 transition=1.598 sigma=4.150 num_candidates=5.000,,
2026-09-10T11:25:11.173,1789003511,hmm,True,-37.91005393,145.1364243,2116.1068791989237,1455.9659375576302,2116.8655639287126,1464.2427857523076,2116.1101,1455.9656,2115.6466,1464.8092,298236187#0,1.2260673750331355,0.0,0,20.42120008263737,4.396,4.586,179.2,4.16,True,0,,False,2115.639596751652,1464.2584602184984,-37.90997914465704,145.136420871938,8.305677875197185,1.2260673750331355,emission=-2.388 transition=1.608 sigma=4.160 num_candidates=5.000,,
2026-09-10T11:25:15.239,1789003515,hmm,True,-37.91010291,145.1362808,2103.599602974835,1450.2786547653377,2108.6419162417906,1452.0610915187535,2103.6007,1450.2782,2111.5612,1451.1905,298236187#1,4.644461511710716,0.0,0,11.929899919778109,3.892,3.251,261.5,4.13,True,0,,False,2108.048975922808,1447.4001302771308,-37.91012964182736,145.1363307348696,5.299322868005185,4.698525078977955,emission=-2.970 transition=-14.617 sigma=4.130 num_candidates=5.000,,
2026-09-10T11:25:17.282,1789003517,hmm,True,-37.91008633,145.1361754,2094.2964815771556,1451.9331845659763,2099.7596168595933,1449.5376233196428,2094.2935,1451.9333,2103.3112,1448.0028,298236187#1,0.2441337361691118,0.0,0,12.144200038164854,4.514,3.892,278.1,4.01,True,0,,False,2101.84,1448.19,-37.91012140822882,145.13626031858104,8.421169805362961,2.4787260079593234,emission=-2.310 transition=-13.265 sigma=4.010 num_candidates=5.000,,
2026-09-10T11:25:19.318,1789003519,hmm,True,-37.91006799,145.1360619,2084.27733167354,1453.7687630364671,2089.7865101037723,1449.4701821424298,2084.2741,1453.7684,2094.2888,1452.6099,-988580230#1,3.5170672595920736,0.0,0,12.254499946720898,4.96,4.514,280.6,3.94,True,0,,False,2090.262616406829,1452.9548750839506,-37.910076399787165,145.13612976739134,6.04036811277171,3.5170672595920736,emission=-2.689 transition=-4.913 sigma=3.940 num_candidates=5.000,,
2026-09-10T11:25:21.356,1789003522,hmm,True,-37.91004689,145.1358874,2068.8891781351995,1455.803351169452,2073.7046287755593,1451.3190456629318,2068.8906,1455.8034,2084.6882,1452.914,-988580230#2,3.803093487783733,0.0,0,27.732099988497794,5.073,4.96,278.5,3.76,True,0,,False,2074.18748525233,1455.0913618877019,-37.91005425820889,145.13594747961304,5.345931821933817,3.803093487783733,emission=-2.755 transition=-3.532 sigma=3.760 num_candidates=5.000,,
2026-09-10T11:25:23.376,1789003524,hmm,True,-37.91003613,145.1357942,2060.671531811531,1456.833476019092,2062.9552390225367,1453.7051004978603,2060.6748,1456.8335,2069.1789,1456.2407,988580235,0.5234440256461214,0.0,0,27.891900041140616,4.2,5.073,278.3,3.77,True,0,,False,2059.89,1454.12,-37.910060432892024,145.1357846970306,2.8237818751849137,3.0931912100868155,emission=-2.256 transition=-15.888 sigma=3.770 num_candidates=5.000,,
2026-09-10T11:25:27.449,1789003528,hmm,True,-37.91004535,145.1356636,2049.2101655321894,1455.5807542772964,2047.735855741266,1454.9194626701274,2049.2111,1455.5808,2054.21,1455.3,-988580237#0,1.4537313280794026,0.0,0,12.731999973766506,2.654,3.306,256.3,3.81,True,0,,False,2050.21,1452.17,-37.910076255076234,145.13567419247968,3.554281038848375,3.698774768413158,emission=-2.329 transition=-5.652 sigma=3.810 num_candidates=5.000,,
2026-09-10T11:25:31.493,1789003532,hmm,True,-37.91015503,145.1356393,2047.3172200298868,1443.3673962187022,2041.8625328729966,1447.5600294230176,2047.3185,1443.3669,2050.2009,1449.6742,403774582#3,7.698679555739325,0.0,0,44.71639997791499,3.081,2.657,193.8,4.02,True,0,,False,2040.8153939371998,1439.932895823093,-37.910184797425266,145.13556459342675,7.353198998190153,7.698679555739325,emission=-4.144 transition=-17.972 sigma=4.020 num_candidates=5.000,,
2026-09-10T11:25:35.557,1789003536,hmm,True,-37.91016459,145.1354744,2032.8411151633481,1442.016611861065,2032.2861333561752,1442.656150516566,2032.8448,1442.0163,2041.6014,1439.825,403774582#2,1.5398803320213756,0.0,0,11.610799934715033,4.124,3.105,276.2,4.24,True,0,,False,2032.0763734128116,1441.1306236557384,-37.91017243341397,145.13546550341994,1.1703867074568275,1.5398803320213759,emission=-2.429 transition=-33.166 sigma=4.240 num_candidates=5.000,,
2026-09-10T11:25:37.600,1789003538,hmm,True,-37.91015138,145.1353653,2023.220175952476,1443.290603053756,2025.1912918080534,1441.918451487414,2023.2166,1443.2904,2032.711,1441.0434,403774582#2,0.13320140073287934,0.0,0,12.26019999012351,4.718,4.124,278.5,4.4,True,0,,False,2025.2076564531437,1442.050643815286,-37.91016290799252,145.1353876155762,2.3425579296148724,0.13320140073287934,emission=-2.401 transition=0.595 sigma=4.400 num_candidates=5.000,,
2026-09-10T11:25:39.643,1789003540,hmm,True,-37.91013685,145.1352477,2012.8490181684028,1444.6961079128087,2016.4629543962094,1442.2541507011763,2012.8512,1444.6958,2023.0955,1442.3121,403774582#2,0.8723774371654712,0.0,0,17.051400034688413,5.17,4.718,278.6,4.56,True,0,,False,2016.5701315509948,1443.1199194060666,-37.91015171925334,145.13528965042048,4.041170005690269,0.8723774371654712,emission=-2.455 transition=1.453 sigma=4.560 num_candidates=5.000,,
2026-09-10T11:25:41.683,1789003542,hmm,True,-37.91012351,145.135127,2002.2079585826723,1445.964099231176,2006.432401276049,1443.3069148289978,2002.2105,1445.9637,2012.7152,1443.5971,403774582#1,1.218393724104713,0.0,0,11.79329992737621,5.242,5.17,275.9,4.66,True,0,,False,2003.35,1444.66,-37.9101354634666,145.13513968833158,1.7334743735185418,3.36630912225466,emission=-2.492 transition=-7.267 sigma=4.660 num_candidates=5.000,,
2026-09-10T11:25:43.713,1789003544,hmm,True,-37.91011997,145.1350106,1991.966689867957,1446.1521839704365,1995.7705707657292,1444.3136707686942,1991.9665,1446.1523,2002.1077,1444.7667,403774582#1,0.9933877845069323,0.0,0,17.16449996456504,5.135,5.242,272.3,4.8,True,0,,False,1995.8555429941928,1445.303417711502,-37.910128316764165,145.13505462302103,3.9803998291301004,0.9933877845069323,emission=-2.509 transition=-14.290 sigma=4.800 num_candidates=5.000,,
2026-09-10T11:25:45.745,1789003546,hmm,True,-37.91012343,145.1348994,1982.1981239704182,1445.5726483929902,1984.8293806767092,1444.9072292215974,1982.1949,1445.5723,1992.0854,1445.0477,403774582#1,0.6368466371865945,0.0,0,22.03019999433309,4.922,5.135,266.6,4.6,True,0,,False,1984.89753219415,1444.2740396686463,-37.910135614721895,145.13492979673785,2.9955282300944703,0.6368466371865945,emission=-2.455 transition=1.297 sigma=4.600 num_candidates=5.000,,
2026-09-10T11:25:47.779,1789003548,hmm,True,-37.91014902,145.1348017,1973.6655585821136,1442.5611954675987,1974.6414401286856,1443.8751462102439,1973.6653,1442.5608,1982.4424,1443.9634,1004615767#2,2.0566309098198423,0.0,0,20.602600066922605,4.568,4.922,253.2,4.51,True,0,,False,1973.44,1441.28,-37.91016052067329,145.13479884393337,1.3008991122145803,2.859762618707955,emission=-2.529 transition=-48.649 sigma=4.510 num_candidates=5.000,,
2026-09-10T11:25:49.813,1789003550,hmm,True,-37.91017878,145.1346982,1964.6323463944136,1439.0768063087016,1964.8661346890408,1441.49951831769,1964.6293,1439.0764,1974.0156,1441.4638,1004615767#1,5.534395142798244,0.0,0,41.28769994713366,4.807,0,249.7,4.49,True,0,,False,1960.06,1435.19,-37.91021296911452,145.13464532825992,6.001134462072159,7.9315163777468545,emission=-3.180 transition=0.260 sigma=4.490 num_candidates=5.000,,
2026-09-10T11:25:51.846,1789003552,hmm,True,-37.91021608,145.1346126,1957.1895769810653,1434.787222823128,1956.1877045211413,1437.7881580116393,1957.1908,1434.7876,1965.1877,1437.8634,1004615767#1,4.209941213574819,0.0,0,24.88659997470677,4.246,4.807,241.6,4.34,True,0,,False,1958.335138373749,1434.1670900931338,-37.91022187281393,145.1346254839019,1.302641741699404,4.209941213574819,emission=-2.857 transition=-25.175 sigma=4.340 num_candidates=5.000,,
2026-09-10T11:25:55.927,1789003556,hmm,True,-37.91028904,145.1345033,1947.7424008278176,1426.4989255405962,1944.0769083906484,1429.2960632176068,1947.7404,1426.499,1952.3822,1430.5945,1004615767#0,5.326090056656815,0.0,0,14.874399988912046,3.062,3.297,229.3,4.18,True,0,,False,1943.02,1422.7,-37.91032241031812,145.13444874197268,6.060767677577391,6.680202490710028,emission=-3.161 transition=0.925 sigma=4.180 num_candidates=5.000,,
2026-09-10T11:26:00.003,1789003560,hmm,True,-37.91031932,145.1343561,1934.8684565036092,1422.8799142986536,1933.0010607976858,1422.9214450658897,1934.8674,1422.8796,1943.0778,1422.7677,1004615766#2,3.407727677502869,0.0,0,27.928699972108006,3.731,3.049,268,4.06,True,0,,False,1926.39,1423.51,-37.910312115411664,145.13425984348842,8.501837017646983,6.637207378194706,emission=-2.672 transition=-39.366 sigma=4.060 num_candidates=5.000,,
2026-09-10T11:26:04.091,1789003564,hmm,True,-37.91029096,145.1341861,1919.8598042633384,1425.7277454519644,1919.926921083815,1422.7460751989015,1919.8625,1425.7273,1928.2474,1423.4575,1004615766#2,0.9453987063813636,0.0,0,24.778999970294535,4.117,3.499,273.3,4.04,True,0,,False,1919.953510717248,1423.6910999104416,-37.910309323501785,145.13418670194457,2.0388001278470465,0.9453987063813636,emission=-2.343 transition=-25.018 sigma=4.040 num_candidates=5.000,,
2026-09-10T11:26:06.130,1789003566,hmm,True,-37.91029255,145.1340807,1910.5970207994105,1425.36583421845,1911.890416857361,1423.4585335381032,1910.5928,1425.366,1919.8054,1423.6953,1004615766#2,0.45925139951455934,0.0,0,25.16800002194941,4.62,4.117,270.2,4.03,True,0,,False,1911.903333446187,1423.917603260138,-37.910305831570184,145.1340952231429,1.950339878006057,0.45925139951455934,emission=-2.319 transition=1.536 sigma=4.030 num_candidates=5.000,,
2026-09-10T11:26:08.161,1789003568,hmm,True,-37.91028798,145.1339731,1901.1271398778772,1425.6835847431794,1903.004852537167,1424.1469113722683,1901.1297,1425.6836,1910.5531,1423.9556,1004615766#2,0.021055151471215828,0.0,0,21.680800011381507,4.595,4.62,272.5,3.96,True,0,,False,1903.005444719868,1424.1679581944304,-37.91030197184362,145.13399411132113,2.4135353560116877,0.021055151471215828,emission=-2.295 transition=1.556 sigma=3.960 num_candidates=5.000,,
2026-09-10T11:26:10.208,1789003570,hmm,True,-37.91028658,145.1338689,1891.9632129751844,1425.6555494777858,1893.7247740744415,1424.689802202378,1891.9629,1425.656,1901.0886,1424.2219,1004615766#2,0.26061581313821336,0.0,0,13.790500001050532,4.65,4.595,272,3.95,True,0,,False,1893.7174441734257,1424.4292894875082,-37.91029794280194,145.1338885664498,2.1403365764848465,0.26061581313821336,emission=-2.295 transition=1.588 sigma=3.950 num_candidates=5.000,,
2026-09-10T11:26:12.251,1789003572,hmm,True,-37.91028424,145.1337679,1883.078527630074,1425.7374432990327,1884.3450086699015,1425.1652652784937,1883.0827,1425.738,1891.9298,1424.4796,1004615766#2,0.47208197149945474,0.0,0,23.801300092600286,4.412,4.65,273,3.9,True,0,,False,1884.3317312172376,1424.693370060182,-37.91029387127766,145.13378191123206,1.6311370754673766,0.47208197149945474,emission=-2.287 transition=1.598 sigma=3.900 num_candidates=5.000,,
2026-09-10T11:26:14.287,1789003574,hmm,True,-37.91028219,145.1336652,1874.0450291526504,1425.7841553520411,1874.9396528117659,1425.518042518079,1874.0421,1425.7839,1883.0543,1424.7293,1004615766#2,0.5601910877254552,0.0,0,12.146599940024316,4.536,4.412,272.2,3.93,True,0,,False,1874.9238972627318,1424.9580730390521,-37.91028979006054,145.13367500465668,1.2061596671880896,0.5601910877254552,emission=-2.298 transition=1.607 sigma=3.930 num_candidates=5.000,,
2026-09-10T11:26:16.330,1789003577,hmm,True,-37.91028032,145.1334938,1858.9721197680337,1425.689950128086,1860.152398425536,1425.732682862944,1858.9743,1425.6895,1874.0197,1424.9834,1004615766#3,0.35546347471022055,0.0,0,27.32949994970113,4.742,4.536,270.5,3.98,True,0,,False,1860.1422464690688,1425.377364386598,-37.91028334690716,145.13350703314333,1.211159090399291,0.35546347471022055,emission=-2.304 transition=-23.459 sigma=3.980 num_candidates=5.000,,
2026-09-10T11:26:18.367,1789003579,hmm,True,-37.9102729,145.1333899,1849.8211888439837,1426.3304048506543,1850.3137017692875,1426.1200965376092,1849.8222,1426.33,1858.9663,1425.411,1004615766#3,0.4231688856466559,0.0,0,12.446500011719763,4.621,4.742,274.5,3.99,True,0,,False,1850.2986794106375,1425.6971943804617,-37.91027869024486,145.13339518488732,0.7930654076461254,0.4231688856466559,emission=-2.308 transition=1.597 sigma=3.990 num_candidates=5.000,,
2026-09-10T11:26:20.400,1789003581,hmm,True,-37.91026512,145.1332774,1839.9133805893362,1426.9956560796127,1840.3785659435875,1426.6718593286985,1839.9161,1426.9959,1849.8003,1425.7149,1004615766#4,0.6355973063775548,0.0,0,146.46680001169443,4.856,4.621,274.6,3.99,True,0,,False,1843.66,1425.94,-37.91027530546595,145.13331975858554,3.892501350903655,3.3620570405016825,emission=-2.315 transition=-28.394 sigma=3.990 num_candidates=5.000,,
2026-09-10T11:26:22.416,1789003583,hmm,True,-37.91025857,145.1331788,1831.230332446983,1427.5488815456629,1830.9917287028986,1427.2768158379054,1831.226,1427.5491,1839.9306,1425.8909,10801654#0,1.6794472324512275,0.0,0,12.098399922251701,4.396,4.856,273.8,3.92,True,0,,False,1831.0644907152948,1425.5989455520548,-37.91027610557643,145.13317647038306,1.9569756920149974,1.6794472324512275,emission=-2.377 transition=-20.415 sigma=3.920 num_candidates=5.000,,
2026-09-10T11:26:24.436,1789003585,hmm,True,-37.91032691,145.1330921,1823.7599115513149,1419.812885322608,1821.9159012749342,1426.0957739689154,1823.7628,1419.8126,1831.3101,1425.6096,10801654#0,0.8927243363845933,0.0,0,16.791499918326735,4.05,4.396,269,7.65,True,0,,False,1821.954578536104,1425.2038878717922,-37.91027802084299,145.1330728010141,5.685255999611631,0.8927243363845933,emission=-2.960 transition=1.440 sigma=7.650 num_candidates=5.000,,
2026-09-10T11:26:26.458,1789003587,hmm,True,-37.91032602,145.1330021,1815.8455229230458,1419.7531748525798,1813.5324071529685,1424.097032269899,1815.844,1419.7534,1823.5261,1425.272,10801654#1,0.7475239038529884,0.0,0,22.351899999193847,3.813,4.05,271,7.19,True,0,,False,1811.05,1424.61,-37.91028140332585,145.13294868106604,6.825378423067109,2.534853282782715,emission=-2.897 transition=-12.182 sigma=7.190 num_candidates=5.000,,
2026-09-10T11:26:28.481,1789003589,hmm,True,-37.91032237,145.1329109,1807.8195009256015,1419.9976069377735,1805.9631436998914,1421.8795906670116,1807.8214,1419.998,1815.4969,1424.9094,10801654#1,2.232986491272756,0.0,0,17.059499979950488,3.97,3.813,273,5.87,True,0,,False,1805.7502489676383,1424.102405212399,-37.91028501963427,145.13288830747177,4.596865512596829,2.232986491272756,emission=-2.761 transition=-11.207 sigma=5.870 num_candidates=5.000,,
2026-09-10T11:26:30.518,1789003591,hmm,True,-37.91031796,145.1328044,1798.4466787821148,1420.2994213765487,1797.802244918432,1420.5646777759903,1798.4446,1420.2996,1807.4131,1424.2617,10801654#1,2.763842877412859,0.0,0,12.186700012534857,4.589,3.97,273,5.87,True,0,,False,1797.538737910362,1423.3159304920678,-37.910290622733434,145.1327947637407,3.1501879103648314,2.763842877412859,emission=-2.800 transition=1.524 sigma=5.870 num_candidates=5.000,,
2026-09-10T11:26:32.550,1789003593,hmm,True,-37.91031274,145.1326927,1788.6148932913784,1420.6819490129128,1788.8089211274487,1420.3046075820716,1788.618,1420.6824,1798.1501,1423.3745,10801654#1,2.165297630540321,0.0,0,16.35379996150732,4.88,4.589,273.9,3.29,True,0,,False,1788.6024799057468,1422.4600416104765,-37.91029672027648,145.1326929638389,1.7781359277776718,2.165297630540321,emission=-2.326 transition=1.510 sigma=3.290 num_candidates=5.000,,
2026-09-10T11:26:34.588,1789003595,hmm,True,-37.91030667,145.1325801,1778.7020926092518,1421.157200012356,1779.3095871428404,1420.4155371180616,1778.6987,1421.1573,1788.4492,1422.4454,10801654#1,2.1087183509560377,0.0,0,23.297899984754622,4.866,4.88,273.9,3.16,True,0,,False,1779.3370990250942,1422.5240759913086,-37.91029447144891,145.13258763134084,1.5071771926347381,2.1087183509560377,emission=-2.292 transition=0.452 sigma=3.160 num_candidates=5.000,,
2026-09-10T11:26:36.620,1789003597,hmm,True,-37.91030119,145.1324783,1769.7400914524915,1421.585991899483,1770.0281527574068,1420.8028502239383,1769.7365,1421.5864,1778.7167,1422.5322,10801654#1,1.8425305930479046,0.0,0,17.05330004915595,4.453,4.866,273.9,3.05,True,0,,False,1770.0521917594394,1422.6452239951093,-37.91029170451012,145.13248208984848,1.1042550584000415,1.8425305930479046,emission=-2.217 transition=1.590 sigma=3.050 num_candidates=5.000,,
2026-09-10T11:26:38.644,1789003599,hmm,True,-37.91028273,145.13239,1761.9360941640916,1423.4788780817762,1761.5149928939477,1422.1930842452011,1761.9333,1423.4792,1769.7504,1422.6492,10801654#1,0.5634838091335106,0.0,0,22.470599971711636,4.006,4.453,274.8,2.95,True,0,,False,1761.522344515942,1422.7565200949743,-37.91028916249888,145.1323851311299,0.8324601086180474,0.5634838091335106,emission=-2.019 transition=1.133 sigma=2.950 num_candidates=5.000,,
2026-09-10T11:26:40.682,1789003601,hmm,True,-37.91028223,145.132283,1752.527998843114,1423.3458864931017,1752.5885624725022,1423.0074254588899,1752.5316,1423.3465,1761.9238,1422.7513,10801654#3,1.60090746306645,0.0,0,17.291099997237325,4.609,4.006,274.8,2.85,True,0,,False,1748.65,1424.07,-37.91027500706516,145.1322390722596,3.9450241314932937,4.079379732902673,emission=-2.124 transition=-11.633 sigma=2.850 num_candidates=5.000,,
2026-09-10T11:26:42.726,1789003603,hmm,True,-37.91026508,145.1321714,1742.678470576473,1425.0523474486545,1743.1229819970083,1424.4047406900747,1742.6807,1425.0529,1752.5581,1423.5475,10801654#4,1.1131477710877045,0.0,0,25.368900038301945,4.881,4.609,276.7,2.77,True,0,,False,1742.17,1424.98,-37.910265639943425,145.13216560222733,0.5135917449351837,1.1131477710877045,emission=-2.019 transition=-9.081 sigma=2.770 num_candidates=5.000,,
2026-09-10T11:26:44.754,1789003605,hmm,True,-37.91027142,145.1320653,1733.3647059595678,1424.161918958649,1733.6440992383255,1424.637743464221,1733.364,1424.1616,1742.6575,1424.8818,10801654#4,1.38202671683747,0.0,0,20.67579992581159,4.641,4.881,276.7,2.69,True,0,,False,1741.97,1425.0,-37.91026542367839,145.1321633327918,8.646008637178795,8.33377785226891,emission=-2.040 transition=-36.254 sigma=2.690 num_candidates=5.000,,
2026-09-10T11:26:46.792,1789003607,hmm,True,-37.91026233,145.1319665,1724.6584163095104,1424.9965303782374,1724.4770850688647,1425.177270229794,1724.6619,1424.9964,1733.5961,1426.0365,10801654#5,1.9724647603085066,0.0,0,17.032000003382564,4.401,4.641,276.9,4.5,True,0,,False,1722.5,1427.41,-37.91024019925614,145.13194250880875,3.237838257283982,2.9822722203534946,emission=-2.519 transition=-44.305 sigma=4.500 num_candidates=5.000,,
2026-09-10T11:26:48.810,1789003609,hmm,True,-37.91025178,145.131856,1714.9202630483196,1425.9725273801014,1715.125855645196,1425.8480459197283,1714.922,1425.9724,1724.9235,1427.11,10801654#6,6.113151056735398,0.0,0,18.895999994128942,4.887,4.401,276.9,4.58,True,0,,False,1707.38,1429.28,-37.91022062422628,145.13177102122407,8.233768394194202,8.47210649633882,emission=-3.331 transition=-2.659 sigma=4.580 num_candidates=5.000,,
2026-09-10T11:26:50.844,1789003611,hmm,True,-37.91024074,145.1317525,1705.7964276804123,1427.0152196846902,1705.8265199844238,1426.757144291323,1705.7949,1427.0147,1715.2096,1428.3078,10801654#6,2.6931125367204243,0.0,0,16.79420005530119,4.429,4.887,277.8,3.84,True,0,,False,1706.1541654450737,1429.4302517690642,-37.91021904941091,145.1317571177841,2.4413840903922526,2.6931125367204243,emission=-2.510 transition=-23.424 sigma=3.840 num_candidates=5.000,,
2026-09-10T11:26:54.919,1789003615,hmm,True,-37.91022048,145.1316119,1693.3904067741823,1429.0156248481944,1692.5102434622054,1428.8963190593347,1693.3863,1429.0157,1700.3879,1430.1183,-11527061#5,1.2774689989590886,0.0,0,16.28750003874302,3.605,3.377,277.8,2.17,True,0,,False,1692.3,1430.16,-37.91020997432239,145.13159976292474,1.580690172441476,1.281051065805367,emission=-1.867 transition=-38.301 sigma=2.170 num_candidates=5.000,,
2026-09-10T11:26:56.948,1789003617,hmm,True,-37.91021137,145.1314882,1682.494957019342,1429.8085339386016,1683.2964838060534,1429.8109410570562,1682.4988,1429.8085,1693.5767,1429.878,-11527061#5,1.5351679200358628,0.0,0,30.799899948760867,5.103,3.605,278.4,2.13,True,0,,False,1683.499245810018,1431.3326598590875,-37.91019782165868,145.13149996606649,1.8252549949456724,1.5351679200358628,emission=-1.935 transition=-0.293 sigma=2.130 num_candidates=5.000,,
2026-09-10T11:26:58.986,1789003619,hmm,True,-37.91017909,145.1313521,1670.457808304578,1433.1506338482723,1672.214106640271,1432.2090873430213,1670.4538,1433.1502,1682.7158,1431.437,-11527061#3,1.4192752253169987,0.0,0,24.315300048328936,5.908,5.103,278.4,2.11,True,0,,False,1668.85,1433.29,-37.91017754421842,145.1313338510786,1.613837187735453,3.5334948222874942,emission=-1.892 transition=-23.028 sigma=2.110 num_candidates=5.000,,
2026-09-10T11:27:01.026,1789003621,hmm,True,-37.91017974,145.1312163,1658.5202788965544,1432.8391683856025,1660.1491290820607,1433.209763221291,1658.5206,1432.8397,1670.4439,1433.0766,-11527061#3,1.2260465260527986,0.0,0,12.441799975931644,5.845,5.908,278.4,2.12,True,0,,False,1660.3106846156636,1434.4251190924697,-37.91016577672073,145.13123701830347,2.391817778099214,1.2260465260527986,emission=-1.838 transition=-15.850 sigma=2.120 num_candidates=5.000,,
2026-09-10T11:27:03.157,1789003623,hmm,True,-37.91015298,145.1310802,1646.4953947245958,1435.568706852384,1647.7116542731421,1435.1397964806335,1646.4927,1435.5682,1658.7588,1434.6314,-11527061#3,0.9517222106719433,0.0,0,38.97950006648898,5.916,5.845,278.4,2.2,True,0,,False,1647.8370622297896,1436.083220039114,-37.91014858745819,145.1310955719587,1.4369396347139716,0.9517222106719432,emission=-1.801 transition=1.594 sigma=2.200 num_candidates=5.000,,
2026-09-10T11:27:05.201,1789003625,hmm,True,-37.91013269,145.1309458,1634.6343538322253,1437.583281177096,1635.4298838731138,1437.1599791029632,1634.632,1437.5835,1646.5833,1436.2499,-11527061#3,0.5675175085446219,0.0,0,12.440599966794252,5.763,5.916,279.2,2.65,True,0,,False,1635.5046653695526,1437.7225480767745,-37.91013159264578,145.13095572713164,0.8813838218115273,0.5675175085446219,emission=-1.916 transition=1.580 sigma=2.650 num_candidates=5.000,,
2026-09-10T11:27:07.245,1789003627,hmm,True,-37.91011878,145.1308182,1623.3853305287776,1438.9018694674596,1623.5004459471727,1438.921660519865,1623.3841,1438.9019,1634.6653,1437.8341,-11527061#3,0.3931333078421731,0.0,0,17.717700102366507,5.749,5.763,279.6,3.11,True,0,,False,1623.552248925262,1439.311365856236,-37.910115121313,145.13082019121012,0.4422092756895355,0.3931333078421731,emission=-2.062 transition=1.603 sigma=3.110 num_candidates=5.000,,
2026-09-10T11:27:09.277,1789003629,hmm,True,-37.91010448,145.1306902,1612.1002685953863,1440.2630135873333,1611.702131417238,1440.6275036239658,1612.1041,1440.263,1623.4405,1439.3262,-11527061#3,0.2568224674063287,0.0,0,29.492500005289912,5.623,5.749,279.6,7.51,True,0,,False,1611.7359727844955,1440.8820866980827,-37.91009883743985,145.13068619913432,0.7183056134303804,0.2568224674063287,emission=-2.936 transition=1.606 sigma=7.510 num_candidates=5.000,,
2026-09-10T11:27:11.309,1789003631,hmm,True,-37.910092,145.1305729,1601.7599532720633,1441.4410512587056,1600.108274403288,1442.2517507940747,1601.7574,1441.4406,1612.1786,1440.8233,-11527061#2,0.8109808687152995,0.0,0,11.408800026401877,5.439,5.623,279.6,10.89,True,0,,False,1596.98,1442.77,-37.91007916499326,145.13051885533145,4.961255691868377,3.1709120110323825,emission=-3.310 transition=-29.308 sigma=10.890 num_candidates=5.000,,
2026-09-10T11:27:13.336,1789003633,hmm,True,-37.91007383,145.1304533,1591.2047645297134,1443.246411385946,1588.8357188800335,1443.8360007125584,1591.2063,1443.2461,1601.8475,1442.1616,-11527061#0,10.463328475709115,0.0,0,22.017300012521446,5.582,5.439,279.6,11.88,True,0,,False,1574.87,1445.32,-37.91005219935886,145.13026804794492,16.465852604147827,14.044342552118758,emission=-3.782 transition=-5.774 sigma=11.880 num_candidates=5.000,,
2026-09-10T11:27:15.365,1789003635,hmm,True,-37.91004947,145.1303313,1580.4247953748563,1445.734399373643,1578.0751654208534,1445.567273482578,1580.4267,1445.734,1591.2284,1443.4366,-11527061#0,0.25918585454444565,0.0,0,30.223499983549118,5.847,5.582,283.6,10.65,True,0,,False,1574.87,1445.32,-37.91005219935886,145.13026804794492,5.570231458153453,3.214689650685023,emission=-3.285 transition=-29.650 sigma=10.650 num_candidates=5.000,,
2026-09-10T11:27:17.398,1789003638,hmm,True,-37.91003236,145.1301295,1562.645254170522,1447.2771513462067,1561.6871747111152,1447.74683704606,1562.6457,1447.2776,1580.5343,1446.6828,-11527061#0,0.9748319682665543,0.0,0,19.61059996392578,5.711,5.847,283,9.11,True,0,,False,1561.580873273828,1446.7778182790667,-37.910036665774086,145.13011728420003,1.175687120447731,0.9748319682665543,emission=-3.134 transition=-14.208 sigma=9.110 num_candidates=5.000,,
2026-09-10T11:27:19.433,1789003640,hmm,True,-37.91002054,145.1300169,1552.7195943796542,1448.390179309994,1551.4239460530855,1448.9399583254176,1552.7229,1448.3902,1562.5789,1446.6683,-11527061#0,1.0416752351719387,0.0,0,19.370900001376867,5.076,5.711,282,8.47,True,0,,False,1551.310355631054,1447.9044948969986,-37.91002466049306,145.13000076630658,1.490584851520539,1.0416752351719387,emission=-3.063 transition=1.608 sigma=8.470 num_candidates=5.000,,
2026-09-10T11:27:21.461,1789003642,hmm,True,-37.91000917,145.1299135,1543.6037610623753,1449.4694873858243,1541.7484147562866,1450.0417722355173,1543.5995,1449.4696,1552.6535,1447.7572,-11527061#0,1.0818416172051124,0.0,0,19.455900066532195,4.468,5.076,276.6,8.0,True,0,,False,1541.6304443546487,1448.966381948666,-37.91001334547125,145.12989094881647,2.0364414820689345,1.0818416172051122,emission=-3.008 transition=1.609 sigma=8.000 num_candidates=5.000,,
2026-09-10T11:27:25.526,1789003646,hmm,True,-37.90997603,145.1297557,1529.6568219964392,1452.868540192023,1525.5555162223332,1452.8871313844477,1529.6553,1452.8683,1536.489,1449.5387,996244505#1,0.3951471204934765,0.0,0,21.77049999590963,3.793,3.87,276.6,7.0,True,0,,False,1524.53,1452.99,-37.90997400926221,145.12969743625584,5.1282605499455105,1.03066263846817,emission=-2.866 transition=-6.964 sigma=7.000 num_candidates=5.000,,
2026-09-10T11:27:29.588,1789003650,hmm,True,-37.90981782,145.1297467,1528.5133522440447,1470.4084375463426,1519.7134143094474,1464.6172083031036,1528.514,1470.4085,1527.2686,1454.1526,996244505#0,8.462629529110322,0.0,0,28.29300006851554,4.824,3.607,4.6,6.49,True,0,,False,1513.2658376308555,1459.1358897098592,-37.90991660977334,145.1295707659816,18.96198925759705,8.462629529110322,emission=-3.639 transition=-2.858 sigma=6.490 num_candidates=5.000,,
2026-09-10T11:27:31.612,1789003652,hmm,True,-37.90971636,145.1297621,1529.6413846667856,1481.6941095339134,1521.2577287652225,1474.8029128711578,1529.639,1481.6938,1527.2689,1470.7419,5045577#3,7.694458174971531,0.0,0,27.748199994675815,5.454,4.824,7,6.24,True,0,,False,1520.2986271391032,1467.1684639272482,-37.909845521697875,145.1296525604759,17.27082796253547,7.694458174971531,emission=-3.510 transition=-36.116 sigma=6.240 num_candidates=5.000,,
2026-09-10T11:27:33.646,1789003654,hmm,True,-37.90961314,145.1297765,1530.677586545702,1493.1733156163245,1522.8160824904023,1485.781130358299,1530.6814,1493.1731,1529.3209,1481.7444,-1164319799#0,7.058504165736029,0.0,0,28.465699986554682,5.73,5.454,6.9,6.09,True,0,,False,1529.7868128288221,1484.671445895604,-37.90968956576728,145.12976443266507,8.548407252979352,7.058504165736028,emission=-3.397 transition=1.602 sigma=6.090 num_candidates=5.000,,
2026-09-10T11:27:35.684,1789003656,hmm,True,-37.90951571,145.1298051,1532.975099283678,1504.0350802885368,1525.496434273054,1497.4485391979874,1532.9757,1504.0355,1531.1289,1493.1019,-1164319799#0,6.245744543448875,0.0,0,15.550500014796853,5.327,5.73,11.6,5.85,True,0,,False,1531.6645118080057,1496.466630635622,-37.90958365144212,145.12978847241996,7.681085188962196,6.245744543448875,emission=-3.255 transition=1.471 sigma=5.850 num_candidates=5.000,,
2026-09-10T11:27:37.713,1789003658,hmm,True,-37.90942338,145.1298223,1534.281721253763,1514.3108152458444,1528.595909069762,1509.4002144908115,1534.286,1514.3104,1532.872,1504.052,-1164319799#0,5.063763995296085,0.0,0,11.489600059576333,5.171,5.327,9.5,5.49,True,0,,False,1533.5967042070597,1508.6041279409712,-37.90947466332792,145.12981320976334,5.747654160601073,5.063763995296085,emission=-3.047 transition=1.326 sigma=5.490 num_candidates=5.000,,
2026-09-10T11:27:39.726,1789003660,hmm,True,-37.90933138,145.1298363,1535.30774798739,1524.54428717494,1531.4615123807102,1521.1839511509186,1535.3097,1524.5441,1534.4997,1514.2764,-1164319799#0,4.086344659513499,0.0,0,15.202200040221214,5.202,5.171,7.8,5.27,True,0,,False,1535.4970425755614,1520.5415270520718,-37.909367471977674,145.12983753921048,4.007233589689445,4.086344659513499,emission=-2.882 transition=1.412 sigma=5.270 num_candidates=5.000,,
2026-09-10T11:27:41.762,1789003662,hmm,True,-37.90923441,145.1298406,1535.4699191846885,1535.312146089971,1533.5716395823845,1532.9434572331595,1535.4685,1535.3124,1536.1138,1524.4161,-1164319799#0,5.004959381566946,0.0,0,18.98689998779446,5.367,5.202,3.9,5.08,True,0,,False,1536.73,1528.28,-37.90929798488612,145.12985332283276,7.14415021481295,5.632324022379091,emission=-3.030 transition=-18.947 sigma=5.080 num_candidates=5.000,,
2026-09-10T11:27:43.793,1789003664,hmm,True,-37.90914347,145.1298619,1537.1401066639228,1545.4408699963242,1535.7135230939562,1544.2379147167862,1537.1402,1545.4408,1537.7453,1534.9667,-45897352#1,3.353794827184701,0.0,0,11.976400041021407,5.188,5.367,9.5,5.0,True,0,,False,1539.0329536781528,1543.7590406837141,-37.909158962371755,145.1298830376262,2.5320781299229047,3.353794827184701,emission=-2.753 transition=-24.249 sigma=5.000 num_candidates=5.000,,
2026-09-10T11:27:45.820,1789003666,hmm,True,-37.90904034,145.1298882,1539.2227491763188,1556.9310750598088,1538.034849790836,1555.7998592931456,1539.2231,1556.9306,1539.232,1545.139,-45897352#1,2.707133980039792,0.0,0,11.932999943383038,5.71,5.188,10.4,4.85,True,0,,False,1540.7142454581033,1555.4133191993449,-37.909054281825796,145.12990481176556,2.1279436107542016,2.7071339800397927,emission=-2.654 transition=1.521 sigma=4.850 num_candidates=5.000,,
2026-09-10T11:27:47.835,1789003668,hmm,True,-37.90893797,145.129912,1541.0872970643686,1568.3325365558267,1540.2961772826789,1567.432833749716,1541.0889,1568.3325,1540.8983,1556.6889,-45897352#1,2.0837647257684235,0.0,0,11.370200081728399,5.786,5.71,10.6,4.81,True,0,,False,1542.360026404528,1567.1454277048963,-37.90894889374495,145.12992619984,1.7404216147991143,2.0837647257684235,emission=-2.583 transition=1.591 sigma=4.810 num_candidates=5.000,,
2026-09-10T11:27:49.855,1789003670,hmm,True,-37.90884629,145.1299231,1541.8590956110274,1578.5253828028217,1541.9699795023078,1578.5181576564446,1541.8616,1578.5254,1542.498,1568.1363,-45897352#1,1.9549180578933314,0.0,0,11.388699989765882,5.136,5.786,7.5,4.68,True,0,,False,1543.9062134097046,1578.2485229611175,-37.90884915395353,145.1299463120241,2.065754741882326,1.9549180578933314,emission=-2.549 transition=1.606 sigma=4.680 num_candidates=5.000,,
2026-09-10T11:27:51.880,1789003672,hmm,True,-37.90876276,145.1299364,1542.8424578111153,1587.8177443156019,1543.3100807398437,1588.7733941725048,1542.8437,1587.8174,1543.9051,1578.2408,-45897352#1,2.1089398563124644,0.0,0,12.838100083172321,4.52,5.136,7.3,4.71,True,0,,False,1545.26,1587.97,-37.90876182531873,145.12996392149114,2.422331940190874,2.1089398563124644,emission=-2.569 transition=-1.026 sigma=4.710 num_candidates=5.000,,
2026-09-10T11:27:55.946,1789003676,hmm,True,-37.90867731,145.1300151,1549.571365167969,1597.438500130549,1548.4118356947786,1602.4336799435227,1549.5675,1597.438,1544.0664,1592.6264,5094887#1,2.486202696649781,0.0,0,11.58149994444102,3.008,3.243,51.6,4.6,True,0,,False,1550.8793842297086,1602.1296929757214,-37.90863528702666,145.13003104171318,4.870133897180869,2.4862026966497806,emission=-2.591 transition=-56.711 sigma=4.600 num_candidates=5.000,,
2026-09-10T11:27:57.990,1789003678,hmm,True,-37.90869326,145.1301198,1558.8118474526564,1595.8532532509416,1554.7245214091874,1603.3794590574682,1558.8107,1595.8537,1549.828,1597.8559,-5094887#1,6.858498528133938,0.0,0,48.84960001800209,4.163,3.008,98.4,4.71,True,0,,False,1547.917021488399,1604.2142925072544,-37.90861597317198,145.12999783599662,13.73332480636273,6.858498528133938,emission=-3.529 transition=-18.546 sigma=4.710 num_candidates=5.000,,
2026-09-10T11:28:00.032,1789003680,hmm,True,-37.90871239,145.1302356,1569.0352890252252,1593.9347012527287,1563.2369939266146,1602.3312202738898,1569.0381,1593.9348,1558.9629,1596.4314,1460088176#1,3.04348920729741,0.0,0,33.60439999960363,5.055,4.163,100.5,4.7,True,0,,False,1565.94,1603.73,-37.90862359243933,145.13020264128923,10.272715887143688,3.04348920729741,emission=-2.676 transition=-- sigma=4.700 num_candidates=5.000,,
2026-09-10T11:28:02.047,1789003682,hmm,True,-37.90871767,145.1303605,1580.0279519518372,1593.569047360681,1573.6836622881467,1600.4968820233019,1580.029,1593.5696,1568.9791,1593.3853,985415978,4.219248933071471,0.0,0,12.881700065918267,5.437,5.055,95.7,4.62,True,0,,False,1571.6442407515533,1604.1905010284652,-37.90862047479016,145.13026760178062,13.531514752851995,4.219248933071471,emission=-2.866 transition=-39.005 sigma=4.620 num_candidates=5.000,,
2026-09-10T11:28:04.088,1789003684,hmm,True,-37.9087381,145.1304818,1590.737824139651,1591.5159121314064,1585.257727100883,1597.4645194425261,1590.7412,1591.5165,1579.8198,1592.1689,36836558#0,1.1676500396087335,0.0,0,12.446800014004111,5.376,5.437,100.8,4.47,True,0,,False,1585.1216856109595,1596.3048214956375,-37.90869394578582,145.13041903810026,7.380695419286228,1.1676500396087333,emission=-2.450 transition=-2.051 sigma=4.470 num_candidates=5.000,,
2026-09-10T11:28:06.123,1789003686,hmm,True,-37.90875732,145.1305977,1600.9702428269084,1589.5875101927668,1596.9267707011725,1594.1620986553526,1600.9666,1589.5871,1590.5955,1590.5506,36836558#0,0.9060532538840316,0.0,0,11.173999984748662,5.182,5.376,97.3,4.47,True,0,,False,1596.7946879386423,1595.0584728198153,-37.90870728199661,145.1305514725456,6.882346307145865,0.9060532538840316,emission=-2.437 transition=-0.253 sigma=4.470 num_candidates=5.000,,
2026-09-10T11:28:08.160,1789003688,hmm,True,-37.90878225,145.1307029,1610.2746436763555,1587.0066220900044,1608.0334840712558,1590.5861700154312,1610.277,1587.0063,1600.8781,1589.0001,36836558#0,5.947431117790983,0.0,0,11.906999978236854,4.838,5.182,96.9,4.52,True,0,,False,1611.4324809237285,1595.4666164394532,-37.90870624955991,145.13071799306798,8.538857738837816,5.947431117790983,emission=-3.293 transition=-16.183 sigma=4.520 num_candidates=5.000,,
2026-09-10T11:28:10.201,1789003690,hmm,True,-37.90878946,145.130811,1619.7945721894503,1586.3971350323409,1618.7227417229806,1587.877422934111,1619.7921,1586.3973,1610.362,1587.57,36836558#0,3.3053917266723434,0.0,0,11.898600030690432,4.826,4.838,97,4.55,True,0,,False,1619.3854278475246,1591.1157035839453,-37.90874688013794,145.13080742386936,4.736273669111643,3.3053917266723434,emission=-2.698 transition=-7.458 sigma=4.550 num_candidates=5.000,,
2026-09-10T11:28:12.236,1789003692,hmm,True,-37.90880253,145.1309304,1630.321004306723,1585.1573013653979,1629.4873952799555,1585.6386345426754,1630.3219,1585.1571,1619.7553,1586.1536,36836558#0,3.340558081809673,0.0,0,11.886199936270714,5.346,4.826,97.5,4.59,True,0,,False,1630.1571317808325,1588.9113675469605,-37.908768682901204,145.13092939260162,3.757641161725511,3.340558081809673,emission=-2.708 transition=1.609 sigma=4.590 num_candidates=5.000,,
2026-09-10T11:28:14.269,1789003694,hmm,True,-37.90881505,145.1310565,1641.4352561983978,1583.990294626914,1640.5150152845617,1583.822392577746,1641.4374,1583.9901,1630.2502,1584.6421,36836558#0,8.405649939309892,0.0,0,11.681800009682775,5.506,5.346,96.6,4.71,True,0,,False,1631.19,1588.7,-37.90877077349995,145.13094108784236,11.275930084568815,10.523638354815125,emission=-4.061 transition=-49.000 sigma=4.710 num_candidates=5.000,,
2026-09-10T11:28:16.309,1789003696,hmm,True,-37.90883121,145.1311628,1650.81683539995,1582.3844626629725,1650.9264474220593,1582.128734704898,1650.8185,1582.385,1641.3093,1583.0923,36836558#0,18.59297541805921,0.0,0,11.752100079320371,4.911,5.506,99.7,4.68,True,0,,False,1631.19,1588.7,-37.90877077349995,145.13094108784236,20.617921322774375,20.801655809630127,emission=-10.354 transition=-51.132 sigma=4.680 num_candidates=5.000,,
2026-09-10T11:28:18.342,1789003699,hmm,True,-37.90884864,145.1313298,1665.537825053325,1580.7446720600128,1666.0374194724668,1580.1181171178878,1665.542,1580.7444,1650.7278,1581.7491,36836558#0,33.66434039452579,0.0,0,11.167800053954124,4.941,4.911,97.2,4.57,True,0,,False,1631.19,1588.7,-37.90877077349995,145.13094108784236,35.25706069040006,35.88859648540671,emission=-29.570 transition=-74.611 sigma=4.570 num_candidates=5.000,,
2026-09-10T11:28:20.378,1789003701,hmm,True,-37.90885718,145.1314319,1674.5331923862686,1579.9769641989842,1675.4386291815033,1579.2325978742595,1674.5305,1579.9773,1665.3871,1579.6586,-250248456,0.9973896161358633,0.0,0,11.824899935163558,4.492,4.941,97.3,4.55,True,0,,False,1675.2978174038258,1578.2451982137152,-37.90887291822042,145.13144019891527,1.8930570105543667,0.9973896161358633,emission=-2.458 transition=-- sigma=4.550 num_candidates=5.000,,
2026-09-10T11:28:22.421,1789003703,hmm,True,-37.90886527,145.1315313,1683.2901795866783,1579.2544228751212,1684.378560925674,1578.5419990709365,1683.2879,1579.2543,1674.3037,1578.387,-250248456,0.9047955379484225,0.0,0,12.78470002580434,4.373,4.492,99.1,4.31,True,0,,False,1684.3576268806528,1577.6374457384843,-37.9088800288454,145.13154306810813,1.9375393636827303,0.9047955379484225,emission=-2.402 transition=0.967 sigma=4.310 num_candidates=5.000,,
2026-09-10T11:28:24.467,1789003705,hmm,True,-37.90888369,145.1316283,1691.8591370338108,1577.381375300698,1692.952702138463,1577.3639457074646,1691.8585,1577.3814,1683.2511,1577.6631,-250248456,0.07456454994155003,0.0,0,12.27800000924617,4.344,4.373,99.1,4.08,True,0,,False,1692.9544273212034,1577.4384902971576,-37.9088833732462,145.13164076618546,1.0967784354540744,0.07456454994155003,emission=-2.325 transition=1.331 sigma=4.080 num_candidates=5.000,,
2026-09-10T11:28:26.488,1789003707,hmm,True,-37.90889524,145.1317197,1699.9204744939925,1576.26078091003,1701.0768297666357,1576.2185418862757,1699.9223,1576.2614,1691.8604,1577.4638,-250248456,1.0316956957215644,0.0,0,12.77450006455183,4.101,4.344,99.1,3.88,True,0,,False,1701.100699871247,1577.2499614064886,-37.9088865423041,145.1317333442635,1.539938309053116,1.0316956957215644,emission=-2.310 transition=1.329 sigma=3.880 num_candidates=5.000,,
2026-09-10T11:28:30.567,1789003711,hmm,True,-37.90891637,145.1318871,1714.6848334242823,1574.2110372399911,1716.0127778339527,1574.1051698038568,1714.6809,1574.2115,1706.8797,1575.3214,1272942443#3,0.6675775602885464,0.0,0,31.811000080779195,3.834,3.61,99.1,3.53,True,0,,False,1716.97,1574.62,-37.908913098488426,145.13191317495426,2.321472984519021,1.0868874854524295,emission=-2.198 transition=-15.685 sigma=3.530 num_candidates=5.000,,
2026-09-10T11:28:34.643,1789003715,hmm,True,-37.9089313,145.1320054,1725.118655978411,1572.7627500034869,1727.0125419388792,1572.5298031701366,1725.1155,1572.7622,1719.4069,1574.6783,1272942443#3,3.071562168880513,0.0,0,21.574300015345216,2.925,2.52,99.1,3.25,True,0,,False,1724.08,1574.79,-37.90891285056006,145.13199405261398,2.2778386224338485,3.702471057687031,emission=-2.544 transition=-18.390 sigma=3.250 num_candidates=5.000,,
