gps_x,gps_y,gt_x,gt_y,lon,lat,method,kalman,matched,edge_id,lane_index,lane_pos,is_internal_edge,raw_x,raw_y,filt_x,filt_y,matched_x,matched_y,matched_lat,matched_lon,match_error_raw_m,match_error_filt_m,raw_dist,score,components,window_len,match_ms,phone_speed_mps,phone_course_deg,accuracy_m,unmatched_reason
473.7291117,1267.162459,476.93,1284.79,145.13198726173027,-37.90901455454441,native,True,True,28533357#0,0,4.472095888139561,False,473.72911169938743,1267.162459000945,473.72911169938743,1267.162459000945,479.1198840997507,1271.9404847750811,-37.90897248604323,145.13204964212295,7.20346842644756,7.20346842644756,,,,,9.438399982172996,0.0,,,
473.0268462,1272.159309,476.93,1284.79,145.1319804155997,-37.90896941496369,native,True,True,28533357#0,0,3.4284858832939213,False,473.02684620110085,1272.1593089997768,473.1088271918384,1271.5759872867347,478.8772163489858,1272.9554893095305,-37.90896329883751,145.1320471142952,5.90429792209905,5.931048752050014,,,,,3.236900025513023,0.0,,,
471.7866339,1275.069598,476.93,1284.79,145.1319669777577,-37.90894297451234,native,True,True,1272942443#3,0,2.074343581457811,False,471.78663390059955,1275.069597998634,472.1229889877768,1274.3396109020382,472.02624910250466,1278.4104166452075,-37.908912922878265,145.13197046328617,3.3494006440373134,4.071955059185068,,,,,2.6500000385567546,0.0,,,
477.7709816,1282.304613,476.93,1284.79,145.1320366666742,-37.90887888002193,native,True,True,:3157090491_2,0,1.465556104750029,True,477.7709816005081,1282.3046129988506,475.869389302558,1280.4968010041953,475.37392921465766,1281.0008698265292,-37.90889019175959,145.13200911576357,2.7286638488252866,0.7067998842326522,,,,,2.2542999940924346,0.0,,,
475.7362837,1288.214475,477.3118565,1288.028709,145.1320148791262,-37.9088252752965,native,True,True,-1272942443#2,0,2.0493113977140536,False,475.7362836992834,1288.2144750002772,476.35573526635517,1286.9219861623449,477.16995974375175,1286.8252141229314,-37.90883804888125,145.13203086313297,1.9963648929507123,0.8199550763328325,,,,,2.1415999508462846,0.0,,,
478.0171809,1294.462773,478.0697274,1294.456577,145.1320422358616,-37.90876940086211,native,True,True,-1272942443#2,0,8.694731270210998,False,478.01718090078793,1294.4627729998901,477.7983447684395,1293.4458500690682,477.94809099872145,1293.4249199521191,-37.908778737618384,145.1320412138771,1.0401501638394126,0.1512018626841531,,,,,2.295500016771257,0.0,,,
479.4925256,1302.843308,479.064506,1302.893773,145.1320609194223,-37.9086941733143,native,True,True,-1272942443#2,0,16.495982500201038,False,479.49252560094465,1302.843307999894,479.2895134894363,1301.1282613709361,478.86156185931367,1301.172506140105,-37.90870911040331,145.13205336489227,1.7859714717562765,0.43023272460775,,,,,2.231099992059171,0.0,,,
480.8408586,1312.132408,480.1834854,1312.212917,145.13207836584652,-37.908610738265224,native,True,True,-1272942443#1,0,1.009418551772253,False,480.84085859777406,1312.1324079986662,480.7354941254715,1309.9010646369459,479.91270652692816,1310.0019325929977,-37.908629762561134,145.13206732766085,2.3238742910866903,0.8289473908969259,,,,,2.4076999980024993,0.0,,,
482.7968747,1319.726018,481.1286354,1319.930327,145.1321023351348,-37.908542686277684,native,True,True,1272942443#1,0,92.27036224943235,False,482.7968747005798,1319.726018000394,482.45858435007534,1318.419648631653,482.9583829247232,1318.3656046657416,-37.90855497035834,145.13210386150786,1.3699669147707265,0.5027120104706704,,,,,2.336899982765317,0.0,,,
484.386391,1329.440501,482.3242743,1329.693048,145.1321226205554,-37.908455462799694,native,True,True,1272942443#1,0,82.79306075067056,False,484.3863910001237,1329.4405010007322,484.1698876520641,1327.758872807643,484.11119259296345,1327.772531558582,-37.90847043859436,145.1321191116487,1.6905195128275092,0.06026335072034252,,,,,2.4820000398904085,0.0,,,
485.8438453,1338.927075,483.4904622,1339.215293,145.13214135250252,-37.908370268537865,native,True,True,1272942443#1,0,72.9690138635811,False,485.84384530066745,1338.9270750004798,485.789987827034,1337.4586403581966,485.3061800304911,1337.5236290488074,-37.9083828140682,145.13213491970436,1.5029120007570607,0.4881531664375636,,,,,2.25650001084432,0.0,,,
488.5022528,1349.223895,484.7721613,1349.680719,145.1321739234061,-37.90827799214462,native,True,True,1272942443#1,0,62.53002290029362,False,488.5022527994006,1349.2238949993625,487.9428253818889,1347.712714052657,486.5759686629117,1347.8851042893596,-37.908289704609935,145.1321517172321,2.3458327177527063,1.3776849000854599,,,,,2.1772999898530543,0.0,,,
492.4236756,1357.199581,485.78,1357.91,145.1322203254982,-37.90820685303073,native,True,True,1272942443#1,0,52.85104322753829,False,492.4236756002065,1357.199581000954,491.0841078333111,1357.0798983940178,487.75331026662775,1357.4922117756828,-37.90820337398632,145.13216729177282,4.679524027015181,3.356220307864765,,,,,2.2230000467970967,0.0,,,
495.9601828,1366.703132,486.0039295,1365.263893,145.1322626991894,-37.90812188104937,native,True,True,1272942443#1,0,44.735564839375776,False,495.96018280024873,1366.7031320007518,494.65661675071493,1366.536551628712,487.9866053089327,1365.5687546823292,-37.908130660658905,145.13217178414166,8.053865525980235,6.73985782957871,,,,,2.4276000331155956,0.0,,,
496.0361873,1377.028582,485.3053289,1378.73971,145.1322659154094,-37.908028880630525,native,True,True,1272942443#1,0,32.18967253127429,False,496.036187299178,1377.028582001105,496.69239341080987,1376.4599422839717,487.20745722127197,1377.9766561894282,-37.908018746674486,145.13216575211385,8.879488693336302,9.605437813583045,,,,,2.1602000342682004,0.0,,,
501.9220752,1387.699555,487.1106644,1390.061362,145.13233526638675,-37.90793381621671,native,True,True,1272942443#1,0,21.313074508060627,False,501.92207520036027,1387.6995550012216,500.5550000391089,1386.858487589381,488.9220993377372,1388.7172514695335,-37.9079223022904,145.13218769367157,13.039749941252566,11.78046611514729,,,,,2.651000046171248,0.0,,,
500.604022,1395.907974,488.3544285,1397.861278,145.13232215040708,-37.90785963492252,native,True,True,1272942443#1,0,11.75684331166815,False,500.60402200114913,1395.9079740010202,502.0434034786166,1396.2988640622027,490.42859212611114,1398.1539900034488,-37.90783756578607,145.13220697157792,10.420362806782745,11.762029374736908,,,,,2.3508999729529023,0.0,,,
504.0006814,1405.973356,491.1787143,1411.264962,145.13236306172985,-37.907769576543465,native,True,True,1001027006,0,31.04743659868457,False,504.00068140093936,1405.9733560001478,504.2443541213844,1405.9865558280485,504.7373451455135,1410.4837687921727,-37.90772907860288,145.13237246465985,4.570174726094385,4.5241534671757515,,,,,2.316800004336983,0.0,,,
503.9163697,1412.936043,492.5040034,1415.852281,145.13236368909813,-37.90770683976173,native,True,True,1001027006,0,30.956672769632352,False,503.9163697005715,1412.9360429998487,505.2515795615152,1414.2988147590347,504.8275629319086,1410.4738277820534,-37.9077291844356,145.13237348813306,2.625409850590464,3.848417268989913,,,,,2.3031000164337456,0.0,,,
497.0367919,1417.84959,493.2609351,1418.814447,145.13228659052356,-37.90766133574821,native,True,True,350484353#8,0,75.33968559053487,False,497.0367918970878,1417.8495899988338,502.0535519890226,1420.6626186862554,502.19079685277745,1421.8603963346186,-37.90762613561248,145.13234610287893,6.530722360232784,1.2056149665401052,,,,,2.6112000341527164,0.0,,,
495.2116133,1426.083739,493.1417578,1425.231445,145.1322677147041,-37.90758683113957,native,True,True,:cluster_11820724987_9239946034_9351956751_9351956760_0,0,0.6171612965488475,True,495.21161330107134,1426.0837390003726,498.6791279039047,1427.4820849223088,498.6789550760548,1427.483085102713,-37.907574851274035,145.1323074555655,3.739067864947192,0.0010150026140701015,,,,,2.2578000207431614,0.0,,,
489.4098469,1433.965083,488.1451384,1428.846025,145.13220354659035,-37.907514786968015,native,True,True,-45897403#0,0,90.96148419655064,False,489.4098469010205,1433.9650830011815,493.481479482485,1434.5946414695109,493.55247105843426,1435.1043763638804,-37.9075052716177,145.13225090583134,4.296431574676587,0.5146547059861656,,,,,2.4100999580696225,0.0,,,
481.3095856,1438.204802,480.3647901,1430.075408,145.13211241621408,-37.9074751325339,native,True,True,1209653412#1,0,7.176835012655501,False,481.30958559940336,1438.2048019999638,486.1165693502128,1440.1506155684046,485.878794122856,1438.3777172477733,-37.90747439958111,145.13216440536078,4.572479219604739,1.7887720687785116,,,,,2.3523999843746424,0.0,,,
466.7370764,1433.414382,466.537183,1431.647844,145.13194564224543,-37.90751565539891,native,True,True,:cluster_579289_605155831_9106614572_9106614573_#2more_15,0,17.182115257612104,True,466.7370763994986,1433.4143820004538,474.2878438419796,1440.156270114664,474.2355278001347,1439.6807076879486,-37.907460560358984,145.13203232373843,9.77208324920838,0.4784313847750768,,,,,2.3031000164337456,0.0,,,
454.5943196,1434.911206,454.3642938,1433.042414,145.13180792579166,-37.907499979661004,native,True,True,:cluster_579289_605155831_9106614572_9106614573_#2more_12,0,10.586472434640799,True,454.5943195998552,1434.9112060004845,460.99416525387164,1439.7466002348172,460.9334316600036,1439.8617579047961,-37.907456528249575,145.13188112644715,8.043152731883296,0.1301916217700777,,,,,2.3073000484146178,0.0,,,
442.4691842,1436.462887,442.2319776,1434.535756,145.13167042224978,-37.90748381277975,native,True,True,-1209653413,0,9.655033497132994,False,442.4691841993481,1436.4628870012239,447.1817826040079,1439.4884635696196,447.29156430191887,1440.4220656758882,-37.90744901816399,145.13172615255897,6.239426706964965,0.9400345281027724,,,,,2.395199961028993,0.0,,,
430.4012506,1436.268973,430.3676643,1435.99611,145.1315331713487,-37.9074833808017,native,True,True,-1209653410,0,61.11312453083044,False,430.40125060104765,1436.268973001279,433.43288611378716,1438.7390922792943,433.3254760449046,1437.8749336448498,-37.90746944189445,145.13156678436923,3.3361960426807435,0.8708082845163642,,,,,2.730800013523549,0.0,,,
415.104785,1440.120866,414.8324458,1437.908308,145.13136013561203,-37.907445920111996,native,True,True,-1209653410,0,46.03327760268818,False,415.10478499985766,1440.1208660006523,418.37951941523744,1439.880841546802,418.35855525443964,1439.716961176715,-37.907450146103,145.13139703737414,3.2787436582328895,0.1652158337988245,,,,,2.3948000161908567,0.0,,,
404.4142589,1439.37781,404.3915669,1439.193454,145.13123842010341,-37.90745068330738,native,True,True,1209653410,0,51.638088909704415,False,404.4142588976538,1439.377810000442,404.9578865957849,1440.1143693818246,404.8386967214475,1439.1384180660743,-37.907452916451184,145.13124319119748,0.4872945356835194,0.983202520775512,,,,,2.2390999947674572,0.0,,,
395.9850461,1442.126178,395.754914,1440.256522,145.13114321041883,-37.907424403177245,native,True,True,1209653410,0,62.72328081416769,False,395.9850460991729,1442.1261780010536,393.9578714373967,1441.4876664380586,393.83653641319034,1440.492651469218,-37.90743873036977,145.1311184105757,2.6989818081958585,1.002385642512987,,,,,2.2296999813988805,0.0,,,
375.4958763,1443.386937,375.4186672,1442.759669,145.1309105458845,-37.90740934562029,native,True,True,1209653410,0,78.21257501605727,False,375.4958762989845,1443.386936998926,378.5270578729452,1442.9147540207243,378.46326192776337,1442.3849163736143,-37.907418907995414,145.13094405520263,3.1319998089772656,0.5336645528014563,,,,,2.217800007201731,0.0,,,
363.839385,1444.867675,363.7555832,1444.170951,145.1307783548315,-37.90739390141891,native,True,True,:cluster_605155297_605155316_14,0,6.792533344901481,True,363.83938500029035,1444.8676750008017,364.4735704034489,1444.4505907236398,364.6548887231435,1444.733334999795,-37.90739525888413,145.13078759608337,0.8264947415790189,0.33588786634142437,,,,,2.2056999732740223,0.0,,,
352.7059294,1447.383398,352.4865019,1445.507949,145.1306523464585,-37.90736922816335,native,True,True,1147258794#0,0,6.484359396710812,False,352.705929400865,1447.383398000151,351.78174604782413,1446.5523745121861,351.669572276699,1445.6035300436263,-37.90738507442496,145.13064015780563,2.059603367513463,0.9554521340418193,,,,,2.5935000157915056,0.0,,,
340.6594751,1448.35672,340.6960473,1446.219859,145.13051560616665,-37.90735828414997,native,True,True,:cluster_9106614563_9109971234_3,0,7.5218453880410605,True,340.659475101158,1448.3567199995741,339.57506196631294,1448.2293371712547,339.55911412611505,1448.3957595105096,-37.90735773369306,145.13050310451146,1.1010532951731298,0.16718471404427906,,,,,2.3047999711707234,0.0,,,
330.0232991,1448.921344,330.8540458,1444.93376,145.1303948068907,-37.90735127640804,native,True,True,-1147258794#2,0,17.311642599756556,False,330.02329909952823,1448.9213440008461,328.3474269840549,1449.36783335252,328.9021904942311,1446.7946924460039,-37.90737023123732,145.13038157553177,2.4040655857493562,2.6322645530055255,,,,,2.1359999664127827,0.0,,,
316.5734906,1441.69195,317.2628533,1440.413953,145.13024024074323,-37.90741397050802,native,True,True,-1147258794#2,0,5.5187243481933095,False,316.5734906006837,1441.6919500008225,316.2900529440484,1446.2124552899256,317.72059990058966,1443.1333760600085,-37.907401193063265,145.13025361150662,1.8421641702169003,3.3951720867986626,,,,,2.1641000057570636,0.0,,,
305.4285499,1433.311363,307.976275,1431.575725,145.13011161704304,-37.907487451075255,native,True,True,:579291_2,0,1.0655649630068567,True,305.42854990053456,1433.3113630004227,304.74150776721075,1439.641773535309,309.0158736262322,1441.0154877673906,-37.90741869872486,145.1301541600885,8.49837807690155,4.489687549060769,,,,,2.2259000106714666,0.0,,,
297.0604525,1420.276327,296.5019474,1421.425252,145.13001350297813,-37.90760336161484,native,True,True,:579292_4,0,1.8337709117272467,True,297.06045249977615,1420.2763269999996,294.91449759024187,1428.7181623441736,297.1179101871262,1424.204430091346,-37.9075679867427,145.1300150521061,3.92852329534661,5.022828478290358,,,,,2.2538999910466373,0.0,,,
287.927023,1419.860716,288.1086715,1418.600529,145.1299095653306,-37.90760545509013,native,True,True,-5094886#2,0,21.28521821720588,False,287.92702299921075,1419.8607160001993,285.8083571234721,1421.6286479774826,285.9687678087161,1420.53705849863,-37.907599008566294,145.12988745513783,2.0717631540025336,1.1033128197761453,,,,,2.1855999948456883,0.0,,,
278.1815983,1420.716308,277.7489454,1418.869619,145.1297989595295,-37.907595986587154,native,True,True,5094886#2,0,20.107269960361265,False,278.18159829918295,1420.7163080004975,276.74672898967356,1418.2367449514388,276.93853174311715,1419.0594868487553,-37.907610686963565,145.12978444853343,2.0712968864142978,0.8448032468146236,,,,,2.311499963980168,0.0,,,
268.9183396,1424.977404,267.9475504,1423.445485,145.1296946125698,-37.907555927566094,native,True,True,5094886#2,0,28.15707462929313,False,268.91833960078657,1424.9774040002376,267.8318125612094,1419.1303176219967,269.6400598642845,1422.3798435832755,-37.90757945741837,145.12970222567833,2.695959988299504,3.7187601807730504,,,,,2.26390000898391,0.0,,,
261.8516459,1430.831872,261.5907685,1426.625224,145.12961560308494,-37.90750191200004,native,True,True,:9110403639_0,0,5.53374331617364,True,261.8516458970844,1430.831872000359,260.036252341253,1423.5355794873951,259.8848173679713,1426.6036795426871,-37.90753964503977,145.12959227667653,4.663263441201483,3.0718350379562427,,,,,2.1982999751344323,0.0,,,
251.4426413,1421.91827,251.4359245,1421.924408,145.12949522428613,-37.90758032640258,native,True,True,:9110403636_0,0,0.9939354658052669,True,251.44264130061492,1421.918270001188,251.2379355888863,1422.492097428638,251.62951985961732,1422.136267016185,-37.90757839641398,145.12949739873855,0.28713462759209174,0.5291063442357088,,,,,2.280400018207729,0.0,,,
251.7787016,1410.822969,248.9720735,1411.222061,145.12949651398677,-37.90768033613389,native,True,True,10539447#1,0,6.389108590953173,False,251.778701600153,1410.8229689998552,247.07788590817236,1416.2841673960727,246.46844301649514,1416.3656231893074,-37.90762944681062,145.1294374032402,7.675927415574186,0.6148623296863952,,,,,2.2871000110171735,0.0,,,
248.7183179,1400.988832,247.5246329,1401.161334,145.12945947532455,-37.90776837110208,native,True,True,:579296_1,0,2.2241950515547506,True,248.71831789950375,1400.9888319997117,244.28546979235205,1407.3038823982934,245.15759379985457,1407.181403598992,-37.907711943397764,145.12942040422732,7.14329749667716,0.8806823154467135,,,,,2.277499996125698,0.0,,,
248.9675343,1387.39599,245.6055873,1387.881831,145.1294592078159,-37.90789086354684,native,True,True,10539447#0,0,81.47023560982078,False,248.96753430075478,1387.3959900001064,243.7928766614172,1394.9064525999709,243.39365850709487,1394.9638918004698,-37.907821682663254,145.12939756176277,9.399001490748455,0.4033291416380606,,,,,2.6289999950677156,0.0,,,
247.1318233,1375.931151,243.9451223,1376.391667,145.12943572099513,-37.907993809596185,native,True,True,-10539447#0,0,23.247860473106943,False,247.13182329956908,1375.9311510007828,243.5189922264133,1381.6792211437028,244.6849487189395,1381.5111527764782,-37.907943101389,145.12940917405757,6.092915150409884,1.1780074356834573,,,,,2.3472000029869378,0.0,,,
244.6890716,1363.55454,242.143173,1363.922453,145.12940512427363,-37.90810485935731,native,True,True,-10539447#0,0,37.005206634392806,False,244.68907160073286,1363.554540000856,242.77743396323768,1367.8858770256672,242.71728887641365,1367.8952470722822,-37.9080654008683,145.12938369618664,4.7675638424518425,0.06087059423595446,,,,,2.3418000200763345,0.0,,,
240.9224136,1348.967768,240.0012804,1349.100883,145.1293589708858,-37.90823557942028,native,True,True,-10539447#0,0,52.070797324744746,False,240.9224135974655,1348.9677680004388,240.842340433267,1352.9431545029774,240.56251589492416,1352.9845470133494,-37.908199330313316,145.1293557954104,4.032869945194508,0.2828694260143185,,,,,2.331600000616163,0.0,,,
238.6681106,1332.424314,237.6133457,1332.57674,145.1293295658462,-37.908384199075805,native,True,True,-10539447#0,0,68.63660032345386,False,238.668110603292,1332.4243139997125,238.76025346029607,1336.5058504338438,238.1931733678399,1336.5890584576096,-37.90834659626765,145.12932511618217,4.191737322066279,0.5731521669496701,,,,,2.6547000161372125,0.0,,,
236.7243891,1322.123897,236.1155017,1322.211888,145.12930511628906,-37.90847663618215,native,True,True,-10539447#0,0,82.8332272726915,False,236.72438909701305,1322.123897000216,236.7319433276702,1322.4546051814293,236.16268489863617,1322.5383882489593,-37.90847280081215,145.12929882446969,0.6980792231251829,0.5753909639810334,,,,,2.3539999965578318,0.0,,,
235.2652209,1309.831686,234.3699324,1309.955195,145.1292857214317,-37.90858710340184,native,True,True,:579297_3,0,4.492537839253658,True,235.26522089913487,1309.831686001271,234.9891182956577,1309.232511504836,235.70158313011206,1309.5396744333632,-37.908589812789906,145.1292906161064,0.5250549994194578,0.7758577221342822,,,,,2.547500014770776,0.0,,,
231.7416228,1293.572242,232.1363466,1293.519982,145.12924194936596,-37.908732935138026,native,True,True,-4577073#9,0,5.034335109753755,False,231.7416228003567,1293.5722420001402,232.39673756140908,1294.583578699516,232.27923429755668,1294.5992166262424,-37.90872378110862,145.12924829617228,1.159182041173559,0.11853928365005034,,,,,2.4142999900504947,0.0,,,
231.7991545,1282.376961,230.6806482,1282.525048,145.1292400490734,-37.908833795135365,native,True,True,-4577073#9,0,18.184460065574342,False,231.7991544995457,1282.3769610002637,231.02628393654686,1281.499933151448,230.55325631551582,1281.5628526255248,-37.9088409035735,145.1292256978031,1.4882992746047252,0.4771938709543364,,,,,2.533300023060292,0.0,,,
229.9978889,1269.091913,228.8316693,1269.256672,145.12921653790673,-37.90895314418582,native,True,True,-4577073#9,0,31.28873839239686,False,229.99788890237687,1269.0919129997492,229.57249335809334,1268.466575961956,228.73679811712606,1268.585142808169,-37.90895748130274,145.12920208400152,1.3591048508922314,0.8440643534685166,,,,,2.4583000340498984,0.0,,,
227.4317213,1257.723872,227.2068464,1257.755641,145.1291847673245,-37.90905508611837,native,True,True,-4577073#9,0,43.52716734693593,False,227.4317213020404,1257.7238720003515,227.6317901159275,1256.3805957076102,227.02479885637553,1256.46704882411,-37.90906633429655,145.1291798539364,1.3210565366871647,0.6131170610291347,,,,,2.370000001974404,0.0,,,
228.2622209,1244.995171,225.4600236,1245.391055,145.1291913055021,-37.909169899237305,native,True,True,-4577073#9,0,55.66560737169001,False,228.26222090038937,1244.995171001181,227.05288142508465,1244.2032096284752,225.32678676460816,1244.4479606236362,-37.90917429794506,145.1291578054215,2.986002806897933,1.7433604981637463,,,,,2.3937999503687024,0.0,,,
226.0159884,1232.237242,223.6489456,1232.571649,145.12916285522604,-37.90928441941698,native,True,True,-4577073#9,0,68.04625055277026,False,226.01598839927465,1232.2372420001775,225.84308751477997,1231.8703404946828,223.59489355737063,1232.1890507415972,-37.90928441582756,145.12913531689065,2.4215744115962696,2.2706722113991087,,,,,3.0947000486776233,0.0,,,
222.2310967,1219.606263,221.8253425,1219.663586,145.12911693956494,-37.90939751781488,native,True,True,-4577073#9,0,80.69009242928001,False,222.23109669983387,1219.6062629986554,223.3656154090741,1219.450747683894,221.8261822279967,1219.6695300785875,-37.90939687468541,145.12911235020252,0.409827345239808,1.5549020082403822,,,,,2.8623000252991915,0.0,,,
220.1764105,1201.975983,219.3431351,1202.093705,145.12908955508246,-37.90955596381664,native,True,True,-4577073#9,0,95.90477246397785,False,220.17641050019301,1201.975982999429,220.90485020325605,1204.432386192744,219.69784360964016,1204.6044491533537,-37.90953219948748,145.1290847136578,2.671677486348336,1.2192089974430242,,,,,2.626199973747134,0.0,,,
218.1049826,1188.239862,217.4082027,1188.33771,145.12906286875648,-37.90967932733121,native,True,True,:cluster_12176407960_33776478_412622428_9553656656_#1more_11,0,8.572240205243855,True,218.10498260013992,1188.2398619996384,218.51421180127042,1189.6350522898688,218.23855234967087,1190.0382978536848,-37.909663150771856,145.12906479782282,1.803389142450756,0.48846199237343585,,,,,2.3518000380136073,0.0,,,
216.3818146,1175.192081,215.5780334,1175.304955,145.12904029908242,-37.90979655308191,native,True,True,:cluster_12176407960_33776478_412622428_9553656656_#1more_1,0,16.228568510804095,True,216.38181459892076,1175.1920809997246,216.38909391307647,1175.4778763460458,215.82698513905189,1175.5773136147468,-37.90979298250718,145.1290340786558,0.6754553258471278,0.5708362674551474,,,,,2.8869000379927456,0.0,,,
215.3275147,1162.865344,213.9109307,1163.051299,145.1290254988281,-37.90990740443432,native,True,True,-4577073#4,0,6.642792748762667,False,215.3275147015229,1162.865344000049,214.80230484515656,1162.193605500706,213.8154205755656,1162.3237113696819,-37.9099120101878,145.1290081828885,1.6061738859889534,0.9954235775326958,,,,,2.5981999933719635,0.0,,,
215.2371577,1149.079267,212.1303632,1149.487095,145.12902132542894,-37.91003157612402,native,True,True,-4577073#4,0,20.04495392434025,False,215.23715769918635,1149.0792670007795,214.06046377463466,1148.7727219125527,212.0710890521237,1149.0355500328947,-37.91003139749204,145.128985317557,3.166370453878404,2.006661507930022,,,,,2.3667000350542367,0.0,,,
211.4575709,1135.481743,210.311623,1135.632173,145.1289752487797,-37.91015338224462,native,True,True,-4577073#4,0,33.655474955607524,False,211.45757090079132,1135.4817430004478,211.99152803089953,1135.3158783961044,210.29962875538087,1135.5408024932199,-37.91015264085643,145.12896209654585,1.1594472975535701,1.7067846987724615,,,,,2.281900029629469,0.0,,,
208.4431729,1122.593368,208.5973505,1122.573129,145.1289380339624,-37.91026893852722,native,True,True,-4577073#4,0,47.02757733402193,False,208.44317290035542,1122.593368000351,209.35376593467308,1122.1741919621747,208.5591923934749,1122.2824465133501,-37.91027176035421,145.1289392821393,0.3318624622678307,0.8019140603720665,,,,,2.273700025398284,0.0,,,
210.1700179,1109.071683,206.9073084,1109.489282,145.1289545822211,-37.91039105707487,native,True,True,-4577073#3,0,5.004675125851479,False,210.1700179008767,1109.0716829998419,208.75775871649793,1108.9135643448212,206.86462825111522,1109.1558207268436,-37.91038970148327,145.12891701928012,3.3064603269743507,1.9085678173936371,,,,,2.148499945178628,0.0,,,
208.7476217,1093.240803,204.8908256,1093.734439,145.12893479672013,-37.910533407931894,native,True,True,-4577073#3,0,19.51318206012306,False,208.7476216998184,1093.2408029995859,207.9897326331727,1094.3851419812572,205.0226914235041,1094.764710895253,-37.91051900670595,145.12889279213098,4.024599463037254,2.99122150639896,,,,,2.486600016709417,0.0,,,
206.2121928,1081.706447,203.3978563,1082.066381,145.1289033365223,-37.910636853494346,native,True,True,-4577073#3,0,32.81832042014411,False,206.21219280082732,1081.7064469987527,206.46226461312622,1081.1674033662619,203.3340108825597,1081.5671708055384,-37.910637587693024,145.12887057981862,2.8815497588344563,3.1536939306643244,,,,,2.1868000039830804,0.0,,,
204.0740031,1068.301282,201.6766121,1068.607891,145.1288759658718,-37.91075722353065,native,True,True,-4577073#3,0,46.168849889858926,False,204.07400310004596,1068.301282000728,204.58377537280964,1067.9485052070163,201.64036901193546,1068.3245043695144,-37.910756574282644,145.1288483007174,2.4337448825268138,2.967324784285313,,,,,2.3612999939359725,0.0,,,
203.6367728,1054.885652,199.9814254,1055.353145,145.1288679327,-37.910877995400135,native,True,True,-4577073#3,0,59.47621375114058,False,203.6367727991892,1054.8856520010158,203.34332145756719,1054.6915236994494,199.95220311003436,1055.1246547936971,-37.910875176150434,145.12882609357078,3.692313113638665,3.418667312239963,,,,,2.2080999915488064,0.0,,,
201.8868718,1040.448844,198.1320436,1040.933338,145.12884474129154,-37.91100772889753,native,True,True,10670084#4,0,48.264454316441956,False,201.88687179901171,1040.4488440006971,201.89693932153668,1040.87361914401,202.17505225911057,1042.420498422191,-37.910990019914145,145.12884846791846,1.9926036071881468,1.57168136316231,,,,,2.4208000395447016,0.0,,,
197.6288879,1027.363995,196.3907349,1027.528904,145.12879334128223,-37.91112483010925,native,True,True,:664322664_0,0,0.6558463389431104,True,197.62888789980207,1027.3639949997887,199.03203995475,1027.351593335763,199.04469195097025,1027.0534334574718,-37.91112788373496,145.12880936819153,1.4494652748067112,0.2984281924198968,,,,,2.2983000380918384,0.0,,,
195.8074354,1015.421907,194.7513822,1015.568117,145.1287699055111,-37.911232077661744,native,True,True,-4577073#1,0,9.584666040843404,False,195.80743540078402,1015.4219070002437,196.45011165566197,1014.6278493546328,194.65554427847368,1014.8758950252989,-37.91123678795536,145.12875668378305,1.2747479101534078,1.8116287494971597,,,,,2.1761999814771116,0.0,,,
196.6879654,1001.584737,192.8882225,1002.11081,145.12877675894052,-37.911356885128505,native,True,True,-4577073#1,0,22.73845334463316,False,196.6879654005752,1001.5847369991243,195.50170745358682,1001.4804636230724,192.85161382252167,1001.846391759885,-37.91135383433787,145.12873319893984,3.8452641839361985,2.6752382426100305,,,,,2.2555000032298267,0.0,,,
193.5816436,989.8197648,191.2688934,990.1289573,145.1287387543634,-37.91146230482216,native,True,True,-4577073#1,0,35.317187816073016,False,193.58164359949296,989.8197647994384,193.67121186107113,989.0477256441778,191.16886519456781,989.3807497114492,-37.911465823241876,145.12871122057118,2.452393499982278,2.524409607956326,,,,,2.386300009675324,0.0,,,
191.5594067,976.3335609,189.4620673,976.6139551,145.12871268298574,-37.91158342577397,native,True,True,-4577073#1,0,48.29199309195972,False,191.55940669728443,976.3335609007627,191.72859681680495,976.2177495471831,189.44955494699883,976.5203630835215,-37.91158136147081,145.12868873631425,2.1181051587838278,2.29904475743832,,,,,2.605399989988655,0.0,,,
190.2846077,964.3413904,187.8645964,964.6649227,145.12869545102893,-37.911691223307834,native,True,True,-4577073#1,0,60.787750679031475,False,190.2846076998394,964.3413904001936,190.0932168689042,963.8299882764347,187.79372400281363,964.1347996502683,-37.91169263386129,145.12866708213352,2.4994362024391537,2.3196071682118244,,,,,2.3147999891079962,0.0,,,
188.5870044,950.8163628,186.0583714,951.1544168,145.12867306176307,-37.911812752682295,native,True,True,-4577073#1,0,73.76359178503097,False,188.587004399742,950.8163627991453,188.45960387479892,950.9576565699668,186.07427649589548,951.2733863267217,-37.9118081812978,145.12864459592888,2.553952235952615,2.4061321625893393,,,,,2.2807999630458653,0.0,,,
185.1537997,938.3974825,184.3669551,938.502676,145.12863119078943,-37.911924003753406,native,True,True,-4577073#1,0,86.65442737632098,False,185.1537997032283,938.3974825004116,185.94121849351356,938.2893685981915,184.36609319290426,938.4962288946068,-37.9119229717679,145.12862225695568,0.7938717760277295,1.5886506522368566,,,,,2.1951000089757144,0.0,,,
184.1232992,925.5835417,182.6658402,925.77839,145.1286165487521,-37.91203924812998,native,True,True,-4577073#1,0,99.5181712977468,False,184.12329919985496,925.5835416996852,184.03631475910552,925.566395560277,182.6614998463425,925.7459242237812,-37.912037520983574,145.12859996485406,1.4707907512835467,1.3864871385538324,,,,,2.1203000214882195,0.0,,,
182.5205476,913.6550178,181.0709702,913.8488124,145.12859560215475,-37.91214641298163,native,True,True,-4577073#1,0,111.95999072626277,False,182.52054759883322,913.6550178006291,182.29871969005535,913.2467152007505,181.01281632570382,913.4138232940704,-37.9121483130334,145.1285784038497,1.52690156263149,1.2967160742828783,,,,,2.506699995137751,0.0,,,
180.7248878,902.7748729,179.6485474,902.7784135,145.12857270139958,-37.91224409891392,native,True,True,-4577073#1,0,123.74365592322965,False,180.72488780075219,902.7748728999868,180.5702544633091,901.7230808563871,179.64506862001912,901.7208604858122,-37.91225339839145,145.12856018298498,1.5089571340211256,0.925188507640313,,,,,2.250000019557774,0.0,,,
181.0314062,889.8981747,179.7545015,889.8472118,145.12857324711186,-37.91236015041537,native,True,True,-4577073#0,0,0.26625927143649475,False,181.0314061989775,889.8981746993959,179.89398424978586,889.6996532081258,179.76061830219635,889.6939525394139,-37.91236176026085,145.1285587513041,1.287093069375001,0.13348772827571567,,,,,2.4210999836213887,0.0,,,
179.7614997,874.1097759,179.304569,874.1361298,145.12855520373995,-37.91250214602923,native,True,True,491516483#0,0,9.198709110321264,False,179.76149969990365,874.1097758989781,179.11541751806507,875.8134002540073,179.40033552302936,875.7965526713471,-37.91248688586222,145.1285514822645,1.7250088238790782,0.2854156803581774,,,,,2.6131999911740422,0.0,,,
178.4770128,866.1653713,178.843628,866.1442264,145.1285387851755,-37.91257347861732,native,True,True,491516483#0,0,20.420685685444024,False,178.47701279912144,866.1653713006526,178.1937249765374,864.6264394995765,178.75417068816463,864.5931947256779,-37.91258769124798,145.12854157763724,1.5964196435643476,0.5614308601002693,,,,,2.4074999964796007,0.0,,,
178.8677529,852.4028305,178.3683069,852.4140408,145.12854008621645,-37.91269752520376,native,True,True,491516483#0,0,32.623618139352125,False,178.86775289999787,852.4028305001557,177.982396275766,852.4079585640202,178.3679431658521,852.3978363102007,-37.91269747979605,145.12853440208428,0.4998346849511076,0.3856797434108285,,,,,2.369499998167157,0.0,,,
185.7690031,833.117535,185.0792351,831.827511,145.1286141531786,-37.912872499425305,native,True,True,:13485235051_2,0,1.5335810378958394,True,185.76900309685152,833.1175349997357,181.50833550553344,836.627600082529,181.00228684540366,836.2007106362271,-37.91284386342237,145.12856065784604,5.676931902645257,0.6620572828563605,,,,,2.390699984971434,0.0,,,
200.7170259,830.5796513,201.003162,829.203238,145.12878353797433,-37.91289806452941,native,True,True,:1087758749_1,0,8.028155549507261,True,200.7170258971164,830.5796513007954,191.5272363602993,826.9127254676774,190.9740499580099,825.6781390322825,-37.91294045644413,145.12867163811995,10.90643858775128,1.3528558172026444,,,,,2.56170000648126,0.0,,,
213.6206251,829.0900828,213.8564537,826.5018637,145.12892991635678,-37.91291381626294,native,True,True,:13485235054_0,0,7.256197982056174,True,213.6206251005642,829.0900828009471,204.5901019394705,821.9771951713328,206.29511131951796,819.5059388410468,-37.91299882763309,145.12884443513695,12.063124288524596,3.00235987783418,,,,,2.3351999698206782,0.0,,,
226.3660422,826.9315027,226.082292,825.0177656,145.12907434353951,-37.9129355658163,native,True,True,-1470433046#0,0,5.605116107895949,False,226.36604219989385,826.9315027007833,219.0557982392907,819.6719128376222,219.6446962796328,822.9193755325693,-37.91297049260856,145.12899700378156,7.827749063027671,3.3004264659270706,,,,,2.4432999780401587,0.0,,,
239.2908637,824.8796445,239.0267709,823.0984854,145.12922083506078,-37.91295638625615,native,True,True,:cluster_6014422831_6077854007_9139166580_20,0,9.331057819568958,True,239.29086370114237,824.8796444991603,234.01013076572787,818.7506535693501,234.2797933549403,820.5681832193222,-37.91299431883609,145.1291628734833,6.610561578423507,1.837425356456301,,,,,2.4087000056169927,0.0,,,
250.4410127,822.5648999,250.3157184,821.5662212,145.12934708802013,-37.91297925382192,native,True,True,:9141044978_0,0,0.678742337158594,True,250.4410126983421,822.5648998999968,247.9613903152555,818.1878766004993,248.0166016601896,818.6250049186348,-37.91301430695444,145.12931862253635,4.626071913197794,0.44060124730348127,,,,,2.417600015178323,0.0,,,
261.3573332,819.603221,261.4286906,820.1719864,145.12947053473357,-37.913007906709886,native,True,True,-1470433046#2,0,53.51356215314189,False,261.35733319912106,819.6032210011035,260.81245019764276,817.1737593205789,260.8015573800912,817.0225728600622,-37.9130310532828,145.12946362651746,2.6398165824311675,0.1515783603216648,,,,,2.3783999495208263,0.0,,,
272.3272402,819.9039277,272.1914622,818.8216877,145.12959533519268,-37.91300718087267,native,True,True,1470433046#2,0,24.09233323314925,False,272.3272402002476,819.9039276996627,272.80988696585285,817.2426209983018,272.9949330645984,818.7208841645948,-37.91301795868054,145.12960265718235,1.3584571273952286,1.489800002510258,,,,,2.6234000106342137,0.0,,,
283.3237689,817.156136,283.3569812,817.4208603,145.12971974285392,-37.91303392125836,native,True,True,1470433046#2,0,35.523718114312814,False,283.32376890059095,817.1561359995976,284.21943767354657,816.3527195636111,284.33739988901885,817.2978568850893,-37.91303282781751,145.12973130054644,1.0234903956979249,0.9524702833843006,,,,,2.579200023319572,0.0,,,
294.5708206,815.7153717,294.6077023,816.0093435,145.12984729732273,-37.91304893280257,native,True,True,1470433046#2,0,46.73731058514082,False,294.57082060328685,815.7153717009351,295.39210299316596,815.3242733261595,295.4637683828763,815.9019413286513,-37.9130474135301,145.12985749303436,0.9122302138495184,0.5820964260199576,,,,,2.465799974743277,0.0,,,
305.2803713,815.5376825,305.1732418,814.6837896,145.12996902838645,-37.91305246901049,native,True,True,1470433046#2,0,57.516546124834136,False,305.280371296918,815.5376824997365,306.1892748413215,814.7922084945308,306.1591585541099,814.5600963654506,-37.91306143414072,145.12997879752623,1.3145119601399708,0.23405775189372208,,,,,2.3855000035837293,0.0,,,
316.4872991,814.5747151,316.3143736,813.2714029,145.13009623571045,-37.91306316893522,native,True,True,:cluster_5408819666_9141044968_2,0,2.6339925797326966,True,316.4872991006123,814.5747151011601,317.0356320089393,814.1720198960397,316.901109348297,813.1935539272511,-37.91307568552184,145.13010062584777,1.441820068317365,0.9876699845109341,,,,,2.397800039034337,0.0,,,
326.9801326,812.9475787,326.8138136,811.807504,145.1302151720666,-37.91307972266792,native,True,True,1470433046#3,0,6.023697643160294,False,326.9801325989538,812.947578699328,327.60895471408537,813.1141162993747,327.4106041230577,811.7204416152997,-37.91309085477811,145.13021978680075,1.3004503666275802,1.4077187510268414,,,,,2.3710000095888972,0.0,,,
338.3398423,811.7332669,338.11744,810.1731309,145.130344059349,-37.91309271410091,native,True,True,:cluster_4836113289_9141044969_2,0,4.537681185326844,True,338.3398422995815,811.7332669002935,338.46971831852983,811.9485776426811,338.21226615276873,810.1596131229031,-37.913106866873264,145.13034224985654,1.5788166088341873,1.807394719113572,,,,,3.0857999809086323,0.0,,,
350.5821083,810.7296699,350.2604905,808.4518121,145.1304830297427,-37.91310396668441,native,True,True,1360476884,0,6.624012898693675,False,350.5821083005285,810.7296699015424,350.0041493919079,810.8273808954449,349.6789575225012,808.5339205757147,-37.91312358330755,145.1304722598204,2.3742359675744336,2.31640022235047,,,,,2.474699984304607,0.0,,,
361.9218378,808.3952312,361.7017398,806.8363869,145.13061143451355,-37.91312704457076,native,True,True,1360476884,0,18.28924811143956,False,361.92183780216146,808.3952312003821,361.5404894861523,809.0779181513419,361.22962679512216,806.9030459872754,-37.91314036145242,145.130603223529,1.6449233381774129,2.1969762271599396,,,,,2.254699997138232,0.0,,,
372.7158251,806.7776112,372.4451416,805.2801202,145.13073379751663,-37.91314356646606,native,True,True,1360476884,0,29.57949560859782,False,372.7158250999055,806.7776111997664,372.7687506132172,807.276747718524,372.40305825415373,805.2877270794241,-37.91315693117532,145.13072990150684,1.5223592847450669,2.0223585251489498,,,,,2.241400012280792,0.0,,,
385.3227822,804.3996266,385.1189043,803.2770699,145.1308766013995,-37.91316726526346,native,True,True,1470433048,0,9.296607966828695,False,385.3227821966866,804.3996266014874,384.6825818550307,805.098539812332,384.37563545366555,803.4120618322664,-37.91317599037873,145.13086560679258,1.3683461280764624,1.7141832079906143,,,,,2.178399998228997,0.0,,,
396.6316222,803.121653,396.2913205,801.247944,145.13100489605768,-37.91318082027007,native,True,True,1470433048,0,21.156709179116085,False,396.6316221989691,803.1216529998928,396.4023471700299,803.2530110776501,396.04484050067174,801.2927094933135,-37.913197189818916,145.1309978071326,1.9207673236796354,1.9926347683878085,,,,,2.3016000050120056,0.0,,,
405.9829333,800.4300335,405.42,799.59,145.13111061059553,-37.91320675602353,native,True,True,1470433048,0,30.87274541746957,False,405.98293330078013,800.4300335012376,406.9683185704652,800.9584021274054,405.55654390247156,799.4614880917915,-37.91321540388759,145.1311055415684,1.058247669096977,2.057634404651761,,,,,2.931400027591735,0.0,,,
409.0103619,795.4063401,408.5519489,795.2690907,145.1311438884221,-37.9132525573874,native,True,True,-45897759#2,0,2.29796241115055,False,409.0103619011352,795.4063401008025,413.5650668457754,797.197161117072,413.6505941276142,797.7563991647285,-37.91323222559212,145.13119718551633,5.201397189178627,0.5657403201870286,,,,,2.8851000242866576,0.0,,,
404.3935659,796.3727691,406.5874438,798.3535275,145.13109161387075,-37.913243017715125,native,True,True,45897759#2,0,8.848747169761008,False,404.39356590108946,796.3727690996602,413.7230519212614,795.5082940357682,413.57547966519354,794.5241383195632,-37.913261328965426,145.1311955945859,9.366161227128538,0.9951583012264698,,,,,2.231599995866418,0.0,,,
392.9754148,797.5923992,391.9501521,795.8214909,145.1309620628712,-37.91322996862659,native,True,True,:12594284551_3,0,3.6613546690290044,True,392.9754147994099,797.5923992004246,406.43325396247474,795.4346311804944,408.02213757252053,796.4090902390378,-37.91324334590103,145.1311328805046,15.093180125770175,1.863899563562764,,,,,2.3278999724425375,0.0,,,
382.7327321,801.5956452,383.1045556,803.6429144,145.13084651216585,-37.91319205629564,native,True,True,711979119,0,19.855859788925997,False,382.7327320992481,801.5956452023238,395.32651666235563,797.7887520932524,393.2130322258764,795.0347736071748,-37.91325305121627,145.1309641815526,12.364535043107724,3.471485843989291,,,,,2.2731999633833766,0.0,,,
371.1628423,802.5232803,371.1168083,802.2697163,145.13071516939826,-37.913181609885015,native,True,True,711979119,0,32.33925610087267,False,371.1628423008369,802.5232803011313,381.8069545121098,800.0828712939367,381.6182641159845,799.454287196829,-37.91321114481202,145.1308333519645,10.896539083898116,0.6562941663055029,,,,,2.2519000340253115,0.0,,,
358.5470888,805.5203538,358.3436752,804.0786151,145.13057240670764,-37.91315233241163,native,True,True,-1360476884,0,7.542487815973336,False,358.5470888009295,805.5203537996858,366.90078771742077,803.1535409045938,366.86291391299244,802.8766433340579,-37.91317764990536,145.13066635807303,8.725947072982246,0.279475740683423,,,,,2.5283999857492745,0.0,,,
346.5860028,807.3497602,346.3629694,805.7689622,145.1304368216647,-37.91313369165923,native,True,True,-1360476884,0,22.660937691512657,False,346.58600280224346,807.3497602008283,352.0329914761606,806.0083272923,351.89272909943674,804.9887733696339,-37.913155918760026,145.13049662278982,5.80823577434629,1.029156808046295,,,,,2.813099999912083,0.0,,,
336.2649652,807.7142809,336.1937946,807.2171491,145.13031955058074,-37.91312854311266,native,True,True,:cluster_4836113289_9141044969_1,0,4.336181641465083,True,336.26496519963257,807.7142808986828,338.51368244986344,807.8404051326986,338.37758280829246,806.9045127176163,-37.91313621941394,145.13034338718091,2.262493683413847,0.9457366044752467,,,,,2.4208000395447016,0.0,,,
325.1356265,808.2738985,325.214163,808.811874,145.1301931333208,-37.91312149091093,native,True,True,-1470433046#3,0,7.614528271106767,False,325.13562650146196,808.2738985000178,325.8095310405182,809.009459589783,325.77533683762226,808.7299508266244,-37.913117498287924,145.13020051109456,0.7856290720140265,0.2815925996792481,,,,,2.2901000338606536,0.0,,,
315.3874308,809.7530623,315.4421564,810.1652504,145.13008262996829,-37.913106404691185,native,True,True,:cluster_5408819666_9141044968_1,0,6.554714624577021,True,315.38743080117274,809.753062300384,314.4782712102598,810.2074852262231,314.48230406532946,810.2926884433037,-37.91310138004982,145.13007246142004,1.0537792852683663,0.08529860562113371,,,,,2.2400000016205013,0.0,,,
298.3471588,812.4139252,298.3353974,812.3200506,145.1298894825581,-37.91307935547542,native,True,True,-1470433046#2,0,13.576496323567039,False,298.3471587988897,812.4139252007008,300.4275584863064,812.0639981576631,300.4288203212239,812.0577708629903,-37.91308294001401,145.12991307059104,2.1119092323858513,0.006353851296764999,,,,,2.2409000084735453,0.0,,,
286.1174895,812.6529236,286.2652493,813.8322897,145.12975048112287,-37.913074992143265,native,True,True,-1470433046#2,0,27.09991468553599,False,286.1174894993892,812.6529235988855,286.9344478314604,813.1659977016121,287.0103068635869,813.7389433050835,-37.91306537041167,145.12976088055777,1.4059024319145204,0.5779457217527517,,,,,2.4605999933555722,0.0,,,
271.3041648,815.6676387,271.3089864,815.706123,145.12958273589282,-37.91304515735956,native,True,True,-1470433046#2,0,41.5323605221574,False,271.30416479933774,815.6676387013867,272.6346969182986,815.1430296403873,272.6898175093608,815.5331220817133,-37.91304661958719,145.1295984605873,1.3921667119144354,0.3939675016275653,,,,,2.3941999534144998,0.0,,,
259.2989387,817.7011737,259.2384544,817.2184102,145.12944669603183,-37.91302466866332,native,True,True,-1470433046#2,0,55.060989412227926,False,259.2989386994159,817.7011736985296,259.2609065651471,817.2393208464456,259.26613394313284,817.214942273955,-37.913029042811885,145.1294462120822,0.48733679347925946,0.024932715000290123,,,,,2.270700002554804,0.0,,,
246.444607,823.6927127,246.2428174,822.0751931,145.1293019048132,-37.91296837174133,native,True,True,:9141044978_1,0,2.219836934821501,True,246.44460700033233,823.6927127009258,246.15545478442112,821.3783664815658,246.2427621211473,822.0751999730054,-37.91298290615674,145.12929924065506,1.6300579070197516,0.7022816285780009,,,,,2.282499975990504,0.0,,,
233.2570808,823.6989819,233.2940729,823.9484735,145.12915195936458,-37.91296593101295,native,True,True,:cluster_6014422831_6077854007_9139166580_18,0,7.4268427412675955,True,233.25708079861943,823.6989818997681,233.05868522005127,823.8354065605445,233.07652853640843,823.9807288825754,-37.91296336033053,145.12914997071965,0.33463484832051793,0.14641366472796227,,,,,2.2431000252254307,0.0,,,
221.3905087,825.2800275,221.4905183,825.8345718,145.1290173930622,-37.912949543018435,native,True,True,1470433046#0,0,8.658259943436025,False,221.39050869987113,825.2800275022164,220.61614974661902,825.8274210421297,220.6526000864692,825.985686593477,-37.91294305286253,145.12900916383427,1.0210112020989348,0.16240878060764538,,,,,2.2311999928206205,0.0,,,
210.0871015,826.4139925,210.0866106,826.3967513,145.12888912816348,-37.91293728410649,native,True,True,:13485235054_1,0,6.288011913354917,True,210.08710150263505,826.4139924999326,208.8816327277413,827.2923314796217,208.639686746105,826.6584969068791,-37.91293481982285,145.12887272635865,1.467920938755611,0.6784424247006442,,,,,2.2686999873258173,0.0,,,
202.7718656,823.0651723,205.5709419,819.0065116,145.12880518698515,-37.91296612816567,native,True,True,:1087758749_2,0,10.202004635586022,True,202.77186559856636,823.0651722997427,199.5826200151051,826.1795853110419,198.8915535870459,828.5928300231587,-37.912915632124786,145.12876232821418,6.753652435089547,2.510243583509424,,,,,2.5260999682359397,0.0,,,
199.7637971,807.6942707,200.3532979,807.5745675,145.12876747560472,-37.91310404857515,native,True,True,:13485235056_2,0,5.942043726803181,True,199.76379709911998,807.6942707002163,194.00555472551991,817.3431392032618,197.18183946202294,818.976006762792,-37.91300195334702,145.12874069300153,11.573421007869117,3.571420052907303,,,,,2.39880004664883,0.0,,,
197.7677255,795.4688699,198.2271966,795.4043757,145.12874198888932,-37.9132138166344,native,True,True,560854548#3,0,14.988090919482154,False,197.7677255005692,795.4688699012622,191.22946678767963,805.1291852474205,193.43668982545037,804.8285855531585,-37.913128719058236,145.1286948798727,10.313202562904726,2.227598194167058,,,,,2.3968000314198434,0.0,,,
197.2650441,782.3833155,196.5292868,782.4742281,145.1287332862028,-37.91333160320586,native,True,True,560854548#3,0,0.764683708509182,False,197.265044099011,782.3833155008033,190.73044609987704,790.8042452159935,191.54756950016917,790.7316925473616,-37.913255365242854,145.12867018190371,10.118543131296278,0.8203380650869451,,,,,2.3659999715164304,0.0,,,
196.1310093,770.720468,195.1382413,770.8331039,145.1287177294846,-37.91343645954719,native,True,True,:cluster_1087758731_9139166577_9141044959_5,0,0.4617218454120611,True,196.13100930070505,770.7204680005088,191.0422968334338,776.3634423096178,192.4969949826691,776.3416688561601,-37.91338516535931,145.1286776923765,6.693575959325864,1.4548610891298432,,,,,2.25499999942258,0.0,,,
198.5381926,760.3973765,193.9619037,760.9528433,145.12874274375508,-37.913529887494285,native,True,True,-93686025#0,0,12.696550364183075,False,198.53819260036107,760.3973765000701,193.29062885712608,763.0210117081803,194.1993413060191,762.9090050779984,-37.91350647753649,145.12869398244612,5.013372983120136,0.9155893184052916,,,,,2.3256000131368637,0.0,,,
206.4965897,753.816161,206.1368573,751.4502051,145.1288317320254,-37.91359061169752,native,True,True,-93686025#0,0,28.563509344675797,False,206.49658970080782,753.8161610001698,199.32440756252734,752.631540596173,199.30655028066369,752.4887210661508,-37.91360126930796,145.12874967503032,7.3115500163546026,0.14393158330022773,,,,,2.5253999629057944,0.0,,,
223.113888,751.6948366,222.6939304,748.9327803,145.12902019404294,-37.913612725912614,native,True,True,93686034#1,0,19.623435166458982,False,223.113888000953,751.694836601615,211.93245044030192,746.6134213247093,212.038961279382,747.3159980131189,-37.9136501688088,145.12889326762138,11.909165767268068,0.7106043638609261,,,,,2.2473999997600913,0.0,,,
229.0058979,751.5818403,228.4696003,748.054617,145.12908716308874,-37.913614809174334,native,True,True,93686034#1,0,8.266219999748412,False,229.00589789962396,751.5818403000012,223.09128767086074,744.4502858887944,223.26746277968797,745.6109788341689,-37.91366755838199,145.12902055170738,8.2813540118676,1.1739871304288232,,,,,2.2936000023037195,0.0,,,
234.511181,747.1423585,234.5131402,747.1559408,145.129148747491,-37.91365579639093,native,True,True,:7572448743_w1,0,0.5651021731395507,True,234.51118099980522,747.1423585005105,232.42484507427596,742.3742567904264,235.18127471994583,742.1846553454628,-37.91370057760817,145.12915523532376,5.002783841756614,2.762942833187109,,,,,2.2746000322513282,0.0,,,
249.3159205,745.262967,249.2947576,745.1088279,145.12931665535953,-37.91367540302938,native,True,True,46129059#5,0,45.164126949982,False,249.31592050055042,745.2629670007154,244.8764031052036,741.2224667207986,245.04910304738326,742.456772282658,-37.913699910429365,145.12926749926643,5.1069031686830915,1.2463288049571468,,,,,2.1984000341035426,0.0,,,
258.0677465,744.9883474,257.9235267,743.9273653,145.12941610504285,-37.91367945906591,native,True,True,46129059#5,0,33.913505676591136,False,258.0677465002518,744.9883473999798,256.23194347539555,741.2119219140247,256.1946683158697,740.9228878002729,-37.91371574299005,145.1293938795699,4.476201921457267,0.29142778939218045,,,,,2.05800001276657,0.0,,,
265.944776,742.1757009,266.0330403,742.8250352,145.12950502877567,-37.913706219978934,native,True,True,46129059#5,0,23.980310741456904,False,265.9447759978939,742.1757009001449,266.1523495820481,740.4429255931999,266.0377433553497,739.5878839101877,-37.913729548403424,145.1295054953787,2.589486378234794,0.862688163177438,,,,,2.054800046607852,0.0,,,
282.0065001,740.8262855,281.9834734,740.6568849,145.12968735030478,-37.91372127918038,native,True,True,-93686034#0,0,42.65963035506192,False,282.00650009990204,740.8262854991481,279.13146312067744,739.681322929979,279.3175046196352,741.0192713731718,-37.913719054668924,145.12965681917805,2.6959117642215595,1.3508210377309107,,,,,2.2404000046662986,0.0,,,
286.83428,738.2785148,287.0637051,739.9663265,145.12974166319214,-37.91374510268744,native,True,True,-93686034#0,0,52.14147249108532,False,286.83427999948617,738.2785147996619,288.5006388658068,738.2178082023826,288.7129438176544,739.7421446884634,-37.91373225755474,145.12976335842228,2.3815100657119745,1.5390500691583646,,,,,2.2569000138901174,0.0,,,
290.0587716,727.982122,292.0526697,727.6743082,145.12977597814654,-37.91383843766726,native,True,True,:cluster_1300273225_1300273227_1300273230_12,0,6.705902441154682,True,290.0587715989095,727.9821220012382,294.4851140940214,732.3138841101254,294.5540035491192,731.9718158418392,-37.91380331011787,145.12982800136032,6.010388275969859,0.34893617925344256,,,,,2.345200045965612,0.0,,,
287.1489565,717.8110655,290.5440251,717.4073523,145.12974057159016,-37.91392953482339,native,True,True,-46129051#0,0,42.228576239403,False,287.1489564992371,717.8110654996708,295.2217194883233,723.5100974062419,295.03019113417366,722.1260703670891,-37.913892088816894,145.12983116965734,8.985161455242059,1.3972165027472605,,,,,2.2281999699771404,0.0,,,
288.1787959,707.9462955,289.4017033,707.8008775,145.12975003075073,-37.914018584970066,native,True,True,-46129059#3,0,5.8684563345359715,False,288.1787959006615,707.946295500733,294.7090393837543,713.1854212975775,290.10705406343413,713.7325987198964,-37.91396680921635,145.1297732761778,6.099138011752169,4.634400934310496,,,,,2.312399970833212,0.0,,,
287.9241018,693.0776585,287.6547496,693.1096877,145.1297437424579,-37.914152478861666,native,True,True,-46129059#3,0,19.473672987363408,False,287.92410180112347,693.0776585005224,293.19625578781444,699.6643623205224,288.5005532976035,700.2225626185473,-37.91408822019999,145.12975192713526,7.168120477751697,4.72876405092156,,,,,2.282500034198165,0.0,,,
286.1041282,679.3031664,285.9113863,679.3292798,145.12971990565757,-37.91427623352487,native,True,True,-46129053,0,0.7761658294097866,False,286.10412820085185,679.3031664006412,290.61629575222,684.8757232952921,290.80793794337984,686.1872848286123,-37.91421507010343,145.1297749612175,8.337680290358488,1.3254887344363582,,,,,2.553700003772974,0.0,,,
284.4818691,667.3711116,284.3035853,667.3950745,145.12969873726576,-37.91438342684081,native,True,True,:cluster_1087758767_13253252981_5408819640_19,0,4.934434271188809,True,284.48186910059303,667.3711115987971,287.7380626705729,670.5621568356449,284.7826804703005,670.9595426990354,-37.91435115584603,145.12970297639453,3.6010172509032072,2.98197912033429,,,,,2.4007000029087067,0.0,,,
284.9163935,656.2858912,282.8657939,656.5567252,145.1297011488702,-37.91448336346033,native,True,True,-46129059#1,0,7.037457174291574,False,284.9163934972603,656.2858912004158,285.9656318636207,657.3231318381453,283.0185268338996,657.713131742383,-37.914470163513734,145.12967989464207,2.374639643510271,2.972798005501311,,,,,2.4032999644987285,0.0,,,
283.9464184,649.0339867,281.9077864,649.30324,145.12968846507647,-37.91454851486233,native,True,True,-46129059#1,0,17.551285867356167,False,283.94641839992255,649.0339867006987,284.4159831140347,646.9215340907679,281.6418632502082,647.2898217515765,-37.914563810109364,145.1296618629377,2.8901705499540338,2.7984597227726393,,,,,2.468199993018061,0.0,,,
283.4028585,640.9332605,280.8469033,641.2708395,145.12968043619074,-37.914621389710334,native,True,True,-46129059#1,0,26.497679083385105,False,283.4028584997868,640.9332605013624,283.2920443056036,638.0449271792669,280.4704371117915,638.4204524178502,-37.91464349556438,145.1296465194181,3.861774159804826,2.8464866697360924,,,,,2.3178000119514763,0.0,,,
280.2674891,635.713388,280.1155507,635.7334553,145.12964359410938,-37.91466784470238,native,True,True,:563619361_0,0,1.362927000181983,True,280.26748910022434,635.7133880006149,281.17371644891585,631.5108061492539,281.18737572464704,630.6790827775465,-37.914713361096396,145.1296529051309,5.117657714307048,0.8318355263258895,,,,,2.326299960259348,0.0,,,
282.1081738,632.9473917,279.7742538,633.2723679,145.12966389273382,-37.91469309412247,native,True,True,:1527721330_0,0,0.22982738151301868,True,282.10817379970104,632.9473916999996,280.89351861668706,627.6027406604092,279.00907700591114,627.6101744718814,-37.91474061273112,145.12962743627247,6.171733036789647,1.8844562732992134,,,,,2.2987000411376357,0.0,,,
292.8086317,620.4655582,292.8469274,620.8919426,145.12978271589122,-37.91480746735421,native,True,True,44348023#1,0,2.616565698956109,False,292.8086316998815,620.4655582001433,286.356712180858,620.2992550304656,286.45607559534284,621.4659358030109,-37.91479730748989,145.12971071148766,6.430841656395435,1.1709043996693325,,,,,2.853300014976412,0.0,,,
298.6623078,620.0498728,298.6888592,620.2982525,145.1298491811225,-37.91481226997112,native,True,True,44348023#1,1,9.703632352566835,False,298.6623077971162,620.0498728007078,293.1332200740362,616.495333518188,293.23531135376453,617.6484680687452,-37.914832921436634,145.12978692479024,5.93456275414159,1.1576449892282532,,,,,2.244100032839924,0.0,,,
302.6970354,619.7120896,302.7137023,619.8680034,145.129894981517,-37.914816042037494,native,True,True,44348023#1,2,16.168931439922883,False,302.69703540112823,619.7120895981789,299.4849828269203,615.0531474258372,299.3752030695957,613.7939717769691,-37.91486875334026,145.1298558599602,6.786655183854213,1.263952099496127,,,,,2.2351000225171447,0.0,,,
312.5510877,618.8871119,312.5436145,618.8172018,145.13000684026264,-37.9148252545756,native,True,True,44348023#1,1,24.850928913249145,False,312.55108770006336,618.8871119013056,308.15742804614746,614.7282365032117,308.29766886291725,616.0482255020912,-37.91485005916077,145.12995782849794,5.113789963601743,1.3274179612507413,,,,,2.2356000263243914,0.0,,,
319.5424719,618.240974,319.5053427,617.951813,145.13008618943977,-37.914832338641254,native,True,True,1038136215,1,3.2031926118746332,False,319.54247190232854,618.2409740006551,316.74313428483777,614.9611802250463,316.75712955754955,615.0722124532147,-37.91486038016516,145.13005379543324,4.2189076456064045,0.11191078299390977,,,,,2.24459997843951,0.0,,,
323.5294835,617.8137988,323.4816462,617.4412433,145.1301314269095,-37.914836907255626,native,True,True,1038136215,1,9.84100917684707,False,323.5294835001114,617.8137988010421,323.4959884076756,615.4290787666912,323.3409369527045,614.2271746234547,-37.91486918227848,145.13012846486737,3.5915766442877866,1.2118640696124274,,,,,2.3006999981589615,0.0,,,
326.9278754,617.4496895,326.8709109,617.0060513,145.1301699857817,-37.91484080137048,native,True,True,1038136215,0,14.813107845792455,False,326.9278754006373,617.4496895000339,328.56431501544296,615.8904181060628,328.6824829328634,616.7734398184539,-37.914847210253946,145.13018978255815,1.880415173301296,0.8908933725544809,,,,,3.069099970161915,0.0,,,
338.6262534,616.196293,338.9508196,615.9338305,145.13030271808117,-37.91485420621083,native,True,True,1038136215,0,22.89248165536314,False,338.62625340081286,616.1962930001318,336.69034827927857,615.7575392754238,336.69606543297726,615.7444710780899,-37.914857927535394,145.13028066752437,1.9823644065647967,0.014264067721852663,,,,,2.506699995137751,0.0,,,
345.8802975,615.3017446,345.9895033,616.1900179,145.13038499728418,-37.914863575275476,native,True,True,139327110#0,1,3.0996045573724396,False,345.8802975001745,615.3017445998266,344.71200512611085,615.3167820947585,344.8364420819635,616.3317771445196,-37.91485410789855,145.13037336289324,1.4664928152756398,1.0225944978442603,,,,,2.609600021969527,0.0,,,
354.8797255,614.1207238,354.9979682,615.0825024,145.13048705733976,-37.914875840250986,native,True,True,139327110#0,1,11.849649666257596,False,354.87972550292034,614.1207238007337,353.4285449487791,614.5004014053762,353.5211005581638,615.2640709305791,-37.91486529524736,145.1304718696405,1.7756982851375513,0.7692578790965842,,,,,2.7634999714791775,0.0,,,
363.6137419,612.9745239,363.740756,614.0076497,145.13058610746845,-37.914887743511876,native,True,True,139327110#0,1,20.88596108354028,False,363.61374189914204,612.9745239000767,362.4050280260761,613.4521179622785,362.4898861549376,614.161433660568,-37.91487684851548,145.1305735991675,1.634566154467537,0.714373615045952,,,,,2.311999967787415,0.0,,,
370.1722122,612.1138224,370.3058139,613.2005306,145.13066048533616,-37.9148966818139,native,True,True,139327110#0,1,28.91920962261204,False,370.17221220303327,612.1138224005699,370.3722430881252,612.4157067207489,370.46310448102713,613.1811930701982,-37.91488711925632,145.13066403638302,1.1062994458008335,0.7708600027977799,,,,,2.173400018364191,0.0,,,
383.7027489,610.3381257,383.849943,611.5353931,145.13081393161434,-37.914915122084444,native,True,True,139327110#0,1,39.752046270631695,False,383.70274889678694,610.3381257010624,381.1082167113258,610.9545240569187,381.21499037941925,611.8593385129059,-37.91490096924254,145.1307859910237,2.915995689237608,0.91109264949376,,,,,2.7423000428825617,0.0,,,
391.6091474,609.3342066,391.7602041,610.5628926,145.1309036037325,-37.91492559387337,native,True,True,139327110#0,1,49.600362385253774,False,391.60914739902364,609.3342065997422,390.8673601268164,609.6170859755299,390.9897127901989,610.6576180438589,-37.91491356039192,145.1308968621068,1.4612039847430205,1.0477008921718702,,,,,2.3999999975785613,0.0,,,
402.4882483,607.9984402,402.6390957,609.2254237,145.13102700183995,-37.914939591913786,native,True,True,139327110#0,1,60.142016909139734,False,402.4882483005058,607.9984402004629,401.31922502240354,608.2315360426616,401.4525924867935,609.371294384917,-37.91492703786517,145.13101553875165,1.7196835686395917,1.147534731194904,,,,,2.242000016849488,0.0,,,
410.3984391,607.0271961,410.5487578,608.2581517,145.1311167245953,-37.91494976988305,native,True,True,139327110#0,1,69.59186097540676,False,410.3984391009435,607.0271960990503,410.6926398436887,607.0144172869225,410.83247105862336,608.2235059380334,-37.91493907165144,145.13112193257774,1.272611869791873,1.2171475403234482,,,,,2.3653999669477344,0.0,,,
420.3874833,605.80069,420.5455439,606.9414261,145.1312300271541,-37.914962622707336,native,True,True,:cluster_10216473063_27606983_563623059_563623079_#4more_17,1,5.830925755554786,True,420.3874833006412,605.8006900008768,420.32535878860534,605.7947796809262,420.4857453191168,606.9497118172229,-37.91495228980791,145.13123140640977,1.1532157468202882,1.1660154710038435,,,,,2.3442000383511186,0.0,,,
432.3615568,604.3304261,432.4939411,605.2858543,145.13136584532236,-37.91497802974231,native,True,True,:cluster_10216473063_27606983_563623059_563623079_#4more_17,1,16.73703844403307,True,432.3615567990346,604.3304260997102,431.1486447346859,604.4498735174741,431.28864900044573,605.4528597785378,-37.91496772484176,145.13135390150273,1.5527358138586629,1.0127105382652613,,,,,2.477100002579391,0.0,,,
445.0737543,602.6028394,445.2015411,603.5250872,145.13150999787334,-37.91499588793729,native,True,True,:cluster_10216473063_27606983_563623059_563623079_#4more_17,1,28.823263732852187,True,445.07375429954845,602.6028394000605,443.13366191450183,602.8914622320927,443.2604973936768,603.7940385761227,-37.91498482989954,145.1314896514305,2.1695290004382417,0.9114446201388484,,,,,2.2421000176109374,0.0,,,
459.1254683,600.6928887,459.2473944,601.5885712,145.13166934016007,-37.91501563060899,native,True,True,1209622645,1,1.3528567160421974,False,459.12546829809435,600.692888699472,456.4958404273115,601.1059609671793,456.6104937654555,601.9475232647285,-37.91500387444806,145.1316410291346,2.8105523998243678,0.8493364990413821,,,,,2.2433000267483294,0.0,,,
472.8766868,598.7654706,473.0060322,599.7156559,145.13182526171812,-37.915035476161876,native,True,True,1209622645,1,15.499188602480526,False,472.87668679922353,598.7654705988243,470.5091325645238,599.177462371307,470.62755076267547,600.0394302434245,-37.91502359395167,145.13179997783027,2.584876416188769,0.8700640678801879,,,,,2.2695999941788614,0.0,,,
484.7584873,597.0927234,484.8952261,598.0972214,145.13195998482104,-37.91505268987284,native,True,True,1209622645,1,28.9794356544093,False,484.7584872995503,597.0927234012634,483.85808086649155,597.3065397062319,483.98460987738747,598.221180429146,-37.91504238475793,145.13195144245987,1.368320696441857,0.9233510939026004,,,,,2.223399991635233,0.0,,,
499.8681458,594.8345249,500.0317981,596.0367327,145.13213127759045,-37.91507576002207,native,True,True,1209622645,1,43.52458669089063,False,499.8681458005449,594.8345248997211,498.2500780915489,595.203465149384,498.3968414543226,596.2592936722596,-37.91506265977176,145.1321148724914,2.0480972961295456,1.065979997171737,,,,,2.2874000133015215,0.0,,,
513.5289575,592.779289,513.7187568,594.1735748,145.13228614231247,-37.91509674006181,native,True,True,1209622645,1,57.987471619018585,False,513.5289574987255,592.7792889997363,512.553646350184,593.0606490000754,512.7275587037992,594.3085031761212,-37.915082819888994,145.1322773782751,1.726480821140487,1.259914898481268,,,,,2.2678999812342227,0.0,,,
526.8795719,590.7495688,526.8656885,590.6561407,145.13243748578088,-37.915117434059695,native,True,True,569766862#0,0,7.2206091565752395,False,526.8795718972106,590.7495688004419,526.545802447364,590.9261309768978,526.5121830429488,590.7086715998178,-37.915117736159324,145.13243329899157,0.36965815458971435,0.22004282545280876,,,,,2.4571000249125063,0.0,,,
540.3967226,588.6807569,540.3915863,588.6461923,145.132590714073,-37.91513851006854,native,True,True,569766862#0,0,21.192038510438152,False,540.3967226010282,588.6807569004595,540.3563629258591,588.7941671796168,540.3318627476796,588.6550671956949,-37.91513872978143,145.1325899707178,0.06976217820062984,0.14124115638833118,,,,,2.2892000270076096,0.0,,,
553.6025149,586.6595761,553.6059275,586.6825412,145.13274041294244,-37.915159100618574,native,True,True,569766862#0,0,34.86367496333985,False,553.6025149006164,586.6595761002973,553.8691633345028,586.6984008560979,553.8550057299246,586.6455281485332,-37.915159272731636,145.1327432807442,0.25288132361553245,0.054735372225026196,,,,,2.192599989939481,0.0,,,
568.2650039,584.4355105,568.274991,584.5027183,145.13290662938343,-37.91518178147514,native,True,True,569766862#0,0,49.0731007608771,False,568.2650039001601,584.4355105003342,567.9151501008314,584.5312652329645,567.9100968975159,584.5569416010292,-37.91518062355262,145.1329026214936,0.37510597534809786,0.026168888794486398,,,,,2.1658000187017024,0.0,,,
581.9230015,582.3854331,581.9353177,582.4683274,145.13306146376615,-37.9152027135285,native,True,True,569766862#0-AddedOffRampEdge,1,4.607364915372407,False,581.9230014997302,582.3854331010953,581.8261725059738,582.4065446036092,581.8373376722747,582.4828849401537,-37.91520182020284,145.13306051190148,0.12975034593476983,0.07715249783547139,,,,,2.166900027077645,0.0,,,
602.0353522,579.409638,602.0458607,579.4803654,145.13328947814267,-37.91523314893289,native,True,True,569766862#0-AddedOffRampEdge,1,21.8500178296853,False,602.0353521994548,579.4096379987895,598.878820676927,579.8493113785114,598.8927680841728,579.9488421251319,-37.91522772468792,145.13325386745535,3.1885068623867845,0.1005032322451287,,,,,2.2695999941788614,0.0,,,
618.082871,577.0688559,618.0870548,577.0970147,145.13347141718273,-37.915257130285646,native,True,True,569766862#0-AddedOffRampEdge,1,39.12716203704842,False,618.082871000981,577.0688559012488,615.971240438334,577.3250600619862,615.9823152791064,577.4097303445762,-37.91525368067559,145.13344760993652,2.128034240047332,0.08539150339476362,,,,,2.290200034622103,0.0,,,
632.9228195,574.9159474,632.9194492,574.8932637,145.1336396681585,-37.915279201130474,native,True,True,569766862#0-AddedOffRampEdge,1,55.62211325821828,False,632.9228194992756,574.9159474009648,632.2940650022747,574.9435916709007,632.2981626199056,574.9855724824503,-37.915278461256,145.13363258119935,0.6285251537656789,0.042180315416217765,,,,,2.478600014001131,0.0,,,
648.2830212,572.7384706,648.2644318,572.6133539,145.1338138293183,-37.915301586888525,native,True,True,569766862#0-AddedOffRampEdge,1,71.73050262409605,False,648.2830211989349,572.7384705999866,648.2406311562133,572.660131253422,648.2316454338776,572.6182251527193,-37.915302660821794,145.1338132177619,0.13076099121576634,0.042858657025161014,,,,,2.2523999796248972,0.0,,,
664.001647,570.5101537,663.9674875,570.2802427,145.1339920545719,-37.91532449501125,native,True,True,569766862#0-AddedOffRampEdge,1,87.72646371417568,False,664.001646999619,570.5101536996663,664.0796733366052,570.4180149893411,664.0539207298572,570.2674006902007,-37.915326691215505,145.1339925937025,0.2483174711485318,0.15280007807552157,,,,,2.3469000007025898,0.0,,,
679.9349614,568.2513561,679.9898599,572.1172718,145.13417271418058,-37.91534771615853,native,True,True,569766862#1,0,6.672156872235456,False,679.9349614001112,568.2513560997322,679.9527165922877,568.1834381837872,680.0774379136882,568.7791036173392,-37.91534298777517,145.1341744543725,0.5466415637886851,0.6085825471869292,,,,,2.260700042825192,0.0,,,
695.3315718,566.1292524,695.29,571.9,145.1343473022933,-37.915369608886195,native,True,True,569766862#1,1,22.19173610176164,False,695.3315717993537,566.1292524002492,695.5826111743644,566.0172905918165,695.5460806977272,564.9965756794284,-37.91537985098821,145.13434948362564,1.1528098808437475,1.0213683997925886,,,,,2.362600003834814,0.0,,,
712.1816256,583.009249,712.4920248,582.644695,145.13454274170095,-37.915220587903775,native,True,True,668801471#5,0,3.594139488974461,False,712.1816255993908,583.0092489998788,711.7839037396426,573.4679307576693,711.7917143228033,573.4854016116523,-37.915306310719444,145.1345361407241,9.531825631946845,0.019137292081316495,,,,,2.3572000209242105,0.0,,,
721.9415524,590.9549606,720.9977609,591.3118565,145.1346555274121,-37.91515077059315,native,True,True,:563629429_1,1,1.6716398593206492,True,721.941552399192,590.9549605995417,724.8082003213578,582.8192295800783,722.1053531436824,583.5955610455335,-37.91521709537417,145.13465571523602,7.361222213697353,2.8121296929772286,,,,,2.6177000254392624,0.0,,,
726.2816467,608.5926976,725.52978,608.7869759,145.1347088909765,-37.91499266800909,native,True,True,4577077#1,1,0.9639489434439241,False,726.2816467004595,608.5926975999027,732.960406947326,597.7540347664045,736.3252885186356,596.6522076987038,-37.91510204140126,145.13482037733016,15.602885632229981,3.5406850856941707,,,,,2.4997000000439584,0.0,,,
730.5125743,622.1027676,729.067024,622.4762899,145.1347600737684,-37.914871728738284,native,True,True,:616063782_1,1,6.543111061255561,True,730.5125743003446,622.1027676006779,737.980863434903,613.8466163970257,741.4614184882058,612.7463938261328,-37.91495798690477,145.13488244078013,14.40204566230292,3.650308642371799,,,,,2.08470004145056,0.0,,,
735.4029871,635.3939309,736.0502533,635.1871314,145.13481870536287,-37.914752880284354,native,True,True,4577077#0,1,23.03227771549797,False,735.40298709739,635.3939308989793,741.6433518086342,629.956338140622,746.6273813638176,628.2436329902848,-37.914819315187074,145.134944707379,13.30841037957925,5.270095780812066,,,,,2.2131999721750617,0.0,,,
739.5314507,648.1933462,739.7104541,648.1926244,145.1348685610165,-37.914638324232854,native,True,True,139332152#3,1,1.4820569064328026,False,739.5314507009462,648.1933462005109,744.4607086268136,645.3389987946964,739.3492544480179,646.127393123398,-37.914656901999386,145.1348660192588,2.0739714538569247,5.171898049986778,,,,,2.264500013552606,0.0,,,
741.5581955,659.7459804,736.416157,659.6874151,145.13489423495955,-37.91453462061989,native,True,True,:92052896_0,0,2.2336188873210325,True,741.5581955002854,659.7459803996608,746.0266316474346,659.2856614723163,744.1338267366652,654.822470541018,-37.914579437065434,145.13492240131043,5.556511998904377,4.8479669676531225,,,,,2.2072000429034233,0.0,,,
740.9206198,671.4137913,738.2192184,673.375758,145.13488964005703,-37.91442939920476,native,True,True,:9141044985_1,0,8.35350744728489,True,740.9206198001048,671.4137912997976,745.7089111862517,672.1636649169653,741.2692834312169,676.9576758267804,-37.91437952138711,145.13489486595225,5.554837709256608,6.533975451951231,,,,,2.39719997625798,0.0,,,
743.9278008,684.2524706,746.3076762,680.7210426,145.13492675463834,-37.914314287297366,native,True,True,10539044#0,1,0.041087734989772584,False,743.9278008010006,684.2524706013501,746.2379723496651,684.8920820263852,747.7115748052671,684.4594236711839,-37.91431310503427,145.1349698255094,3.7894294146318326,1.5358051469771856,,,,,2.3874000180512667,0.0,,,
760.7876972,676.5072715,760.5121466,676.2929544,145.13511669979687,-37.914387096807715,native,True,True,10539044#0,1,4.60269091982123,False,760.7876972001977,676.5072715003043,754.5964017423587,687.1930903478972,748.9966217562103,688.8362807570088,-37.914273908858426,145.13498543305937,17.059716567918354,5.835889873349626,,,,,2.2271000198088586,0.0,,,
774.5191335,670.0097849,774.343402,669.3966897,145.13527135661963,-37.91444810251886,native,True,True,1121990958#8,0,15.746956556243672,False,774.5191334992414,670.009784899652,766.733752393892,683.2112551009047,769.1502603928944,682.9836475500127,-37.914330263189534,145.13521326056133,14.040865731944066,2.4272033508681825,,,,,2.218900015577674,0.0,,,
791.1169344,662.0290637,791.3832449,665.2913678,145.13545826871618,-37.914522985900604,native,True,True,46129094#1,0,0.6521752721030482,False,791.1169343995862,662.0290637016296,782.4660515939802,674.9297636194307,782.5660059832622,674.9117750364342,-37.914405394339674,145.13536396963195,15.462296987090793,0.10156017455170162,,,,,2.2612999891862273,0.0,,,
801.7602221,664.6676477,801.6942605,664.2400343,145.13557988980702,-37.91450113474505,native,True,True,988996005#0,0,15.098526891074462,False,801.7602220993722,664.6676476998255,797.1310765231111,669.9183778817529,795.5165118794838,670.2580896211257,-37.91444964959518,145.13551016641466,8.38074926157379,1.6499160749320205,,,,,2.239299996290356,0.0,,,
815.2859447,662.5860856,815.223308,662.1742497,145.1357332124636,-37.914522323053475,native,True,True,:588089889_0,0,2.0829691272748043,True,815.2859446998336,662.5860855998471,812.0231088346912,665.4746646023275,810.3685174822764,665.7960890006798,-37.91449252054143,145.13567802823076,5.872411112424774,1.6855225265009515,,,,,2.1323999972082675,0.0,,,
827.672594,659.9903737,827.7129742,660.2571715,145.13587346629953,-37.91454793753859,native,True,True,:588090157_12,0,9.104822649452696,True,827.6725940002361,659.9903736989945,826.2173269012277,661.4622766129972,826.2062870833907,660.3130645507111,-37.91454476648746,145.13585686682953,1.5013944718728043,1.1492650876458992,,,,,2.5890000397339463,0.0,,,
839.3732142,658.9479749,839.3032356,658.4912227,145.1360062728534,-37.91455943564031,native,True,True,:cluster_588089887_588090135_12,0,7.504435840229451,True,839.3732142006047,658.9479748997837,839.4068571142204,658.6917526226517,839.6731185402268,657.9902170921599,-37.91456811738882,145.13600946517434,1.003614782169204,0.7503647429892908,,,,,2.163600001949817,0.0,,,
853.6474069,657.189423,853.5139988,656.3135296,145.1361681798109,-37.91457784846603,native,True,True,:588090138_11,0,6.503267682115728,True,853.6474068973912,657.1894230013713,853.1371300292614,656.4755055777084,852.0612364446329,656.6794754730294,-37.91458215647959,145.13615002807364,1.6661282024098953,1.0950574065508953,,,,,2.2404000046662986,0.0,,,
869.6045601,656.4155765,869.2419402,653.947541,145.1363494470917,-37.91458769372445,native,True,True,:cluster_588089885_588090142_611527863_11,0,7.411942138016502,True,869.6045600994257,656.4155764998868,868.077841843173,655.109637015725,866.8047675444545,655.3425905692328,-37.91459685516362,145.13631736767698,2.998355742445105,1.294212319578784,,,,,2.2760999854654074,0.0,,,
877.0090071,653.4704876,876.9153799,652.8204993,145.13643297095422,-37.91461555744553,native,True,True,630680457#7,0,2.6247262965827027,False,877.009007102577,653.4704876001924,879.4852151734485,653.1739961458643,879.3779129242698,652.4657853959501,-37.91462503470859,145.13645967856579,2.573157848104052,0.7162934028544751,,,,,2.3458999930880964,0.0,,,
882.8800578,654.4327002,883.6030617,652.6203704,145.13649994740268,-37.91460794698781,native,True,True,:92044229_7,0,10.099797566436733,True,882.880057800212,654.4327002000064,887.6742933050556,652.7499026402065,886.2103222455268,652.973187101715,-37.91462169442497,145.1365374829105,3.6360472713940437,1.4809008116309101,,,,,2.1823999704793096,0.0,,,
890.466649,664.6364724,888.4043261,665.0390306,145.13658853145176,-37.91451739514357,native,True,True,:9779529225_6,0,5.80930780435776,True,890.4666489999508,664.6364724012092,894.7301010190848,657.9724437779264,897.5291191313713,657.5968246929104,-37.91458208193321,145.13666723609902,9.971716212075123,2.824109078972703,,,,,2.177799993660301,0.0,,,
890.9195791,671.180511,889.6514398,671.4280473,145.13659516914035,-37.914458526357805,native,True,True,1064871809#2,0,3.7891214714569754,False,890.9195790995145,671.1805110014975,897.7208782915967,665.0141475338164,898.5142245763964,664.9054226262851,-37.9145164216336,145.1366800987006,9.851668591474608,0.8007617830061065,,,,,3.0079999705776572,0.0,,,
893.7737588,682.7329692,891.974759,683.1072709,145.13663024900706,-37.91435497289545,native,True,True,:9779529221_1,0,7.944026894257746,True,893.7737587976153,682.7329692002386,899.4658121145869,675.3959661665814,900.2460244834688,675.3925967978354,-37.91442226237588,145.13670217417283,9.78628070894346,0.7802196442040997,,,,,2.5479000178165734,0.0,,,
897.6162096,696.2133029,894.9374622,696.8085801,145.13667700422675,-37.914234230596804,native,True,True,1064871809#3,0,11.03221795293087,False,897.6162095995387,696.2133029000834,901.2826424538353,688.6088550211803,901.7043335413972,688.553259969912,-37.91430397039423,145.13672174751346,8.682684783870993,0.4253400792950306,,,,,2.229899982921779,0.0,,,
899.1797822,703.8550323,896.5932676,704.4117564,145.13669651998111,-37.914165673527975,native,True,True,10585186,0,31.039178594516716,False,899.1797821989749,703.8550323005766,902.3373540531304,700.3304209878731,899.1367333135706,701.016186228058,-37.91419123882179,145.1366953852095,2.8391724551334567,3.2732624525305063,,,,,2.2487000096589327,0.0,,,
901.5697744,713.2001936,898.6214904,713.8347854,145.1367258197555,-37.914081920325685,native,True,True,10585186,0,19.90478157078825,False,901.5697744010249,713.2001935997978,903.5184782709406,711.4644673405666,901.4803515548554,711.9011414700942,-37.91409360641447,145.13672450769224,1.3021262923021102,2.0843811566551604,,,,,2.1115000126883388,0.0,,,
903.8173563,724.565789,901.0590325,725.1594936,145.13675395940905,-37.91397994088452,native,True,True,10585186,0,8.320493160966496,False,903.8173563001328,724.5657889991999,904.8997572921517,723.0155713278987,903.9186649697357,723.2259092669519,-37.913992029105025,145.1367548067976,1.343704261891547,1.0033863631267594,,,,,2.0685999770648777,0.0,,,
906.4685024,734.4785329,903.19,735.03,145.13678635750557,-37.91389112175903,native,True,True,:cluster_611527850_92044126_0,0,2.9094701377900782,True,906.4685023993952,734.4785329010338,906.7336094103179,734.0093763190678,907.0455826031501,733.6612774470065,-37.913898587718755,145.13679273347014,1.0004639117445426,0.46743994028787084,,,,,2.7008000179193914,0.0,,,
908.7032693,747.6259153,902.58,744.72,145.1368147562543,-37.91377308919684,native,True,True,:cluster_611527850_92044126_13,0,15.465118183515102,True,908.7032693001674,747.6259153010324,908.7236051615173,746.1695665103829,908.6419247362971,746.2137426165227,-37.91378579936246,145.1368137377669,1.413504455738151,0.09286129558553609,,,,,2.331900002900511,0.0,,,
898.480271,749.6977424,897.9719468,749.1799609,145.13669898627555,-37.91375258477584,native,True,True,48114469#0,0,108.06222473179609,False,898.4802709980868,749.6977424006909,904.5559155132428,753.4982299436182,903.9736827042942,752.8922160350405,-37.91372479736615,145.13676217533768,6.354701721910455,0.8403855669903609,,,,,2.0829999702982605,0.0,,,
886.7105609,756.1438954,886.4763463,755.3649646,145.1365666237979,-37.91369239665781,native,True,True,48114469#0,0,97.15375443098468,False,886.7105609008577,756.143895400688,895.5061118563888,759.7244931404816,895.4547121215302,759.6494006011251,-37.91366239286703,145.13666684612687,9.420655353014435,0.09099902312963609,,,,,2.063299994915724,0.0,,,
879.7532188,758.3085604,879.4870625,757.3614182,145.13648800731247,-37.91367164383246,native,True,True,48114469#0,0,86.73775994236885,False,879.7532187988982,758.3085604002699,885.9885757063348,763.2844572112435,886.2848883488173,764.3084666017882,-37.91361877146746,145.1365636396166,8.869136459450688,1.066018955750086,,,,,2.2281999699771404,0.0,,,
872.2421782,760.1186026,872.0484145,759.3687637,145.13640301442138,-37.91365398576357,native,True,True,48114469#0,0,77.02467673176395,False,872.2421782003948,760.1186025999486,876.4030476738532,765.1015170517005,876.9539859300302,767.0062889656972,-37.91359278834991,145.1364581558414,8.34513963657707,1.9828487099297178,,,,,2.313900040462613,0.0,,,
862.0762073,762.6195013,861.9354893,762.1050544,145.13628799073868,-37.91362962603101,native,True,True,:588089828_2,0,3.491048549857392,True,862.0762073030928,762.6195013010874,865.804965637019,766.4008379030076,865.2871676349973,764.5082613736599,-37.91361318994457,145.13632493037773,3.7252759447869654,1.962131669979219,,,,,2.5169000145979226,0.0,,,
853.3216574,763.389862,853.6220987,764.4626978,145.13618862224223,-37.913621109545346,native,True,True,:588089826_2,0,8.613600238241666,True,853.3216574009275,763.3898620009422,855.4905580248305,766.7792278193696,855.6271360406746,767.2266382499107,-37.913586962171244,145.1362157090141,4.476168422097042,0.4677923126440945,,,,,2.3957000230439007,0.0,,,
845.168955,768.2360461,844.8107341,766.9155455,145.136097023808,-37.91357598534744,native,True,True,10585181#3,0,4.641296234887813,False,845.1689549993025,768.2360461009666,845.8900973334385,768.8224002697378,846.1673880911567,769.8574507694359,-37.913561559178056,145.1361087451461,1.904159063167625,1.0715501393967273,,,,,2.1241999929770827,0.0,,,
837.498473,769.5230725,837.3408114,768.9417755,145.1360100992797,-37.91356300973656,native,True,True,:588089824_1,0,4.210648232663391,True,837.4984729993157,769.5230724997818,837.1373603484475,770.3830757320512,836.7861719538074,769.0922069452739,-37.91356676276523,145.1360019020943,0.8324769699479029,1.337787544121187,,,,,2.078200050164014,0.0,,,
827.8713806,773.6724414,827.3254937,771.6557888,145.13590157804921,-37.91352389687467,native,True,True,-10585181#2,0,4.335545670371931,False,827.8713805997977,773.6724413987249,828.0065259408982,773.0993725025214,827.5950653008068,771.5828185306436,-37.9135426709422,145.13589796103867,2.1078125806780466,1.5713802238677586,,,,,2.070199989248067,0.0,,,
815.9660618,775.6707325,815.7392977,774.8700591,145.1357666632318,-37.9135037509053,native,True,True,:588089837_1,0,9.158256494482854,True,815.9660618008347,775.6707325000316,817.4542322881357,775.5530374620639,817.1555762040093,774.4701442176921,-37.9135147804148,145.13577991555815,1.6900759565920958,1.1233224093250307,,,,,2.0611999789252877,0.0,,,
809.8181155,777.3286818,809.6131789,776.6050787,145.13569713517236,-37.91348770800912,native,True,True,-10585181#1,0,8.614298525909467,False,809.8181154988706,777.3286818005145,808.8637650104073,777.6261067308509,808.6516998466257,776.8773857077738,-37.91349156323946,145.13568376983332,1.2506772713714014,0.77817401915469,,,,,2.0889000152237713,0.0,,,
802.8747846,779.2540613,802.6814084,778.5866013,145.13561862406468,-37.91346911268202,native,True,True,-10585181#1,0,16.456206722212794,False,802.8747845989419,779.2540613012388,801.2684518388236,779.5732832353199,801.1141168627139,779.0406764229521,-37.9134707176662,145.13559855590478,1.7735512351425726,0.5545171786621066,,,,,2.066000015474856,0.0,,,
795.1016599,781.7436347,794.9118586,781.3965207,145.1355308061714,-37.91344528538498,native,True,True,:cluster_579315_585131983_585132024_92043943_0,0,2.484716305105965,True,795.1016599017894,781.7436346998438,793.8615257881672,781.7385316952438,793.9847088839084,780.3337848121486,-37.91345778440067,145.1355177852536,1.7986818179377053,1.4101375396187497,,,,,2.540700021199882,0.0,,,
790.3101545,784.4668214,790.0457271,784.1919364,145.1354769438764,-37.91341989085235,native,True,True,:cluster_579315_585131983_585132024_92043943_1,0,8.866201960810278,True,790.3101545011159,784.4668213995174,787.9871321533482,784.1858101000389,788.9825156294929,785.2146996390204,-37.91341291454545,145.13546201810576,1.5237935669133549,1.431573242278431,,,,,2.118400007020682,0.0,,,
782.776669,789.0221753,785.7858295,790.0548094,145.13539232077449,-37.9133774975718,native,True,True,:cluster_579315_585131983_585132024_92043943_6,0,29.203295380473886,True,782.7766690008575,789.0221753008664,781.6787318661593,787.7439853158264,781.7724764259893,787.6839126329713,-37.913389372015985,145.13538059824495,1.6731257262088552,0.11134078194056791,,,,,2.135200018528849,0.0,,,
793.3967388,809.4368589,794.5041432,808.7699824,145.1355177189837,-37.91319551071329,native,True,True,-1209653402#0,0,3.040798450222091,False,793.3967388027231,809.4368588998914,784.0906464888334,800.0174077042547,788.0563468193615,797.7357442095707,-37.91329995496963,145.13545433502895,12.862187665089916,4.575234137672496,,,,,2.2125000250525773,0.0,,,
800.2845003,819.6270833,801.0512319,819.1410947,145.13559835337153,-37.913104955701634,native,True,True,330604294#1,0,2.5573803638263475,False,800.2845002997201,819.6270832996815,790.3684375792532,812.8712007443938,788.8949952172204,810.521230552047,-37.91318493124609,145.13546677884716,14.582091080702046,2.773696504513679,,,,,2.196400018874556,0.0,,,
805.4369479,827.3882689,806.037415,827.0076662,145.13565870392196,-37.91303596935927,native,True,True,415775176#0,0,13.557368639288049,False,805.4369479007437,827.3882688991725,797.7952072505987,824.3279647093866,794.8869298420469,825.755674401661,-37.91304877526676,145.13553837459511,10.67559112331175,3.239819817598926,,,,,2.2675999789498746,0.0,,,
808.7954472,835.198677,810.5316909,834.0981685,145.13569866764436,-37.91296621635803,native,True,True,-1209653401,0,26.07618240346517,False,808.795447198092,835.1986770005897,804.4944183412649,834.4769251218664,808.9701499201186,831.6345658968934,-37.91299835424023,145.13569984355027,3.5683902534020437,5.3019976546333565,,,,,2.280700020492077,0.0,,,
816.0292122,847.2270003,818.0439072,845.949997,145.13578365373797,-37.9128591654869,native,True,True,-1209653401,0,39.68038686801576,False,816.0292122003739,847.2270002998412,812.2073153915392,845.697806523486,816.2532993831257,843.1250016159075,-37.912896157693375,145.1357852688837,4.108114928828903,4.7947170461492785,,,,,2.349700022023171,0.0,,,
822.5772049,856.0953716,820.4189502,856.9715699,145.13586012354418,-37.91278045664447,native,True,True,-73530943#10,0,8.032526557917155,False,822.5772048988729,856.0953715993091,819.994618944969,855.9978881587355,820.0215042943362,855.992579841893,-37.91278092219371,145.1358310409054,2.5577669411856,0.027404383559825357,,,,,2.263000002130866,0.0,,,
824.7399559,865.214302,823.9031444,865.5540168,145.13588678838676,-37.912698700649365,native,True,True,:9263162781_11,0,6.783274638800562,True,824.7399558995385,865.2143019996583,825.3946269893416,865.7196541479151,826.2377063138708,865.3725912836488,-37.91269754456063,145.13590385433955,1.5060915646330977,0.9117211082350183,,,,,2.0721000037156045,0.0,,,
828.850454,874.3713899,827.6849977,874.8463133,145.13593560840246,-37.912616951795364,native,True,True,-73530943#9,1,7.769113456265661,False,828.8504540002323,874.3713899012655,830.0315515898241,875.0694224142203,830.1569968920298,875.0066529088441,-37.912611464554224,145.13595060869523,1.4527950360957826,0.14027307172323095,,,,,2.071099996101111,0.0,,,
828.9681083,878.5281864,829.0866496,878.4851237,145.13593789135882,-37.912579527518446,native,True,True,-73530943#9,1,14.716141017493488,False,828.9681082997704,878.528186400421,832.186804619368,881.6816365472961,832.559843983344,881.5242871994005,-37.91255318491622,145.13597941186546,4.6773053372964375,0.4048668723898699,,,,,2.067500026896596,0.0,,,
833.6325484,890.9675075,833.6224824,890.9711641,145.1359937560366,-37.9124683112392,native,True,True,-73530943#9,1,24.142187981879445,False,833.6325483994442,890.9675075020641,835.0494274225157,890.6844220306309,835.7762569765838,890.3845946902119,-37.91247394843133,145.13601799815962,2.221547615947792,0.7862427327038303,,,,,2.0696999854408205,0.0,,,
838.1765216,900.0909357,837.1026682,900.4850986,145.1360474968666,-37.9123869436299,native,True,True,:94406216_12,0,6.608567233469038,True,838.1765216001659,900.0909356996417,838.5140873435439,899.7969896409701,839.1407498351036,899.5725269905867,-37.91239178727753,145.1360583425734,1.0947527934083205,0.6656495772889813,,,,,2.091699978336692,0.0,,,
844.011745,909.452055,840.8558474,910.6282608,145.13611597351843,-37.91230366740132,native,True,True,-73530943#8,1,5.029019136627958,False,844.0117449978716,909.4520550007,843.1148635923233,909.0856726132608,842.71481265649,909.2329254202875,-37.912305407761444,145.1361011771879,1.3153141340125407,0.426291145155904,,,,,2.229299978353083,0.0,,,
848.5066586,919.0572531,844.4392609,920.494727,145.1361692657982,-37.912217950984896,native,True,True,:579314_2,1,4.495772732550516,True,848.5066585998866,919.0572531009093,847.8175068026823,918.5972535412136,846.3071635011619,919.0991595763232,-37.91221717729958,145.13614426643647,2.1998942797315473,1.591554760769154,,,,,2.2332000080496073,0.0,,,
851.6565402,932.2482302,848.7071639,933.2357,145.13620807978316,-37.91209969066598,native,True,True,73530943#7,1,60.30598587344382,False,851.6565401992993,932.2482302002609,851.8569709986635,930.0424998601454,853.2087422151886,929.5957254358534,-37.91212386468281,145.13622512570555,3.073290195106069,1.423689856684803,,,,,2.1753000328317285,0.0,,,
856.5206012,940.5459321,851.695542,942.1613924,145.13626527185667,-37.91202581894555,native,True,True,73530943#7,1,49.192489161778646,False,856.5206012006965,940.5459320992231,856.2772661946238,940.2834054132645,856.738034329945,940.1339371593343,-37.91202956946338,145.1362676504651,0.4658508304047053,0.48440482394403767,,,,,2.1759000374004245,0.0,,,
859.8890609,955.4278488,856.515406,956.5573697,145.13630695526635,-37.911892365536616,native,True,True,73530943#7,1,35.97349169492481,False,859.8890609004302,955.4278488000855,860.2096489665787,952.9083631342138,860.9359663341702,952.6686593707193,-37.91191740957497,145.1363182315799,2.9511247507213985,0.7648495359863027,,,,,2.337499987334013,0.0,,,
864.3422803,967.4502074,860.5837142,968.708599,145.13636032242033,-37.91178486710512,native,True,True,73530943#7,1,22.563273619170566,False,864.3422803007998,967.4502074001357,864.349002989709,965.6656835471756,865.1946239052157,965.3847037451253,-37.911803627199085,145.13636954421705,2.2344563027390123,0.8910804575921781,,,,,2.258500026073307,0.0,,,
867.8318063,977.4898228,863.9579628,978.78681,145.1364022813064,-37.911695056143635,native,True,True,73530943#7,1,10.263041819303021,False,867.8318063010811,977.4898228012025,868.1597432195914,977.362367951502,869.100785235644,977.0482197669405,-37.911699262756414,145.13641660947633,1.34362225950373,0.9920933211345019,,,,,2.3563000140711665,0.0,,,
866.9945742,983.6768763,865.736241,984.0981742,145.13639416824526,-37.91163917079684,native,True,True,-73530943#7,1,70.26206035483946,False,866.9945742011187,983.6768763000146,869.5716038304274,986.3047889395677,868.8941662628542,986.5279317750901,-37.91161382986988,145.13641641507857,3.4259257614500505,0.713242162946378,,,,,2.393700007814914,0.0,,,
867.7545691,987.1500302,866.8584701,987.4500498,145.13640359905085,-37.91160802061004,native,True,True,:579338_2,1,4.204841391220204,True,867.7545690987026,987.1500302003697,870.2090145935896,992.0364507123413,870.4756986640643,991.8360529062618,-37.911566297779885,145.13643560402326,5.418796444933338,0.33358608203351997,,,,,2.1992999827489257,0.0,,,
870.3571849,1000.11233,869.4582502,1000.24184,145.13643613781218,-37.911491721608755,native,True,True,-73530943#6,1,7.243832202100595,False,870.3571848995052,1000.1123299989849,871.411939722412,1000.5660251373055,871.7433025958599,1000.5197552759895,-37.91148830104738,145.13645199082768,1.4447552126535883,0.3345777248500845,,,,,2.054799988400191,0.0,,,
871.471699,1011.031408,871.0220437,1011.09619,145.13645129206495,-37.91139356046671,native,True,True,-73530943#6,1,16.941403380827296,False,871.4716990001034,1011.0314079988748,872.3877816950823,1010.2211628763544,873.1266208717316,1010.118157086401,-37.91140208530215,145.13646990120435,1.890183491179509,0.7459849339737152,,,,,2.030600036960095,0.0,,,
873.2308034,1022.866075,872.7281718,1022.93849,145.1364739834782,-37.91128726754305,native,True,True,-73530943#6,1,27.898741817938223,False,873.2308034006273,1022.8660749997944,873.599777672804,1021.1147907487727,874.6896397179574,1020.9634435146946,-37.91130466965648,145.13649013818113,2.3975424853074223,1.1003205272688752,,,,,2.064900007098913,0.0,,,
875.7222179,1035.867199,874.6026408,1036.028038,145.13650526641888,-37.91117059874551,native,True,True,-73530943#5,1,1.152688474621264,False,875.7222179000382,1035.8671989999712,875.3926231400408,1033.373464311038,876.4539125163301,1033.220974761559,-37.91119456838238,145.1365129843892,2.7455199382758053,1.07218851090883,,,,,2.0674000261351466,0.0,,,
876.9572472,1049.467435,876.5419172,1049.527101,145.1365224001935,-37.91104830672589,native,True,True,-73530943#5,1,14.605907385040542,False,876.9572472008877,1049.4674350013956,876.9614219207217,1046.739713310637,878.3669627574815,1046.537480978525,-37.91107495437277,145.1365377628417,3.2514502190004415,1.4200151266626546,,,,,2.065500011667609,0.0,,,
878.3798339,1062.245585,878.3692734,1062.247102,145.1365414795907,-37.910933454038314,native,True,True,-73530943#5,0,28.22660396492259,False,878.3798339002533,1062.2455850010738,878.455821509564,1060.2816683320546,878.0938283545032,1060.3297629433962,-37.91095066075337,145.13653779222176,1.9370527429277145,0.36517411730699917,,,,,2.8975000022910535,0.0,,,
880.4344303,1075.276387,880.2449715,1075.303604,145.13656780234388,-37.91081643920095,native,True,True,-73530943#5,0,41.96129788133934,False,880.4344303017715,1075.2763870013878,880.2193558580284,1073.9059209952377,880.0469043940666,1073.924883794692,-37.91082854410583,145.1365630889593,1.4059648810874839,0.17349090807796352,,,,,2.991899964399636,0.0,,,
882.0412909,1087.735292,882.0320761,1087.736617,145.13658890423963,-37.91070449552311,native,True,True,-73530943#5,0,55.34360889139393,False,882.0412909002043,1087.7352919997647,881.9411619193082,1087.1801198503936,881.9507791364861,1087.171072253816,-37.91070956186151,145.13658774687508,0.5714335491462618,0.013204161089469299,,,,,2.368300047237426,0.0,,,
884.2992268,1099.614785,883.7508936,1099.693608,145.13661727712514,-37.91059788857222,native,True,True,-73530943#5,0,68.16633971835189,False,884.2992267986992,1099.6147849997506,883.9504535001414,1099.8475983863789,883.7752921581151,1099.8633367521047,-37.91059555520721,145.13661137645926,0.5799012684951903,0.17586697215841765,,,,,2.1929999929852784,0.0,,,
887.112898,1112.484404,885.6357201,1112.699935,145.13665219368102,-37.91048246236958,native,True,True,-73530943#5,1,81.11503801241415,False,887.1128979990026,1112.4844040004537,886.4254321156129,1112.576646184361,887.8439693719007,1112.3679364269287,-37.91048364318259,145.1366604795086,0.7402905159151333,1.4338088123330315,,,,,2.0926999859511852,0.0,,,
886.5541439,1125.619056,887.4956957,1125.482232,145.13664882586465,-37.91036404140346,native,True,True,:426343948_2,0,11.959694965711966,True,886.5541438990622,1125.6190560003743,887.4906739574292,1125.4941160732067,887.6733743540289,1125.5151726957304,-37.910365178748926,145.1366615279096,1.1240411702017996,0.18390980471356802,,,,,2.1697000483982265,0.0,,,
889.6955381,1138.410757,889.1246755,1138.479482,145.13668745074332,-37.91024937609986,native,True,True,:92045319_2,0,0.8003716745960797,True,889.6955380996224,1138.4107569996268,889.4400225527787,1138.3698323346255,889.1156646677653,1138.404633933857,-37.9102493268432,145.13668085619835,0.5799057586437179,0.32621954092217237,,,,,2.2347000194713473,0.0,,,
890.010864,1151.335179,890.7432041,1151.239905,145.13669397334854,-37.91013300632584,native,True,True,-73530943#2,0,8.571964867744361,False,890.0108639992541,1151.3351789992303,890.6102006882654,1151.2771738649387,890.7458617285763,1151.260332436506,-37.91013381290906,145.13670231323968,0.7387988021514972,0.1367024197660302,,,,,2.029899973422289,0.0,,,
891.8387706,1163.221826,892.2942979,1163.162564,145.13671745804234,-37.91002625745365,native,True,True,-73530943#2,0,21.05287276922748,False,891.8387705995701,1163.2218260001391,892.0080909398979,1163.6802223962184,892.3560127965156,1163.6369424563666,-37.910022611111394,145.13672343340377,0.6632202971350191,0.35060343909595953,,,,,2.4560000165365636,0.0,,,
895.7977194,1178.422826,894.3048679,1178.61704,145.13676592569783,-37.90989003572587,native,True,True,-73530943#2,0,35.016077379653915,False,895.7977193999104,1178.4228260004893,894.6672046072377,1177.4138388359543,894.1573936730351,1177.483462233204,-37.909898202408414,145.13674706182354,1.8902573310365811,0.5145431041974315,,,,,2.13049998274073,0.0,,,
896.984067,1190.925514,895.9240949,1191.063413,145.1367822557242,-37.909777621857536,native,True,True,-73530943#2,1,48.46952483043733,False,896.9840669983532,1190.925514000468,896.7798301609934,1190.7017987144372,898.0917517029987,1190.534648526047,-37.90978134231757,145.13679476117878,1.1746238649031178,1.3225268684819589,,,,,2.0377999753691256,0.0,,,
897.2836667,1201.277417,897.2570679,1201.280887,145.1367880146827,-37.90968442315602,native,True,True,:cluster_3021408813_3031178405_13,0,1.7218487147068606,True,897.2836667003576,1201.2774170003831,898.0142108686206,1202.5489857572961,898.9459946841401,1203.1429201293677,-37.909667917521226,145.1368073391289,2.4986869051399188,1.1049792383534724,,,,,2.0762000349350274,0.0,,,
898.7930569,1205.550843,896.8581486,1203.102592,145.1368061474505,-37.90964619878614,native,True,True,:cluster_3021408813_3031178405_11,0,9.150443235953109,True,898.7930569008458,1205.5508430013433,899.2607440432099,1210.3596770756258,900.7297288834299,1210.1547001678114,-37.90960507473382,145.13682921343582,4.99461702008925,1.4832167722666745,,,,,2.198799978941679,0.0,,,
885.7958086,1208.22582,885.904876,1206.000162,145.13665897805657,-37.909619761640556,native,True,True,1460088177#2,0,1.703393680551354,False,885.7958085996797,1208.2258200012147,893.2488544357145,1214.7502640470718,891.2163509965944,1215.009598259118,-37.909559627627864,145.13672215073117,8.68342831657819,2.0489813233830754,,,,,2.4693000013940036,0.0,,,
879.229121,1205.123524,879.3952242,1204.86104,145.13658361045307,-37.909646525477626,native,True,True,299173858#0,0,33.33350801673779,False,879.2291210004478,1205.1235240008682,885.6675996426698,1214.2360638892899,885.441270255772,1210.6199096260714,-37.90959813121727,145.13665549110266,8.294640035068753,3.623230139912021,,,,,2.2649000165984035,0.0,,,
874.592923,1203.096833,875.319585,1202.110929,145.1365304367361,-37.90966394757507,native,True,True,299173858#0,0,27.25234342136358,False,874.5929230009206,1203.096833000891,878.4561453205708,1211.3827272699239,879.436198622284,1209.8001344080024,-37.909604434642795,145.13658702780307,8.269919497738508,1.8614791540073123,,,,,2.3908999864943326,0.0,,,
870.1261329,1201.943404,871.9540451,1199.367709,145.1364793876321,-37.90967353358433,native,True,True,299173858#0,0,19.42543668833207,False,870.1261328994296,1201.9434040011838,871.959178801642,1207.9520485813075,872.5903095264923,1206.085384373685,-37.909636665300276,145.13650834649644,4.819560960870487,1.9704723433403366,,,,,2.2811999660916626,0.0,,,
864.2337142,1199.465221,864.2466492,1196.998342,145.13641182814504,-37.909694796559876,native,True,True,299173858#0,0,12.097127509542721,False,864.2337142007891,1199.4652210008353,865.4496246585306,1203.9614982862477,865.4568313562257,1204.9253529612479,-37.90964583054399,145.13642697595148,5.595449633500629,0.9638816166996077,,,,,2.2467999951913953,0.0,,,
856.0975097,1200.295892,856.1150238,1196.955704,145.13631950914032,-37.909685848383866,native,True,True,988580231,0,8.445394322326818,False,856.0975096991751,1200.295891999267,857.9099746311243,1201.622264932117,857.9048034694321,1200.8377998241635,-37.909681292225734,145.1363401810674,1.8867895650266817,0.7844821518108912,,,,,2.2477000020444393,0.0,,,
852.7936667,1199.902876,853.12,1196.94,145.13628185544394,-37.90968879375274,native,True,True,:cluster_3021408815_3031178391_9137640169_6,0,0.7564129416237975,True,852.7936666989699,1199.9028760008514,852.1911016000265,1200.034198689688,852.4696972969234,1201.0670241105422,-37.90967824845811,145.1362784365766,1.2083861116212207,1.0697401143698257,,,,,2.427400031592697,0.0,,,
849.6290163,1198.990335,851.1345276,1196.394626,145.13624566625128,-37.90969644419423,native,True,True,:3031178396_2,0,3.938541172533309,True,849.6290163000813,1198.9903349997476,847.8635874174445,1198.7638054497572,847.2078763475073,1198.3522527533764,-37.90970175614131,145.13621799308248,2.5038106204511514,0.7741657633455956,,,,,2.2820000303909183,0.0,,,
849.2285998,1187.74114,849.8203458,1187.732482,145.13623855635373,-37.909797707731386,native,True,True,-988580230#0,0,34.12155367454135,False,849.2285998005536,1187.7411399986595,845.8204697004869,1192.5042650912533,846.6891927124727,1192.4879019255347,-37.9097544903086,145.1362107625795,5.383338847725266,0.8688771056634245,,,,,2.1949000074528158,0.0,,,
849.5777129,1184.682391,849.7756763,1184.679494,145.13624183041466,-37.909825324609514,native,True,True,-988580230#0,0,28.64815579386433,False,849.5777128989575,1184.6823909999803,845.5726049235112,1187.0333220860448,846.6091178026207,1187.0150898175768,-37.9098037763904,145.13620860801646,3.7754523728437235,1.0366732195698896,,,,,2.4013000074774027,0.0,,,
849.6205898,1182.268737,849.7403779,1182.266985,145.13624176924102,-37.90984707515027,native,True,True,-988580230#0,0,24.32053019577717,False,849.6205897999462,1182.2687370004132,846.1643572149013,1182.6961118737393,846.5458053526227,1182.6879273696331,-37.90984274518306,145.1362069044753,3.1032273463523836,0.3815359326178187,,,,,2.2926999954506755,0.0,,,
849.4400157,1179.803328,849.7042746,1179.799462,145.13623915568067,-37.90986925166844,native,True,True,-988580230#0,0,20.865021452202626,False,849.4400156998308,1179.8033280009404,846.9650565756665,1179.2281480284835,846.4952518286206,1179.232788440714,-37.90987386086065,145.1362055442352,2.999524903541989,0.4698276639072791,,,,,2.222099981736392,0.0,,,
848.2961606,1176.670533,849.6582024,1176.650604,145.1362254379677,-37.909897266677895,native,True,True,-988580230#0,0,17.669818386827004,False,848.2961606006138,1176.6705329995602,847.2141974861728,1176.028615660112,846.4485065338336,1176.0379273316203,-37.909902632574216,145.1362042864614,1.952950455490199,0.7657475704959503,,,,,2.291599987074733,0.0,,,
849.0235496,1171.127123,849.5772676,1171.119021,145.1362324481717,-37.909947334153465,native,True,True,-988580230#0,0,13.411109512964224,False,849.0235496000387,1171.1271230001003,847.8915702561538,1171.7590841780022,846.3862023241644,1171.7796742323112,-37.909940980794495,145.13620261004223,2.7168775762300186,1.5055087382671046,,,,,3.1247000442817807,0.0,,,
849.9416077,1163.76567,849.4697788,1163.772574,145.1362412129943,-37.910013813369474,native,True,True,988580230#0,0,28.046818073848755,False,849.9416077000787,1163.7656699996442,848.8861219155458,1165.8221584932473,849.4996796692186,1165.8161835462124,-37.90999526222034,145.13623665443,2.0975953349299385,0.6135868455924492,,,,,2.2120000212453306,0.0,,,
847.8332104,1156.616768,849.0717248,1156.410349,145.13621561547845,-37.910077832782235,native,True,True,988580230#0,0,34.954526305258,False,847.8332104004221,1156.6167680006474,848.4997468878628,1158.9186246822094,849.3986210350809,1158.9092145899522,-37.910057463776255,145.13623393526493,2.7759362060244936,0.8989234018387191,,,,,2.259099972434342,0.0,,,
842.4430905,1155.626758,842.1014957,1153.129657,145.13615410498033,-37.910085780219795,native,True,True,:3021408832_1,0,6.471668057744411,True,842.4430905011832,1155.626757999882,845.4766203585277,1154.5965820335102,846.7824742835008,1155.3025477592128,-37.910089482368626,145.13620336989138,4.351478356880161,1.4844669343688328,,,,,2.2319999989122152,0.0,,,
837.5843969,1155.212322,837.387706,1153.774487,145.13609876761848,-37.91008863842736,native,True,True,E9,0,1.7275125990469098,False,837.5843969002599,1155.2123220004141,841.0035726444316,1152.421873694018,841.1184277485817,1153.264137156471,-37.91010682472302,145.13613850650586,4.035442754278625,0.8500584892421867,,,,,2.2206000285223126,0.0,,,
832.7815976,1154.968875,832.7058229,1154.414952,145.1360441046436,-37.91008996636399,native,True,True,E9,0,6.813828770059931,False,832.7815976007842,1154.9688750002533,835.7726502406764,1151.7032402513248,836.0790447507097,1153.9535072981712,-37.910099707007255,145.13608136564164,3.4502361190190793,2.271030466088306,,,,,2.1707999985665083,0.0,,,
830.3571006,1155.828107,829.9562282,1155.777203,145.13601673356322,-37.91008178946336,native,True,True,E9,0,11.196084456939891,False,830.3571006026468,1155.8281070003286,831.4382722442904,1152.344838676018,831.7372256308826,1154.5474531171606,-37.910093574521305,145.1360321343671,1.8827690941897484,2.2228098217536214,,,,,2.8161000227555633,0.0,,,
829.3268714,1167.364716,830.0071426,1167.358172,145.13600764279505,-37.90997767915402,native,True,True,E10,0,2.8466242596227773,False,829.3268714002334,1167.3647159999236,828.5817610511433,1159.0792707060955,829.9273815679655,1159.0664925654582,-37.91005253985027,145.1360125839347,8.31992335480685,1.3456811866750196,,,,,2.222799987066537,0.0,,,
829.2738282,1174.819517,830.0788418,1174.811774,145.13600873456866,-37.90991051483753,native,True,True,E10,0,11.365359639812189,False,829.2738282008795,1174.8195170005783,827.2668726624302,1167.6105520978833,830.0093229520468,1167.5848338410392,-37.909975819205115,145.1360154522731,7.271973112430622,2.7425708777993956,,,,,2.1567000076174736,0.0,,,
829.1520637,1185.60326,830.1825542,1185.593348,145.13600980182332,-37.909813350176535,native,True,True,E10,0,22.27583147980164,False,829.1520636997884,1185.6032600011677,826.900520585066,1178.5244168339768,830.1142703560508,1178.4948009268555,-37.90987755832296,145.13601912591815,7.173286001584356,3.2138862289227825,,,,,2.2433000267483294,0.0,,,
831.6995503,1197.209406,830.2944238,1197.222923,145.13604140516068,-37.90970925789834,native,True,True,E10,0,34.7780798135112,False,831.6995502992067,1197.2094059996307,828.3921059752469,1191.0121666684045,830.2345289961977,1190.9964708655962,-37.90976496172825,145.13602333550864,6.383325966766144,1.8424898768664615,,,,,2.306500042323023,0.0,,,
831.2091802,1208.774557,830.405618,1208.782287,145.13603845900568,-37.90960498771334,native,True,True,E10,0,47.88380863044757,False,831.2091802002979,1208.7745570009574,829.4573536959911,1204.1074908446699,830.3605924916259,1204.1015933685794,-37.90964693012061,145.13602774827353,4.749388403661746,0.9032580484911708,,,,,2.41049996111542,0.0,,,
828.5238291,1220.12277,830.5145225,1220.103621,145.13601050688916,-37.90950227638759,native,True,True,E10,0,60.90156558419053,False,828.5238290998386,1220.1227700011805,828.9358284663739,1217.1301080289702,830.4858097891257,1217.1187480782357,-37.9095296907943,145.13603213139612,3.5879682187371715,1.5500229512365833,,,,,3.15290002617985,0.0,,,
828.4349328,1230.303409,830.6124369,1230.282463,145.1360118107052,-37.909410550556615,native,True,True,E10,0,73.0065417061665,False,828.4349328003591,1230.3034089999273,828.5610069982915,1229.2385441542053,830.6022470833293,1229.223164184357,-37.909420672068386,145.13603620716285,2.4216069174688775,2.0412980253352373,,,,,2.1714000031352043,0.0,,,
828.3468629,1240.389507,830.7094421,1240.36678,145.1360131024156,-37.90931967652275,native,True,True,E10,0,84.2779075078943,False,828.3468628990813,1240.3895069994032,828.3088625419732,1240.5121999029693,830.7106659123057,1240.4940085357746,-37.909319160925136,145.13604000223467,2.366111843601759,2.4018722604628193,,,,,2.217400004155934,0.0,,,
829.9217173,1245.618166,830.7598797,1245.610103,145.13603219696628,-37.90927285908465,native,True,True,E10,0,92.4908299757086,False,829.9217172986828,1245.6181659987196,828.9839247815129,1248.7185299164144,830.7896656938848,1248.7065510468876,-37.90924519445307,145.13604276751758,3.208030022066713,1.8057806444662234,,,,,2.228100027423352,0.0,,,
829.4256701,1252.476518,830.7291223,1252.630296,145.13602811620427,-37.90921098793038,native,True,True,:7217594255_0,0,5.308964503565124,True,829.4256700990954,1252.476518000476,829.2311527201454,1255.7090703140593,829.4577550455373,1256.283210393844,-37.909176702042174,145.13602934643438,3.8068276059618857,0.6172401842785269,,,,,2.3919999948702753,0.0,,,
826.9442524,1259.554966,826.1693555,1257.554781,145.1360015121933,-37.90914677647853,native,True,True,E11,0,0.9861146514284821,False,826.9442523973994,1259.5549659989774,828.137070100646,1262.1844922658527,826.3204787321167,1257.4962341135717,-37.90916520970811,145.13599395195433,2.1511556339526416,5.02789903465093,,,,,2.2308999905362725,0.0,,,
818.9946828,1260.161677,819.0113796,1260.0986,145.1359112650186,-37.90913987910779,native,True,True,E11,0,6.528137670047311,False,818.9946828001412,1260.1616769991815,823.3820607283245,1265.2475947329688,821.1527144915824,1259.4982910291353,-37.90914624379416,145.13593565060745,2.2576938956640817,6.166399088786683,,,,,2.5467999512329698,0.0,,,
812.0925553,1252.307614,817.9651341,1252.36123,145.13583100337016,-37.90920938718518,native,True,True,:7217594256_0,0,1.6887904338190285,True,812.0925553014968,1252.3076140005141,816.7858459142802,1261.9293501963143,818.4497171224688,1259.949606731237,-37.90914169132379,145.13590502064565,9.940500958927869,2.5860880853046972,,,,,2.1643000072799623,0.0,,,
811.7846158,1241.152758,818.0669441,1241.210116,145.13582496587802,-37.909309817520786,native,True,True,E12,0,5.354038082490132,False,811.7846158019966,1241.1527580013499,812.5461066709703,1252.9971049992255,817.9588804596925,1253.0461850527486,-37.90920379070611,145.13589787036307,13.400565327261981,5.412996299604524,,,,,2.223299990873784,0.0,,,
812.0069873,1230.741789,818.1620071,1230.797984,145.13582512705975,-37.90940364226173,native,True,True,E12,0,17.06203160186738,False,812.0069872994209,1230.7417890001088,810.4230578517587,1241.2699806888559,818.0657702681863,1241.3386794764688,-37.90930927418343,145.13589642385267,12.206675994330704,7.6430211699062856,,,,,2.258199965581298,0.0,,,
812.4125671,1220.175358,818.2585046,1220.228731,145.13582733594305,-37.909498900446856,native,True,True,E12,0,30.021286900844714,False,812.4125670990907,1220.1753580002114,809.8483028127599,1228.3057575647042,818.1840836508197,1228.3799642682561,-37.90942603093461,145.13589482273804,10.031249539340596,8.336111132597566,,,,,2.226899960078299,0.0,,,
812.8273218,1210.233641,818.3492997,1210.284057,145.13582979118686,-37.909588532699516,native,True,True,E12,0,42.87311493344654,False,812.8273218002869,1210.2336410004646,810.2159283790053,1215.4575633459758,818.3014162607948,1215.5286718492732,-37.90954181981468,145.13589323488344,7.615974123669189,8.085800560600424,,,,,2.3827000404708087,0.0,,,
813.2983138,1199.478144,818.4475287,1199.525156,145.13583270081324,-37.90968550582066,native,True,True,E12,0,55.57906030524632,False,813.2983138003619,1199.4781440002844,811.0875601698717,1202.7598502284307,818.4174170140643,1202.8232560112772,-37.909656294358854,145.13589166504042,6.1151444855069705,7.330131079977721,,,,,2.216799999587238,0.0,,,
813.7009164,1188.132659,818.5511382,1188.176941,145.13583469871335,-37.90978778138347,native,True,True,E12,0,68.17286821957326,False,813.7009163997136,1188.1326590003446,812.1054327630042,1190.1756073301276,818.5323939923092,1190.229972957306,-37.909769758595445,145.13589010904005,5.2670581506015415,6.42719116445186,,,,,2.3848999990150332,0.0,,,
813.8710182,1177.788976,818.6455826,1177.832567,145.13583428087966,-37.909880990571864,native,True,True,E12,0,79.9898010022805,False,813.8710182007635,1177.7889759996906,812.9722203789686,1178.3668433865043,818.6402783774547,1178.4135326578562,-37.909876223553525,145.13588864901385,4.8099806290911,5.66825029107412,,,,,2.943800005596131,0.0,,,
813.9949188,1170.254743,818.7143749,1170.297832,145.13583397653224,-37.909948883191355,native,True,True,E12,0,89.7507460834376,False,813.9949188008322,1170.2547429995611,813.6202080211042,1168.6120251205944,818.7293923275706,1168.6529943744795,-37.90996416503636,145.13588744300458,4.998083456019673,5.109348564857048,,,,,2.353499992750585,0.0,,,
813.2260583,1162.228629,812.5449217,1157.05785,145.13582340969447,-37.91002104597208,native,True,True,:cluster_3021408830_9137640151_0,0,9.203957276808595,True,813.2260583003517,1162.228629000485,813.6190876972341,1160.0125899779462,813.7277921427788,1157.0137554517194,-37.91006811327238,145.13582792864565,5.238954378332714,3.000804087602369,,,,,2.3342000204138458,0.0,,,
812.7144719,1153.629472,813.0609996,1156.990036,145.1358156377315,-37.910098417215785,native,True,True,:cluster_3021408830_9137640151_0,0,9.82205389829455,True,812.7144719001371,1153.6294720005244,813.2927254765448,1151.7967957535984,813.1100862347836,1156.991781723767,-37.91006819993938,145.13582090036186,3.385504006317111,5.198195487174288,,,,,2.3056999780237675,0.0,,,
814.4679131,1141.492714,813.9155436,1157.020434,145.13583281467805,-37.91020806411145,native,True,True,403774582#4,0,10.668081950437543,False,814.4679131001467,1141.4927139999345,813.9143119950202,1141.9223727447122,813.7088669769012,1140.4584410704974,-37.91021724436607,145.13582394917202,1.2829152387357439,1.4782772413316931,,,,,2.9398000333458185,0.0,,,
814.5028272,1139.369672,799.7982714,1143.023531,145.13583272892043,-37.91022719530587,native,True,True,310012465#0,0,9.438826871227084,False,814.5028271999909,1139.3696720004082,814.3360769059799,1135.8795396264115,816.2778848161914,1135.6593567167833,-37.9102609385437,145.13585206765586,4.113060787872166,1.9542513845082556,,,,,2.607500005979091,0.0,,,
814.4671013,1141.542095,813.9164872,1157.020468,145.135832816676,-37.91020761912855,native,True,True,310012465#0,0,8.17268712673638,False,814.4671013014158,1141.5420949999243,814.5561680410111,1134.5803912799888,816.1359784088437,1134.4011943965193,-37.910272246827574,145.13585016810785,7.33332204579939,1.5899409804632718,,,,,2.2695999941788614,0.0,,,
798.7481492,1158.568039,801.5010893,1156.77121,145.13565796425183,-37.91005141323176,native,True,True,403774582#4,0,3.308094922420914,False,798.7481492029619,1158.568038999103,806.729111518196,1143.7200852439016,806.4173290779412,1141.459882092527,-37.910206909546176,145.13574127227594,18.74847600992699,2.2816061394409335,,,,,2.2372000385075808,0.0,,,
788.8824222,1160.392223,800.58,1155.36,145.13554620627346,-37.910033203024234,native,True,True,988580237#0,0,7.1310289001951155,False,788.8824222033145,1160.392222999595,796.4936022249111,1151.7430110120147,797.015715303065,1151.7409823576318,-37.91011260097438,145.1356367140974,11.874107178714855,0.5221170192762717,,,,,2.273700025398284,0.0,,,
778.2961923,1161.708944,776.0260217,1143.923575,145.13542614086816,-37.91001943424352,native,True,True,:9215816612_w0,0,1.18992536162534,True,778.2961923021358,1161.7089440003037,784.7641967759776,1157.883464585864,785.8900895121628,1159.0759495524392,-37.91004452120476,145.1355118842725,8.037408450423728,1.6400167221411535,,,,,2.105399966239929,0.0,,,
768.5836525,1162.916983,766.3174625,1145.162801,145.13531598459878,-37.91000680181228,native,True,True,998107635#2,0,14.42504278692203,False,768.5836524996557,1162.9169830009341,772.9317637100681,1162.200484399995,772.9048755983567,1156.650549467509,-37.9100640300903,145.13536369146138,7.611908978540186,5.55000006534947,,,,,2.3404000094160438,0.0,,,
756.2481108,1152.533583,755.9,1146.45,145.1351733684663,-37.91009811520066,native,True,True,998107635#2,0,1.6012014484456003,False,756.2481108008651,1152.5335830012336,760.0933421350569,1159.2339114062306,760.0811828902633,1156.7122908864214,-37.91006116309527,145.1352179007693,5.670453353326738,2.521649835555414,,,,,2.5316999526694417,0.0,,,
744.8305426,1149.213335,744.8861091,1146.286286,145.1350427959852,-37.91012596719644,native,True,True,998107635#1,0,2.8750301032422465,False,744.8305425993167,1149.2133350009099,747.3054493746628,1154.9295826493765,750.6899271228463,1156.7652471550741,-37.91005899364533,145.13511113472492,9.558439421725268,3.850240746424482,,,,,2.2669999743811786,0.0,,,
736.3175453,1147.910883,736.3514621,1146.124266,145.13494570728568,-37.91013616573417,native,True,True,E3,0,17.171222752772742,False,736.3175452999421,1147.9108830001205,736.243390288116,1151.1486731514897,736.3418705364134,1146.124083527771,-37.9101522660566,145.134945577394,1.7869650448505368,5.025554620744407,,,,,2.2607999853789806,0.0,,,
732.6217412,1147.331709,732.7977029,1146.018764,145.13490355439205,-37.91014071696799,native,True,True,:579339_0,0,1.4170177018981043,True,732.6217411989346,1147.331709000282,728.9060433049252,1148.4208064409345,729.220504120215,1145.3841900814016,-37.910157647673365,145.1348644394184,3.919342241378578,3.0528551422128656,,,,,2.2388999932445586,0.0,,,
726.0313468,1168.968573,725.3958995,1168.967131,145.1348335442107,-37.909944618821534,native,True,True,28595663#0,0,6.048718603093539,False,726.0313467966625,1168.968573000282,722.5881150990579,1157.7819284274753,722.2490551059987,1157.779841235861,-37.91004472798264,145.1347879943677,11.810734478830145,0.33906641718422265,,,,,2.329800045117736,0.0,,,
725.5347475,1176.791918,725.3781456,1176.791562,145.13482967769613,-37.90987405465921,native,True,True,28595663#1,0,6.809589997979434,False,725.5347475002054,1176.791917999275,719.7994477268712,1168.3040853666841,716.8116930960833,1168.328643944853,-37.90994872164349,145.13472857182586,12.153957621183622,2.987855561695738,,,,,2.249399956781417,0.0,,,
725.5830166,1187.132291,725.3546832,1187.131773,145.13483257890044,-37.90978091468443,native,True,True,28595663#1,0,18.704905853880085,False,725.5830165995285,1187.1322910003364,719.4328545574509,1180.2035184956599,716.910935423883,1180.2235458053988,-37.90984158727853,145.1347324063931,11.087639608390933,2.521998653725168,,,,,2.502800023648888,0.0,,,
727.7217225,1196.542365,725.3333424,1196.536946,145.13485903649152,-37.90969653185559,native,True,True,E7,0,24.88852098775267,False,727.7217224976048,1196.5423649987206,721.3930172219827,1192.0476273579095,725.343527002131,1192.0484569179835,-37.90973658546157,145.13483097433058,5.084390194783049,3.9505098672471832,,,,,2.5917000020854175,0.0,,,
727.8760272,1205.946002,725.3025015,1205.939414,145.13486293015615,-37.90961184934137,native,True,True,E0,0,0.4347224656132907,False,727.8760272015352,1205.9460019990802,723.5384282582064,1203.4398199642335,725.3088872328291,1203.4447210414255,-37.909633918808396,145.13483317306523,3.58421735502386,1.7704657583188665,,,,,2.3019000072963536,0.0,,,
727.6913585,1214.755338,725.28,1214.73,145.13486283452923,-37.90953245934277,native,True,True,E0,0,10.96361694683688,False,727.6913585009752,1214.7553380001336,725.2603560477339,1213.9642149994534,725.2819362260348,1213.9735810290963,-37.90953906733368,145.13483526187994,2.53307316529637,0.023525020866478296,,,,,2.3171999491751194,0.0,,,
726.5059775,1218.496322,724.747526,1217.445293,145.13485020794673,-37.909498545966585,native,True,True,:9226568321_1,0,6.994119421571174,True,726.5059774988913,1218.496321999468,725.9379834458254,1221.2073371302113,725.6139660165237,1221.8176984117401,-37.90946846539676,145.13484082148676,3.439073386346092,0.6910341442221284,,,,,2.335700031835586,0.0,,,
725.9585812,1224.274734,727.1350569,1223.514927,145.1348452986645,-37.90944639391534,native,True,True,:9226568321_1,0,0.9546014016818383,True,725.9585811993456,1224.2747339988127,726.0966128163657,1227.2432274423181,728.1122861976513,1226.9926841620509,-37.90942229811567,145.13487040427066,3.4678088628949837,2.031184658102398,,,,,2.3285000352188945,0.0,,,
724.0085814,1224.370014,725.4163945,1221.713015,145.13482314913216,-37.909445184140516,native,True,True,:588090556_2,0,11.14852222568031,True,724.0085814003833,1224.3700139988214,725.1688099936783,1229.7719073594951,728.0004068886963,1230.0948092653323,-37.9093943332269,145.1348698379145,6.979108221872693,2.8499485287752875,,,,,2.3325999500229955,0.0,,,
699.4878782,1221.703883,699.4718489,1220.620052,145.134543745799,-37.909464781339466,native,True,True,11294993,0,52.77488968993258,False,699.4878782010055,1221.7038830006495,712.151684901071,1228.7480709890099,712.0784089564726,1223.6343141126708,-37.90944966112057,145.1346873374754,12.737661833422244,5.114281841506352,,,,,2.55880004260689,0.0,,,
689.2405191,1221.349407,689.231972,1220.771495,145.13442715418614,-37.90946612721436,native,True,True,11294993,0,38.99097178788929,False,689.240519099636,1221.3494069995359,698.3386949482106,1226.8424823401951,698.2959974305943,1223.8380915932923,-37.909445340995646,145.1345306798854,9.391232017667123,3.004694133865501,,,,,2.43130000308156,0.0,,,
676.7248935,1223.630426,676.6808189,1220.971257,145.1342853724523,-37.909443322828245,native,True,True,11294993,0,24.265560812832717,False,676.7248934992822,1223.6304259998724,683.6049492049789,1226.0959240753316,683.5722257885677,1224.057704902045,-37.90944070829611,145.13436332280486,6.860650606184093,2.0384818420418536,,,,,2.3066000430844724,0.0,,,
669.4719493,1223.153789,669.4377645,1221.091308,145.13420279911855,-37.9094463088063,native,True,True,11294993,0,12.129103662055396,False,669.4719493009616,1223.1537890005857,671.450162046078,1225.0587086232172,671.4374366552494,1224.2589134072166,-37.909436707948956,145.1342253978989,2.254870394057408,0.7998964452409758,,,,,2.4283999809995294,0.0,,,
661.5176567,1223.511634,661.479727,1221.223209,145.13411244146783,-37.90944165104562,native,True,True,11294993,0,1.7605907744827214,False,661.51765670022,1223.5116339996457,661.0696740226225,1224.394809108874,661.0703488013835,1224.4308114292703,-37.909433290213315,145.13410756483287,1.022238476820736,0.03600864341100246,,,,,2.4340999661944807,0.0,,,
647.6812683,1222.294521,647.666953,1221.448149,145.1339548468582,-37.90945012015541,native,True,True,11294994,0,132.20611779743996,False,647.6812683009775,1222.2945210002363,649.0252734005261,1223.2993040645788,649.050036514942,1224.6259159189938,-37.90942936519634,145.13397094016167,2.7035030406433362,1.326842953823067,,,,,2.3160999990068376,0.0,,,
635.7345897,1222.443792,635.7211671,1221.650196,145.13381904894257,-37.90944662111878,native,True,True,-11294994,0,17.481390069615404,False,635.7345896997722,1222.4437920013443,636.7975259060371,1222.6571609819923,636.7810540197709,1221.6322698797005,-37.9094541202271,145.13383076236545,1.3242566695876832,1.0250234605091124,,,,,2.477399946656078,0.0,,,
628.3073766,1223.781186,628.2734643,1221.776165,145.13373490711035,-37.909433234102764,native,True,True,-11294994,0,27.47754427724295,False,628.3073765995214,1223.781186000444,626.8048343952939,1222.9755878982587,626.7863293195436,1221.801317533741,-37.909450794927814,145.13371716236895,2.4966906042545056,1.17441616423358,,,,,2.448400016874075,0.0,,,
621.6715909,1224.174766,621.6329214,1221.888481,145.13365954886856,-37.90942849187275,native,True,True,-11294994,0,35.525491170962674,False,621.6715908980696,1224.1747660003603,618.7637235266623,1223.4712989702211,618.7395333284012,1221.9374185295808,-37.90944811763548,145.13362570253224,3.688181841619636,1.534071175620927,,,,,2.2746999748051167,0.0,,,
611.8931419,1224.301407,611.8551276,1222.053859,145.1335483982923,-37.909425587427336,native,True,True,11294994,0,93.52642238516239,False,611.8931418997236,1224.3014070009813,610.350388911922,1223.9027742691258,610.3758701119298,1225.2798937400423,-37.90941649931598,145.13353136990835,1.8054223817581565,1.3773551933801849,,,,,2.2211000323295593,0.0,,,
601.1625045,1223.473858,601.1415519,1222.235065,145.13342620426639,-37.90943110670212,native,True,True,-11294994,0,53.25449383839921,False,601.1625044991961,1223.4738579997793,601.0363421229255,1223.7688093909444,601.0130660100585,1222.2372384650434,-37.90944221951786,145.13342422364107,1.2456162072347918,1.5317477855362776,,,,,2.2364999749697745,0.0,,,
593.4147238,1222.97243,593.4044656,1222.365928,145.13333799908074,-37.909434226138984,native,True,True,-11294994,0,61.74956564613841,False,593.4147237997386,1222.9724300000817,592.5333750107166,1223.3986353269177,592.5192090463246,1222.3809009106376,-37.909439393239545,145.13332768254466,1.0732443045460907,1.0178330003630636,,,,,2.1640000049956143,0.0,,,
587.4162457,1224.687147,587.3786769,1222.467906,145.13327018775857,-37.909417697496494,native,True,True,-11294994,0,68.84690723791452,False,587.4162457010243,1224.6871470008045,585.4449512508711,1224.005286674986,585.4228839262032,1222.5010152660618,-37.90943703111601,145.1332470258103,2.9584900079207923,1.5044332615723057,,,,,2.1613999851979315,0.0,,,
571.3463292,1224.501005,571.3209014,1222.707262,145.1330874330573,-37.90941647529387,native,True,True,11294994,0,57.34076211305168,False,571.3463292004308,1224.5010050004348,574.1718710666156,1224.3304475686957,574.1949998026789,1225.8671055834914,-37.90940468304936,145.13312013303602,3.1592965994253017,1.5368320639769295,,,,,2.5689000030979514,0.0,,,
562.0878347,1223.363308,562.0803917,1222.838254,145.13298190642865,-37.90942505358151,native,True,True,-11294994,0,90.85864862897907,False,562.0878346998943,1223.3633080003783,563.4249675371319,1223.9479859000419,563.413452450965,1222.819356879748,-37.90943019279083,145.132996854619,1.4328800520590117,1.128687761366641,,,,,2.2584000253118575,0.0,,,
550.0817973,1223.51306,550.0746439,1223.008446,145.13284543386197,-37.9094215383808,native,True,True,-11294994,0,102.46664019185923,False,550.081797299441,1223.5130599997938,551.8121824733266,1223.732525850536,551.8066270511719,1222.9838933882054,-37.90942661645487,145.1328649243831,1.8041770908854913,0.7486530747752229,,,,,2.235200023278594,0.0,,,
542.4814669,1225.4309,542.4486591,1223.11655,145.13275945614268,-37.9094028906388,native,True,True,-11294994,0,112.36715437332967,False,542.4814668993931,1225.4309000000358,541.9218309124145,1224.5540623381864,541.9071074960431,1223.1242274009005,-37.909423566063346,145.13275240043868,2.377104794454385,1.4299107408761962,,,,,2.244899980723858,0.0,,,
530.0951917,1223.84098,530.0874063,1223.291782,145.13261826416823,-37.909414977949204,native,True,True,-11294994,0,123.41327728440035,False,530.0951917001512,1223.840980000794,530.8706244234752,1224.3122010880093,530.8620943015607,1223.2807997490052,-37.90942016257801,145.13262685613495,0.9497060147976067,1.0314366122449496,,,,,2.1667000255547464,0.0,,,
521.3714493,1223.23833,521.3739581,1223.415302,145.13251893941668,-37.90941883248653,native,True,True,-11294994,0,133.41720060249202,False,521.3714492997387,1223.2383300000802,520.8580404590384,1223.806989207904,520.8591759985086,1223.4225995258846,-37.90941708009551,145.13251315692722,0.5444071943806686,0.38439135928490775,,,,,2.123999991454184,0.0,,,
513.1443258,1224.430901,513.0866,1224.060888,145.13242567005713,-37.90940660478588,native,True,True,:100383254_0,0,4.422153073532482,True,513.1443258001236,1224.4309010012075,511.8340045652302,1224.0588850861939,512.4781620903854,1222.7584127144237,-37.9094215507357,145.13241771491911,1.80027530050307,1.4512640376415231,,,,,2.4435999803245068,0.0,,,
507.0588925,1232.091763,508.3542546,1232.199983,145.13235822481306,-37.90933649563473,native,True,True,28533357#1,0,38.07516333882971,False,507.0588924982585,1232.091763000004,504.51749984792656,1228.1085622166554,505.1745113403369,1228.087852588076,-37.90937222372278,145.13233588766732,4.425176938278918,0.657337804994625,,,,,2.3201999720185995,0.0,,,
509.4046489,1242.891108,508.9215485,1242.919297,145.13238735561256,-37.90923963590851,native,True,True,28533357#1,0,29.989517377130742,False,509.40464890020667,1242.8911080015823,502.5096443563155,1236.2487384612348,505.38591342387605,1236.1707344860758,-37.90929944934574,145.13234013251486,7.83030363502203,2.877326601056298,,,,,2.3169000050984323,0.0,,,
508.2870912,1254.578535,509.5974049,1254.502078,145.13237731147603,-37.90913415107617,native,True,True,28533357#1,0,18.924694373869112,False,508.28709120093845,1254.5785350007936,502.1436405802425,1247.325893159603,505.675207148578,1247.2317749992624,-37.90919986106038,145.13234594136892,7.797231612763242,3.5328204956791884,,,,,2.172200009226799,0.0,,,
509.1746692,1266.055512,510.2678271,1265.991726,145.1323900173584,-37.90903092390455,native,True,True,28533357#1,0,6.359326775404043,False,509.1746691968292,1266.0555119998753,503.4724868960786,1259.8596390184262,506.0037331443159,1259.79284714915,-37.909086767209324,145.132352537959,7.019672818703062,2.5321273117710583,,,,,2.335999975912273,0.0,,,
515.705781,1277.538452,515.9707484,1277.244538,145.1324668901605,-37.90892866150155,native,True,True,1000766732,0,2.0882015632174937,False,515.7057810032275,1277.5384520012885,508.4095729454233,1272.93611883985,506.7595048650017,1273.1244211694504,-37.90896680959801,145.13236416771625,9.975947319718804,1.6607776604227151,,,,,2.291599987074733,0.0,,,
529.8902091,1277.034165,529.8942374,1277.855375,145.1326280488079,-37.90893576395031,native,True,True,63906910#0,0,4.315988216938242,False,529.8902091007913,1277.0341649986804,519.2690826328997,1279.9656728574353,519.2587407469576,1277.9075464714585,-37.90892597779467,145.13250737051712,10.66728243535146,2.058152369300785,,,,,2.806800010148436,0.0,,,
536.7816661,1278.172637,531.1330572,1278.924608,145.1327066622962,-37.9089267518667,native,True,True,63906910#0,0,21.53097926474654,False,536.7816660992103,1278.1726369988173,529.9671369095494,1283.5193745529057,531.713619080884,1283.2856362883304,-37.90887977822443,145.13265020433704,7.1991570558313835,1.7620537878045386,,,,,3.320500021800399,0.0,,,
534.2652591,1303.832253,534.4456897,1303.808233,145.13268389532098,-37.90869514977643,native,True,True,63906910#0,0,35.86605883598607,False,534.2652590998914,1303.8322529997677,535.1856836056182,1297.2870264087799,533.6052878364463,1297.4953546399724,-37.90875211499888,145.13267494840693,6.371172803412929,1.5940675767131935,,,,,2.531200007069856,0.0,,,
536.279163,1315.572535,536.0164681,1315.607507,145.13270946663556,-37.90858975387339,native,True,True,-63906910#0,0,28.602146495523304,False,536.2791629994172,1315.5725349998102,538.6301149336346,1311.1657765948066,538.6577536427507,1311.1633179598473,-37.908629902362655,145.132735506352,5.0098790757914085,0.02774784906020467,,,,,2.315299992915243,0.0,,,
536.9007279,1326.917798,537.5014935,1326.844398,145.13271911744627,-37.90848766515421,native,True,True,-63906910#0,0,15.14173978998492,False,536.900727899163,1326.9177980003878,540.2452466179836,1324.5305144000868,540.4355270179005,1324.5058091254848,-37.90851003074967,145.13275875771777,4.279310124597601,0.19187751610257472,,,,,2.244999981485307,0.0,,,
540.0240194,1338.869703,539.8687462,1338.935543,145.13275735019653,-37.908380563060376,native,True,True,-63906910#0,0,2.0561956298093733,False,540.0240194002981,1338.8697030004114,542.0415528629387,1337.596457119198,542.6643650036277,1337.3316453808695,-37.908394894668014,145.132787019799,3.055658054503593,0.6767719108726217,,,,,2.1856999956071377,0.0,,,
543.4999511,1342.565006,542.8702765,1343.267768,145.1327977119443,-37.90834790205289,native,True,True,:9237664398_1,0,5.363979774692147,True,543.4999511006754,1342.5650059999898,544.3350796489912,1346.1608489311016,545.085808542638,1344.949334033133,-37.908326709585936,145.1328162855997,2.863557926052977,1.4252586501249225,,,,,2.3828999837860465,0.0,,,
546.1168119,1347.233256,546.8544496,1346.047361,145.1328285278752,-37.90830632148605,native,True,True,63906910#1,0,0.32359697508603474,False,546.1168119002832,1347.2332560010254,546.647010735345,1352.1396773257434,547.8345099838253,1346.6189315214006,-37.908312165392104,145.13284791762663,1.824248138952236,5.647015911196834,,,,,2.2331999498419464,0.0,,,
555.4482429,1350.779773,555.5769266,1348.006417,145.1329354306973,-37.908276057214835,native,True,True,63906910#1,0,6.559511545257943,False,555.4482428980409,1350.7797730006278,552.4043353710916,1356.043766471103,553.9310198016303,1347.9300473187957,-37.9083014545004,145.13291753145933,3.228452010790154,8.256101006708203,,,,,2.3514999775215983,0.0,,,
567.4114536,1349.423539,567.4417827,1348.445096,145.13307113951973,-37.9082904328147,native,True,True,63906910#1,0,14.705321546931973,False,567.4114535998087,1349.423538999632,561.8155946137222,1356.3861920318152,562.0691991334719,1348.2785600809568,-37.90829978327365,145.1330101391756,5.463575707108532,8.111597321305902,,,,,2.3317000013776124,0.0,,,
575.8258606,1349.592048,575.5980931,1350.598463,145.13316684685478,-37.908290432815114,native,True,True,:26582424_3,0,0.6142566557870671,True,575.8258605999872,1349.5920480005443,571.6929386755897,1355.4360455994351,574.5028572789641,1350.5355721836713,-37.90828169465192,145.13315201958216,1.6249848219548249,5.648918680260632,,,,,2.2200000239536166,0.0,,,
577.5166641,1352.228443,576.9988867,1350.356478,145.1331866709839,-37.90826698853727,native,True,True,:26582424_3,0,7.0703900775764446,True,577.5166641003452,1352.2284429995343,578.1602896874397,1355.2818247902565,579.2079310993735,1354.7737357668814,-37.90824436501052,145.13320647962786,3.0559612781433074,1.1643483085713133,,,,,2.2190000163391232,0.0,,,
588.1666384,1341.176154,586.8998709,1340.028893,145.13330524130353,-37.90836847140645,native,True,True,1000766734#1,0,31.59497600670091,False,588.1666383983102,1341.1761539997533,586.623893911355,1349.1076244484293,586.3991256785325,1349.0480620965993,-37.90829724049507,145.13328693746823,8.067901728440042,0.232526196893312,,,,,2.6194999809376895,0.0,,,
596.2341539,1334.891626,595.2545432,1333.181134,145.13339553561295,-37.90842653919188,native,True,True,4577074#2,0,1.0463786823572825,False,596.2341538998298,1334.8916260004044,595.1548903027025,1341.5052342586591,591.0879606751524,1336.4074291756476,-37.908411956204574,145.13333737011476,5.364789275618678,6.521313767932224,,,,,2.2563000093214214,0.0,,,
607.0798435,1331.053967,607.1041432,1329.917665,145.13351797407358,-37.90846306599856,native,True,True,4577074#2,0,16.93525032144368,False,607.0798435010947,1331.0539669999853,605.0390418594963,1334.6553736655492,605.1426524068445,1329.8757186359915,-37.90847333054918,145.13349568058354,2.267372607865002,4.780777901879377,,,,,2.2305999882519245,0.0,,,
613.9119401,1332.060595,613.8916655,1330.058667,145.13359588205077,-37.90845523028068,native,True,True,4577074#2,0,25.556677272922833,False,613.9119401007192,1332.060595001094,613.7384280481294,1331.1411742607106,613.7621090534748,1330.0599786404937,-37.90847322530344,145.13359372310725,2.0062191218857928,1.0814549270267535,,,,,2.317699952982366,0.0,,,
621.800886,1331.590248,621.7845654,1329.978731,145.1336854698677,-37.90846089006715,native,True,True,4577074#2,0,33.8638906060856,False,621.8008859992842,1331.5902479998767,622.0594582755492,1329.3198937304246,622.0688963968386,1329.9758513868287,-37.90847548128578,145.13368814958838,1.6364919790265362,0.6560255521918558,,,,,2.353499992750585,0.0,,,
632.2841424,1330.965214,632.273076,1329.872508,145.1338045190092,-37.90846841109546,native,True,True,4577074#2,0,43.23837982693853,False,632.2841423990903,1330.9652139991522,631.425293369036,1328.4943059786697,631.4429048985118,1329.8809158168567,-37.90847802701639,145.13379470759807,1.3723640480969204,1.38672167695164,,,,,2.2495000157505274,0.0,,,
641.7599075,1330.08593,641.7327295,1329.698025,145.13391205544363,-37.90847804067523,native,True,True,4577074#2,0,52.91431399898951,False,641.759907499305,1330.0859300000593,640.9951522577288,1328.069268109455,641.1166708481521,1329.74118866669,-37.90848103019852,145.13390466357595,0.7297944753966985,1.6763308496606153,,,,,2.680499979760498,0.0,,,
653.1914125,1328.119874,652.9590954,1327.349523,145.13404158075502,-37.90849781271761,native,True,True,4577074#2,0,63.82464683604672,False,653.1914124996401,1328.1198740005493,651.6354466238869,1327.2167035349646,651.7875505223592,1327.7028288352112,-37.90850131642845,145.13402552435284,1.4644982489532137,0.5093656873704167,,,,,2.341100014746189,0.0,,,
664.9830615,1325.106695,664.6006794,1323.838736,145.1341749625838,-37.90852708229857,native,True,True,4577074#2,0,75.34137802348839,False,664.9830614971579,1325.1066950010136,663.1251827854802,1325.4316983994452,662.8137935535359,1324.377612772875,-37.90853325893084,145.13415013273024,2.288511373494485,1.099117719770172,,,,,2.3557000095024705,0.0,,,
675.9872792,1321.478352,675.6905274,1320.494339,145.13429925167736,-37.90856175131771,native,True,True,4577074#2,0,87.21615890027908,False,675.9872792011593,1321.4783520000055,674.6917833298207,1322.6615854437484,674.1828372308113,1320.9490173263403,-37.90856619437495,145.13427861524087,1.8804802634161277,1.7865933192699286,,,,,2.2844000486657023,0.0,,,
686.9851517,1317.960237,686.7167492,1317.112809,145.13442349382998,-37.908595426103034,native,True,True,4577074#2,0,99.17263370460515,False,686.985151700268,1317.9602370001376,686.1959944737238,1319.3097852360847,685.6188740500302,1317.4605345535492,-37.90859968123902,145.13440784593791,1.4547911027586986,1.9372134808281554,,,,,2.388100023381412,0.0,,,
696.4741185,1315.859614,695.7424255,1314.103874,145.13453090277096,-37.908616059632095,native,True,True,4577074#2,0,109.98251810994475,False,696.4741184993181,1315.8596139997244,696.8212867240243,1316.3549085766913,695.870732777268,1314.0504029916262,-37.90863224868904,145.1345236308058,1.9071756084318647,2.492849533624098,,,,,2.244400035124272,0.0,,,
709.7516888,1306.701494,709.1198669,1306.364074,145.1346797815466,-37.90870095168637,native,True,True,4577074#2,0,122.62979241889938,False,709.7516887993552,1306.701494000852,708.7229903867329,1310.188483950529,707.0226403379011,1308.383472241893,-37.90868530808169,145.1346491356516,3.205738028644929,2.4797696580277826,,,,,2.474399982020259,0.0,,,
711.4656255,1296.617364,712.4024921,1296.633277,145.13469697438478,-37.9087921010092,native,True,True,405414870#0,0,0.2995261336769741,False,711.4656254997244,1296.617364000529,715.6690695352462,1301.4444677151841,711.812359392053,1300.8934842556282,-37.90875364313984,145.13470188949154,4.2901548722812635,3.895869081644439,,,,,2.3114000214263797,0.0,,,
712.5467599,1285.935521,712.459598,1285.935811,145.13470683646656,-37.908888520615854,native,True,True,405414870#0,0,10.326223172225268,False,712.5467599005206,1285.935521000065,718.9323497295471,1290.8886110485432,712.4761393636117,1290.9092353258852,-37.90884370341552,145.13470716506203,4.974215662303303,6.4562433078399835,,,,,2.1902999724261463,0.0,,,
713.3845928,1276.175214,711.9704438,1276.275317,145.13471414193654,-37.90897659493757,native,True,True,405414870#0,0,20.8290148179271,False,713.3845928009832,1276.1752140000463,719.8683692556938,1279.8764681371008,712.2633419951972,1280.4130853289748,-37.9089382170201,145.13470235769702,4.383692139057074,7.623935836791361,,,,,2.235200023278594,0.0,,,
714.941501,1266.359988,712.6818887,1265.315835,145.134729610662,-37.90906529359502,native,True,True,998107628#0,0,5.200980432300288,False,714.9415010010125,1266.3599880011752,719.9951945255597,1268.8269279949463,720.0009684184848,1271.5188211318248,-37.90901973347596,145.13478830936174,7.225771226544023,2.6918993291378355,,,,,2.270100056193769,0.0,,,
717.9600232,1259.827657,716.0612726,1258.812588,145.13476244454094,-37.90912468255735,native,True,True,:588090419_0,0,3.8494720603518524,True,717.9600231994409,1259.827657001093,720.7045786307592,1259.6267028593368,716.7548584879623,1257.5151916383836,-37.90914529660023,145.1347482159717,2.6076652460628518,4.4787016916319065,,,,,2.1865000016987324,0.0,,,
721.5383195,1252.138904,720.0531771,1251.345249,145.13480137991772,-37.909194589747074,native,True,True,405414870#3,0,1.8920785523589825,False,721.5383194998722,1252.1389040006325,722.384652466899,1251.2228897827613,720.621771264928,1250.2812563829798,-37.90921115870297,145.13479053632997,2.0714524706953403,1.9986054117425147,,,,,2.2297000396065414,0.0,,,
723.7494414,1246.428928,722.9179115,1245.984561,145.13482522098974,-37.9092464251844,native,True,True,405414870#3,0,8.814422190664871,False,723.7494414009852,1246.4289279989898,724.1858593659962,1244.3350322329757,723.8843985670039,1244.176004174058,-37.90926674441423,145.1348262429076,2.2569623828510608,0.3408350581324242,,,,,2.5658999802544713,0.0,,,
725.2766641,1242.081372,725.0643857,1241.967931,145.134841596214,-37.9092858643298,native,True,True,:588090556_0,0,2.8659945570499437,True,725.2766640994232,1242.081372000277,725.7734796401803,1239.0896036619133,726.2399926216698,1239.2948444291537,-37.90931113970084,145.13485191518902,2.9483449164580735,0.5096647274783981,,,,,2.486299956217408,0.0,,,
728.2778641,1232.363302,727.9010508,1232.306834,145.13487350861175,-37.909373948080955,native,True,True,:588090556_0,0,10.2797910593418,True,728.2778640998295,1232.363301999867,727.9874298481731,1232.1081430418885,727.9316420047446,1232.1026966221848,-37.909376233277996,145.13486951283735,0.43334155351385567,0.056053072725642465,,,,,2.355000004172325,0.0,,,
726.8981161,1236.810886,727.0232343,1236.845144,145.13485883287078,-37.90933363444266,native,True,True,:588090556_0,0,11.481374267827093,True,726.8981161009287,1236.8108860012144,728.4407658604156,1230.929970983864,728.0375859533061,1230.9066130415235,-37.90938702699508,145.13487044530962,6.013221326960565,0.4038559532397332,,,,,2.3381999926641583,0.0,,,
706.8863259,1221.61327,706.8700185,1220.510637,145.13462784444374,-37.90946693128084,native,True,True,11294993,0,59.01205513980209,False,706.8863258995116,1221.6132699996233,718.3146942396128,1223.7050897058582,718.3148927774005,1223.5421056512866,-37.909451615890674,145.1347582243914,11.590191881651776,0.1629841754951563,,,,,2.4639999610371888,0.0,,,
700.6271128,1221.689931,700.6110407,1220.603204,145.1345566955538,-37.909465112389924,native,True,True,-11294993,0,11.592129587726868,False,700.62711280043,1221.6899310005829,708.1593872242332,1219.7974748048596,708.1691379793436,1220.4914234428538,-37.909477268394916,145.13464217459122,7.636659228046019,0.6940171391250385,,,,,2.2849999950267375,0.0,,,
690.1642921,1221.818065,690.1486133,1220.757939,145.13443776398702,-37.90946207196325,native,True,True,-11294993,0,23.182278539323967,False,690.1642921022722,1221.818065000698,696.5456113139678,1218.2509890085096,696.58025637824,1220.6628175962262,-37.90947363535957,145.13451044969318,6.519140599498908,2.4120774069265707,,,,,2.63290002476424,0.0,,,
682.0441876,1221.9175,682.0270353,1220.882646,145.13434546223664,-37.90945971230999,native,True,True,-11294993,0,34.137723806044775,False,682.0441876003752,1221.9175000013784,685.5879763373556,1218.1511948626462,685.6260090589334,1220.8248258045892,-37.909470201142426,145.13438593837645,3.7447806159129184,2.6739014382780626,,,,,2.251400030218065,0.0,,,
669.150472,1223.153314,669.1163834,1221.096635,145.13419914386265,-37.909446255122376,native,True,True,-11294993,0,46.69859600464668,False,669.1504720010562,1223.1533139999956,673.041467280265,1219.3762028161623,673.0668331329082,1221.0311574618854,-37.90946607815391,145.13424318936455,4.454372333710423,1.6551490282995396,,,,,2.4275999749079347,0.0,,,
658.4045439,1223.489343,658.3691025,1221.274254,145.1340770407821,-37.90944129051766,native,True,True,-11294993,0,59.03371447273513,False,658.4045438991161,1223.4893429996446,660.72891319649,1220.8069064894416,660.7334086484886,1221.2355788621796,-37.90946201290615,145.13410300670085,3.2408430705902935,0.4286959438080704,,,,,2.207399986218661,0.0,,,
648.7117446,1223.967317,648.6688496,1221.431203,145.13396694394007,-37.90943523701606,native,True,True,-11294994,0,4.939262233269027,False,648.7117445998592,1223.9673169991001,649.3342137344488,1222.2217407291432,649.3213941422512,1221.4205207476807,-37.90945828912036,145.13397329591712,2.61874850086502,0.8013225322171446,,,,,2.207399986218661,0.0,,,
638.871186,1223.634478,638.8367332,1221.597501,145.13385498257017,-37.90943646076913,native,True,True,-11294994,0,15.671115731149001,False,638.8711860014009,1223.6344779999927,638.6149281889321,1223.0580008769334,638.5910694786212,1221.601655843169,-37.9094547224174,145.1338513349947,2.0520309908983383,1.456540454442591,,,,,2.2788000060245395,0.0,,,
631.7368793,1223.305749,631.7100253,1221.71804,145.13377379179613,-37.90943813544853,native,True,True,11294994,0,112.92857017776173,False,631.7368793000933,1223.3057490009815,629.7464719384631,1223.4069826497548,629.7752432860834,1224.9517787970794,-37.909422953838245,145.13375186297807,2.560747926115116,1.5450640527929316,,,,,2.562900015618652,0.0,,,
620.5731795,1224.1306,620.5355709,1221.907041,145.1336470500518,-37.90942869162767,native,True,True,11294994,0,103.23948412617177,False,620.5731794992462,1224.1306000007316,620.0658888934856,1223.9782372459617,620.0875428293857,1225.1156335388928,-37.90941973061666,145.13364175267048,1.0982413425178486,1.1376023998362719,,,,,2.705999999307096,0.0,,,
614.6769853,1222.706861,614.6651367,1222.006332,145.13357968715613,-37.90944045359073,native,True,True,-11294994,0,41.909604228718344,False,614.6769852999132,1222.706861000508,612.380061418539,1223.5705757108242,612.3563332354389,1222.0453819836378,-37.90944599379652,145.13355315112372,2.4130852645749097,1.52537829148119,,,,,2.4013000074774027,0.0,,,
597.9896941,1223.894351,597.9625389,1222.288834,145.1333902256533,-37.909426746493224,native,True,True,-11294994,0,53.7356961149059,False,597.9896940991748,1223.8943510008976,600.5558664848057,1223.817244296343,600.531932548238,1222.2453762062462,-37.9094420594258,145.1334187550825,3.0301970571715375,1.5720502937197116,,,,,2.3113000206649303,0.0,,,
590.0937314,1224.671235,590.0556648,1222.422589,145.13330062671167,-37.90941832382687,native,True,True,11294994,0,73.43795977874753,False,590.0937314004404,1224.6712350007147,590.2670263941328,1224.3444339421735,590.2902797639814,1225.6195851427071,-37.90940981631266,145.13330307735353,0.9685036143596886,1.2753632045153522,,,,,2.148800005670637,0.0,,,
579.9361089,1224.715529,579.9059148,1222.585562,145.13318514628867,-37.90941609244219,native,True,True,11294994,0,63.17773374412103,False,579.93610889907,1224.7155290003866,580.0143173716995,1224.6848461181646,580.0313848625041,1225.784357439355,-37.90940648136347,145.1331864729252,1.0730665129226935,1.0996437808073714,,,,,2.30529997497797,0.0,,,
571.0061391,1224.939701,570.974562,1222.712172,145.13308366504523,-37.909412462040464,native,True,True,11294994,0,53.5746918594037,False,571.0061390998308,1224.9397010011598,570.4146062937156,1224.971994387385,570.4293080104411,1225.9204954822048,-37.90940352273997,145.1330773299038,1.1378452969251927,0.9486150258926079,,,,,2.2855999995954335,0.0,,,
559.3527669,1223.397423,559.3453898,1222.877025,145.1329508169251,-37.90942425280254,native,True,True,-11294994,0,94.40610641677296,False,559.3527669005562,1223.397423000075,559.8824177253465,1224.331700409477,559.8663510481928,1222.8696400243507,-37.90942909986111,145.13295653610535,0.7364261987245797,1.462148661344107,,,,,2.3993999930098653,0.0,,,
547.3520755,1224.861407,547.3263605,1223.047405,145.13281470444667,-37.90940889961157,native,True,True,-11294994,0,105.7718976935575,False,547.3520755006466,1224.8614069977775,548.5185862484462,1224.590075608319,548.5017016025485,1223.030743485049,-37.90942559810257,145.1328273585941,2.1617051304489947,1.5594235351336752,,,,,2.785200020298362,0.0,,,
535.6991098,1225.376456,535.6684363,1223.212666,145.13268232948937,-37.909402157245744,native,True,True,11294994,0,19.96911502235341,False,535.6991097988794,1225.3764559999108,536.8071864351339,1225.024745303489,536.8271082782086,1226.3969067604598,-37.90939316832414,145.13269538705129,1.5210852454987822,1.3723060678390377,,,,,2.404299972113222,0.0,,,
524.5302938,1225.130849,524.5053452,1223.370912,145.1325552860074,-37.909402354273226,native,True,True,11294994,0,8.338095789508008,False,524.5302938017994,1225.1308489991352,525.1774360478598,1225.1774873804395,525.1972578743132,1226.5617945339088,-37.90938958433278,145.13256319519988,1.578748300874071,1.3844490600777792,,,,,2.3499999660998583,0.0,,,
515.7750314,1225.534144,515.4867702,1223.686437,145.13245583203062,-37.909397141275946,native,True,True,:100383254_2,0,7.280826947878022,True,515.7750313967699,1225.5341440010816,514.8841567942144,1225.4484127728538,515.1252916176288,1226.9550147435466,-37.90938422447345,145.1324487682503,1.5623813386594845,1.525777015542775,,,,,2.243199967779219,0.0,,,
509.1019043,1224.977098,510.18,1225.82,145.13237983283278,-37.90940095495651,native,True,True,:100383254_4,0,4.729133909926558,True,509.1019043009728,1224.9770979993045,506.5692555698956,1225.3169571514272,508.00338364289405,1225.2547584733848,-37.90939825546598,145.1323674060903,1.1330679481356203,1.4354762294488035,,,,,2.834600047208369,0.0,,,
509.1524885,1243.660553,508.9654378,1243.671468,145.13238466386943,-37.90923265905492,native,True,True,28533357#1,0,31.61985026750807,False,509.15248850081116,1243.6605530008674,502.9080410221775,1234.6075792468528,505.34328779179657,1234.540958922099,-37.909314123060334,145.13233927661452,9.883167822265525,2.4361578554376324,,,,,2.72309995489195,0.0,,,
509.4475381,1253.316124,509.5279307,1253.311433,145.13239021794917,-37.90914573260932,native,True,True,28533357#1,0,20.596751222750633,False,509.4475380994845,1253.3161239996552,502.3210449198843,1245.648779481086,505.6314906287942,1245.5602897400424,-37.909214910309366,145.13234506356736,8.643794500168644,3.3116281835239416,,,,,2.2865000064484775,0.0,,,
507.9509424,1264.460007,510.1708928,1264.330472,145.13237574042662,-37.90904507574316,native,True,True,28533357#1,0,8.175104192302703,False,507.9509423993295,1264.4600069997832,502.5089872708218,1258.0686084734346,505.95625899926995,1257.9776904525336,-37.909103110007216,145.13235158471048,6.782270245664031,3.448470451704973,,,,,2.2358999704010785,0.0,,,
508.0175776,1266.363277,510.281798,1266.231159,145.13237693159653,-37.909027942657126,native,True,True,:313429530_w0,0,1.8675330313982712,True,508.0175776029937,1266.3632769994438,503.5775702511129,1266.2951856711538,505.6549406721165,1271.1554866896026,-37.908984346882264,145.13235116057936,5.342969865308757,5.28564034493411,,,,,2.2609999869018793,0.0,,,
