gps_x,gps_y,gt_x,gt_y,lon,lat,method,kalman,matched,edge_id,lane_index,lane_pos,is_internal_edge,raw_x,raw_y,filt_x,filt_y,matched_x,matched_y,matched_lat,matched_lon,match_error_raw_m,match_error_filt_m,raw_dist,score,components,window_len,match_ms,phone_speed_mps,phone_course_deg,accuracy_m,unmatched_reason
473.7291117,1267.162459,476.93,1284.79,145.13198726173027,-37.90901455454441,st,True,True,28533357#0,0,,False,473.72911169938743,1267.162459000945,473.72911169938743,1267.162459000945,479.12,1271.94,-37.908972490431125,145.13204964333025,7.2032336257636835,7.2032336257636835,7.2032336257636835,-3.9795290250928295,obs=0.019 trans=-- fs=0.019 ft=--,1,13.979699986521155,0.0,,,
473.0268462,1272.159309,476.93,1284.79,145.1319804155997,-37.90896941496369,st,True,True,28533357#0,0,,False,473.02684620110085,1272.1593089997768,473.1088271918384,1271.5759872867347,478.87730520270867,1272.9551176617474,-37.90896330220143,145.13204711522076,5.904335860701127,5.931048739740444,5.931048739740444,-7.938171505792964,obs=0.019 trans=1.000 fs=0.019 ft=1.000,2,28.96399999735877,0.0,,,
471.7866339,1275.069598,476.93,1284.79,145.1319669777577,-37.90894297451234,st,True,True,28533357#0,0,,False,471.78663390059955,1275.069597998634,472.1229889877768,1274.3396109020382,478.19899846373283,1275.7922660411175,-37.908937622053934,145.13204004942057,6.452958111606988,6.247247242186028,6.247247242186028,-11.901627435182878,obs=0.019 trans=1.000 fs=0.019 ft=1.000,3,5.462600034661591,0.0,,,
477.7709816,1282.304613,476.93,1284.79,145.1320366666742,-37.90887888002193,st,True,True,28533357#0,0,,False,477.7709816005081,1282.3046129988506,475.869389302558,1280.4968010041953,478.08,1276.29,-37.908933116867765,145.13203880983528,6.022546130762977,4.752259919716485,1.7349534181923867,-15.820060821145663,obs=0.020 trans=1.000 fs=0.020 ft=1.000,4,5.941400013398379,0.0,,,
475.7362837,1288.214475,477.3118565,1288.028709,145.1320148791262,-37.9088252752965,st,True,True,-1272942443#2,0,,False,475.7362836992834,1288.2144750002772,476.35573526635517,1286.9219861623449,477.1700494912724,1286.8259753148654,-37.908838042040465,145.1320308643268,1.9958997276081505,0.8199547181010883,0.8199547181010884,-19.924696290894037,obs=0.020 trans=1.000 fs=0.020 ft=1.000,5,7.947599980980158,0.0,,,
478.0171809,1294.462773,478.0697274,1294.456577,145.1320422358616,-37.90876940086211,st,True,True,-1272942443#2,0,,False,478.01718090078793,1294.4627729998901,477.7983447684395,1293.4458500690682,477.9484717756863,1293.428149504895,-37.90877870859454,145.1320412189422,1.0369024642020954,0.15116688882467813,0.15116688882467813,-23.839395661938045,obs=0.020 trans=1.000 fs=0.020 ft=1.000,6,10.858200024813414,0.0,,,
479.4925256,1302.843308,479.064506,1302.893773,145.1320609194223,-37.9086941733143,st,True,True,-1272942443#2,0,,False,479.49252560094465,1302.843307999894,479.2895134894363,1301.1282613709361,478.8622842841884,1301.1786333733016,-37.90870905533814,145.13205337450196,1.7799847554872985,0.43018848478203375,0.43018848478203375,-27.75429779636226,obs=0.020 trans=1.000 fs=0.020 ft=1.000,7,5.348899983800948,0.0,,,
480.8408586,1312.132408,480.1834854,1312.212917,145.13207836584652,-37.908610738265224,st,True,True,-1272942443#1,0,,False,480.84085859777406,1312.1324079986662,480.7354941254715,1309.9010646369459,479.91269430546294,1310.0018328013673,-37.90862976345788,145.13206732749916,2.3239706592094738,0.8289473848001577,0.8289473848001576,-31.669827545329383,obs=0.020 trans=1.000 fs=0.020 ft=1.000,8,8.503300021402538,0.0,,,
482.7968747,1319.726018,481.1286354,1319.930327,145.1321023351348,-37.908542686277684,st,True,True,-1272942443#1,0,,False,482.7968747005798,1319.726018000394,482.45858435007534,1318.419648631653,480.9660098050946,1318.6024440011977,-37.90855247722651,145.13208126278715,2.148135190622392,1.503726344602464,1.503726344602464,-31.46543371061223,obs=0.020 trans=1.000 fs=0.020 ft=1.000,8,5.176900012884289,0.0,,,
484.386391,1329.440501,482.3242743,1329.693048,145.1321226205554,-37.908455462799694,st,True,True,-1272942443#1,0,,False,484.3863910001237,1329.4405010007322,484.1698876520641,1327.758872807643,482.1181696355916,1328.0101463901142,-37.908467938362946,145.13209650574132,2.681555979396303,2.0670474673712493,2.0670474673712493,-31.37394436894553,obs=0.020 trans=1.000 fs=0.020 ft=1.000,8,10.512400011066347,0.0,,,
485.8438453,1338.927075,483.4904622,1339.215293,145.13214135250252,-37.908370268537865,st,True,True,-1272942443#1,0,,False,485.84384530066745,1338.9270750004798,485.789987827034,1337.4586403581966,483.3124849292742,1337.762059748047,-37.90838030636963,145.13211230636685,2.7865831888284283,2.496013608645869,2.496013608645869,-31.33563776744244,obs=0.020 trans=1.000 fs=0.020 ft=1.000,8,7.197299972176552,0.0,,,
488.5022528,1349.223895,484.7721613,1349.680719,145.1321739234061,-37.90827799214462,st,True,True,-1272942443#1,0,,False,488.5022527994006,1349.2238949993625,487.9428253818889,1347.712714052657,484.5815552237924,1348.1243682797476,-37.90828718927913,145.13212909594483,4.071956346343494,3.386383953185395,3.386383953185395,-31.349615143359276,obs=0.020 trans=1.000 fs=0.020 ft=1.000,8,5.562499980442226,0.0,,,
492.4236756,1357.199581,485.78,1357.91,145.1322203254982,-37.90820685303073,st,True,True,-1272942443#1,0,,False,492.4236756002065,1357.199581000954,491.0841078333111,1357.0798983940178,485.75821984772665,1357.732159057147,-37.90820085238173,145.13214466296986,6.686698720161165,5.365680460823104,5.365680460823105,-31.384762894694177,obs=0.019 trans=1.000 fs=0.019 ft=1.000,8,5.150499986484647,0.0,,,
495.9601828,1366.703132,486.0039295,1365.263893,145.1322626991894,-37.90812188104937,st,True,True,1272942443#1,0,,False,495.96018280024873,1366.7031320007518,494.65661675071493,1366.536551628712,487.9871050099899,1365.565323190892,-37.90813069166081,145.1321717890414,8.053854874363795,6.739856937509842,6.739856937509842,-31.45490970990597,obs=0.019 trans=1.000 fs=0.019 ft=1.000,8,5.0823999918065965,0.0,,,
496.0361873,1377.028582,485.3053289,1378.73971,145.1322659154094,-37.908028880630525,st,True,True,1272942443#1,0,,False,496.036187299178,1377.028582001105,496.69239341080987,1376.4599422839717,487.207063867247,1377.974192202137,-37.90801876879968,145.13216574708025,8.879617065423988,9.605437489497834,9.605437489497834,-31.722244740846907,obs=0.018 trans=0.807 fs=0.014 ft=1.000,8,6.63920002989471,0.0,,,
501.9220752,1387.699555,487.1106644,1390.061362,145.13233526638675,-37.90793381621671,st,True,True,1272942443#1,0,,False,501.92207520036027,1387.6995550012216,500.5550000391089,1386.858487589381,488.9218388944651,1388.7156200411716,-37.9079223169397,145.13218769033878,13.039882368124463,11.780465999303429,11.780465999303429,-31.893987997404665,obs=0.017 trans=1.000 fs=0.017 ft=1.000,8,7.948999991640449,0.0,,,
500.604022,1395.907974,488.3544285,1397.861278,145.13232215040708,-37.90785963492252,st,True,True,1272942443#1,0,,False,500.60402200114913,1395.9079740010202,502.0434034786166,1396.2988640622027,490.428448458864,1398.153090065356,-37.90783757386699,145.13220696973946,10.420309163205863,11.762029339431436,11.762029339431436,-32.06660382987005,obs=0.017 trans=1.000 fs=0.017 ft=1.000,8,7.3939000139944255,0.0,,,
504.0006814,1405.973356,491.1787143,1411.264962,145.13236306172985,-37.907769576543465,st,True,True,1272942443#1,0,,False,504.00068140093936,1405.9733560001478,504.2443541213844,1405.9865558280485,492.68,1409.65,-37.90773441330905,145.13223518789505,11.902753399244407,12.130750572235259,12.13075057223526,-32.41903626386028,obs=0.017 trans=0.845 fs=0.014 ft=1.000,8,6.43760000821203,0.0,,,
503.9163697,1412.936043,492.5040034,1415.852281,145.13236368909813,-37.90770683976173,st,True,True,996237862#1,0,,False,503.9163697005715,1412.9360429998487,505.2515795615152,1414.2988147590347,494.8507061616377,1416.9552264328738,-37.90766899784506,145.1322615319623,9.916657242713288,10.73474221680188,10.73474221680188,-32.93357294074789,obs=0.017 trans=1.000 fs=0.017 ft=1.000,8,7.951600011438131,0.0,,,
497.0367919,1417.84959,493.2609351,1418.814447,145.13228659052356,-37.90766133574821,st,True,True,996237862#1,0,,False,497.0367918970878,1417.8495899988338,502.0535519890226,1420.6626186862554,495.47,1419.38,-37.907647266671106,145.13226912540122,2.190203556852589,6.707329385567278,6.707329385567277,-32.97547377975801,obs=0.019 trans=1.000 fs=0.019 ft=1.000,8,6.655799981672317,0.0,,,
495.2116133,1426.083739,493.1417578,1425.231445,145.1322677147041,-37.90758683113957,st,True,True,-1209653409#1,0,,False,495.21161330107134,1426.0837390003726,498.6791279039047,1427.4820849223088,499.49,1429.99,-37.907552414753724,145.13231724781298,5.793398634892992,2.635744978774872,1.9067777593912882,-33.230376702534585,obs=0.020 trans=1.000 fs=0.020 ft=1.000,8,7.262700004503131,0.0,,,
489.4098469,1433.965083,488.1451384,1428.846025,145.13220354659035,-37.907514786968015,st,True,True,1209653412#1,0,,False,489.4098469010205,1433.9650830011815,493.481479482485,1434.5946414695109,493.8453198228335,1437.3104197143296,-37.90748545190082,145.13225473790192,5.555600576397914,2.7400422019186927,2.7400422019186927,-34.03418714686884,obs=0.020 trans=0.382 fs=0.008 ft=0.889,8,5.321699951309711,0.0,,,
481.3095856,1438.204802,480.3647901,1430.075408,145.13211241621408,-37.9074751325339,st,True,True,1209653412#1,0,,False,481.30958559940336,1438.2048019999638,486.1165693502128,1440.1506155684046,485.879044748821,1438.377683670718,-37.907474399928816,145.13216440820264,4.572728396732011,1.7887720509056768,1.7887720509056768,-33.86987100255999,obs=0.020 trans=1.000 fs=0.020 ft=1.000,8,10.686099994927645,0.0,,,
466.7370764,1433.414382,466.537183,1431.647844,145.13194564224543,-37.90751565539891,st,True,True,1209653412#1,0,,False,466.7370763994986,1433.4143820004538,474.2878438419796,1440.156270114664,478.75,1439.2,-37.90746570555413,145.13208354164541,13.333555754867376,4.563473469930407,0.9251524864639749,-33.603508119709765,obs=0.020 trans=1.000 fs=0.020 ft=1.000,8,9.210300049744546,0.0,,,
454.5943196,1434.911206,454.3642938,1433.042414,145.13180792579166,-37.907499979661004,st,True,True,-1209653413,0,,False,454.5943195998552,1434.9112060004845,460.99416525387164,1439.7466002348172,456.88,1439.29,-37.90746094705672,145.13183491058095,4.939450554646575,4.139425021739114,0.46055975706717683,-34.52170315030584,obs=0.020 trans=0.844 fs=0.017 ft=1.000,8,8.838100009597838,0.0,,,
442.4691842,1436.462887,442.2319776,1434.535756,145.13167042224978,-37.90748381277975,st,True,True,-1209653413,0,,False,442.4691841993481,1436.4628870012239,447.1817826040079,1439.4884635696196,447.2920029058101,1440.4220138917988,-37.90744901870967,145.1317261575339,6.239732847732586,0.940034424353785,0.940034424353785,-33.94181463080828,obs=0.020 trans=1.000 fs=0.020 ft=1.000,8,15.66060003824532,0.0,,,
430.4012506,1436.268973,430.3676643,1435.99611,145.1315331713487,-37.9074833808017,st,True,True,-1209653413,0,,False,430.40125060104765,1436.268973001279,433.43288611378716,1438.7390922792943,433.81938329514674,1442.0126685831144,-37.907432257367795,145.13157334274015,6.6838364769992324,3.2963133783261234,3.2963133783261234,-33.755239232419974,obs=0.020 trans=1.000 fs=0.020 ft=1.000,8,8.888699987437576,0.0,,,
415.104785,1440.120866,414.8324458,1437.908308,145.13136013561203,-37.907445920111996,st,True,True,-1209653413,0,,False,415.10478499985766,1440.1208660006523,418.37951941523744,1439.880841546802,418.8400202200077,1443.781218043943,-37.90741362124915,145.1314034376201,5.229737969599602,3.92746709860744,3.9274670986074396,-33.718020647591175,obs=0.020 trans=1.000 fs=0.020 ft=1.000,8,5.527600005734712,0.0,,,
404.4142589,1439.37781,404.3915669,1439.193454,145.13123842010341,-37.90745068330738,st,True,True,-1209653413,0,,False,404.4142588976538,1439.377810000442,404.9578865957849,1440.1143693818246,405.5360322574256,1445.3264401193444,-37.90739729921071,145.1312525298951,6.053476336965961,5.244037926920785,5.244037926920785,-31.600235250227534,obs=0.019 trans=1.000 fs=0.019 ft=1.000,8,5.267900007311255,0.0,,,
395.9850461,1442.126178,395.754914,1440.256522,145.13114321041883,-37.907424403177245,st,True,True,1209653410,0,,False,395.9850460991729,1442.1261780010536,393.9578714373967,1441.4876664380586,393.83541408457415,1440.492789614351,-37.90743872892264,145.13111839784685,2.6997917364127715,1.0023850046816496,1.0023850046816496,-31.606655404277102,obs=0.020 trans=1.000 fs=0.020 ft=1.000,8,5.587599996943027,0.0,,,
375.4958763,1443.386937,375.4186672,1442.759669,145.1309105458845,-37.90740934562029,st,True,True,1209653410,0,,False,375.4958762989845,1443.386936998926,378.5270578729452,1442.9147540207243,378.4618624440319,1442.3850886332036,-37.90741890619091,145.13094403933044,3.130618782367779,0.5336626899912054,0.5336626899912054,-31.586872769673313,obs=0.020 trans=1.000 fs=0.020 ft=1.000,8,5.3736999980174005,0.0,,,
363.839385,1444.867675,363.7555832,1444.170951,145.1307783548315,-37.90739390141891,st,True,True,-1209653410,0,,False,363.83938500029035,1444.8676750008017,364.4735704034489,1444.4505907236398,372.67,1445.34,-37.90739124158181,145.13087886226455,8.84323765246445,8.24454407424053,4.5261212229113434,-31.374064084835595,obs=0.019 trans=1.000 fs=0.019 ft=1.000,8,6.7569000530056655,0.0,,,
352.7059294,1447.383398,352.4865019,1445.507949,145.1306523464585,-37.90736922816335,st,True,True,1147258794#0,0,,False,352.705929400865,1447.383398000151,351.78174604782413,1446.5523745121861,351.6707155941303,1445.6033962754866,-37.907385075836494,145.1306401707741,2.0591439399571114,0.9554514406168492,0.9554514406168492,-31.397725871328692,obs=0.020 trans=1.000 fs=0.020 ft=1.000,8,18.584400007966906,0.0,,,
340.6594751,1448.35672,340.6960473,1446.219859,145.13051560616665,-37.90735828414997,st,True,True,1147258794#2,0,,False,340.659475101158,1448.3567199995741,339.57506196631294,1448.2293371712547,332.18,1445.21,-37.90738509868467,145.1304184812662,9.044520150172605,7.98769919559619,1.3303271512384292,-31.36184582813459,obs=0.020 trans=1.000 fs=0.020 ft=1.000,8,5.87460002861917,0.0,,,
330.0232991,1448.921344,330.8540458,1444.93376,145.1303948068907,-37.90735127640804,st,True,True,1147258794#2,0,,False,330.02329909952823,1448.9213440008461,328.3474269840549,1449.36783335252,329.3783499622847,1444.616623105024,-37.9073899378148,145.1303864925906,4.3527670946834345,4.8617693284392285,4.8617693284392285,-31.37940332192526,obs=0.019 trans=1.000 fs=0.019 ft=1.000,8,6.189899984747171,0.0,,,
316.5734906,1441.69195,317.2628533,1440.413953,145.13024024074323,-37.90741397050802,st,True,True,1147258794#2,0,,False,316.5734906006837,1441.6919500008225,316.2900529440484,1446.2124552899256,318.65074306883474,1441.1095493636199,-37.90741959221478,145.13026372527742,2.1573521545296166,5.622500045174768,5.622500045174768,-31.411772313420478,obs=0.019 trans=1.000 fs=0.019 ft=1.000,8,6.545299955178052,0.0,,,
305.4285499,1433.311363,307.976275,1431.575725,145.13011161704304,-37.907487451075255,st,True,True,-5094886#0,0,,False,305.42854990053456,1433.3113630004227,304.74150776721075,1439.641773535309,308.58,1436.76,-37.90745695438415,145.13014823396864,4.671695076123223,4.799858469787538,4.773512244062064,-31.439046979438007,obs=0.019 trans=1.000 fs=0.019 ft=1.000,8,6.139000004623085,0.0,,,
297.0604525,1420.276327,296.5019474,1421.425252,145.13001350297813,-37.90760336161484,st,True,True,-5094886#1,0,,False,297.06045249977615,1420.2763269999996,294.91449759024187,1428.7181623441736,302.13,1427.6,-37.90753830433048,145.13007281160228,8.90710379797831,7.3016273564975505,5.476260371527402,-31.475277794386948,obs=0.019 trans=1.000 fs=0.019 ft=1.000,8,6.61829998716712,0.0,,,
287.927023,1419.860716,288.1086715,1418.600529,145.1299095653306,-37.90760545509013,st,True,True,5094886#2,0,,False,287.92702299921075,1419.8607160001993,285.8083571234721,1421.6286479774826,286.28278022790084,1418.3373376905083,-37.907618880900344,145.1298905236013,2.2414762469055693,3.32532715490651,3.32532715490651,-31.47293879648775,obs=0.020 trans=1.000 fs=0.020 ft=1.000,8,6.136499985586852,0.0,,,
278.1815983,1420.716308,277.7489454,1418.869619,145.1297989595295,-37.907595986587154,st,True,True,5094886#2,0,,False,278.18159829918295,1420.7163080004975,276.74672898967356,1418.2367449514388,276.9394360268117,1419.059274988004,-37.907610689035465,145.12978445876638,2.070923831384368,0.8448027362731304,0.8448027362731303,-31.472882464463954,obs=0.020 trans=1.000 fs=0.020 ft=1.000,8,6.710399989970028,0.0,,,
268.9183396,1424.977404,267.9475504,1423.445485,145.1296946125698,-37.907555927566094,st,True,True,5094886#2,0,,False,268.91833960078657,1424.9774040002376,267.8318125612094,1419.1303176219967,269.6411961301274,1422.379210770606,-37.90757946332425,145.1297022384528,2.6968740460974128,3.7187599533380995,3.7187599533380995,-31.487083147542677,obs=0.020 trans=1.000 fs=0.020 ft=1.000,8,6.367699999827892,0.0,,,
261.8516459,1430.831872,261.5907685,1426.625224,145.12961560308494,-37.90750191200004,st,True,True,985461732,0,,False,261.8516458970844,1430.831872000359,260.036252341253,1423.5355794873951,259.2,1426.57,-37.90753982465926,145.1295844829462,5.0194400993506285,3.1475428234684824,2.8984018380159,-31.497316528239534,obs=0.020 trans=1.000 fs=0.020 ft=1.000,8,5.9070999850519,0.0,,,
251.4426413,1421.91827,251.4359245,1421.924408,145.12949522428613,-37.90758032640258,st,True,True,985461732,0,,False,251.44264130061492,1421.918270001188,251.2379355888863,1422.492097428638,252.3,1422.87,-37.907571907968645,145.12950518916614,1.2809582077686699,1.1272937358098696,0.6783430381525681,-31.468345713582607,obs=0.020 trans=1.000 fs=0.020 ft=1.000,8,13.239199994131923,0.0,,,
251.7787016,1410.822969,248.9720735,1411.222061,145.12949651398677,-37.90768033613389,st,True,True,-10539447#1,0,,False,251.778701600153,1410.8229689998552,247.07788590817236,1416.2841673960727,249.64008019347497,1415.9198322549257,-37.90763403587819,145.12947336158766,5.527360722984287,2.587968247624366,1.0587145581431967,-31.424309295768598,obs=0.020 trans=1.000 fs=0.020 ft=1.000,8,10.513999965041876,0.0,,,
248.7183179,1400.988832,247.5246329,1401.161334,145.12945947532455,-37.90776837110208,st,True,True,-10539447#0,0,,False,248.71831789950375,1400.9888319997117,244.28546979235205,1407.3038823982934,248.01,1404.52,-37.9077364335103,145.12945222764392,3.6015082525266284,4.649959835870596,2.504759385237467,-31.405420545946647,obs=0.020 trans=1.000 fs=0.020 ft=1.000,8,8.689799986314029,0.0,,,
248.9675343,1387.39599,245.6055873,1387.881831,145.1294592078159,-37.90789086354684,st,True,True,-10539447#0,0,,False,248.96753430075478,1387.3959900001064,243.7928766614172,1394.9064525999709,246.56288052860924,1394.5061541922464,-37.907826378927055,145.12943349001563,7.505784076502859,2.798778347687708,2.798778347687708,-31.379478212526795,obs=0.020 trans=1.000 fs=0.020 ft=1.000,8,11.52850000653416,0.0,,,
247.1318233,1375.931151,243.9451223,1376.391667,145.12943572099513,-37.907993809596185,st,True,True,-10539447#0,0,,False,247.13182329956908,1375.9311510007828,243.5189922264133,1381.6792211437028,244.68488839177093,1381.510735321682,-37.90794310513863,145.12940917327643,6.0925570688360855,1.1780073601712464,1.1780073601712464,-31.36739058834362,obs=0.020 trans=1.000 fs=0.020 ft=1.000,8,7.652200001757592,0.0,,,
244.6890716,1363.55454,242.143173,1363.922453,145.12940512427363,-37.90810485935731,st,True,True,-10539447#0,0,,False,244.68907160073286,1363.554540000856,242.77743396323768,1367.8858770256672,242.71719284954094,1367.8945825809835,-37.90806540683683,145.12938369494327,4.76699857423126,0.06086689143359734,0.06086689143359734,-31.3665031047377,obs=0.020 trans=1.000 fs=0.020 ft=1.000,8,6.859000015538186,0.0,,,
240.9224136,1348.967768,240.0012804,1349.100883,145.1293589708858,-37.90823557942028,st,True,True,-10539447#0,0,,False,240.9224135974655,1348.9677680004388,240.842340433267,1352.9431545029774,240.56238077351068,1352.9836119937972,-37.90819933871177,145.12935579366078,4.031950720596404,0.28286784839268175,0.28286784839268175,-31.349316653024076,obs=0.020 trans=1.000 fs=0.020 ft=1.000,8,7.5243000173941255,0.0,,,
238.6681106,1332.424314,237.6133457,1332.57674,145.1293295658462,-37.908384199075805,st,True,True,-10539447#0,0,,False,238.668110603292,1332.4243139997125,238.76025346029607,1336.5058504338438,238.19299525890114,1336.5878259709455,-37.908346607337975,145.12932511387592,4.1905329643228075,0.5731508141256791,0.5731508141256791,-31.339226363825475,obs=0.020 trans=1.000 fs=0.020 ft=1.000,8,7.242299965582788,0.0,,,
236.7243891,1322.123897,236.1155017,1322.211888,145.12930511628906,-37.90847663618215,st,True,True,-10539447#0,0,,False,236.72438909701305,1322.123897000216,236.7319433276702,1322.4546051814293,236.16246995007907,1322.5369008377606,-37.90847281417223,145.12929882168643,0.697370272895001,0.5753890013165402,0.5753890013165402,-31.339065017857255,obs=0.020 trans=1.000 fs=0.020 ft=1.000,8,5.587899999227375,0.0,,,
235.2652209,1309.831686,234.3699324,1309.955195,145.1292857214317,-37.90858710340184,st,True,True,-10539447#0,0,,False,235.26522089913487,1309.831686001271,234.9891182956577,1309.232511504836,234.91,1313.87,-37.90855066114896,145.1292826040717,4.053906984565857,4.638163348512447,1.7058019481694884,-31.341301122570695,obs=0.020 trans=1.000 fs=0.020 ft=1.000,8,7.31459999224171,0.0,,,
231.7416228,1293.572242,232.1363466,1293.519982,145.12924194936596,-37.908732935138026,st,True,True,-4577073#9,0,,False,231.7416228003567,1293.5722420001402,232.39673756140908,1294.583578699516,232.27922378095346,1294.5991371940197,-37.90872378182225,145.12924829603458,1.1591067912626987,0.11853925657010903,0.11853925657010903,-31.333476412542463,obs=0.020 trans=1.000 fs=0.020 ft=1.000,8,6.134299968834966,0.0,,,
231.7991545,1282.376961,230.6806482,1282.525048,145.1292400490734,-37.908833795135365,st,True,True,-4577073#9,0,,False,231.7991544995457,1282.3769610002637,231.02628393654686,1281.499933151448,230.55321832862242,1281.5625657093678,-37.90884090615125,145.1292256973057,1.488488035507264,0.47719378318719274,0.47719378318719274,-31.323969604626498,obs=0.020 trans=1.000 fs=0.020 ft=1.000,8,11.643800011370331,0.0,,,
229.9978889,1269.091913,228.8316693,1269.256672,145.12921653790673,-37.90895314418582,st,True,True,-4577073#9,0,,False,229.99788890237687,1269.0919129997492,229.57249335809334,1268.466575961956,228.73672845544507,1268.5846497198736,-37.908957485732,145.12920208309697,1.3593534154204887,0.844064206566908,0.844064206566908,-31.323125533431735,obs=0.020 trans=1.000 fs=0.020 ft=1.000,8,5.503799999132752,0.0,,,
227.4317213,1257.723872,227.2068464,1257.755641,145.1291847673245,-37.90905508611837,st,True,True,-4577073#9,0,,False,227.4317213020404,1257.7238720003515,227.6317901159275,1256.3805957076102,227.02470194688664,1256.4663628668661,-37.90906634045829,145.12917985267805,1.3217389970296882,0.6131166696447011,0.6131166696447011,-31.32359079252189,obs=0.020 trans=1.000 fs=0.020 ft=1.000,8,5.773400014732033,0.0,,,
228.2622209,1244.995171,225.4600236,1245.391055,145.1291913055021,-37.909169899237305,st,True,True,-4577073#9,0,,False,228.26222090038937,1244.995171001181,227.05288142508465,1244.2032096284752,225.3266628299281,1244.4470833731984,-37.90917430582512,145.1291578038122,2.986285524359291,1.7433602730444469,1.7433602730444469,-31.327289906049355,obs=0.020 trans=1.000 fs=0.020 ft=1.000,8,8.13089997973293,0.0,,,
226.0159884,1232.237242,223.6489456,1232.571649,145.12916285522604,-37.90928441941698,st,True,True,-4577073#9,0,,False,226.01598839927465,1232.2372420001775,225.84308751477997,1231.8703404946828,223.59474205825492,1232.187978381016,-37.90928442546023,145.12913531492342,2.4217474575343942,2.2706719531255515,2.270671953125551,-31.33332421762808,obs=0.020 trans=1.000 fs=0.020 ft=1.000,8,6.552900013048202,0.0,,,
222.2310967,1219.606263,221.8253425,1219.663586,145.12911693956494,-37.90939751781488,st,True,True,-4577073#9,0,,False,222.23109669983387,1219.6062629986554,223.3656154090741,1219.450747683894,221.82600257845615,1219.668258460038,-37.909396886107956,145.12911234786975,0.409810546968747,1.5549014778892687,1.5549014778892687,-31.33593252525696,obs=0.020 trans=1.000 fs=0.020 ft=1.000,8,5.695900006685406,0.0,,,
220.1764105,1201.975983,219.3431351,1202.093705,145.12908955508246,-37.90955596381664,st,True,True,-4577073#9,0,,False,220.17641050019301,1201.975982999429,220.90485020325605,1204.432386192744,219.69763008592503,1204.6029377622526,-37.909532213063805,145.1290847108852,2.6702288312067526,1.2192080419479674,1.2192080419479674,-31.334153410210927,obs=0.020 trans=1.000 fs=0.020 ft=1.000,8,5.7286000228486955,0.0,,,
218.1049826,1188.239862,217.4082027,1188.33771,145.12906286875648,-37.90967932733121,st,True,True,-4577073#9,0,,False,218.10498260013992,1188.2398619996384,218.51421180127042,1189.6350522898688,218.81,1198.32,-37.90958865067999,145.12907318494732,10.104762819603366,8.689983163747792,1.8754573313067364,-31.338532521018685,obs=0.020 trans=1.000 fs=0.020 ft=1.000,8,10.986500012222677,0.0,,,
216.3818146,1175.192081,215.5780334,1175.304955,145.12904029908242,-37.90979655308191,st,True,True,-4577073#4,0,,False,216.38181459892076,1175.1920809997246,216.38909391307647,1175.4778763460458,214.68,1168.91,-37.90985283576427,145.1290195160794,6.508510936934743,6.786604578186523,1.4711513165930528,-31.524317082595143,obs=0.020 trans=1.000 fs=0.020 ft=0.905,8,9.811400028411299,0.0,,,
215.3275147,1162.865344,213.9109307,1163.051299,145.1290254988281,-37.90990740443432,st,True,True,-4577073#4,0,,False,215.3275147015229,1162.865344000049,214.80230484515656,1162.193605500706,213.81534857142037,1162.3231628485516,-37.909912015116,145.1290081819446,1.6064267197940092,0.9954234237991308,0.995423423799131,-31.52466511185494,obs=0.020 trans=1.000 fs=0.020 ft=1.000,8,6.229699996765703,0.0,,,
215.2371577,1149.079267,212.1303632,1149.487095,145.12902132542894,-37.91003157612402,st,True,True,-4577073#4,0,,False,215.23715769918635,1149.0792670007795,214.06046377463466,1148.7727219125527,212.07087177607306,1149.0338948433985,-37.91003141236307,145.1289853147089,3.1666109927761585,2.0066608135275077,2.0066608135275077,-31.52922858131738,obs=0.020 trans=1.000 fs=0.020 ft=1.000,8,6.158199976198375,0.0,,,
211.4575709,1135.481743,210.311623,1135.632173,145.1289752487797,-37.91015338224462,st,True,True,-4577073#4,0,,False,211.45757090079132,1135.4817430004478,211.99152803089953,1135.3158783961044,210.29926394534056,1135.5380234307472,-37.910152665824874,145.12896209176378,1.1596734410515412,1.706782397287135,1.706782397287135,-31.529070832704956,obs=0.020 trans=1.000 fs=0.020 ft=1.000,8,7.437200052663684,0.0,,,
208.4431729,1122.593368,208.5973505,1122.573129,145.1289380339624,-37.91026893852722,st,True,True,-4577073#4,0,,False,208.44317290035542,1122.593368000351,209.35376593467308,1122.1741919621747,208.55868263592708,1122.2785632647692,-37.9102717952432,145.12893927545716,0.3353274825547162,0.8019044960280977,0.8019044960280977,-31.523429707332507,obs=0.020 trans=1.000 fs=0.020 ft=1.000,8,5.269199959002435,0.0,,,
210.1700179,1109.071683,206.9073084,1109.489282,145.1289545822211,-37.91039105707487,st,True,True,-4577073#3,0,,False,210.1700179008767,1109.0716829998419,208.75775871649793,1108.9135643448212,206.86463427598233,1109.155867799318,-37.9103897010603,145.12891701935933,3.3064555022232973,1.9085678168036366,1.9085678168036366,-31.524960847964255,obs=0.020 trans=1.000 fs=0.020 ft=1.000,8,5.855600000359118,0.0,,,
208.7476217,1093.240803,204.8908256,1093.734439,145.12893479672013,-37.910533407931894,st,True,True,-4577073#3,0,,False,208.7476216998184,1093.2408029995859,207.9897326331727,1094.3851419812572,205.0227149144053,1094.764894430396,-37.91051900505686,145.12889279243996,4.024647220500887,2.991221500676046,2.991221500676046,-31.450082012414164,obs=0.020 trans=1.000 fs=0.020 ft=1.000,8,6.103099964093417,0.0,,,
206.2121928,1081.706447,203.3978563,1082.066381,145.1289033365223,-37.910636853494346,st,True,True,-4577073#3,0,,False,206.21219280082732,1081.7064469987527,206.46226461312622,1081.1674033662619,203.33405036091168,1081.5674794886522,-37.910637584919485,145.12887058033795,2.8814954230932104,3.153693915310289,3.153693915310289,-31.358958730407885,obs=0.020 trans=1.000 fs=0.020 ft=1.000,8,6.660000013653189,0.0,,,
204.0740031,1068.301282,201.6766121,1068.607891,145.1288759658718,-37.91075722353065,st,True,True,-4577073#3,0,,False,204.07400310004596,1068.301282000728,204.58377537280964,1067.9485052070163,201.6404245501252,1068.3249386252646,-37.91075657038081,145.12884830144796,2.433693529292229,2.96732475198979,2.96732475198979,-31.367259642892208,obs=0.020 trans=1.000 fs=0.020 ft=1.000,8,11.557599995285273,0.0,,,
203.6367728,1054.885652,199.9814254,1055.353145,145.1288679327,-37.910877995400135,st,True,True,-4577073#3,0,,False,203.6367727991892,1054.8856520010158,203.34332145756719,1054.6915236994494,199.95227465613635,1055.1252142160756,-37.91087517112397,145.12882609451196,3.692277971800639,3.4186672657200536,3.4186672657200536,-31.38063016549353,obs=0.020 trans=1.000 fs=0.020 ft=1.000,8,6.317200022749603,0.0,,,
201.8868718,1040.448844,198.1320436,1040.933338,145.12884474129154,-37.91100772889753,st,True,True,-4577073#2,0,,False,201.88687179901171,1040.4488440006971,201.89693932153668,1040.87361914401,198.08,1040.53,-37.91100630944027,145.1288014754819,3.8077367543375993,3.83237522959626,3.83237522959626,-31.393955680843373,obs=0.020 trans=1.000 fs=0.020 ft=1.000,8,8.579600020311773,0.0,,,
197.6288879,1027.363995,196.3907349,1027.528904,145.12879334128223,-37.91112483010925,st,True,True,-4577073#1,0,,False,197.62888789980207,1027.3639949997887,199.03203995475,1027.351593335763,195.97,1024.37,-37.911151500689016,145.1287737962461,3.422851899055832,4.273872658883565,3.595822166613228,-31.406476719471144,obs=0.020 trans=1.000 fs=0.020 ft=1.000,8,6.106399989221245,0.0,,,
195.8074354,1015.421907,194.7513822,1015.568117,145.1287699055111,-37.911232077661744,st,True,True,-4577073#1,0,,False,195.80743540078402,1015.4219070002437,196.45011165566197,1014.6278493546328,194.65560019182396,1014.8762988785502,-37.91123678432747,145.12875668451096,1.274524448983984,1.8116287036202592,1.8116287036202592,-31.40977540414493,obs=0.020 trans=1.000 fs=0.020 ft=1.000,8,6.0523999854922295,0.0,,,
196.6879654,1001.584737,192.8882225,1002.11081,145.12877675894052,-37.911356885128505,st,True,True,-4577073#1,0,,False,196.6879654005752,1001.5847369991243,195.50170745358682,1001.4804636230724,192.85174647013827,1001.8473498525588,-37.911353825731155,145.12873320066674,3.8451971591885425,2.6752380677588894,2.6752380677588894,-31.41416823865474,obs=0.020 trans=1.000 fs=0.020 ft=1.000,8,6.381200044415891,0.0,,,
193.5816436,989.8197648,191.2688934,990.1289573,145.1287387543634,-37.91146230482216,st,True,True,-4577073#1,0,,False,193.58164359949296,989.8197647994384,193.67121186107113,989.0477256441778,191.1690642660602,989.382238759957,-37.91146580986422,145.12871122317452,2.4519314989067786,2.5244091609418824,2.5244091609418824,-31.411858928911276,obs=0.020 trans=0.999 fs=0.020 ft=1.000,8,5.774300021585077,0.0,,,
191.5594067,976.3335609,189.4620673,976.6139551,145.12871268298574,-37.91158342577397,st,True,True,-4577073#1,0,,False,191.55940669728443,976.3335609007627,191.72859681680495,976.2177495471831,189.4498271532454,976.5223991776926,-37.91158134317847,145.12868873987404,2.118014576782182,2.299043839714442,2.299043839714442,-31.406033700493104,obs=0.020 trans=1.000 fs=0.020 ft=1.000,8,5.764100002124906,0.0,,,
190.2846077,964.3413904,187.8645964,964.6649227,145.12869545102893,-37.911691223307834,st,True,True,-4577073#1,0,,False,190.2846076998394,964.3413904001936,190.0932168689042,963.8299882764347,187.79406664357847,964.137362592423,-37.911692610835715,145.12866708661443,2.4988841708380525,2.3196057270028736,2.319605727002874,-31.40175314367432,obs=0.020 trans=1.000 fs=0.020 ft=1.000,8,6.661699968390167,0.0,,,
188.5870044,950.8163628,186.0583714,951.1544168,145.12867306176307,-37.911812752682295,st,True,True,-4577073#1,0,,False,188.587004399742,950.8163627991453,188.45960387479892,950.9576565699668,186.07469227725315,951.2764963582125,-37.91180815335717,145.1286446013663,2.5541016215069265,2.4061301167386695,2.406130116738684,-31.394380864005534,obs=0.020 trans=1.000 fs=0.020 ft=1.000,8,5.976000044029206,0.0,,,
185.1537997,938.3974825,184.3669551,938.502676,145.12863119078943,-37.911924003753406,st,True,True,-4577073#1,0,,False,185.1537997032283,938.3974825004116,185.94121849351356,938.2893685981915,184.36658163570635,938.4998824314185,-37.91192293894437,145.12862226334337,0.7938501317649326,1.5886463759896072,1.5886463759896072,-31.37917673576494,obs=0.020 trans=1.000 fs=0.020 ft=1.000,8,5.553099967073649,0.0,,,
184.1232992,925.5835417,182.6658402,925.77839,145.1286165487521,-37.91203924812998,st,True,True,-4577073#1,0,,False,184.12329919985496,925.5835416996852,184.03631475910552,925.566395560277,182.66206079788208,925.750120123671,-37.91203748328746,145.12859997219002,1.4707025663735842,1.386480676076172,1.386480676076172,-31.36541722527897,obs=0.020 trans=1.000 fs=0.020 ft=1.000,8,5.606100021395832,0.0,,,
182.5205476,913.6550178,181.0709702,913.8488124,145.12859560215475,-37.91214641298163,st,True,True,-4577073#1,0,,False,182.52054759883322,913.6550178006291,182.29871969005535,913.2467152007505,181.0134474077298,913.4185437677952,-37.91214827062449,145.12857841210283,1.5255395616727432,1.296707328647036,1.2967073286470512,-31.36341653944945,obs=0.020 trans=1.000 fs=0.020 ft=1.000,8,11.022600054275244,0.0,,,
180.7248878,902.7748729,179.6485474,902.7784135,145.12857270139958,-37.91224409891392,st,True,True,-4577073#1,0,,False,180.72488780075219,902.7748728999868,180.5702544633091,901.7230808563871,179.64508593478263,901.7261241739152,-37.91225335097814,145.12856018438345,1.5052727195389406,0.9251735339694043,0.9251735339694044,-31.365778557918418,obs=0.020 trans=0.989 fs=0.020 ft=1.000,8,6.032100005540997,0.0,,,
181.0314062,889.8981747,179.7545015,889.8472118,145.12857324711186,-37.91236015041537,st,True,True,-4577073#0,0,,False,181.0314061989775,889.8981746993959,179.89398424978586,889.6996532081258,179.7606032453227,889.6943297977481,-37.9123617568597,145.128558751219,1.2870481307804906,0.13348719432833803,0.13348719432833803,-31.357835029442423,obs=0.020 trans=1.000 fs=0.020 ft=1.000,8,6.155600014608353,0.0,,,
179.7614997,874.1097759,179.304569,874.1361298,145.12855520373995,-37.91250214602923,st,True,True,491516483#0,0,,False,179.76149969990365,874.1097758989781,179.11541751806507,875.8134002540073,179.40035935924956,875.7969659493419,-37.91248688214363,145.12855148262986,1.7254079551498642,0.28541538015223034,0.28541538015223034,-31.351329853645296,obs=0.020 trans=1.000 fs=0.020 ft=1.000,8,6.477900024037808,0.0,,,
178.4770128,866.1653713,178.843628,866.1442264,145.1285387851755,-37.91257347861732,st,True,True,491516483#0,0,,False,178.47701279912144,866.1653713006526,178.1937249765374,864.6264394995765,178.75422360341125,864.5941121826745,-37.91258768299289,145.12854157844836,1.5955253197127173,0.5614301079792144,0.5614301079792144,-31.344998144942046,obs=0.020 trans=1.000 fs=0.020 ft=1.000,8,6.010599958244711,0.0,,,
178.8677529,852.4028305,178.3683069,852.4140408,145.12854008621645,-37.91269752520376,st,True,True,491516483#0,0,,False,178.86775289999787,852.4028305001557,177.982396275766,852.4079585640202,178.36797611058083,852.3993040845619,-37.912697466579985,145.12853440279395,0.49978923042313084,0.3856769490525949,0.3856769490525949,-31.337947250654988,obs=0.020 trans=1.000 fs=0.020 ft=1.000,8,5.604300007689744,0.0,,,
185.7690031,833.117535,185.0792351,831.827511,145.1286141531786,-37.912872499425305,st,True,True,491516483#0,0,,False,185.76900309685152,833.1175349997357,181.50833550553344,836.627600082529,180.01,837.37,-37.91283315074794,145.12854964214625,7.158880865611524,1.6721743104721591,1.0772683294687988,-31.33624313783715,obs=0.020 trans=1.000 fs=0.020 ft=1.000,8,5.9374000411480665,0.0,,,
200.7170259,830.5796513,201.003162,829.203238,145.12878353797433,-37.91289806452941,st,True,True,-491516483#1,0,,False,200.7170258971164,830.5796513007954,191.5272363602993,826.9127254676774,190.68,825.81,-37.91293921543336,145.1286683247695,11.112671253598961,1.3906160171944388,1.1733776933742626,-31.33556124601987,obs=0.020 trans=1.000 fs=0.020 ft=1.000,8,5.697899963706732,0.0,,,
213.6206251,829.0900828,213.8564537,826.5018637,145.12892991635678,-37.91291381626294,st,True,True,1470433047#3,0,,False,213.6206251005642,829.0900828009471,204.5901019394705,821.9771951713328,205.46,818.93,-37.91300386479788,145.12883480816166,13.031618646739982,3.168930584267728,1.7697037954943595,-31.327974329666226,obs=0.020 trans=1.000 fs=0.020 ft=1.000,8,6.649000046309084,0.0,,,
226.3660422,826.9315027,226.082292,825.0177656,145.12907434353951,-37.9129355658163,st,True,True,1470433046#0,0,,False,226.36604219989385,826.9315027007833,219.0557982392907,819.6719128376222,220.20889081452106,826.0657075960853,-37.9129422517857,145.1290041369671,6.217725817830601,6.496940349149055,6.496940349149055,-31.37966718945678,obs=0.019 trans=1.000 fs=0.019 ft=1.000,8,13.6396000161767,0.0,,,
239.2908637,824.8796445,239.0267709,823.0984854,145.12922083506078,-37.91295638625615,st,True,True,-1470433046#0,0,,False,239.29086370114237,824.8796444991603,234.01013076572787,818.7506535693501,225.16,821.92,-37.91298049245128,145.12905948666673,14.437479160216077,9.400509101530401,6.909265953532002,-31.439317360938766,obs=0.019 trans=1.000 fs=0.019 ft=1.000,8,7.230099989101291,0.0,,,
250.4410127,822.5648999,250.3157184,821.5662212,145.12934708802013,-37.91297925382192,st,True,True,1470433046#2,0,,False,250.4410126983421,822.5648998999968,247.9613903152555,818.1878766004993,249.09,821.72,-37.91298662062099,145.12933153372072,1.593452588593761,3.708052794904585,2.7300127868355015,-31.469863680349338,obs=0.020 trans=1.000 fs=0.020 ft=1.000,8,11.085000005550683,0.0,,,
261.3573332,819.603221,261.4286906,820.1719864,145.12947053473357,-37.913007906709886,st,True,True,1470433046#2,0,,False,261.35733319912106,819.6032210011035,260.81245019764276,817.1737593205789,261.19232852663845,820.2016403780997,-37.913002486189015,145.12946879511486,0.6207513936396503,3.0516178075462688,3.051617807546269,-31.481110139695822,obs=0.020 trans=1.000 fs=0.020 ft=1.000,8,9.851399983745068,0.0,,,
272.3272402,819.9039277,272.1914622,818.8216877,145.12959533519268,-37.91300718087267,st,True,True,1470433046#2,0,,False,272.3272402002476,819.9039276996627,272.80988696585285,817.2426209983018,272.99534358242784,818.7208326609776,-37.9130179592187,145.12960266183836,1.3587037940044076,1.4897999450604644,1.4897999450604642,-31.48369858615491,obs=0.020 trans=1.000 fs=0.020 ft=1.000,8,9.669399994891137,0.0,,,
283.3237689,817.156136,283.3569812,817.4208603,145.12971974285392,-37.91303392125836,st,True,True,1470433046#2,0,,False,283.32376890059095,817.1561359995976,284.21943767354657,816.3527195636111,284.33800519027847,817.2977809439191,-37.91303282861101,145.12973130741162,1.0240793629260034,0.9524700880203708,0.9524700880203708,-31.483381951423535,obs=0.020 trans=1.000 fs=0.020 ft=1.000,8,5.998800043016672,0.0,,,
294.5708206,815.7153717,294.6077023,816.0093435,145.12984729732273,-37.91304893280257,st,True,True,1470433046#2,0,,False,294.57082060328685,815.7153717009351,295.39210299316596,815.3242733261595,295.4645647565238,815.9018414155158,-37.91304741457406,145.12985750206667,0.9129893569484365,0.5820958726804578,0.5820958726804578,-31.480337040196453,obs=0.020 trans=1.000 fs=0.020 ft=1.000,8,6.2630000174976885,0.0,,,
305.2803713,815.5376825,305.1732418,814.6837896,145.12996902838645,-37.91305246901049,st,True,True,1470433046#2,0,,False,305.280371296918,815.5376824997365,306.1892748413215,814.7922084945308,306.1601385989832,814.5599734089005,-37.91306143542546,145.12997880864168,1.3152587472001376,0.2340556677700361,0.2340556677700361,-31.476490703361232,obs=0.020 trans=1.000 fs=0.020 ft=1.000,8,5.784399982076138,0.0,,,
316.4872991,814.5747151,316.3143736,813.2714029,145.13009623571045,-37.91306316893522,st,True,True,1470433046#2,0,,False,316.4872991006123,814.5747151011601,317.0356320089393,814.1720198960397,314.29,813.54,-37.91307209279584,145.13007101556977,2.4287360247915664,2.817435762799556,2.635085481532833,-31.415786377791026,obs=0.020 trans=1.000 fs=0.020 ft=1.000,8,8.684100001119077,0.0,,,
326.9801326,812.9475787,326.8138136,811.807504,145.1302151720666,-37.91307972266792,st,True,True,1470433046#3,0,,False,326.9801325989538,812.947578699328,327.60895471408537,813.1141162993747,327.40574295580797,811.721150783138,-37.913090847511356,145.13021973168918,1.298179344109164,1.4077101790236406,1.4077101790236406,-31.345236527070007,obs=0.020 trans=1.000 fs=0.020 ft=1.000,8,8.129699970595539,0.0,,,
338.3398423,811.7332669,338.11744,810.1731309,145.130344059349,-37.91309271410091,st,True,True,1470433046#3,0,,False,338.3398422995815,811.7332669002935,338.46971831852983,811.9485776426811,333.72,810.8,-37.913100286411705,145.1302913171159,4.713165600759839,4.8866199674872,4.504257578522315,-31.36992439385131,obs=0.019 trans=1.000 fs=0.019 ft=1.000,8,6.874200014863163,0.0,,,
350.5821083,810.7296699,350.2604905,808.4518121,145.1304830297427,-37.91310396668441,st,True,True,1360476884,0,,False,350.5821083005285,810.7296699015424,350.0041493919079,810.8273808954449,349.68030186191777,808.5337307642898,-37.913123585260315,145.13047227506277,2.3739004922779343,2.3163998244751705,2.3163998244751705,-31.364991064980682,obs=0.020 trans=1.000 fs=0.020 ft=1.000,8,12.012799968943,0.0,,,
361.9218378,808.3952312,361.7017398,806.8363869,145.13061143451355,-37.91312704457076,st,True,True,1360476884,0,,False,361.92183780216146,808.3952312003821,361.5404894861523,809.0779181513419,361.23333858697873,806.9025219079451,-37.913140366844026,145.130603265614,1.6438406860261607,2.196973029112555,2.196973029112555,-31.36825004824862,obs=0.020 trans=1.000 fs=0.020 ft=1.000,8,6.867100019007921,0.0,,,
372.7158251,806.7776112,372.4451416,805.2801202,145.13073379751663,-37.91314356646606,st,True,True,1360476884,0,,False,372.7158250999055,806.7776111997664,372.7687506132172,807.276747718524,372.40902425581936,805.2866486767907,-37.913156941967586,145.13072996909673,1.5222010389071345,2.022349437687383,2.022349437687383,-31.372228420723044,obs=0.020 trans=1.000 fs=0.020 ft=1.000,8,7.069999992381781,0.0,,,
385.3227822,804.3996266,385.1189043,803.2770699,145.1308766013995,-37.91316726526346,st,True,True,1470433048,0,,False,385.3227821966866,804.3996266014874,384.6825818550307,805.098539812332,384.3762642381952,803.411947632888,-37.913175991521044,145.1308656139161,1.36799341765975,1.7141830888634642,1.7141830888634642,-31.375477905794483,obs=0.020 trans=1.000 fs=0.020 ft=1.000,8,6.223300006240606,0.0,,,
396.6316222,803.121653,396.2913205,801.247944,145.13100489605768,-37.91318082027007,st,True,True,1470433048,0,,False,396.6316221989691,803.1216529998928,396.4023471700299,803.2530110776501,396.04627145392664,801.2924496046479,-37.91319719241852,145.13099782334385,1.9205781827088768,1.992634237640912,1.992634237640912,-31.38037266723124,obs=0.020 trans=1.000 fs=0.020 ft=1.000,8,11.377100017853081,0.0,,,
405.9829333,800.4300335,405.42,799.59,145.13111061059553,-37.91320675602353,st,True,True,1470433048,0,,False,405.98293330078013,800.4300335012376,406.9683185704652,800.9584021274054,405.5580893361653,799.4600335659621,-37.91321541726941,145.13110555880897,1.0589581052638932,2.0576333101880993,2.0576333101880993,-31.3769853914115,obs=0.020 trans=1.000 fs=0.020 ft=1.000,8,6.766000005882233,0.0,,,
409.0103619,795.4063401,408.5519489,795.2690907,145.1311438884221,-37.9132525573874,st,True,True,711979119,0,,False,409.0103619011352,795.4063401008025,413.5650668457754,797.197161117072,408.86,792.52,-37.91327853103622,145.13114152073592,2.890253947114953,6.6342663602138625,5.388974850910573,-31.410809643906024,obs=0.019 trans=1.000 fs=0.019 ft=1.000,8,7.3655000305734575,0.0,,,
404.3935659,796.3727691,406.5874438,798.3535275,145.13109161387075,-37.913243017715125,st,True,True,-45897759#2,0,,False,404.39356590108946,796.3727690996602,413.7230519212614,795.5082940357682,414.0631453411035,797.6921523440801,-37.91323287885157,145.13120186174692,9.759177152424192,2.2101811339803525,2.2101811339803525,-31.439859119341637,obs=0.020 trans=1.000 fs=0.020 ft=1.000,8,6.0742999776266515,0.0,,,
392.9754148,797.5923992,391.9501521,795.8214909,145.1309620628712,-37.91322996862659,st,True,True,-45897759#2,0,,False,392.9754147994099,797.5923992004246,406.43325396247474,795.4346311804944,411.38,798.11,-37.913228630187795,145.13117144853962,18.411862127267312,5.623868302170188,2.309145773072447,-31.43981717690972,obs=0.020 trans=1.000 fs=0.020 ft=1.000,8,6.125200015958399,0.0,,,
382.7327321,801.5956452,383.1045556,803.6429144,145.13084651216585,-37.91319205629564,st,True,True,711979119,0,,False,382.7327320992481,801.5956452023238,395.32651666235563,797.7887520932524,393.2109950992702,795.0363393553647,-37.91325303674369,145.1309641587466,12.361977539681241,3.4714848931783813,3.4714848931783813,-32.88021188430188,obs=0.020 trans=0.264 fs=0.005 ft=0.905,8,6.297899992205203,0.0,,,
371.1628423,802.5232803,371.1168083,802.2697163,145.13071516939826,-37.913181609885015,st,True,True,-725249377#5,0,,False,371.1628423008369,802.5232803011313,381.8069545121098,800.0828712939367,383.3843436581251,808.3371542224002,-37.913131444970105,145.1308554583674,13.533891731449843,8.403650586565934,8.403650586565934,-32.819129721021845,obs=0.018 trans=1.000 fs=0.018 ft=1.000,8,6.363400025293231,0.0,,,
358.5470888,805.5203538,358.3436752,804.0786151,145.13057240670764,-37.91315233241163,st,True,True,-1360476884,0,,False,358.5470888009295,805.5203537996858,366.90078771742077,803.1535409045938,366.8617437787857,802.8768084272505,-37.913177648206755,145.13066634480577,8.7247819191607,0.2794732422982856,0.2794732422982856,-32.8720624954321,obs=0.020 trans=1.000 fs=0.020 ft=1.000,8,6.2904999940656126,0.0,,,
346.5860028,807.3497602,346.3629694,805.7689622,145.1304368216647,-37.91313369165923,st,True,True,-725249377#4,0,,False,346.58600280224346,807.3497602008283,352.0329914761606,806.0083272923,352.9890703379097,813.7056473875857,-37.91307759328892,145.13051107649963,9.022005087401025,7.756469779427534,7.756469779427533,-31.815284895178614,obs=0.019 trans=1.000 fs=0.019 ft=1.000,8,9.772500023245811,0.0,,,
336.2649652,807.7142809,336.1937946,807.2171491,145.13031955058074,-37.91312854311266,st,True,True,-1360476884,0,,False,336.26496519963257,807.7142808986828,338.51368244986344,807.8404051326986,342.67,806.29,-37.91314253066393,145.13039205349182,6.561482063701063,4.4360716465214605,2.1086934921829794,-31.997875036589495,obs=0.020 trans=1.000 fs=0.020 ft=1.000,8,6.246800010558218,0.0,,,
325.1356265,808.2738985,325.214163,808.811874,145.1301931333208,-37.91312149091093,st,True,True,-1470433046#3,0,,False,325.13562650146196,808.2738985000178,325.8095310405182,809.009459589783,325.7688647724702,808.730895653654,-37.9131174886072,145.1302004377202,0.7809206786230232,0.28151662804997835,0.28151662804997835,-31.989262467111292,obs=0.020 trans=1.000 fs=0.020 ft=1.000,8,12.683900014963001,0.0,,,
315.3874308,809.7530623,315.4421564,810.1652504,145.13008262996829,-37.913106404691185,st,True,True,-1470433046#2,0,,False,315.38743080117274,809.753062300384,314.4782712102598,810.2074852262231,313.9,810.37,-37.913100578378916,145.13006585803484,1.6102988894875638,0.6006734922660576,0.1270767907893295,-31.9038397483493,obs=0.020 trans=1.000 fs=0.020 ft=1.000,8,8.982100000139326,0.0,,,
298.3471588,812.4139252,298.3353974,812.3200506,145.1298894825581,-37.91307935547542,st,True,True,-1470433046#2,0,,False,298.3471587988897,812.4139252007008,300.4275584863064,812.0639981576631,300.42680984234045,812.058022750929,-37.9130829373816,145.12991304778862,2.1098850718177085,0.006022122003590193,0.006022122003590193,-31.34006794524514,obs=0.020 trans=1.000 fs=0.020 ft=1.000,8,7.136199972592294,0.0,,,
286.1174895,812.6529236,286.2652493,813.8322897,145.12975048112287,-37.913074992143265,st,True,True,-1470433046#2,0,,False,286.1174894993892,812.6529235988855,286.9344478314604,813.1659977016121,287.00629376588336,813.7394460961928,-37.91306536515705,145.12976083504205,1.403746473296703,0.577931569945963,0.577931569945963,-31.3254214421651,obs=0.020 trans=1.000 fs=0.020 ft=1.000,8,5.89229998877272,0.0,,,
271.3041648,815.6676387,271.3089864,815.706123,145.12958273589282,-37.91304515735956,st,True,True,-1470433046#2,0,,False,271.30416479933774,815.6676387013867,272.6346969182986,815.1430296403873,272.6836671792743,815.5338926413943,-37.913046611534064,145.12959839083157,1.3859707157130652,0.3939187378333703,0.3939187378333702,-31.32507702647853,obs=0.020 trans=1.000 fs=0.020 ft=1.000,8,6.095399963669479,0.0,,,
259.2989387,817.7011737,259.2384544,817.2184102,145.12944669603183,-37.91302466866332,st,True,True,-1470433046#2,0,,False,259.2989386994159,817.7011736985296,259.2609065651471,817.2393208464456,259.2579802226239,817.2159638334789,-37.91302903213547,145.1294461196045,0.48693552957618685,0.023539616294437463,0.023539616294437463,-31.324980087504002,obs=0.020 trans=1.000 fs=0.020 ft=1.000,8,6.246300006750971,0.0,,,
246.444607,823.6927127,246.2428174,822.0751931,145.1293019048132,-37.91296837174133,st,True,True,1470433046#1,0,,False,246.44460700033233,823.6927127009258,246.15545478442112,821.3783664815658,244.04,822.35,-37.912980032459984,145.12927425716657,2.754090089898036,2.327921957256127,0.5934098221439199,-31.32409631761264,obs=0.020 trans=1.000 fs=0.020 ft=1.000,8,8.302100002765656,0.0,,,
233.2570808,823.6989819,233.2940729,823.9484735,145.12915195936458,-37.91296593101295,st,True,True,-1470433046#0,0,,False,233.25708079861943,823.6989818997681,233.05868522005127,823.8354065605445,225.16,821.92,-37.91298049245128,145.12905948666673,8.290204705498784,8.127607919777716,1.9624215975817632,-31.32403642665097,obs=0.020 trans=1.000 fs=0.020 ft=1.000,8,5.504400003701448,0.0,,,
221.3905087,825.2800275,221.4905183,825.8345718,145.1290173930622,-37.912949543018435,st,True,True,-1470433046#0,0,,False,221.39050869987113,825.2800275022164,220.61614974661902,825.8274210421297,220.0750795490309,822.8413898891903,-37.9129712729412,145.1290018795937,2.770795419829109,3.0346563240411037,3.0346563240411037,-31.335448785892435,obs=0.020 trans=1.000 fs=0.020 ft=1.000,8,8.505099976900965,0.0,,,
210.0871015,826.4139925,210.0866106,826.3967513,145.12888912816348,-37.91293728410649,st,True,True,1470433046#0,0,,False,210.08710150263505,826.4139924999326,208.8816327277413,827.2923314796217,212.08,826.34,-37.9129383110179,145.12891177122904,1.9942716241389489,3.337137763912956,2.1212112609126446,-31.34105302177077,obs=0.020 trans=1.000 fs=0.020 ft=1.000,8,6.286200019530952,0.0,,,
202.7718656,823.0651723,205.5709419,819.0065116,145.12880518698515,-37.91296612816567,st,True,True,1470433047#2,0,,False,202.77186559856636,823.0651722997427,199.5826200151051,826.1795853110419,201.18,829.24,-37.912910216120075,145.1287884963633,6.376718059610603,3.452211013905898,1.4927741947799167,-31.351580555669344,obs=0.020 trans=1.000 fs=0.020 ft=1.000,8,5.9071999858133495,0.0,,,
199.7637971,807.6942707,200.3532979,807.5745675,145.12876747560472,-37.91310404857515,st,True,True,1470433047#1,0,,False,199.76379709911998,807.6942707002163,194.00555472551991,817.3431392032618,196.6,820.11,-37.91299163287049,145.12873433612884,12.812491800188909,3.7929757382296714,3.7929757382296714,-31.36914638073342,obs=0.020 trans=1.000 fs=0.020 ft=1.000,8,11.427799996454269,0.0,,,
197.7677255,795.4688699,198.2271966,795.4043757,145.12874198888932,-37.9132138166344,st,True,True,-93686025#2,0,,False,197.7677255005692,795.4688699012622,191.22946678767963,805.1291852474205,199.51510197236243,803.4467155710066,-37.91314226648937,145.12876367829102,8.166966760336173,8.45472971925809,8.45472971925809,-31.45830548405053,obs=0.018 trans=1.000 fs=0.018 ft=1.000,8,8.14600003650412,0.0,,,
197.2650441,782.3833155,196.5292868,782.4742281,145.1287332862028,-37.91333160320586,st,True,True,-93686025#2,0,,False,197.265044099011,782.3833155008033,190.73044609987704,790.8042452159935,197.4491181521522,789.8611709348983,-37.91326427437061,145.1287370861491,7.480120664151322,6.784537069372293,6.448028712445913,-31.51027613425427,obs=0.019 trans=1.000 fs=0.019 ft=1.000,8,8.027600008063018,0.0,,,
196.1310093,770.720468,195.1382413,770.8331039,145.1287177294846,-37.91343645954719,st,True,True,-93686025#0,0,,False,196.13100930070505,770.7204680005088,191.0422968334338,776.3634423096178,195.67,775.52,-37.913393140963535,145.12871358320635,4.821621821490768,4.703937874536626,4.190990161156715,-31.531106992211665,obs=0.020 trans=1.000 fs=0.020 ft=1.000,8,14.499599987175316,0.0,,,
198.5381926,760.3973765,193.9619037,760.9528433,145.12874274375508,-37.913529887494285,st,True,True,-93686025#0,0,,False,198.53819260036107,760.3973765000701,193.29062885712608,763.0210117081803,194.19954558073582,762.9106880231076,-37.913506462413096,145.12869398515298,5.014039566331336,0.9155877489052975,0.9155877489052974,-31.52734099521077,obs=0.020 trans=1.000 fs=0.020 ft=1.000,8,10.68089995533228,0.0,,,
206.4965897,753.816161,206.1368573,751.4502051,145.1288317320254,-37.91359061169752,st,True,True,-93686025#0,0,,False,206.49658970080782,753.8161610001698,199.32440756252734,752.631540596173,199.30277969474545,752.4892943659391,-37.913601263461665,145.1287496322879,7.315153960673529,0.1438810435065044,0.14388104350650444,-31.793848686932733,obs=0.020 trans=0.757 fs=0.015 ft=1.000,8,6.627700000535697,0.0,,,
223.113888,751.6948366,222.6939304,748.9327803,145.12902019404294,-37.913612725912614,st,True,True,-93686025#0,0,,False,223.113888000953,751.694836601615,211.93245044030192,746.6134213247093,212.5202898775192,750.479634340722,-37.91362175713288,145.12889946264917,10.663068870437813,3.9106467865474484,3.9106467865474484,-31.7995986025421,obs=0.020 trans=1.000 fs=0.020 ft=1.000,8,6.95480004651472,0.0,,,
229.0058979,751.5818403,228.4696003,748.054617,145.12908716308874,-37.913614809174334,st,True,True,-93686025#0,0,,False,229.00589789962396,751.5818403000012,223.09128767086074,744.4502858887944,223.74845161343018,748.7724453554059,-37.913639166182854,145.1290267423297,5.960993323845476,4.371833357097814,4.371833357097814,-31.82070429267414,obs=0.019 trans=1.000 fs=0.019 ft=1.000,8,8.54890001937747,0.0,,,
234.511181,747.1423585,234.5131402,747.1559408,145.129148747491,-37.91365579639093,st,True,True,-93686025#0,0,,False,234.51118099980522,747.1423585005105,232.42484507427596,742.3742567904264,231.92,747.53,-37.91365183592667,145.12911937303414,2.620016203361751,5.180401199915338,3.6460037678023847,-31.81933764082918,obs=0.020 trans=1.000 fs=0.020 ft=1.000,8,5.245100008323789,0.0,,,
249.3159205,745.262967,249.2947576,745.1088279,145.12931665535953,-37.91367540302938,st,True,True,-93686034#0,0,,False,249.31592050055042,745.2629670007154,244.8764031052036,741.2224667207986,245.48186510054902,745.6323277105192,-37.9136713825799,145.12927314465176,3.8518058289880983,4.451231085493942,4.451231085493942,-31.75475139526763,obs=0.019 trans=1.000 fs=0.019 ft=1.000,8,8.595400024205446,0.0,,,
258.0677465,744.9883474,257.9235267,743.9273653,145.12941610504285,-37.91367945906591,st,True,True,-93686034#0,0,,False,258.0677465002518,744.9883473999798,256.23194347539555,741.2119219140247,256.6250471751393,744.103868307191,-37.91368716583221,145.12939949904802,1.6922424791562107,2.9185414952848165,2.918541495284816,-31.71342740799659,obs=0.020 trans=1.000 fs=0.020 ft=1.000,8,6.720300007145852,0.0,,,
265.944776,742.1757009,266.0330403,742.8250352,145.12950502877567,-37.913706219978934,st,True,True,-93686034#0,0,,False,265.9447759978939,742.1757009001449,266.1523495820481,740.4429255931999,266.46811204689266,742.7658956438501,-37.91370099798072,145.12951111402208,0.7888031793032224,2.3443326961893236,2.3443326961893236,-31.698341779570978,obs=0.020 trans=1.000 fs=0.020 ft=1.000,8,6.140400015283376,0.0,,,
282.0065001,740.8262855,281.9834734,740.6568849,145.12968735030478,-37.91372127918038,st,True,True,-93686034#0,0,,False,282.00650009990204,740.8262854991481,279.13146312067744,739.681322929979,279.3134068278399,741.0198283880319,-37.913719048910494,145.12965677271131,2.7000389296941254,1.350814707431517,1.350814707431517,-31.421581540595902,obs=0.020 trans=1.000 fs=0.020 ft=1.000,8,8.066500013228506,0.0,,,
286.83428,738.2785148,287.0637051,739.9663265,145.12974166319214,-37.91374510268744,st,True,True,-93686034#0,0,,False,286.83427999948617,738.2785147996619,288.5006388658068,738.2178082023826,288.70793522061797,739.7428255095292,-37.91373225051646,145.1297633016275,2.3779801813106975,1.5390417687037545,1.5390417687037545,-31.424516475359823,obs=0.020 trans=1.000 fs=0.020 ft=1.000,8,5.252599949017167,0.0,,,
290.0587716,727.982122,292.0526697,727.6743082,145.12977597814654,-37.91383843766726,st,True,True,-93686034#0,0,,False,290.0587715989095,727.9821220012382,294.4851140940214,732.3138841101254,291.9,735.85,-37.9137678948933,145.1297987088166,8.08044715522495,4.380288856426258,2.954258567918991,-31.416309582106056,obs=0.020 trans=1.000 fs=0.020 ft=1.000,8,8.48810002207756,0.0,,,
287.1489565,717.8110655,290.5440251,717.4073523,145.12974057159016,-37.91392953482339,st,True,True,-46129059#4,0,,False,287.1489564992371,717.8110654996708,295.2217194883233,723.5100974062419,292.14,728.24,-37.9138364908184,145.12979970157576,11.561712245107305,5.645261158808428,5.127506041202738,-31.425282571231484,obs=0.019 trans=1.000 fs=0.019 ft=1.000,8,5.78710000263527,0.0,,,
288.1787959,707.9462955,289.4017033,707.8008775,145.12975003075073,-37.914018584970066,st,True,True,-46129059#3,0,,False,288.1787959006615,707.946295500733,294.7090393837543,713.1854212975775,290.1070601926532,713.7326502642048,-37.91396680875314,145.12977327625924,6.099188850045874,4.634400934019821,4.634400934019821,-31.435512981909504,obs=0.019 trans=1.000 fs=0.019 ft=1.000,8,5.934899963904172,0.0,,,
287.9241018,693.0776585,287.6547496,693.1096877,145.1297437424579,-37.914152478861666,st,True,True,-46129059#3,0,,False,287.92410180112347,693.0776585005224,293.19625578781444,699.6643623205224,288.50057363658215,700.2227336613139,-37.91408821866286,145.12975192740555,7.168292602177806,4.728764047784453,4.728764047784453,-31.43869767096344,obs=0.019 trans=1.000 fs=0.019 ft=1.000,8,6.075000041164458,0.0,,,
286.1041282,679.3031664,285.9113863,679.3292798,145.12971990565757,-37.91427623352487,st,True,True,-46129059#3,0,,False,286.10412820085185,679.3031664006412,290.61629575222,684.8757232952921,287.26,689.79,-37.91418197476917,145.1297354411728,10.55034210614546,5.951036607752001,5.164837190498327,-31.46139474439426,obs=0.019 trans=1.000 fs=0.019 ft=1.000,8,6.319900043308735,0.0,,,
284.4818691,667.3711116,284.3035853,667.3950745,145.12969873726576,-37.91438342684081,st,True,True,-46129059#2,0,,False,284.48186910059303,667.3711115987971,287.7380626705729,670.5621568356449,285.44,675.85,-37.91430722035592,145.12971156628518,8.532852005071408,5.765620293489454,5.62066826947063,-31.49401476440052,obs=0.019 trans=1.000 fs=0.019 ft=1.000,8,5.552799964789301,0.0,,,
284.9163935,656.2858912,282.8657939,656.5567252,145.1297011488702,-37.91448336346033,st,True,True,-46129059#1,0,,False,284.9163934972603,656.2858912004158,285.9656318636207,657.3231318381453,283.0184282271761,657.7123851486191,-37.91447017022138,145.12967989335053,2.3742698142179046,2.972797910115457,2.972797910115457,-31.50278079820124,obs=0.020 trans=1.000 fs=0.020 ft=1.000,8,5.592099973000586,0.0,,,
283.9464184,649.0339867,281.9077864,649.30324,145.12968846507647,-37.91454851486233,st,True,True,-46129059#1,0,,False,283.94641839992255,649.0339867006987,284.4159831140347,646.9215340907679,281.6416173268938,647.2879597607676,-37.91456382683814,145.12966185971658,2.891490629623323,2.7984590925172776,2.7984590925172776,-31.50960920285959,obs=0.020 trans=1.000 fs=0.020 ft=1.000,8,6.543399998918176,0.0,,,
283.4028585,640.9332605,280.8469033,641.2708395,145.12968043619074,-37.914621389710334,st,True,True,-46129059#1,0,,False,283.4028584997868,640.9332605013624,283.2920443056036,638.0449271792669,280.4700658343186,638.4176413169838,-37.91464352082028,145.12964651455502,3.863885699582463,2.846485257444747,2.8464852574447472,-31.508827746153,obs=0.020 trans=1.000 fs=0.020 ft=1.000,8,5.764000001363456,0.0,,,
280.2674891,635.713388,280.1155507,635.7334553,145.12964359410938,-37.91466784470238,st,True,True,-46129059#0,0,,False,280.26748910022434,635.7133880006149,281.17371644891585,631.5108061492539,279.1,628.43,-37.91473324400078,145.12962865718413,7.37636574246729,3.713713295313051,2.8080733691705353,-31.485820193458093,obs=0.020 trans=1.000 fs=0.020 ft=1.000,8,6.122299993876368,0.0,,,
282.1081738,632.9473917,279.7742538,633.2723679,145.12966389273382,-37.91469309412247,st,True,True,-46129059#0,0,,False,282.10817379970104,632.9473916999996,280.89351861668706,627.6027406604092,279.0174621837813,627.888918760344,-37.91473810325791,145.1296275952184,5.927954687243197,1.8977580573744162,1.8977580573744162,-31.46347496049195,obs=0.020 trans=1.000 fs=0.020 ft=1.000,8,5.592699977569282,0.0,,,
292.8086317,620.4655582,292.8469274,620.8919426,145.12978271589122,-37.91480746735421,st,True,True,44348023#1,0,,False,292.8086316998815,620.4655582001433,286.356712180858,620.2992550304656,286.1765146898978,618.2776644287557,-37.9148259775976,145.12970680526098,6.983684929103866,2.029605798343678,2.029605798343678,-31.454347744032177,obs=0.020 trans=1.000 fs=0.020 ft=0.986,8,12.554899964015931,0.0,,,
298.6623078,620.0498728,298.6888592,620.2982525,145.1298491811225,-37.91481226997112,st,True,True,44348023#1,0,,False,298.6623077971162,620.0498728007078,293.1332200740362,616.495333518188,293.2360009615097,617.6484065995311,-37.914832922115,145.12978693261752,5.933957009411523,1.157644782196997,1.157644782196997,-31.422678491828915,obs=0.020 trans=1.000 fs=0.020 ft=1.000,8,8.141499944031239,0.0,,,
302.6970354,619.7120896,302.7137023,619.8680034,145.129894981517,-37.914816042037494,st,True,True,44348023#1,0,,False,302.69703540112823,619.7120895981789,299.4849828269203,615.0531474258372,299.6916769217693,616.9741866603159,-37.91484016247269,145.1298601840183,4.065500225877909,1.932126856407722,1.932126856407722,-31.38785499482119,obs=0.020 trans=1.000 fs=0.020 ft=1.000,8,7.206999987829477,0.0,,,
312.5510877,618.8871119,312.5436145,618.8172018,145.13000684026264,-37.9148252545756,st,True,True,44348023#1,0,,False,312.55108770006336,618.8871119013056,308.15742804614746,614.7282365032117,308.2994317703401,616.0480358221786,-37.91485006118807,145.12995784850008,5.112429082913747,1.32741677706359,1.32741677706359,-31.379010629678245,obs=0.020 trans=1.000 fs=0.020 ft=1.000,8,6.127200031187385,0.0,,,
319.5424719,618.240974,319.5053427,617.951813,145.13008618943977,-37.914832338641254,st,True,True,1038136215,0,,False,319.54247190232854,618.2409740006551,316.74313428483777,614.9611802250463,316.7573812290231,615.0721801509459,-37.91486038050163,145.13005379828755,4.218765757954329,0.11191049534487413,0.11191049534487413,-31.371458617034165,obs=0.020 trans=1.000 fs=0.020 ft=0.998,8,6.934799952432513,0.0,,,
323.5294835,617.8137988,323.4816462,617.4412433,145.1301314269095,-37.914836907255626,st,True,True,1038136215,0,,False,323.5294835001114,617.8137988010421,323.4959884076756,615.4290787666912,323.34171015044217,614.2270753828027,-37.91486918331219,145.1301284736365,3.5916352417517623,1.2118638188898878,1.2118638188898876,-31.363166286527516,obs=0.020 trans=1.000 fs=0.020 ft=1.000,8,5.938599992077798,0.0,,,
326.9278754,617.4496895,326.8709109,617.0060513,145.1301699857817,-37.91484080137048,st,True,True,1038136215,0,,False,326.9278754006373,617.4496895000339,328.56431501544296,615.8904181060628,328.269640877947,613.5945708702554,-37.914875771597636,145.13018436316392,4.081944909692531,2.3146808370644707,2.3146808370644707,-31.360006875691056,obs=0.020 trans=1.000 fs=0.020 ft=1.000,8,5.578599986620247,0.0,,,
338.6262534,616.196293,338.9508196,615.9338305,145.13030271808117,-37.91485420621083,st,True,True,1038136215,0,,False,338.62625340081286,616.1962930001318,336.69034827927857,615.7575392754238,336.28075448028466,612.5663369554144,-37.91488648181851,145.13027522025877,4.321798939420919,3.2173808179026437,3.2173808179026437,-31.354769272100988,obs=0.020 trans=1.000 fs=0.020 ft=1.000,8,9.945800004061311,0.0,,,
345.8802975,615.3017446,345.9895033,616.1900179,145.13038499728418,-37.914863575275476,st,True,True,139327110#0,0,,False,345.8802975001745,615.3017445998266,344.71200512611085,615.3167820947585,344.83678510424204,616.3317349727959,-37.91485410834043,145.130373366784,1.4662190453250727,1.0225944394424697,1.0225944394424697,-31.350927271714625,obs=0.020 trans=1.000 fs=0.020 ft=1.000,8,7.292700000107288,0.0,,,
354.8797255,614.1207238,354.9979682,615.0825024,145.13048705733976,-37.914875840250986,st,True,True,139327110#0,0,,False,354.87972550292034,614.1207238007337,353.4285449487791,614.5004014053762,353.522411917001,615.2639097099642,-37.914865296936625,145.13047188451475,1.7745912750783874,0.7692567444604891,0.769256744460489,-31.34999178983606,obs=0.020 trans=1.000 fs=0.020 ft=1.000,8,5.530000024009496,0.0,,,
363.6137419,612.9745239,363.740756,614.0076497,145.13058610746845,-37.914887743511876,st,True,True,139327110#0,0,,False,363.61374189914204,612.9745239000767,362.4050280260761,613.4521179622785,362.4921975304138,614.1611494962609,-37.91487685149291,145.13057362538456,1.6327712872737044,0.7143698192588473,0.7143698192588475,-31.345963302397827,obs=0.020 trans=1.000 fs=0.020 ft=1.000,8,5.661699979100376,0.0,,,
370.1722122,612.1138224,370.3058139,613.2005306,145.13066048533616,-37.9148966818139,st,True,True,139327110#0,0,,False,370.17221220303327,612.1138224005699,370.3722430881252,612.4157067207489,370.4663048677197,613.1807996093883,-37.91488712337891,145.13066407268383,1.1067659461512886,0.7708532588158884,0.7708532588158885,-31.342281977683253,obs=0.020 trans=1.000 fs=0.020 ft=1.000,8,6.1243000091053545,0.0,,,
383.7027489,610.3381257,383.849943,611.5353931,145.13081393161434,-37.914915122084444,st,True,True,139327110#0,0,,False,383.70274889678694,610.3381257010624,381.1082167113258,610.9545240569187,381.21938959784694,611.8587976657483,-37.91490097490933,145.13078604092243,2.911960959871107,0.9110818680684944,0.9110818680684946,-31.343303910447446,obs=0.020 trans=1.000 fs=0.020 ft=1.000,8,5.8812000206671655,0.0,,,
391.6091474,609.3342066,391.7602041,610.5628926,145.1309036037325,-37.91492559387337,st,True,True,139327110#0,0,,False,391.60914739902364,609.3342065997422,390.8673601268164,609.6170859755299,390.9952018869549,610.6569432052648,-37.914913567462584,145.13089692436762,1.4582733692209429,1.0476862955423827,1.047686295542383,-31.342840201270363,obs=0.020 trans=1.000 fs=0.020 ft=1.000,8,6.0736999730579555,0.0,,,
402.4882483,607.9984402,402.6390957,609.2254237,145.13102700183995,-37.914939591913786,st,True,True,139327110#0,0,,False,402.4882483005058,607.9984402004629,401.31922502240354,608.2315360426616,401.45924819118835,609.3704761216588,-37.91492704643849,145.1310156142449,1.7150288026815217,1.1475151377401818,1.1475151377401818,-31.337789005787705,obs=0.020 trans=1.000 fs=0.020 ft=1.000,8,5.988100019749254,0.0,,,
410.3984391,607.0271961,410.5487578,608.2581517,145.1311167245953,-37.91494976988305,st,True,True,139327110#0,0,,False,410.3984391009435,607.0271960990503,410.6926398436887,607.0144172869225,410.8401733120624,608.2225653743924,-37.91493908151542,145.13112201994312,1.274377031221374,1.2171228062720576,1.2171228062720647,-31.326701316535377,obs=0.020 trans=1.000 fs=0.020 ft=1.000,8,5.64940000185743,0.0,,,
420.3874833,605.80069,420.5455439,606.9414261,145.1312300271541,-37.914962622707336,st,True,True,139327110#0,0,,False,420.3874833006412,605.8006900008768,420.32535878860534,605.7947796809262,414.71,607.75,-37.91494403745404,145.1311659147391,6.0028015211017465,5.946018905190798,1.9687066085864118,-31.330238949439263,obs=0.020 trans=1.000 fs=0.020 ft=1.000,8,5.896000016946346,0.0,,,
432.3615568,604.3304261,432.4939411,605.2858543,145.13136584532236,-37.91497802974231,st,True,True,1117069530,0,,False,432.3615567990346,604.3304260997102,431.1486447346859,604.4498735174741,420.51,593.54,-37.91507309188299,145.1312286250945,16.027872409463782,15.238310338031024,0.5820246738453551,-31.879579062175395,obs=0.020 trans=0.592 fs=0.012 ft=0.974,8,5.767300026491284,0.0,,,
445.0737543,602.6028394,445.2015411,603.5250872,145.13150999787334,-37.91499588793729,st,True,True,1209622645,0,,False,445.07375429954845,602.6028394000605,443.13366191450183,602.8914622320927,455.27,602.13,-37.91500198860085,145.1316258283926,10.20720350939599,12.160202582869113,2.617029632009284,-31.913425963232516,obs=0.020 trans=1.000 fs=0.020 ft=0.974,8,6.5685000154189765,0.0,,,
459.1254683,600.6928887,459.2473944,601.5885712,145.13166934016007,-37.91501563060899,st,True,True,1209622645,0,,False,459.12546829809435,600.692888699472,456.4958404273115,601.1059609671793,456.6104010816028,601.9475358814577,-37.915003874317655,145.13164102808358,2.810640968664522,0.8493364938906308,0.8493364938906308,-31.913584910399045,obs=0.020 trans=1.000 fs=0.020 ft=1.000,8,41.29560000728816,0.0,,,
472.8766868,598.7654706,473.0060322,599.7156559,145.13182526171812,-37.915035476161876,st,True,True,1209622645,0,,False,472.87668679922353,598.7654705988243,470.5091325645238,599.177462371307,470.6264889173987,600.039574788714,-37.91502359245786,145.1317999657893,2.585871612061096,0.8700634079235429,0.8700634079235429,-31.913493585603405,obs=0.020 trans=1.000 fs=0.020 ft=1.000,8,6.128200038801879,0.0,,,
484.7584873,597.0927234,484.8952261,598.0972214,145.13195998482104,-37.91505268987284,st,True,True,1209622645,0,,False,484.7584872995503,597.0927234012634,483.85808086649155,597.3065397062319,483.982624503981,598.2214506910948,-37.915042381964916,145.1319514199464,1.3696672487720631,0.9233489198899344,0.9233489198899344,-31.913187243920895,obs=0.020 trans=1.000 fs=0.020 ft=1.000,8,6.890299962833524,0.0,,,
499.8681458,594.8345249,500.0317981,596.0367327,145.13213127759045,-37.91507576002207,st,True,True,1209622645,0,,False,499.8681458005449,594.8345248997211,498.2500780915489,595.203465149384,498.39385959649866,596.2596995821525,-37.91506265557694,145.1321148386781,2.0505225399600837,1.06597574931677,1.06597574931677,-31.91296163555438,obs=0.020 trans=1.000 fs=0.020 ft=1.000,8,5.84200001321733,0.0,,,
513.5289575,592.779289,513.7187568,594.1735748,145.13228614231247,-37.91509674006181,st,True,True,1209622645,0,,False,513.5289574987255,592.7792889997363,512.553646350184,593.0606490000754,512.7235859975868,594.3090439667452,-37.91508281430032,145.13227733322586,1.7288069626001463,1.2599085191258768,1.2599085191258768,-31.892155925011114,obs=0.020 trans=1.000 fs=0.020 ft=1.000,8,6.822600029408932,0.0,,,
526.8795719,590.7495688,526.8656885,590.6561407,145.13243748578088,-37.915117434059695,st,True,True,569766862#0,0,,False,526.8795718972106,590.7495688004419,526.545802447364,590.9261309768978,526.0432910545462,587.5399356075053,-37.91514619623064,145.13242724541772,3.316792257740588,3.4232786593566433,3.423278659356643,-31.37324153457076,obs=0.020 trans=1.000 fs=0.020 ft=1.000,8,5.657100002281368,0.0,,,
540.3967226,588.6807569,540.3915863,588.6461923,145.132590714073,-37.91513851006854,st,True,True,569766862#0,0,,False,540.3967226010282,588.6807569004595,540.3563629258591,588.7941671796168,539.8658273261639,585.4886712247973,-37.915167169298364,145.13258395021626,3.2359327486277403,3.3416954801263348,3.3416954801263348,-31.35251200603535,obs=0.020 trans=1.000 fs=0.020 ft=1.000,8,6.614000012632459,0.0,,,
553.6025149,586.6595761,553.6059275,586.6825412,145.13274041294244,-37.915159100618574,st,True,True,569766862#0,0,,False,553.6025149006164,586.6595761002973,553.8691633345028,586.6984008560979,553.3917637116131,583.4814222651966,-37.915187692132285,145.13273729258404,3.185133884663515,3.252208734729824,3.252208734729824,-31.36551302523428,obs=0.020 trans=1.000 fs=0.020 ft=1.000,8,6.179100018925965,0.0,,,
568.2650039,584.4355105,568.274991,584.5027183,145.13290662938343,-37.91518178147514,st,True,True,569766862#0,0,,False,568.2650039001601,584.4355105003342,567.9151501008314,584.5312652329645,567.4497603303977,581.3952155669689,-37.91520902204892,145.13289666697156,3.147700011101083,3.170393531726894,3.1703935317268943,-31.377175553566982,obs=0.020 trans=1.000 fs=0.020 ft=1.000,8,7.3847000021487474,0.0,,,
581.9230015,582.3854331,581.9353177,582.4683274,145.13306146376615,-37.9152027135285,st,True,True,569766862#0-AddedOffRampEdge,0,,False,581.9230014997302,582.3854331010953,581.8261725059738,582.4065446036092,581.6027542333348,580.9028230488068,-37.915216011442396,145.13305748464916,1.5168028476965865,1.520228350915169,1.520228350915169,-31.37911815844838,obs=0.020 trans=1.000 fs=0.020 ft=1.000,8,7.764399982988834,0.0,,,
602.0353522,579.409638,602.0458607,579.4803654,145.13328947814267,-37.91523314893289,st,True,True,569766862#0-AddedOffRampEdge,0,,False,602.0353521994548,579.4096379987895,598.878820676927,579.8493113785114,598.6588336367564,578.3686838086426,-37.91524191691904,145.13325084759632,3.5333359916983946,1.4968808564808045,1.4968808564808045,-31.38085325728668,obs=0.020 trans=1.000 fs=0.020 ft=1.000,8,5.961299990303814,0.0,,,
618.082871,577.0688559,618.0870548,577.0970147,145.13347141718273,-37.915257130285646,st,True,True,569766862#0-AddedOffRampEdge,0,,False,618.082871000981,577.0688559012488,615.971240438334,577.3250600619862,615.7490311214219,575.8294754100606,-37.91526787390025,145.13344459748552,2.642512551598946,1.5120021268496624,1.5120021268496624,-31.382290564953507,obs=0.020 trans=1.000 fs=0.020 ft=1.000,8,11.655100039206445,0.0,,,
632.9228195,574.9159474,632.9194492,574.8932637,145.1336396681585,-37.915279201130474,st,True,True,569766862#0-AddedOffRampEdge,0,,False,632.9228194992756,574.9159474009648,632.2940650022747,574.9435916709007,632.065499311204,573.4052253041234,-37.915292655429205,145.13362957582103,1.7370317091982062,1.5552534692345525,1.5552534692345525,-31.383329869799763,obs=0.020 trans=1.000 fs=0.020 ft=1.000,8,6.388499983586371,0.0,,,
648.2830212,572.7384706,648.2644318,572.6133539,145.1338138293183,-37.915301586888525,st,True,True,569766862#0-AddedOffRampEdge,0,,False,648.2830211989349,572.7384705999866,648.2406311562133,572.660131253422,647.9995884244623,571.0377878923298,-37.915316855921276,145.13381021929052,1.7241391503495742,1.640152303845616,1.640152303845616,-31.372043948300014,obs=0.020 trans=1.000 fs=0.020 ft=1.000,8,6.364200031384826,0.0,,,
664.001647,570.5101537,663.9674875,570.2802427,145.1339920545719,-37.91532449501125,st,True,True,569766862#0-AddedOffRampEdge,0,,False,664.001646999619,570.5101536996663,664.0796733366052,570.4180149893411,663.8224657880709,568.686873976475,-37.91534088723478,145.13398960208983,1.8320630053500486,1.7501442596112653,1.7501442596112655,-31.361914043609456,obs=0.020 trans=1.000 fs=0.020 ft=1.000,8,6.810300052165985,0.0,,,
679.9349614,568.2513561,679.9898599,572.1172718,145.13417271418058,-37.91534771615853,st,True,True,569766862#1,0,,False,679.9349614001112,568.2513560997322,679.9527165922877,568.1834381837872,679.855109700075,565.5862757721128,-37.91537170943979,145.13417119957754,2.666276326014,2.5989959018862967,2.5989959018862963,-31.35713644116417,obs=0.020 trans=1.000 fs=0.020 ft=1.000,8,7.244399981573224,0.0,,,
695.3315718,566.1292524,695.29,571.9,145.1343473022933,-37.915369608886195,st,True,True,569766862#1,0,,False,695.3315717993537,566.1292524002492,695.5826111743644,566.0172905918165,695.5442531163874,564.9966443638257,-37.915379850039955,145.13434946286029,1.152403708249162,1.0213667623942264,1.0213667623942264,-31.345876184810802,obs=0.020 trans=1.000 fs=0.020 ft=1.000,8,6.100700004026294,0.0,,,
712.1816256,583.009249,712.4920248,582.644695,145.13454274170095,-37.915220587903775,st,True,True,44348588#1,0,,False,712.1816255993908,583.0092489998788,711.7839037396426,573.4679307576693,709.75,580.31,-37.91524446498438,145.13451447803246,3.633008150136688,7.137974218150403,6.522003515615798,-31.47504422772509,obs=0.019 trans=1.000 fs=0.019 ft=1.000,8,6.546099961269647,0.0,,,
721.9415524,590.9549606,720.9977609,591.3118565,145.1346555274121,-37.91515077059315,st,True,True,44348588#1,0,,False,721.941552399192,590.9549605995417,724.8082003213578,582.8192295800783,715.27,585.01,-37.91520312145865,145.13457831411014,8.936004025584799,9.786559170778826,7.855789540825634,-31.54938519898915,obs=0.018 trans=1.000 fs=0.018 ft=1.000,8,6.633599987253547,0.0,,,
726.2816467,608.5926976,725.52978,608.7869759,145.1347088909765,-37.91499266800909,st,True,True,139332152#2,0,,False,726.2816467004595,608.5926975999027,732.960406947326,597.7540347664045,724.8723099611439,599.8439548953104,-37.915071224733964,145.13469087500425,8.861530847203714,8.353746405242024,8.353746405242026,-31.63375885970352,obs=0.018 trans=1.000 fs=0.018 ft=1.000,8,6.970399990677834,0.0,,,
730.5125743,622.1027676,729.067024,622.4762899,145.1347600737684,-37.914871728738284,st,True,True,139332152#2,0,,False,730.5125743003446,622.1027676006779,737.980863434903,613.8466163970257,729.0845106586313,616.1453854118809,-37.91492513684594,145.13474248011633,6.126154446974035,9.18854894439457,9.18854894439457,-31.73627213264098,obs=0.018 trans=1.000 fs=0.018 ft=1.000,8,11.570100032258779,0.0,,,
735.4029871,635.3939309,736.0502533,635.1871314,145.13481870536287,-37.914752880284354,st,True,True,139332152#3,0,,False,735.40298709739,635.3939308989793,741.6433518086342,629.956338140622,737.5550000000001,645.22,-37.91466475258695,145.13484541095104,10.05896582711336,15.801708574347009,8.429803139713611,-31.821736484384125,obs=0.018 trans=1.000 fs=0.018 ft=1.000,8,6.051899981684983,0.0,,,
739.5314507,648.1933462,739.7104541,648.1926244,145.1348685610165,-37.914638324232854,st,True,True,139332152#3,0,,False,739.5314507009462,648.1933462005109,744.4607086268136,645.3389987946964,737.8032806683573,646.5665311923518,-37.914652667461,145.13484854044503,2.373414993697846,6.76965160176869,6.76965160176869,-31.84926920549703,obs=0.019 trans=1.000 fs=0.019 ft=1.000,8,6.0347000253386796,0.0,,,
741.5581955,659.7459804,736.416157,659.6874151,145.13489423495955,-37.91453462061989,st,True,True,139332152#3,0,,False,741.5581955002854,659.7459803996608,746.0266316474346,659.2856614723163,738.12,650.565,-37.91461670537132,145.13485305153122,9.803651839857261,11.771353385356946,7.8883223983922095,-31.907706148068314,obs=0.018 trans=1.000 fs=0.018 ft=1.000,8,6.678399979136884,0.0,,,
740.9206198,671.4137913,738.2192184,673.375758,145.13488964005703,-37.91442939920476,st,True,True,5322853#6,0,,False,740.9206198001048,671.4137912997976,745.7089111862517,672.1636649169653,746.41,680.79,-37.91434592549498,145.1349541909638,10.864924508193885,8.65477801503638,6.728832019688641,-31.8991640427036,obs=0.019 trans=1.000 fs=0.019 ft=1.000,8,6.445700011681765,0.0,,,
743.9278008,684.2524706,746.3076762,680.7210426,145.13492675463834,-37.914314287297366,st,True,True,5322853#6,0,,False,743.9278008010006,684.2524706013501,746.2379723496651,684.8920820263852,746.58,680.9,-37.914344965230285,145.13495614899378,4.274718671923352,4.00670710421682,4.00670710421682,-31.835025737072353,obs=0.020 trans=1.000 fs=0.020 ft=1.000,8,12.09419994847849,0.0,,,
760.7876972,676.5072715,760.5121466,676.2929544,145.13511669979687,-37.914387096807715,st,True,True,5322853#7,0,,False,760.7876972001977,676.5072715003043,754.5964017423587,687.1930903478972,753.36,680.52,-37.9143496104209,145.1350331552527,8.44231459435708,6.786665164843937,6.786665164843937,-31.868265967793228,obs=0.019 trans=1.000 fs=0.019 ft=1.000,8,6.401699967682362,0.0,,,
774.5191335,670.0097849,774.343402,669.3966897,145.13527135661963,-37.91444810251886,st,True,True,5322853#0,0,,False,774.5191334992414,670.009784899652,766.733752393892,683.2112551009047,762.41,673.4,-37.914415380263016,145.13513443948372,12.574763319008404,10.721733135026113,9.361901137503978,-31.890591110174856,obs=0.018 trans=1.000 fs=0.018 ft=1.000,8,9.823800006415695,0.0,,,
791.1169344,662.0290637,791.3832449,665.2913678,145.13545826871618,-37.914522985900604,st,True,True,46129094#1,0,,False,791.1169343995862,662.0290637016296,782.4660515939802,674.9297636194307,782.5659921596971,674.9116985609046,-37.914405395026094,145.13536396945736,15.46224091480034,0.10156014481757027,0.10156014481757027,-31.85468535143604,obs=0.020 trans=1.000 fs=0.020 ft=0.933,8,11.14899996900931,0.0,,,
801.7602221,664.6676477,801.6942605,664.2400343,145.13557988980702,-37.91450113474505,st,True,True,630680457#0,0,,False,801.7602220993722,664.6676476998255,797.1310765231111,669.9183778817529,797.74,664.85,-37.91449876766355,145.13553421880854,4.0243556117295824,5.104825379280707,5.104825379280707,-31.86779224927372,obs=0.019 trans=1.000 fs=0.019 ft=0.943,8,10.658900020644069,0.0,,,
815.2859447,662.5860856,815.223308,662.1742497,145.1357332124636,-37.914522323053475,st,True,True,630680457#1,0,,False,815.2859446998336,662.5860855998471,812.0231088346912,665.4746646023275,812.95,662.52,-37.91452249748988,145.13570663625154,2.3368793180624023,3.096638523395119,3.067939914482475,-31.783282823124978,obs=0.020 trans=1.000 fs=0.020 ft=1.000,8,11.218299972824752,0.0,,,
827.672594,659.9903737,827.7129742,660.2571715,145.13587346629953,-37.91454793753859,st,True,True,630680457#3,0,,False,827.6725940002361,659.9903736989945,826.2173269012277,661.4622766129972,827.43,660.3,-37.9145451046419,145.135870778261,0.3933450078809974,1.679721098756087,1.3523609366734763,-31.764136755559882,obs=0.020 trans=1.000 fs=0.020 ft=1.000,8,11.892999988049269,0.0,,,
839.3732142,658.9479749,839.3032356,658.4912227,145.1360062728534,-37.91455943564031,st,True,True,630680457#4,0,,False,839.3732142006047,658.9479748997837,839.4068571142204,658.6917526226517,842.64,657.98,-37.91456874389785,145.13604319821422,3.4071784317440645,3.310559577430764,0.12968434061904768,-31.707561302658647,obs=0.020 trans=1.000 fs=0.020 ft=1.000,8,11.051899986341596,0.0,,,
853.6474069,657.189423,853.5139988,656.3135296,145.1361681798109,-37.91457784846603,st,True,True,630680457#4,0,,False,853.6474068973912,657.1894230013713,853.1371300292614,656.4755055777084,848.81,657.03,-37.914578413203564,145.13611313910286,4.840033180081998,4.362512848633034,1.4717489076696724,-31.655448543728532,obs=0.020 trans=1.000 fs=0.020 ft=1.000,8,7.032900000922382,0.0,,,
869.6045601,656.4155765,869.2419402,653.947541,145.1363494470917,-37.91458769372445,st,True,True,630680457#5,0,,False,869.6045600994257,656.4155764998868,868.077841843173,655.109637015725,863.44,654.8,-37.91460113689534,145.13627898470864,6.372745769793245,4.648166524963696,1.0659599358569969,-31.577656581651816,obs=0.020 trans=1.000 fs=0.020 ft=1.000,8,11.78470003651455,0.0,,,
877.0090071,653.4704876,876.9153799,652.8204993,145.13643297095422,-37.91461555744553,st,True,True,630680457#7,0,,False,877.009007102577,653.4704876001924,879.4852151734485,653.1739961458643,879.3830939369955,652.4650391004882,-37.91462504236454,145.13645973730766,2.5782193434454967,0.7162742764633705,0.7162742764633704,-31.455515221701962,obs=0.020 trans=1.000 fs=0.020 ft=1.000,8,6.373499985784292,0.0,,,
882.8800578,654.4327002,883.6030617,652.6203704,145.13649994740268,-37.91460794698781,st,True,True,-630680455#1,0,,False,882.880057800212,654.4327002000064,887.6742933050556,652.7499026402065,886.8,656.82,-37.914587147562116,145.1365450624145,4.58967833129172,4.162941424217172,0.7360968904621263,-31.369459452202328,obs=0.020 trans=1.000 fs=0.020 ft=1.000,8,7.885500031989068,0.0,,,
890.466649,664.6364724,888.4043261,665.0390306,145.13658853145176,-37.91451739514357,st,True,True,630680455#1,0,,False,890.4666489999508,664.6364724012092,894.7301010190848,657.9724437779264,890.4472082613654,658.8084494821625,-37.91456989194582,145.13658698557228,5.828055343530155,4.363722712506002,4.363722712506002,-33.32707963497259,obs=0.019 trans=0.152 fs=0.003 ft=0.933,8,6.934499950148165,0.0,,,
890.9195791,671.180511,889.6514398,671.4280473,145.13659516914035,-37.914458526357805,st,True,True,630680455#1,0,,False,890.9195790995145,671.1805110014975,897.7208782915967,665.0141475338164,891.8810462317805,666.1540623507325,-37.91450397902892,145.13660495903304,5.117578048765375,5.950045737360523,5.950045737360523,-33.35956812116985,obs=0.019 trans=1.000 fs=0.019 ft=1.000,8,6.832299986854196,0.0,,,
893.7737588,682.7329692,891.974759,683.1072709,145.13663024900706,-37.91435497289545,st,True,True,1064871809#3,0,,False,893.7737587976153,682.7329692002386,899.4658121145869,675.3959661665814,900.23,677.62,-37.914402194477454,145.13670249826396,8.235624111502322,2.3516610334831083,1.1806892934147306,-34.16484851793218,obs=0.020 trans=1.000 fs=0.020 ft=1.000,8,6.277000007685274,0.0,,,
897.6162096,696.2133029,894.9374622,696.8085801,145.13667700422675,-37.914234230596804,st,True,True,1064871809#3,0,,False,897.6162095995387,696.2133029000834,901.2826424538353,688.6088550211803,901.7041654280653,688.5520132867765,-37.91430398159439,145.13672174531857,8.683705510607075,0.42533821903720836,0.42533821903720836,-34.16505363614765,obs=0.020 trans=1.000 fs=0.020 ft=1.000,8,7.383799995295703,0.0,,,
899.1797822,703.8550323,896.5932676,704.4117564,145.13669651998111,-37.914165673527975,st,True,True,-10585186,0,,False,899.1797821989749,703.8550323005766,902.3373540531304,700.3304209878731,896.0080262877817,701.6927521896216,-37.914184580722505,145.1366599637425,3.838683477238,6.474282683392141,5.268378960121051,-36.91917792167066,obs=0.019 trans=1.000 fs=0.019 ft=1.000,8,12.068800046108663,0.0,,,
901.5697744,713.2001936,898.6214904,713.8347854,145.1367258197555,-37.914081920325685,st,True,True,-10585186,0,,False,901.5697744010249,713.2001935997978,903.5184782709406,711.4644673405666,898.3507163490455,712.5767818817645,-37.91408695649544,145.13668907550436,3.2788682364796187,5.2861145390494295,5.2861145390494295,-36.952686342089535,obs=0.019 trans=1.000 fs=0.019 ft=1.000,8,8.392599993385375,0.0,,,
903.8173563,724.565789,901.0590325,725.1594936,145.13675395940905,-37.91397994088452,st,True,True,-10585186,0,,False,903.8173563001328,724.5657889991999,904.8997572921517,723.0155713278987,900.7880619803342,723.9005769751079,-37.91398538778431,145.13671936342965,3.1014724104787237,4.205861782419156,4.205861782419156,-36.95401309209123,obs=0.020 trans=1.000 fs=0.020 ft=1.000,8,5.5942999897524714,0.0,,,
906.4685024,734.4785329,903.19,735.03,145.13678635750557,-37.91389112175903,st,True,True,10585186,0,,False,906.4685023993952,734.4785329010338,906.7336094103179,734.0093763190678,905.67,731.36,-37.91391907051129,145.13677656927922,3.2191386327199294,2.8549010241606956,0.48365471374240654,-34.1526708137955,obs=0.020 trans=1.000 fs=0.020 ft=1.000,8,5.957700021099299,0.0,,,
908.7032693,747.6259153,902.58,744.72,145.1368147562543,-37.91377308919684,st,True,True,10585197#1,0,,False,908.7032693001674,747.6259153010324,908.7236051615173,746.1695665103829,910.84,750.08,-37.913751366926306,145.13683960978673,3.2539437292790283,4.4464162186052505,0.6530672958980073,-34.350309251626754,obs=0.020 trans=1.000 fs=0.020 ft=0.905,8,14.30500001879409,0.0,,,
898.480271,749.6977424,897.9719468,749.1799609,145.13669898627555,-37.91375258477584,st,True,True,10585197#1,0,,False,898.4802709980868,749.6977424006909,904.5559155132428,753.4982299436182,910.0641471147496,754.6725986793542,-37.913709855921866,145.13683183175286,12.60695763773115,5.63202959006014,5.632029590060139,-34.38915742993811,obs=0.019 trans=1.000 fs=0.019 ft=1.000,8,9.755200007930398,0.0,,,
886.7105609,756.1438954,886.4763463,755.3649646,145.1365666237979,-37.91369239665781,st,True,True,-10585181#6,0,,False,886.7105609008577,756.143895400688,895.5061118563888,759.7244931404816,891.15,753.88,-37.913713589890676,145.1366165879078,4.983356489380424,7.289294243924295,6.111412556866885,-33.763704939926356,obs=0.019 trans=0.977 fs=0.019 ft=1.000,8,5.9757999842986465,0.0,,,
879.7532188,758.3085604,879.4870625,757.3614182,145.13648800731247,-37.91367164383246,st,True,True,-10585181#6,0,,False,879.7532187988982,758.3085604002699,885.9885757063348,763.2844572112435,884.83,755.86,-37.91369461538749,145.13654517631548,5.636413345171857,7.514310517199501,6.714937789167928,-33.740609947007044,obs=0.019 trans=1.000 fs=0.019 ft=1.000,8,9.823500004131347,0.0,,,
872.2421782,760.1186026,872.0484145,759.3687637,145.13640301442138,-37.91365398576357,st,True,True,-10585181#5,0,,False,872.2421782003948,760.1186025999486,876.4030476738532,765.1015170517005,874.7418139727404,758.6727701946546,-37.91366746038313,145.13643110786944,2.887665205419031,6.639915930317971,6.620541559450379,-33.76070463909825,obs=0.019 trans=1.000 fs=0.019 ft=1.000,8,8.892300014849752,0.0,,,
862.0762073,762.6195013,861.9354893,762.1050544,145.13628799073868,-37.91362962603101,st,True,True,-10585181#4,0,,False,862.0762073030928,762.6195013010874,865.804965637019,766.4008379030076,861.04,762.35,-37.913631867128004,145.13627614726752,1.070680403421474,6.254133452239034,3.8162919463743474,-33.74398098572327,obs=0.020 trans=1.000 fs=0.020 ft=1.000,8,6.7143000196665525,0.0,,,
853.3216574,763.389862,853.6220987,764.4626978,145.13618862224223,-37.913621109545346,st,True,True,-10585181#4,0,,False,853.3216574009275,763.3898620009422,855.4905580248305,766.7792278193696,855.56,763.92,-37.913616737109955,145.13621419385413,2.300266047410015,2.8600709625763674,2.3059138586924077,-33.72851594246188,obs=0.020 trans=1.000 fs=0.020 ft=1.000,8,5.59889996657148,0.0,,,
845.168955,768.2360461,844.8107341,766.9155455,145.136097023808,-37.91357598534744,st,True,True,-10585181#3,0,,False,845.1689549993025,768.2360461009666,845.8900973334385,768.8224002697378,845.3342837361129,766.773518773714,-37.913589189943174,145.13609857114028,1.4718423061510033,2.122932909849185,2.122932909849185,-31.5632670494094,obs=0.020 trans=1.000 fs=0.020 ft=1.000,8,6.232899962924421,0.0,,,
837.498473,769.5230725,837.3408114,768.9417755,145.1360100992797,-37.91356300973656,st,True,True,-10585181#3,0,,False,837.4984729993157,769.5230724997818,837.1373603484475,770.3830757320512,840.85,767.99,-37.91357742378788,145.1360478592066,3.685518216737414,4.4170696894675086,0.11322694748331129,-31.554130065706396,obs=0.020 trans=1.000 fs=0.020 ft=1.000,8,5.78720000339672,0.0,,,
827.8713806,773.6724414,827.3254937,771.6557888,145.13590157804921,-37.91352389687467,st,True,True,-10585181#2,0,,False,827.8713805997977,773.6724413987249,828.0065259408982,773.0993725025214,827.5959459420703,771.5825801501637,-37.913542673248244,145.13589797099777,2.107933653821946,1.5713799590195527,1.571379959019553,-31.5087933864364,obs=0.020 trans=1.000 fs=0.020 ft=1.000,8,6.938899983651936,0.0,,,
815.9660618,775.6707325,815.7392977,774.8700591,145.1357666632318,-37.9135037509053,st,True,True,-10585181#1,0,,False,815.9660618008347,775.6707325000316,817.4542322881357,775.5530374620639,816.94,774.53,-37.91351420237957,145.13577747796427,1.4999420830224726,1.1450067663326045,0.9959114792183441,-31.463346481729157,obs=0.020 trans=1.000 fs=0.020 ft=1.000,8,7.273699971847236,0.0,,,
809.8181155,777.3286818,809.6131789,776.6050787,145.13569713517236,-37.91348770800912,st,True,True,-10585181#1,0,,False,809.8181154988706,777.3286818005145,808.8637650104073,777.6261067308509,808.6517135514378,776.8773818263411,-37.913491563276885,145.13568376998828,1.2506658905015555,0.7781740190242278,0.7781740190242279,-31.40774043834352,obs=0.020 trans=1.000 fs=0.020 ft=1.000,8,13.564400025643408,0.0,,,
802.8747846,779.2540613,802.6814084,778.5866013,145.13561862406468,-37.91346911268202,st,True,True,-10585181#1,0,,False,802.8747845989419,779.2540613012388,801.2684518388236,779.5732832353199,801.1141429984799,779.0406688509078,-37.91347071773912,145.13559855620025,1.773526200295818,0.5545171779944279,0.5545171779944278,-31.353457656004277,obs=0.020 trans=1.000 fs=0.020 ft=1.000,8,9.989999991375953,0.0,,,
795.1016599,781.7436347,794.9118586,781.3965207,145.1355308061714,-37.91344528538498,st,True,True,10585181#0,0,,False,795.1016599017894,781.7436346998438,793.8615257881672,781.7385316952438,797.76,783.48,-37.91343012277366,145.13556142766384,3.1751750397955796,4.269755617924257,0.015445246627130963,-31.33525284892388,obs=0.020 trans=1.000 fs=0.020 ft=1.000,8,9.184700029436499,0.0,,,
790.3101545,784.4668214,790.0457271,784.1919364,145.1354769438764,-37.91341989085235,st,True,True,10585181#0,0,,False,790.3101545011159,784.4668213995174,787.9871321533482,784.1858101000389,797.76,783.48,-37.91343012277366,145.13556142766384,7.514919456107887,9.798321991312486,4.5991438211486795,-31.359476707901923,obs=0.019 trans=1.000 fs=0.019 ft=1.000,8,6.51009997818619,0.0,,,
782.776669,789.0221753,785.7858295,790.0548094,145.13539232077449,-37.9133774975718,st,True,True,-1209653402#0,0,,False,782.7766690008575,789.0221753008664,781.6787318661593,787.7439853158264,786.54,795.1,-37.91332342516832,145.1354364939851,7.148609185184603,8.817192291363071,2.2869413263067098,-31.479745058341596,obs=0.020 trans=1.000 fs=0.020 ft=0.919,8,9.411000006366521,0.0,,,
793.3967388,809.4368589,794.5041432,808.7699824,145.1355177189837,-37.91319551071329,st,True,True,-1209653402#0,0,,False,793.3967388027231,809.4368588998914,784.0906464888334,800.0174077042547,788.0564295143405,797.7358879516286,-37.91329995368968,145.13545433600194,12.862022563643556,4.575234134667131,4.57523413466713,-31.50589499214833,obs=0.019 trans=1.000 fs=0.019 ft=1.000,8,10.83189999917522,0.0,,,
800.2845003,819.6270833,801.0512319,819.1410947,145.13559835337153,-37.913104955701634,st,True,True,-1209653401,0,,False,800.2845002997201,819.6270832996815,790.3684375792532,812.8712007443938,795.1543225265967,809.8376939012564,-37.91319221658776,145.13553779463626,11.052188415777518,5.666291423547773,5.666291423547772,-31.542942021549532,obs=0.019 trans=1.000 fs=0.019 ft=1.000,8,7.647000020369887,0.0,,,
805.4369479,827.3882689,806.037415,827.0076662,145.13565870392196,-37.91303596935927,st,True,True,-1209653401,0,,False,805.4369479007437,827.3882688991725,797.7952072505987,824.3279647093866,802.463409427749,821.3690504426752,-37.913089656221935,145.13562352465055,6.71363700816616,5.526959851898621,5.526959851898621,-31.57988632846211,obs=0.019 trans=1.000 fs=0.019 ft=1.000,8,8.12359998235479,0.0,,,
808.7954472,835.198677,810.5316909,834.0981685,145.13569866764436,-37.91296621635803,st,True,True,-1209653401,0,,False,808.795447198092,835.1986770005897,804.4944183412649,834.4769251218664,808.9726103960373,831.6384477258364,-37.91299831971505,145.13569987240965,3.564634523694751,5.301995662691581,5.301995662691581,-31.614146013255844,obs=0.019 trans=1.000 fs=0.019 ft=1.000,8,8.415299991611391,0.0,,,
816.0292122,847.2270003,818.0439072,845.949997,145.13578365373797,-37.9128591654869,st,True,True,-1209653401,0,,False,816.0292122003739,847.2270002998412,812.2073153915392,845.697806523486,816.2570435138739,843.1309086337305,-37.91289610515603,145.13578531279921,4.102422948038397,4.794711945597935,4.794711945597935,-31.642498229931554,obs=0.019 trans=1.000 fs=0.019 ft=1.000,8,6.103699968662113,0.0,,,
822.5772049,856.0953716,820.4189502,856.9715699,145.13586012354418,-37.91278045664447,st,True,True,-73530943#10,0,,False,822.5772048988729,856.0953715993091,819.994618944969,855.9978881587355,821.0501934207458,855.5693508935256,-37.91278492007194,145.1358426412418,1.6150733225599618,1.1392460935131676,1.1392460935131676,-31.621739173935367,obs=0.020 trans=1.000 fs=0.020 ft=1.000,8,5.92500000493601,0.0,,,
824.7399559,865.214302,823.9031444,865.5540168,145.13588678838676,-37.912698700649365,st,True,True,-73530943#9,0,,False,824.7399558995385,865.2143019996583,825.3946269893416,865.7196541479151,826.1949999999999,868.23,-37.91267179660908,145.1359040184943,3.348370911884236,2.634849759145709,1.0923247811079928,-31.49537706338872,obs=0.020 trans=1.000 fs=0.020 ft=1.000,8,6.228300044313073,0.0,,,
828.850454,874.3713899,827.6849977,874.8463133,145.13593560840246,-37.912616951795364,st,True,True,-73530943#9,0,,False,828.8504540002323,874.3713899012655,830.0315515898241,875.0694224142203,829.1289690208599,875.4368703054507,-37.9126074038525,145.13593901748715,1.1012806674131383,0.9745117990910039,0.9745117990910039,-31.49002652915947,obs=0.020 trans=1.000 fs=0.020 ft=1.000,8,15.712100022938102,0.0,,,
828.9681083,878.5281864,829.0866496,878.4851237,145.13593789135882,-37.912579527518446,st,True,True,-73530943#9,0,,False,828.9681082997704,878.528186400421,832.186804619368,881.6816365472961,831.5203475332493,881.9236556777123,-37.91254940004636,145.1359676832487,4.247721355967008,0.7090404128999194,0.7090404128999194,-31.464488992809596,obs=0.020 trans=1.000 fs=0.020 ft=1.000,8,8.118400000967085,0.0,,,
833.6325484,890.9675075,833.6224824,890.9711641,145.1359937560366,-37.9124683112392,st,True,True,-73530943#9,0,,False,833.6325483994442,890.9675075020641,835.0494274225157,890.6844220306309,834.7422637684671,890.7959663175726,-37.912470056429484,145.13600633485598,1.1228956221405004,0.32678989935099395,0.32678989935099395,-31.42448890923678,obs=0.020 trans=1.000 fs=0.020 ft=1.000,8,6.026200018823147,0.0,,,
838.1765216,900.0909357,837.1026682,900.4850986,145.1360474968666,-37.9123869436299,st,True,True,-73530943#8,0,,False,838.1765216001659,900.0909356996417,838.5140873435439,899.7969896409701,839.915,904.91,-37.91234384543651,145.13606835959735,5.123054545647274,5.301455573950015,1.845585763784545,-31.39056253624551,obs=0.020 trans=1.000 fs=0.020 ft=1.000,8,6.37680001091212,0.0,,,
844.011745,909.452055,840.8558474,910.6282608,145.13611597351843,-37.91230366740132,st,True,True,-73530943#8,0,,False,844.0117449978716,909.4520550007,843.1148635923233,909.0856726132608,841.6709043888224,909.6235771060987,-37.912301700632845,145.1360893964577,2.3471162283990767,1.5408956566848677,1.5408956566848675,-31.358391538017496,obs=0.020 trans=1.000 fs=0.020 ft=1.000,8,14.291099971160293,0.0,,,
848.5066586,919.0572531,844.4392609,920.494727,145.1361692657982,-37.912217950984896,st,True,True,-73530943#7,0,,False,848.5066585998866,919.0572531009093,847.8175068026823,918.5972535412136,845.5350000000001,920.255,-37.91220662610928,145.13613574950364,3.2039588743554064,2.820985754290376,1.3665745311440998,-31.33198936715239,obs=0.020 trans=1.000 fs=0.020 ft=1.000,8,8.525700017344207,0.0,,,
851.6565402,932.2482302,848.7071639,933.2357,145.13620807978316,-37.91209969066598,st,True,True,-73530943#7,0,,False,851.6565401992993,932.2482302002609,851.8569709986635,930.0424998601454,849.1185896932885,930.9592596667759,-37.912110844905705,145.1361789295572,2.8465132719088317,2.887763964849014,2.887763964849014,-31.340790990971257,obs=0.020 trans=1.000 fs=0.020 ft=1.000,8,9.262099978514016,0.0,,,
856.5206012,940.5459321,851.695542,942.1613924,145.13626527185667,-37.91202581894555,st,True,True,-73530943#7,0,,False,856.5206012006965,940.5459320992231,856.2772661946238,940.2834054132645,852.6470164358747,941.4987464106335,-37.91201653806255,145.1362214448172,3.989049265462725,3.8282851318553153,3.8282851318553157,-31.35761923300046,obs=0.020 trans=1.000 fs=0.020 ft=1.000,8,8.440999954473227,0.0,,,
859.8890609,955.4278488,856.515406,956.5573697,145.13630695526635,-37.911892365536616,st,True,True,-73530943#7,0,,False,859.8890609004302,955.4278488000855,860.2096489665787,952.9083631342138,856.8439680443134,954.03513134046,-37.911904363040605,145.1362720152223,3.348470161837933,3.549283682816516,3.5492836828165166,-31.372178909768635,obs=0.020 trans=1.000 fs=0.020 ft=1.000,8,6.668000016361475,0.0,,,
864.3422803,967.4502074,860.5837142,968.708599,145.13636032242033,-37.91178486710512,st,True,True,-73530943#7,0,,False,864.3422803007998,967.4502074001357,864.349002989709,965.6656835471756,861.1016254971746,966.7528459362368,-37.91179056546037,145.13632331692804,3.3148388448897457,3.424526629945824,3.4245266299458246,-31.386209715183742,obs=0.020 trans=1.000 fs=0.020 ft=1.000,8,7.298900047317147,0.0,,,
867.8318063,977.4898228,863.9579628,978.78681,145.1364022813064,-37.911695056143635,st,True,True,-73530943#7,0,,False,867.8318063010811,977.4898228012025,868.1597432195914,977.362367951502,865.0068689738002,978.4178923878645,-37.91168618708565,145.13637037215452,2.97348012617398,3.324868094456011,3.324868094456011,-31.399894660442758,obs=0.020 trans=1.000 fs=0.020 ft=1.000,8,7.213700038846582,0.0,,,
866.9945742,983.6768763,865.736241,984.0981742,145.13639416824526,-37.91163917079684,st,True,True,-73530943#7,0,,False,866.9945742011187,983.6768763000146,869.5716038304274,986.3047889395677,867.8411988325275,986.8840967767026,-37.91161043180826,145.1364045235962,3.3170825212217827,1.8248010924269837,1.8248010924269837,-31.399799300712058,obs=0.020 trans=1.000 fs=0.020 ft=1.000,8,7.0037999539636075,0.0,,,
867.7545691,987.1500302,866.8584701,987.4500498,145.13640359905085,-37.91160802061004,st,True,True,73530943#7,0,,False,867.7545690987026,987.1500302003697,870.2090145935896,992.0364507123413,873.415,986.425,-37.91161557127935,145.1364677944443,5.706675632959162,6.46271781243408,2.2929288776925945,-31.368816028749684,obs=0.020 trans=1.000 fs=0.020 ft=1.000,8,8.555699954740703,0.0,,,
870.3571849,1000.11233,869.4582502,1000.24184,145.13643613781218,-37.911491721608755,st,True,True,-73530943#6,0,,False,870.3571848995052,1000.1123299989849,871.411939722412,1000.5660251373055,870.6434166891626,1000.6767655845774,-37.91148668857665,145.13643952062176,0.6328634668659426,0.776460623146351,0.776460623146351,-31.395473763257932,obs=0.020 trans=1.000 fs=0.020 ft=1.000,8,6.279300025198609,0.0,,,
871.471699,1011.031408,871.0220437,1011.09619,145.13645129206495,-37.91139356046671,st,True,True,-73530943#6,0,,False,871.4716990001034,1011.0314079988748,872.3877816950823,1010.2211628763544,872.0262252631007,1010.27326140725,-37.91140048991149,145.13645742478377,0.9393006072318668,0.3652907204250892,0.3652907204250892,-31.385216584000116,obs=0.020 trans=1.000 fs=0.020 ft=1.000,8,14.43079998716712,0.0,,,
873.2308034,1022.866075,872.7281718,1022.93849,145.1364739834782,-37.91128726754305,st,True,True,-73530943#6,0,,False,873.2308034006273,1022.8660749997944,873.599777672804,1021.1147907487727,873.5886678161871,1021.1163916253082,-37.9113030935883,145.13647765473374,1.785905610853273,0.011224603321643099,0.011224603321643099,-31.36689703267628,obs=0.020 trans=1.000 fs=0.020 ft=1.000,8,6.147100008092821,0.0,,,
875.7222179,1035.867199,874.6026408,1036.028038,145.13650526641888,-37.91117059874551,st,True,True,-73530943#5,0,,False,875.7222179000382,1035.8671989999712,875.3926231400408,1033.373464311038,875.3494430253727,1033.3796675694177,-37.911192939937465,145.1365004624975,2.5153078788039127,0.04362341936703923,0.04362341936703922,-31.351152643103294,obs=0.020 trans=1.000 fs=0.020 ft=1.000,8,6.7965000052936375,0.0,,,
876.9572472,1049.467435,876.5419172,1049.527101,145.1365224001935,-37.91104830672589,st,True,True,-73530943#5,0,,False,876.9572472008877,1049.4674350013956,876.9614219207217,1046.739713310637,877.262533746724,1046.6964555640507,-37.91107332339995,145.1365252414938,2.7877458487561895,0.30420316303114336,0.30420316303114336,-31.33660908925978,obs=0.020 trans=1.000 fs=0.020 ft=1.000,8,14.458400022704154,0.0,,,
878.3798339,1062.245585,878.3692734,1062.247102,145.1365414795907,-37.910933454038314,st,True,True,-73530943#5,0,,False,878.3798339002533,1062.2455850010738,878.455821509564,1060.2816683320546,879.19885157514,1060.1749245793785,-37.91095225457119,145.13655032124566,2.2267520144264035,0.7506583158037157,0.7506583158037157,-31.32349501433672,obs=0.020 trans=1.000 fs=0.020 ft=1.000,8,7.981300004757941,0.0,,,
880.4344303,1075.276387,880.2449715,1075.303604,145.13656780234388,-37.91081643920095,st,True,True,-73530943#5,0,,False,880.4344303017715,1075.2763870013878,880.2193558580284,1073.9059209952377,881.1521953646015,1073.7719092046127,-37.91083012117932,145.1365756214312,1.666925351180598,0.9424164180711962,0.9424164180711962,-31.320442826434384,obs=0.020 trans=1.000 fs=0.020 ft=1.000,8,9.031700028572232,0.0,,,
882.0412909,1087.735292,882.0320761,1087.736617,145.13658890423963,-37.91070449552311,st,True,True,-73530943#5,0,,False,882.0412909002043,1087.7352919997647,881.9411619193082,1087.1801198503936,883.0565654247475,1087.019752754977,-37.91071112411161,145.1366002853355,1.2420864587531446,1.126872923287561,1.126872923287561,-31.32180692427673,obs=0.020 trans=1.000 fs=0.020 ft=1.000,8,6.091499992180616,0.0,,,
884.2992268,1099.614785,883.7508936,1099.693608,145.13661727712514,-37.91059788857222,st,True,True,-73530943#5,0,,False,884.2992267986992,1099.6147849997506,883.9504535001414,1099.8475983863789,884.8816396572566,1099.7137171330205,-37.91059710224241,145.13662392166836,0.5907557065372718,0.9407613136199034,0.9407613136199034,-31.32215960021411,obs=0.020 trans=1.000 fs=0.020 ft=1.000,8,5.462299974169582,0.0,,,
887.112898,1112.484404,885.6357201,1112.699935,145.13665219368102,-37.91048246236958,st,True,True,-73530943#5,0,,False,887.1128979990026,1112.4844040004537,886.4254321156129,1112.576646184361,886.7393925879364,1112.530837005125,-37.910481976832266,145.13664795746934,0.37638054681201893,0.31728482328008034,0.31728482328008034,-31.32211864064993,obs=0.020 trans=1.000 fs=0.020 ft=1.000,8,5.218200036324561,0.0,,,
886.5541439,1125.619056,887.4956957,1125.482232,145.13664882586465,-37.91036404140346,st,True,True,-73530943#4,0,,False,886.5541438990622,1125.6190560003743,887.4906739574292,1125.4941160732067,888.7049999999999,1126.04,-37.91036063672999,145.13667337677836,2.191660516084095,1.3313816129107379,1.3290079491375333,-31.32432631082137,obs=0.020 trans=1.000 fs=0.020 ft=1.000,8,9.710800019092858,0.0,,,
889.6955381,1138.410757,889.1246755,1138.479482,145.13668745074332,-37.91024937609986,st,True,True,-73530943#3,0,,False,889.6955380996224,1138.4107569996268,889.4400225527787,1138.3698323346255,890.125,1137.4899999999998,-37.9102577478489,145.13669212445717,1.0159876850818845,1.1150332014136082,1.1150332014136082,-31.32587805586829,obs=0.020 trans=1.000 fs=0.020 ft=1.000,8,13.781199988443404,0.0,,,
890.010864,1151.335179,890.7432041,1151.239905,145.13669397334854,-37.91013300632584,st,True,True,-73530943#2,0,,False,890.0108639992541,1151.3351789992303,890.6102006882654,1151.2771738649387,891.8458914334896,1151.1164315473688,-37.910135307279276,145.1367147878396,1.8480195161558037,1.2461018058290063,1.2461018058290063,-31.327703343550905,obs=0.020 trans=1.000 fs=0.020 ft=1.000,8,12.03350001014769,0.0,,,
891.8387706,1163.221826,892.2942979,1163.162564,145.13671745804234,-37.91002625745365,st,True,True,-73530943#2,0,,False,891.8387705995701,1163.2218260001391,892.0080909398979,1163.6802223962184,893.4557302730299,1163.49190917763,-37.91002411562355,145.13673590417815,1.6393607011145115,1.4598361233802473,1.4598361233802473,-31.329662885550956,obs=0.020 trans=1.000 fs=0.020 ft=1.000,8,9.338699979707599,0.0,,,
895.7977194,1178.422826,894.3048679,1178.61704,145.13676592569783,-37.90989003572587,st,True,True,-73530943#2,0,,False,895.7977193999104,1178.4228260004893,894.6672046072377,1177.4138388359543,895.2567599724537,1177.337147725248,-37.909899718395984,145.13675952829354,1.2129857457880795,0.5945225438250583,0.5945225438250583,-31.328994520988537,obs=0.020 trans=1.000 fs=0.020 ft=1.000,8,8.293499995488673,0.0,,,
896.984067,1190.925514,895.9240949,1191.063413,145.1367822557242,-37.909777621857536,st,True,True,-73530943#2,0,,False,896.9840669983532,1190.925514000468,896.7798301609934,1190.7017987144372,896.9916884402858,1190.6742395610313,-37.90977988677554,145.1367822852754,0.2513899964026751,0.21364324805899,0.21364324805899,-31.327464272053792,obs=0.020 trans=1.000 fs=0.020 ft=1.000,8,7.091900042723864,0.0,,,
897.2836667,1201.277417,897.2570679,1201.280887,145.1367880146827,-37.90968442315602,st,True,True,-73530943#2,0,,False,897.2836667003576,1201.2774170003831,898.0142108686206,1202.5489857572961,898.375,1201.2350000000001,-37.90968500175613,145.13680041339458,1.0921573022371474,1.3626178362616008,1.033293822879259,-31.32769260239779,obs=0.020 trans=1.000 fs=0.020 ft=1.000,8,6.175099988467991,0.0,,,
898.7930569,1205.550843,896.8581486,1203.102592,145.1368061474505,-37.90964619878614,st,True,True,-73530943#0,0,,False,898.7930569008458,1205.5508430013433,899.2607440432099,1210.3596770756258,899.875,1212.13,-37.90958712682353,145.13681994415282,6.667526354112299,1.8738606236904136,1.1398719963940116,-31.329190900534137,obs=0.020 trans=1.000 fs=0.020 ft=1.000,8,5.806100030895323,0.0,,,
885.7958086,1208.22582,885.904876,1206.000162,145.13665897805657,-37.909619761640556,st,True,True,-73530943#0,0,,False,885.7958085996797,1208.2258200012147,893.2488544357145,1214.7502640470718,900.1089116311477,1213.7744952253738,-37.909572354895964,145.13682297741408,15.35098417472364,6.929105968161631,6.929105968161631,-31.386998709770562,obs=0.019 trans=1.000 fs=0.019 ft=1.000,8,14.819899981375784,0.0,,,
879.229121,1205.123524,879.3952242,1204.86104,145.13658361045307,-37.909646525477626,st,True,True,299173858#0,0,,False,879.2291210004478,1205.1235240008682,885.6675996426698,1214.2360638892899,885.44,1210.62,-37.90959813017444,145.13665547668052,8.293748631114294,3.623219514295321,3.623219514295321,-33.54105718137847,obs=0.020 trans=1.000 fs=0.020 ft=1.000,8,7.666099991183728,0.0,,,
874.592923,1203.096833,875.319585,1202.110929,145.1365304367361,-37.90966394757507,st,True,True,299173858#0,0,,False,874.5929230009206,1203.096833000891,878.4561453205708,1211.3827272699239,879.435313156579,1209.7995867500229,-37.90960443941681,145.13658701761096,8.268957022570634,1.8614788628467855,1.8614788628467855,-33.54344759868639,obs=0.020 trans=1.000 fs=0.020 ft=1.000,8,8.177600044291466,0.0,,,
870.1261329,1201.943404,871.9540451,1199.367709,145.1364793876321,-37.90967353358433,st,True,True,299173858#0,0,,False,870.1261328994296,1201.9434040011838,871.959178801642,1207.9520485813075,872.5896064081106,1206.0851469400523,-37.90963666731251,145.1365083384481,4.818997437189566,1.970472203589618,1.970472203589618,-33.608858311939855,obs=0.020 trans=0.939 fs=0.019 ft=1.000,8,8.631300006527454,0.0,,,
864.2337142,1199.465221,864.2466492,1196.998342,145.13641182814504,-37.909694796559876,st,True,True,299173858#0,0,,False,864.2337142007891,1199.4652210008353,865.4496246585306,1203.9614982862477,865.4563692113278,1204.9253561950861,-37.90964583043162,145.13642697069767,5.5953517864645335,0.9638815059035466,0.9638815059035466,-33.60957782506773,obs=0.020 trans=1.000 fs=0.020 ft=1.000,8,5.941500014159828,0.0,,,
856.0975097,1200.295892,856.1150238,1196.955704,145.13631950914032,-37.909685848383866,st,True,True,299173858#0,0,,False,856.0975096991751,1200.295891999267,857.9099746311243,1201.622264932117,857.9334562199462,1204.9779974437536,-37.9096440014137,145.13634144795503,5.029195862205165,3.355814666316891,3.355814666316891,-33.62359763586427,obs=0.020 trans=1.000 fs=0.020 ft=1.000,8,6.324000016320497,0.0,,,
852.7936667,1199.902876,853.12,1196.94,145.13628185544394,-37.90968879375274,st,True,True,988580231,0,,False,852.7936666989699,1199.9028760008514,852.1911016000265,1200.034198689688,853.2,1200.87,-37.90968015483075,145.13628669525582,1.049016482832867,1.310129692735833,1.301774528596995,-31.556731749657686,obs=0.020 trans=1.000 fs=0.020 ft=1.000,8,8.023099973797798,0.0,,,
849.6290163,1198.990335,851.1345276,1196.394626,145.13624566625128,-37.90969644419423,st,True,True,988580230#0,0,,False,849.6290163000813,1198.9903349997476,847.8635874174445,1198.7638054497572,849.91,1193.86,-37.90974271018404,145.13624769477013,5.138023846699816,5.3136722092269775,1.9068863985624684,-31.644714998631706,obs=0.020 trans=1.000 fs=0.020 ft=1.000,8,5.989100027363747,0.0,,,
849.2285998,1187.74114,849.8203458,1187.732482,145.13623855635373,-37.909797707731386,st,True,True,988580230#0,0,,False,849.2285998005536,1187.7411399986595,845.8204697004869,1192.5042650912533,849.8892926534955,1192.4447325100612,-37.90975545554971,145.13624713760774,4.749768158472827,4.069258452243271,4.069258452243271,-31.625737738051264,obs=0.020 trans=1.000 fs=0.020 ft=1.000,8,6.002700014505535,0.0,,,
849.5777129,1184.682391,849.7756763,1184.679494,145.13624183041466,-37.909825324609514,st,True,True,988580230#0,0,,False,849.5777128989575,1184.6823909999803,845.5726049235112,1187.0333220860448,849.8092091729679,1186.9713346293843,-37.90980474690805,145.1362449828383,2.3006202345171753,4.2370577068642765,4.2370577068642765,-31.563355088683366,obs=0.020 trans=1.000 fs=0.020 ft=1.000,8,5.708099983166903,0.0,,,
849.6205898,1182.268737,849.7403779,1182.266985,145.13624176924102,-37.90984707515027,st,True,True,988580230#0,0,,False,849.6205897999462,1182.2687370004132,846.1643572149013,1182.6961118737393,849.7458899464342,1182.643709031297,-37.90984371987271,145.1362432791339,0.39535319735020474,3.581916074524564,3.581916074524564,-31.532866153070007,obs=0.020 trans=1.000 fs=0.020 ft=1.000,8,5.937199981417507,0.0,,,
849.4400157,1179.803328,849.7042746,1179.799462,145.13623915568067,-37.90986925166844,st,True,True,988580230#0,0,,False,849.4400156998308,1179.8033280009404,846.9650565756665,1179.2281480284835,849.6953310115255,1179.1882002877226,-37.909874838881514,145.13624191876352,0.6660090179226605,2.7305666659316223,2.7305666659316223,-31.4879184371008,obs=0.020 trans=1.000 fs=0.020 ft=1.000,8,6.6164000309072435,0.0,,,
848.2961606,1176.670533,849.6582024,1176.650604,145.1362254379677,-37.909897266677895,st,True,True,988580230#0,0,,False,848.2961606006138,1176.6705329995602,847.2141974861728,1176.028615660112,849.648580713439,1175.9929972223467,-37.90990361367537,145.13624066086922,1.5126449983318242,2.4346437871490805,2.4346437871490805,-31.436926203986648,obs=0.020 trans=1.000 fs=0.020 ft=1.000,8,6.209399958606809,0.0,,,
849.0235496,1171.127123,849.5772676,1171.119021,145.1362324481717,-37.909947334153465,st,True,True,988580230#0,0,,False,849.0235496000387,1171.1271230001003,847.8915702561538,1171.7590841780022,849.5862698351494,1171.734288348484,-37.90994196600119,145.13623898428943,0.8278307938709214,1.6948809681536203,1.6948809681536203,-31.404280679860758,obs=0.020 trans=1.000 fs=0.020 ft=1.000,8,5.92349999351427,0.0,,,
849.9416077,1163.76567,849.4697788,1163.772574,145.1362412129943,-37.910013813369474,st,True,True,-988580230#0,0,,False,849.9416077000787,1163.7656699996442,848.8861219155458,1165.8221584932473,846.2995892404932,1165.8600030906314,-37.909994291118124,145.13620027953996,4.201253331562598,2.586809519981288,2.586809519981288,-31.33658724342148,obs=0.020 trans=1.000 fs=0.020 ft=1.000,8,5.760299973189831,0.0,,,
847.8332104,1156.616768,849.0717248,1156.410349,145.13621561547845,-37.910077832782235,st,True,True,-988580230#0,0,,False,847.8332104004221,1156.6167680006474,848.4997468878628,1158.9186246822094,846.1985197897242,1158.952294859222,-37.910056499330025,145.1361975600533,2.850771667431053,2.301473405891869,2.301473405891869,-31.33866294854774,obs=0.020 trans=1.000 fs=0.020 ft=1.000,8,5.968499986920506,0.0,,,
842.4430905,1155.626758,842.1014957,1153.129657,145.13615410498033,-37.910085780219795,st,True,True,-988580230#0,0,,False,842.4430905011832,1155.626757999882,845.4766203585277,1154.5965820335102,846.19,1158.37,-37.91006174325761,145.1361973308101,4.643781590851833,3.8402595827227812,1.9222407496467957,-31.34233804281397,obs=0.020 trans=1.000 fs=0.020 ft=1.000,8,5.881499964743853,0.0,,,
837.5843969,1155.212322,837.387706,1153.774487,145.13609876761848,-37.91008863842736,st,True,True,E9,0,,False,837.5843969002599,1155.2123220004141,841.0035726444316,1152.421873694018,841.1187846896233,1153.2640883281726,-37.91010682522717,145.13613851055314,4.035778919521856,0.8500584128997616,0.8500584128997616,-31.44165013088005,obs=0.020 trans=1.000 fs=0.020 ft=1.000,8,5.744000023696572,0.0,,,
832.7815976,1154.968875,832.7058229,1154.414952,145.1360441046436,-37.91008996636399,st,True,True,E9,0,,False,832.7815976007842,1154.9688750002533,835.7726502406764,1151.7032402513248,836.0804526334312,1153.9533147046907,-37.91009970899577,145.1360813816054,3.451638341475493,2.2710300215266344,2.2710300215266344,-31.432059449122228,obs=0.020 trans=1.000 fs=0.020 ft=1.000,8,5.51610003458336,0.0,,,
830.3571006,1155.828107,829.9562282,1155.777203,145.13601673356322,-37.91008178946336,st,True,True,E9,0,,False,830.3571006026468,1155.8281070003286,831.4382722442904,1152.344838676018,831.7395389813331,1154.5471366588306,-37.910093577788736,145.13603216059786,1.8846805794782013,2.2228085954369736,2.2228085954369736,-31.42891555379079,obs=0.020 trans=1.000 fs=0.020 ft=1.000,8,16.933700011577457,0.0,,,
829.3268714,1167.364716,830.0071426,1167.358172,145.13600764279505,-37.90997767915402,st,True,True,E10,0,,False,829.3268714002334,1167.3647159999236,828.5817610511433,1159.0792707060955,829.9273799719691,1159.0663266512317,-37.9100525413446,145.13601258387882,8.320088721114173,1.345681176445871,1.345681176445871,-31.423769763113718,obs=0.020 trans=1.000 fs=0.020 ft=1.000,8,7.654200016986579,0.0,,,
829.2738282,1174.819517,830.0788418,1174.811774,145.13600873456866,-37.90991051483753,st,True,True,E10,0,,False,829.2738282008795,1174.8195170005783,827.2668726624302,1167.6105520978833,830.0093165799125,1167.5841714161174,-37.90997582517126,145.13601545205006,7.272631496389076,2.742570797792867,2.742570797792867,-31.42958110446958,obs=0.020 trans=1.000 fs=0.020 ft=1.000,8,7.64359999448061,0.0,,,
829.1520637,1185.60326,830.1825542,1185.593348,145.13600980182332,-37.909813350176535,st,True,True,E10,0,,False,829.1520636997884,1185.6032600011677,826.900520585066,1178.5244168339768,830.1142578668208,1178.493502589945,-37.90987757001648,145.136019125481,7.174570932223609,3.213885966649209,3.213885966649209,-31.442021833471074,obs=0.020 trans=1.000 fs=0.020 ft=1.000,8,6.126200023572892,0.0,,,
831.6995503,1197.209406,830.2944238,1197.222923,145.13604140516068,-37.90970925789834,st,True,True,E10,0,,False,831.6995502992067,1197.2094059996307,828.3921059752469,1191.0121666684045,830.2345094974222,1190.994443840713,-37.909764979984715,145.1360233348261,6.38530337475608,1.842488761741981,1.8424887617419807,-31.36105022009037,obs=0.020 trans=1.000 fs=0.020 ft=1.000,8,5.88640000205487,0.0,,,
831.2091802,1208.774557,830.405618,1208.782287,145.13603845900568,-37.90960498771334,st,True,True,E10,0,,False,831.2091802002979,1208.7745570009574,829.4573536959911,1204.1074908446699,830.3605656449557,1204.098802482133,-37.909646955256804,145.13602774733377,4.752139200806996,0.9032537364418302,0.9032537364418302,-31.36073308192141,obs=0.020 trans=1.000 fs=0.020 ft=1.000,8,5.930999992415309,0.0,,,
828.5238291,1220.12277,830.5145225,1220.103621,145.13601050688916,-37.90950227638759,st,True,True,E10,0,,False,828.5238290998386,1220.1227700011805,828.9358284663739,1217.1301080289702,830.4857756438835,1217.1151984576265,-37.90952972276405,145.13603213020087,3.5909220029520066,1.5500188864615698,1.5500188864615698,-31.36283303097521,obs=0.020 trans=1.000 fs=0.020 ft=1.000,8,5.979500012472272,0.0,,,
828.4349328,1230.303409,830.6124369,1230.282463,145.1360118107052,-37.909410550556615,st,True,True,E10,0,,False,828.4349328003591,1230.3034089999273,828.5610069982915,1229.2385441542053,830.6022061512773,1229.218909030609,-37.90942071039252,145.13603620573005,2.423471468998915,2.041293589915097,2.041293589915097,-31.361594658677156,obs=0.020 trans=1.000 fs=0.020 ft=1.000,8,6.471099972259253,0.0,,,
828.3468629,1240.389507,830.7094421,1240.36678,145.1360131024156,-37.90931967652275,st,True,True,E10,0,,False,828.3468628990813,1240.3895069994032,828.3088625419732,1240.5121999029693,830.7106186608182,1240.489096435494,-37.909319205166085,145.1360400005807,2.3658527758348216,2.4018672370926017,2.4018672370926017,-31.36262976889299,obs=0.020 trans=1.000 fs=0.020 ft=1.000,8,6.684300024062395,0.0,,,
829.9217173,1245.618166,830.7598797,1245.610103,145.13603219696628,-37.90927285908465,st,True,True,E10,0,,False,829.9217172986828,1245.6181659987196,828.9839247815129,1248.7185299164144,830.7896138377173,1248.7011602600812,-37.90924524300533,145.13604276570243,3.2028265669649674,1.8057725971609826,1.8057725971609826,-31.364442214948014,obs=0.020 trans=1.000 fs=0.020 ft=1.000,8,6.142300029750913,0.0,,,
829.4256701,1252.476518,830.7291223,1252.630296,145.13602811620427,-37.90921098793038,st,True,True,E11,0,,False,829.4256700990954,1252.476518000476,829.2311527201454,1255.7090703140593,827.24,1257.14,-37.9091685843872,145.1360043257529,5.150263890517121,2.4519887685405117,1.3106069649875507,-31.357187209992727,obs=0.020 trans=1.000 fs=0.020 ft=1.000,8,6.077300000470132,0.0,,,
826.9442524,1259.554966,826.1693555,1257.554781,145.1360015121933,-37.90914677647853,st,True,True,E11,0,,False,826.9442523973994,1259.5549659989774,828.137070100646,1262.1844922658527,826.3207405791768,1257.4961326707246,-37.9091652106691,145.13599395490843,2.151176808397645,5.027899026809329,5.027899026809329,-31.375875592014182,obs=0.019 trans=1.000 fs=0.019 ft=1.000,8,6.043199973646551,0.0,,,
818.9946828,1260.161677,819.0113796,1260.0986,145.1359112650186,-37.90913987910779,st,True,True,E11,0,,False,818.9946828001412,1260.1616769991815,823.3820607283245,1265.2475947329688,821.1544479347017,1259.4976194714513,-37.90914625015598,145.1359356701637,2.2595481487674394,6.166398808573316,6.166398808573316,-31.419162728800718,obs=0.019 trans=1.000 fs=0.019 ft=1.000,8,6.280799978412688,0.0,,,
812.0925553,1252.307614,817.9651341,1252.36123,145.13583100337016,-37.90920938718518,st,True,True,E12,0,,False,812.0925553014968,1252.3076140005141,816.7858459142802,1261.9293501963143,817.91,1258.4,-37.909155553357735,145.1358985318454,8.423765784189124,3.7040565892901323,0.1013698513159468,-31.418155739468666,obs=0.020 trans=1.000 fs=0.020 ft=1.000,8,6.458099989686161,0.0,,,
811.7846158,1241.152758,818.0669441,1241.210116,145.13582496587802,-37.909309817520786,st,True,True,E12,0,,False,811.7846158019966,1241.1527580013499,812.5461066709703,1252.9971049992255,817.9588773675946,1253.046523726333,-37.909203787654704,145.13589787040488,13.400864487084503,5.412996289008861,5.412996289008861,-31.451778202314213,obs=0.019 trans=1.000 fs=0.019 ft=1.000,8,7.517000020015985,0.0,,,
812.0069873,1230.741789,818.1620071,1230.797984,145.13582512705975,-37.90940364226173,st,True,True,E12,0,,False,812.0069872994209,1230.7417890001088,810.4230578517587,1241.2699806888559,818.0657604144136,1241.3397587477236,-37.909309264459296,145.13589642398603,12.207608055238225,7.64302109369791,7.64302109369791,-31.51958931721232,obs=0.019 trans=1.000 fs=0.019 ft=1.000,8,6.900699983816594,0.0,,,
812.4125671,1220.175358,818.2585046,1220.228731,145.13582733594305,-37.909498900446856,st,True,True,E12,0,,False,812.4125670990907,1220.1753580002114,809.8483028127599,1228.3057575647042,818.1840663127359,1228.381863286658,-37.90942601382464,145.1358948229727,10.032792840958285,8.336110916275418,8.336110916275418,-31.599241540942103,obs=0.018 trans=1.000 fs=0.018 ft=1.000,8,6.856199994217604,0.0,,,
812.8273218,1210.233641,818.3492997,1210.284057,145.13582979118686,-37.909588532699516,st,True,True,E12,0,,False,812.8273218002869,1210.2336410004646,810.2159283790053,1215.4575633459758,818.3013915004417,1215.531383819432,-37.9095417953801,145.1358932352185,7.617842086711567,8.085800105766259,8.08580010576626,-31.676890726789292,obs=0.018 trans=1.000 fs=0.018 ft=1.000,8,6.816699984483421,0.0,,,
813.2983138,1199.478144,818.4475287,1199.525156,145.13583270081324,-37.90968550582066,st,True,True,E12,0,,False,813.2983138003619,1199.4781440002844,811.0875601698717,1202.7598502284307,818.4173849156932,1202.8267717052788,-37.90965626268278,145.1358916654748,6.11704149000768,7.330130236804849,7.330130236804849,-31.741907125129103,obs=0.019 trans=1.000 fs=0.019 ft=1.000,8,6.226499972399324,0.0,,,
813.7009164,1188.132659,818.5511382,1188.176941,145.13583469871335,-37.90978778138347,st,True,True,E12,0,,False,813.7009163997136,1188.1326590003446,812.1054327630042,1190.1756073301276,818.5323546206823,1190.2342852818138,-37.90976971974182,145.13589010957287,5.268740675911026,6.427189717653857,6.427189717653857,-31.761943373932755,obs=0.019 trans=1.000 fs=0.019 ft=1.000,8,10.425400047097355,0.0,,,
813.8710182,1177.788976,818.6455826,1177.832567,145.13583428087966,-37.909880990571864,st,True,True,E12,0,,False,813.8710182007635,1177.7889759996906,812.9722203789686,1178.3668433865043,818.640232181238,1178.418592471067,-37.909876177965124,145.135888649639,4.810594442746391,5.668248032542241,5.668248032542241,-31.754574075797812,obs=0.019 trans=1.000 fs=0.019 ft=1.000,8,7.585300016216934,0.0,,,
813.9949188,1170.254743,818.7143749,1170.297832,145.13583397653224,-37.909948883191355,st,True,True,E12,0,,False,813.9949188008322,1170.2547429995611,813.6202080211042,1168.6120251205944,818.729340494151,1168.6586716233917,-37.90996411388491,145.13588744370605,4.9962178303186855,5.109345410457609,5.109345410457609,-31.787192994143574,obs=0.019 trans=1.000 fs=0.019 ft=1.000,8,6.3115000375546515,0.0,,,
813.2260583,1162.228629,812.5449217,1157.05785,145.13582340969447,-37.91002104597208,st,True,True,E13,0,,False,813.2260583003517,1162.228629000485,813.6190876972341,1160.0125899779462,813.06,1156.99,-37.91006820696668,145.1358203304786,5.241260264844468,3.0738622656162007,2.7916896814644034,-31.760309247209534,obs=0.020 trans=1.000 fs=0.020 ft=1.000,8,6.1243000091053545,0.0,,,
812.7144719,1153.629472,813.0609996,1156.990036,145.1358156377315,-37.910098417215785,st,True,True,E13,0,,False,812.7144719001371,1153.6294720005244,813.2927254765448,1151.7967957535984,813.06,1156.99,-37.91006820696668,145.1358203304786,3.378244825801459,5.19841624846227,5.19841624846227,-31.73160180383797,obs=0.019 trans=1.000 fs=0.019 ft=1.000,8,12.984000029973686,0.0,,,
814.4679131,1141.492714,813.9155436,1157.020434,145.13583281467805,-37.91020806411145,st,True,True,-988580237#0,0,,False,814.4679131001467,1141.4927139999345,813.9143119950202,1141.9223727447122,800.19,1144.6,-37.9101775006538,145.13567118175692,14.612119243338435,13.98307646603252,13.983076466032522,-32.329642260338815,obs=0.016 trans=0.644 fs=0.010 ft=1.000,8,7.445199997164309,0.0,,,
814.5028272,1139.369672,799.7982714,1143.023531,145.13583272892043,-37.91022719530587,st,True,True,310012465#0,0,,False,814.5028271999909,1139.3696720004082,814.3360769059799,1135.8795396264115,816.2780150155744,1135.660511082967,-37.91026092816834,145.13585206939868,4.1120756914323096,1.9542510392318748,1.9542510392318748,-3.919444678164087,obs=0.020 trans=-- fs=0.020 ft=--,8,7.1975999744609,0.0,,,
814.4671013,1141.542095,813.9164872,1157.020468,145.135832816676,-37.91020761912855,st,True,True,310012465#0,0,,False,814.4671013014158,1141.5420949999243,814.5561680410111,1134.5803912799888,816.1360911430676,1134.4021939141264,-37.91027223784396,145.1358501696169,7.3323744180527495,1.589940662292774,1.589940662292774,-7.837275374059765,obs=0.020 trans=1.000 fs=0.020 ft=1.000,8,5.645699973683804,0.0,,,
798.7481492,1158.568039,801.5010893,1156.77121,145.13565796425183,-37.91005141323176,st,True,True,310012465#1,0,,False,798.7481492029619,1158.568038999103,806.729111518196,1143.7200852439016,817.07,1142.54,-37.91019909864562,145.13586263846608,24.343135598884835,10.408005369713395,10.407830179692708,-170.4370643603187,obs=0.017 trans=1.000 fs=0.017 ft=0.000,8,5.210999981500208,0.0,,,
788.8824222,1160.392223,800.58,1155.36,145.13554620627346,-37.910033203024234,st,True,True,988580237#0,0,,False,788.8824222033145,1160.392222999595,796.4936022249111,1151.7430110120147,797.0157154821917,1151.7410295575278,-37.91011260054921,145.13563671411012,11.874072912539226,0.522117017142729,0.522117017142729,-3.915011564483151,obs=0.020 trans=-- fs=0.020 ft=--,8,5.256400036159903,0.0,,,
778.2961923,1161.708944,776.0260217,1143.923575,145.13542614086816,-37.91001943424352,st,True,True,988580237#0,0,,False,778.2961923021358,1161.7089440003037,784.7641967759776,1157.883464585864,797.02,1152.87,-37.910102431267894,145.13563701955235,20.70526275484345,13.241583735326826,13.029808386772482,-8.041902254486823,obs=0.016 trans=1.000 fs=0.016 ft=1.000,8,18.82830000249669,0.0,,,
768.5836525,1162.916983,766.3174625,1145.162801,145.13531598459878,-37.91000680181228,st,True,True,E2,0,,False,768.5836524996557,1162.9169830009341,772.9317637100681,1162.200484399995,770.6858568372362,1144.605207743153,-37.91017213772585,145.13533572178218,18.4320475305493,17.738034229086544,17.738034229086544,-15.303604833352523,obs=0.013 trans=0.052 fs=0.001 ft=1.000,8,5.859500030055642,0.0,,,
756.2481108,1152.533583,755.9,1146.45,145.1351733684663,-37.91009811520066,st,True,True,998107635#2,0,,False,756.2481108008651,1152.5335830012336,760.0933421350569,1159.2339114062306,760.0812014484457,1156.7122907970706,-37.91006116309942,145.1352179009803,5.6704658323243935,2.5216498354870267,2.5216498354870267,-3.922619204124678,obs=0.020 trans=-- fs=0.020 ft=--,8,9.839100006502122,0.0,,,
744.8305426,1149.213335,744.8861091,1146.286286,145.1350427959852,-37.91012596719644,st,True,True,998107635#1,0,,False,744.8305425993167,1149.2133350009099,747.3054493746628,1154.9295826493765,750.69,1156.76,-37.910059040926164,145.13511113436,9.554338995394453,3.847805947931187,3.847805947931187,-7.8768350715963535,obs=0.020 trans=1.000 fs=0.020 ft=1.000,8,5.845199979376048,0.0,,,
736.3175453,1147.910883,736.3514621,1146.124266,145.13494570728568,-37.91013616573417,st,True,True,E3,0,,False,736.3175452999421,1147.9108830001205,736.243390288116,1151.1486731514897,736.3387772472273,1146.1240248053632,-37.91015226602807,145.13494554221006,1.7869843322639654,5.02555366842301,4.857262070028042,-3.94416205027983,obs=0.019 trans=-- fs=0.019 ft=--,8,5.399100016802549,0.0,,,
732.6217412,1147.331709,732.7977029,1146.018764,145.13490355439205,-37.91014071696799,st,True,True,E4,0,,False,732.6217411989346,1147.331709000282,728.9060433049252,1148.4208064409345,730.63,1145.53,-37.91015658822789,145.1348804985024,2.6857379479820325,3.365826579822793,2.565187090028007,-7.8670580880470515,obs=0.020 trans=1.000 fs=0.020 ft=1.000,8,14.293400046881288,0.0,,,
726.0313468,1168.968573,725.3958995,1168.967131,145.1348335442107,-37.909944618821534,st,True,True,E5,0,,False,726.0313467966625,1168.968573000282,722.5881150990579,1157.7819284274753,725.4011681942148,1157.7656303214778,-37.9100454241522,145.134823830482,11.220652821273637,2.8131003082775803,2.8131003082775803,-11.791620811486254,obs=0.020 trans=1.000 fs=0.020 ft=1.000,8,9.69140004599467,0.0,,,
725.5347475,1176.791918,725.3781456,1176.791562,145.13482967769613,-37.90987405465921,st,True,True,E7,0,,False,725.5347475002054,1176.791917999275,719.7994477268712,1168.3040853666841,725.3973751989745,1168.3167873090845,-37.90995037600168,145.13482618771985,8.476243942039144,5.597941882716289,5.59794188271629,-19.752493766007106,obs=0.019 trans=1.000 fs=0.019 ft=1.000,8,8.478600007947534,0.0,,,
725.5830166,1187.132291,725.3546832,1187.131773,145.13483257890044,-37.90978091468443,st,True,True,E7,0,,False,725.5830165995285,1187.1322910003364,719.4328545574509,1180.2035184956599,725.3703731160792,1180.216990985096,-37.90984317111519,145.13482858796402,6.91856860570443,5.937533843442683,5.937533843442683,-23.711232457943304,obs=0.019 trans=1.000 fs=0.019 ft=1.000,8,9.807399997953326,0.0,,,
727.7217225,1196.542365,725.3333424,1196.536946,145.13485903649152,-37.90969653185559,st,True,True,E7,0,,False,727.7217224976048,1196.5423649987206,721.3930172219827,1192.0476273579095,725.3435085450992,1192.0565911955957,-37.90973651218262,145.13483097597123,5.0772106728688575,3.9505014927733613,3.9505014927733613,-23.638380386148118,obs=0.020 trans=1.000 fs=0.020 ft=1.000,8,6.756999995559454,0.0,,,
727.8760272,1205.946002,725.3025015,1205.939414,145.13486293015615,-37.90961184934137,st,True,True,E0,0,,False,727.8760272015352,1205.9460019990802,723.5384282582064,1203.4398199642335,725.3088881778373,1203.4443518582257,-37.909633922134255,145.13483317299202,3.5844743260665175,1.7704657198269866,1.7704657198269866,-31.56400033509749,obs=0.020 trans=1.000 fs=0.020 ft=1.000,8,7.989000005181879,0.0,,,
727.6913585,1214.755338,725.28,1214.73,145.13486283452923,-37.90953245934277,st,True,True,E0,0,,False,727.6913585009752,1214.7553380001336,725.2603560477339,1213.9642149994534,725.2819600589595,1213.9642702998233,-37.90953915121137,145.1348352600328,2.5359394627754663,0.021604082002384756,0.021604082002384756,-31.471640769167248,obs=0.020 trans=1.000 fs=0.020 ft=1.000,8,6.966300017666072,0.0,,,
726.5059775,1218.496322,724.747526,1217.445293,145.13485020794673,-37.909498545966585,st,True,True,-11294993,0,,False,726.5059774988913,1218.496321999468,725.9379834458254,1221.2073371302113,719.76,1220.32,-37.90948090190391,145.13477392201878,6.9881337898735385,6.241381789279029,0.4004462622833594,-31.442349972157302,obs=0.020 trans=1.000 fs=0.020 ft=1.000,8,11.335099989082664,0.0,,,
725.9585812,1224.274734,727.1350569,1223.514927,145.1348452986645,-37.90944639391534,st,True,True,-11294993,0,,False,725.9585811993456,1224.2747339988127,726.0966128163657,1227.2432274423181,719.76,1220.32,-37.90948090190391,145.13477392201878,7.352709016835038,9.385293826119542,5.486594611605323,-31.472291160597848,obs=0.019 trans=1.000 fs=0.019 ft=1.000,8,5.8169999974779785,0.0,,,
724.0085814,1224.370014,725.4163945,1221.713015,145.13482314913216,-37.909445184140516,st,True,True,E14,0,,False,724.0085814003833,1224.3700139988214,725.1688099936783,1229.7719073594951,728.22,1228.14,-37.90941198221971,145.13487188995995,5.652330587490575,3.460185267388345,2.627239956147323,-35.895563724260796,obs=0.020 trans=1.000 fs=0.020 ft=1.000,8,6.105999986175448,0.0,,,
699.4878782,1221.703883,699.4718489,1220.620052,145.134543745799,-37.909464781339466,st,True,True,-11294993,0,,False,699.4878782010055,1221.7038830006495,712.151684901071,1228.7480709890099,712.0287287256338,1220.4343418959804,-37.90947847831763,145.13468604459214,12.604946112439864,8.314638275557298,8.314638275557298,-35.94280904467466,obs=0.018 trans=1.000 fs=0.018 ft=1.000,8,6.25840004067868,0.0,,,
689.2405191,1221.349407,689.231972,1220.771495,145.13442715418614,-37.90946612721436,st,True,True,-11294993,0,,False,689.240519099636,1221.3494069995359,698.3386949482106,1226.8424823401951,698.2469360357384,1220.6381681814964,-37.90947415786133,145.13452939398837,9.034456634640385,6.204992657356439,6.20499265735644,-35.94686857684444,obs=0.019 trans=1.000 fs=0.019 ft=1.000,8,11.363400029949844,0.0,,,
676.7248935,1223.630426,676.6808189,1220.971257,145.1342853724523,-37.909443322828245,st,True,True,-11294993,0,,False,676.7248934992822,1223.6304259998724,683.6049492049789,1226.0959240753316,683.5181316488071,1220.857931519633,-37.90946952289944,145.13436197965535,7.337220877084061,5.238711988801609,5.238711988801609,-35.96166562841594,obs=0.019 trans=1.000 fs=0.019 ft=1.000,8,8.840100024826825,0.0,,,
669.4719493,1223.153789,669.4377645,1221.091308,145.13420279911855,-37.9094463088063,st,True,True,-11294993,0,,False,669.4719493009616,1223.1537890005857,671.450162046078,1225.0587086232172,671.3838693930167,1221.0590518885135,-37.909465523438264,145.1342240606662,2.8360821580300355,4.000206083604965,4.000206083604965,-35.977749503223734,obs=0.020 trans=1.000 fs=0.020 ft=1.000,8,7.713400002103299,0.0,,,
661.5176567,1223.511634,661.479727,1221.223209,145.13411244146783,-37.90944165104562,st,True,True,-11294993,0,,False,661.51765670022,1223.5116339996457,661.0696740226225,1224.394809108874,661.0172331189813,1221.230874589188,-37.909462106460026,145.13410623267166,2.335013329523197,3.1643690829665614,3.1643690829665614,-35.990265459419824,obs=0.020 trans=1.000 fs=0.020 ft=1.000,8,8.107600035145879,0.0,,,
647.6812683,1222.294521,647.666953,1221.448149,145.1339548468582,-37.90945012015541,st,True,True,-11294994,0,,False,647.6812683009775,1222.2945210002363,649.0252734005261,1223.2993040645788,648.9947279020984,1221.4258468276832,-37.909458182236044,145.13396958298395,1.5747288470835756,1.8737062325643514,1.8737062325643514,-31.53640693909786,obs=0.020 trans=1.000 fs=0.020 ft=1.000,8,5.542999948374927,0.0,,,
635.7345897,1222.443792,635.7211671,1221.650196,145.13381904894257,-37.90944662111878,st,True,True,-11294994,0,,False,635.7345896997722,1222.4437920013443,636.7975259060371,1222.6571609819923,636.780191464574,1221.63228446869,-37.909454119940136,145.13383075256164,1.3235662152349927,1.0250230974859522,1.0250230974859522,-31.533063909595402,obs=0.020 trans=1.000 fs=0.020 ft=1.000,8,6.1543999472633,0.0,,,
628.3073766,1223.781186,628.2734643,1221.776165,145.13373490711035,-37.909433234102764,st,True,True,-11294994,0,,False,628.3073765995214,1223.781186000444,626.8048343952939,1222.9755878982587,626.7849735407116,1221.801340464961,-37.90945079447674,145.13371714695916,2.4974986322009363,1.1744153814349918,1.174415381434992,-31.526159986721623,obs=0.020 trans=1.000 fs=0.020 ft=1.000,8,5.854599992744625,0.0,,,
621.6715909,1224.174766,621.6329214,1221.888481,145.13365954886856,-37.90942849187275,st,True,True,-11294994,0,,False,621.6715908980696,1224.1747660003603,618.7637235266623,1223.4712989702211,618.7377804530919,1221.9374481771665,-37.90944811705226,145.13362568260905,3.689557530252158,1.53407017389055,1.53407017389055,-31.442685188777947,obs=0.020 trans=1.000 fs=0.020 ft=1.000,8,13.677099952474236,0.0,,,
611.8931419,1224.301407,611.8551276,1222.053859,145.1335483982923,-37.909425587427336,st,True,True,-11294994,0,,False,611.8931418997236,1224.3014070009813,610.350388911922,1223.9027742691258,610.3195562251111,1222.0798313942746,-37.909445316104105,145.13353000113142,2.722419888933298,1.8232036034262755,1.8232036034262755,-31.39871286065507,obs=0.020 trans=1.000 fs=0.020 ft=1.000,8,5.740799999330193,0.0,,,
601.1625045,1223.473858,601.1415519,1222.235065,145.13342620426639,-37.90943110670212,st,True,True,-11294994,0,,False,601.1625044991961,1223.4738579997793,601.0363421229255,1223.7688093909444,601.0104383620153,1222.2372829082624,-37.909442218643534,145.13342419377526,1.2458900702056772,1.531745531080677,1.5317455310806767,-31.367340536993034,obs=0.020 trans=1.000 fs=0.020 ft=1.000,8,7.107499986886978,0.0,,,
593.4147238,1222.97243,593.4044656,1222.365928,145.13333799908074,-37.909434226138984,st,True,True,-11294994,0,,False,593.4147237997386,1222.9724300000817,592.5333750107166,1223.3986353269177,592.5161622400619,1222.3809524433677,-37.90943939222573,145.1333276479147,1.0757595347589466,1.0178284388560266,1.0178284388560266,-31.34863344451757,obs=0.020 trans=1.000 fs=0.020 ft=1.000,8,7.015599985606968,0.0,,,
587.4162457,1224.687147,587.3786769,1222.467906,145.13327018775857,-37.909417697496494,st,True,True,-11294994,0,,False,587.4162457010243,1224.6871470008045,585.4449512508711,1224.005286674986,585.419486928462,1222.5010727726742,-37.90943702998517,145.13324698720007,2.960737429543562,1.5044294252719732,1.5044294252719732,-31.33894603977056,obs=0.020 trans=1.000 fs=0.020 ft=1.000,8,7.010400004219264,0.0,,,
571.3463292,1224.501005,571.3209014,1222.707262,145.1330874330573,-37.90941647529387,st,True,True,-11294994,0,,False,571.3463292004308,1224.5010050004348,574.1718710666156,1224.3304475686957,574.1482928715836,1222.66718149149,-37.909433500316254,145.13311887336022,3.3487175271167464,1.663433189179559,1.663433189179559,-31.338016333431703,obs=0.020 trans=1.000 fs=0.020 ft=1.000,8,6.0529999900609255,0.0,,,
562.0878347,1223.363308,562.0803917,1222.838254,145.13298190642865,-37.90942505358151,st,True,True,-11294994,0,,False,562.0878346998943,1223.3633080003783,563.4249675371319,1223.9479859000419,563.4089691728115,1222.8194204339852,-37.90943019140945,145.13299680365932,1.4287092007847797,1.128678855492846,1.128678855492846,-31.338295387942274,obs=0.020 trans=1.000 fs=0.020 ft=1.000,8,7.327700033783913,0.0,,,
550.0817973,1223.51306,550.0746439,1223.008446,145.13284543386197,-37.9094215383808,st,True,True,-11294994,0,,False,550.081797299441,1223.5130599997938,551.8121824733266,1223.732525850536,551.8015709947989,1222.9839650620554,-37.90942661489695,145.1328648669129,1.7993229327681926,0.7486359980171395,0.7486359980171395,-31.337271893403997,obs=0.020 trans=1.000 fs=0.020 ft=1.000,8,5.999799992423505,0.0,,,
542.4814669,1225.4309,542.4486591,1223.11655,145.13275945614268,-37.9094028906388,st,True,True,-11294994,0,,False,542.4814668993931,1225.4309000000358,541.9218309124145,1224.5540623381864,541.901562914256,1223.124306000009,-37.90942356435483,145.1327523374156,2.378374342473702,1.4298999889180488,1.4298999889180488,-31.336885946753853,obs=0.020 trans=1.000 fs=0.020 ft=1.000,8,5.430900026112795,0.0,,,
530.0951917,1223.84098,530.0874063,1223.291782,145.13261826416823,-37.909414977949204,st,True,True,-11294994,0,,False,530.0951917001512,1223.840980000794,530.8706244234752,1224.3122010880093,530.8560046660856,1223.280886074708,-37.90942016070147,145.1326267869165,0.9447441850428708,1.0314186317721874,1.0314186317721874,-31.33406063802188,obs=0.020 trans=1.000 fs=0.020 ft=1.000,8,5.301199969835579,0.0,,,
521.3714493,1223.23833,521.3739581,1223.415302,145.13251893941668,-37.90941883248653,st,True,True,-11294994,0,,False,521.3714492997387,1223.2383300000802,520.8580404590384,1223.806989207904,520.8525927350571,1223.4226928491787,-37.90941707806678,145.13251308209786,0.5506376257040224,0.38433496981947934,0.3843349698194793,-31.33131247426818,obs=0.020 trans=1.000 fs=0.020 ft=1.000,8,5.482399952597916,0.0,,,
513.1443258,1224.430901,513.0866,1224.060888,145.13242567005713,-37.90940660478588,st,True,True,-11294994,0,,False,513.1443258001236,1224.4309010012075,511.8340045652302,1224.0588850861939,516.81,1223.48,-37.90941583227704,145.1324671315525,3.787001459431506,5.0095547217159915,0.5617909517321644,-31.330412017196313,obs=0.020 trans=1.000 fs=0.020 ft=1.000,8,5.305500002577901,0.0,,,
507.0588925,1232.091763,508.3542546,1232.199983,145.13235822481306,-37.90933649563473,st,True,True,-5094894,0,,False,507.0588924982585,1232.091763000004,504.51749984792656,1228.1085622166554,511.0,1220.47,-37.90944189853399,145.13240038719024,12.27182560047788,10.018504926352398,5.770808818457922,-33.079969167525626,obs=0.019 trans=1.000 fs=0.019 ft=1.000,8,12.028499972075224,0.0,,,
509.4046489,1242.891108,508.9215485,1242.919297,145.13238735561256,-37.90923963590851,st,True,True,310292423,0,,False,509.40464890020667,1242.8911080015823,502.5096443563155,1236.2487384612348,508.5118847219909,1235.8985071320506,-37.90930246580688,145.13237561221243,7.049361304294294,6.012449699688572,6.012449699688572,-33.16752722525596,obs=0.019 trans=1.000 fs=0.019 ft=1.000,8,7.383099989965558,0.0,,,
508.2870912,1254.578535,509.5974049,1254.502078,145.13237731147603,-37.90913415107617,st,True,True,310292423,0,,False,508.28709120093845,1254.5785350007936,502.1436405802425,1247.325893159603,509.15480270259167,1246.9167911444158,-37.9092033265001,145.13238543191608,7.7107225453160115,7.023087552116512,7.023087552116512,-33.22758952876328,obs=0.019 trans=1.000 fs=0.019 ft=1.000,8,11.841999948956072,0.0,,,
509.1746692,1266.055512,510.2678271,1265.991726,145.1323900173584,-37.90903092390455,st,True,True,310292423,0,,False,509.1746691968292,1266.0555119998753,503.4724868960786,1259.8596390184262,509.88817546359564,1259.4852829450701,-37.909090238871876,145.13239663315534,6.60885777009318,6.426601144075125,6.426601144075125,-33.278515461772656,obs=0.019 trans=1.000 fs=0.019 ft=1.000,8,5.538299970794469,0.0,,,
515.705781,1277.538452,515.9707484,1277.244538,145.1324668901605,-37.90892866150155,st,True,True,310292423,0,,False,515.7057810032275,1277.5384520012885,508.4095729454233,1272.93611883985,510.64,1272.37,-37.90897430593674,145.13240811617652,7.237059711117831,2.3011508830628418,2.3011508830628418,-33.28257881353305,obs=0.020 trans=1.000 fs=0.020 ft=1.000,8,7.845399959478527,0.0,,,
529.8902091,1277.034165,529.8942374,1277.855375,145.1326280488079,-37.90893576395031,st,True,True,63906910#0,0,,False,529.8902091007913,1277.0341649986804,519.2690826328997,1279.9656728574353,519.2589867021727,1277.9075452649508,-37.908925977849925,145.13250737331327,10.667037207134857,2.0581523546042404,2.0581523546042404,-33.248754550274235,obs=0.020 trans=1.000 fs=0.020 ft=1.000,8,5.735800019465387,0.0,,,
536.7816661,1278.172637,531.1330572,1278.924608,145.1327066622962,-37.9089267518667,st,True,True,63906910#0,0,,False,536.7816660992103,1278.1726369988173,529.9671369095494,1283.5193745529057,531.7137809968874,1283.2868525587787,-37.90887976729719,145.13265020645503,7.199906958016697,1.7620533605954483,1.7620533605954483,-32.03245879652432,obs=0.020 trans=0.655 fs=0.013 ft=1.000,8,8.930799958761781,0.0,,,
534.2652591,1303.832253,534.4456897,1303.808233,145.13268389532098,-37.90869514977643,st,True,True,63906910#0,0,,False,534.2652590998914,1303.8322529997677,535.1856836056182,1297.2870264087799,533.6055575542717,1297.4973806893654,-37.908752096796405,145.13267495193497,6.369129714363985,1.5940662663467067,1.5940662663467067,-31.94307104888137,obs=0.020 trans=1.000 fs=0.020 ft=1.000,8,8.597199979703873,0.0,,,
536.279163,1315.572535,536.0164681,1315.607507,145.13270946663556,-37.90858975387339,st,True,True,63906910#0,0,,False,536.2791629994172,1315.5725349998102,538.6301149336346,1311.1657765948066,535.4809726944376,1311.5850061553997,-37.908625530470175,145.1326994833052,4.066631781704467,3.1769246555701636,3.1769246555701636,-31.93086244288843,obs=0.020 trans=1.000 fs=0.020 ft=1.000,8,8.200899988878518,0.0,,,
536.9007279,1326.917798,537.5014935,1326.844398,145.13271911744627,-37.90848766515421,st,True,True,63906910#0,0,,False,536.900727899163,1326.9177980003878,540.2452466179836,1324.5305144000868,537.2572967212556,1324.9282852300887,-37.90850565150652,145.13272271842825,2.021213098134836,3.014310239268313,3.014310239268313,-31.89703308642252,obs=0.020 trans=1.000 fs=0.020 ft=1.000,8,8.623600006103516,0.0,,,
540.0240194,1338.869703,539.8687462,1338.935543,145.13275735019653,-37.908380563060376,st,True,True,63906910#0,0,,False,540.0240194002981,1338.8697030004114,542.0415528629387,1337.596457119198,539.7186023240196,1338.581453814146,-37.90838310457045,145.13275381205895,0.4199609313557559,2.523156296253408,2.523156296253408,-31.899463644413974,obs=0.020 trans=0.945 fs=0.019 ft=1.000,8,5.8438999694772065,0.0,,,
543.4999511,1342.565006,542.8702765,1343.267768,145.1327977119443,-37.90834790205289,st,True,True,63906910#1,0,,False,543.4999511006754,1342.5650059999898,544.3350796489912,1346.1608489311016,547.55,1346.48,-37.9083133655875,145.1328446512055,5.632945420207449,3.2307228708308577,2.3611636112862007,-31.854806008581765,obs=0.020 trans=1.000 fs=0.020 ft=1.000,8,5.747399991378188,0.0,,,
546.1168119,1347.233256,546.8544496,1346.047361,145.1328285278752,-37.90830632148605,st,True,True,63906910#1,0,,False,546.1168119002832,1347.2332560010254,546.647010735345,1352.1396773257434,547.8344607464114,1346.6189209310098,-37.90831216547863,145.13284791706442,1.8242053439392922,5.647015910972185,5.647015910972185,-31.888047875221957,obs=0.019 trans=1.000 fs=0.019 ft=1.000,8,8.093199983704835,0.0,,,
555.4482429,1350.779773,555.5769266,1348.006417,145.1329354306973,-37.908276057214835,st,True,True,63906910#1,0,,False,555.4482428980409,1350.7797730006278,552.4043353710916,1356.043766471103,553.93,1347.93,-37.90830145474268,145.13291751985375,3.2289731576088387,8.255958993811475,8.255958993811474,-31.544513631764563,obs=0.018 trans=1.000 fs=0.018 ft=1.000,8,5.61819999711588,0.0,,,
567.4114536,1349.423539,567.4417827,1348.445096,145.13307113951973,-37.9082904328147,st,True,True,63906910#1,0,,False,567.4114535998087,1349.423538999632,561.8155946137222,1356.3861920318152,562.0669115487301,1348.2784891719957,-37.90829978349971,145.1330101131504,5.465827370446097,8.111596998430507,8.111596998430507,-31.622880099038763,obs=0.018 trans=1.000 fs=0.018 ft=1.000,8,5.869200045708567,0.0,,,
575.8258606,1349.592048,575.5980931,1350.598463,145.13316684685478,-37.908290432815114,st,True,True,63906910#1,0,,False,575.8258605999872,1349.5920480005443,571.6929386755897,1355.4360455994351,573.97,1350.23,-37.90828435119429,145.13314589160018,1.9624477878899906,5.682245951956232,5.682245951956231,-31.865238263977236,obs=0.019 trans=0.815 fs=0.016 ft=1.000,8,6.610299984458834,0.0,,,
577.5166641,1352.228443,576.9988867,1350.356478,145.1331866709839,-37.90826698853727,st,True,True,5094896#0,0,,False,577.5166641003452,1352.2284429995343,578.1602896874397,1355.2818247902565,579.5,1355.38,-37.9082389563208,145.13320993838516,3.723698808717538,1.3433026812259041,1.2988650173075602,-31.85473101405976,obs=0.020 trans=1.000 fs=0.020 ft=1.000,8,5.936700035817921,0.0,,,
588.1666384,1341.176154,586.8998709,1340.028893,145.13330524130353,-37.90836847140645,st,True,True,4577074#0,0,,False,588.1666383983102,1341.1761539997533,586.623893911355,1349.1076244484293,582.3728103981232,1345.8813557107082,-37.90832504066583,145.13324043862858,7.463736734138205,5.336714439097124,5.336714439097124,-31.84296159254486,obs=0.019 trans=1.000 fs=0.019 ft=1.000,8,17.225599964149296,0.0,,,
596.2341539,1334.891626,595.2545432,1333.181134,145.13339553561295,-37.90842653919188,st,True,True,4577074#2,0,,False,596.2341538998298,1334.8916260004044,595.1548903027025,1341.5052342586591,591.0878931698483,1336.4074830315276,-37.908411955707244,145.13333736935948,5.364869247219009,6.521313767360501,6.521313767360501,-31.88816311199116,obs=0.019 trans=1.000 fs=0.019 ft=1.000,8,7.1270999615080655,0.0,,,
607.0798435,1331.053967,607.1041432,1329.917665,145.13351797407358,-37.90846306599856,st,True,True,4577074#2,0,,False,607.0798435010947,1331.0539669999853,605.0390418594963,1334.6553736655492,605.1412550806133,1329.8756887542697,-37.90847333056633,145.13349566468958,2.268582087637831,4.780777697580544,4.780777697580544,-32.18825589434954,obs=0.019 trans=0.757 fs=0.015 ft=1.000,8,11.120299983303994,0.0,,,
613.9119401,1332.060595,613.8916655,1330.058667,145.13359588205077,-37.90845523028068,st,True,True,4577074#2,0,,False,613.9119401007192,1332.060595001094,613.7384280481294,1331.1411742607106,613.76,1330.06,-37.90847322473066,145.13359369913283,2.0063564370792304,1.0813894447102603,1.0813894447102603,-32.149856662389986,obs=0.020 trans=1.000 fs=0.020 ft=1.000,8,5.773899960331619,0.0,,,
621.800886,1331.590248,621.7845654,1329.978731,145.1336854698677,-37.90846089006715,st,True,True,4577074#2,0,,False,621.8008859992842,1331.5902479998767,622.0594582755492,1329.3198937304246,622.0661017942621,1329.9758796892554,-37.90847548052683,145.13368811782107,1.63600869809549,0.6560195991920122,0.6560195991920122,-32.06519354089877,obs=0.020 trans=1.000 fs=0.020 ft=1.000,8,5.466500006150454,0.0,,,
632.2841424,1330.965214,632.273076,1329.872508,145.1338045190092,-37.90846841109546,st,True,True,4577074#2,0,,False,632.2841423990903,1330.9652139991522,631.425293369036,1328.4943059786697,631.4393366703636,1329.880951954201,-37.908478026047376,145.1337946670366,1.3745257005277467,1.3867170856989648,1.3867170856989648,-31.780175188720097,obs=0.020 trans=1.000 fs=0.020 ft=1.000,8,5.446600029245019,0.0,,,
641.7599075,1330.08593,641.7327295,1329.698025,145.13391205544363,-37.90847804067523,st,True,True,4577074#2,0,,False,641.759907499305,1330.0859300000593,640.9951522577288,1328.069268109455,641.1123145731017,1329.7414938834133,-37.90848102666351,145.1339046141159,0.7334935831475898,1.6763251615466364,1.6763251615466364,-31.749746110324118,obs=0.020 trans=0.990 fs=0.020 ft=1.000,8,5.056499969214201,0.0,,,
653.1914125,1328.119874,652.9590954,1327.349523,145.13404158075502,-37.90849781271761,st,True,True,4577074#2,0,,False,653.1914124996401,1328.1198740005493,651.6354466238869,1327.2167035349646,651.7825074845468,1327.7043496787378,-37.90850130181897,145.1340254673611,1.4689022443893136,0.5093384515966884,0.5093384515966884,-31.75316372464674,obs=0.020 trans=0.978 fs=0.020 ft=1.000,8,5.024300015065819,0.0,,,
664.9830615,1325.106695,664.6006794,1323.838736,145.1341749625838,-37.90852708229857,st,True,True,4577074#2,0,,False,664.9830614971579,1325.1066950010136,663.1251827854802,1325.4316983994452,662.8078405332367,1324.379408042457,-37.90853324168525,145.1341500654547,2.293585089323867,1.099100132139553,1.099100132139553,-31.71907309976674,obs=0.020 trans=1.000 fs=0.020 ft=1.000,8,5.594099988229573,0.0,,,
675.9872792,1321.478352,675.6905274,1320.494339,145.13429925167736,-37.90856175131771,st,True,True,4577074#2,0,,False,675.9872792011593,1321.4783520000055,674.6917833298207,1322.6615854437484,674.1759459371029,1320.9510955537532,-37.908566174411334,145.13427853736172,1.8865120072746704,1.7865788198402124,1.7865788198402124,-31.39141165793531,obs=0.020 trans=1.000 fs=0.020 ft=1.000,8,5.019100033678114,0.0,,,
686.9851517,1317.960237,686.7167492,1317.112809,145.13442349382998,-37.908595426103034,st,True,True,4577074#2,0,,False,686.985151700268,1317.9602370001376,686.1959944737238,1319.3097852360847,685.6110714609523,1317.4630058362109,-37.90859965757045,145.134407757787,1.461278664204017,1.9371961910627775,1.9371961910627773,-31.36753277504654,obs=0.020 trans=1.000 fs=0.020 ft=1.000,8,5.722999980207533,0.0,,,
696.4741185,1315.859614,695.7424255,1314.103874,145.13453090277096,-37.908616059632095,st,True,True,4577074#2,0,,False,696.4741184993181,1315.8596139997244,696.8212867240243,1316.3549085766913,695.8623544908136,1314.0538945866251,-37.908632215725554,145.13452353634142,1.9065355493525789,2.4928330089219153,2.4928330089219153,-31.373838791645596,obs=0.020 trans=1.000 fs=0.020 ft=1.000,8,8.013800019398332,0.0,,,
709.7516888,1306.701494,709.1198669,1306.364074,145.1346797815466,-37.90870095168637,st,True,True,4577074#2,0,,False,709.7516887993552,1306.701494000852,708.7229903867329,1310.188483950529,707.015302069006,1308.3904417535573,-37.908685243975796,145.13464905380306,3.215642525126043,2.479749005966478,2.479749005966478,-31.38098728341818,obs=0.020 trans=1.000 fs=0.020 ft=1.000,8,8.742699981667101,0.0,,,
711.4656255,1296.617364,712.4024921,1296.633277,145.13469697438478,-37.9087921010092,st,True,True,405414870#0,0,,False,711.4656254997244,1296.617364000529,715.6690695352462,1301.4444677151841,711.8123559105792,1300.893508625946,-37.90875364291966,145.13470188945752,4.290178881502905,3.8958690815665635,3.8958690815665635,-31.387600340995007,obs=0.020 trans=1.000 fs=0.020 ft=1.000,8,6.614700017962605,0.0,,,
712.5467599,1285.935521,712.459598,1285.935811,145.13470683646656,-37.908888520615854,st,True,True,405414870#0,0,,False,712.5467599005206,1285.935521000065,718.9323497295471,1290.8886110485432,712.476142186328,1290.9100840226338,-37.90884369577075,145.13470716528718,4.975064233461447,6.456243252057286,6.456243252057286,-31.414411809187204,obs=0.019 trans=1.000 fs=0.019 ft=1.000,8,5.3684000158682466,0.0,,,
713.3845928,1276.175214,711.9704438,1276.275317,145.13471414193654,-37.90897659493757,st,True,True,405414870#0,0,,False,713.3845928009832,1276.1752140000463,719.8683692556938,1279.8764681371008,712.2634628732222,1280.414792970916,-37.90893820165902,145.1347023594599,4.385312094385434,7.623935644590571,7.62393564459057,-31.486743020505436,obs=0.019 trans=1.000 fs=0.019 ft=1.000,8,5.30710001476109,0.0,,,
714.941501,1266.359988,712.6818887,1265.315835,145.134729610662,-37.90906529359502,st,True,True,405414870#2,0,,False,714.9415010010125,1266.3599880011752,719.9951945255597,1268.8269279949463,713.35,1263.87,-37.90908743716542,145.1347109491443,2.955150703808672,8.290340489365425,7.8523443231636,-31.562307133341747,obs=0.018 trans=1.000 fs=0.018 ft=1.000,8,5.344500008504838,0.0,,,
717.9600232,1259.827657,716.0612726,1258.812588,145.13476244454094,-37.90912468255735,st,True,True,405414870#2,0,,False,717.9600231994409,1259.827657001093,720.7045786307592,1259.6267028593368,714.94,1260.91,-37.90911438818735,145.13472835371283,3.2081157230443074,5.905693722285282,4.4813347672637915,-31.58342025511273,obs=0.019 trans=1.000 fs=0.019 ft=1.000,8,5.81069994950667,0.0,,,
721.5383195,1252.138904,720.0531771,1251.345249,145.13480137991772,-37.909194589747074,st,True,True,405414870#3,0,,False,721.5383194998722,1252.1389040006325,722.384652466899,1251.2228897827613,720.6219561161516,1250.280910476679,-37.9092111618523,145.134790538353,2.071680908363166,1.9986053732603204,1.9986053732603204,-31.583722373056926,obs=0.020 trans=1.000 fs=0.020 ft=1.000,8,6.492199958302081,0.0,,,
723.7494414,1246.428928,722.9179115,1245.984561,145.13482522098974,-37.9092464251844,st,True,True,405414870#3,0,,False,723.7494414009852,1246.4289279989898,724.1858593659962,1244.3350322329757,723.8852597134533,1244.1743927376986,-37.909266759085675,145.1348262523321,2.258622557756683,0.34083016085994167,0.34083016085994167,-31.57609980904215,obs=0.020 trans=1.000 fs=0.020 ft=1.000,8,11.792899982538074,0.0,,,
725.2766641,1242.081372,725.0643857,1241.967931,145.134841596214,-37.9092858643298,st,True,True,405414870#3,0,,False,725.2766640994232,1242.081372000277,725.7734796401803,1239.0896036619133,725.09,1241.92,-37.90928728436524,145.13483943716497,0.24674766156310016,2.9117499633718364,0.009577785915524818,-31.568413479793893,obs=0.020 trans=1.000 fs=0.020 ft=1.000,8,7.328099978622049,0.0,,,
728.2778641,1232.363302,727.9010508,1232.306834,145.13487350861175,-37.909373948080955,st,True,True,46129150,0,,False,728.2778640998295,1232.363301999867,727.9874298481731,1232.1081430418885,722.41,1238.52,-37.909317429375854,145.13480819254943,8.505101960524028,8.498213539478428,5.105808855779749,-33.04580132768918,obs=0.019 trans=0.253 fs=0.005 ft=1.000,8,5.77240000711754,0.0,,,
726.8981161,1236.810886,727.0232343,1236.845144,145.13485883287078,-37.90933363444266,st,True,True,46129150,0,,False,726.8981161009287,1236.8108860012144,728.4407658604156,1230.929970983864,722.41,1238.52,-37.909317429375854,145.13480819254943,4.802526084912088,9.694260019668375,6.367837679910642,-38.99704755978927,obs=0.019 trans=0.044 fs=0.001 ft=1.000,8,6.189999985508621,0.0,,,
706.8863259,1221.61327,706.8700185,1220.510637,145.13462784444374,-37.90946693128084,st,True,True,-11294993,0,,False,706.8863258995116,1221.6132699996233,718.3146942396128,1223.7050897058582,718.2649573529326,1220.3421109834037,-37.9094804332455,145.1347569286291,11.449414788420334,3.363346495022233,3.3633464950222325,-38.988870767728635,obs=0.020 trans=1.000 fs=0.020 ft=1.000,8,7.432700018398464,0.0,,,
700.6271128,1221.689931,700.6110407,1220.603204,145.1345566955538,-37.909465112389924,st,True,True,-11294993,0,,False,700.62711280043,1221.6899310005829,708.1593872242332,1219.7974748048596,708.1696502888467,1220.4914158660351,-37.909477268555534,145.13464218041437,7.637166378435827,0.6940169499952643,0.6940169499952643,-38.91239870292533,obs=0.020 trans=1.000 fs=0.020 ft=1.000,8,5.855600000359118,0.0,,,
690.1642921,1221.818065,690.1486133,1220.757939,145.13443776398702,-37.90946207196325,st,True,True,-11294993,0,,False,690.1642921022722,1221.818065000698,696.5456113139678,1218.2509890085096,696.5812809097129,1220.6628024438835,-37.909473635680754,145.1345104613385,6.52015160329856,2.4120771892936475,2.4120771892936475,-38.894568396763866,obs=0.020 trans=1.000 fs=0.020 ft=1.000,8,5.38270000834018,0.0,,,
682.0441876,1221.9175,682.0270353,1220.882646,145.13434546223664,-37.90945971230999,st,True,True,-11294993,0,,False,682.0441876003752,1221.9175000013784,685.5879763373556,1218.1511948626462,685.6275177619018,1220.824803491576,-37.90947020161541,145.1343859555251,3.7462301996862055,2.6739010125550116,2.673901012555012,-38.89851255074751,obs=0.020 trans=1.000 fs=0.020 ft=1.000,8,5.989199969917536,0.0,,,
669.150472,1223.153314,669.1163834,1221.096635,145.13419914386265,-37.909446255122376,st,True,True,-11294993,0,,False,669.1504720010562,1223.1533139999956,673.041467280265,1219.3762028161623,673.0688969008113,1221.0311232557876,-37.90946607883415,145.13424321282147,4.456203232553779,1.655147741312871,1.655147741312871,-38.851545614929215,obs=0.020 trans=1.000 fs=0.020 ft=1.000,8,6.220900046173483,0.0,,,
658.4045439,1223.489343,658.3691025,1221.274254,145.1340770407821,-37.90944129051766,st,True,True,-11294993,0,,False,658.4045438991161,1223.4893429996446,660.72891319649,1220.8069064894416,660.736017546733,1221.2355356207725,-37.90946201376608,145.1341030363538,3.2427483822508605,0.42868800311856053,0.42868800311856053,-34.6170313203581,obs=0.020 trans=1.000 fs=0.020 ft=1.000,8,5.728200019802898,0.0,,,
648.7117446,1223.967317,648.6688496,1221.431203,145.13396694394007,-37.90943523701606,st,True,True,-11294994,0,,False,648.7117445998592,1223.9673169991001,649.3342137344488,1222.2217407291432,649.3211504299722,1221.4205247212506,-37.90945828904062,145.13397329314705,2.6186879104410368,0.8013224951461814,0.8013224951461814,-31.353610642146673,obs=0.020 trans=1.000 fs=0.020 ft=1.000,8,7.098100031726062,0.0,,,
638.871186,1223.634478,638.8367332,1221.597501,145.13385498257017,-37.90943646076913,st,True,True,-11294994,0,,False,638.8711860014009,1223.6344779999927,638.6149281889321,1223.0580008769334,638.5902962447846,1221.6016689214048,-37.90945472216015,145.13385132620613,2.052123730519519,1.4565402491405317,1.4565402491405317,-31.355427125135183,obs=0.020 trans=1.000 fs=0.020 ft=1.000,8,6.004500028211623,0.0,,,
631.7368793,1223.305749,631.7100253,1221.71804,145.13377379179613,-37.90943813544853,st,True,True,-11294994,0,,False,631.7368793000933,1223.3057490009815,629.7464719384631,1223.4069826497548,629.7184754124952,1221.751724129902,-37.90945177048013,145.13375048912687,2.5473412714837966,1.655495265173452,1.6554952651734522,-31.344712831294473,obs=0.020 trans=1.000 fs=0.020 ft=1.000,8,6.0739999753423035,0.0,,,
620.5731795,1224.1306,620.5355709,1221.907041,145.1336470500518,-37.90942869162767,st,True,True,-11294994,0,,False,620.5731794992462,1224.1306000007316,620.0658888934856,1223.9782372459617,620.0310016686813,1221.9155750371644,-37.909448547331564,145.13364038135327,2.2804149598662904,2.0629572235155713,2.0629572235155713,-31.34943049751844,obs=0.020 trans=1.000 fs=0.020 ft=1.000,8,5.834299954585731,0.0,,,
614.6769853,1222.706861,614.6651367,1222.006332,145.13357968715613,-37.90944045359073,st,True,True,-11294994,0,,False,614.6769852999132,1222.706861000508,612.380061418539,1223.5705757108242,612.3542653594418,1222.045416959047,-37.90944599310849,145.13355312762025,2.4150644177428835,1.5253768894234703,1.5253768894234703,-31.345066320378034,obs=0.020 trans=1.000 fs=0.020 ft=1.000,8,5.892399989534169,0.0,,,
597.9896941,1223.894351,597.9625389,1222.288834,145.1333902256533,-37.909426746493224,st,True,True,-11294994,0,,False,597.9896940991748,1223.8943510008976,600.5558664848057,1223.817244296343,600.52928115703,1222.2454210510493,-37.90944205854356,145.1334187249468,3.0279485471078047,1.5720480571847897,1.5720480571847897,-31.33921830596448,obs=0.020 trans=1.000 fs=0.020 ft=1.000,8,6.124200008343905,0.0,,,
590.0937314,1224.671235,590.0556648,1222.422589,145.13330062671167,-37.90941832382687,st,True,True,-11294994,0,,False,590.0937314004404,1224.6712350007147,590.2670263941328,1224.3444339421735,590.2344408968104,1222.4195620646249,-37.90943863282776,145.13330171389768,2.256065197082721,1.9251476721574827,1.9251476721574827,-31.340426655357028,obs=0.020 trans=1.000 fs=0.020 ft=1.000,8,7.4204999837093055,0.0,,,
579.9361089,1224.715529,579.9059148,1222.585562,145.13318514628867,-37.90941609244219,st,True,True,11294994,0,,False,579.93610889907,1224.7155290003866,580.0143173716995,1224.6848461181646,580.0299065171636,1225.7843783993042,-37.909406480907975,145.13318645612142,1.0729571430054763,1.099642786874098,1.099642786874098,-31.343491570105268,obs=0.020 trans=1.000 fs=0.020 ft=1.000,8,5.963800009340048,0.0,,,
571.0061391,1224.939701,570.974562,1222.712172,145.13308366504523,-37.909412462040464,st,True,True,11294994,0,,False,571.0061390998308,1224.9397010011598,570.4146062937156,1224.971994387385,570.4280543742091,1225.9205132562329,-37.9094035223537,145.13307731565422,1.1384966533541312,0.9486141973581976,0.9486141973581976,-31.33742112489574,obs=0.020 trans=1.000 fs=0.020 ft=1.000,8,5.82720001693815,0.0,,,
559.3527669,1223.397423,559.3453898,1222.877025,145.1329508169251,-37.90942425280254,st,True,True,11294994,0,,False,559.3527669005562,1223.397423000075,559.8824177253465,1224.331700409477,559.9070587591685,1226.0696797099001,-37.90940028047389,145.1329577276605,2.7291382133797826,1.7381539716743037,1.7381539716743037,-31.33739560564624,obs=0.020 trans=1.000 fs=0.020 ft=1.000,8,5.616899987217039,0.0,,,
547.3520755,1224.861407,547.3263605,1223.047405,145.13281470444667,-37.90940889961157,st,True,True,11294994,0,,False,547.3520755006466,1224.8614069977775,548.5185862484462,1224.590075608319,548.5418486228391,1226.2308154192237,-37.90939677832632,145.1328285438319,1.814067117561946,1.6409047093448461,1.6409047093448463,-31.337777296048927,obs=0.020 trans=1.000 fs=0.020 ft=1.000,8,5.661700037308037,0.0,,,
535.6991098,1225.376456,535.6684363,1223.212666,145.13268232948937,-37.909402157245744,st,True,True,11294994,0,,False,535.6991097988794,1225.3764559999108,536.8071864351339,1225.024745303489,536.8266410052249,1226.3969133854464,-37.909393168180145,145.13269538173998,1.520743205468026,1.372305988269406,1.372305988269406,-31.338513658977053,obs=0.020 trans=1.000 fs=0.020 ft=1.000,8,5.620500014629215,0.0,,,
524.5302938,1225.130849,524.5053452,1223.370912,145.1325552860074,-37.909402354273226,st,True,True,11294994,0,,False,524.5302938017994,1225.1308489991352,525.1774360478598,1225.1774873804395,525.1970627646705,1226.5617973001692,-37.90938958427265,145.13256319298216,1.578668391423729,1.3844490463266963,1.384449046326696,-31.33740174718379,obs=0.020 trans=1.000 fs=0.020 ft=1.000,8,5.575699964538217,0.0,,,
515.7750314,1225.534144,515.4867702,1223.686437,145.13245583203062,-37.909397141275946,st,True,True,11294994,0,,False,515.7750313967699,1225.5341440010816,514.8841567942144,1225.4484127728538,516.86,1226.68,-37.909387014934204,145.13246842894068,1.578018643822856,2.3282533092254156,0.812784765293652,-31.334912469070847,obs=0.020 trans=1.000 fs=0.020 ft=1.000,8,6.336400052532554,0.0,,,
509.1019043,1224.977098,510.18,1225.82,145.13237983283278,-37.90940095495651,st,True,True,5094894,0,,False,509.1019043009728,1224.9770979993045,506.5692555698956,1225.3169571514272,507.8,1220.53,-37.90944078051268,145.13236401738655,4.633749607424868,4.942640045748191,2.791850657079039,-33.04610566631151,obs=0.020 trans=0.204 fs=0.004 ft=0.905,8,5.481800006236881,0.0,,,
509.1524885,1243.660553,508.9654378,1243.671468,145.13238466386943,-37.90923265905492,st,True,True,310292423,0,,False,509.15248850081116,1243.6605530008674,502.9080410221775,1234.6075792468528,508.4177996860381,1234.286084274515,-37.909316973917335,145.13237417518792,9.403213895042107,5.519130325624293,5.519130325624293,-33.16287097374137,obs=0.019 trans=1.000 fs=0.019 ft=0.919,8,5.212599993683398,0.0,,,
509.4475381,1253.316124,509.5279307,1253.311433,145.13239021794917,-37.90914573260932,st,True,True,310292423,0,,False,509.4475380994845,1253.3161239996552,502.3210449198843,1245.648779481086,509.05787697171075,1245.2556846531122,-37.90921827265215,145.13238395150853,8.069852430732363,6.748290867938054,6.748290867938055,-33.213457803172965,obs=0.019 trans=1.000 fs=0.019 ft=1.000,8,5.5454999674111605,0.0,,,
507.9509424,1264.460007,510.1708928,1264.330472,145.13237574042662,-37.90904507574316,st,True,True,310292423,0,,False,507.9509423993295,1264.4600069997832,502.5089872708218,1258.0686084734346,509.7807539327108,1257.6443001571472,-37.909106803499,145.1323949924449,7.057058169836116,7.284135359274342,7.284135359274342,-33.27710876683382,obs=0.019 trans=1.000 fs=0.019 ft=1.000,8,5.300399963743985,0.0,,,
508.0175776,1266.363277,510.281798,1266.231159,145.13237693159653,-37.909027942657126,st,True,True,310292423,0,,False,508.0175776029937,1266.3632769994438,503.5775702511129,1266.2951856711538,510.2627726353017,1265.9051034394809,-37.9090324751955,145.13240235458522,2.291467596137818,6.696573382337474,6.6965733823374745,-33.33012416751894,obs=0.019 trans=1.000 fs=0.019 ft=1.000,8,6.008099997416139,0.0,,,
