gps_x,gps_y,gt_x,gt_y,lon,lat,method,kalman,matched,edge_id,lane_index,lane_pos,is_internal_edge,raw_x,raw_y,filt_x,filt_y,matched_x,matched_y,matched_lat,matched_lon,match_error_raw_m,match_error_filt_m,raw_dist,score,components,window_len,match_ms,phone_speed_mps,phone_course_deg,accuracy_m,unmatched_reason
473.7291117,1267.162459,476.93,1284.79,145.13198726173027,-37.90901455454441,fuzzy,True,True,28533357#0,0,,False,473.72911169938743,1267.162459000945,473.72911169938743,1267.162459000945,479.12,1271.94,-37.908972490431125,145.13204964333025,7.2032336257636835,7.2032336257636835,7.2032336257636835,30.04846173177289,short=0.001 small=0.500 angle_diff=45.000 mode=confirmed,,14.955100021325052,0.0,,,
473.0268462,1272.159309,476.93,1284.79,145.1319804155997,-37.90896941496369,fuzzy,True,True,28533357#0,0,,False,473.02684620110085,1272.1593089997768,473.1088271918384,1271.5759872867347,478.87730520270867,1272.9551176617474,-37.90896330220143,145.13204711522076,5.904335860701127,5.931048739740444,5.931048739740444,10.164487746411586,short=0.004 small=0.000 angle_diff=174.554 mode=following,,0.030099996365606785,0.0,,,
471.7866339,1275.069598,476.93,1284.79,145.1319669777577,-37.90894297451234,fuzzy,True,True,28533357#0,0,,False,471.78663390059955,1275.069597998634,472.1229889877768,1274.3396109020382,478.19899846373283,1275.7922660411175,-37.908937622053934,145.13204004942057,6.452958111606988,6.247247242186028,6.247247242186028,10.099340420841932,short=0.002 small=0.000 angle_diff=173.814 mode=following,,0.018900027498602867,0.0,,,
477.7709816,1282.304613,476.93,1284.79,145.1320366666742,-37.90887888002193,fuzzy,True,True,28533357#0,0,,False,477.7709816005081,1282.3046129988506,475.869389302558,1280.4968010041953,478.08,1276.29,-37.908933116867765,145.13203880983528,6.022546130762977,4.752259919716485,4.752259919716485,11.060141608173236,short=0.027 small=0.000 angle_diff=135.235 mode=following,,0.018300022929906845,0.0,,,
475.7362837,1288.214475,477.3118565,1288.028709,145.1320148791262,-37.9088252752965,fuzzy,True,True,28533357#0,0,,False,475.7362836992834,1288.2144750002772,476.35573526635517,1286.9219861623449,478.08,1276.29,-37.908933116867765,145.13203880983528,12.152617418913533,10.770896834896558,10.770896834896558,10.000071589848737,short=0.000 small=0.000 angle_diff=162.225 mode=following,,0.022299995180219412,0.0,,,
478.0171809,1294.462773,478.0697274,1294.456577,145.1320422358616,-37.90876940086211,fuzzy,True,True,28533357#0,0,,False,478.01718090078793,1294.4627729998901,477.7983447684395,1293.4458500690682,478.08,1276.29,-37.908933116867765,145.13203880983528,18.172881575159277,17.158161942988386,17.158161942988386,10.00000000260931,short=0.000 small=0.000 angle_diff=154.085 mode=following,,0.012899981811642647,0.0,,,
479.4925256,1302.843308,479.064506,1302.893773,145.1320609194223,-37.9086941733143,fuzzy,True,True,28533357#0,0,,False,479.49252560094465,1302.843307999894,479.2895134894363,1301.1282613709361,478.08,1276.29,-37.908933116867765,145.13203880983528,26.590851703368998,24.8676929129356,24.8676929129356,10.00000000000001,short=0.000 small=0.000 angle_diff=155.569 mode=following,,0.010800024028867483,0.0,,,
480.8408586,1312.132408,480.1834854,1312.212917,145.13207836584652,-37.908610738265224,fuzzy,True,True,28533357#0,0,,False,480.84085859777406,1312.1324079986662,480.7354941254715,1309.9010646369459,478.08,1276.29,-37.908933116867765,145.13203880983528,35.948582049084415,33.71580215684286,33.71580215684286,10.0,short=0.000 small=0.000 angle_diff=157.194 mode=following,,0.01090002479031682,0.0,,,
482.7968747,1319.726018,481.1286354,1319.930327,145.1321023351348,-37.908542686277684,fuzzy,True,True,28533357#0,0,,False,482.7968747005798,1319.726018000394,482.45858435007534,1318.419648631653,478.08,1276.29,-37.908933116867765,145.13203880983528,43.69137863093283,42.356573217592434,42.356573217592434,10.0,short=0.000 small=0.000 angle_diff=155.119 mode=following,,0.010700023267418146,0.0,,,
484.386391,1329.440501,482.3242743,1329.693048,145.1321226205554,-37.908455462799694,fuzzy,True,True,28533357#0,0,,False,484.3863910001237,1329.4405010007322,484.1698876520641,1327.758872807643,478.08,1276.29,-37.908933116867765,145.13203880983528,53.523325046892204,51.82790367846359,51.82790367846359,10.0,short=0.000 small=0.000 angle_diff=156.171 mode=following,,0.018600025214254856,0.0,,,
485.8438453,1338.927075,483.4904622,1339.215293,145.13214135250252,-37.908370268537865,fuzzy,True,True,28533357#0,0,,False,485.84384530066745,1338.9270750004798,485.789987827034,1337.4586403581966,478.08,1276.29,-37.908933116867765,145.13203880983528,63.116404036260136,61.65262748304742,61.65262748304742,10.0,short=0.000 small=0.000 angle_diff=157.072 mode=following,,0.013499986380338669,0.0,,,
488.5022528,1349.223895,484.7721613,1349.680719,145.1321739234061,-37.90827799214462,fuzzy,True,True,28533357#0,0,,False,488.5022527994006,1349.2238949993625,487.9428253818889,1347.712714052657,478.08,1276.29,-37.908933116867765,145.13203880983528,73.67480161624229,72.10048132406085,72.10048132406085,10.0,short=0.000 small=0.000 angle_diff=154.697 mode=following,,0.012200034689158201,0.0,,,
492.4236756,1357.199581,485.78,1357.91,145.1322203254982,-37.90820685303073,fuzzy,True,True,28533357#0,0,,False,492.4236756002065,1357.199581000954,491.0841078333111,1357.0798983940178,478.08,1276.29,-37.908933116867765,145.13203880983528,82.17117090241496,81.8297898265425,81.8297898265425,10.0,short=0.000 small=0.000 angle_diff=148.015 mode=following,,0.01290004001930356,0.0,,,
495.9601828,1366.703132,486.0039295,1365.263893,145.1322626991894,-37.90812188104937,fuzzy,True,True,28533357#0,0,,False,495.96018280024873,1366.7031320007518,494.65661675071493,1366.536551628712,478.08,1276.29,-37.908933116867765,145.13203880983528,92.16417620288094,91.75633113727832,91.75633113727832,10.0,short=0.000 small=0.000 angle_diff=145.859 mode=following,,0.012499978765845299,0.0,,,
496.0361873,1377.028582,485.3053289,1378.73971,145.1322659154094,-37.908028880630525,fuzzy,True,True,28533357#0,0,,False,496.036187299178,1377.028582001105,496.69239341080987,1376.4599422839717,478.08,1276.29,-37.908933116867765,145.13203880983528,102.32637277806985,101.88443711211733,101.88443711211733,10.0,short=0.000 small=0.000 angle_diff=154.961 mode=following,,0.011200027074664831,0.0,,,
501.9220752,1387.699555,487.1106644,1390.061362,145.13233526638675,-37.90793381621671,fuzzy,True,True,28533357#0,0,,False,501.92207520036027,1387.6995550012216,500.5550000391089,1386.858487589381,478.08,1276.29,-37.908933116867765,145.13203880983528,113.93214425889589,112.82958864837292,112.82958864837292,10.0,short=0.000 small=0.000 angle_diff=146.176 mode=following,,0.011200027074664831,0.0,,,
500.604022,1395.907974,488.3544285,1397.861278,145.13232215040708,-37.90785963492252,fuzzy,True,True,28533357#0,0,,False,500.60402200114913,1395.9079740010202,502.0434034786166,1396.2988640622027,478.08,1276.29,-37.908933116867765,145.13203880983528,121.72013502792791,122.37798886964613,122.37798886964613,10.0,short=0.000 small=0.000 angle_diff=157.594 mode=following,,0.010700023267418146,0.0,,,
504.0006814,1405.973356,491.1787143,1411.264962,145.13236306172985,-37.907769576543465,fuzzy,True,True,28533357#0,0,,False,504.00068140093936,1405.9733560001478,504.2443541213844,1405.9865558280485,478.08,1276.29,-37.908933116867765,145.13203880983528,132.24845763845443,132.30937238248586,132.30937238248586,10.0,short=0.000 small=0.000 angle_diff=153.754 mode=following,,0.010400020983070135,0.0,,,
503.9163697,1412.936043,492.5040034,1415.852281,145.13236368909813,-37.90770683976173,fuzzy,True,True,28533357#0,0,,False,503.9163697005715,1412.9360429998487,505.2515795615152,1414.2988147590347,478.08,1276.29,-37.908933116867765,145.13203880983528,139.06710274835356,140.65819452510158,140.65819452510158,10.0,short=0.000 small=0.000 angle_diff=159.645 mode=following,,0.010600022505968809,0.0,,,
497.0367919,1417.84959,493.2609351,1418.814447,145.13228659052356,-37.90766133574821,fuzzy,True,True,28533357#0,0,,False,497.0367918970878,1417.8495899988338,502.0535519890226,1420.6626186862554,478.08,1276.29,-37.908933116867765,145.13203880983528,142.82323858415845,146.34952757456134,146.34952757456134,10.0,short=0.000 small=0.000 angle_diff=166.765 mode=following,,0.01090002479031682,0.0,,,
495.2116133,1426.083739,493.1417578,1425.231445,145.1322677147041,-37.90758683113957,fuzzy,True,True,28533357#0,0,,False,495.21161330107134,1426.0837390003726,498.6791279039047,1427.4820849223088,478.08,1276.29,-37.908933116867765,145.13203880983528,150.7702106452372,152.58889413570068,152.58889413570068,10.0,short=0.000 small=0.000 angle_diff=167.119 mode=following,,0.01079996582120657,0.0,,,
489.4098469,1433.965083,488.1451384,1428.846025,145.13220354659035,-37.907514786968015,fuzzy,True,True,28533357#0,0,,False,489.4098469010205,1433.9650830011815,493.481479482485,1434.5946414695109,478.08,1276.29,-37.908933116867765,145.13203880983528,158.081615725011,159.05208291952607,159.05208291952607,10.0,short=0.000 small=0.000 angle_diff=157.288 mode=following,,0.011100026313215494,0.0,,,
481.3095856,1438.204802,480.3647901,1430.075408,145.13211241621408,-37.9074751325339,fuzzy,True,True,28533357#0,0,,False,481.30958559940336,1438.2048019999638,486.1165693502128,1440.1506155684046,478.08,1276.29,-37.908933116867765,145.13203880983528,161.9470077828898,164.05757459312048,164.05757459312048,10.0,short=0.000 small=0.000 angle_diff=140.476 mode=following,,0.010700023267418146,0.0,,,
466.7370764,1433.414382,466.537183,1431.647844,145.13194564224543,-37.90751565539891,fuzzy,True,True,28533357#0,0,,False,466.7370763994986,1433.4143820004538,474.2878438419796,1440.156270114664,478.08,1276.29,-37.908933116867765,145.13203880983528,157.53327691262993,163.91014285156018,163.91014285156018,10.0,short=0.000 small=0.000 angle_diff=103.473 mode=following,,0.010400020983070135,0.0,,,
454.5943196,1434.911206,454.3642938,1433.042414,145.13180792579166,-37.907499979661004,fuzzy,True,True,28533357#0,0,,False,454.5943195998552,1434.9112060004845,460.99416525387164,1439.7466002348172,478.08,1276.29,-37.908933116867765,145.13203880983528,160.35044177334188,164.34715059682915,164.34715059682915,10.0,short=0.000 small=0.000 angle_diff=101.681 mode=following,,0.010000017937272787,0.0,,,
442.4691842,1436.462887,442.2319776,1434.535756,145.13167042224978,-37.90748381277975,fuzzy,True,True,28533357#0,0,,False,442.4691841993481,1436.4628870012239,447.1817826040079,1439.4884635696196,478.08,1276.29,-37.908933116867765,145.13203880983528,164.08377108140462,166.09767713527623,166.09767713527623,10.0,short=0.000 small=0.000 angle_diff=102.375 mode=following,,0.009499955922365189,0.0,,,
430.4012506,1436.268973,430.3676643,1435.99611,145.1315331713487,-37.9074833808017,fuzzy,True,True,28533357#0,0,,False,430.40125060104765,1436.268973001279,433.43288611378716,1438.7390922792943,478.08,1276.29,-37.908933116867765,145.13203880983528,166.93272581130412,168.47276444795204,168.47276444795204,10.0,short=0.000 small=0.000 angle_diff=100.326 mode=following,,0.009400013368576765,0.0,,,
415.104785,1440.120866,414.8324458,1437.908308,145.13136013561203,-37.907445920111996,fuzzy,True,True,28533357#0,0,,False,415.10478499985766,1440.1208660006523,418.37951941523744,1439.880841546802,478.08,1276.29,-37.908933116867765,145.13203880983528,175.51760697672998,174.143937075175,174.143937075175,10.0,short=0.000 small=0.000 angle_diff=107.783 mode=following,,0.009700015652924776,0.0,,,
404.4142589,1439.37781,404.3915669,1439.193454,145.13123842010341,-37.90745068330738,fuzzy,True,True,28533357#0,0,,False,404.4142588976538,1439.377810000442,404.9578865957849,1440.1143693818246,478.08,1276.29,-37.908933116867765,145.13203880983528,178.95327653579906,179.40252916849147,179.40252916849147,10.0,short=0.000 small=0.000 angle_diff=104.443 mode=following,,0.009700015652924776,0.0,,,
395.9850461,1442.126178,395.754914,1440.256522,145.13114321041883,-37.907424403177245,fuzzy,True,True,28533357#0,0,,False,395.9850460991729,1442.1261780010536,393.9578714373967,1441.4876664380586,478.08,1276.29,-37.908933116867765,145.13203880983528,185.04383099681027,185.38285117691774,185.38285117691774,10.0,short=0.000 small=0.000 angle_diff=110.562 mode=following,,0.009999959729611874,0.0,,,
375.4958763,1443.386937,375.4186672,1442.759669,145.1309105458845,-37.90740934562029,fuzzy,True,True,28533357#0,0,,False,375.4958762989845,1443.386936998926,378.5270578729452,1442.9147540207243,478.08,1276.29,-37.908933116867765,145.13203880983528,196.07368204307363,194.09945115486448,194.09945115486448,10.0,short=0.000 small=0.000 angle_diff=108.730 mode=following,,0.011999974958598614,0.0,,,
363.839385,1444.867675,363.7555832,1444.170951,145.1307783548315,-37.90739390141891,fuzzy,True,True,28533357#0,0,,False,363.83938500029035,1444.8676750008017,364.4735704034489,1444.4505907236398,478.08,1276.29,-37.908933116867765,145.13203880983528,203.64024804588067,202.93941243188726,202.93941243188726,10.0,short=0.000 small=0.000 angle_diff=109.683 mode=following,,0.010500021744519472,0.0,,,
352.7059294,1447.383398,352.4865019,1445.507949,145.1306523464585,-37.90736922816335,fuzzy,True,True,28533357#0,0,,False,352.705929400865,1447.383398000151,351.78174604782413,1446.5523745121861,478.08,1276.29,-37.908933116867765,145.13203880983528,212.11225428493032,211.99180438379275,211.99180438379275,10.0,short=0.000 small=0.000 angle_diff=112.849 mode=following,,0.029799994081258774,0.0,,,
340.6594751,1448.35672,340.6960473,1446.219859,145.13051560616665,-37.90735828414997,fuzzy,True,True,28533357#0,0,,False,340.659475101158,1448.3567199995741,339.57506196631294,1448.2293371712547,478.08,1276.29,-37.908933116867765,145.13203880983528,220.20753119474614,220.7866697212626,220.7866697212626,10.0,short=0.000 small=0.000 angle_diff=111.268 mode=following,,0.020000035874545574,0.0,,,
330.0232991,1448.921344,330.8540458,1444.93376,145.1303948068907,-37.90735127640804,fuzzy,True,True,28533357#0,0,,False,330.02329909952823,1448.9213440008461,328.3474269840549,1449.36783335252,478.08,1276.29,-37.908933116867765,145.13203880983528,227.42552102407117,228.8575535567441,228.8575535567441,10.0,short=0.000 small=0.000 angle_diff=109.236 mode=following,,0.026200024876743555,0.0,,,
316.5734906,1441.69195,317.2628533,1440.413953,145.13024024074323,-37.90741397050802,fuzzy,True,True,28533357#0,0,,False,316.5734906006837,1441.6919500008225,316.2900529440484,1446.2124552899256,478.08,1276.29,-37.908933116867765,145.13203880983528,231.17559915013965,234.62657091668967,234.62657091668967,10.0,short=0.000 small=0.000 angle_diff=88.781 mode=following,,0.01580000389367342,0.0,,,
305.4285499,1433.311363,307.976275,1431.575725,145.13011161704304,-37.907487451075255,fuzzy,True,True,28533357#0,0,,False,305.42854990053456,1433.3113630004227,304.74150776721075,1439.641773535309,478.08,1276.29,-37.908933116867765,145.13203880983528,233.3757306575787,238.18067681209502,238.18067681209502,10.0,short=0.000 small=0.000 angle_diff=73.808 mode=following,,0.011299969628453255,0.0,,,
297.0604525,1420.276327,296.5019474,1421.425252,145.13001350297813,-37.90760336161484,fuzzy,True,True,28533357#0,0,,False,297.06045249977615,1420.2763269999996,294.91449759024187,1428.7181623441736,478.08,1276.29,-37.908933116867765,145.13203880983528,231.30097046950885,238.29382272446944,238.29382272446944,19.579169966382807,short=0.000 small=0.239 angle_diff=55.421 mode=following,,0.01109996810555458,0.0,,,
287.927023,1419.860716,288.1086715,1418.600529,145.1299095653306,-37.90760545509013,fuzzy,True,True,28533357#0,0,,False,287.92702299921075,1419.8607160001993,285.8083571234721,1421.6286479774826,478.08,1276.29,-37.908933116867765,145.13203880983528,238.26603861035792,241.02221318866378,241.02221318866378,10.0,short=0.000 small=0.000 angle_diff=65.544 mode=following,,0.011199968867003918,0.0,,,
278.1815983,1420.716308,277.7489454,1418.869619,145.1297989595295,-37.907595986587154,fuzzy,True,True,28533357#0,0,,False,278.18159829918295,1420.7163080004975,276.74672898967356,1418.2367449514388,478.08,1276.29,-37.908933116867765,145.13203880983528,246.61372517602462,246.34115453579082,246.34115453579082,10.0,short=0.000 small=0.000 angle_diff=82.924 mode=following,,0.010100018698722124,0.0,,,
268.9183396,1424.977404,267.9475504,1423.445485,145.1296946125698,-37.907555927566094,fuzzy,True,True,28533357#0,0,,False,268.91833960078657,1424.9774040002376,267.8318125612094,1419.1303176219967,478.08,1276.29,-37.908933116867765,145.13203880983528,256.6252993944396,254.1803624587268,254.1803624587268,10.0,short=0.000 small=0.000 angle_diff=109.170 mode=following,,0.010300020221620798,0.0,,,
261.8516459,1430.831872,261.5907685,1426.625224,145.12961560308494,-37.90750191200004,fuzzy,True,True,28533357#0,0,,False,261.8516458970844,1430.831872000359,260.036252341253,1423.5355794873951,478.08,1276.29,-37.908933116867765,145.13203880983528,265.7778984780924,263.10518157506925,263.10518157506925,10.0,short=0.000 small=0.000 angle_diff=132.917 mode=following,,0.010500021744519472,0.0,,,
251.4426413,1421.91827,251.4359245,1421.924408,145.12949522428613,-37.90758032640258,fuzzy,True,True,28533357#0,0,,False,251.44264130061492,1421.918270001188,251.2379355888863,1422.492097428638,478.08,1276.29,-37.908933116867765,145.13203880983528,269.39206629329794,269.8747403497201,269.8747403497201,10.0,short=0.000 small=0.000 angle_diff=96.682 mode=following,,0.020799983758479357,0.0,,,
251.7787016,1410.822969,248.9720735,1411.222061,145.12949651398677,-37.90768033613389,fuzzy,True,True,28533357#0,0,,False,251.778701600153,1410.8229689998552,247.07788590817236,1416.2841673960727,478.08,1276.29,-37.908933116867765,145.13203880983528,263.27057831321105,270.111724328681,270.111724328681,27.727316638017868,short=0.000 small=0.443 angle_diff=47.273 mode=following,,0.013999990187585354,0.0,,,
248.7183179,1400.988832,247.5246329,1401.161334,145.12945947532455,-37.90776837110208,fuzzy,True,True,28533357#0,0,,False,248.71831789950375,1400.9888319997117,244.28546979235205,1407.3038823982934,478.08,1276.29,-37.908933116867765,145.13203880983528,261.06815186472176,268.0009696551277,268.0009696551277,44.28103222126168,short=0.000 small=0.857 angle_diff=30.719 mode=following,,0.022199994418770075,0.0,,,
248.9675343,1387.39599,245.6055873,1387.881831,145.1294592078159,-37.90789086354684,fuzzy,True,True,28533357#0,0,,False,248.96753430075478,1387.3959900001064,243.7928766614172,1394.9064525999709,478.08,1276.29,-37.908933116867765,145.13203880983528,254.631229335075,262.6029683565466,262.6029683565466,50.0,short=0.000 small=1.000 angle_diff=15.721 mode=following,,0.012399978004395962,0.0,,,
247.1318233,1375.931151,243.9451223,1376.391667,145.12943572099513,-37.907993809596185,fuzzy,True,True,28533357#0,0,,False,247.13182329956908,1375.9311510007828,243.5189922264133,1381.6792211437028,478.08,1276.29,-37.908933116867765,145.13203880983528,251.526180136411,257.14928407646187,257.14928407646187,50.0,short=0.000 small=1.000 angle_diff=14.632 mode=following,,0.010299962013959885,0.0,,,
244.6890716,1363.55454,242.143173,1363.922453,145.12940512427363,-37.90810485935731,fuzzy,True,True,28533357#0,0,,False,244.68907160073286,1363.554540000856,242.77743396323768,1367.8858770256672,478.08,1276.29,-37.908933116867765,145.13203880983528,249.17147790353698,252.50168766086702,252.50168766086702,50.0,short=0.000 small=1.000 angle_diff=16.523 mode=following,,0.010300020221620798,0.0,,,
240.9224136,1348.967768,240.0012804,1349.100883,145.1293589708858,-37.90823557942028,fuzzy,True,True,28533357#0,0,,False,240.9224135974655,1348.9677680004388,240.842340433267,1352.9431545029774,478.08,1276.29,-37.908933116867765,145.13203880983528,248.043904883392,249.31388491610016,249.31388491610016,50.0,short=0.000 small=1.000 angle_diff=20.825 mode=following,,0.020099978428333998,0.0,,,
238.6681106,1332.424314,237.6133457,1332.57674,145.1293295658462,-37.908384199075805,fuzzy,True,True,28533357#0,0,,False,238.668110603292,1332.4243139997125,238.76025346029607,1336.5058504338438,478.08,1276.29,-37.908933116867765,145.13203880983528,245.9046847718031,246.77903016119333,246.77903016119333,50.0,short=0.000 small=1.000 angle_diff=20.665 mode=following,,0.014499993994832039,0.0,,,
236.7243891,1322.123897,236.1155017,1322.211888,145.12930511628906,-37.90847663618215,fuzzy,True,True,28533357#0,0,,False,236.72438909701305,1322.123897000216,236.7319433276702,1322.4546051814293,478.08,1276.29,-37.908933116867765,145.13203880983528,245.66903962156167,245.72353414165963,245.72353414165963,50.0,short=0.000 small=1.000 angle_diff=21.660 mode=following,,0.013599987141788006,0.0,,,
235.2652209,1309.831686,234.3699324,1309.955195,145.1292857214317,-37.90858710340184,fuzzy,True,True,28533357#0,0,,False,235.26522089913487,1309.831686001271,234.9891182956577,1309.232511504836,478.08,1276.29,-37.908933116867765,145.13203880983528,245.12050434349587,245.3128325873736,245.3128325873736,50.0,short=0.000 small=1.000 angle_diff=20.955 mode=following,,0.012700038496404886,0.0,,,
231.7416228,1293.572242,232.1363466,1293.519982,145.12924194936596,-37.908732935138026,fuzzy,True,True,28533357#0,0,,False,231.7416228003567,1293.5722420001402,232.39673756140908,1294.583578699516,478.08,1276.29,-37.908933116867765,145.13203880983528,246.943864005375,246.363391079326,246.363391079326,50.0,short=0.000 small=1.000 angle_diff=23.481 mode=following,,0.012899981811642647,0.0,,,
231.7991545,1282.376961,230.6806482,1282.525048,145.1292400490734,-37.908833795135365,fuzzy,True,True,28533357#0,0,,False,231.7991544995457,1282.3769610002637,231.02628393654686,1281.499933151448,478.08,1276.29,-37.908933116867765,145.13203880983528,246.35605524248305,247.10864417135204,247.10864417135204,50.0,short=0.000 small=1.000 angle_diff=19.426 mode=following,,0.02039998071268201,0.0,,,
229.9978889,1269.091913,228.8316693,1269.256672,145.12921653790673,-37.90895314418582,fuzzy,True,True,28533357#0,0,,False,229.99788890237687,1269.0919129997492,229.57249335809334,1268.466575961956,478.08,1276.29,-37.908933116867765,145.13203880983528,248.18651515164274,248.6306232567829,248.6306232567829,50.0,short=0.000 small=1.000 angle_diff=19.811 mode=following,,0.015700003132224083,0.0,,,
227.4317213,1257.723872,227.2068464,1257.755641,145.1291847673245,-37.90905508611837,fuzzy,True,True,28533357#0,0,,False,227.4317213020404,1257.7238720003515,227.6317901159275,1256.3805957076102,478.08,1276.29,-37.908933116867765,145.13203880983528,251.33495722471508,251.23831358575518,251.23831358575518,50.0,short=0.000 small=1.000 angle_diff=22.568 mode=following,,0.019899976905435324,0.0,,,
228.2622209,1244.995171,225.4600236,1245.391055,145.1291913055021,-37.909169899237305,fuzzy,True,True,28533357#0,0,,False,228.26222090038937,1244.995171001181,227.05288142508465,1244.2032096284752,478.08,1276.29,-37.908933116867765,145.13203880983528,251.77031015655353,253.0695089819609,253.0695089819609,50.0,short=0.000 small=1.000 angle_diff=16.168 mode=following,,0.01599994720891118,0.0,,,
226.0159884,1232.237242,223.6489456,1232.571649,145.12916285522604,-37.90928441941698,fuzzy,True,True,28533357#0,0,,False,226.01598839927465,1232.2372420001775,225.84308751477997,1231.8703404946828,478.08,1276.29,-37.908933116867765,145.13203880983528,255.88456661479512,256.11826598398807,256.11826598398807,50.0,short=0.000 small=1.000 angle_diff=19.048 mode=following,,0.012300035450607538,0.0,,,
222.2310967,1219.606263,221.8253425,1219.663586,145.12911693956494,-37.90939751781488,fuzzy,True,True,28533357#0,0,,False,222.23109669983387,1219.6062629986554,223.3656154090741,1219.450747683894,478.08,1276.29,-37.908933116867765,145.13203880983528,262.052871307176,260.979153039832,260.979153039832,50.0,short=0.000 small=1.000 angle_diff=24.727 mode=following,,0.010999967344105244,0.0,,,
220.1764105,1201.975983,219.3431351,1202.093705,145.12908955508246,-37.90955596381664,fuzzy,True,True,28533357#0,0,,False,220.17641050019301,1201.975982999429,220.90485020325605,1204.432386192744,479.12,1271.94,-37.908972490431125,145.13204964333025,268.22890638016764,266.89387686214263,266.89387686214263,50.0,short=0.000 small=1.000 angle_diff=22.751 mode=following,,0.011699972674250603,0.0,,,
218.1049826,1188.239862,217.4082027,1188.33771,145.12906286875648,-37.90967932733121,fuzzy,True,True,28533357#0,0,,False,218.10498260013992,1188.2398619996384,218.51421180127042,1189.6350522898688,479.12,1271.94,-37.908972490431125,145.13204964333025,274.1068266379531,273.29376366878284,273.29376366878284,50.0,short=0.000 small=1.000 angle_diff=22.623 mode=following,,0.010299962013959885,0.0,,,
216.3818146,1175.192081,215.5780334,1175.304955,145.12904029908242,-37.90979655308191,fuzzy,True,True,28533357#0,0,,False,216.38181459892076,1175.1920809997246,216.38909391307647,1175.4778763460458,479.12,1271.94,-37.908972490431125,145.13204964333025,279.9848458376556,279.8793852949634,279.8793852949634,50.0,short=0.000 small=1.000 angle_diff=21.983 mode=following,,0.010200019460171461,0.0,,,
215.3275147,1162.865344,213.9109307,1163.051299,145.1290254988281,-37.90990740443432,fuzzy,True,True,28533357#0,0,,False,215.3275147015229,1162.865344000049,214.80230484515656,1162.193605500706,479.12,1271.94,-37.908972490431125,145.13204964333025,285.45359672187516,286.1959382618199,286.1959382618199,50.0,short=0.000 small=1.000 angle_diff=20.258 mode=following,,0.010199961252510548,0.0,,,
215.2371577,1149.079267,212.1303632,1149.487095,145.12902132542894,-37.91003157612402,fuzzy,True,True,28533357#0,0,,False,215.23715769918635,1149.0792670007795,214.06046377463466,1148.7727219125527,479.12,1271.94,-37.908972490431125,145.13204964333025,291.0823151169817,292.2785249303759,292.2785249303759,50.0,short=0.000 small=1.000 angle_diff=16.610 mode=following,,0.010699965059757233,0.0,,,
211.4575709,1135.481743,210.311623,1135.632173,145.1289752487797,-37.91015338224462,fuzzy,True,True,28533357#0,0,,False,211.45757090079132,1135.4817430004478,211.99152803089953,1135.3158783961044,479.12,1271.94,-37.908972490431125,145.13204964333025,300.43973081908587,300.0396159519315,300.0396159519315,50.0,short=0.000 small=1.000 angle_diff=22.186 mode=following,,0.010400020983070135,0.0,,,
208.4431729,1122.593368,208.5973505,1122.573129,145.1289380339624,-37.91026893852722,fuzzy,True,True,28533357#0,0,,False,208.44317290035542,1122.593368000351,209.35376593467308,1122.1741919621747,479.12,1271.94,-37.908972490431125,145.13204964333025,309.14456362415547,308.55083584234785,308.55083584234785,50.0,short=0.000 small=1.000 angle_diff=24.795 mode=following,,0.010400020983070135,0.0,,,
210.1700179,1109.071683,206.9073084,1109.489282,145.1289545822211,-37.91039105707487,fuzzy,True,True,28533357#0,0,,False,210.1700179008767,1109.0716829998419,208.75775871649793,1108.9135643448212,479.12,1271.94,-37.908972490431125,145.13204964333025,314.4203898502493,315.71088076635994,315.71088076635994,50.0,short=0.000 small=1.000 angle_diff=16.019 mode=following,,0.010299962013959885,0.0,,,
208.7476217,1093.240803,204.8908256,1093.734439,145.12893479672013,-37.910533407931894,fuzzy,True,True,28533357#0,0,,False,208.7476216998184,1093.2408029995859,207.9897326331727,1094.3851419812572,479.12,1271.94,-37.908972490431125,145.13204964333025,324.0904595267953,324.0946613081789,324.0946613081789,50.0,short=0.000 small=1.000 angle_diff=16.472 mode=following,,0.010400020983070135,0.0,,,
206.2121928,1081.706447,203.3978563,1082.066381,145.1289033365223,-37.910636853494346,fuzzy,True,True,28533357#0,0,,False,206.21219280082732,1081.7064469987527,206.46226461312622,1081.1674033662619,479.12,1271.94,-37.908972490431125,145.13204964333025,332.66721497277007,332.7708284881316,332.7708284881316,50.0,short=0.000 small=1.000 angle_diff=20.038 mode=following,,0.011000025551766157,0.0,,,
204.0740031,1068.301282,201.6766121,1068.607891,145.1288759658718,-37.91075722353065,fuzzy,True,True,28533357#0,0,,False,204.07400310004596,1068.301282000728,204.58377537280964,1067.9485052070163,479.12,1271.94,-37.908972490431125,145.13204964333025,342.22657389378253,342.027292157259,342.027292157259,50.0,short=0.000 small=1.000 angle_diff=21.534 mode=following,,0.010400020983070135,0.0,,,
203.6367728,1054.885652,199.9814254,1055.353145,145.1288679327,-37.910877995400135,fuzzy,True,True,28533357#0,0,,False,203.6367727991892,1054.8856520010158,203.34332145756719,1054.6915236994494,479.12,1271.94,-37.908972490431125,145.13204964333025,350.7186884872799,351.06933344114134,351.06933344114134,50.0,short=0.000 small=1.000 angle_diff=18.792 mode=following,,0.010599964298307896,0.0,,,
201.8868718,1040.448844,198.1320436,1040.933338,145.12884474129154,-37.91100772889753,fuzzy,True,True,28533357#0,0,,False,201.88687179901171,1040.4488440006971,201.89693932153668,1040.87361914401,479.12,1271.94,-37.908972490431125,145.13204964333025,361.17359078149553,360.89374853801553,360.89374853801553,50.0,short=0.000 small=1.000 angle_diff=19.422 mode=following,,0.02719997428357601,0.0,,,
197.6288879,1027.363995,196.3907349,1027.528904,145.12879334128223,-37.91112483010925,fuzzy,True,True,28533357#0,0,,False,197.62888789980207,1027.3639949997887,199.03203995475,1027.351593335763,479.12,1271.94,-37.908972490431125,145.13204964333025,372.9003464912169,371.8504457935472,371.8504457935472,49.59178499826041,short=0.000 small=0.990 angle_diff=25.408 mode=following,,0.012700038496404886,0.0,,,
195.8074354,1015.421907,194.7513822,1015.568117,145.1287699055111,-37.911232077661744,fuzzy,True,True,28533357#0,0,,False,195.80743540078402,1015.4219070002437,196.45011165566197,1014.6278493546328,479.12,1271.94,-37.908972490431125,145.13204964333025,382.1878350968495,382.24574379101296,382.24574379101296,50.0,short=0.000 small=1.000 angle_diff=24.917 mode=following,,0.01109996810555458,0.0,,,
196.6879654,1001.584737,192.8882225,1002.11081,145.12877675894052,-37.911356885128505,fuzzy,True,True,28533357#0,0,,False,196.6879654005752,1001.5847369991243,195.50170745358682,1001.4804636230724,479.12,1271.94,-37.908972490431125,145.13204964333025,390.9729177324734,391.9026622570526,391.9026622570526,50.0,short=0.000 small=1.000 angle_diff=17.572 mode=following,,0.010699965059757233,0.0,,,
193.5816436,989.8197648,191.2688934,990.1289573,145.1287387543634,-37.91146230482216,fuzzy,True,True,28533357#0,0,,False,193.58164359949296,989.8197647994384,193.67121186107113,989.0477256441778,479.12,1271.94,-37.908972490431125,145.13204964333025,401.40251629196746,401.88188506101255,401.88188506101255,50.0,short=0.000 small=1.000 angle_diff=21.821 mode=following,,0.010699965059757233,0.0,,,
191.5594067,976.3335609,189.4620673,976.6139551,145.12871268298574,-37.91158342577397,fuzzy,True,True,28533357#0,0,,False,191.55940669728443,976.3335609007627,191.72859681680495,976.2177495471831,479.12,1271.94,-37.908972490431125,145.13204964333025,412.4006082167447,412.3656969687032,412.3656969687032,50.0,short=0.000 small=1.000 angle_diff=22.056 mode=following,,0.010199961252510548,0.0,,,
190.2846077,964.3413904,187.8645964,964.6649227,145.12869545102893,-37.911691223307834,fuzzy,True,True,28533357#0,0,,False,190.2846076998394,964.3413904001936,190.0932168689042,963.8299882764347,479.12,1271.94,-37.908972490431125,145.13204964333025,421.9511683511752,422.4550398461416,422.4550398461416,50.0,short=0.000 small=1.000 angle_diff=20.966 mode=following,,0.010499963536858559,0.0,,,
188.5870044,950.8163628,186.0583714,951.1544168,145.12867306176307,-37.911812752682295,fuzzy,True,True,28533357#0,0,,False,188.587004399742,950.8163627991453,188.45960387479892,950.9576565699668,479.12,1271.94,-37.908972490431125,145.13204964333025,433.04712434279685,433.02786361791385,433.02786361791385,50.0,short=0.000 small=1.000 angle_diff=20.679 mode=following,,0.010200019460171461,0.0,,,
185.1537997,938.3974825,184.3669551,938.502676,145.12863119078943,-37.911924003753406,fuzzy,True,True,28533357#0,0,,False,185.1537997032283,938.3974825004116,185.94121849351356,938.2893685981915,479.12,1271.94,-37.908972490431125,145.13204964333025,444.59727607902073,444.15823955033596,444.15823955033596,50.0,short=0.000 small=1.000 angle_diff=24.689 mode=following,,0.012200034689158201,0.0,,,
184.1232992,925.5835417,182.6658402,925.77839,145.1286165487521,-37.91203924812998,fuzzy,True,False,,,,False,184.12329919985496,925.5835416996852,184.03631475910552,925.566395560277,,,,,,,,,,,1.868800027295947,0.0,,,no_match
182.5205476,913.6550178,181.0709702,913.8488124,145.12859560215475,-37.91214641298163,fuzzy,True,False,,,,False,182.52054759883322,913.6550178006291,182.29871969005535,913.2467152007505,,,,,,,,,,,0.8227000362239778,0.0,,,no_match
180.7248878,902.7748729,179.6485474,902.7784135,145.12857270139958,-37.91224409891392,fuzzy,True,False,,,,False,180.72488780075219,902.7748728999868,180.5702544633091,901.7230808563871,,,,,,,,,,,0.6955999997444451,0.0,,,no_match
181.0314062,889.8981747,179.7545015,889.8472118,145.12857324711186,-37.91236015041537,fuzzy,True,False,,,,False,181.0314061989775,889.8981746993959,179.89398424978586,889.6996532081258,,,,,,,,,,,0.7107000565156341,0.0,,,no_match
179.7614997,874.1097759,179.304569,874.1361298,145.12855520373995,-37.91250214602923,fuzzy,True,False,,,,False,179.76149969990365,874.1097758989781,179.11541751806507,875.8134002540073,,,,,,,,,,,0.6921999738551676,0.0,,,no_match
178.4770128,866.1653713,178.843628,866.1442264,145.1285387851755,-37.91257347861732,fuzzy,True,False,,,,False,178.47701279912144,866.1653713006526,178.1937249765374,864.6264394995765,,,,,,,,,,,0.6991000263951719,0.0,,,no_match
178.8677529,852.4028305,178.3683069,852.4140408,145.12854008621645,-37.91269752520376,fuzzy,True,False,,,,False,178.86775289999787,852.4028305001557,177.982396275766,852.4079585640202,,,,,,,,,,,0.6470999796874821,0.0,,,no_match
185.7690031,833.117535,185.0792351,831.827511,145.1286141531786,-37.912872499425305,fuzzy,True,False,,,,False,185.76900309685152,833.1175349997357,181.50833550553344,836.627600082529,,,,,,,,,,,0.901699997484684,0.0,,,no_match
200.7170259,830.5796513,201.003162,829.203238,145.12878353797433,-37.91289806452941,fuzzy,True,False,,,,False,200.7170258971164,830.5796513007954,191.5272363602993,826.9127254676774,,,,,,,,,,,0.6796999950893223,0.0,,,no_match
213.6206251,829.0900828,213.8564537,826.5018637,145.12892991635678,-37.91291381626294,fuzzy,True,False,,,,False,213.6206251005642,829.0900828009471,204.5901019394705,821.9771951713328,,,,,,,,,,,0.6765999714843929,0.0,,,no_match
226.3660422,826.9315027,226.082292,825.0177656,145.12907434353951,-37.9129355658163,fuzzy,True,False,,,,False,226.36604219989385,826.9315027007833,219.0557982392907,819.6719128376222,,,,,,,,,,,0.6768000312149525,0.0,,,no_match
239.2908637,824.8796445,239.0267709,823.0984854,145.12922083506078,-37.91295638625615,fuzzy,True,False,,,,False,239.29086370114237,824.8796444991603,234.01013076572787,818.7506535693501,,,,,,,,,,,0.7376999710686505,0.0,,,no_match
250.4410127,822.5648999,250.3157184,821.5662212,145.12934708802013,-37.91297925382192,fuzzy,True,False,,,,False,250.4410126983421,822.5648998999968,247.9613903152555,818.1878766004993,,,,,,,,,,,0.6370000191964209,0.0,,,no_match
261.3573332,819.603221,261.4286906,820.1719864,145.12947053473357,-37.913007906709886,fuzzy,True,False,,,,False,261.35733319912106,819.6032210011035,260.81245019764276,817.1737593205789,,,,,,,,,,,0.6438000127673149,0.0,,,no_match
272.3272402,819.9039277,272.1914622,818.8216877,145.12959533519268,-37.91300718087267,fuzzy,True,False,,,,False,272.3272402002476,819.9039276996627,272.80988696585285,817.2426209983018,,,,,,,,,,,0.6349000032059848,0.0,,,no_match
283.3237689,817.156136,283.3569812,817.4208603,145.12971974285392,-37.91303392125836,fuzzy,True,False,,,,False,283.32376890059095,817.1561359995976,284.21943767354657,816.3527195636111,,,,,,,,,,,0.7451000274159014,0.0,,,no_match
294.5708206,815.7153717,294.6077023,816.0093435,145.12984729732273,-37.91304893280257,fuzzy,True,False,,,,False,294.57082060328685,815.7153717009351,295.39210299316596,815.3242733261595,,,,,,,,,,,0.6158000323921442,0.0,,,no_match
305.2803713,815.5376825,305.1732418,814.6837896,145.12996902838645,-37.91305246901049,fuzzy,True,False,,,,False,305.280371296918,815.5376824997365,306.1892748413215,814.7922084945308,,,,,,,,,,,0.6764000281691551,0.0,,,no_match
316.4872991,814.5747151,316.3143736,813.2714029,145.13009623571045,-37.91306316893522,fuzzy,True,False,,,,False,316.4872991006123,814.5747151011601,317.0356320089393,814.1720198960397,,,,,,,,,,,0.707999977748841,0.0,,,no_match
326.9801326,812.9475787,326.8138136,811.807504,145.1302151720666,-37.91307972266792,fuzzy,True,False,,,,False,326.9801325989538,812.947578699328,327.60895471408537,813.1141162993747,,,,,,,,,,,0.6480000447481871,0.0,,,no_match
338.3398423,811.7332669,338.11744,810.1731309,145.130344059349,-37.91309271410091,fuzzy,True,False,,,,False,338.3398422995815,811.7332669002935,338.46971831852983,811.9485776426811,,,,,,,,,,,0.700299977324903,0.0,,,no_match
350.5821083,810.7296699,350.2604905,808.4518121,145.1304830297427,-37.91310396668441,fuzzy,True,False,,,,False,350.5821083005285,810.7296699015424,350.0041493919079,810.8273808954449,,,,,,,,,,,0.7191000040620565,0.0,,,no_match
361.9218378,808.3952312,361.7017398,806.8363869,145.13061143451355,-37.91312704457076,fuzzy,True,False,,,,False,361.92183780216146,808.3952312003821,361.5404894861523,809.0779181513419,,,,,,,,,,,0.6988999666646123,0.0,,,no_match
372.7158251,806.7776112,372.4451416,805.2801202,145.13073379751663,-37.91314356646606,fuzzy,True,False,,,,False,372.7158250999055,806.7776111997664,372.7687506132172,807.276747718524,,,,,,,,,,,0.6856999825686216,0.0,,,no_match
385.3227822,804.3996266,385.1189043,803.2770699,145.1308766013995,-37.91316726526346,fuzzy,True,False,,,,False,385.3227821966866,804.3996266014874,384.6825818550307,805.098539812332,,,,,,,,,,,0.7090999861247838,0.0,,,no_match
396.6316222,803.121653,396.2913205,801.247944,145.13100489605768,-37.91318082027007,fuzzy,True,False,,,,False,396.6316221989691,803.1216529998928,396.4023471700299,803.2530110776501,,,,,,,,,,,0.8101999992504716,0.0,,,no_match
405.9829333,800.4300335,405.42,799.59,145.13111061059553,-37.91320675602353,fuzzy,True,False,,,,False,405.98293330078013,800.4300335012376,406.9683185704652,800.9584021274054,,,,,,,,,,,0.6723999977111816,0.0,,,no_match
409.0103619,795.4063401,408.5519489,795.2690907,145.1311438884221,-37.9132525573874,fuzzy,True,False,,,,False,409.0103619011352,795.4063401008025,413.5650668457754,797.197161117072,,,,,,,,,,,0.9265000117011368,0.0,,,no_match
404.3935659,796.3727691,406.5874438,798.3535275,145.13109161387075,-37.913243017715125,fuzzy,True,False,,,,False,404.39356590108946,796.3727690996602,413.7230519212614,795.5082940357682,,,,,,,,,,,0.6711999885737896,0.0,,,no_match
392.9754148,797.5923992,391.9501521,795.8214909,145.1309620628712,-37.91322996862659,fuzzy,True,False,,,,False,392.9754147994099,797.5923992004246,406.43325396247474,795.4346311804944,,,,,,,,,,,0.6051000091247261,0.0,,,no_match
382.7327321,801.5956452,383.1045556,803.6429144,145.13084651216585,-37.91319205629564,fuzzy,True,False,,,,False,382.7327320992481,801.5956452023238,395.32651666235563,797.7887520932524,,,,,,,,,,,0.7270000060088933,0.0,,,no_match
371.1628423,802.5232803,371.1168083,802.2697163,145.13071516939826,-37.913181609885015,fuzzy,True,False,,,,False,371.1628423008369,802.5232803011313,381.8069545121098,800.0828712939367,,,,,,,,,,,0.6891000084578991,0.0,,,no_match
358.5470888,805.5203538,358.3436752,804.0786151,145.13057240670764,-37.91315233241163,fuzzy,True,False,,,,False,358.5470888009295,805.5203537996858,366.90078771742077,803.1535409045938,,,,,,,,,,,0.775399967096746,0.0,,,no_match
346.5860028,807.3497602,346.3629694,805.7689622,145.1304368216647,-37.91313369165923,fuzzy,True,False,,,,False,346.58600280224346,807.3497602008283,352.0329914761606,806.0083272923,,,,,,,,,,,0.6571999983862042,0.0,,,no_match
336.2649652,807.7142809,336.1937946,807.2171491,145.13031955058074,-37.91312854311266,fuzzy,True,False,,,,False,336.26496519963257,807.7142808986828,338.51368244986344,807.8404051326986,,,,,,,,,,,0.7189000025391579,0.0,,,no_match
325.1356265,808.2738985,325.214163,808.811874,145.1301931333208,-37.91312149091093,fuzzy,True,False,,,,False,325.13562650146196,808.2738985000178,325.8095310405182,809.009459589783,,,,,,,,,,,0.6870999932289124,0.0,,,no_match
315.3874308,809.7530623,315.4421564,810.1652504,145.13008262996829,-37.913106404691185,fuzzy,True,False,,,,False,315.38743080117274,809.753062300384,314.4782712102598,810.2074852262231,,,,,,,,,,,0.6647999980486929,0.0,,,no_match
298.3471588,812.4139252,298.3353974,812.3200506,145.1298894825581,-37.91307935547542,fuzzy,True,False,,,,False,298.3471587988897,812.4139252007008,300.4275584863064,812.0639981576631,,,,,,,,,,,0.6791999912820756,0.0,,,no_match
286.1174895,812.6529236,286.2652493,813.8322897,145.12975048112287,-37.913074992143265,fuzzy,True,False,,,,False,286.1174894993892,812.6529235988855,286.9344478314604,813.1659977016121,,,,,,,,,,,0.6546999793499708,0.0,,,no_match
271.3041648,815.6676387,271.3089864,815.706123,145.12958273589282,-37.91304515735956,fuzzy,True,False,,,,False,271.30416479933774,815.6676387013867,272.6346969182986,815.1430296403873,,,,,,,,,,,0.6310000317171216,0.0,,,no_match
259.2989387,817.7011737,259.2384544,817.2184102,145.12944669603183,-37.91302466866332,fuzzy,True,False,,,,False,259.2989386994159,817.7011736985296,259.2609065651471,817.2393208464456,,,,,,,,,,,0.622799969278276,0.0,,,no_match
246.444607,823.6927127,246.2428174,822.0751931,145.1293019048132,-37.91296837174133,fuzzy,True,False,,,,False,246.44460700033233,823.6927127009258,246.15545478442112,821.3783664815658,,,,,,,,,,,0.6078000296838582,0.0,,,no_match
233.2570808,823.6989819,233.2940729,823.9484735,145.12915195936458,-37.91296593101295,fuzzy,True,False,,,,False,233.25708079861943,823.6989818997681,233.05868522005127,823.8354065605445,,,,,,,,,,,0.6327999872155488,0.0,,,no_match
221.3905087,825.2800275,221.4905183,825.8345718,145.1290173930622,-37.912949543018435,fuzzy,True,False,,,,False,221.39050869987113,825.2800275022164,220.61614974661902,825.8274210421297,,,,,,,,,,,0.6528000230900943,0.0,,,no_match
210.0871015,826.4139925,210.0866106,826.3967513,145.12888912816348,-37.91293728410649,fuzzy,True,False,,,,False,210.08710150263505,826.4139924999326,208.8816327277413,827.2923314796217,,,,,,,,,,,0.6828000186942518,0.0,,,no_match
202.7718656,823.0651723,205.5709419,819.0065116,145.12880518698515,-37.91296612816567,fuzzy,True,False,,,,False,202.77186559856636,823.0651722997427,199.5826200151051,826.1795853110419,,,,,,,,,,,0.7085000397637486,0.0,,,no_match
199.7637971,807.6942707,200.3532979,807.5745675,145.12876747560472,-37.91310404857515,fuzzy,True,False,,,,False,199.76379709911998,807.6942707002163,194.00555472551991,817.3431392032618,,,,,,,,,,,0.7270000060088933,0.0,,,no_match
197.7677255,795.4688699,198.2271966,795.4043757,145.12874198888932,-37.9132138166344,fuzzy,True,False,,,,False,197.7677255005692,795.4688699012622,191.22946678767963,805.1291852474205,,,,,,,,,,,0.7268000044859946,0.0,,,no_match
197.2650441,782.3833155,196.5292868,782.4742281,145.1287332862028,-37.91333160320586,fuzzy,True,False,,,,False,197.265044099011,782.3833155008033,190.73044609987704,790.8042452159935,,,,,,,,,,,0.6824000156484544,0.0,,,no_match
196.1310093,770.720468,195.1382413,770.8331039,145.1287177294846,-37.91343645954719,fuzzy,True,False,,,,False,196.13100930070505,770.7204680005088,191.0422968334338,776.3634423096178,,,,,,,,,,,0.8085999870672822,0.0,,,no_match
198.5381926,760.3973765,193.9619037,760.9528433,145.12874274375508,-37.913529887494285,fuzzy,True,False,,,,False,198.53819260036107,760.3973765000701,193.29062885712608,763.0210117081803,,,,,,,,,,,0.6955999997444451,0.0,,,no_match
206.4965897,753.816161,206.1368573,751.4502051,145.1288317320254,-37.91359061169752,fuzzy,True,False,,,,False,206.49658970080782,753.8161610001698,199.32440756252734,752.631540596173,,,,,,,,,,,0.6898000137880445,0.0,,,no_match
223.113888,751.6948366,222.6939304,748.9327803,145.12902019404294,-37.913612725912614,fuzzy,True,False,,,,False,223.113888000953,751.694836601615,211.93245044030192,746.6134213247093,,,,,,,,,,,0.6511000101454556,0.0,,,no_match
229.0058979,751.5818403,228.4696003,748.054617,145.12908716308874,-37.913614809174334,fuzzy,True,False,,,,False,229.00589789962396,751.5818403000012,223.09128767086074,744.4502858887944,,,,,,,,,,,0.7844000356271863,0.0,,,no_match
234.511181,747.1423585,234.5131402,747.1559408,145.129148747491,-37.91365579639093,fuzzy,True,False,,,,False,234.51118099980522,747.1423585005105,232.42484507427596,742.3742567904264,,,,,,,,,,,0.6755999638698995,0.0,,,no_match
249.3159205,745.262967,249.2947576,745.1088279,145.12931665535953,-37.91367540302938,fuzzy,True,False,,,,False,249.31592050055042,745.2629670007154,244.8764031052036,741.2224667207986,,,,,,,,,,,0.60450000455603,0.0,,,no_match
258.0677465,744.9883474,257.9235267,743.9273653,145.12941610504285,-37.91367945906591,fuzzy,True,False,,,,False,258.0677465002518,744.9883473999798,256.23194347539555,741.2119219140247,,,,,,,,,,,0.6775999790988863,0.0,,,no_match
265.944776,742.1757009,266.0330403,742.8250352,145.12950502877567,-37.913706219978934,fuzzy,True,False,,,,False,265.9447759978939,742.1757009001449,266.1523495820481,740.4429255931999,,,,,,,,,,,0.6384999724105,0.0,,,no_match
282.0065001,740.8262855,281.9834734,740.6568849,145.12968735030478,-37.91372127918038,fuzzy,True,False,,,,False,282.00650009990204,740.8262854991481,279.13146312067744,739.681322929979,,,,,,,,,,,0.6686000269837677,0.0,,,no_match
286.83428,738.2785148,287.0637051,739.9663265,145.12974166319214,-37.91374510268744,fuzzy,True,False,,,,False,286.83427999948617,738.2785147996619,288.5006388658068,738.2178082023826,,,,,,,,,,,0.6127999513410032,0.0,,,no_match
290.0587716,727.982122,292.0526697,727.6743082,145.12977597814654,-37.91383843766726,fuzzy,True,False,,,,False,290.0587715989095,727.9821220012382,294.4851140940214,732.3138841101254,,,,,,,,,,,0.60889997985214,0.0,,,no_match
287.1489565,717.8110655,290.5440251,717.4073523,145.12974057159016,-37.91392953482339,fuzzy,True,False,,,,False,287.1489564992371,717.8110654996708,295.2217194883233,723.5100974062419,,,,,,,,,,,0.6698999786749482,0.0,,,no_match
288.1787959,707.9462955,289.4017033,707.8008775,145.12975003075073,-37.914018584970066,fuzzy,True,False,,,,False,288.1787959006615,707.946295500733,294.7090393837543,713.1854212975775,,,,,,,,,,,0.6172999856062233,0.0,,,no_match
287.9241018,693.0776585,287.6547496,693.1096877,145.1297437424579,-37.914152478861666,fuzzy,True,False,,,,False,287.92410180112347,693.0776585005224,293.19625578781444,699.6643623205224,,,,,,,,,,,0.617499987129122,0.0,,,no_match
286.1041282,679.3031664,285.9113863,679.3292798,145.12971990565757,-37.91427623352487,fuzzy,True,False,,,,False,286.10412820085185,679.3031664006412,290.61629575222,684.8757232952921,,,,,,,,,,,0.6541999755427241,0.0,,,no_match
284.4818691,667.3711116,284.3035853,667.3950745,145.12969873726576,-37.91438342684081,fuzzy,True,False,,,,False,284.48186910059303,667.3711115987971,287.7380626705729,670.5621568356449,,,,,,,,,,,0.6480999873019755,0.0,,,no_match
284.9163935,656.2858912,282.8657939,656.5567252,145.1297011488702,-37.91448336346033,fuzzy,True,False,,,,False,284.9163934972603,656.2858912004158,285.9656318636207,657.3231318381453,,,,,,,,,,,0.694099988322705,0.0,,,no_match
283.9464184,649.0339867,281.9077864,649.30324,145.12968846507647,-37.91454851486233,fuzzy,True,False,,,,False,283.94641839992255,649.0339867006987,284.4159831140347,646.9215340907679,,,,,,,,,,,0.7342000026255846,0.0,,,no_match
283.4028585,640.9332605,280.8469033,641.2708395,145.12968043619074,-37.914621389710334,fuzzy,True,False,,,,False,283.4028584997868,640.9332605013624,283.2920443056036,638.0449271792669,,,,,,,,,,,0.6132000125944614,0.0,,,no_match
280.2674891,635.713388,280.1155507,635.7334553,145.12964359410938,-37.91466784470238,fuzzy,True,False,,,,False,280.26748910022434,635.7133880006149,281.17371644891585,631.5108061492539,,,,,,,,,,,0.7760999724268913,0.0,,,no_match
282.1081738,632.9473917,279.7742538,633.2723679,145.12966389273382,-37.91469309412247,fuzzy,True,False,,,,False,282.10817379970104,632.9473916999996,280.89351861668706,627.6027406604092,,,,,,,,,,,0.686699990183115,0.0,,,no_match
292.8086317,620.4655582,292.8469274,620.8919426,145.12978271589122,-37.91480746735421,fuzzy,True,False,,,,False,292.8086316998815,620.4655582001433,286.356712180858,620.2992550304656,,,,,,,,,,,0.6591000128537416,0.0,,,no_match
298.6623078,620.0498728,298.6888592,620.2982525,145.1298491811225,-37.91481226997112,fuzzy,True,False,,,,False,298.6623077971162,620.0498728007078,293.1332200740362,616.495333518188,,,,,,,,,,,0.6842000293545425,0.0,,,no_match
302.6970354,619.7120896,302.7137023,619.8680034,145.129894981517,-37.914816042037494,fuzzy,True,False,,,,False,302.69703540112823,619.7120895981789,299.4849828269203,615.0531474258372,,,,,,,,,,,0.6356000085361302,0.0,,,no_match
312.5510877,618.8871119,312.5436145,618.8172018,145.13000684026264,-37.9148252545756,fuzzy,True,False,,,,False,312.55108770006336,618.8871119013056,308.15742804614746,614.7282365032117,,,,,,,,,,,0.6008000345900655,0.0,,,no_match
319.5424719,618.240974,319.5053427,617.951813,145.13008618943977,-37.914832338641254,fuzzy,True,False,,,,False,319.54247190232854,618.2409740006551,316.74313428483777,614.9611802250463,,,,,,,,,,,0.5587000050581992,0.0,,,no_match
323.5294835,617.8137988,323.4816462,617.4412433,145.1301314269095,-37.914836907255626,fuzzy,True,False,,,,False,323.5294835001114,617.8137988010421,323.4959884076756,615.4290787666912,,,,,,,,,,,0.6842000293545425,0.0,,,no_match
326.9278754,617.4496895,326.8709109,617.0060513,145.1301699857817,-37.91484080137048,fuzzy,True,False,,,,False,326.9278754006373,617.4496895000339,328.56431501544296,615.8904181060628,,,,,,,,,,,0.7137000211514533,0.0,,,no_match
338.6262534,616.196293,338.9508196,615.9338305,145.13030271808117,-37.91485420621083,fuzzy,True,False,,,,False,338.62625340081286,616.1962930001318,336.69034827927857,615.7575392754238,,,,,,,,,,,0.6759000243619084,0.0,,,no_match
345.8802975,615.3017446,345.9895033,616.1900179,145.13038499728418,-37.914863575275476,fuzzy,True,False,,,,False,345.8802975001745,615.3017445998266,344.71200512611085,615.3167820947585,,,,,,,,,,,0.6424000021070242,0.0,,,no_match
354.8797255,614.1207238,354.9979682,615.0825024,145.13048705733976,-37.914875840250986,fuzzy,True,False,,,,False,354.87972550292034,614.1207238007337,353.4285449487791,614.5004014053762,,,,,,,,,,,0.6829000194557011,0.0,,,no_match
363.6137419,612.9745239,363.740756,614.0076497,145.13058610746845,-37.914887743511876,fuzzy,True,False,,,,False,363.61374189914204,612.9745239000767,362.4050280260761,613.4521179622785,,,,,,,,,,,0.609799986705184,0.0,,,no_match
370.1722122,612.1138224,370.3058139,613.2005306,145.13066048533616,-37.9148966818139,fuzzy,True,False,,,,False,370.17221220303327,612.1138224005699,370.3722430881252,612.4157067207489,,,,,,,,,,,0.6444000173360109,0.0,,,no_match
383.7027489,610.3381257,383.849943,611.5353931,145.13081393161434,-37.914915122084444,fuzzy,True,False,,,,False,383.70274889678694,610.3381257010624,381.1082167113258,610.9545240569187,,,,,,,,,,,0.7105999975465238,0.0,,,no_match
391.6091474,609.3342066,391.7602041,610.5628926,145.1309036037325,-37.91492559387337,fuzzy,True,False,,,,False,391.60914739902364,609.3342065997422,390.8673601268164,609.6170859755299,,,,,,,,,,,0.6682000239379704,0.0,,,no_match
402.4882483,607.9984402,402.6390957,609.2254237,145.13102700183995,-37.914939591913786,fuzzy,True,False,,,,False,402.4882483005058,607.9984402004629,401.31922502240354,608.2315360426616,,,,,,,,,,,0.6820999551564455,0.0,,,no_match
410.3984391,607.0271961,410.5487578,608.2581517,145.1311167245953,-37.91494976988305,fuzzy,True,False,,,,False,410.3984391009435,607.0271960990503,410.6926398436887,607.0144172869225,,,,,,,,,,,0.6436000112444162,0.0,,,no_match
420.3874833,605.80069,420.5455439,606.9414261,145.1312300271541,-37.914962622707336,fuzzy,True,False,,,,False,420.3874833006412,605.8006900008768,420.32535878860534,605.7947796809262,,,,,,,,,,,0.6635999889113009,0.0,,,no_match
432.3615568,604.3304261,432.4939411,605.2858543,145.13136584532236,-37.91497802974231,fuzzy,True,False,,,,False,432.3615567990346,604.3304260997102,431.1486447346859,604.4498735174741,,,,,,,,,,,0.8577000116929412,0.0,,,no_match
445.0737543,602.6028394,445.2015411,603.5250872,145.13150999787334,-37.91499588793729,fuzzy,True,False,,,,False,445.07375429954845,602.6028394000605,443.13366191450183,602.8914622320927,,,,,,,,,,,0.6933999829925597,0.0,,,no_match
459.1254683,600.6928887,459.2473944,601.5885712,145.13166934016007,-37.91501563060899,fuzzy,True,False,,,,False,459.12546829809435,600.692888699472,456.4958404273115,601.1059609671793,,,,,,,,,,,0.8367000264115632,0.0,,,no_match
472.8766868,598.7654706,473.0060322,599.7156559,145.13182526171812,-37.915035476161876,fuzzy,True,False,,,,False,472.87668679922353,598.7654705988243,470.5091325645238,599.177462371307,,,,,,,,,,,0.6989000248722732,0.0,,,no_match
484.7584873,597.0927234,484.8952261,598.0972214,145.13195998482104,-37.91505268987284,fuzzy,True,False,,,,False,484.7584872995503,597.0927234012634,483.85808086649155,597.3065397062319,,,,,,,,,,,0.6366000161506236,0.0,,,no_match
499.8681458,594.8345249,500.0317981,596.0367327,145.13213127759045,-37.91507576002207,fuzzy,True,False,,,,False,499.8681458005449,594.8345248997211,498.2500780915489,595.203465149384,,,,,,,,,,,0.6432000081986189,0.0,,,no_match
513.5289575,592.779289,513.7187568,594.1735748,145.13228614231247,-37.91509674006181,fuzzy,True,False,,,,False,513.5289574987255,592.7792889997363,512.553646350184,593.0606490000754,,,,,,,,,,,0.6294000195339322,0.0,,,no_match
526.8795719,590.7495688,526.8656885,590.6561407,145.13243748578088,-37.915117434059695,fuzzy,True,False,,,,False,526.8795718972106,590.7495688004419,526.545802447364,590.9261309768978,,,,,,,,,,,0.6623999797739089,0.0,,,no_match
540.3967226,588.6807569,540.3915863,588.6461923,145.132590714073,-37.91513851006854,fuzzy,True,False,,,,False,540.3967226010282,588.6807569004595,540.3563629258591,588.7941671796168,,,,,,,,,,,0.6454000249505043,0.0,,,no_match
553.6025149,586.6595761,553.6059275,586.6825412,145.13274041294244,-37.915159100618574,fuzzy,True,False,,,,False,553.6025149006164,586.6595761002973,553.8691633345028,586.6984008560979,,,,,,,,,,,2.5542000075802207,0.0,,,no_match
568.2650039,584.4355105,568.274991,584.5027183,145.13290662938343,-37.91518178147514,fuzzy,True,False,,,,False,568.2650039001601,584.4355105003342,567.9151501008314,584.5312652329645,,,,,,,,,,,1.1035000206902623,0.0,,,no_match
581.9230015,582.3854331,581.9353177,582.4683274,145.13306146376615,-37.9152027135285,fuzzy,True,False,,,,False,581.9230014997302,582.3854331010953,581.8261725059738,582.4065446036092,,,,,,,,,,,0.979500007815659,0.0,,,no_match
602.0353522,579.409638,602.0458607,579.4803654,145.13328947814267,-37.91523314893289,fuzzy,True,False,,,,False,602.0353521994548,579.4096379987895,598.878820676927,579.8493113785114,,,,,,,,,,,0.970599998254329,0.0,,,no_match
618.082871,577.0688559,618.0870548,577.0970147,145.13347141718273,-37.915257130285646,fuzzy,True,False,,,,False,618.082871000981,577.0688559012488,615.971240438334,577.3250600619862,,,,,,,,,,,0.9548999951221049,0.0,,,no_match
632.9228195,574.9159474,632.9194492,574.8932637,145.1336396681585,-37.915279201130474,fuzzy,True,False,,,,False,632.9228194992756,574.9159474009648,632.2940650022747,574.9435916709007,,,,,,,,,,,1.2123000342398882,0.0,,,no_match
648.2830212,572.7384706,648.2644318,572.6133539,145.1338138293183,-37.915301586888525,fuzzy,True,False,,,,False,648.2830211989349,572.7384705999866,648.2406311562133,572.660131253422,,,,,,,,,,,1.9792999955825508,0.0,,,no_match
664.001647,570.5101537,663.9674875,570.2802427,145.1339920545719,-37.91532449501125,fuzzy,True,False,,,,False,664.001646999619,570.5101536996663,664.0796733366052,570.4180149893411,,,,,,,,,,,0.9217000333592296,0.0,,,no_match
679.9349614,568.2513561,679.9898599,572.1172718,145.13417271418058,-37.91534771615853,fuzzy,True,False,,,,False,679.9349614001112,568.2513560997322,679.9527165922877,568.1834381837872,,,,,,,,,,,1.0681000421755016,0.0,,,no_match
695.3315718,566.1292524,695.29,571.9,145.1343473022933,-37.915369608886195,fuzzy,True,False,,,,False,695.3315717993537,566.1292524002492,695.5826111743644,566.0172905918165,,,,,,,,,,,1.0018000029958785,0.0,,,no_match
712.1816256,583.009249,712.4920248,582.644695,145.13454274170095,-37.915220587903775,fuzzy,True,False,,,,False,712.1816255993908,583.0092489998788,711.7839037396426,573.4679307576693,,,,,,,,,,,1.3417999725788832,0.0,,,no_match
721.9415524,590.9549606,720.9977609,591.3118565,145.1346555274121,-37.91515077059315,fuzzy,True,False,,,,False,721.941552399192,590.9549605995417,724.8082003213578,582.8192295800783,,,,,,,,,,,1.1715000146068633,0.0,,,no_match
726.2816467,608.5926976,725.52978,608.7869759,145.1347088909765,-37.91499266800909,fuzzy,True,False,,,,False,726.2816467004595,608.5926975999027,732.960406947326,597.7540347664045,,,,,,,,,,,1.3565999688580632,0.0,,,no_match
730.5125743,622.1027676,729.067024,622.4762899,145.1347600737684,-37.914871728738284,fuzzy,True,False,,,,False,730.5125743003446,622.1027676006779,737.980863434903,613.8466163970257,,,,,,,,,,,0.8840000373311341,0.0,,,no_match
735.4029871,635.3939309,736.0502533,635.1871314,145.13481870536287,-37.914752880284354,fuzzy,True,False,,,,False,735.40298709739,635.3939308989793,741.6433518086342,629.956338140622,,,,,,,,,,,0.9442000300623477,0.0,,,no_match
739.5314507,648.1933462,739.7104541,648.1926244,145.1348685610165,-37.914638324232854,fuzzy,True,False,,,,False,739.5314507009462,648.1933462005109,744.4607086268136,645.3389987946964,,,,,,,,,,,0.8838999783620238,0.0,,,no_match
741.5581955,659.7459804,736.416157,659.6874151,145.13489423495955,-37.91453462061989,fuzzy,True,False,,,,False,741.5581955002854,659.7459803996608,746.0266316474346,659.2856614723163,,,,,,,,,,,0.7321999873965979,0.0,,,no_match
740.9206198,671.4137913,738.2192184,673.375758,145.13488964005703,-37.91442939920476,fuzzy,True,False,,,,False,740.9206198001048,671.4137912997976,745.7089111862517,672.1636649169653,,,,,,,,,,,0.7606999715790153,0.0,,,no_match
743.9278008,684.2524706,746.3076762,680.7210426,145.13492675463834,-37.914314287297366,fuzzy,True,False,,,,False,743.9278008010006,684.2524706013501,746.2379723496651,684.8920820263852,,,,,,,,,,,0.6898000137880445,0.0,,,no_match
760.7876972,676.5072715,760.5121466,676.2929544,145.13511669979687,-37.914387096807715,fuzzy,True,False,,,,False,760.7876972001977,676.5072715003043,754.5964017423587,687.1930903478972,,,,,,,,,,,0.8970000199042261,0.0,,,no_match
774.5191335,670.0097849,774.343402,669.3966897,145.13527135661963,-37.91444810251886,fuzzy,True,False,,,,False,774.5191334992414,670.009784899652,766.733752393892,683.2112551009047,,,,,,,,,,,0.9293999755755067,0.0,,,no_match
791.1169344,662.0290637,791.3832449,665.2913678,145.13545826871618,-37.914522985900604,fuzzy,True,False,,,,False,791.1169343995862,662.0290637016296,782.4660515939802,674.9297636194307,,,,,,,,,,,1.3227000017650425,0.0,,,no_match
801.7602221,664.6676477,801.6942605,664.2400343,145.13557988980702,-37.91450113474505,fuzzy,True,False,,,,False,801.7602220993722,664.6676476998255,797.1310765231111,669.9183778817529,,,,,,,,,,,1.0074000456370413,0.0,,,no_match
815.2859447,662.5860856,815.223308,662.1742497,145.1357332124636,-37.914522323053475,fuzzy,True,False,,,,False,815.2859446998336,662.5860855998471,812.0231088346912,665.4746646023275,,,,,,,,,,,0.8221000316552818,0.0,,,no_match
827.672594,659.9903737,827.7129742,660.2571715,145.13587346629953,-37.91454793753859,fuzzy,True,False,,,,False,827.6725940002361,659.9903736989945,826.2173269012277,661.4622766129972,,,,,,,,,,,0.7247000467032194,0.0,,,no_match
839.3732142,658.9479749,839.3032356,658.4912227,145.1360062728534,-37.91455943564031,fuzzy,True,False,,,,False,839.3732142006047,658.9479748997837,839.4068571142204,658.6917526226517,,,,,,,,,,,0.7368000224232674,0.0,,,no_match
853.6474069,657.189423,853.5139988,656.3135296,145.1361681798109,-37.91457784846603,fuzzy,True,False,,,,False,853.6474068973912,657.1894230013713,853.1371300292614,656.4755055777084,,,,,,,,,,,0.7382999756373465,0.0,,,no_match
869.6045601,656.4155765,869.2419402,653.947541,145.1363494470917,-37.91458769372445,fuzzy,True,False,,,,False,869.6045600994257,656.4155764998868,868.077841843173,655.109637015725,,,,,,,,,,,0.6942999898456037,0.0,,,no_match
877.0090071,653.4704876,876.9153799,652.8204993,145.13643297095422,-37.91461555744553,fuzzy,True,False,,,,False,877.009007102577,653.4704876001924,879.4852151734485,653.1739961458643,,,,,,,,,,,0.6954999989829957,0.0,,,no_match
882.8800578,654.4327002,883.6030617,652.6203704,145.13649994740268,-37.91460794698781,fuzzy,True,False,,,,False,882.880057800212,654.4327002000064,887.6742933050556,652.7499026402065,,,,,,,,,,,0.6641999934799969,0.0,,,no_match
890.466649,664.6364724,888.4043261,665.0390306,145.13658853145176,-37.91451739514357,fuzzy,True,False,,,,False,890.4666489999508,664.6364724012092,894.7301010190848,657.9724437779264,,,,,,,,,,,0.5890000029467046,0.0,,,no_match
890.9195791,671.180511,889.6514398,671.4280473,145.13659516914035,-37.914458526357805,fuzzy,True,False,,,,False,890.9195790995145,671.1805110014975,897.7208782915967,665.0141475338164,,,,,,,,,,,0.6600000197067857,0.0,,,no_match
893.7737588,682.7329692,891.974759,683.1072709,145.13663024900706,-37.91435497289545,fuzzy,True,False,,,,False,893.7737587976153,682.7329692002386,899.4658121145869,675.3959661665814,,,,,,,,,,,0.603299995418638,0.0,,,no_match
897.6162096,696.2133029,894.9374622,696.8085801,145.13667700422675,-37.914234230596804,fuzzy,True,False,,,,False,897.6162095995387,696.2133029000834,901.2826424538353,688.6088550211803,,,,,,,,,,,0.6153999711386859,0.0,,,no_match
899.1797822,703.8550323,896.5932676,704.4117564,145.13669651998111,-37.914165673527975,fuzzy,True,False,,,,False,899.1797821989749,703.8550323005766,902.3373540531304,700.3304209878731,,,,,,,,,,,0.6491999956779182,0.0,,,no_match
901.5697744,713.2001936,898.6214904,713.8347854,145.1367258197555,-37.914081920325685,fuzzy,True,False,,,,False,901.5697744010249,713.2001935997978,903.5184782709406,711.4644673405666,,,,,,,,,,,0.5975000094622374,0.0,,,no_match
903.8173563,724.565789,901.0590325,725.1594936,145.13675395940905,-37.91397994088452,fuzzy,True,False,,,,False,903.8173563001328,724.5657889991999,904.8997572921517,723.0155713278987,,,,,,,,,,,0.6334999925456941,0.0,,,no_match
906.4685024,734.4785329,903.19,735.03,145.13678635750557,-37.91389112175903,fuzzy,True,False,,,,False,906.4685023993952,734.4785329010338,906.7336094103179,734.0093763190678,,,,,,,,,,,0.8088999893516302,0.0,,,no_match
908.7032693,747.6259153,902.58,744.72,145.1368147562543,-37.91377308919684,fuzzy,True,False,,,,False,908.7032693001674,747.6259153010324,908.7236051615173,746.1695665103829,,,,,,,,,,,0.653600029181689,0.0,,,no_match
898.480271,749.6977424,897.9719468,749.1799609,145.13669898627555,-37.91375258477584,fuzzy,True,False,,,,False,898.4802709980868,749.6977424006909,904.5559155132428,753.4982299436182,,,,,,,,,,,0.7029999978840351,0.0,,,no_match
886.7105609,756.1438954,886.4763463,755.3649646,145.1365666237979,-37.91369239665781,fuzzy,True,False,,,,False,886.7105609008577,756.143895400688,895.5061118563888,759.7244931404816,,,,,,,,,,,0.6572999991476536,0.0,,,no_match
879.7532188,758.3085604,879.4870625,757.3614182,145.13648800731247,-37.91367164383246,fuzzy,True,False,,,,False,879.7532187988982,758.3085604002699,885.9885757063348,763.2844572112435,,,,,,,,,,,0.6923999753780663,0.0,,,no_match
872.2421782,760.1186026,872.0484145,759.3687637,145.13640301442138,-37.91365398576357,fuzzy,True,False,,,,False,872.2421782003948,760.1186025999486,876.4030476738532,765.1015170517005,,,,,,,,,,,0.6485999911092222,0.0,,,no_match
862.0762073,762.6195013,861.9354893,762.1050544,145.13628799073868,-37.91362962603101,fuzzy,True,False,,,,False,862.0762073030928,762.6195013010874,865.804965637019,766.4008379030076,,,,,,,,,,,0.60299999313429,0.0,,,no_match
853.3216574,763.389862,853.6220987,764.4626978,145.13618862224223,-37.913621109545346,fuzzy,True,False,,,,False,853.3216574009275,763.3898620009422,855.4905580248305,766.7792278193696,,,,,,,,,,,0.5812000017613173,0.0,,,no_match
845.168955,768.2360461,844.8107341,766.9155455,145.136097023808,-37.91357598534744,fuzzy,True,False,,,,False,845.1689549993025,768.2360461009666,845.8900973334385,768.8224002697378,,,,,,,,,,,0.5689000245183706,0.0,,,no_match
837.498473,769.5230725,837.3408114,768.9417755,145.1360100992797,-37.91356300973656,fuzzy,True,False,,,,False,837.4984729993157,769.5230724997818,837.1373603484475,770.3830757320512,,,,,,,,,,,0.6415999960154295,0.0,,,no_match
827.8713806,773.6724414,827.3254937,771.6557888,145.13590157804921,-37.91352389687467,fuzzy,True,False,,,,False,827.8713805997977,773.6724413987249,828.0065259408982,773.0993725025214,,,,,,,,,,,0.790199963375926,0.0,,,no_match
815.9660618,775.6707325,815.7392977,774.8700591,145.1357666632318,-37.9135037509053,fuzzy,True,False,,,,False,815.9660618008347,775.6707325000316,817.4542322881357,775.5530374620639,,,,,,,,,,,0.6343999993987381,0.0,,,no_match
809.8181155,777.3286818,809.6131789,776.6050787,145.13569713517236,-37.91348770800912,fuzzy,True,False,,,,False,809.8181154988706,777.3286818005145,808.8637650104073,777.6261067308509,,,,,,,,,,,0.769199978094548,0.0,,,no_match
802.8747846,779.2540613,802.6814084,778.5866013,145.13561862406468,-37.91346911268202,fuzzy,True,False,,,,False,802.8747845989419,779.2540613012388,801.2684518388236,779.5732832353199,,,,,,,,,,,0.6427000043913722,0.0,,,no_match
795.1016599,781.7436347,794.9118586,781.3965207,145.1355308061714,-37.91344528538498,fuzzy,True,False,,,,False,795.1016599017894,781.7436346998438,793.8615257881672,781.7385316952438,,,,,,,,,,,0.6119000026956201,0.0,,,no_match
790.3101545,784.4668214,790.0457271,784.1919364,145.1354769438764,-37.91341989085235,fuzzy,True,False,,,,False,790.3101545011159,784.4668213995174,787.9871321533482,784.1858101000389,,,,,,,,,,,0.6623999797739089,0.0,,,no_match
782.776669,789.0221753,785.7858295,790.0548094,145.13539232077449,-37.9133774975718,fuzzy,True,False,,,,False,782.7766690008575,789.0221753008664,781.6787318661593,787.7439853158264,,,,,,,,,,,0.673100003041327,0.0,,,no_match
793.3967388,809.4368589,794.5041432,808.7699824,145.1355177189837,-37.91319551071329,fuzzy,True,False,,,,False,793.3967388027231,809.4368588998914,784.0906464888334,800.0174077042547,,,,,,,,,,,0.6588000105693936,0.0,,,no_match
800.2845003,819.6270833,801.0512319,819.1410947,145.13559835337153,-37.913104955701634,fuzzy,True,False,,,,False,800.2845002997201,819.6270832996815,790.3684375792532,812.8712007443938,,,,,,,,,,,0.699399970471859,0.0,,,no_match
805.4369479,827.3882689,806.037415,827.0076662,145.13565870392196,-37.91303596935927,fuzzy,True,False,,,,False,805.4369479007437,827.3882688991725,797.7952072505987,824.3279647093866,,,,,,,,,,,0.652400020044297,0.0,,,no_match
808.7954472,835.198677,810.5316909,834.0981685,145.13569866764436,-37.91296621635803,fuzzy,True,False,,,,False,808.795447198092,835.1986770005897,804.4944183412649,834.4769251218664,,,,,,,,,,,0.7618000381626189,0.0,,,no_match
816.0292122,847.2270003,818.0439072,845.949997,145.13578365373797,-37.9128591654869,fuzzy,True,False,,,,False,816.0292122003739,847.2270002998412,812.2073153915392,845.697806523486,,,,,,,,,,,0.6754000205546618,0.0,,,no_match
822.5772049,856.0953716,820.4189502,856.9715699,145.13586012354418,-37.91278045664447,fuzzy,True,False,,,,False,822.5772048988729,856.0953715993091,819.994618944969,855.9978881587355,,,,,,,,,,,0.6553999846801162,0.0,,,no_match
824.7399559,865.214302,823.9031444,865.5540168,145.13588678838676,-37.912698700649365,fuzzy,True,False,,,,False,824.7399558995385,865.2143019996583,825.3946269893416,865.7196541479151,,,,,,,,,,,0.6824000156484544,0.0,,,no_match
828.850454,874.3713899,827.6849977,874.8463133,145.13593560840246,-37.912616951795364,fuzzy,True,False,,,,False,828.8504540002323,874.3713899012655,830.0315515898241,875.0694224142203,,,,,,,,,,,0.72900002123788,0.0,,,no_match
828.9681083,878.5281864,829.0866496,878.4851237,145.13593789135882,-37.912579527518446,fuzzy,True,False,,,,False,828.9681082997704,878.528186400421,832.186804619368,881.6816365472961,,,,,,,,,,,0.6911000236868858,0.0,,,no_match
833.6325484,890.9675075,833.6224824,890.9711641,145.1359937560366,-37.9124683112392,fuzzy,True,False,,,,False,833.6325483994442,890.9675075020641,835.0494274225157,890.6844220306309,,,,,,,,,,,0.6044000037945807,0.0,,,no_match
838.1765216,900.0909357,837.1026682,900.4850986,145.1360474968666,-37.9123869436299,fuzzy,True,False,,,,False,838.1765216001659,900.0909356996417,838.5140873435439,899.7969896409701,,,,,,,,,,,0.6018999847583473,0.0,,,no_match
844.011745,909.452055,840.8558474,910.6282608,145.13611597351843,-37.91230366740132,fuzzy,True,False,,,,False,844.0117449978716,909.4520550007,843.1148635923233,909.0856726132608,,,,,,,,,,,0.6083999760448933,0.0,,,no_match
848.5066586,919.0572531,844.4392609,920.494727,145.1361692657982,-37.912217950984896,fuzzy,True,False,,,,False,848.5066585998866,919.0572531009093,847.8175068026823,918.5972535412136,,,,,,,,,,,0.686099985614419,0.0,,,no_match
851.6565402,932.2482302,848.7071639,933.2357,145.13620807978316,-37.91209969066598,fuzzy,True,False,,,,False,851.6565401992993,932.2482302002609,851.8569709986635,930.0424998601454,,,,,,,,,,,0.6053000106476247,0.0,,,no_match
856.5206012,940.5459321,851.695542,942.1613924,145.13626527185667,-37.91202581894555,fuzzy,True,False,,,,False,856.5206012006965,940.5459320992231,856.2772661946238,940.2834054132645,,,,,,,,,,,0.6256999913603067,0.0,,,no_match
859.8890609,955.4278488,856.515406,956.5573697,145.13630695526635,-37.911892365536616,fuzzy,True,False,,,,False,859.8890609004302,955.4278488000855,860.2096489665787,952.9083631342138,,,,,,,,,,,0.5974999512545764,0.0,,,no_match
864.3422803,967.4502074,860.5837142,968.708599,145.13636032242033,-37.91178486710512,fuzzy,True,False,,,,False,864.3422803007998,967.4502074001357,864.349002989709,965.6656835471756,,,,,,,,,,,0.6624000379815698,0.0,,,no_match
867.8318063,977.4898228,863.9579628,978.78681,145.1364022813064,-37.911695056143635,fuzzy,True,False,,,,False,867.8318063010811,977.4898228012025,868.1597432195914,977.362367951502,,,,,,,,,,,0.659800018183887,0.0,,,no_match
866.9945742,983.6768763,865.736241,984.0981742,145.13639416824526,-37.91163917079684,fuzzy,True,False,,,,False,866.9945742011187,983.6768763000146,869.5716038304274,986.3047889395677,,,,,,,,,,,0.6232000305317342,0.0,,,no_match
867.7545691,987.1500302,866.8584701,987.4500498,145.13640359905085,-37.91160802061004,fuzzy,True,False,,,,False,867.7545690987026,987.1500302003697,870.2090145935896,992.0364507123413,,,,,,,,,,,0.672499998472631,0.0,,,no_match
870.3571849,1000.11233,869.4582502,1000.24184,145.13643613781218,-37.911491721608755,fuzzy,True,False,,,,False,870.3571848995052,1000.1123299989849,871.411939722412,1000.5660251373055,,,,,,,,,,,0.6209000130183995,0.0,,,no_match
871.471699,1011.031408,871.0220437,1011.09619,145.13645129206495,-37.91139356046671,fuzzy,True,False,,,,False,871.4716990001034,1011.0314079988748,872.3877816950823,1010.2211628763544,,,,,,,,,,,0.6068999646231532,0.0,,,no_match
873.2308034,1022.866075,872.7281718,1022.93849,145.1364739834782,-37.91128726754305,fuzzy,True,True,28533357#0,0,,False,873.2308034006273,1022.8660749997944,873.599777672804,1021.1147907487727,503.74,1268.87,-37.90900458948612,145.1323288675359,443.89343869125594,445.17288647366576,445.17288647366576,50.0,short=0.000 small=1.000 angle_diff=13.976 mode=following,,0.020900042727589607,0.0,,,
875.7222179,1035.867199,874.6026408,1036.028038,145.13650526641888,-37.91117059874551,fuzzy,True,True,28533357#0,0,,False,875.7222179000382,1035.8671989999712,875.3926231400408,1033.373464311038,503.74,1268.87,-37.90900458948612,145.1323288675359,438.93174379132176,439.98214805645875,439.98214805645875,10.0,short=0.000 small=0.000 angle_diff=88.787 mode=following,,0.0219999928958714,0.0,,,
876.9572472,1049.467435,876.5419172,1049.527101,145.1365224001935,-37.91104830672589,fuzzy,True,True,28533357#0,0,,False,876.9572472008877,1049.4674350013956,876.9614219207217,1046.739713310637,503.74,1268.87,-37.90900458948612,145.1323288675359,432.9302474258125,434.3225691179586,434.3225691179586,10.0,short=0.000 small=0.000 angle_diff=90.414 mode=following,,0.019300030544400215,0.0,,,
878.3798339,1062.245585,878.3692734,1062.247102,145.1365414795907,-37.910933454038314,fuzzy,True,True,28533357#0,0,,False,878.3798339002533,1062.2455850010738,878.455821509564,1060.2816683320546,503.74,1268.87,-37.90900458948612,145.1323288675359,427.8418563189649,428.8601625210765,428.8601625210765,10.0,short=0.000 small=0.000 angle_diff=90.811 mode=following,,0.014299992471933365,0.0,,,
880.4344303,1075.276387,880.2449715,1075.303604,145.13656780234388,-37.91081643920095,fuzzy,True,True,28533357#0,0,,False,880.4344303017715,1075.2763870013878,880.2193558580284,1073.9059209952377,503.74,1268.87,-37.90900458948612,145.1323288675359,423.5294332324881,423.9666230842366,423.9666230842366,10.0,short=0.000 small=0.000 angle_diff=89.732 mode=following,,0.012899981811642647,0.0,,,
882.0412909,1087.735292,882.0320761,1087.736617,145.13658890423963,-37.91070449552311,fuzzy,True,True,28533357#0,0,,False,882.0412909002043,1087.7352919997647,881.9411619193082,1087.1801198503936,503.74,1268.87,-37.90900458948612,145.1323288675359,419.43014810465337,419.5799464057989,419.5799464057989,10.0,short=0.000 small=0.000 angle_diff=89.717 mode=following,,0.012400036212056875,0.0,,,
884.2992268,1099.614785,883.7508936,1099.693608,145.13661727712514,-37.91059788857222,fuzzy,True,True,28533357#0,0,,False,884.2992267986992,1099.6147849997506,883.9504535001414,1099.8475983863789,503.74,1268.87,-37.90900458948612,145.1323288675359,416.5004836808769,416.08720383835333,416.08720383835333,10.0,short=0.000 small=0.000 angle_diff=88.095 mode=following,,0.012000033166259527,0.0,,,
887.112898,1112.484404,885.6357201,1112.699935,145.13665219368102,-37.91048246236958,fuzzy,True,True,28533357#0,0,,False,887.1128979990026,1112.4844040004537,886.4254321156129,1112.576646184361,503.74,1268.87,-37.90900458948612,145.1323288675359,414.04255041757114,413.37120412584846,413.37120412584846,10.0,short=0.000 small=0.000 angle_diff=86.105 mode=following,,0.01179997343569994,0.0,,,
886.5541439,1125.619056,887.4956957,1125.482232,145.13664882586465,-37.91036404140346,fuzzy,True,True,28533357#0,0,,False,886.5541438990622,1125.6190560003743,887.4906739574292,1125.4941160732067,503.74,1268.87,-37.90900458948612,145.1323288675359,408.7389163340772,409.65988802245505,409.65988802245505,10.0,short=0.000 small=0.000 angle_diff=92.394 mode=following,,0.01190003240481019,0.0,,,
889.6955381,1138.410757,889.1246755,1138.479482,145.13668745074332,-37.91024937609986,fuzzy,True,True,28533357#0,0,,False,889.6955380996224,1138.4107569996268,889.4400225527787,1138.3698323346255,503.74,1268.87,-37.90900458948612,145.1323288675359,407.408015966794,407.17907750510074,407.17907750510074,10.0,short=0.000 small=0.000 angle_diff=88.499 mode=following,,0.01179997343569994,0.0,,,
890.010864,1151.335179,890.7432041,1151.239905,145.13669397334854,-37.91013300632584,fuzzy,True,True,28533357#0,0,,False,890.0108639992541,1151.3351789992303,890.6102006882654,1151.2771738649387,503.74,1268.87,-37.90900458948612,145.1323288675359,403.7568755110099,404.34715893525146,404.34715893525146,10.0,short=0.000 small=0.000 angle_diff=91.928 mode=following,,0.012200034689158201,0.0,,,
891.8387706,1163.221826,892.2942979,1163.162564,145.13671745804234,-37.91002625745365,fuzzy,True,True,28533357#0,0,,False,891.8387705995701,1163.2218260001391,892.0080909398979,1163.6802223962184,503.74,1268.87,-37.90900458948612,145.1323288675359,402.22157128926165,402.2648378300617,402.2648378300617,10.0,short=0.000 small=0.000 angle_diff=90.677 mode=following,,0.01209997572004795,0.0,,,
895.7977194,1178.422826,894.3048679,1178.61704,145.13676592569783,-37.90989003572587,fuzzy,True,True,28533357#0,0,,False,895.7977193999104,1178.4228260004893,894.6672046072377,1177.4138388359543,503.74,1268.87,-37.90900458948612,145.1323288675359,402.35549781947384,401.4826381263491,401.4826381263491,10.0,short=0.000 small=0.000 angle_diff=86.150 mode=following,,0.01160003012046218,0.0,,,
896.984067,1190.925514,895.9240949,1191.063413,145.1367822557242,-37.909777621857536,fuzzy,True,True,28533357#0,0,,False,896.9840669983532,1190.925514000468,896.7798301609934,1190.7017987144372,503.74,1268.87,-37.90900458948612,145.1323288675359,400.8942991951077,400.7375397753531,400.7375397753531,10.0,short=0.000 small=0.000 angle_diff=88.074 mode=following,,0.012000033166259527,0.0,,,
897.2836667,1201.277417,897.2570679,1201.280887,145.1367880146827,-37.90968442315602,fuzzy,True,True,28533357#0,0,,False,897.2836667003576,1201.2774170003831,898.0142108686206,1202.5489857572961,503.74,1268.87,-37.90900458948612,145.1323288675359,399.3061167532025,399.8132442606853,399.8132442606853,10.0,short=0.000 small=0.000 angle_diff=91.160 mode=following,,0.011699972674250603,0.0,,,
898.7930569,1205.550843,896.8581486,1203.102592,145.1368061474505,-37.90964619878614,fuzzy,True,True,28533357#0,0,,False,898.7930569008458,1205.5508430013433,899.2607440432099,1210.3596770756258,503.74,1268.87,-37.90900458948612,145.1323288675359,400.09528041420765,399.8251078374255,399.8251078374255,10.0,short=0.000 small=0.000 angle_diff=88.040 mode=following,,0.011800031643360853,0.0,,,
885.7958086,1208.22582,885.904876,1206.000162,145.13665897805657,-37.909619761640556,fuzzy,True,True,28533357#0,0,,False,885.7958085996797,1208.2258200012147,893.2488544357145,1214.7502640470718,503.74,1268.87,-37.90900458948612,145.1323288675359,386.83892959794025,393.25067514682956,393.25067514682956,10.0,short=0.000 small=0.000 angle_diff=150.967 mode=following,,0.011999974958598614,0.0,,,
879.229121,1205.123524,879.3952242,1204.86104,145.13658361045307,-37.909646525477626,fuzzy,True,True,28533357#0,0,,False,879.2291210004478,1205.1235240008682,885.6675996426698,1214.2360638892899,503.74,1268.87,-37.90900458948612,145.1323288675359,380.86177701627764,385.81544596317104,385.81544596317104,10.0,short=0.000 small=0.000 angle_diff=169.012 mode=following,,0.01179997343569994,0.0,,,
874.592923,1203.096833,875.319585,1202.110929,145.1365304367361,-37.90966394757507,fuzzy,True,True,28533357#0,0,,False,874.5929230009206,1203.096833000891,878.4561453205708,1211.3827272699239,503.74,1268.87,-37.90900458948612,145.1323288675359,376.64041205826464,379.10021905803393,379.10021905803393,10.0,short=0.000 small=0.000 angle_diff=151.305 mode=following,,0.011499971151351929,0.0,,,
870.1261329,1201.943404,871.9540451,1199.367709,145.1364793876321,-37.90967353358433,fuzzy,True,True,28533357#0,0,,False,870.1261328994296,1201.9434040011838,871.959178801642,1207.9520485813075,503.74,1268.87,-37.90900458948612,145.1323288675359,372.44861072769123,373.22427633047363,373.22427633047363,10.0,short=0.000 small=0.000 angle_diff=145.056 mode=following,,0.011300027836114168,0.0,,,
864.2337142,1199.465221,864.2466492,1196.998342,145.13641182814504,-37.909694796559876,fuzzy,True,True,28533357#0,0,,False,864.2337142007891,1199.4652210008353,865.4496246585306,1203.9614982862477,503.74,1268.87,-37.90900458948612,145.1323288675359,367.1140712724086,367.48736871536045,367.48736871536045,10.0,short=0.000 small=0.000 angle_diff=141.383 mode=following,,0.011899974197149277,0.0,,,
856.0975097,1200.295892,856.1150238,1196.955704,145.13631950914032,-37.909685848383866,fuzzy,True,True,28533357#0,0,,False,856.0975096991751,1200.295891999267,857.9099746311243,1201.622264932117,503.74,1268.87,-37.90900458948612,145.1323288675359,358.9682756588672,360.4977514520325,360.4977514520325,10.0,short=0.000 small=0.000 angle_diff=155.655 mode=following,,0.011300027836114168,0.0,,,
852.7936667,1199.902876,853.12,1196.94,145.13628185544394,-37.90968879375274,fuzzy,True,True,28533357#0,0,,False,852.7936666989699,1199.9028760008514,852.1911016000265,1200.034198689688,503.74,1268.87,-37.90900458948612,145.1323288675359,355.8018077929193,355.1852161173164,355.1852161173164,10.0,short=0.000 small=0.000 angle_diff=157.373 mode=following,,0.011399970389902592,0.0,,,
849.6290163,1198.990335,851.1345276,1196.394626,145.13624566625128,-37.90969644419423,fuzzy,True,True,28533357#0,0,,False,849.6290163000813,1198.9903349997476,847.8635874174445,1198.7638054497572,503.74,1268.87,-37.90900458948612,145.1323288675359,352.87728628743645,351.19214389187016,351.19214389187016,10.0,short=0.000 small=0.000 angle_diff=156.532 mode=following,,0.011999974958598614,0.0,,,
849.2285998,1187.74114,849.8203458,1187.732482,145.13623855635373,-37.909797707731386,fuzzy,True,True,28533357#0,0,,False,849.2285998005536,1187.7411399986595,845.8204697004869,1192.5042650912533,503.74,1268.87,-37.90900458948612,145.1323288675359,354.88626983480805,350.50074638816204,350.50074638816204,10.0,short=0.000 small=0.000 angle_diff=100.969 mode=following,,0.012800039257854223,0.0,,,
849.5777129,1184.682391,849.7756763,1184.679494,145.13624183041466,-37.909825324609514,fuzzy,True,True,28533357#0,0,,False,849.5777128989575,1184.6823909999803,845.5726049235112,1187.0333220860448,503.74,1268.87,-37.90900458948612,145.1323288675359,355.9371814974125,351.49220708400594,351.49220708400594,10.0,short=0.000 small=0.000 angle_diff=85.486 mode=following,,0.02440001117065549,0.0,,,
849.6205898,1182.268737,849.7403779,1182.266985,145.13624176924102,-37.90984707515027,fuzzy,True,True,28533357#0,0,,False,849.6205897999462,1182.2687370004132,846.1643572149013,1182.6961118737393,503.74,1268.87,-37.90900458948612,145.1323288675359,356.55737428004795,353.10108950389207,353.10108950389207,10.0,short=0.000 small=0.000 angle_diff=75.123 mode=following,,0.015300000086426735,0.0,,,
849.4400157,1179.803328,849.7042746,1179.799462,145.13623915568067,-37.90986925166844,fuzzy,True,True,28533357#0,0,,False,849.4400156998308,1179.8033280009404,846.9650565756665,1179.2281480284835,503.74,1268.87,-37.90900458948612,145.1323288675359,356.989317649494,354.7380739168728,354.7380739168728,10.0,short=0.000 small=0.000 angle_diff=69.891 mode=following,,0.02099998528137803,0.0,,,
848.2961606,1176.670533,849.6582024,1176.650604,145.1362254379677,-37.909897266677895,fuzzy,True,True,28533357#0,0,,False,848.2961606006138,1176.6705329995602,847.2141974861728,1176.028615660112,503.74,1268.87,-37.90900458948612,145.1323288675359,356.67869227499574,355.8005719288787,355.8005719288787,10.0,short=0.000 small=0.000 angle_diff=78.440 mode=following,,0.017700018361210823,0.0,,,
849.0235496,1171.127123,849.5772676,1171.119021,145.1362324481717,-37.909947334153465,fuzzy,True,True,28533357#0,0,,False,849.0235496000387,1171.1271230001003,847.8915702561538,1171.7590841780022,503.74,1268.87,-37.90900458948612,145.1323288675359,358.85150080307574,357.5903148598456,357.5903148598456,10.0,short=0.000 small=0.000 angle_diff=73.877 mode=following,,0.01260003773495555,0.0,,,
849.9416077,1163.76567,849.4697788,1163.772574,145.1362412129943,-37.910013813369474,fuzzy,True,True,28533357#0,0,,False,849.9416077000787,1163.7656699996442,848.8861219155458,1165.8221584932473,503.74,1268.87,-37.90900458948612,145.1323288675359,361.80446840654537,360.2009204770882,360.2009204770882,10.0,short=0.000 small=0.000 angle_diff=73.382 mode=following,,0.012700038496404886,0.0,,,
847.8332104,1156.616768,849.0717248,1156.410349,145.13621561547845,-37.910077832782235,fuzzy,True,True,28533357#0,0,,False,847.8332104004221,1156.6167680006474,848.4997468878628,1158.9186246822094,503.74,1268.87,-37.90900458948612,145.1323288675359,361.9404999968498,361.86819148476815,361.86819148476815,10.0,short=0.000 small=0.000 angle_diff=86.096 mode=following,,0.01190003240481019,0.0,,,
842.4430905,1155.626758,842.1014957,1153.129657,145.13615410498033,-37.910085780219795,fuzzy,True,True,28533357#0,0,,False,842.4430905011832,1155.626757999882,845.4766203585277,1154.5965820335102,503.74,1268.87,-37.90900458948612,145.1323288675359,357.13276995222645,360.336414684684,360.336414684684,10.0,short=0.000 small=0.000 angle_diff=117.864 mode=following,,0.012400036212056875,0.0,,,
837.5843969,1155.212322,837.387706,1153.774487,145.13609876761848,-37.91008863842736,fuzzy,True,True,28533357#0,0,,False,837.5843969002599,1155.2123220004141,841.0035726444316,1152.421873694018,503.74,1268.87,-37.90900458948612,145.1323288675359,352.6615220150276,356.80090183891036,356.80090183891036,10.0,short=0.000 small=0.000 angle_diff=146.964 mode=following,,0.012400036212056875,0.0,,,
832.7815976,1154.968875,832.7058229,1154.414952,145.1360441046436,-37.91008996636399,fuzzy,True,True,28533357#0,0,,False,832.7815976007842,1154.9688750002533,835.7726502406764,1151.7032402513248,503.74,1268.87,-37.90900458948612,145.1323288675359,348.19798854658,352.09903495444445,352.09903495444445,10.0,short=0.000 small=0.000 angle_diff=165.070 mode=following,,0.01969997538253665,0.0,,,
830.3571006,1155.828107,829.9562282,1155.777203,145.13601673356322,-37.91008178946336,fuzzy,True,True,28533357#0,0,,False,830.3571006026468,1155.8281070003286,831.4382722442904,1152.344838676018,503.74,1268.87,-37.90900458948612,145.1323288675359,345.6258091911376,347.7991817895393,347.7991817895393,10.0,short=0.000 small=0.000 angle_diff=178.688 mode=following,,0.015500001609325409,0.0,,,
829.3268714,1167.364716,830.0071426,1167.358172,145.13600764279505,-37.90997767915402,fuzzy,True,True,28533357#0,0,,False,829.3268714002334,1167.3647159999236,828.5817610511433,1159.0792707060955,503.74,1268.87,-37.90900458948612,145.1323288675359,341.0427150785195,342.89382316060386,342.89382316060386,10.0,short=0.000 small=0.000 angle_diff=120.093 mode=following,,0.01479999627918005,0.0,,,
829.2738282,1174.819517,830.0788418,1174.811774,145.13600873456866,-37.90991051483753,fuzzy,True,True,28533357#0,0,,False,829.2738282008795,1174.8195170005783,827.2668726624302,1167.6105520978833,503.74,1268.87,-37.90900458948612,145.1323288675359,338.84770422056016,339.0031166879941,339.0031166879941,10.0,short=0.000 small=0.000 angle_diff=105.870 mode=following,,0.015199999324977398,0.0,,,
829.1520637,1185.60326,830.1825542,1185.593348,145.13600980182332,-37.909813350176535,fuzzy,True,True,28533357#0,0,,False,829.1520636997884,1185.6032600011677,826.900520585066,1178.5244168339768,503.74,1268.87,-37.90900458948612,145.1323288675359,335.89635483492265,335.5518536119562,335.5518536119562,10.0,short=0.000 small=0.000 angle_diff=99.030 mode=following,,0.012899981811642647,0.0,,,
831.6995503,1197.209406,830.2944238,1197.222923,145.13604140516068,-37.90970925789834,fuzzy,True,True,28533357#0,0,,False,831.6995502992067,1197.2094059996307,828.3921059752469,1191.0121666684045,503.74,1268.87,-37.90900458948612,145.1323288675359,335.6973448881353,333.85750272422126,333.85750272422126,10.0,short=0.000 small=0.000 angle_diff=90.296 mode=following,,0.012199976481497288,0.0,,,
831.2091802,1208.774557,830.405618,1208.782287,145.13603845900568,-37.90960498771334,fuzzy,True,True,28533357#0,0,,False,831.2091802002979,1208.7745570009574,829.4573536959911,1204.1074908446699,503.74,1268.87,-37.90900458948612,145.1323288675359,332.9377212787796,332.0933258751424,332.0933258751424,10.0,short=0.000 small=0.000 angle_diff=92.457 mode=following,,0.011299969628453255,0.0,,,
828.5238291,1220.12277,830.5145225,1220.103621,145.13601050688916,-37.90950227638759,fuzzy,True,True,28533357#0,0,,False,828.5238290998386,1220.1227700011805,828.9358284663739,1217.1301080289702,503.74,1268.87,-37.90900458948612,145.1323288675359,328.4217229071655,329.28611157032583,329.28611157032583,10.0,short=0.000 small=0.000 angle_diff=99.401 mode=following,,0.01190003240481019,0.0,,,
828.4349328,1230.303409,830.6124369,1230.282463,145.1360118107052,-37.909410550556615,fuzzy,True,True,28533357#0,0,,False,828.4349328003591,1230.3034089999273,828.5610069982915,1229.2385441542053,503.74,1268.87,-37.90900458948612,145.1323288675359,326.9773406944227,327.22979522018056,327.22979522018056,10.0,short=0.000 small=0.000 angle_diff=98.881 mode=following,,0.011199968867003918,0.0,,,
828.3468629,1240.389507,830.7094421,1240.36678,145.1360131024156,-37.90931967652275,fuzzy,True,True,28533357#0,0,,False,828.3468628990813,1240.3895069994032,828.3088625419732,1240.5121999029693,503.74,1268.87,-37.90900458948612,145.1323288675359,325.853884314335,325.8053273937267,325.8053273937267,10.0,short=0.000 small=0.000 angle_diff=98.389 mode=following,,0.01190003240481019,0.0,,,
829.9217173,1245.618166,830.7598797,1245.610103,145.13603219696628,-37.90927285908465,fuzzy,True,True,28533357#0,0,,False,829.9217172986828,1245.6181659987196,828.9839247815129,1248.7185299164144,503.74,1268.87,-37.90900458948612,145.1323288675359,327.00941956515703,325.8675994231584,325.8675994231584,10.0,short=0.000 small=0.000 angle_diff=92.405 mode=following,,0.01179997343569994,0.0,,,
829.4256701,1252.476518,830.7291223,1252.630296,145.13602811620427,-37.90921098793038,fuzzy,True,True,28533357#0,0,,False,829.4256700990954,1252.476518000476,829.2311527201454,1255.7090703140593,503.74,1268.87,-37.90900458948612,145.1323288675359,326.09799441266966,325.7571189848155,325.7571189848155,10.0,short=0.000 small=0.000 angle_diff=95.082 mode=following,,0.011700030881911516,0.0,,,
826.9442524,1259.554966,826.1693555,1257.554781,145.1360015121933,-37.90914677647853,fuzzy,True,True,28533357#0,0,,False,826.9442523973994,1259.5549659989774,828.137070100646,1262.1844922658527,503.74,1268.87,-37.90900458948612,145.1323288675359,323.33845831605316,324.46595368936136,324.46595368936136,10.0,short=0.000 small=0.000 angle_diff=106.698 mode=following,,0.020299979951232672,0.0,,,
818.9946828,1260.161677,819.0113796,1260.0986,145.1359112650186,-37.90913987910779,fuzzy,True,True,28533357#0,0,,False,818.9946828001412,1260.1616769991815,823.3820607283245,1265.2475947329688,503.74,1268.87,-37.90900458948612,145.1323288675359,315.37493546080066,319.6625858723046,319.6625858723046,10.0,short=0.000 small=0.000 angle_diff=154.319 mode=following,,0.02069998299703002,0.0,,,
812.0925553,1252.307614,817.9651341,1252.36123,145.13583100337016,-37.90920938718518,fuzzy,True,True,28533357#0,0,,False,812.0925553014968,1252.3076140005141,816.7858459142802,1261.9293501963143,503.74,1268.87,-37.90900458948612,145.1323288675359,308.79703850742897,313.12277825780205,313.12277825780205,10.0,short=0.000 small=0.000 angle_diff=146.187 mode=following,,0.016400008462369442,0.0,,,
811.7846158,1241.152758,818.0669441,1241.210116,145.13582496587802,-37.909309817520786,fuzzy,True,True,28533357#0,0,,False,811.7846158019966,1241.1527580013499,812.5461066709703,1252.9971049992255,503.74,1268.87,-37.90900458948612,145.1323288675359,309.28907324477433,309.2137776894624,309.2137776894624,10.0,short=0.000 small=0.000 angle_diff=108.284 mode=following,,0.013999990187585354,0.0,,,
812.0069873,1230.741789,818.1620071,1230.797984,145.13582512705975,-37.90940364226173,fuzzy,True,True,28533357#0,0,,False,812.0069872994209,1230.7417890001088,810.4230578517587,1241.2699806888559,503.74,1268.87,-37.90900458948612,145.1323288675359,310.61599432854956,307.9224886871381,307.9224886871381,10.0,short=0.000 small=0.000 angle_diff=93.154 mode=following,,0.013499986380338669,0.0,,,
812.4125671,1220.175358,818.2585046,1220.228731,145.13582733594305,-37.909498900446856,fuzzy,True,True,28533357#0,0,,False,812.4125670990907,1220.1753580002114,809.8483028127599,1228.3057575647042,503.74,1268.87,-37.90900458948612,145.1323288675359,312.4898747784161,308.7843111546598,308.7843111546598,10.0,short=0.000 small=0.000 angle_diff=85.431 mode=following,,0.012699980288743973,0.0,,,
812.8273218,1210.233641,818.3492997,1210.284057,145.13582979118686,-37.909588532699516,fuzzy,True,True,28533357#0,0,,False,812.8273218002869,1210.2336410004646,810.2159283790053,1215.4575633459758,503.74,1268.87,-37.90900458948612,145.1323288675359,314.60005577621325,311.09545651631316,311.09545651631316,10.0,short=0.000 small=0.000 angle_diff=81.253 mode=following,,0.012699980288743973,0.0,,,
813.2983138,1199.478144,818.4475287,1199.525156,145.13583270081324,-37.90968550582066,fuzzy,True,True,28533357#0,0,,False,813.2983138003619,1199.4781440002844,811.0875601698717,1202.7598502284307,503.74,1268.87,-37.90900458948612,145.1323288675359,317.2405701073061,314.3772807395475,314.3772807395475,10.0,short=0.000 small=0.000 angle_diff=78.965 mode=following,,0.012899981811642647,0.0,,,
813.7009164,1188.132659,818.5511382,1188.176941,145.13583469871335,-37.90978778138347,fuzzy,True,True,28533357#0,0,,False,813.7009163997136,1188.1326590003446,812.1054327630042,1190.1756073301276,503.74,1268.87,-37.90900458948612,145.1323288675359,320.30343102602706,318.2484054332321,318.2484054332321,10.0,short=0.000 small=0.000 angle_diff=78.268 mode=following,,0.014199991710484028,0.0,,,
813.8710182,1177.788976,818.6455826,1177.832567,145.13583428087966,-37.909880990571864,fuzzy,True,True,28533357#0,0,,False,813.8710182007635,1177.7889759996906,812.9722203789686,1178.3668433865043,503.74,1268.87,-37.90900458948612,145.1323288675359,323.22902311393267,322.20395323073535,322.20395323073535,10.0,short=0.000 small=0.000 angle_diff=78.694 mode=following,,0.02039998071268201,0.0,,,
813.9949188,1170.254743,818.7143749,1170.297832,145.13583397653224,-37.909948883191355,fuzzy,True,True,28533357#0,0,,False,813.9949188008322,1170.2547429995611,813.6202080211042,1168.6120251205944,503.74,1268.87,-37.90900458948612,145.1323288675359,325.55043165901895,325.695263782147,325.695263782147,10.0,short=0.000 small=0.000 angle_diff=79.092 mode=following,,0.018899969290941954,0.0,,,
813.2260583,1162.228629,812.5449217,1157.05785,145.13582340969447,-37.91002104597208,fuzzy,True,True,28533357#0,0,,False,813.2260583003517,1162.228629000485,813.6190876972341,1160.0125899779462,503.74,1268.87,-37.90900458948612,145.1323288675359,327.34385940619825,328.443274719973,328.443274719973,10.0,short=0.000 small=0.000 angle_diff=82.900 mode=following,,0.016899954061955214,0.0,,,
812.7144719,1153.629472,813.0609996,1156.990036,145.1358156377315,-37.910098417215785,fuzzy,True,True,28533357#0,0,,False,812.7144719001371,1153.6294720005244,813.2927254765448,1151.7967957535984,503.74,1268.87,-37.90900458948612,145.1323288675359,329.7659830539932,330.9516958749067,330.9516958749067,10.0,short=0.000 small=0.000 angle_diff=85.167 mode=following,,0.0171000137925148,0.0,,,
814.4679131,1141.492714,813.9155436,1157.020434,145.13583281467805,-37.91020806411145,fuzzy,True,True,28533357#0,0,,False,814.4679131001467,1141.4927139999345,813.9143119950202,1141.9223727447122,503.74,1268.87,-37.90900458948612,145.1323288675359,335.8225855542101,335.147436044693,335.147436044693,10.0,short=0.000 small=0.000 angle_diff=79.290 mode=following,,0.015400000847876072,0.0,,,
814.5028272,1139.369672,799.7982714,1143.023531,145.13583272892043,-37.91022719530587,fuzzy,True,True,28533357#0,0,,False,814.5028271999909,1139.3696720004082,814.3360769059799,1135.8795396264115,503.74,1268.87,-37.90900458948612,145.1323288675359,336.6658131164096,337.87036795162186,337.87036795162186,10.0,short=0.000 small=0.000 angle_diff=78.900 mode=following,,0.011700030881911516,0.0,,,
814.4671013,1141.542095,813.9164872,1157.020468,145.135832816676,-37.91020761912855,fuzzy,True,True,28533357#0,0,,False,814.4671013014158,1141.5420949999243,814.5561680410111,1134.5803912799888,503.74,1268.87,-37.90900458948612,145.1323288675359,335.80310730380177,338.58586699074095,338.58586699074095,10.0,short=0.000 small=0.000 angle_diff=73.277 mode=following,,0.012399978004395962,0.0,,,
798.7481492,1158.568039,801.5010893,1156.77121,145.13565796425183,-37.91005141323176,fuzzy,True,True,28533357#0,0,,False,798.7481492029619,1158.568038999103,806.729111518196,1143.7200852439016,503.74,1268.87,-37.90900458948612,145.1323288675359,314.9544898819517,327.81839921219256,327.81839921219256,10.0,short=0.000 small=0.000 angle_diff=137.684 mode=following,,0.012200034689158201,0.0,,,
788.8824222,1160.392223,800.58,1155.36,145.13554620627346,-37.910033203024234,fuzzy,True,True,28533357#0,0,,False,788.8824222033145,1160.392222999595,796.4936022249111,1151.7430110120147,503.74,1268.87,-37.90900458948612,145.1323288675359,305.0797093267968,315.31476839033894,315.31476839033894,10.0,short=0.000 small=0.000 angle_diff=149.017 mode=following,,0.018499966245144606,0.0,,,
778.2961923,1161.708944,776.0260217,1143.923575,145.13542614086816,-37.91001943424352,fuzzy,True,True,28533357#0,0,,False,778.2961923021358,1161.7089440003037,784.7641967759776,1157.883464585864,503.74,1268.87,-37.90900458948612,145.1323288675359,294.7280011373493,302.14667004092,302.14667004092,10.0,short=0.000 small=0.000 angle_diff=159.475 mode=following,,0.01260003773495555,0.0,,,
768.5836525,1162.916983,766.3174625,1145.162801,145.13531598459878,-37.91000680181228,fuzzy,True,True,28533357#0,0,,False,768.5836524996557,1162.9169830009341,772.9317637100681,1162.200484399995,503.74,1268.87,-37.90900458948612,145.1323288675359,285.2511210855493,289.5558516205066,289.5558516205066,10.0,short=0.000 small=0.000 angle_diff=167.064 mode=following,,0.012199976481497288,0.0,,,
756.2481108,1152.533583,755.9,1146.45,145.1351733684663,-37.91009811520066,fuzzy,True,True,28533357#0,0,,False,756.2481108008651,1152.5335830012336,760.0933421350569,1159.2339114062306,503.74,1268.87,-37.90900458948612,145.1323288675359,278.01889853089625,278.8137513573431,278.8137513573431,10.0,short=0.000 small=0.000 angle_diff=159.881 mode=following,,0.01160003012046218,0.0,,,
744.8305426,1149.213335,744.8861091,1146.286286,145.1350427959852,-37.91012596719644,fuzzy,True,True,28533357#0,0,,False,744.8305425993167,1149.2133350009099,747.3054493746628,1154.9295826493765,503.74,1268.87,-37.90900458948612,145.1323288675359,269.15119767435067,268.89876689028466,268.89876689028466,10.0,short=0.000 small=0.000 angle_diff=154.289 mode=following,,0.011599971912801266,0.0,,,
736.3175453,1147.910883,736.3514621,1146.124266,145.13494570728568,-37.91013616573417,fuzzy,True,True,28533357#0,0,,False,736.3175452999421,1147.9108830001205,736.243390288116,1151.1486731514897,503.74,1268.87,-37.90900458948612,145.1323288675359,262.15152595996295,260.6072471947811,260.6072471947811,10.0,short=0.000 small=0.000 angle_diff=154.022 mode=following,,0.011400028597563505,0.0,,,
732.6217412,1147.331709,732.7977029,1146.018764,145.13490355439205,-37.91014071696799,fuzzy,True,True,28533357#0,0,,False,732.6217411989346,1147.331709000282,728.9060433049252,1148.4208064409345,503.74,1268.87,-37.90900458948612,145.1323288675359,259.14939250051924,255.35809226774987,255.35809226774987,10.0,short=0.000 small=0.000 angle_diff=152.498 mode=following,,0.011399970389902592,0.0,,,
726.0313468,1168.968573,725.3958995,1168.967131,145.1348335442107,-37.909944618821534,fuzzy,True,True,28533357#0,0,,False,726.0313467966625,1168.968573000282,722.5881150990579,1157.7819284274753,503.74,1268.87,-37.90900458948612,145.1323288675359,243.70830510520983,245.42831362357686,245.42831362357686,10.0,short=0.000 small=0.000 angle_diff=131.124 mode=following,,0.011999974958598614,0.0,,,
725.5347475,1176.791918,725.3781456,1176.791562,145.13482967769613,-37.90987405465921,fuzzy,True,True,28533357#0,0,,False,725.5347475002054,1176.791917999275,719.7994477268712,1168.3040853666841,503.74,1268.87,-37.90900458948612,145.1323288675359,240.14846075628319,238.3174104803842,238.3174104803842,10.0,short=0.000 small=0.000 angle_diff=111.952 mode=following,,0.011699972674250603,0.0,,,
725.5830166,1187.132291,725.3546832,1187.131773,145.13483257890044,-37.90978091468443,fuzzy,True,True,28533357#0,0,,False,725.5830165995285,1187.1322910003364,719.4328545574509,1180.2035184956599,503.74,1268.87,-37.90900458948612,145.1323288675359,236.42203172820493,233.206244447916,233.206244447916,10.0,short=0.000 small=0.000 angle_diff=98.872 mode=following,,0.011400028597563505,0.0,,,
727.7217225,1196.542365,725.3333424,1196.536946,145.13485903649152,-37.90969653185559,fuzzy,True,True,28533357#0,0,,False,727.7217224976048,1196.5423649987206,721.3930172219827,1192.0476273579095,503.74,1268.87,-37.90900458948612,145.1323288675359,235.37013149053624,230.81272244872662,230.81272244872662,10.0,short=0.000 small=0.000 angle_diff=87.711 mode=following,,0.012399978004395962,0.0,,,
727.8760272,1205.946002,725.3025015,1205.939414,145.13486293015615,-37.90961184934137,fuzzy,True,True,28533357#0,0,,False,727.8760272015352,1205.9460019990802,723.5384282582064,1203.4398199642335,503.74,1268.87,-37.90900458948612,145.1323288675359,232.8011774328194,229.33045485563122,229.33045485563122,10.0,short=0.000 small=0.000 angle_diff=86.443 mode=following,,0.01190003240481019,0.0,,,
727.6913585,1214.755338,725.28,1214.73,145.13486283452923,-37.90953245934277,fuzzy,True,True,28533357#0,0,,False,727.6913585009752,1214.7553380001336,725.2603560477339,1213.9642149994534,503.74,1268.87,-37.90900458948612,145.1323288675359,230.39663109037005,228.22338480103446,228.22338480103446,10.0,short=0.000 small=0.000 angle_diff=87.816 mode=following,,0.011699972674250603,0.0,,,
726.5059775,1218.496322,724.747526,1217.445293,145.13485020794673,-37.909498545966585,fuzzy,True,True,28533357#0,0,,False,726.5059774988913,1218.496321999468,725.9379834458254,1221.2073371302113,503.74,1268.87,-37.90900458948612,145.1323288675359,228.39042923541655,227.2524439455611,227.2524439455611,10.0,short=0.000 small=0.000 angle_diff=91.763 mode=following,,0.01190003240481019,0.0,,,
725.9585812,1224.274734,727.1350569,1223.514927,145.1348452986645,-37.90944639391534,fuzzy,True,True,28533357#0,0,,False,725.9585811993456,1224.2747339988127,726.0966128163657,1227.2432274423181,503.74,1268.87,-37.90900458948612,145.1323288675359,226.64914643555755,226.2194762984304,226.2194762984304,10.0,short=0.000 small=0.000 angle_diff=95.602 mode=following,,0.011999974958598614,0.0,,,
724.0085814,1224.370014,725.4163945,1221.713015,145.13482314913216,-37.909445184140516,fuzzy,True,True,28533357#0,0,,False,724.0085814003833,1224.3700139988214,725.1688099936783,1229.7719073594951,503.74,1268.87,-37.90900458948612,145.1323288675359,224.71870573283914,224.85412769914186,224.85412769914186,10.0,short=0.000 small=0.000 angle_diff=117.257 mode=following,,0.011500029359012842,0.0,,,
699.4878782,1221.703883,699.4718489,1220.620052,145.134543745799,-37.909464781339466,fuzzy,True,True,28533357#0,0,,False,699.4878782010055,1221.7038830006495,712.151684901071,1228.7480709890099,503.74,1268.87,-37.90900458948612,145.1323288675359,201.3501289122808,212.23854407450648,212.23854407450648,10.0,short=0.000 small=0.000 angle_diff=168.395 mode=following,,0.011199968867003918,0.0,,,
689.2405191,1221.349407,689.231972,1220.771495,145.13442715418614,-37.90946612721436,fuzzy,True,True,28533357#0,0,,False,689.240519099636,1221.3494069995359,698.3386949482106,1226.8424823401951,503.74,1268.87,-37.90900458948612,145.1323288675359,191.49059858215017,199.0853191880102,199.0853191880102,10.0,short=0.000 small=0.000 angle_diff=165.037 mode=following,,0.01160003012046218,0.0,,,
676.7248935,1223.630426,676.6808189,1220.971257,145.1342853724523,-37.909443322828245,fuzzy,True,True,28533357#0,0,,False,676.7248934992822,1223.6304259998724,683.6049492049789,1226.0959240753316,503.74,1268.87,-37.90900458948612,145.1323288675359,178.8026633880799,184.8811010452905,184.8811010452905,10.0,short=0.000 small=0.000 angle_diff=169.991 mode=following,,0.01179997343569994,0.0,,,
669.4719493,1223.153789,669.4377645,1221.091308,145.13420279911855,-37.9094463088063,fuzzy,True,True,28533357#0,0,,False,669.4719493009616,1223.1537890005857,671.450162046078,1225.0587086232172,503.74,1268.87,-37.90900458948612,145.1323288675359,171.9216419396914,173.33818882641847,173.33818882641847,10.0,short=0.000 small=0.000 angle_diff=168.015 mode=following,,0.014999997802078724,0.0,,,
661.5176567,1223.511634,661.479727,1221.223209,145.13411244146783,-37.90944165104562,fuzzy,True,True,28533357#0,0,,False,661.51765670022,1223.5116339996457,661.0696740226225,1224.394809108874,503.74,1268.87,-37.90900458948612,145.1323288675359,164.16811602754825,163.49516486082013,163.49516486082013,10.0,short=0.000 small=0.000 angle_diff=169.233 mode=following,,0.01160003012046218,0.0,,,
647.6812683,1222.294521,647.666953,1221.448149,145.1339548468582,-37.90945012015541,fuzzy,True,True,28533357#0,0,,False,647.6812683009775,1222.2945210002363,649.0252734005261,1223.2993040645788,503.74,1268.87,-37.90900458948612,145.1323288675359,151.2890080744514,152.26456907338692,152.26456907338692,10.0,short=0.000 small=0.000 angle_diff=167.695 mode=following,,0.011300027836114168,0.0,,,
635.7345897,1222.443792,635.7211671,1221.650196,145.13381904894257,-37.90944662111878,fuzzy,True,True,28533357#0,0,,False,635.7345896997722,1222.4437920013443,636.7975259060371,1222.6571609819923,503.74,1268.87,-37.90900458948612,145.1323288675359,139.921279650901,140.85429241006472,140.85429241006472,10.0,short=0.000 small=0.000 angle_diff=169.886 mode=following,,0.011199968867003918,0.0,,,
628.3073766,1223.781186,628.2734643,1221.776165,145.13373490711035,-37.909433234102764,fuzzy,True,True,28533357#0,0,,False,628.3073765995214,1223.781186000444,626.8048343952939,1222.9755878982587,503.74,1268.87,-37.90900458948612,145.1323288675359,132.47653551015566,131.3440159539275,131.3440159539275,10.0,short=0.000 small=0.000 angle_diff=174.717 mode=following,,0.011300027836114168,0.0,,,
621.6715909,1224.174766,621.6329214,1221.888481,145.13365954886856,-37.90942849187275,fuzzy,True,True,28533357#0,0,,False,621.6715908980696,1224.1747660003603,618.7637235266623,1223.4712989702211,503.74,1268.87,-37.90900458948612,145.1323288675359,126.11710460533172,123.65880085594098,123.65880085594098,10.0,short=0.000 small=0.000 angle_diff=176.420 mode=following,,0.011100026313215494,0.0,,,
611.8931419,1224.301407,611.8551276,1222.053859,145.1335483982923,-37.909425587427336,fuzzy,True,True,28533357#0,0,,False,611.8931418997236,1224.3014070009813,610.350388911922,1223.9027742691258,503.74,1268.87,-37.90900458948612,145.1323288675359,116.97632916404032,115.70577519675777,115.70577519675777,10.0,short=0.000 small=0.000 angle_diff=175.828 mode=following,,0.01090002479031682,0.0,,,
601.1625045,1223.473858,601.1415519,1222.235065,145.13342620426639,-37.90943110670212,fuzzy,True,True,28533357#0,0,,False,601.1625044991961,1223.4738579997793,601.0363421229255,1223.7688093909444,503.74,1268.87,-37.90900458948612,145.1323288675359,107.48001717249616,107.24129607970856,107.24129607970856,10.0,short=0.000 small=0.000 angle_diff=172.068 mode=following,,0.011499971151351929,0.0,,,
593.4147238,1222.97243,593.4044656,1222.365928,145.13333799908074,-37.909434226138984,fuzzy,True,True,28533357#0,0,,False,593.4147237997386,1222.9724300000817,592.5333750107166,1223.3986353269177,503.74,1268.87,-37.90900458948612,145.1323288675359,100.73799194175349,99.75925245823653,99.75925245823653,10.0,short=0.000 small=0.000 angle_diff=170.399 mode=following,,0.011599971912801266,0.0,,,
587.4162457,1224.687147,587.3786769,1222.467906,145.13327018775857,-37.909417697496494,fuzzy,True,True,28533357#0,0,,False,587.4162457010243,1224.6871470008045,585.4449512508711,1224.005286674986,503.74,1268.87,-37.90900458948612,145.1323288675359,94.62472506573899,93.21234661053701,93.21234661053701,10.0,short=0.000 small=0.000 angle_diff=177.784 mode=following,,0.011400028597563505,0.0,,,
571.3463292,1224.501005,571.3209014,1222.707262,145.1330874330573,-37.90941647529387,fuzzy,True,True,28533357#0,0,,False,571.3463292004308,1224.5010050004348,574.1718710666156,1224.3304475686957,503.74,1268.87,-37.90900458948612,145.1323288675359,80.86546521988511,83.33318782289118,83.33318782289118,10.0,short=0.000 small=0.000 angle_diff=174.544 mode=following,,0.011000025551766157,0.0,,,
562.0878347,1223.363308,562.0803917,1222.838254,145.13298190642865,-37.90942505358151,fuzzy,True,True,28533357#0,0,,False,562.0878346998943,1223.3633080003783,563.4249675371319,1223.9479859000419,503.74,1268.87,-37.90900458948612,145.1323288675359,73.99546493478239,74.7012898195561,74.7012898195561,10.0,short=0.000 small=0.000 angle_diff=170.854 mode=following,,0.011299969628453255,0.0,,,
550.0817973,1223.51306,550.0746439,1223.008446,145.13284543386197,-37.9094215383808,fuzzy,True,True,28533357#0,0,,False,550.081797299441,1223.5130599997938,551.8121824733266,1223.732525850536,503.74,1268.87,-37.90900458948612,145.1323288675359,64.84453857592611,65.94184028628818,65.94184028628818,10.0,short=0.000 small=0.000 angle_diff=171.829 mode=following,,0.011400028597563505,0.0,,,
542.4814669,1225.4309,542.4486591,1223.11655,145.13275945614268,-37.9094028906388,fuzzy,True,True,28533357#0,0,,False,542.4814668993931,1225.4309000000358,541.9218309124145,1224.5540623381864,503.74,1268.87,-37.90900458948612,145.1323288675359,58.20529757954731,58.49576516868506,58.49576516868506,10.0,short=0.000 small=0.000 angle_diff=177.641 mode=following,,0.011599971912801266,0.0,,,
530.0951917,1223.84098,530.0874063,1223.291782,145.13261826416823,-37.909414977949204,fuzzy,True,True,28533357#0,0,,False,530.0951917001512,1223.840980000794,530.8706244234752,1224.3122010880093,503.74,1268.87,-37.90900458948612,145.1323288675359,52.17479057591518,52.16769331194414,52.16769331194414,10.0,short=0.000 small=0.000 angle_diff=171.638 mode=following,,0.011200027074664831,0.0,,,
521.3714493,1223.23833,521.3739581,1223.415302,145.13251893941668,-37.90941883248653,fuzzy,True,True,28533357#0,0,,False,521.3714492997387,1223.2383300000802,520.8580404590384,1223.806989207904,503.74,1268.87,-37.90900458948612,145.1323288675359,48.91949827411184,48.2047948943445,48.2047948943445,10.0,short=0.000 small=0.000 angle_diff=170.004 mode=following,,0.01969997538253665,0.0,,,
513.1443258,1224.430901,513.0866,1224.060888,145.13242567005713,-37.90940660478588,fuzzy,True,True,28533357#0,0,,False,513.1443258001236,1224.4309010012075,511.8340045652302,1224.0588850861939,503.74,1268.87,-37.90900458948612,145.1323288675359,45.42328547759771,45.53623754462259,45.53623754462259,10.0,short=0.000 small=0.000 angle_diff=174.491 mode=following,,0.015400000847876072,0.0,,,
507.0588925,1232.091763,508.3542546,1232.199983,145.13235822481306,-37.90933649563473,fuzzy,True,True,28533357#0,0,,False,507.0588924982585,1232.091763000004,504.51749984792656,1228.1085622166554,503.74,1268.87,-37.90900458948612,145.1323288675359,36.927682898374,40.768852279393265,40.768852279393265,10.0,short=0.000 small=0.000 angle_diff=158.143 mode=following,,0.012599979527294636,0.0,,,
509.4046489,1242.891108,508.9215485,1242.919297,145.13238735561256,-37.90923963590851,fuzzy,True,True,28533357#0,0,,False,509.40464890020667,1242.8911080015823,502.5096443563155,1236.2487384612348,503.74,1268.87,-37.90900458948612,145.1323288675359,26.58930380111628,32.644455568908825,32.644455568908825,10.0,short=0.000 small=0.000 angle_diff=110.964 mode=following,,0.011599971912801266,0.0,,,
508.2870912,1254.578535,509.5974049,1254.502078,145.13237731147603,-37.90913415107617,fuzzy,True,True,28533357#0,0,,False,508.28709120093845,1254.5785350007936,502.1436405802425,1247.325893159603,503.74,1268.87,-37.90900458948612,145.1323288675359,14.997400115126261,21.603168817270326,21.603168817270326,10.000000000002128,short=0.000 small=0.000 angle_diff=99.000 mode=following,,0.012100033927708864,0.0,,,
509.1746692,1266.055512,510.2678271,1265.991726,145.1323900173584,-37.90903092390455,fuzzy,True,True,28533357#0,0,,False,509.1746691968292,1266.0555119998753,503.4724868960786,1259.8596390184262,503.74,1268.87,-37.90900458948612,145.1323288675359,6.120210125625534,9.014331271871262,9.014331271871262,10.001189668808188,short=0.000 small=0.000 angle_diff=91.056 mode=following,,0.011699972674250603,0.0,,,
515.705781,1277.538452,515.9707484,1277.244538,145.1324668901605,-37.90892866150155,fuzzy,True,True,28533357#0,0,,False,515.7057810032275,1277.5384520012885,508.4095729454233,1272.93611883985,503.74,1268.87,-37.90900458948612,145.1323288675359,14.775722490485666,6.191787618484104,6.191787618484104,10.108533352488012,short=0.003 small=0.000 angle_diff=76.424 mode=following,,0.011200027074664831,0.0,,,
529.8902091,1277.034165,529.8942374,1277.855375,145.1326280488079,-37.90893576395031,fuzzy,True,True,28533357#0,0,,False,529.8902091007913,1277.0341649986804,519.2690826328997,1279.9656728574353,503.74,1268.87,-37.90900458948612,145.1323288675359,27.395018272320687,19.085763374270716,19.085763374270716,34.976468593350965,short=0.000 small=0.624 angle_diff=40.024 mode=following,,0.011899974197149277,0.0,,,
536.7816661,1278.172637,531.1330572,1278.924608,145.1327066622962,-37.9089267518667,fuzzy,True,True,28533357#0,0,,False,536.7816660992103,1278.1726369988173,529.9671369095494,1283.5193745529057,503.74,1268.87,-37.90900458948612,145.1323288675359,34.32624001756481,30.041086619221513,30.041086619221513,49.51660832494042,short=0.000 small=0.988 angle_diff=25.483 mode=following,,0.014599994756281376,0.0,,,
534.2652591,1303.832253,534.4456897,1303.808233,145.13268389532098,-37.90869514977643,fuzzy,True,True,28533357#0,0,,False,534.2652590998914,1303.8322529997677,535.1856836056182,1297.2870264087799,503.74,1268.87,-37.90900458948612,145.1323288675359,46.412827730437556,42.38346856195167,42.38346856195167,10.0,short=0.000 small=0.000 angle_diff=76.349 mode=following,,0.011999974958598614,0.0,,,
536.279163,1315.572535,536.0164681,1315.607507,145.13270946663556,-37.90858975387339,fuzzy,True,True,28533357#0,0,,False,536.2791629994172,1315.5725349998102,538.6301149336346,1311.1657765948066,503.74,1268.87,-37.90900458948612,145.1323288675359,56.920329444857764,54.82930637752068,54.82930637752068,10.0,short=0.000 small=0.000 angle_diff=83.170 mode=following,,0.011200027074664831,0.0,,,
536.9007279,1326.917798,537.5014935,1326.844398,145.13271911744627,-37.90848766515421,fuzzy,True,True,28533357#0,0,,False,536.900727899163,1326.9177980003878,540.2452466179836,1324.5305144000868,503.74,1268.87,-37.90900458948612,145.1323288675359,66.85193136698575,66.56369801868044,66.56369801868044,10.0,short=0.000 small=0.000 angle_diff=90.217 mode=following,,0.010999967344105244,0.0,,,
540.0240194,1338.869703,539.8687462,1338.935543,145.13275735019653,-37.908380563060376,fuzzy,True,True,28533357#0,0,,False,540.0240194002981,1338.8697030004114,542.0415528629387,1337.596457119198,503.74,1268.87,-37.90900458948612,145.1323288675359,78.8447111985771,78.67868110148687,78.67868110148687,10.0,short=0.000 small=0.000 angle_diff=89.280 mode=following,,0.011800031643360853,0.0,,,
543.4999511,1342.565006,542.8702765,1343.267768,145.1327977119443,-37.90834790205289,fuzzy,True,True,28533357#0,0,,False,543.4999511006754,1342.5650059999898,544.3350796489912,1346.1608489311016,503.74,1268.87,-37.90900458948612,145.1323288675359,83.7365369529135,87.30312606200488,87.30312606200488,10.0,short=0.000 small=0.000 angle_diff=82.116 mode=following,,0.011399970389902592,0.0,,,
546.1168119,1347.233256,546.8544496,1346.047361,145.1328285278752,-37.90830632148605,fuzzy,True,True,28533357#0,0,,False,546.1168119002832,1347.2332560010254,546.647010735345,1352.1396773257434,503.74,1268.87,-37.90900458948612,145.1323288675359,89.0875641036068,93.67417323988748,93.67417323988748,10.0,short=0.000 small=0.000 angle_diff=75.967 mode=following,,0.011000025551766157,0.0,,,
555.4482429,1350.779773,555.5769266,1348.006417,145.1329354306973,-37.908276057214835,fuzzy,True,True,28533357#0,0,,False,555.4482428980409,1350.7797730006278,552.4043353710916,1356.043766471103,503.74,1268.87,-37.90900458948612,145.1323288675359,96.86564559541831,99.83728310540359,99.83728310540359,33.75065157247427,short=0.000 small=0.594 angle_diff=41.249 mode=following,,0.011800031643360853,0.0,,,
567.4114536,1349.423539,567.4417827,1348.445096,145.13307113951973,-37.9082904328147,fuzzy,True,True,28533357#0,0,,False,567.4114535998087,1349.423538999632,561.8155946137222,1356.3861920318152,503.74,1268.87,-37.90900458948612,145.1323288675359,102.67875461300574,105.03265471979164,105.03265471979164,50.0,short=0.000 small=1.000 angle_diff=9.192 mode=following,,0.011399970389902592,0.0,,,
575.8258606,1349.592048,575.5980931,1350.598463,145.13316684685478,-37.908290432815114,fuzzy,True,True,28533357#0,0,,False,575.8258605999872,1349.5920480005443,571.6929386755897,1355.4360455994351,503.74,1268.87,-37.90900458948612,145.1323288675359,108.22393603932073,110.05127043960903,110.05127043960903,50.0,short=0.000 small=1.000 angle_diff=1.613 mode=following,,0.01179997343569994,0.0,,,
577.5166641,1352.228443,576.9988867,1350.356478,145.1331866709839,-37.90826698853727,fuzzy,True,True,28533357#0,0,,False,577.5166641003452,1352.2284429995343,578.1602896874397,1355.2818247902565,503.74,1268.87,-37.90900458948612,145.1323288675359,111.31768136770454,114.04114599890882,114.04114599890882,50.0,short=0.000 small=1.000 angle_diff=5.742 mode=following,,0.011400028597563505,0.0,,,
588.1666384,1341.176154,586.8998709,1340.028893,145.13330524130353,-37.90836847140645,fuzzy,True,True,28533357#0,0,,False,588.1666383983102,1341.1761539997533,586.623893911355,1349.1076244484293,503.74,1268.87,-37.90900458948612,145.1323288675359,111.15771308134705,115.35950869796538,115.35950869796538,45.99707450299232,short=0.000 small=0.900 angle_diff=29.003 mode=following,,0.011499971151351929,0.0,,,
596.2341539,1334.891626,595.2545432,1333.181134,145.13339553561295,-37.90842653919188,fuzzy,True,True,28533357#0,0,,False,596.2341538998298,1334.8916260004044,595.1548903027025,1341.5052342586591,503.74,1268.87,-37.90900458948612,145.1323288675359,113.63988562728619,116.75855182754465,116.75855182754465,40.40202868058597,short=0.000 small=0.760 angle_diff=34.598 mode=following,,0.011800031643360853,0.0,,,
607.0798435,1331.053967,607.1041432,1329.917665,145.13351797407358,-37.90846306599856,fuzzy,True,True,28533357#0,0,,False,607.0798435010947,1331.0539669999853,605.0390418594963,1334.6553736655492,503.74,1268.87,-37.90900458948612,145.1323288675359,120.60667065583901,120.7858074028895,120.7858074028895,47.385308723190676,short=0.000 small=0.935 angle_diff=27.615 mode=following,,0.011199968867003918,0.0,,,
613.9119401,1332.060595,613.8916655,1330.058667,145.13359588205077,-37.90845523028068,fuzzy,True,True,28533357#0,0,,False,613.9119401007192,1332.060595001094,613.7384280481294,1331.1411742607106,503.74,1268.87,-37.90900458948612,145.1323288675359,127.00751033757322,126.40155583246319,126.40155583246319,50.0,short=0.000 small=1.000 angle_diff=14.889 mode=following,,0.010700023267418146,0.0,,,
621.800886,1331.590248,621.7845654,1329.978731,145.1336854698677,-37.90846089006715,fuzzy,True,True,28533357#0,0,,False,621.8008859992842,1331.5902479998767,622.0594582755492,1329.3198937304246,503.74,1268.87,-37.90900458948612,145.1323288675359,133.6869564022685,132.86716621738822,132.86716621738822,50.0,short=0.000 small=1.000 angle_diff=5.238 mode=following,,0.011100026313215494,0.0,,,
632.2841424,1330.965214,632.273076,1329.872508,145.1338045190092,-37.90846841109546,fuzzy,True,True,28533357#0,0,,False,632.2841423990903,1330.9652139991522,631.425293369036,1328.4943059786697,503.74,1268.87,-37.90900458948612,145.1323288675359,142.75647847547282,140.92051662612803,140.92051662612803,50.0,short=0.000 small=1.000 angle_diff=2.070 mode=following,,0.01109996810555458,0.0,,,
641.7599075,1330.08593,641.7327295,1329.698025,145.13391205544363,-37.90847804067523,fuzzy,True,True,28533357#0,0,,False,641.759907499305,1330.0859300000593,640.9951522577288,1328.069268109455,503.74,1268.87,-37.90900458948612,145.1323288675359,150.98637339802846,149.4775239492127,149.4775239492127,50.0,short=0.000 small=1.000 angle_diff=4.565 mode=following,,0.011000025551766157,0.0,,,
653.1914125,1328.119874,652.9590954,1327.349523,145.13404158075502,-37.90849781271761,fuzzy,True,True,28533357#0,0,,False,653.1914124996401,1328.1198740005493,651.6354466238869,1327.2167035349646,503.74,1268.87,-37.90900458948612,145.1323288675359,160.7677587926714,158.98868181564382,158.98868181564382,50.0,short=0.000 small=1.000 angle_diff=2.527 mode=following,,0.011400028597563505,0.0,,,
664.9830615,1325.106695,664.6006794,1323.838736,145.1341749625838,-37.90852708229857,fuzzy,True,True,28533357#0,0,,False,664.9830614971579,1325.1066950010136,663.1251827854802,1325.4316983994452,503.74,1268.87,-37.90900458948612,145.1323288675359,170.76852972844054,169.12380736428193,169.12380736428193,50.0,short=0.000 small=1.000 angle_diff=1.723 mode=following,,0.011499971151351929,0.0,,,
675.9872792,1321.478352,675.6905274,1320.494339,145.13429925167736,-37.90856175131771,fuzzy,True,True,28533357#0,0,,False,675.9872792011593,1321.4783520000055,674.6917833298207,1322.6615854437484,503.74,1268.87,-37.90900458948612,145.1323288675359,180.10209297051105,179.21508554861688,179.21508554861688,50.0,short=0.000 small=1.000 angle_diff=6.360 mode=following,,0.012399978004395962,0.0,,,
686.9851517,1317.960237,686.7167492,1317.112809,145.13442349382998,-37.908595426103034,fuzzy,True,True,28533357#0,0,,False,686.985151700268,1317.9602370001376,686.1959944737238,1319.3097852360847,503.74,1268.87,-37.90900458948612,145.1323288675359,189.7067130872915,189.2996615265275,189.2996615265275,50.0,short=0.000 small=1.000 angle_diff=9.136 mode=following,,0.01190003240481019,0.0,,,
696.4741185,1315.859614,695.7424255,1314.103874,145.13453090277096,-37.908616059632095,fuzzy,True,True,28533357#0,0,,False,696.4741184993181,1315.8596139997244,696.8212867240243,1316.3549085766913,503.74,1268.87,-37.90900458948612,145.1323288675359,198.37959637410373,198.83460419540057,198.83460419540057,50.0,short=0.000 small=1.000 angle_diff=8.433 mode=following,,0.011499971151351929,0.0,,,
709.7516888,1306.701494,709.1198669,1306.364074,145.1346797815466,-37.90870095168637,fuzzy,True,True,28533357#0,0,,False,709.7516887993552,1306.701494000852,708.7229903867329,1310.188483950529,503.74,1268.87,-37.90900458948612,145.1323288675359,209.45652976285766,209.10581881874444,209.10581881874444,50.0,short=0.000 small=1.000 angle_diff=20.281 mode=following,,0.01209997572004795,0.0,,,
711.4656255,1296.617364,712.4024921,1296.633277,145.13469697438478,-37.9087921010092,fuzzy,True,True,28533357#0,0,,False,711.4656254997244,1296.617364000529,715.6690695352462,1301.4444677151841,503.74,1268.87,-37.90900458948612,145.1323288675359,209.57063653629916,214.41787812820738,214.41787812820738,30.570786878959122,short=0.000 small=0.514 angle_diff=44.429 mode=following,,0.012299977242946625,0.0,,,
712.5467599,1285.935521,712.459598,1285.935811,145.13470683646656,-37.908888520615854,fuzzy,True,True,28533357#0,0,,False,712.5467599005206,1285.935521000065,718.9323497295471,1290.8886110485432,503.74,1268.87,-37.90900458948612,145.1323288675359,209.5029713086602,216.3158954275685,216.3158954275685,10.0,short=0.000 small=0.000 angle_diff=65.713 mode=following,,0.012100033927708864,0.0,,,
713.3845928,1276.175214,711.9704438,1276.275317,145.13471414193654,-37.90897659493757,fuzzy,True,True,28533357#0,0,,False,713.3845928009832,1276.1752140000463,719.8683692556938,1279.8764681371008,503.74,1268.87,-37.90900458948612,145.1323288675359,209.77183186089724,216.40844331490058,216.40844331490058,10.0,short=0.000 small=0.000 angle_diff=78.034 mode=following,,0.011699972674250603,0.0,,,
714.941501,1266.359988,712.6818887,1265.315835,145.134729610662,-37.90906529359502,fuzzy,True,True,28533357#0,0,,False,714.9415010010125,1266.3599880011752,719.9951945255597,1268.8269279949463,503.74,1268.87,-37.90900458948612,145.1323288675359,211.21641552046785,216.25519881493085,216.25519881493085,10.0,short=0.000 small=0.000 angle_diff=82.235 mode=following,,0.011599971912801266,0.0,,,
717.9600232,1259.827657,716.0612726,1258.812588,145.13476244454094,-37.90912468255735,fuzzy,True,True,28533357#0,0,,False,717.9600231994409,1259.827657001093,720.7045786307592,1259.6267028593368,503.74,1268.87,-37.90900458948612,145.1323288675359,214.41077936167034,217.16138451035323,217.16138451035323,10.0,short=0.000 small=0.000 angle_diff=78.483 mode=following,,0.012100033927708864,0.0,,,
721.5383195,1252.138904,720.0531771,1251.345249,145.13480137991772,-37.909194589747074,fuzzy,True,True,28533357#0,0,,False,721.5383194998722,1252.1389040006325,722.384652466899,1251.2228897827613,503.74,1268.87,-37.90900458948612,145.1323288675359,218.44000904209017,219.35565766897918,219.35565766897918,10.0,short=0.000 small=0.000 angle_diff=71.587 mode=following,,0.011699972674250603,0.0,,,
723.7494414,1246.428928,722.9179115,1245.984561,145.13482522098974,-37.9092464251844,fuzzy,True,True,28533357#0,0,,False,723.7494414009852,1246.4289279989898,724.1858593659962,1244.3350322329757,503.74,1268.87,-37.90900458948612,145.1323288675359,221.1509801428157,221.8069916728088,221.8069916728088,10.0,short=0.000 small=0.000 angle_diff=68.237 mode=following,,0.011500029359012842,0.0,,,
725.2766641,1242.081372,725.0643857,1241.967931,145.134841596214,-37.9092858643298,fuzzy,True,True,28533357#0,0,,False,725.2766640994232,1242.081372000277,725.7734796401803,1239.0896036619133,503.74,1268.87,-37.90900458948612,145.1323288675359,223.15045178177033,224.0217357471812,224.0217357471812,10.0,short=0.000 small=0.000 angle_diff=66.053 mode=following,,0.011399970389902592,0.0,,,
728.2778641,1232.363302,727.9010508,1232.306834,145.13487350861175,-37.909373948080955,fuzzy,True,True,28533357#0,0,,False,728.2778640998295,1232.363301999867,727.9874298481731,1232.1081430418885,503.74,1268.87,-37.90900458948612,145.1323288675359,227.48624444872792,227.24071800740276,227.24071800740276,10.0,short=0.000 small=0.000 angle_diff=65.297 mode=following,,0.011500029359012842,0.0,,,
726.8981161,1236.810886,727.0232343,1236.845144,145.13485883287078,-37.90933363444266,fuzzy,True,True,28533357#0,0,,False,726.8981161009287,1236.8108860012144,728.4407658604156,1230.929970983864,503.74,1268.87,-37.90900458948612,145.1323288675359,225.44917735956082,227.8812848392832,227.8812848392832,13.153513373252084,short=0.000 small=0.079 angle_diff=61.846 mode=following,,0.011000025551766157,0.0,,,
706.8863259,1221.61327,706.8700185,1220.510637,145.13462784444374,-37.90946693128084,fuzzy,True,True,28533357#0,0,,False,706.8863258995116,1221.6132699996233,718.3146942396128,1223.7050897058582,503.74,1268.87,-37.90900458948612,145.1323288675359,208.57043955651784,219.276465973668,219.276465973668,10.0,short=0.000 small=0.000 angle_diff=137.385 mode=following,,0.011199968867003918,0.0,,,
700.6271128,1221.689931,700.6110407,1220.603204,145.1345566955538,-37.909465112389924,fuzzy,True,True,28533357#0,0,,False,700.62711280043,1221.6899310005829,708.1593872242332,1219.7974748048596,503.74,1268.87,-37.90900458948612,145.1323288675359,202.46109279977478,210.22701682266884,210.22701682266884,10.0,short=0.000 small=0.000 angle_diff=151.846 mode=following,,0.012699980288743973,0.0,,,
690.1642921,1221.818065,690.1486133,1220.757939,145.13443776398702,-37.90946207196325,fuzzy,True,True,28533357#0,0,,False,690.1642921022722,1221.818065000698,696.5456113139678,1218.2509890085096,503.74,1268.87,-37.90900458948612,145.1323288675359,192.27038584506928,199.33962984792925,199.33962984792925,10.0,short=0.000 small=0.000 angle_diff=165.307 mode=following,,0.011999974958598614,0.0,,,
682.0441876,1221.9175,682.0270353,1220.882646,145.13434546223664,-37.90945971230999,fuzzy,True,True,28533357#0,0,,False,682.0441876003752,1221.9175000013784,685.5879763373556,1218.1511948626462,503.74,1268.87,-37.90900458948612,145.1323288675359,184.38253868506726,188.7884628163286,188.7884628163286,10.0,short=0.000 small=0.000 angle_diff=172.370 mode=following,,0.011700030881911516,0.0,,,
669.150472,1223.153314,669.1163834,1221.096635,145.13419914386265,-37.909446255122376,fuzzy,True,True,28533357#0,0,,False,669.1504720010562,1223.1533139999956,673.041467280265,1219.3762028161623,503.74,1268.87,-37.90900458948612,145.1323288675359,171.6118866117239,176.38770587239208,176.38770587239208,10.0,short=0.000 small=0.000 angle_diff=178.469 mode=following,,0.011299969628453255,0.0,,,
658.4045439,1223.489343,658.3691025,1221.274254,145.1340770407821,-37.90944129051766,fuzzy,True,True,28533357#0,0,,False,658.4045438991161,1223.4893429996446,660.72891319649,1220.8069064894416,503.74,1268.87,-37.90900458948612,145.1323288675359,161.18475476702352,164.18154532230392,164.18154532230392,10.0,short=0.000 small=0.000 angle_diff=179.520 mode=following,,0.011500029359012842,0.0,,,
648.7117446,1223.967317,648.6688496,1221.431203,145.13396694394007,-37.90943523701606,fuzzy,True,True,28533357#0,0,,False,648.7117445998592,1223.9673169991001,649.3342137344488,1222.2217407291432,503.74,1268.87,-37.90900458948612,145.1323288675359,151.76645766771426,152.8847120086028,152.8847120086028,10.0,short=0.000 small=0.000 angle_diff=179.970 mode=following,,0.011299969628453255,0.0,,,
638.871186,1223.634478,638.8367332,1221.597501,145.13385498257017,-37.90943646076913,fuzzy,True,True,28533357#0,0,,False,638.8711860014009,1223.6344779999927,638.6149281889321,1223.0580008769334,503.74,1268.87,-37.90900458948612,145.1323288675359,142.5015434328988,142.4429202088382,142.4429202088382,10.0,short=0.000 small=0.000 angle_diff=177.353 mode=following,,0.011599971912801266,0.0,,,
631.7368793,1223.305749,631.7100253,1221.71804,145.13377379179613,-37.90943813544853,fuzzy,True,True,28533357#0,0,,False,631.7368793000933,1223.3057490009815,629.7464719384631,1223.4069826497548,503.74,1268.87,-37.90900458948612,145.1323288675359,135.86501418564015,133.95714582271214,133.95714582271214,10.0,short=0.000 small=0.000 angle_diff=175.146 mode=following,,0.020799983758479357,0.0,,,
620.5731795,1224.1306,620.5355709,1221.907041,145.1336470500518,-37.90942869162767,fuzzy,True,True,28533357#0,0,,False,620.5731794992462,1224.1306000007316,620.0658888934856,1223.9782372459617,503.74,1268.87,-37.90900458948612,145.1323288675359,125.10637771192002,124.68754063668274,124.68754063668274,10.0,short=0.000 small=0.000 angle_diff=176.269 mode=following,,0.01580000389367342,0.0,,,
614.6769853,1222.706861,614.6651367,1222.006332,145.13357968715613,-37.90944045359073,fuzzy,True,True,28533357#0,0,,False,614.6769852999132,1222.706861000508,612.380061418539,1223.5705757108242,503.74,1268.87,-37.90900458948612,145.1323288675359,120.15843753028565,117.70599299081877,117.70599299081877,10.0,short=0.000 small=0.000 angle_diff=169.856 mode=following,,0.014100049156695604,0.0,,,
597.9896941,1223.894351,597.9625389,1222.288834,145.1333902256533,-37.909426746493224,fuzzy,True,True,28533357#0,0,,False,597.9896940991748,1223.8943510008976,600.5558664848057,1223.817244296343,503.74,1268.87,-37.90900458948612,145.1323288675359,104.43090462443806,106.78512443077976,106.78512443077976,10.0,short=0.000 small=0.000 angle_diff=174.087 mode=following,,0.012599979527294636,0.0,,,
590.0937314,1224.671235,590.0556648,1222.422589,145.13330062671167,-37.90941832382687,fuzzy,True,True,28533357#0,0,,False,590.0937314004404,1224.6712350007147,590.2670263941328,1224.3444339421735,503.74,1268.87,-37.90900458948612,145.1323288675359,97.00772007547366,97.31111102736838,97.31111102736838,10.0,short=0.000 small=0.000 angle_diff=175.825 mode=following,,0.012500036973506212,0.0,,,
579.9361089,1224.715529,579.9059148,1222.585562,145.13318514628867,-37.90941609244219,fuzzy,True,True,28533357#0,0,,False,579.93610889907,1224.7155290003866,580.0143173716995,1224.6848461181646,503.74,1268.87,-37.90900458948612,145.1323288675359,88.06511409527963,88.14816682200598,88.14816682200598,10.0,short=0.000 small=0.000 angle_diff=174.794 mode=following,,0.012699980288743973,0.0,,,
571.0061391,1224.939701,570.974562,1222.712172,145.13308366504523,-37.909412462040464,fuzzy,True,True,28533357#0,0,,False,571.0061390998308,1224.9397010011598,570.4146062937156,1224.971994387385,503.74,1268.87,-37.90900458948612,145.1323288675359,80.34055414001864,79.82817811516901,79.82817811516901,10.0,short=0.000 small=0.000 angle_diff=174.606 mode=following,,0.012299977242946625,0.0,,,
559.3527669,1223.397423,559.3453898,1222.877025,145.1329508169251,-37.90942425280254,fuzzy,True,True,28533357#0,0,,False,559.3527669005562,1223.397423000075,559.8824177253465,1224.331700409477,503.74,1268.87,-37.90900458948612,145.1323288675359,71.83686450110207,71.66331836066813,71.66331836066813,10.0,short=0.000 small=0.000 angle_diff=169.413 mode=following,,0.012100033927708864,0.0,,,
547.3520755,1224.861407,547.3263605,1223.047405,145.13281470444667,-37.90940889961157,fuzzy,True,True,28533357#0,0,,False,547.3520755006466,1224.8614069977775,548.5185862484462,1224.590075608319,503.74,1268.87,-37.90900458948612,145.1323288675359,61.95780328182524,62.974863958110404,62.974863958110404,10.0,short=0.000 small=0.000 angle_diff=174.195 mode=following,,0.012299977242946625,0.0,,,
535.6991098,1225.376456,535.6684363,1223.212666,145.13268232948937,-37.909402157245744,fuzzy,True,True,28533357#0,0,,False,535.6991097988794,1225.3764559999108,536.8071864351339,1225.024745303489,503.74,1268.87,-37.90900458948612,145.1323288675359,53.97289198129474,54.91671128297662,54.91671128297662,10.0,short=0.000 small=0.000 angle_diff=175.018 mode=following,,0.012200034689158201,0.0,,,
524.5302938,1225.130849,524.5053452,1223.370912,145.1325552860074,-37.909402354273226,fuzzy,True,True,28533357#0,0,,False,524.5302938017994,1225.1308489991352,525.1774360478598,1225.1774873804395,503.74,1268.87,-37.90900458948612,145.1323288675359,48.42881008905321,48.66825786194244,48.66825786194244,10.0,short=0.000 small=0.000 angle_diff=173.645 mode=following,,0.012000033166259527,0.0,,,
515.7750314,1225.534144,515.4867702,1223.686437,145.13245583203062,-37.909397141275946,fuzzy,True,True,28533357#0,0,,False,515.7750313967699,1225.5341440010816,514.8841567942144,1225.4484127728538,503.74,1268.87,-37.90900458948612,145.1323288675359,44.97597576351425,44.828857535952146,44.828857535952146,10.0,short=0.000 small=0.000 angle_diff=174.400 mode=following,,0.01179997343569994,0.0,,,
509.1019043,1224.977098,510.18,1225.82,145.13237983283278,-37.90940095495651,fuzzy,True,True,28533357#0,0,,False,509.1019043009728,1224.9770979993045,506.5692555698956,1225.3169571514272,503.74,1268.87,-37.90900458948612,145.1323288675359,44.21919112529578,43.644841945519644,43.644841945519644,10.0,short=0.000 small=0.000 angle_diff=171.986 mode=following,,0.012000033166259527,0.0,,,
509.1524885,1243.660553,508.9654378,1243.671468,145.13238466386943,-37.90923265905492,fuzzy,True,True,28533357#0,0,,False,509.15248850081116,1243.6605530008674,502.9080410221775,1234.6075792468528,503.74,1268.87,-37.90900458948612,145.1323288675359,25.78393394681046,34.27252006500932,34.27252006500932,10.0,short=0.000 small=0.000 angle_diff=118.616 mode=following,,0.01209997572004795,0.0,,,
509.4475381,1253.316124,509.5279307,1253.311433,145.13239021794917,-37.90914573260932,fuzzy,True,True,28533357#0,0,,False,509.4475380994845,1253.3161239996552,502.3210449198843,1245.648779481086,503.74,1268.87,-37.90900458948612,145.1323288675359,16.568012849800798,23.26453343412275,23.26453343412275,10.00000000000015,short=0.000 small=0.000 angle_diff=100.151 mode=following,,0.012000033166259527,0.0,,,
507.9509424,1264.460007,510.1708928,1264.330472,145.13237574042662,-37.90904507574316,fuzzy,True,True,28533357#0,0,,False,507.9509423993295,1264.4600069997832,502.5089872708218,1258.0686084734346,503.74,1268.87,-37.90900458948612,145.1323288675359,6.097546568287192,10.871313225620732,10.871313225620732,10.000060964231722,short=0.000 small=0.000 angle_diff=96.241 mode=following,,0.011899974197149277,0.0,,,
508.0175776,1266.363277,510.281798,1266.231159,145.13237693159653,-37.909027942657126,fuzzy,True,True,28533357#0,0,,False,508.0175776029937,1266.3632769994438,503.5775702511129,1266.2951856711538,503.74,1268.87,-37.90900458948612,145.1323288675359,4.957956267571378,2.5799326059714267,2.5799326059714267,28.722818671548673,short=0.468 small=0.000 angle_diff=89.707 mode=following,,0.012299977242946625,0.0,,,
