gps_x,gps_y,gt_x,gt_y,lon,lat,method,kalman,matched,edge_id,lane_index,lane_pos,is_internal_edge,raw_x,raw_y,filt_x,filt_y,matched_x,matched_y,matched_lat,matched_lon,match_error_raw_m,match_error_filt_m,raw_dist,score,components,window_len,match_ms,phone_speed_mps,phone_course_deg,accuracy_m,unmatched_reason
473.7291117,1267.162459,476.93,1284.79,145.1319873,-37.90901455,hmm,TRUE,TRUE,28533357#0,0,,FALSE,473.7291117,1267.162459,473.7291117,1267.162459,479.12,1271.94,-37.90897249,145.1320496,7.203233626,7.203233626,7.203233626,0,emission=-3.889 transition=-- sigma=4.070 num_candidates=5.000,,13.6445,0,,,
473.0268462,1272.159309,476.93,1284.79,145.1319804,-37.90896941,hmm,TRUE,TRUE,28533357#0,0,,FALSE,473.0268462,1272.159309,473.1088272,1271.575987,478.8773052,1272.955118,-37.9089633,145.1320471,5.904335861,5.93104874,5.93104874,0,emission=-3.384 transition=-15.456 sigma=4.070 num_candidates=5.000,,16.73590002,0,,,
471.7866339,1275.069598,476.93,1284.79,145.131967,-37.90894297,hmm,TRUE,TRUE,28533357#0,0,,FALSE,471.7866339,1275.069598,472.122989,1274.339611,478.1989985,1275.792266,-37.90893762,145.13204,6.452958112,6.247247242,6.247247242,0,emission=-3.501 transition=1.524 sigma=4.070 num_candidates=5.000,,6.454100017,0,,,
477.7709816,1282.304613,476.93,1284.79,145.1320367,-37.90887888,hmm,TRUE,TRUE,-1272942443#3,0,,FALSE,477.7709816,1282.304613,475.8693893,1280.496801,474.05,1280.46,-37.90889483,145.1319939,4.153107413,1.819761454,0.534504953,0,emission=-2.331 transition=-23.039 sigma=4.070 num_candidates=5.000,,6.17790001,0,,,
475.7362837,1288.214475,477.3118565,1288.028709,145.1320149,-37.90882528,hmm,TRUE,TRUE,-1272942443#2,0,,FALSE,475.7362837,1288.214475,476.3557353,1286.921986,477.1700495,1286.825975,-37.90883804,145.1320309,1.995899728,0.819954718,0.819954718,0,emission=-2.343 transition=-20.318 sigma=4.070 num_candidates=5.000,,10.36749996,0,,,
478.0171809,1294.462773,478.0697274,1294.456577,145.1320422,-37.9087694,hmm,TRUE,TRUE,-1272942443#2,0,,FALSE,478.0171809,1294.462773,477.7983448,1293.44585,477.9484718,1293.42815,-37.90877871,145.1320412,1.036902464,0.151166889,0.151166889,0,emission=-2.323 transition=1.442 sigma=4.070 num_candidates=5.000,,11.70080004,0,,,
479.4925256,1302.843308,479.064506,1302.893773,145.1320609,-37.90869417,hmm,TRUE,TRUE,-1272942443#2,0,,FALSE,479.4925256,1302.843308,479.2895135,1301.128261,478.8622843,1301.178633,-37.90870906,145.1320534,1.779984755,0.430188485,0.430188485,0,emission=-2.328 transition=1.501 sigma=4.070 num_candidates=5.000,,5.536700017,0,,,
480.8408586,1312.132408,480.1834854,1312.212917,145.1320784,-37.90861074,hmm,TRUE,TRUE,-1272942443#1,0,,FALSE,480.8408586,1312.132408,480.7354941,1309.901065,479.9126943,1310.001833,-37.90862976,145.1320673,2.323970659,0.828947385,0.828947385,0,emission=-2.343 transition=-28.111 sigma=4.070 num_candidates=5.000,,8.669300005,0,,,
482.7968747,1319.726018,481.1286354,1319.930327,145.1321023,-37.90854269,hmm,TRUE,TRUE,-1272942443#1,0,,FALSE,482.7968747,1319.726018,482.4585844,1318.419649,480.9660098,1318.602444,-37.90855248,145.1320813,2.148135191,1.503726345,1.503726345,0,emission=-2.391 transition=1.478 sigma=4.070 num_candidates=5.000,,5.426399992,0,,,
484.386391,1329.440501,482.3242743,1329.693048,145.1321226,-37.90845546,hmm,TRUE,TRUE,-1272942443#1,0,,FALSE,484.386391,1329.440501,484.1698877,1327.758873,482.1181696,1328.010146,-37.90846794,145.1320965,2.681555979,2.067047467,2.067047467,0,emission=-2.452 transition=1.526 sigma=4.070 num_candidates=5.000,,11.55190001,0,,,
485.8438453,1338.927075,483.4904622,1339.215293,145.1321414,-37.90837027,hmm,TRUE,TRUE,-1272942443#1,0,,FALSE,485.8438453,1338.927075,485.7899878,1337.45864,483.3124849,1337.76206,-37.90838031,145.1321123,2.786583189,2.496013609,2.496013609,0,emission=-2.511 transition=1.563 sigma=4.070 num_candidates=5.000,,7.921700017,0,,,
488.5022528,1349.223895,484.7721613,1349.680719,145.1321739,-37.90827799,hmm,TRUE,TRUE,-1272942443#1,0,,FALSE,488.5022528,1349.223895,487.9428254,1347.712714,484.5815552,1348.124368,-37.90828719,145.1321291,4.071956346,3.386383953,3.386383953,0,emission=-2.669 transition=1.420 sigma=4.070 num_candidates=5.000,,5.674800021,0,,,
492.4236756,1357.199581,485.78,1357.91,145.1322203,-37.90820685,hmm,TRUE,TRUE,-1272942443#1,0,,FALSE,492.4236756,1357.199581,491.0841078,1357.079898,485.7582198,1357.732159,-37.90820085,145.1321447,6.68669872,5.365680461,5.365680461,0,emission=-3.192 transition=0.608 sigma=4.070 num_candidates=5.000,,5.448799988,0,,,
495.9601828,1366.703132,486.0039295,1365.263893,145.1322627,-37.90812188,hmm,TRUE,TRUE,-1272942443#1,0,,FALSE,495.9601828,1366.703132,494.6566168,1366.536552,486.0008344,1365.285304,-37.90813286,145.1321491,10.05976428,8.745752639,8.745752639,0,emission=-4.631 transition=-10.993 sigma=4.070 num_candidates=5.000,,5.239900027,0,,,
496.0361873,1377.028582,485.3053289,1378.73971,145.1322659,-37.90802888,hmm,TRUE,TRUE,-1272942443#1,0,,FALSE,496.0361873,1377.028582,496.6923934,1376.459942,485.2331745,1378.287214,-37.90801559,145.1321434,10.87608573,11.60399159,11.60399159,0,emission=-6.387 transition=-13.466 sigma=4.070 num_candidates=5.000,,7.066300022,0,,,
501.9220752,1387.699555,487.1106644,1390.061362,145.1323353,-37.90793382,hmm,TRUE,TRUE,-1272942443#1,0,,FALSE,501.9220752,1387.699555,500.555,1386.858488,486.9459758,1389.028564,-37.90791914,145.1321653,15.0349532,13.78095689,13.78095689,0,emission=-8.055 transition=0.531 sigma=4.070 num_candidates=5.000,,7.962099975,0,,,
500.604022,1395.907974,488.3544285,1397.861278,145.1323222,-37.90785963,hmm,TRUE,TRUE,-1272942443#1,0,,FALSE,500.604022,1395.907974,502.0434035,1396.298864,488.4509055,1398.466306,-37.9078344,145.1321846,12.41947271,13.76422193,13.76422193,0,emission=-8.041 transition=1.609 sigma=4.070 num_candidates=5.000,,6.514599954,0,,,
504.0006814,1405.973356,491.1787143,1411.264962,145.1323631,-37.90776958,hmm,TRUE,TRUE,1272942443#1,0,,FALSE,504.0006814,1405.973356,504.2443541,1405.986556,492.68,1409.65,-37.90773441,145.1322352,11.9027534,12.13075057,12.13075057,0,emission=-6.764 transition=-9.948 sigma=4.070 num_candidates=5.000,,6.123800005,0,,,
503.9163697,1412.936043,492.5040034,1415.852281,145.1323637,-37.90770684,hmm,TRUE,TRUE,996237862#1,0,,FALSE,503.9163697,1412.936043,505.2515796,1414.298815,494.8507062,1416.955226,-37.907669,145.1322615,9.916657243,10.73474222,10.73474222,0,emission=-5.801 transition=-2.092 sigma=4.070 num_candidates=5.000,,7.906200015,0,,,
497.0367919,1417.84959,493.2609351,1418.814447,145.1322866,-37.90766134,hmm,TRUE,TRUE,-1272942443#0,0,,FALSE,497.0367919,1417.84959,502.053552,1420.662619,493.5,1419.75,-37.90764358,145.1322468,4.015028654,8.602100005,8.602100005,0,emission=-4.556 transition=-2.215 sigma=4.070 num_candidates=5.000,,6.204899983,0,,,
495.2116133,1426.083739,493.1417578,1425.231445,145.1322677,-37.90758683,hmm,TRUE,TRUE,-1209653409#1,0,,FALSE,495.2116133,1426.083739,498.6791279,1427.482085,499.49,1429.99,-37.90755241,145.1323172,5.793398635,2.635744979,1.906777759,0,emission=-2.432 transition=-12.247 sigma=4.070 num_candidates=5.000,,6.114299991,0,,,
489.4098469,1433.965083,488.1451384,1428.846025,145.1322035,-37.90751479,hmm,TRUE,TRUE,-1209653409#1,0,,FALSE,489.4098469,1433.965083,493.4814795,1434.594641,499.49,1429.99,-37.90755241,145.1323172,10.8356251,7.570009371,6.75742337,0,emission=-3.701 transition=-6.244 sigma=4.070 num_candidates=5.000,,6.23910001,0,,,
481.3095856,1438.204802,480.3647901,1430.075408,145.1321124,-37.90747513,hmm,TRUE,TRUE,1209653412#1,0,,FALSE,481.3095856,1438.204802,486.1165694,1440.150616,485.8790447,1438.377684,-37.9074744,145.1321644,4.572728397,1.788772051,1.788772051,0,emission=-2.419 transition=-4.331 sigma=4.070 num_candidates=5.000,,10.43299999,0,,,
466.7370764,1433.414382,466.537183,1431.647844,145.1319456,-37.90751566,hmm,TRUE,TRUE,1209653412#1,0,,FALSE,466.7370764,1433.414382,474.2878438,1440.15627,478.75,1439.2,-37.90746571,145.1320835,13.33355575,4.56347347,0.925152486,0,emission=-2.348 transition=-21.649 sigma=4.070 num_candidates=5.000,,10.13000001,0,,,
454.5943196,1434.911206,454.3642938,1433.042414,145.1318079,-37.90749998,hmm,TRUE,TRUE,-1209653413,0,,FALSE,454.5943196,1434.911206,460.9941653,1439.7466,456.88,1439.29,-37.90746095,145.1318349,4.939450555,4.139425022,0.460559757,0,emission=-2.329 transition=-10.641 sigma=4.070 num_candidates=5.000,,7.421699993,0,,,
442.4691842,1436.462887,442.2319776,1434.535756,145.1316704,-37.90748381,hmm,TRUE,TRUE,-1209653413,0,,FALSE,442.4691842,1436.462887,447.1817826,1439.488464,447.2920029,1440.422014,-37.90744902,145.1317262,6.239732848,0.940034424,0.940034424,0,emission=-2.349 transition=-19.192 sigma=4.070 num_candidates=5.000,,10.71279997,0,,,
430.4012506,1436.268973,430.3676643,1435.99611,145.1315332,-37.90748338,hmm,TRUE,TRUE,-1209653413,0,,FALSE,430.4012506,1436.268973,433.4328861,1438.739092,433.8193833,1442.012669,-37.90743226,145.1315733,6.683836477,3.296313378,3.296313378,0,emission=-2.651 transition=0.594 sigma=4.070 num_candidates=5.000,,8.129200025,0,,,
415.104785,1440.120866,414.8324458,1437.908308,145.1313601,-37.90744592,hmm,TRUE,TRUE,-1209653413,0,,FALSE,415.104785,1440.120866,418.3795194,1439.880842,418.8400202,1443.781218,-37.90741362,145.1314034,5.22973797,3.927467099,3.927467099,0,emission=-2.788 transition=1.543 sigma=4.070 num_candidates=5.000,,5.021099991,0,,,
404.4142589,1439.37781,404.3915669,1439.193454,145.1312384,-37.90745068,hmm,TRUE,TRUE,-1209653413,0,,FALSE,404.4142589,1439.37781,404.9578866,1440.114369,405.5360323,1445.32644,-37.9073973,145.1312525,6.053476337,5.244037927,5.244037927,0,emission=-3.153 transition=1.459 sigma=4.070 num_candidates=5.000,,5.049400032,0,,,
395.9850461,1442.126178,395.754914,1440.256522,145.1311432,-37.9074244,hmm,TRUE,TRUE,1209653410,0,,FALSE,395.9850461,1442.126178,393.9578714,1441.487666,393.8354141,1440.49279,-37.90743873,145.1311184,2.699791736,1.002385005,1.002385005,0,emission=-2.353 transition=1.609 sigma=4.070 num_candidates=5.000,,4.989699984,0,,,
375.4958763,1443.386937,375.4186672,1442.759669,145.1309105,-37.90740935,hmm,TRUE,TRUE,1209653410,0,,FALSE,375.4958763,1443.386937,378.5270579,1442.914754,378.4618624,1442.385089,-37.90741891,145.130944,3.130618782,0.53366269,0.53366269,0,emission=-2.331 transition=1.574 sigma=4.070 num_candidates=5.000,,5.120499991,0,,,
363.839385,1444.867675,363.7555832,1444.170951,145.1307784,-37.9073939,hmm,TRUE,TRUE,-47528871#0,0,,FALSE,363.839385,1444.867675,364.4735704,1444.450591,362.91,1438.61,-37.9074501,145.1307664,6.326314322,6.046259373,0.87106675,0,emission=-2.345 transition=-33.227 sigma=4.070 num_candidates=5.000,,5.516899982,0,,,
352.7059294,1447.383398,352.4865019,1445.507949,145.1306523,-37.90736923,hmm,TRUE,TRUE,-1147258794#0,0,,FALSE,352.7059294,1447.383398,351.781746,1446.552375,351.9293049,1447.813561,-37.90736521,145.1306436,0.887798454,1.269789666,1.269789666,0,emission=-2.371 transition=-2.293 sigma=4.070 num_candidates=5.000,,16.9249,0,,,
340.6594751,1448.35672,340.6960473,1446.219859,145.1305156,-37.90735828,hmm,TRUE,TRUE,1147258794#2,0,,FALSE,340.6594751,1448.35672,339.575062,1448.229337,332.18,1445.21,-37.9073851,145.1304185,9.04452015,7.987699196,1.330327151,0,emission=-2.376 transition=-19.566 sigma=4.070 num_candidates=5.000,,5.4275,0,,,
330.0232991,1448.921344,330.8540458,1444.93376,145.1303948,-37.90735128,hmm,TRUE,TRUE,1147258794#2,0,,FALSE,330.0232991,1448.921344,328.347427,1449.367833,329.37835,1444.616623,-37.90738994,145.1303865,4.352767095,4.861769328,4.861769328,0,emission=-3.036 transition=-40.498 sigma=4.070 num_candidates=5.000,,5.749500007,0,,,
316.5734906,1441.69195,317.2628533,1440.413953,145.1302402,-37.90741397,hmm,TRUE,TRUE,1147258794#2,0,,FALSE,316.5734906,1441.69195,316.2900529,1446.212455,318.6507431,1441.109549,-37.90741959,145.1302637,2.157352155,5.622500045,5.622500045,0,emission=-3.277 transition=-4.147 sigma=4.070 num_candidates=5.000,,5.859300029,0,,,
305.4285499,1433.311363,307.976275,1431.575725,145.1301116,-37.90748745,hmm,TRUE,TRUE,-5094886#0,0,,FALSE,305.4285499,1433.311363,304.7415078,1439.641774,308.58,1436.76,-37.90745695,145.1301482,4.671695076,4.79985847,4.773512244,0,emission=-3.010 transition=-35.954 sigma=4.070 num_candidates=5.000,,5.290699948,0,,,
297.0604525,1420.276327,296.5019474,1421.425252,145.1300135,-37.90760336,hmm,TRUE,TRUE,-5094886#1,0,,FALSE,297.0604525,1420.276327,294.9144976,1428.718162,302.13,1427.6,-37.9075383,145.1300728,8.907103798,7.301627356,5.476260372,0,emission=-3.228 transition=-36.609 sigma=4.070 num_candidates=5.000,,5.439899978,0,,,
287.927023,1419.860716,288.1086715,1418.600529,145.1299096,-37.90760546,hmm,TRUE,TRUE,5094886#2,0,,FALSE,287.927023,1419.860716,285.8083571,1421.628648,286.2827802,1418.337338,-37.90761888,145.1298905,2.241476247,3.325327155,3.325327155,0,emission=-2.656 transition=-2.748 sigma=4.070 num_candidates=5.000,,5.586199986,0,,,
278.1815983,1420.716308,277.7489454,1418.869619,145.129799,-37.90759599,hmm,TRUE,TRUE,5094886#2,0,,FALSE,278.1815983,1420.716308,276.746729,1418.236745,276.939436,1419.059275,-37.90761069,145.1297845,2.070923831,0.844802736,0.844802736,0,emission=-2.344 transition=0.414 sigma=4.070 num_candidates=5.000,,5.786999944,0,,,
268.9183396,1424.977404,267.9475504,1423.445485,145.1296946,-37.90755593,hmm,TRUE,TRUE,5094886#2,0,,FALSE,268.9183396,1424.977404,267.8318126,1419.130318,269.6411961,1422.379211,-37.90757946,145.1297022,2.696874046,3.718759953,3.718759953,0,emission=-2.740 transition=-2.941 sigma=4.070 num_candidates=5.000,,5.756300001,0,,,
261.8516459,1430.831872,261.5907685,1426.625224,145.1296156,-37.90750191,hmm,TRUE,TRUE,-5094886#3,0,,FALSE,261.8516459,1430.831872,260.0362523,1423.535579,263.02,1432.44,-37.90748764,145.1296293,1.987744192,9.391030548,7.487212898,0,emission=-4.015 transition=-4.822 sigma=4.070 num_candidates=5.000,,5.035299982,0,,,
251.4426413,1421.91827,251.4359245,1421.924408,145.1294952,-37.90758033,hmm,TRUE,TRUE,985461732,0,,FALSE,251.4426413,1421.91827,251.2379356,1422.492097,252.3,1422.87,-37.90757191,145.1295052,1.280958208,1.127293736,0.678343038,0,emission=-2.336 transition=-2.021 sigma=4.070 num_candidates=5.000,,12.0477,0,,,
251.7787016,1410.822969,248.9720735,1411.222061,145.1294965,-37.90768034,hmm,TRUE,TRUE,-10539447#1,0,,FALSE,251.7787016,1410.822969,247.0778859,1416.284167,249.6400802,1415.919832,-37.90763404,145.1294734,5.527360723,2.587968248,1.058714558,0,emission=-2.356 transition=-24.038 sigma=4.070 num_candidates=5.000,,8.843000047,0,,,
248.7183179,1400.988832,247.5246329,1401.161334,145.1294595,-37.90776837,hmm,TRUE,TRUE,-10539447#0,0,,FALSE,248.7183179,1400.988832,244.2854698,1407.303882,248.01,1404.52,-37.90773643,145.1294522,3.601508253,4.649959836,2.504759385,0,emission=-2.512 transition=-1.713 sigma=4.070 num_candidates=5.000,,7.876599964,0,,,
248.9675343,1387.39599,245.6055873,1387.881831,145.1294592,-37.90789086,hmm,TRUE,TRUE,-10539447#0,0,,FALSE,248.9675343,1387.39599,243.7928767,1394.906453,246.5628805,1394.506154,-37.90782638,145.1294335,7.505784077,2.798778348,2.798778348,0,emission=-2.559 transition=-9.837 sigma=4.070 num_candidates=5.000,,10.29369998,0,,,
247.1318233,1375.931151,243.9451223,1376.391667,145.1294357,-37.90799381,hmm,TRUE,TRUE,-10539447#0,0,,FALSE,247.1318233,1375.931151,243.5189922,1381.679221,244.6848884,1381.510735,-37.90794311,145.1294092,6.092557069,1.17800736,1.17800736,0,emission=-2.364 transition=1.111 sigma=4.070 num_candidates=5.000,,6.202700024,0,,,
244.6890716,1363.55454,242.143173,1363.922453,145.1294051,-37.90810486,hmm,TRUE,TRUE,-10539447#0,0,,FALSE,244.6890716,1363.55454,242.777434,1367.885877,242.7171928,1367.894583,-37.90806541,145.1293837,4.766998574,0.060866891,0.060866891,0,emission=-2.323 transition=1.331 sigma=4.070 num_candidates=5.000,,6.272199971,0,,,
240.9224136,1348.967768,240.0012804,1349.100883,145.129359,-37.90823558,hmm,TRUE,TRUE,-10539447#0,0,,FALSE,240.9224136,1348.967768,240.8423404,1352.943155,240.5623808,1352.983612,-37.90819934,145.1293558,4.031950721,0.282867848,0.282867848,0,emission=-2.325 transition=1.601 sigma=4.070 num_candidates=5.000,,6.405599997,0,,,
238.6681106,1332.424314,237.6133457,1332.57674,145.1293296,-37.9083842,hmm,TRUE,TRUE,-10539447#0,0,,FALSE,238.6681106,1332.424314,238.7602535,1336.50585,238.1929953,1336.587826,-37.90834661,145.1293251,4.190532964,0.573150814,0.573150814,0,emission=-2.332 transition=1.597 sigma=4.070 num_candidates=5.000,,6.149300025,0,,,
236.7243891,1322.123897,236.1155017,1322.211888,145.1293051,-37.90847664,hmm,TRUE,TRUE,-10539447#0,0,,FALSE,236.7243891,1322.123897,236.7319433,1322.454605,236.16247,1322.536901,-37.90847281,145.1292988,0.697370273,0.575389001,0.575389001,0,emission=-2.333 transition=1.609 sigma=4.070 num_candidates=5.000,,5.545400025,0,,,
235.2652209,1309.831686,234.3699324,1309.955195,145.1292857,-37.9085871,hmm,TRUE,TRUE,-10539447#0,0,,FALSE,235.2652209,1309.831686,234.9891183,1309.232512,234.91,1313.87,-37.90855066,145.1292826,4.053906985,4.638163349,1.705801948,0,emission=-2.410 transition=-21.288 sigma=4.070 num_candidates=5.000,,5.274299998,0,,,
231.7416228,1293.572242,232.1363466,1293.519982,145.1292419,-37.90873294,hmm,TRUE,TRUE,-4577073#9,0,,FALSE,231.7416228,1293.572242,232.3967376,1294.583579,232.2792238,1294.599137,-37.90872378,145.1292483,1.159106791,0.118539257,0.118539257,0,emission=-2.323 transition=-47.610 sigma=4.070 num_candidates=5.000,,5.352600012,0,,,
231.7991545,1282.376961,230.6806482,1282.525048,145.12924,-37.9088338,hmm,TRUE,TRUE,-4577073#9,0,,FALSE,231.7991545,1282.376961,231.0262839,1281.499933,230.5532183,1281.562566,-37.90884091,145.1292257,1.488488036,0.477193783,0.477193783,0,emission=-2.329 transition=1.585 sigma=4.070 num_candidates=5.000,,12.51500001,0,,,
229.9978889,1269.091913,228.8316693,1269.256672,145.1292165,-37.90895314,hmm,TRUE,TRUE,-4577073#9,0,,FALSE,229.9978889,1269.091913,229.5724934,1268.466576,228.7367285,1268.58465,-37.90895749,145.1292021,1.359353415,0.844064207,0.844064207,0,emission=-2.344 transition=1.561 sigma=4.070 num_candidates=5.000,,6.240399962,0,,,
227.4317213,1257.723872,227.2068464,1257.755641,145.1291848,-37.90905509,hmm,TRUE,TRUE,-4577073#9,0,,FALSE,227.4317213,1257.723872,227.6317901,1256.380596,227.0247019,1256.466363,-37.90906634,145.1291799,1.321738997,0.61311667,0.61311667,0,emission=-2.334 transition=1.599 sigma=4.070 num_candidates=5.000,,5.777500046,0,,,
228.2622209,1244.995171,225.4600236,1245.391055,145.1291913,-37.9091699,hmm,TRUE,TRUE,-4577073#9,0,,FALSE,228.2622209,1244.995171,227.0528814,1244.20321,225.3266628,1244.447083,-37.90917431,145.1291578,2.986285524,1.743360273,1.743360273,0,emission=-2.414 transition=1.347 sigma=4.070 num_candidates=5.000,,7.912800007,0,,,
226.0159884,1232.237242,223.6489456,1232.571649,145.1291629,-37.90928442,hmm,TRUE,TRUE,-4577073#9,0,,FALSE,226.0159884,1232.237242,225.8430875,1231.87034,223.5947421,1232.187978,-37.90928443,145.1291353,2.421747458,2.270671953,2.270671953,0,emission=-2.478 transition=1.553 sigma=4.070 num_candidates=5.000,,5.056899972,0,,,
222.2310967,1219.606263,221.8253425,1219.663586,145.1291169,-37.90939752,hmm,TRUE,TRUE,-4577073#9,0,,FALSE,222.2310967,1219.606263,223.3656154,1219.450748,221.8260026,1219.668258,-37.90939689,145.1291123,0.409810547,1.554901478,1.554901478,0,emission=-2.396 transition=1.508 sigma=4.070 num_candidates=5.000,,4.948700021,0,,,
220.1764105,1201.975983,219.3431351,1202.093705,145.1290896,-37.90955596,hmm,TRUE,TRUE,-4577073#9,0,,FALSE,220.1764105,1201.975983,220.9048502,1204.432386,219.6976301,1204.602938,-37.90953221,145.1290847,2.670228831,1.219208042,1.219208042,0,emission=-2.367 transition=1.591 sigma=4.070 num_candidates=5.000,,4.891700053,0,,,
218.1049826,1188.239862,217.4082027,1188.33771,145.1290629,-37.90967933,hmm,TRUE,TRUE,-35177168#0,0,,FALSE,218.1049826,1188.239862,218.5142118,1189.635052,223.23,1188.88,-37.90967449,145.1291213,5.164840753,4.775851997,2.954210579,0,emission=-2.586 transition=-26.714 sigma=4.070 num_candidates=5.000,,9.657100018,0,,,
216.3818146,1175.192081,215.5780334,1175.304955,145.1290403,-37.90979655,hmm,TRUE,TRUE,-5045577#0,0,,FALSE,216.3818146,1175.192081,216.3890939,1175.477876,221.37,1173.66,-37.90981126,145.1290967,5.218166899,5.302273084,3.429603834,0,emission=-2.678 transition=-26.235 sigma=4.070 num_candidates=5.000,,8.752499998,0,,,
215.3275147,1162.865344,213.9109307,1163.051299,145.1290255,-37.9099074,hmm,TRUE,TRUE,-1037064066#0,0,,FALSE,215.3275147,1162.865344,214.8023048,1162.193606,219.3,1162.91,-37.90990772,145.1290707,3.972736287,4.554391593,4.546238612,0,emission=-2.946 transition=-15.662 sigma=4.070 num_candidates=5.000,,5.428700009,0,,,
215.2371577,1149.079267,212.1303632,1149.487095,145.1290213,-37.91003158,hmm,TRUE,TRUE,-4577073#4,0,,FALSE,215.2371577,1149.079267,214.0604638,1148.772722,212.0708718,1149.033895,-37.91003141,145.1289853,3.166610993,2.006660814,2.006660814,0,emission=-2.444 transition=1.419 sigma=4.070 num_candidates=5.000,,5.7562,0,,,
211.4575709,1135.481743,210.311623,1135.632173,145.1289752,-37.91015338,hmm,TRUE,TRUE,-4577073#4,0,,FALSE,211.4575709,1135.481743,211.991528,1135.315878,210.2992639,1135.538023,-37.91015267,145.1289621,1.159673441,1.706782397,1.706782397,0,emission=-2.411 transition=1.593 sigma=4.070 num_candidates=5.000,,7.443499984,0,,,
208.4431729,1122.593368,208.5973505,1122.573129,145.128938,-37.91026894,hmm,TRUE,TRUE,-4577073#4,0,,FALSE,208.4431729,1122.593368,209.3537659,1122.174192,208.5586826,1122.278563,-37.9102718,145.1289393,0.335327483,0.801904496,0.801904496,0,emission=-2.342 transition=1.457 sigma=4.070 num_candidates=5.000,,5.284600018,0,,,
210.1700179,1109.071683,206.9073084,1109.489282,145.1289546,-37.91039106,hmm,TRUE,TRUE,-4577073#3,0,,FALSE,210.1700179,1109.071683,208.7577587,1108.913564,206.8646343,1109.155868,-37.9103897,145.128917,3.306455502,1.908567817,1.908567817,0,emission=-2.433 transition=1.410 sigma=4.070 num_candidates=5.000,,5.802900007,0,,,
208.7476217,1093.240803,204.8908256,1093.734439,145.1289348,-37.91053341,hmm,TRUE,TRUE,-4577073#3,0,,FALSE,208.7476217,1093.240803,207.9897326,1094.385142,205.0227149,1094.764894,-37.91051901,145.1288928,4.024647221,2.991221501,2.991221501,0,emission=-2.593 transition=1.408 sigma=4.070 num_candidates=5.000,,6.43790001,0,,,
206.2121928,1081.706447,203.3978563,1082.066381,145.1289033,-37.91063685,hmm,TRUE,TRUE,-4577073#3,0,,FALSE,206.2121928,1081.706447,206.4622646,1081.167403,203.3340504,1081.567479,-37.91063758,145.1288706,2.881495423,3.153693915,3.153693915,0,emission=-2.623 transition=1.606 sigma=4.070 num_candidates=5.000,,6.034400023,0,,,
204.0740031,1068.301282,201.6766121,1068.607891,145.128876,-37.91075722,hmm,TRUE,TRUE,-4577073#3,0,,FALSE,204.0740031,1068.301282,204.5837754,1067.948505,201.6404246,1068.324939,-37.91075657,145.1288483,2.433693529,2.967324752,2.967324752,0,emission=-2.588 transition=1.603 sigma=4.070 num_candidates=5.000,,12.11110002,0,,,
203.6367728,1054.885652,199.9814254,1055.353145,145.1288679,-37.910878,hmm,TRUE,TRUE,-4577073#3,0,,FALSE,203.6367728,1054.885652,203.3433215,1054.691524,199.9522747,1055.125214,-37.91087517,145.1288261,3.692277972,3.418667266,3.418667266,0,emission=-2.675 transition=1.571 sigma=4.070 num_candidates=5.000,,5.95229998,0,,,
201.8868718,1040.448844,198.1320436,1040.933338,145.1288447,-37.91100773,hmm,TRUE,TRUE,-4577073#2,0,,FALSE,201.8868718,1040.448844,201.8969393,1040.873619,198.08,1040.53,-37.91100631,145.1288015,3.807736754,3.83237523,3.83237523,0,emission=-2.766 transition=-19.286 sigma=4.070 num_candidates=5.000,,8.416199998,0,,,
197.6288879,1027.363995,196.3907349,1027.528904,145.1287933,-37.91112483,hmm,TRUE,TRUE,-52135874,0,,FALSE,197.6288879,1027.363995,199.03204,1027.351593,199.97,1030.27,-37.91109908,145.1288206,3.731711528,3.065430884,2.619048553,0,emission=-2.530 transition=-33.001 sigma=4.070 num_candidates=5.000,,5.664800003,0,,,
195.8074354,1015.421907,194.7513822,1015.568117,145.1287699,-37.91123208,hmm,TRUE,TRUE,-4577073#1,0,,FALSE,195.8074354,1015.421907,196.4501117,1014.627849,194.6556002,1014.876299,-37.91123678,145.1287567,1.274524449,1.811628704,1.811628704,0,emission=-2.422 transition=-15.385 sigma=4.070 num_candidates=5.000,,6.352099997,0,,,
196.6879654,1001.584737,192.8882225,1002.11081,145.1287768,-37.91135689,hmm,TRUE,TRUE,-4577073#1,0,,FALSE,196.6879654,1001.584737,195.5017075,1001.480464,192.8517465,1001.84735,-37.91135383,145.1287332,3.845197159,2.675238068,2.675238068,0,emission=-2.539 transition=1.468 sigma=4.070 num_candidates=5.000,,6.175499992,0,,,
193.5816436,989.8197648,191.2688934,990.1289573,145.1287388,-37.9114623,hmm,TRUE,TRUE,-4577073#1,0,,FALSE,193.5816436,989.8197648,193.6712119,989.0477256,191.1690643,989.3822388,-37.91146581,145.1287112,2.451931499,2.524409161,2.524409161,0,emission=-2.515 transition=1.552 sigma=4.070 num_candidates=5.000,,6.133699964,0,,,
191.5594067,976.3335609,189.4620673,976.6139551,145.1287127,-37.91158343,hmm,TRUE,TRUE,-4577073#1,0,,FALSE,191.5594067,976.3335609,191.7285968,976.2177495,189.4498272,976.5223992,-37.91158134,145.1286887,2.118014577,2.29904384,2.29904384,0,emission=-2.482 transition=1.600 sigma=4.070 num_candidates=5.000,,5.638299976,0,,,
190.2846077,964.3413904,187.8645964,964.6649227,145.1286955,-37.91169122,hmm,TRUE,TRUE,-4577073#1,0,,FALSE,190.2846077,964.3413904,190.0932169,963.8299883,187.7940666,964.1373626,-37.91169261,145.1286671,2.498884171,2.319605727,2.319605727,0,emission=-2.485 transition=1.609 sigma=4.070 num_candidates=5.000,,6.339699961,0,,,
188.5870044,950.8163628,186.0583714,951.1544168,145.1286731,-37.91181275,hmm,TRUE,TRUE,-4577073#1,0,,FALSE,188.5870044,950.8163628,188.4596039,950.9576566,186.0746923,951.2764964,-37.91180815,145.1286446,2.554101622,2.406130117,2.406130117,0,emission=-2.497 transition=1.608 sigma=4.070 num_candidates=5.000,,5.329200008,0,,,
185.1537997,938.3974825,184.3669551,938.502676,145.1286312,-37.911924,hmm,TRUE,TRUE,-4577073#1,0,,FALSE,185.1537997,938.3974825,185.9412185,938.2893686,184.3665816,938.4998824,-37.91192294,145.1286223,0.793850132,1.588646376,1.588646376,0,emission=-2.399 transition=1.480 sigma=4.070 num_candidates=5.000,,5.253200012,0,,,
184.1232992,925.5835417,182.6658402,925.77839,145.1286165,-37.91203925,hmm,TRUE,TRUE,-4577073#1,0,,FALSE,184.1232992,925.5835417,184.0363148,925.5663956,182.6620608,925.7501201,-37.91203748,145.1286,1.470702566,1.386480676,1.386480676,0,emission=-2.381 transition=1.601 sigma=4.070 num_candidates=5.000,,5.5727,0,,,
182.5205476,913.6550178,181.0709702,913.8488124,145.1285956,-37.91214641,hmm,TRUE,TRUE,-4577073#1,0,,FALSE,182.5205476,913.6550178,182.2987197,913.2467152,181.0134474,913.4185438,-37.91214827,145.1285784,1.525539562,1.296707329,1.296707329,0,emission=-2.373 transition=1.608 sigma=4.070 num_candidates=5.000,,10.52910002,0,,,
180.7248878,902.7748729,179.6485474,902.7784135,145.1285727,-37.9122441,hmm,TRUE,TRUE,-4577073#1,0,,FALSE,180.7248878,902.7748729,180.5702545,901.7230809,179.6450859,901.7261242,-37.91225335,145.1285602,1.50527272,0.925173534,0.925173534,0,emission=-2.348 transition=0.956 sigma=4.070 num_candidates=5.000,,5.760500033,0,,,
181.0314062,889.8981747,179.7545015,889.8472118,145.1285732,-37.91236015,hmm,TRUE,TRUE,-4577073#0,0,,FALSE,181.0314062,889.8981747,179.8939842,889.6996532,179.7606032,889.6943298,-37.91236176,145.1285588,1.287048131,0.133487194,0.133487194,0,emission=-2.323 transition=-0.608 sigma=4.070 num_candidates=5.000,,5.472899997,0,,,
179.7614997,874.1097759,179.304569,874.1361298,145.1285552,-37.91250215,hmm,TRUE,TRUE,1162333280#0,0,,FALSE,179.7614997,874.1097759,179.1154175,875.8134003,183.339789,875.6850094,-37.9124886,145.1285962,3.909669437,4.226322134,4.226322134,0,emission=-2.862 transition=1.587 sigma=4.070 num_candidates=5.000,,5.737600033,0,,,
178.4770128,866.1653713,178.843628,866.1442264,145.1285388,-37.91257348,hmm,TRUE,TRUE,1162333280#0,0,,FALSE,178.4770128,866.1653713,178.193725,864.6264395,182.9992482,864.4803858,-37.91258948,145.1285898,4.82594956,4.807742205,4.807742205,0,emission=-3.020 transition=1.534 sigma=4.070 num_candidates=5.000,,6.607699965,0,,,
178.8677529,852.4028305,178.3683069,852.4140408,145.1285401,-37.91269753,hmm,TRUE,TRUE,491516483#0,0,,FALSE,178.8677529,852.4028305,177.9823963,852.4079586,178.3679761,852.3993041,-37.91269747,145.1285344,0.49978923,0.385676949,0.385676949,0,emission=-2.327 transition=1.520 sigma=4.070 num_candidates=5.000,,5.550900009,0,,,
185.7690031,833.117535,185.0792351,831.827511,145.1286142,-37.9128725,hmm,TRUE,TRUE,491516483#0,0,,FALSE,185.7690031,833.117535,181.5083355,836.6276001,180.01,837.37,-37.91283315,145.1285496,7.158880866,1.67217431,1.077268329,0,emission=-2.358 transition=-2.309 sigma=4.070 num_candidates=5.000,,6.129999994,0,,,
200.7170259,830.5796513,201.003162,829.203238,145.1287835,-37.91289806,hmm,TRUE,TRUE,-491516483#1,0,,FALSE,200.7170259,830.5796513,191.5272364,826.9127255,190.68,825.81,-37.91293922,145.1286683,11.11267125,1.390616017,1.173377693,0,emission=-2.364 transition=-30.257 sigma=4.070 num_candidates=5.000,,5.722699978,0,,,
213.6206251,829.0900828,213.8564537,826.5018637,145.1289299,-37.91291382,hmm,TRUE,TRUE,-93686025#2,0,,FALSE,213.6206251,829.0900828,204.5901019,821.9771952,201.39,812.68,-37.91305943,145.1287871,20.46653385,9.832522081,5.889811011,0,emission=-3.370 transition=-58.668 sigma=4.070 num_candidates=5.000,,5.544000014,0,,,
226.3660422,826.9315027,226.082292,825.0177656,145.1290743,-37.91293557,hmm,TRUE,TRUE,1470433046#0,0,,FALSE,226.3660422,826.9315027,219.0557982,819.6719128,220.2088908,826.0657076,-37.91294225,145.1290041,6.217725818,6.496940349,6.496940349,0,emission=-3.597 transition=-20.045 sigma=4.070 num_candidates=5.000,,13.3467,0,,,
239.2908637,824.8796445,239.0267709,823.0984854,145.1292208,-37.91295639,hmm,TRUE,TRUE,1470433046#0,0,,FALSE,239.2908637,824.8796445,234.0101308,818.7506536,225.73,825.07,-37.91295222,145.1290667,13.56219966,10.41607915,8.050062339,0,emission=-4.279 transition=-39.837 sigma=4.070 num_candidates=5.000,,7.232400007,0,,,
250.4410127,822.5648999,250.3157184,821.5662212,145.1293471,-37.91297925,hmm,TRUE,TRUE,1470433046#1,0,,FALSE,250.4410127,822.5648999,247.9613903,818.1878766,244.04,822.35,-37.91298003,145.1292743,6.404619078,5.718441501,2.777369443,0,emission=-2.555 transition=-67.632 sigma=4.070 num_candidates=5.000,,8.746100008,0,,,
261.3573332,819.603221,261.4286906,820.1719864,145.1294705,-37.91300791,hmm,TRUE,TRUE,1470433046#2,0,,FALSE,261.3573332,819.603221,260.8124502,817.1737593,261.1923285,820.2016404,-37.91300249,145.1294688,0.620751394,3.051617808,3.051617808,0,emission=-2.604 transition=-1.860 sigma=4.070 num_candidates=5.000,,9.379299998,0,,,
272.3272402,819.9039277,272.1914622,818.8216877,145.1295953,-37.91300718,hmm,TRUE,TRUE,1470433046#2,0,,FALSE,272.3272402,819.9039277,272.809887,817.242621,272.9953436,818.7208327,-37.91301796,145.1296027,1.358703794,1.489799945,1.489799945,0,emission=-2.390 transition=1.099 sigma=4.070 num_candidates=5.000,,8.618499967,0,,,
283.3237689,817.156136,283.3569812,817.4208603,145.1297197,-37.91303392,hmm,TRUE,TRUE,1470433046#2,0,,FALSE,283.3237689,817.156136,284.2194377,816.3527196,284.3380052,817.2977809,-37.91303283,145.1297313,1.024079363,0.952470088,0.952470088,0,emission=-2.350 transition=1.546 sigma=4.070 num_candidates=5.000,,5.865600018,0,,,
294.5708206,815.7153717,294.6077023,816.0093435,145.1298473,-37.91304893,hmm,TRUE,TRUE,1470433046#2,0,,FALSE,294.5708206,815.7153717,295.392103,815.3242733,295.4645648,815.9018414,-37.91304741,145.1298575,0.912989357,0.582095873,0.582095873,0,emission=-2.333 transition=1.579 sigma=4.070 num_candidates=5.000,,5.525599991,0,,,
305.2803713,815.5376825,305.1732418,814.6837896,145.129969,-37.91305247,hmm,TRUE,TRUE,1470433046#2,0,,FALSE,305.2803713,815.5376825,306.1892748,814.7922085,306.1601386,814.5599734,-37.91306144,145.1299788,1.315258747,0.234055668,0.234055668,0,emission=-2.324 transition=1.455 sigma=4.070 num_candidates=5.000,,5.645999976,0,,,
316.4872991,814.5747151,316.3143736,813.2714029,145.1300962,-37.91306317,hmm,TRUE,TRUE,1470433046#2,0,,FALSE,316.4872991,814.5747151,317.035632,814.1720199,314.29,813.54,-37.91307209,145.130071,2.428736025,2.817435763,2.635085482,0,emission=-2.532 transition=-11.743 sigma=4.070 num_candidates=5.000,,9.058199998,0,,,
326.9801326,812.9475787,326.8138136,811.807504,145.1302152,-37.91307972,hmm,TRUE,TRUE,1470433046#3,0,,FALSE,326.9801326,812.9475787,327.6089547,813.1141163,327.405743,811.7211508,-37.91309085,145.1302197,1.298179344,1.407710179,1.407710179,0,emission=-2.382 transition=-21.433 sigma=4.070 num_candidates=5.000,,7.363799959,0,,,
338.3398423,811.7332669,338.11744,810.1731309,145.1303441,-37.91309271,hmm,TRUE,TRUE,1470433046#3,0,,FALSE,338.3398423,811.7332669,338.4697183,811.9485776,333.72,810.8,-37.91310029,145.1302913,4.713165601,4.886619967,4.504257579,0,emission=-2.935 transition=-21.101 sigma=4.070 num_candidates=5.000,,5.736499967,0,,,
350.5821083,810.7296699,350.2604905,808.4518121,145.130483,-37.91310397,hmm,TRUE,TRUE,1360476884,0,,FALSE,350.5821083,810.7296699,350.0041494,810.8273809,349.6803019,808.5337308,-37.91312359,145.1304723,2.373900492,2.316399824,2.316399824,0,emission=-2.485 transition=-23.157 sigma=4.070 num_candidates=5.000,,11.60789997,0,,,
361.9218378,808.3952312,361.7017398,806.8363869,145.1306114,-37.91312704,hmm,TRUE,TRUE,1360476884,0,,FALSE,361.9218378,808.3952312,361.5404895,809.0779182,361.2333386,806.9025219,-37.91314037,145.1306033,1.643840686,2.196973029,2.196973029,0,emission=-2.468 transition=1.606 sigma=4.070 num_candidates=5.000,,6.005900039,0,,,
372.7158251,806.7776112,372.4451416,805.2801202,145.1307338,-37.91314357,hmm,TRUE,TRUE,1360476884,0,,FALSE,372.7158251,806.7776112,372.7687506,807.2767477,372.4090243,805.2866487,-37.91315694,145.13073,1.522201039,2.022349438,2.022349438,0,emission=-2.446 transition=1.213 sigma=4.070 num_candidates=5.000,,6.777499977,0,,,
385.3227822,804.3996266,385.1189043,803.2770699,145.1308766,-37.91316727,hmm,TRUE,TRUE,1470433048,0,,FALSE,385.3227822,804.3996266,384.6825819,805.0985398,384.3762642,803.4119476,-37.91317599,145.1308656,1.367993418,1.714183089,1.714183089,0,emission=-2.411 transition=0.061 sigma=4.070 num_candidates=5.000,,6.30280003,0,,,
396.6316222,803.121653,396.2913205,801.247944,145.1310049,-37.91318082,hmm,TRUE,TRUE,1470433048,0,,FALSE,396.6316222,803.121653,396.4023472,803.2530111,396.0462715,801.2924496,-37.91319719,145.1309978,1.920578183,1.992634238,1.992634238,0,emission=-2.442 transition=1.593 sigma=4.070 num_candidates=5.000,,11.8634,0,,,
405.9829333,800.4300335,405.42,799.59,145.1311106,-37.91320676,hmm,TRUE,TRUE,-45897759#2,0,,FALSE,405.9829333,800.4300335,406.9683186,800.9584021,411.38,798.11,-37.91322863,145.1311714,5.874596531,5.25131676,4.133434697,0,emission=-2.838 transition=-2.493 sigma=4.070 num_candidates=5.000,,6.154000002,0,,,
409.0103619,795.4063401,408.5519489,795.2690907,145.1311439,-37.91325256,hmm,TRUE,TRUE,-45897759#2,0,,FALSE,409.0103619,795.4063401,413.5650668,797.1971611,413.6521203,797.7561615,-37.91323223,145.1311972,5.20265138,0.565738212,0.565738212,0,emission=-2.332 transition=-23.486 sigma=4.070 num_candidates=5.000,,6.98820001,0,,,
404.3935659,796.3727691,406.5874438,798.3535275,145.1310916,-37.91324302,hmm,TRUE,TRUE,-45897759#2,0,,FALSE,404.3935659,796.3727691,413.7230519,795.508294,414.0631453,797.6921523,-37.91323288,145.1312019,9.759177152,2.210181134,2.210181134,0,emission=-2.470 transition=-4.792 sigma=4.070 num_candidates=5.000,,5.562799983,0,,,
392.9754148,797.5923992,391.9501521,795.8214909,145.1309621,-37.91322997,hmm,TRUE,TRUE,-45897759#2,0,,FALSE,392.9754148,797.5923992,406.433254,795.4346312,411.38,798.11,-37.91322863,145.1311714,18.41186213,5.623868302,2.309145773,0,emission=-2.484 transition=-21.264 sigma=4.070 num_candidates=5.000,,5.58269996,0,,,
382.7327321,801.5956452,383.1045556,803.6429144,145.1308465,-37.91319206,hmm,TRUE,TRUE,1470433048,0,,FALSE,382.7327321,801.5956452,395.3265167,797.7887521,395.9655193,801.3071158,-37.91319705,145.1309969,13.23593235,3.575920469,3.575920469,0,emission=-2.709 transition=-4.778 sigma=4.070 num_candidates=5.000,,5.636000016,0,,,
371.1628423,802.5232803,371.1168083,802.2697163,145.1307152,-37.91318161,hmm,TRUE,TRUE,1470433048,0,,FALSE,371.1628423,802.5232803,381.8069545,800.0828713,382.3215034,803.7746348,-37.91317235,145.1308423,11.2286066,3.727449352,3.727449352,0,emission=-2.742 transition=0.846 sigma=4.070 num_candidates=5.000,,5.770699994,0,,,
358.5470888,805.5203538,358.3436752,804.0786151,145.1305724,-37.91315233,hmm,TRUE,TRUE,1470433048,0,,FALSE,358.5470888,805.5203538,366.9007877,803.1535409,375.18,804.77,-37.9131621,145.1307614,16.6498278,8.435537685,7.799808753,0,emission=-4.159 transition=-38.434 sigma=4.070 num_candidates=5.000,,5.491800024,0,,,
346.5860028,807.3497602,346.3629694,805.7689622,145.1304368,-37.91313369,hmm,TRUE,TRUE,-1360476884,0,,FALSE,346.5860028,807.3497602,352.0329915,806.0083273,351.8892135,804.9892694,-37.91315591,145.1304966,5.804822189,1.029150684,1.029150684,0,emission=-2.355 transition=1.517 sigma=4.070 num_candidates=5.000,,8.635200036,0,,,
336.2649652,807.7142809,336.1937946,807.2171491,145.1303196,-37.91312854,hmm,TRUE,TRUE,-1360476884,0,,FALSE,336.2649652,807.7142809,338.5136824,807.8404051,342.67,806.29,-37.91314253,145.1303921,6.561482064,4.436071647,2.108693492,0,emission=-2.457 transition=-20.052 sigma=4.070 num_candidates=5.000,,5.101500021,0,,,
325.1356265,808.2738985,325.214163,808.811874,145.1301931,-37.91312149,hmm,TRUE,TRUE,-1470433046#3,0,,FALSE,325.1356265,808.2738985,325.809531,809.0094596,325.7688648,808.7308957,-37.91311749,145.1302004,0.780920679,0.281516628,0.281516628,0,emission=-2.325 transition=-24.099 sigma=4.070 num_candidates=5.000,,12.5826,0,,,
315.3874308,809.7530623,315.4421564,810.1652504,145.1300826,-37.9131064,hmm,TRUE,TRUE,-1470433046#2,0,,FALSE,315.3874308,809.7530623,314.4782712,810.2074852,313.9,810.37,-37.91310058,145.1300659,1.610298889,0.600673492,0.127076791,0,emission=-2.323 transition=-31.218 sigma=4.070 num_candidates=5.000,,8.440000005,0,,,
298.3471588,812.4139252,298.3353974,812.3200506,145.1298895,-37.91307936,hmm,TRUE,TRUE,-1470433046#2,0,,FALSE,298.3471588,812.4139252,300.4275585,812.0639982,300.4268098,812.0580228,-37.91308294,145.129913,2.109885072,0.006022122,0.006022122,0,emission=-2.323 transition=-1.362 sigma=4.070 num_candidates=5.000,,7.016200048,0,,,
286.1174895,812.6529236,286.2652493,813.8322897,145.1297505,-37.91307499,hmm,TRUE,TRUE,-1470433046#2,0,,FALSE,286.1174895,812.6529236,286.9344478,813.1659977,287.0062938,813.7394461,-37.91306537,145.1297608,1.403746473,0.57793157,0.57793157,0,emission=-2.333 transition=1.546 sigma=4.070 num_candidates=5.000,,5.697299959,0,,,
271.3041648,815.6676387,271.3089864,815.706123,145.1295827,-37.91304516,hmm,TRUE,TRUE,-1470433046#2,0,,FALSE,271.3041648,815.6676387,272.6346969,815.1430296,272.6836672,815.5338926,-37.91304661,145.1295984,1.385970716,0.393918738,0.393918738,0,emission=-2.327 transition=1.604 sigma=4.070 num_candidates=5.000,,5.356299982,0,,,
259.2989387,817.7011737,259.2384544,817.2184102,145.1294467,-37.91302467,hmm,TRUE,TRUE,-1470433046#2,0,,FALSE,259.2989387,817.7011737,259.2609066,817.2393208,259.2579802,817.2159638,-37.91302903,145.1294461,0.48693553,0.023539616,0.023539616,0,emission=-2.323 transition=1.577 sigma=4.070 num_candidates=5.000,,5.289699999,0,,,
246.444607,823.6927127,246.2428174,822.0751931,145.1293019,-37.91296837,hmm,TRUE,TRUE,1470433046#1,0,,FALSE,246.444607,823.6927127,246.1554548,821.3783665,244.04,822.35,-37.91298003,145.1292743,2.75409009,2.327921957,0.593409822,0,emission=-2.333 transition=-12.794 sigma=4.070 num_candidates=5.000,,8.567799989,0,,,
233.2570808,823.6989819,233.2940729,823.9484735,145.129152,-37.91296593,hmm,TRUE,TRUE,-1470433046#0,0,,FALSE,233.2570808,823.6989819,233.0586852,823.8354066,225.16,821.92,-37.91298049,145.1290595,8.290204705,8.12760792,1.962421598,0,emission=-2.439 transition=-64.417 sigma=4.070 num_candidates=5.000,,5.669400038,0,,,
221.3905087,825.2800275,221.4905183,825.8345718,145.1290174,-37.91294954,hmm,TRUE,TRUE,-725249377#0,0,,FALSE,221.3905087,825.2800275,220.6161497,825.827421,221.2752938,831.0264836,-37.91289776,145.1290174,5.747611032,5.240679607,5.240679607,0,emission=-3.152 transition=-34.105 sigma=4.070 num_candidates=5.000,,8.566299977,0,,,
210.0871015,826.4139925,210.0866106,826.3967513,145.1288891,-37.91293728,hmm,TRUE,TRUE,-725249377#0,0,,FALSE,210.0871015,826.4139925,208.8816327,827.2923315,209.5436226,832.5138405,-37.91288224,145.1288843,6.124011328,5.263305691,5.263305691,0,emission=-3.159 transition=1.609 sigma=4.070 num_candidates=5.000,,5.333699984,0,,,
202.7718656,823.0651723,205.5709419,819.0065116,145.1288052,-37.91296613,hmm,TRUE,TRUE,1470433047#2,0,,FALSE,202.7718656,823.0651723,199.58262,826.1795853,201.18,829.24,-37.91291022,145.1287885,6.37671806,3.452211014,1.492774195,0,emission=-2.390 transition=-36.696 sigma=4.070 num_candidates=5.000,,5.002499965,0,,,
199.7637971,807.6942707,200.3532979,807.5745675,145.1287675,-37.91310405,hmm,TRUE,TRUE,1470433047#1,0,,FALSE,199.7637971,807.6942707,194.0055547,817.3431392,196.6,820.11,-37.91299163,145.1287343,12.8124918,3.792975738,3.792975738,0,emission=-2.757 transition=-41.087 sigma=4.070 num_candidates=5.000,,10.84860001,0,,,
197.7677255,795.4688699,198.2271966,795.4043757,145.128742,-37.91321382,hmm,TRUE,TRUE,-93686025#2,0,,FALSE,197.7677255,795.4688699,191.2294668,805.1291852,199.515102,803.4467156,-37.91314227,145.1287637,8.16696676,8.454729719,8.454729719,0,emission=-4.480 transition=-3.359 sigma=4.070 num_candidates=5.000,,7.762199966,0,,,
197.2650441,782.3833155,196.5292868,782.4742281,145.1287333,-37.9133316,hmm,TRUE,TRUE,424926868#1,0,,FALSE,197.2650441,782.3833155,190.7304461,790.8042452,188.23,784.01,-37.91331532,145.1286309,9.180311777,7.239751291,7.192093096,0,emission=-3.884 transition=0.833 sigma=4.070 num_candidates=5.000,,7.094199944,0,,,
196.1310093,770.720468,195.1382413,770.8331039,145.1287177,-37.91343646,hmm,TRUE,TRUE,-93686025#0,0,,FALSE,196.1310093,770.720468,191.0422968,776.3634423,195.67,775.52,-37.91339314,145.1287136,4.821621821,4.703937875,4.190990161,0,emission=-2.853 transition=-68.448 sigma=4.070 num_candidates=5.000,,15.44430002,0,,,
198.5381926,760.3973765,193.9619037,760.9528433,145.1287427,-37.91352989,hmm,TRUE,TRUE,-93686025#0,0,,FALSE,198.5381926,760.3973765,193.2906289,763.0210117,194.1995456,762.910688,-37.91350646,145.128694,5.014039566,0.915587749,0.915587749,0,emission=-2.348 transition=-2.569 sigma=4.070 num_candidates=5.000,,10.98399999,0,,,
206.4965897,753.816161,206.1368573,751.4502051,145.1288317,-37.91359061,hmm,TRUE,TRUE,-93686025#0,0,,FALSE,206.4965897,753.816161,199.3244076,752.6315406,199.3027797,752.4892944,-37.91360126,145.1287496,7.315153961,0.143881044,0.143881044,0,emission=-2.323 transition=-17.642 sigma=4.070 num_candidates=5.000,,5.533299991,0,,,
223.113888,751.6948366,222.6939304,748.9327803,145.1290202,-37.91361273,hmm,TRUE,TRUE,-93686025#0,0,,FALSE,223.113888,751.6948366,211.9324504,746.6134213,212.5202899,750.4796343,-37.91362176,145.1288995,10.66306887,3.910646787,3.910646787,0,emission=-2.784 transition=-1.397 sigma=4.070 num_candidates=5.000,,7.21489999,0,,,
229.0058979,751.5818403,228.4696003,748.054617,145.1290872,-37.91361481,hmm,TRUE,TRUE,-93686025#0,0,,FALSE,229.0058979,751.5818403,223.0912877,744.4502859,223.7484516,748.7724454,-37.91363917,145.1290267,5.960993324,4.371833357,4.371833357,0,emission=-2.899 transition=1.563 sigma=4.070 num_candidates=5.000,,6.991300033,0,,,
234.511181,747.1423585,234.5131402,747.1559408,145.1291487,-37.9136558,hmm,TRUE,TRUE,-93686025#0,0,,FALSE,234.511181,747.1423585,232.4248451,742.3742568,231.92,747.53,-37.91365184,145.1291194,2.620016203,5.1804012,3.646003768,0,emission=-2.724 transition=-4.872 sigma=4.070 num_candidates=5.000,,4.910400021,0,,,
249.3159205,745.262967,249.2947576,745.1088279,145.1293167,-37.9136754,hmm,TRUE,TRUE,-93686034#0,0,,FALSE,249.3159205,745.262967,244.8764031,741.2224667,245.4818651,745.6323277,-37.91367138,145.1292731,3.851805829,4.451231085,4.451231085,0,emission=-2.921 transition=-18.318 sigma=4.070 num_candidates=5.000,,9.558599966,0,,,
258.0677465,744.9883474,257.9235267,743.9273653,145.1294161,-37.91367946,hmm,TRUE,TRUE,-93686034#0,0,,FALSE,258.0677465,744.9883474,256.2319435,741.2119219,256.6250472,744.1038683,-37.91368717,145.1293995,1.692242479,2.918541495,2.918541495,0,emission=-2.580 transition=1.069 sigma=4.070 num_candidates=5.000,,6.136599986,0,,,
265.944776,742.1757009,266.0330403,742.8250352,145.129505,-37.91370622,hmm,TRUE,TRUE,-93686034#0,0,,FALSE,265.944776,742.1757009,266.1523496,740.4429256,266.468112,742.7658956,-37.913701,145.1295111,0.788803179,2.344332696,2.344332696,0,emission=-2.488 transition=1.527 sigma=4.070 num_candidates=5.000,,5.576200027,0,,,
282.0065001,740.8262855,281.9834734,740.6568849,145.1296874,-37.91372128,hmm,TRUE,TRUE,-93686034#0,0,,FALSE,282.0065001,740.8262855,279.1314631,739.6813229,279.3134068,741.0198284,-37.91371905,145.1296568,2.70003893,1.350814707,1.350814707,0,emission=-2.378 transition=1.419 sigma=4.070 num_candidates=5.000,,9.120800009,0,,,
286.83428,738.2785148,287.0637051,739.9663265,145.1297417,-37.9137451,hmm,TRUE,TRUE,-93686034#0,0,,FALSE,286.83428,738.2785148,288.5006389,738.2178082,288.7079352,739.7428255,-37.91373225,145.1297633,2.377980181,1.539041769,1.539041769,0,emission=-2.394 transition=1.600 sigma=4.070 num_candidates=5.000,,5.72299998,0,,,
290.0587716,727.982122,292.0526697,727.6743082,145.129776,-37.91383844,hmm,TRUE,TRUE,-114900092#1,0,,FALSE,290.0587716,727.982122,294.4851141,732.3138841,296.73,734.13,-37.91378426,145.1298532,9.072028013,2.887523101,0.843438786,0,emission=-2.344 transition=-9.605 sigma=4.070 num_candidates=5.000,,8.064900001,0,,,
287.1489565,717.8110655,290.5440251,717.4073523,145.1297406,-37.91392953,hmm,TRUE,TRUE,46129051#0,0,,FALSE,287.1489565,717.8110655,295.2217195,723.5100974,295.475416,725.296944,-37.91386361,145.129837,11.1967989,1.804766658,1.804766658,0,emission=-2.421 transition=-38.225 sigma=4.070 num_candidates=5.000,,5.739899992,0,,,
288.1787959,707.9462955,289.4017033,707.8008775,145.12975,-37.91401858,hmm,TRUE,TRUE,-46129059#3,0,,FALSE,288.1787959,707.9462955,294.7090394,713.1854213,290.1070602,713.7326503,-37.91396681,145.1297733,6.09918885,4.634400934,4.634400934,0,emission=-2.971 transition=-20.747 sigma=4.070 num_candidates=5.000,,5.795399949,0,,,
287.9241018,693.0776585,287.6547496,693.1096877,145.1297437,-37.91415248,hmm,TRUE,TRUE,-46129059#3,0,,FALSE,287.9241018,693.0776585,293.1962558,699.6643623,288.5005736,700.2227337,-37.91408822,145.1297519,7.168292602,4.728764048,4.728764048,0,emission=-2.998 transition=1.608 sigma=4.070 num_candidates=5.000,,5.494699988,0,,,
286.1041282,679.3031664,285.9113863,679.3292798,145.1297199,-37.91427623,hmm,TRUE,TRUE,-46129053,0,,FALSE,286.1041282,679.3031664,290.6162958,684.8757233,290.8087838,686.1871607,-37.91421507,145.129775,8.338055027,1.325488459,1.325488459,0,emission=-2.376 transition=-17.033 sigma=4.070 num_candidates=5.000,,5.928499973,0,,,
284.4818691,667.3711116,284.3035853,667.3950745,145.1296987,-37.91438343,hmm,TRUE,TRUE,-46129059#2,0,,FALSE,284.4818691,667.3711116,287.7380627,670.5621568,285.44,675.85,-37.91430722,145.1297116,8.532852005,5.765620293,5.620668269,0,emission=-3.276 transition=-18.567 sigma=4.070 num_candidates=5.000,,5.210699979,0,,,
284.9163935,656.2858912,282.8657939,656.5567252,145.1297011,-37.91448336,hmm,TRUE,TRUE,-46129059#1,0,,FALSE,284.9163935,656.2858912,285.9656319,657.3231318,283.0184282,657.7123851,-37.91447017,145.1296799,2.374269814,2.97279791,2.97279791,0,emission=-2.589 transition=-29.998 sigma=4.070 num_candidates=5.000,,5.186400027,0,,,
283.9464184,649.0339867,281.9077864,649.30324,145.1296885,-37.91454851,hmm,TRUE,TRUE,-46129059#1,0,,FALSE,283.9464184,649.0339867,284.4159831,646.9215341,281.6416173,647.2879598,-37.91456383,145.1296619,2.89149063,2.798459093,2.798459093,0,emission=-2.559 transition=1.602 sigma=4.070 num_candidates=5.000,,6.055200007,0,,,
283.4028585,640.9332605,280.8469033,641.2708395,145.1296804,-37.91462139,hmm,TRUE,TRUE,-46129059#1,0,,FALSE,283.4028585,640.9332605,283.2920443,638.0449272,280.4700658,638.4176413,-37.91464352,145.1296465,3.8638857,2.846485257,2.846485257,0,emission=-2.567 transition=1.609 sigma=4.070 num_candidates=5.000,,5.520700011,0,,,
280.2674891,635.713388,280.1155507,635.7334553,145.1296436,-37.91466784,hmm,TRUE,TRUE,1011594504#2,0,,FALSE,280.2674891,635.713388,281.1737164,631.5108061,282.83,632.64,-37.91469599,145.129672,4.0015217,2.004583237,1.008834041,0,emission=-2.353 transition=-18.238 sigma=4.070 num_candidates=5.000,,6.312999991,0,,,
282.1081738,632.9473917,279.7742538,633.2723679,145.1296639,-37.91469309,hmm,TRUE,TRUE,1011594504#2,0,,FALSE,282.1081738,632.9473917,280.8935186,627.6027407,282.83,632.64,-37.91469599,145.129672,0.784552561,5.396660245,4.887170423,0,emission=-3.044 transition=-12.081 sigma=4.070 num_candidates=5.000,,5.569200031,0,,,
292.8086317,620.4655582,292.8469274,620.8919426,145.1297827,-37.91480747,hmm,TRUE,TRUE,44348023#1,0,,FALSE,292.8086317,620.4655582,286.3567122,620.299255,286.1765147,618.2776644,-37.91482598,145.1297068,6.983684929,2.029605798,2.029605798,0,emission=-2.447 transition=-30.697 sigma=4.070 num_candidates=5.000,,13.10310001,0,,,
298.6623078,620.0498728,298.6888592,620.2982525,145.1298492,-37.91481227,hmm,TRUE,TRUE,44348023#1,0,,FALSE,298.6623078,620.0498728,293.1332201,616.4953335,293.236001,617.6484066,-37.91483292,145.1297869,5.933957009,1.157644782,1.157644782,0,emission=-2.363 transition=-1.809 sigma=4.070 num_candidates=5.000,,7.089300023,0,,,
302.6970354,619.7120896,302.7137023,619.8680034,145.129895,-37.91481604,hmm,TRUE,TRUE,44348023#1,0,,FALSE,302.6970354,619.7120896,299.4849828,615.0531474,299.6916769,616.9741867,-37.91484016,145.1298602,4.065500226,1.932126856,1.932126856,0,emission=-2.435 transition=1.497 sigma=4.070 num_candidates=5.000,,6.261400005,0,,,
312.5510877,618.8871119,312.5436145,618.8172018,145.1300068,-37.91482525,hmm,TRUE,TRUE,44348023#1,0,,FALSE,312.5510877,618.8871119,308.157428,614.7282365,308.2994318,616.0480358,-37.91485006,145.1299578,5.112429083,1.327416777,1.327416777,0,emission=-2.376 transition=1.504 sigma=4.070 num_candidates=5.000,,5.389900005,0,,,
319.5424719,618.240974,319.5053427,617.951813,145.1300862,-37.91483234,hmm,TRUE,TRUE,1038136215,0,,FALSE,319.5424719,618.240974,316.7431343,614.9611802,316.7573812,615.0721802,-37.91486038,145.1300538,4.218765758,0.111910495,0.111910495,0,emission=-2.323 transition=-0.181 sigma=4.070 num_candidates=5.000,,5.031600012,0,,,
323.5294835,617.8137988,323.4816462,617.4412433,145.1301314,-37.91483691,hmm,TRUE,TRUE,1038136215,0,,FALSE,323.5294835,617.8137988,323.4959884,615.4290788,323.3417102,614.2270754,-37.91486918,145.1301285,3.591635242,1.211863819,1.211863819,0,emission=-2.367 transition=0.956 sigma=4.070 num_candidates=5.000,,5.61599998,0,,,
326.9278754,617.4496895,326.8709109,617.0060513,145.13017,-37.9148408,hmm,TRUE,TRUE,1038136215,0,,FALSE,326.9278754,617.4496895,328.564315,615.8904181,328.2696409,613.5945709,-37.91487577,145.1301844,4.08194491,2.314680837,2.314680837,0,emission=-2.484 transition=1.005 sigma=4.070 num_candidates=5.000,,5.561700033,0,,,
338.6262534,616.196293,338.9508196,615.9338305,145.1303027,-37.91485421,hmm,TRUE,TRUE,1038136215,0,,FALSE,338.6262534,616.196293,336.6903483,615.7575393,336.2807545,612.566337,-37.91488648,145.1302752,4.321798939,3.217380818,3.217380818,0,emission=-2.635 transition=1.358 sigma=4.070 num_candidates=5.000,,5.621599965,0,,,
345.8802975,615.3017446,345.9895033,616.1900179,145.130385,-37.91486358,hmm,TRUE,TRUE,139327110#0,0,,FALSE,345.8802975,615.3017446,344.7120051,615.3167821,344.8367851,616.331735,-37.91485411,145.1303734,1.466219045,1.022594439,1.022594439,0,emission=-2.354 transition=-13.394 sigma=4.070 num_candidates=5.000,,5.483500019,0,,,
354.8797255,614.1207238,354.9979682,615.0825024,145.1304871,-37.91487584,hmm,TRUE,TRUE,139327110#0,0,,FALSE,354.8797255,614.1207238,353.4285449,614.5004014,353.5224119,615.2639097,-37.9148653,145.1304719,1.774591275,0.769256744,0.769256744,0,emission=-2.340 transition=1.591 sigma=4.070 num_candidates=5.000,,5.486300041,0,,,
363.6137419,612.9745239,363.740756,614.0076497,145.1305861,-37.91488774,hmm,TRUE,TRUE,139327110#0,0,,FALSE,363.6137419,612.9745239,362.405028,613.452118,362.4921975,614.1611495,-37.91487685,145.1305736,1.632771287,0.714369819,0.714369819,0,emission=-2.338 transition=1.609 sigma=4.070 num_candidates=5.000,,5.015600007,0,,,
370.1722122,612.1138224,370.3058139,613.2005306,145.1306605,-37.91489668,hmm,TRUE,TRUE,139327110#0,0,,FALSE,370.1722122,612.1138224,370.3722431,612.4157067,370.4663049,613.1807996,-37.91488712,145.1306641,1.106765946,0.770853259,0.770853259,0,emission=-2.341 transition=1.608 sigma=4.070 num_candidates=5.000,,5.286000029,0,,,
383.7027489,610.3381257,383.849943,611.5353931,145.1308139,-37.91491512,hmm,TRUE,TRUE,139327110#0,0,,FALSE,383.7027489,610.3381257,381.1082167,610.9545241,381.2193896,611.8587977,-37.91490097,145.130786,2.91196096,0.911081868,0.911081868,0,emission=-2.348 transition=1.605 sigma=4.070 num_candidates=5.000,,5.638100032,0,,,
391.6091474,609.3342066,391.7602041,610.5628926,145.1309036,-37.91492559,hmm,TRUE,TRUE,139327110#0,0,,FALSE,391.6091474,609.3342066,390.8673601,609.617086,390.9952019,610.6569432,-37.91491357,145.1308969,1.458273369,1.047686296,1.047686296,0,emission=-2.356 transition=1.605 sigma=4.070 num_candidates=5.000,,5.914600042,0,,,
402.4882483,607.9984402,402.6390957,609.2254237,145.131027,-37.91493959,hmm,TRUE,TRUE,139327110#0,0,,FALSE,402.4882483,607.9984402,401.319225,608.231536,401.4592482,609.3704761,-37.91492705,145.1310156,1.715028803,1.147515138,1.147515138,0,emission=-2.362 transition=1.607 sigma=4.070 num_candidates=5.000,,5.749400007,0,,,
410.3984391,607.0271961,410.5487578,608.2581517,145.1311167,-37.91494977,hmm,TRUE,TRUE,139327110#0,0,,FALSE,410.3984391,607.0271961,410.6926398,607.0144173,410.8401733,608.2225654,-37.91493908,145.131122,1.274377031,1.217122806,1.217122806,0,emission=-2.367 transition=1.603 sigma=4.070 num_candidates=5.000,,5.224800028,0,,,
420.3874833,605.80069,420.5455439,606.9414261,145.13123,-37.91496262,hmm,TRUE,TRUE,139327110#0,0,,FALSE,420.3874833,605.80069,420.3253588,605.7947797,414.71,607.75,-37.91494404,145.1311659,6.002801521,5.946018905,1.968706609,0,emission=-2.440 transition=-27.446 sigma=4.070 num_candidates=5.000,,5.413799954,0,,,
432.3615568,604.3304261,432.4939411,605.2858543,145.1313658,-37.91497803,hmm,TRUE,TRUE,1117069530,0,,FALSE,432.3615568,604.3304261,431.1486447,604.4498735,420.51,593.54,-37.91507309,145.1312286,16.02787241,15.23831034,0.582024674,0,emission=-2.333 transition=-35.926 sigma=4.070 num_candidates=5.000,,5.587199994,0,,,
445.0737543,602.6028394,445.2015411,603.5250872,145.13151,-37.91499589,hmm,TRUE,TRUE,1209622645,0,,FALSE,445.0737543,602.6028394,443.1336619,602.8914622,455.27,602.13,-37.91500199,145.1316258,10.20720351,12.16020258,2.617029632,0,emission=-2.529 transition=-30.111 sigma=4.070 num_candidates=5.000,,5.788400013,0,,,
459.1254683,600.6928887,459.2473944,601.5885712,145.1316693,-37.91501563,hmm,TRUE,TRUE,52631734#4,0,,FALSE,459.1254683,600.6928887,456.4958404,601.105961,458.0037293,611.0355216,-37.91492226,145.1316589,10.40328574,10.04340099,10.04340099,0,emission=-5.367 transition=-3.755 sigma=4.070 num_candidates=5.000,,6.791599968,0,,,
472.8766868,598.7654706,473.0060322,599.7156559,145.1318253,-37.91503548,hmm,TRUE,TRUE,52631734#4,0,,FALSE,472.8766868,598.7654706,470.5091326,599.1774624,471.9874026,608.911981,-37.91494391,145.1318175,10.18540623,9.846122872,9.846122872,0,emission=-5.249 transition=1.603 sigma=4.070 num_candidates=5.000,,5.508000031,0,,,
484.7584873,597.0927234,484.8952261,598.0972214,145.13196,-37.91505269,hmm,TRUE,TRUE,1209622645,0,,FALSE,484.7584873,597.0927234,483.8580809,597.3065397,483.9826245,598.2214507,-37.91504238,145.1319514,1.369667249,0.92334892,0.92334892,0,emission=-2.348 transition=1.609 sigma=4.070 num_candidates=5.000,,5.443500006,0,,,
499.8681458,594.8345249,500.0317981,596.0367327,145.1321313,-37.91507576,hmm,TRUE,TRUE,1209622645,0,,FALSE,499.8681458,594.8345249,498.2500781,595.2034651,498.3938596,596.2596996,-37.91506266,145.1321148,2.05052254,1.065975749,1.065975749,0,emission=-2.357 transition=1.606 sigma=4.070 num_candidates=5.000,,5.748300056,0,,,
513.5289575,592.779289,513.7187568,594.1735748,145.1322861,-37.91509674,hmm,TRUE,TRUE,1209622645,0,,FALSE,513.5289575,592.779289,512.5536464,593.060649,512.723586,594.309044,-37.91508281,145.1322773,1.728806963,1.259908519,1.259908519,0,emission=-2.370 transition=1.603 sigma=4.070 num_candidates=5.000,,5.95630001,0,,,
526.8795719,590.7495688,526.8656885,590.6561407,145.1324375,-37.91511743,hmm,TRUE,TRUE,569766862#0,0,,FALSE,526.8795719,590.7495688,526.5458024,590.926131,526.0432911,587.5399356,-37.9151462,145.1324272,3.316792258,3.423278659,3.423278659,0,emission=-2.676 transition=-13.420 sigma=4.070 num_candidates=5.000,,5.262099963,0,,,
540.3967226,588.6807569,540.3915863,588.6461923,145.1325907,-37.91513851,hmm,TRUE,TRUE,569766862#0,0,,FALSE,540.3967226,588.6807569,540.3563629,588.7941672,539.8658273,585.4886712,-37.91516717,145.132584,3.235932749,3.34169548,3.34169548,0,emission=-2.660 transition=1.608 sigma=4.070 num_candidates=5.000,,6.749299995,0,,,
553.6025149,586.6595761,553.6059275,586.6825412,145.1327404,-37.9151591,hmm,TRUE,TRUE,569766862#0,0,,FALSE,553.6025149,586.6595761,553.8691633,586.6984009,553.3917637,583.4814223,-37.91518769,145.1327373,3.185133885,3.252208735,3.252208735,0,emission=-2.642 transition=1.608 sigma=4.070 num_candidates=5.000,,5.329700012,0,,,
568.2650039,584.4355105,568.274991,584.5027183,145.1329066,-37.91518178,hmm,TRUE,TRUE,569766862#0,0,,FALSE,568.2650039,584.4355105,567.9151501,584.5312652,567.4497603,581.3952156,-37.91520902,145.1328967,3.147700011,3.170393532,3.170393532,0,emission=-2.626 transition=1.608 sigma=4.070 num_candidates=5.000,,7.266699977,0,,,
581.9230015,582.3854331,581.9353177,582.4683274,145.1330615,-37.91520271,hmm,TRUE,TRUE,569766862#0-AddedOffRampEdge,0,,FALSE,581.9230015,582.3854331,581.8261725,582.4065446,581.6027542,580.902823,-37.91521601,145.1330575,1.516802848,1.520228351,1.520228351,0,emission=-2.392 transition=-38.421 sigma=4.070 num_candidates=5.000,,39.98060001,0,,,
602.0353522,579.409638,602.0458607,579.4803654,145.1332895,-37.91523315,hmm,TRUE,TRUE,569766862#0-AddedOffRampEdge,0,,FALSE,602.0353522,579.409638,598.8788207,579.8493114,598.6588336,578.3686838,-37.91524192,145.1332508,3.533335992,1.496880856,1.496880856,0,emission=-2.390 transition=1.609 sigma=4.070 num_candidates=5.000,,5.453600024,0,,,
618.082871,577.0688559,618.0870548,577.0970147,145.1334714,-37.91525713,hmm,TRUE,TRUE,569766862#0-AddedOffRampEdge,0,,FALSE,618.082871,577.0688559,615.9712404,577.3250601,615.7490311,575.8294754,-37.91526787,145.1334446,2.642512552,1.512002127,1.512002127,0,emission=-2.392 transition=1.609 sigma=4.070 num_candidates=5.000,,10.25620004,0,,,
632.9228195,574.9159474,632.9194492,574.8932637,145.1336397,-37.9152792,hmm,TRUE,TRUE,569766862#0-AddedOffRampEdge,0,,FALSE,632.9228195,574.9159474,632.294065,574.9435917,632.0654993,573.4052253,-37.91529266,145.1336296,1.737031709,1.555253469,1.555253469,0,emission=-2.396 transition=1.609 sigma=4.070 num_candidates=5.000,,5.502399988,0,,,
648.2830212,572.7384706,648.2644318,572.6133539,145.1338138,-37.91530159,hmm,TRUE,TRUE,569766862#0-AddedOffRampEdge,0,,FALSE,648.2830212,572.7384706,648.2406312,572.6601313,647.9995884,571.0377879,-37.91531686,145.1338102,1.72413915,1.640152304,1.640152304,0,emission=-2.404 transition=1.608 sigma=4.070 num_candidates=5.000,,5.381900002,0,,,
664.001647,570.5101537,663.9674875,570.2802427,145.1339921,-37.9153245,hmm,TRUE,TRUE,569766862#0-AddedOffRampEdge,0,,FALSE,664.001647,570.5101537,664.0796733,570.418015,663.8224658,568.686874,-37.91534089,145.1339896,1.832063005,1.75014426,1.75014426,0,emission=-2.415 transition=1.608 sigma=4.070 num_candidates=5.000,,6.193100009,0,,,
679.9349614,568.2513561,679.9898599,572.1172718,145.1341727,-37.91534772,hmm,TRUE,TRUE,44348588#0,0,,FALSE,679.9349614,568.2513561,679.9527166,568.1834382,680.0085758,572.117006,-37.91531291,145.1341744,3.866350788,3.933964439,3.933964439,0,emission=-2.790 transition=-8.492 sigma=4.070 num_candidates=5.000,,6.842800009,0,,,
695.3315718,566.1292524,695.29,571.9,145.1343473,-37.91536961,hmm,TRUE,TRUE,569766862#1,0,,FALSE,695.3315718,566.1292524,695.5826112,566.0172906,695.5442531,564.9966444,-37.91537985,145.1343495,1.152403708,1.021366762,1.021366762,0,emission=-2.354 transition=1.214 sigma=4.070 num_candidates=5.000,,5.452599959,0,,,
712.1816256,583.009249,712.4920248,582.644695,145.1345427,-37.91522059,hmm,TRUE,TRUE,-668801471#5,0,,FALSE,712.1816256,583.009249,711.7839037,573.4679308,711.4909572,571.5038572,-37.91532411,145.1345323,11.52610353,1.985800215,1.985800215,0,emission=-2.442 transition=-4.670 sigma=4.070 num_candidates=5.000,,6.266200042,0,,,
721.9415524,590.9549606,720.9977609,591.3118565,145.1346555,-37.91515077,hmm,TRUE,TRUE,139332152#1,0,,FALSE,721.9415524,590.9549606,724.8082003,582.8192296,720.105,582.435,-37.91522719,145.1346327,8.715655646,4.718869105,4.412101481,0,emission=-2.910 transition=-7.332 sigma=4.070 num_candidates=5.000,,5.718300003,0,,,
726.2816467,608.5926976,725.52978,608.7869759,145.1347089,-37.91499267,hmm,TRUE,TRUE,139332152#2,0,,FALSE,726.2816467,608.5926976,732.9604069,597.7540348,724.87231,599.8439549,-37.91507122,145.1346909,8.861530847,8.353746405,8.353746405,0,emission=-4.429 transition=-2.163 sigma=4.070 num_candidates=5.000,,5.803200009,0,,,
730.5125743,622.1027676,729.067024,622.4762899,145.1347601,-37.91487173,hmm,TRUE,TRUE,139332152#2,0,,FALSE,730.5125743,622.1027676,737.9808634,613.8466164,729.0845107,616.1453854,-37.91492514,145.1347425,6.126154447,9.188548944,9.188548944,0,emission=-4.871 transition=1.506 sigma=4.070 num_candidates=5.000,,10.9461,0,,,
735.4029871,635.3939309,736.0502533,635.1871314,145.1348187,-37.91475288,hmm,TRUE,TRUE,139332152#3,0,,FALSE,735.4029871,635.3939309,741.6433518,629.9563381,737.555,645.22,-37.91466475,145.1348454,10.05896583,15.80170857,8.42980314,0,emission=-4.468 transition=-13.743 sigma=4.070 num_candidates=5.000,,5.055200018,0,,,
739.5314507,648.1933462,739.7104541,648.1926244,145.1348686,-37.91463832,hmm,TRUE,TRUE,5322853#3,0,,FALSE,739.5314507,648.1933462,744.4607086,645.3389988,746.5266667,653.8684544,-37.91458846,145.1349494,9.00776891,8.77609231,8.77609231,0,emission=-4.647 transition=-22.414 sigma=4.070 num_candidates=5.000,,6.211699976,0,,,
741.5581955,659.7459804,736.416157,659.6874151,145.1348942,-37.91453462,hmm,TRUE,TRUE,5322853#2,0,,FALSE,741.5581955,659.7459804,746.0266316,659.2856615,760.72,658.02,-37.91455362,145.1351117,19.23938045,14.74777856,12.23677223,0,emission=-6.842 transition=-13.898 sigma=4.070 num_candidates=5.000,,5.589000008,0,,,
740.9206198,671.4137913,738.2192184,673.375758,145.1348896,-37.9144294,hmm,TRUE,TRUE,988996003,0,,FALSE,740.9206198,671.4137913,745.7089112,672.1636649,734.585,677.7775,-37.91437093,145.134819,8.979803265,12.46019841,7.041877443,0,emission=-3.819 transition=-5.125 sigma=4.070 num_candidates=5.000,,5.507999973,0,,,
743.9278008,684.2524706,746.3076762,680.7210426,145.1349268,-37.91431429,hmm,TRUE,TRUE,5322853#5,0,,FALSE,743.9278008,684.2524706,746.2379723,684.892082,736.76,670.07,-37.91444075,145.134842,15.89087287,17.59335316,10.2979339,0,emission=-5.524 transition=-11.684 sigma=4.070 num_candidates=5.000,,11.91910001,0,,,
760.7876972,676.5072715,760.5121466,676.2929544,145.1351167,-37.9143871,hmm,TRUE,TRUE,10539044#0,0,,FALSE,760.7876972,676.5072715,754.5964017,687.1930903,747.4620499,689.2877389,-37.91426957,145.1349681,18.46383554,7.43549119,7.43549119,0,emission=-3.991 transition=-17.699 sigma=4.070 num_candidates=5.000,,5.323299963,0,,,
774.5191335,670.0097849,774.343402,669.3966897,145.1352714,-37.9144481,hmm,TRUE,TRUE,5322853#7,0,,FALSE,774.5191335,670.0097849,766.7337524,683.2112551,755.78,679.53,-37.91435896,145.1350604,21.01879206,11.55579208,9.361901138,0,emission=-4.968 transition=-49.186 sigma=4.070 num_candidates=5.000,,8.4394,0,,,
791.1169344,662.0290637,791.3832449,665.2913678,145.1354583,-37.91452299,hmm,TRUE,TRUE,46129094#1,0,,FALSE,791.1169344,662.0290637,782.4660516,674.9297636,782.5659922,674.9116986,-37.9144054,145.135364,15.46224091,0.101560145,0.101560145,0,emission=-2.323 transition=-25.182 sigma=4.070 num_candidates=5.000,,10.72249998,0,,,
801.7602221,664.6676477,801.6942605,664.2400343,145.1355799,-37.91450113,hmm,TRUE,TRUE,-630680457#0,0,,FALSE,801.7602221,664.6676477,797.1310765,669.9183779,797.25,661.68,-37.91452724,145.1355279,5.410003897,8.239236185,7.632281445,0,emission=-4.081 transition=-14.803 sigma=4.070 num_candidates=5.000,,9.614399984,0,,,
815.2859447,662.5860856,815.223308,662.1742497,145.1357332,-37.91452232,hmm,TRUE,TRUE,46129097#1,0,,FALSE,815.2859447,662.5860856,812.0231088,665.4746646,810.11,664.48,-37.91450433,145.1356748,5.511561965,2.156233541,2.156233541,0,emission=-2.463 transition=-46.521 sigma=4.070 num_candidates=5.000,,9.890200046,0,,,
827.672594,659.9903737,827.7129742,660.2571715,145.1358735,-37.91454794,hmm,TRUE,TRUE,46129098#1,0,,FALSE,827.672594,659.9903737,826.2173269,661.4622766,824.57,662.13,-37.9145281,145.1358387,3.768831415,1.777509618,1.777509618,0,emission=-2.418 transition=-54.882 sigma=4.070 num_candidates=5.000,,11.0768,0,,,
839.3732142,658.9479749,839.3032356,658.4912227,145.1360063,-37.91455944,hmm,TRUE,TRUE,-630680457#4,0,,FALSE,839.3732142,658.9479749,839.4068571,658.6917526,842.19,654.81,-37.91459722,145.1360374,5.005708592,4.776388567,0.711762653,0,emission=-2.338 transition=-23.350 sigma=4.070 num_candidates=5.000,,10.68760001,0,,,
853.6474069,657.189423,853.5139988,656.3135296,145.1361682,-37.91457785,hmm,TRUE,TRUE,-46129091#1,0,,FALSE,853.6474069,657.189423,853.13713,656.4755056,852.34,658.15,-37.91456896,145.1361535,1.622350445,1.854547884,0.296591349,0,emission=-2.325 transition=-18.193 sigma=4.070 num_candidates=5.000,,6.4595,0,,,
869.6045601,656.4155765,869.2419402,653.947541,145.1363494,-37.91458769,hmm,TRUE,TRUE,-630680457#5,0,,FALSE,869.6045601,656.4155765,868.0778418,655.109637,862.95,651.64,-37.91462951,145.1362727,8.190805884,6.191376502,2.218399529,0,emission=-2.471 transition=-9.156 sigma=4.070 num_candidates=5.000,,12.06409995,0,,,
877.0090071,653.4704876,876.9153799,652.8204993,145.136433,-37.91461556,hmm,TRUE,TRUE,630680457#7,0,,FALSE,877.0090071,653.4704876,879.4852152,653.1739961,879.3830939,652.4650391,-37.91462504,145.1364597,2.578219343,0.716274276,0.716274276,0,emission=-2.338 transition=-7.388 sigma=4.070 num_candidates=5.000,,5.674300017,0,,,
882.8800578,654.4327002,883.6030617,652.6203704,145.1364999,-37.91460795,hmm,TRUE,TRUE,-630680455#1,0,,FALSE,882.8800578,654.4327002,887.6742933,652.7499026,886.8,656.82,-37.91458715,145.1365451,4.589678331,4.162941424,0.73609689,0,emission=-2.339 transition=-34.341 sigma=4.070 num_candidates=5.000,,6.186700019,0,,,
890.466649,664.6364724,888.4043261,665.0390306,145.1365885,-37.9145174,hmm,TRUE,TRUE,630680455#1,0,,FALSE,890.466649,664.6364724,894.730101,657.9724438,890.4472083,658.8084495,-37.91456989,145.136587,5.828055344,4.363722713,4.363722713,0,emission=-2.897 transition=-243.872 sigma=4.070 num_candidates=5.000,,5.938699993,0,,,
890.9195791,671.180511,889.6514398,671.4280473,145.1365952,-37.91445853,hmm,TRUE,TRUE,630680455#1,0,,FALSE,890.9195791,671.180511,897.7208783,665.0141475,891.8810462,666.1540624,-37.91450398,145.136605,5.117578049,5.950045737,5.950045737,0,emission=-3.391 transition=0.778 sigma=4.070 num_candidates=5.000,,5.661699979,0,,,
893.7737588,682.7329692,891.974759,683.1072709,145.1366302,-37.91435497,hmm,TRUE,TRUE,1064871809#3,0,,FALSE,893.7737588,682.7329692,899.4658121,675.3959662,900.23,677.62,-37.91440219,145.1367025,8.235624112,2.351661033,1.180689293,0,emission=-2.365 transition=-0.727 sigma=4.070 num_candidates=5.000,,5.221800006,0,,,
897.6162096,696.2133029,894.9374622,696.8085801,145.136677,-37.91423423,hmm,TRUE,TRUE,1064871809#3,0,,FALSE,897.6162096,696.2133029,901.2826425,688.608855,901.7041654,688.5520133,-37.91430398,145.1367217,8.683705511,0.425338219,0.425338219,0,emission=-2.328 transition=-9.922 sigma=4.070 num_candidates=5.000,,6.112499977,0,,,
899.1797822,703.8550323,896.5932676,704.4117564,145.1366965,-37.91416567,hmm,TRUE,TRUE,-630680455#0,0,,FALSE,899.1797822,703.8550323,902.3373541,700.330421,895.56,699.61,-37.91420326,145.1366544,5.578810124,6.815536249,5.26837896,0,emission=-3.160 transition=-2.390 sigma=4.070 num_candidates=5.000,,11.51659997,0,,,
901.5697744,713.2001936,898.6214904,713.8347854,145.1367258,-37.91408192,hmm,TRUE,TRUE,-10585186,0,,FALSE,901.5697744,713.2001936,903.5184783,711.4644673,898.3507163,712.5767819,-37.91408696,145.1366891,3.278868236,5.286114539,5.286114539,0,emission=-3.166 transition=1.293 sigma=4.070 num_candidates=5.000,,7.562300016,0,,,
903.8173563,724.565789,901.0590325,725.1594936,145.136754,-37.91397994,hmm,TRUE,TRUE,-10585186,0,,FALSE,903.8173563,724.565789,904.8997573,723.0155713,900.788062,723.900577,-37.91398539,145.1367194,3.10147241,4.205861782,4.205861782,0,emission=-2.857 transition=1.358 sigma=4.070 num_candidates=5.000,,5.268799956,0,,,
906.4685024,734.4785329,903.19,735.03,145.1367864,-37.91389112,hmm,TRUE,TRUE,-46129071#0,0,,FALSE,906.4685024,734.4785329,906.7336094,734.0093763,909.71,732.83,-37.91390656,145.1368228,3.63661483,3.201535482,2.72614221,0,emission=-2.547 transition=-1.911 sigma=4.070 num_candidates=5.000,,5.400300026,0,,,
908.7032693,747.6259153,902.58,744.72,145.1368148,-37.91377309,hmm,TRUE,TRUE,10585197#1,0,,FALSE,908.7032693,747.6259153,908.7236052,746.1695665,910.84,750.08,-37.91375137,145.1368396,3.253943729,4.446416219,0.653067296,0,emission=-2.335 transition=-60.000 sigma=4.070 num_candidates=5.000,,14.58150003,0,,,
898.480271,749.6977424,897.9719468,749.1799609,145.136699,-37.91375258,hmm,TRUE,TRUE,10585197#1,0,,FALSE,898.480271,749.6977424,904.5559155,753.4982299,910.0641471,754.6725987,-37.91370986,145.1368318,12.60695764,5.63202959,5.63202959,0,emission=-3.280 transition=-16.886 sigma=4.070 num_candidates=5.000,,9.729999991,0,,,
886.7105609,756.1438954,886.4763463,755.3649646,145.1365666,-37.9136924,hmm,TRUE,TRUE,-10585181#6,0,,FALSE,886.7105609,756.1438954,895.5061119,759.7244931,891.15,753.88,-37.91371359,145.1366166,4.983356489,7.289294244,6.111412557,0,emission=-3.450 transition=0.333 sigma=4.070 num_candidates=5.000,,5.119200039,0,,,
879.7532188,758.3085604,879.4870625,757.3614182,145.136488,-37.91367164,hmm,TRUE,TRUE,-10585181#6,0,,FALSE,879.7532188,758.3085604,885.9885757,763.2844572,884.83,755.86,-37.91369462,145.1365452,5.636413345,7.514310517,6.714937789,0,emission=-3.684 transition=-16.059 sigma=4.070 num_candidates=5.000,,9.276400029,0,,,
872.2421782,760.1186026,872.0484145,759.3687637,145.136403,-37.91365399,hmm,TRUE,TRUE,-10585181#5,0,,FALSE,872.2421782,760.1186026,876.4030477,765.1015171,874.741814,758.6727702,-37.91366746,145.1364311,2.887665205,6.63991593,6.620541559,0,emission=-3.646 transition=-42.159 sigma=4.070 num_candidates=5.000,,7.362600008,0,,,
862.0762073,762.6195013,861.9354893,762.1050544,145.136288,-37.91362963,hmm,TRUE,TRUE,-10585181#4,0,,FALSE,862.0762073,762.6195013,865.8049656,766.4008379,861.04,762.35,-37.91363187,145.1362761,1.070680403,6.254133452,3.816291946,0,emission=-2.762 transition=-27.629 sigma=4.070 num_candidates=5.000,,6.227999984,0,,,
853.3216574,763.389862,853.6220987,764.4626978,145.1361886,-37.91362111,hmm,TRUE,TRUE,-10585181#4,0,,FALSE,853.3216574,763.389862,855.490558,766.7792278,855.56,763.92,-37.91361674,145.1362142,2.300266047,2.860070963,2.305913859,0,emission=-2.483 transition=-21.495 sigma=4.070 num_candidates=5.000,,5.704899959,0,,,
845.168955,768.2360461,844.8107341,766.9155455,145.136097,-37.91357599,hmm,TRUE,TRUE,-10585181#3,0,,FALSE,845.168955,768.2360461,845.8900973,768.8224003,845.3342837,766.7735188,-37.91358919,145.1360986,1.471842306,2.12293291,2.12293291,0,emission=-2.459 transition=-41.483 sigma=4.070 num_candidates=5.000,,5.386699981,0,,,
837.498473,769.5230725,837.3408114,768.9417755,145.1360101,-37.91356301,hmm,TRUE,TRUE,-10585181#3,0,,FALSE,837.498473,769.5230725,837.1373603,770.3830757,840.85,767.99,-37.91357742,145.1360479,3.685518217,4.417069689,0.113226947,0,emission=-2.323 transition=-19.613 sigma=4.070 num_candidates=5.000,,5.663199991,0,,,
827.8713806,773.6724414,827.3254937,771.6557888,145.1359016,-37.9135239,hmm,TRUE,TRUE,46129080,0,,FALSE,827.8713806,773.6724414,828.0065259,773.0993725,822.14,769.81,-37.91355766,145.1358355,6.911380263,6.725778622,6.012315811,0,emission=-3.414 transition=-15.991 sigma=4.070 num_candidates=5.000,,5.48490003,0,,,
815.9660618,775.6707325,815.7392977,774.8700591,145.1357667,-37.91350375,hmm,TRUE,TRUE,-10585181#1,0,,FALSE,815.9660618,775.6707325,817.4542323,775.5530375,816.94,774.53,-37.9135142,145.1357775,1.499942083,1.145006766,0.995911479,0,emission=-2.353 transition=-44.183 sigma=4.070 num_candidates=5.000,,5.530899973,0,,,
809.8181155,777.3286818,809.6131789,776.6050787,145.1356971,-37.91348771,hmm,TRUE,TRUE,-10585181#1,0,,FALSE,809.8181155,777.3286818,808.863765,777.6261067,808.6517136,776.8773818,-37.91349156,145.1356838,1.250665891,0.778174019,0.778174019,0,emission=-2.341 transition=0.496 sigma=4.070 num_candidates=5.000,,11.9786,0,,,
802.8747846,779.2540613,802.6814084,778.5866013,145.1356186,-37.91346911,hmm,TRUE,TRUE,-10585181#1,0,,FALSE,802.8747846,779.2540613,801.2684518,779.5732832,801.114143,779.0406689,-37.91347072,145.1355986,1.7735262,0.554517178,0.554517178,0,emission=-2.332 transition=1.605 sigma=4.070 num_candidates=5.000,,9.616199997,0,,,
795.1016599,781.7436347,794.9118586,781.3965207,145.1355308,-37.91344529,hmm,TRUE,TRUE,10585181#1,0,,FALSE,795.1016599,781.7436347,793.8615258,781.7385317,801.04,782.39,-37.91344053,145.1355985,5.973413699,7.207974956,4.231444961,0,emission=-2.863 transition=-29.956 sigma=4.070 num_candidates=5.000,,7.465500035,0,,,
790.3101545,784.4668214,790.0457271,784.1919364,145.1354769,-37.91341989,hmm,TRUE,TRUE,10585181#0,0,,FALSE,790.3101545,784.4668214,787.9871322,784.1858101,797.76,783.48,-37.91343012,145.1355614,7.514919456,9.798321991,4.599143821,0,emission=-2.961 transition=-30.209 sigma=4.070 num_candidates=5.000,,5.469000025,0,,,
782.776669,789.0221753,785.7858295,790.0548094,145.1353923,-37.9133775,hmm,TRUE,TRUE,-1209653402#0,0,,FALSE,782.776669,789.0221753,781.6787319,787.7439853,786.54,795.1,-37.91332343,145.1354365,7.148609185,8.817192291,2.286941326,0,emission=-2.480 transition=-34.604 sigma=4.070 num_candidates=5.000,,8.947400027,0,,,
793.3967388,809.4368589,794.5041432,808.7699824,145.1355177,-37.91319551,hmm,TRUE,TRUE,-1209653402#0,0,,FALSE,793.3967388,809.4368589,784.0906465,800.0174077,788.0564295,797.735888,-37.91329995,145.1354543,12.86202256,4.575234135,4.575234135,0,emission=-2.954 transition=-45.727 sigma=4.070 num_candidates=5.000,,10.37769997,0,,,
800.2845003,819.6270833,801.0512319,819.1410947,145.1355984,-37.91310496,hmm,TRUE,TRUE,-1209653401,0,,FALSE,800.2845003,819.6270833,790.3684376,812.8712007,795.1543225,809.8376939,-37.91319222,145.1355378,11.05218842,5.666291424,5.666291424,0,emission=-3.292 transition=-26.322 sigma=4.070 num_candidates=5.000,,6.400500017,0,,,
805.4369479,827.3882689,806.037415,827.0076662,145.1356587,-37.91303597,hmm,TRUE,TRUE,-1209653401,0,,FALSE,805.4369479,827.3882689,797.7952073,824.3279647,802.4634094,821.3690504,-37.91308966,145.1356235,6.713637008,5.526959852,5.526959852,0,emission=-3.245 transition=1.606 sigma=4.070 num_candidates=5.000,,7.738600019,0,,,
808.7954472,835.198677,810.5316909,834.0981685,145.1356987,-37.91296622,hmm,TRUE,TRUE,-1209653401,0,,FALSE,808.7954472,835.198677,804.4944183,834.4769251,808.9726104,831.6384477,-37.91299832,145.1356999,3.564634524,5.301995663,5.301995663,0,emission=-3.171 transition=1.599 sigma=4.070 num_candidates=5.000,,7.73370004,0,,,
816.0292122,847.2270003,818.0439072,845.949997,145.1357837,-37.91285917,hmm,TRUE,TRUE,-1209653401,0,,FALSE,816.0292122,847.2270003,812.2073154,845.6978065,816.2570435,843.1309086,-37.91289611,145.1357853,4.102422948,4.794711946,4.794711946,0,emission=-3.016 transition=1.562 sigma=4.070 num_candidates=5.000,,5.304499995,0,,,
822.5772049,856.0953716,820.4189502,856.9715699,145.1358601,-37.91278046,hmm,TRUE,TRUE,-73530943#10,0,,FALSE,822.5772049,856.0953716,819.9946189,855.9978882,821.0501934,855.5693509,-37.91278492,145.1358426,1.615073323,1.139246094,1.139246094,0,emission=-2.362 transition=-1.245 sigma=4.070 num_candidates=5.000,,5.179799977,0,,,
824.7399559,865.214302,823.9031444,865.5540168,145.1358868,-37.9126987,hmm,TRUE,TRUE,1003898198#1,0,,FALSE,824.7399559,865.214302,825.394627,865.7196541,821.99,866.67,-37.91268509,145.1358559,3.111481017,3.534776114,1.430512714,0,emission=-2.384 transition=-14.176 sigma=4.070 num_candidates=5.000,,5.287300039,0,,,
828.850454,874.3713899,827.6849977,874.8463133,145.1359356,-37.91261695,hmm,TRUE,TRUE,-73530943#9,0,,FALSE,828.850454,874.3713899,830.0315516,875.0694224,829.128969,875.4368703,-37.9126074,145.135939,1.101280667,0.974511799,0.974511799,0,emission=-2.351 transition=-11.652 sigma=4.070 num_candidates=5.000,,14.94169998,0,,,
828.9681083,878.5281864,829.0866496,878.4851237,145.1359379,-37.91257953,hmm,TRUE,TRUE,-73530943#9,0,,FALSE,828.9681083,878.5281864,832.1868046,881.6816365,831.5203475,881.9236557,-37.9125494,145.1359677,4.247721356,0.709040413,0.709040413,0,emission=-2.338 transition=1.407 sigma=4.070 num_candidates=5.000,,7.749100041,0,,,
833.6325484,890.9675075,833.6224824,890.9711641,145.1359938,-37.91246831,hmm,TRUE,TRUE,-73530943#9,0,,FALSE,833.6325484,890.9675075,835.0494274,890.684422,834.7422638,890.7959663,-37.91247006,145.1360063,1.122895622,0.326789899,0.326789899,0,emission=-2.326 transition=1.571 sigma=4.070 num_candidates=5.000,,5.469000025,0,,,
838.1765216,900.0909357,837.1026682,900.4850986,145.1360475,-37.91238694,hmm,TRUE,TRUE,10670468#0,0,,FALSE,838.1765216,900.0909357,838.5140873,899.7969896,832.96,899.26,-37.91239349,145.135988,5.282286602,5.57998603,0.999401409,0,emission=-2.353 transition=-31.408 sigma=4.070 num_candidates=5.000,,5.835900025,0,,,
844.011745,909.452055,840.8558474,910.6282608,145.136116,-37.91230367,hmm,TRUE,TRUE,-73530943#7,0,,FALSE,844.011745,909.452055,843.1148636,909.0856726,845.535,920.255,-37.91220663,145.1361357,10.90980873,11.4285141,8.632157,0,emission=-4.572 transition=-1.712 sigma=4.070 num_candidates=5.000,,14.00790003,0,,,
848.5066586,919.0572531,844.4392609,920.494727,145.1361693,-37.91221795,hmm,TRUE,TRUE,-73530943#7,0,,FALSE,848.5066586,919.0572531,847.8175068,918.5972535,845.535,920.255,-37.91220663,145.1361357,3.203958874,2.820985754,1.366574531,0,emission=-2.379 transition=-21.444 sigma=4.070 num_candidates=5.000,,7.14640005,0,,,
851.6565402,932.2482302,848.7071639,933.2357,145.1362081,-37.91209969,hmm,TRUE,TRUE,-73530943#7,0,,FALSE,851.6565402,932.2482302,851.856971,930.0424999,849.1185897,930.9592597,-37.91211084,145.1361789,2.846513272,2.887763965,2.887763965,0,emission=-2.574 transition=-2.635 sigma=4.070 num_candidates=5.000,,8.737700002,0,,,
856.5206012,940.5459321,851.695542,942.1613924,145.1362653,-37.91202582,hmm,TRUE,TRUE,-73530943#7,0,,FALSE,856.5206012,940.5459321,856.2772662,940.2834054,852.6470164,941.4987464,-37.91201654,145.1362214,3.989049265,3.828285132,3.828285132,0,emission=-2.765 transition=1.411 sigma=4.070 num_candidates=5.000,,7.583300001,0,,,
859.8890609,955.4278488,856.515406,956.5573697,145.136307,-37.91189237,hmm,TRUE,TRUE,-73530943#7,0,,FALSE,859.8890609,955.4278488,860.209649,952.9083631,856.843968,954.0351313,-37.91190436,145.136272,3.348470162,3.549283683,3.549283683,0,emission=-2.703 transition=1.595 sigma=4.070 num_candidates=5.000,,6.300999958,0,,,
864.3422803,967.4502074,860.5837142,968.708599,145.1363603,-37.91178487,hmm,TRUE,TRUE,-73530943#7,0,,FALSE,864.3422803,967.4502074,864.349003,965.6656835,861.1016255,966.7528459,-37.91179057,145.1363233,3.314838845,3.42452663,3.42452663,0,emission=-2.677 transition=1.607 sigma=4.070 num_candidates=5.000,,6.407800014,0,,,
867.8318063,977.4898228,863.9579628,978.78681,145.1364023,-37.91169506,hmm,TRUE,TRUE,-73530943#7,0,,FALSE,867.8318063,977.4898228,868.1597432,977.362368,865.006869,978.4178924,-37.91168619,145.1363704,2.973480126,3.324868094,3.324868094,0,emission=-2.656 transition=1.607 sigma=4.070 num_candidates=5.000,,6.777200033,0,,,
866.9945742,983.6768763,865.736241,984.0981742,145.1363942,-37.91163917,hmm,TRUE,TRUE,-73530943#7,0,,FALSE,866.9945742,983.6768763,869.5716038,986.3047889,867.8411988,986.8840968,-37.91161043,145.1364045,3.317082521,1.824801092,1.824801092,0,emission=-2.423 transition=0.984 sigma=4.070 num_candidates=5.000,,6.988800014,0,,,
867.7545691,987.1500302,866.8584701,987.4500498,145.1364036,-37.91160802,hmm,TRUE,TRUE,-73530943#6,0,,FALSE,867.7545691,987.1500302,870.2090146,992.0364507,869.61,993.505,-37.91155111,145.1364261,6.620291911,1.586018756,0.422568706,0,emission=-2.328 transition=-20.545 sigma=4.070 num_candidates=5.000,,7.518100028,0,,,
870.3571849,1000.11233,869.4582502,1000.24184,145.1364361,-37.91149172,hmm,TRUE,TRUE,-73530943#6,0,,FALSE,870.3571849,1000.11233,871.4119397,1000.566025,870.6434167,1000.676766,-37.91148669,145.1364395,0.632863467,0.776460623,0.776460623,0,emission=-2.341 transition=-5.231 sigma=4.070 num_candidates=5.000,,5.4733,0,,,
871.471699,1011.031408,871.0220437,1011.09619,145.1364513,-37.91139356,hmm,TRUE,TRUE,-73530943#6,0,,FALSE,871.471699,1011.031408,872.3877817,1010.221163,872.0262253,1010.273261,-37.91140049,145.1364574,0.939300607,0.36529072,0.36529072,0,emission=-2.327 transition=1.566 sigma=4.070 num_candidates=5.000,,14.71800002,0,,,
873.2308034,1022.866075,872.7281718,1022.93849,145.136474,-37.91128727,hmm,TRUE,TRUE,-73530943#6,0,,FALSE,873.2308034,1022.866075,873.5997777,1021.114791,873.5886678,1021.116392,-37.91130309,145.1364777,1.785905611,0.011224603,0.011224603,0,emission=-2.323 transition=1.581 sigma=4.070 num_candidates=5.000,,5.364399985,0,,,
875.7222179,1035.867199,874.6026408,1036.028038,145.1365053,-37.9111706,hmm,TRUE,TRUE,-36667189#0,0,,FALSE,875.7222179,1035.867199,875.3926231,1033.373464,882.96,1024.79,-37.91127169,145.136585,13.23215128,11.4429477,6.516252662,0,emission=-3.604 transition=-32.846 sigma=4.070 num_candidates=5.000,,5.669500038,0,,,
876.9572472,1049.467435,876.5419172,1049.527101,145.1365224,-37.91104831,hmm,TRUE,TRUE,-73530943#5,0,,FALSE,876.9572472,1049.467435,876.9614219,1046.739713,877.2625337,1046.696456,-37.91107332,145.1365252,2.787745849,0.304203163,0.304203163,0,emission=-2.325 transition=-4.128 sigma=4.070 num_candidates=5.000,,15.3494,0,,,
878.3798339,1062.245585,878.3692734,1062.247102,145.1365415,-37.91093345,hmm,TRUE,TRUE,-73530943#5,0,,FALSE,878.3798339,1062.245585,878.4558215,1060.281668,879.1988516,1060.174925,-37.91095225,145.1365503,2.226752014,0.750658316,0.750658316,0,emission=-2.340 transition=1.573 sigma=4.070 num_candidates=5.000,,7.461500005,0,,,
880.4344303,1075.276387,880.2449715,1075.303604,145.1365678,-37.91081644,hmm,TRUE,TRUE,-73530943#5,0,,FALSE,880.4344303,1075.276387,880.2193559,1073.905921,881.1521954,1073.771909,-37.91083012,145.1365756,1.666925351,0.942416418,0.942416418,0,emission=-2.349 transition=1.603 sigma=4.070 num_candidates=5.000,,7.730600017,0,,,
882.0412909,1087.735292,882.0320761,1087.736617,145.1365889,-37.9107045,hmm,TRUE,TRUE,-73530943#5,0,,FALSE,882.0412909,1087.735292,881.9411619,1087.18012,883.0565654,1087.019753,-37.91071112,145.1366003,1.242086459,1.126872923,1.126872923,0,emission=-2.361 transition=1.603 sigma=4.070 num_candidates=5.000,,5.828600028,0,,,
884.2992268,1099.614785,883.7508936,1099.693608,145.1366173,-37.91059789,hmm,TRUE,TRUE,-73530943#5,0,,FALSE,884.2992268,1099.614785,883.9504535,1099.847598,884.8816397,1099.713717,-37.9105971,145.1366239,0.590755707,0.940761314,0.940761314,0,emission=-2.349 transition=1.603 sigma=4.070 num_candidates=5.000,,5.368400016,0,,,
887.112898,1112.484404,885.6357201,1112.699935,145.1366522,-37.91048246,hmm,TRUE,TRUE,-73530943#5,0,,FALSE,887.112898,1112.484404,886.4254321,1112.576646,886.7393926,1112.530837,-37.91048198,145.136648,0.376380547,0.317284823,0.317284823,0,emission=-2.326 transition=1.528 sigma=4.070 num_candidates=5.000,,5.378099973,0,,,
886.5541439,1125.619056,887.4956957,1125.482232,145.1366488,-37.91036404,hmm,TRUE,TRUE,-36667190#0,0,,FALSE,886.5541439,1125.619056,887.490674,1125.494116,896.59,1118.61,-37.91042899,145.1367613,12.24113041,11.41003017,5.672444845,0,emission=-3.294 transition=-36.600 sigma=4.070 num_candidates=5.000,,10.0215,0,,,
889.6955381,1138.410757,889.1246755,1138.479482,145.1366875,-37.91024938,hmm,TRUE,TRUE,-73530943#3,0,,FALSE,889.6955381,1138.410757,889.4400226,1138.369832,890.125,1137.49,-37.91025775,145.1366921,1.015987685,1.115033201,1.115033201,0,emission=-2.360 transition=-31.141 sigma=4.070 num_candidates=5.000,,11.89299999,0,,,
890.010864,1151.335179,890.7432041,1151.239905,145.136694,-37.91013301,hmm,TRUE,TRUE,-73530943#2,0,,FALSE,890.010864,1151.335179,890.6102007,1151.277174,891.8458914,1151.116432,-37.91013531,145.1367148,1.848019516,1.246101806,1.246101806,0,emission=-2.369 transition=-20.350 sigma=4.070 num_candidates=5.000,,11.95120002,0,,,
891.8387706,1163.221826,892.2942979,1163.162564,145.1367175,-37.91002626,hmm,TRUE,TRUE,-73530943#2,0,,FALSE,891.8387706,1163.221826,892.0080909,1163.680222,893.4557303,1163.491909,-37.91002412,145.1367359,1.639360701,1.459836123,1.459836123,0,emission=-2.387 transition=1.600 sigma=4.070 num_candidates=5.000,,9.241899999,0,,,
895.7977194,1178.422826,894.3048679,1178.61704,145.1367659,-37.90989004,hmm,TRUE,TRUE,-73530943#2,0,,FALSE,895.7977194,1178.422826,894.6672046,1177.413839,895.25676,1177.337148,-37.90989972,145.1367595,1.212985746,0.594522544,0.594522544,0,emission=-2.333 transition=1.475 sigma=4.070 num_candidates=5.000,,7.89259997,0,,,
896.984067,1190.925514,895.9240949,1191.063413,145.1367823,-37.90977762,hmm,TRUE,TRUE,-73530943#2,0,,FALSE,896.984067,1190.925514,896.7798302,1190.701799,896.9916884,1190.67424,-37.90977989,145.1367823,0.251389996,0.213643248,0.213643248,0,emission=-2.324 transition=1.582 sigma=4.070 num_candidates=5.000,,6.369600014,0,,,
897.2836667,1201.277417,897.2570679,1201.280887,145.136788,-37.90968442,hmm,TRUE,TRUE,-73530943#2,0,,FALSE,897.2836667,1201.277417,898.0142109,1202.548986,898.375,1201.235,-37.909685,145.1368004,1.092157302,1.362617836,1.033293823,0,emission=-2.355 transition=-4.692 sigma=4.070 num_candidates=5.000,,5.1064,0,,,
898.7930569,1205.550843,896.8581486,1203.102592,145.1368061,-37.9096462,hmm,TRUE,TRUE,-73530943#0,0,,FALSE,898.7930569,1205.550843,899.260744,1210.359677,899.875,1212.13,-37.90958713,145.1368199,6.667526354,1.873860624,1.139871996,0,emission=-2.362 transition=-37.914 sigma=4.070 num_candidates=5.000,,5.720200017,0,,,
885.7958086,1208.22582,885.904876,1206.000162,145.136659,-37.90961976,hmm,TRUE,TRUE,-73530943#0,0,,FALSE,885.7958086,1208.22582,893.2488544,1214.750264,900.1089116,1213.774495,-37.90957235,145.136823,15.35098417,6.929105968,6.929105968,0,emission=-3.772 transition=-27.308 sigma=4.070 num_candidates=5.000,,14.51159996,0,,,
879.229121,1205.123524,879.3952242,1204.86104,145.1365836,-37.90964653,hmm,TRUE,TRUE,298236188#1,0,,FALSE,879.229121,1205.123524,885.6675996,1214.236064,886.0707982,1206.008293,-37.90963979,145.1366616,6.898649409,8.237643929,8.237643929,0,emission=-4.371 transition=1.199 sigma=4.070 num_candidates=5.000,,7.531600015,0,,,
874.592923,1203.096833,875.319585,1202.110929,145.1365304,-37.90966395,hmm,TRUE,TRUE,299173863,0,,FALSE,874.592923,1203.096833,878.4561453,1211.382727,867.99,1197.45,-37.90971363,145.1364541,8.688228536,17.42587407,9.497691279,0,emission=-5.045 transition=-8.760 sigma=4.070 num_candidates=5.000,,8.264600008,0,,,
870.1261329,1201.943404,871.9540451,1199.367709,145.1364794,-37.90967353,hmm,TRUE,TRUE,988580231,0,,FALSE,870.1261329,1201.943404,871.9591788,1207.952049,866.35,1200.78,-37.90968333,145.1364362,3.951289479,9.105007835,6.100834539,0,emission=-3.446 transition=-12.365 sigma=4.070 num_candidates=5.000,,7.459399989,0,,,
864.2337142,1199.465221,864.2466492,1196.998342,145.1364118,-37.9096948,hmm,TRUE,TRUE,299173858#0,0,,FALSE,864.2337142,1199.465221,865.4496247,1203.961498,865.4563692,1204.925356,-37.90964583,145.136427,5.595351786,0.963881506,0.963881506,0,emission=-2.351 transition=0.073 sigma=4.070 num_candidates=5.000,,5.298000004,0,,,
856.0975097,1200.295892,856.1150238,1196.955704,145.1363195,-37.90968585,hmm,TRUE,TRUE,299173858#0,0,,FALSE,856.0975097,1200.295892,857.9099746,1201.622265,857.9334562,1204.977997,-37.909644,145.1363414,5.029195862,3.355814666,3.355814666,0,emission=-2.663 transition=-0.246 sigma=4.070 num_candidates=5.000,,4.950300034,0,,,
852.7936667,1199.902876,853.12,1196.94,145.1362819,-37.90968879,hmm,TRUE,TRUE,299173863,0,,FALSE,852.7936667,1199.902876,852.1911016,1200.034199,853.12,1196.94,-37.90971554,145.1362849,2.980793119,3.230621886,3.09806621,0,emission=-2.612 transition=-3.995 sigma=4.070 num_candidates=5.000,,5.123799958,0,,,
849.6290163,1198.990335,851.1345276,1196.394626,145.1362457,-37.90969644,hmm,TRUE,TRUE,988580230#0,0,,FALSE,849.6290163,1198.990335,847.8635874,1198.763805,849.91,1193.86,-37.90974271,145.1362477,5.138023847,5.313672209,1.906886399,0,emission=-2.432 transition=-20.904 sigma=4.070 num_candidates=5.000,,6.097200036,0,,,
849.2285998,1187.74114,849.8203458,1187.732482,145.1362386,-37.90979771,hmm,TRUE,TRUE,988580230#0,0,,FALSE,849.2285998,1187.74114,845.8204697,1192.504265,849.8892927,1192.444733,-37.90975546,145.1362471,4.749768158,4.069258452,4.069258452,0,emission=-2.822 transition=-24.236 sigma=4.070 num_candidates=5.000,,5.417599983,0,,,
849.5777129,1184.682391,849.7756763,1184.679494,145.1362418,-37.90982532,hmm,TRUE,TRUE,988580230#0,0,,FALSE,849.5777129,1184.682391,845.5726049,1187.033322,849.8092092,1186.971335,-37.90980475,145.136245,2.300620235,4.237057707,4.237057707,0,emission=-2.864 transition=1.597 sigma=4.070 num_candidates=5.000,,5.543300009,0,,,
849.6205898,1182.268737,849.7403779,1182.266985,145.1362418,-37.90984708,hmm,TRUE,TRUE,988580230#0,0,,FALSE,849.6205898,1182.268737,846.1643572,1182.696112,849.7458899,1182.643709,-37.90984372,145.1362433,0.395353197,3.581916075,3.581916075,0,emission=-2.710 transition=1.363 sigma=4.070 num_candidates=5.000,,5.70899999,0,,,
849.4400157,1179.803328,849.7042746,1179.799462,145.1362392,-37.90986925,hmm,TRUE,TRUE,988580230#0,0,,FALSE,849.4400157,1179.803328,846.9650566,1179.228148,849.695331,1179.1882,-37.90987484,145.1362419,0.666009018,2.730566666,2.730566666,0,emission=-2.548 transition=1.093 sigma=4.070 num_candidates=5.000,,5.551000009,0,,,
848.2961606,1176.670533,849.6582024,1176.650604,145.1362254,-37.90989727,hmm,TRUE,TRUE,988580230#0,0,,FALSE,848.2961606,1176.670533,847.2141975,1176.028616,849.6485807,1175.992997,-37.90990361,145.1362407,1.512644998,2.434643787,2.434643787,0,emission=-2.501 transition=1.541 sigma=4.070 num_candidates=5.000,,5.912600027,0,,,
849.0235496,1171.127123,849.5772676,1171.119021,145.1362324,-37.90994733,hmm,TRUE,TRUE,988580230#0,0,,FALSE,849.0235496,1171.127123,847.8915703,1171.759084,849.5862698,1171.734288,-37.90994197,145.136239,0.827830794,1.694880968,1.694880968,0,emission=-2.409 transition=1.291 sigma=4.070 num_candidates=5.000,,5.167199997,0,,,
849.9416077,1163.76567,849.4697788,1163.772574,145.1362412,-37.91001381,hmm,TRUE,TRUE,988580230#0,0,,FALSE,849.9416077,1163.76567,848.8861219,1165.822158,849.4996358,1165.813182,-37.90999529,145.1362367,2.09467045,0.613579502,0.613579502,0,emission=-2.334 transition=1.120 sigma=4.070 num_candidates=5.000,,5.075299996,0,,,
847.8332104,1156.616768,849.0717248,1156.410349,145.1362156,-37.91007783,hmm,TRUE,TRUE,988580230#0,0,,FALSE,847.8332104,1156.616768,848.4997469,1158.918625,849.3985663,1158.905474,-37.9100575,145.1362339,2.772816771,0.898915616,0.898915616,0,emission=-2.347 transition=1.580 sigma=4.070 num_candidates=5.000,,6.352800003,0,,,
842.4430905,1155.626758,842.1014957,1153.129657,145.1361541,-37.91008578,hmm,TRUE,TRUE,E9,0,,FALSE,842.4430905,1155.626758,845.4766204,1154.596582,842.83,1153.03,-37.91010924,145.1361579,2.625423979,3.075512736,1.034203968,0,emission=-2.355 transition=-21.854 sigma=4.070 num_candidates=5.000,,5.055800022,0,,,
837.5843969,1155.212322,837.387706,1153.774487,145.1360988,-37.91008864,hmm,TRUE,TRUE,E9,0,,FALSE,837.5843969,1155.212322,841.0035726,1152.421874,841.1187847,1153.264088,-37.91010683,145.1361385,4.03577892,0.850058413,0.850058413,0,emission=-2.344 transition=-14.623 sigma=4.070 num_candidates=5.000,,5.088600039,0,,,
832.7815976,1154.968875,832.7058229,1154.414952,145.1360441,-37.91008997,hmm,TRUE,TRUE,E9,0,,FALSE,832.7815976,1154.968875,835.7726502,1151.70324,836.0804526,1153.953315,-37.91009971,145.1360814,3.451638341,2.271030022,2.271030022,0,emission=-2.478 transition=0.635 sigma=4.070 num_candidates=5.000,,5.467800016,0,,,
830.3571006,1155.828107,829.9562282,1155.777203,145.1360167,-37.91008179,hmm,TRUE,TRUE,E9,0,,FALSE,830.3571006,1155.828107,831.4382722,1152.344839,831.739539,1154.547137,-37.91009358,145.1360322,1.884680579,2.222808595,2.222808595,0,emission=-2.472 transition=1.608 sigma=4.070 num_candidates=5.000,,16.4585,0,,,
829.3268714,1167.364716,830.0071426,1167.358172,145.1360076,-37.90997768,hmm,TRUE,TRUE,E10,0,,FALSE,829.3268714,1167.364716,828.5817611,1159.079271,829.92738,1159.066327,-37.91005254,145.1360126,8.320088721,1.345681176,1.345681176,0,emission=-2.377 transition=-18.403 sigma=4.070 num_candidates=5.000,,7.239400002,0,,,
829.2738282,1174.819517,830.0788418,1174.811774,145.1360087,-37.90991051,hmm,TRUE,TRUE,E10,0,,FALSE,829.2738282,1174.819517,827.2668727,1167.610552,830.0093166,1167.584171,-37.90997583,145.1360155,7.272631496,2.742570798,2.742570798,0,emission=-2.550 transition=1.041 sigma=4.070 num_candidates=5.000,,8.195600007,0,,,
829.1520637,1185.60326,830.1825542,1185.593348,145.1360098,-37.90981335,hmm,TRUE,TRUE,E10,0,,FALSE,829.1520637,1185.60326,826.9005206,1178.524417,830.1142579,1178.493503,-37.90987757,145.1360191,7.174570932,3.213885967,3.213885967,0,emission=-2.634 transition=1.559 sigma=4.070 num_candidates=5.000,,5.058999988,0,,,
831.6995503,1197.209406,830.2944238,1197.222923,145.1360414,-37.90970926,hmm,TRUE,TRUE,E10,0,,FALSE,831.6995503,1197.209406,828.392106,1191.012167,830.2345095,1190.994444,-37.90976498,145.1360233,6.385303375,1.842488762,1.842488762,0,emission=-2.425 transition=1.234 sigma=4.070 num_candidates=5.000,,5.001600017,0,,,
831.2091802,1208.774557,830.405618,1208.782287,145.1360385,-37.90960499,hmm,TRUE,TRUE,E10,0,,FALSE,831.2091802,1208.774557,829.4573537,1204.107491,830.3605656,1204.098802,-37.90964696,145.1360277,4.752139201,0.903253736,0.903253736,0,emission=-2.347 transition=1.441 sigma=4.070 num_candidates=5.000,,5.595499999,0,,,
828.5238291,1220.12277,830.5145225,1220.103621,145.1360105,-37.90950228,hmm,TRUE,TRUE,E10,0,,FALSE,828.5238291,1220.12277,828.9358285,1217.130108,830.4857756,1217.115198,-37.90952972,145.1360321,3.590922003,1.550018886,1.550018886,0,emission=-2.395 transition=1.529 sigma=4.070 num_candidates=5.000,,5.525399989,0,,,
828.4349328,1230.303409,830.6124369,1230.282463,145.1360118,-37.90941055,hmm,TRUE,TRUE,E10,0,,FALSE,828.4349328,1230.303409,828.561007,1229.238544,830.6022062,1229.218909,-37.90942071,145.1360362,2.423471469,2.04129359,2.04129359,0,emission=-2.448 transition=1.560 sigma=4.070 num_candidates=5.000,,5.4275,0,,,
828.3468629,1240.389507,830.7094421,1240.36678,145.1360131,-37.90931968,hmm,TRUE,TRUE,E10,0,,FALSE,828.3468629,1240.389507,828.3088625,1240.5122,830.7106187,1240.489096,-37.90931921,145.13604,2.365852776,2.401867237,2.401867237,0,emission=-2.497 transition=1.581 sigma=4.070 num_candidates=5.000,,5.98050002,0,,,
829.9217173,1245.618166,830.7598797,1245.610103,145.1360322,-37.90927286,hmm,TRUE,TRUE,E10,0,,FALSE,829.9217173,1245.618166,828.9839248,1248.71853,830.7896138,1248.70116,-37.90924524,145.1360428,3.202826567,1.805772597,1.805772597,0,emission=-2.421 transition=1.501 sigma=4.070 num_candidates=5.000,,5.373199994,0,,,
829.4256701,1252.476518,830.7291223,1252.630296,145.1360281,-37.90921099,hmm,TRUE,TRUE,E11,0,,FALSE,829.4256701,1252.476518,829.2311527,1255.70907,827.24,1257.14,-37.90916858,145.1360043,5.150263891,2.451988769,1.310606965,0,emission=-2.374 transition=-17.542 sigma=4.070 num_candidates=5.000,,5.573100003,0,,,
826.9442524,1259.554966,826.1693555,1257.554781,145.1360015,-37.90914678,hmm,TRUE,TRUE,E12,0,,FALSE,826.9442524,1259.554966,828.1370701,1262.184492,817.91,1258.4,-37.90915555,145.1358985,9.107780346,10.90483125,10.90292585,0,emission=-5.911 transition=-3.905 sigma=4.070 num_candidates=5.000,,5.399099959,0,,,
818.9946828,1260.161677,819.0113796,1260.0986,145.1359113,-37.90913988,hmm,TRUE,TRUE,E11,0,,FALSE,818.9946828,1260.161677,823.3820607,1265.247595,821.1544479,1259.497619,-37.90914625,145.1359357,2.259548149,6.166398809,6.166398809,0,emission=-3.470 transition=1.031 sigma=4.070 num_candidates=5.000,,5.323999969,0,,,
812.0925553,1252.307614,817.9651341,1252.36123,145.135831,-37.90920939,hmm,TRUE,TRUE,E12,0,,FALSE,812.0925553,1252.307614,816.7858459,1261.92935,817.91,1258.4,-37.90915555,145.1358985,8.423765784,3.704056589,0.101369851,0,emission=-2.323 transition=-29.591 sigma=4.070 num_candidates=5.000,,5.690099963,0,,,
811.7846158,1241.152758,818.0669441,1241.210116,145.135825,-37.90930982,hmm,TRUE,TRUE,E12,0,,FALSE,811.7846158,1241.152758,812.5461067,1252.997105,817.9588774,1253.046524,-37.90920379,145.1358979,13.40086449,5.412996289,5.412996289,0,emission=-3.207 transition=-21.059 sigma=4.070 num_candidates=5.000,,6.308400014,0,,,
812.0069873,1230.741789,818.1620071,1230.797984,145.1358251,-37.90940364,hmm,TRUE,TRUE,E12,0,,FALSE,812.0069873,1230.741789,810.4230579,1241.269981,818.0657604,1241.339759,-37.90930926,145.1358964,12.20760806,7.643021094,7.643021094,0,emission=-4.086 transition=0.557 sigma=4.070 num_candidates=5.000,,5.869200046,0,,,
812.4125671,1220.175358,818.2585046,1220.228731,145.1358273,-37.9094989,hmm,TRUE,TRUE,E12,0,,FALSE,812.4125671,1220.175358,809.8483028,1228.305758,818.1840663,1228.381863,-37.90942601,145.1358948,10.03279284,8.336110916,8.336110916,0,emission=-4.420 transition=1.517 sigma=4.070 num_candidates=5.000,,5.863500002,0,,,
812.8273218,1210.233641,818.3492997,1210.284057,145.1358298,-37.90958853,hmm,TRUE,TRUE,E12,0,,FALSE,812.8273218,1210.233641,810.2159284,1215.457563,818.3013915,1215.531384,-37.9095418,145.1358932,7.617842087,8.085800106,8.085800106,0,emission=-4.296 transition=1.597 sigma=4.070 num_candidates=5.000,,6.235999987,0,,,
813.2983138,1199.478144,818.4475287,1199.525156,145.1358327,-37.90968551,hmm,TRUE,TRUE,E12,0,,FALSE,813.2983138,1199.478144,811.0875602,1202.75985,818.4173849,1202.826772,-37.90965626,145.1358917,6.11704149,7.330130237,7.330130237,0,emission=-3.944 transition=1.497 sigma=4.070 num_candidates=5.000,,5.66580001,0,,,
813.7009164,1188.132659,818.5511382,1188.176941,145.1358347,-37.90978778,hmm,TRUE,TRUE,E12,0,,FALSE,813.7009164,1188.132659,812.1054328,1190.175607,818.5323546,1190.234285,-37.90976972,145.1358901,5.268740676,6.427189718,6.427189718,0,emission=-3.569 transition=1.448 sigma=4.070 num_candidates=5.000,,10.15330001,0,,,
813.8710182,1177.788976,818.6455826,1177.832567,145.1358343,-37.90988099,hmm,TRUE,TRUE,E12,0,,FALSE,813.8710182,1177.788976,812.9722204,1178.366843,818.6402322,1178.418592,-37.90987618,145.1358886,4.810594443,5.668248033,5.668248033,0,emission=-3.292 transition=1.488 sigma=4.070 num_candidates=5.000,,7.912500005,0,,,
813.9949188,1170.254743,818.7143749,1170.297832,145.135834,-37.90994888,hmm,TRUE,TRUE,E12,0,,FALSE,813.9949188,1170.254743,813.620208,1168.612025,818.7293405,1168.658672,-37.90996411,145.1358874,4.99621783,5.10934541,5.10934541,0,emission=-3.111 transition=1.529 sigma=4.070 num_candidates=5.000,,5.349500047,0,,,
813.2260583,1162.228629,812.5449217,1157.05785,145.1358234,-37.91002105,hmm,TRUE,TRUE,E13,0,,FALSE,813.2260583,1162.228629,813.6190877,1160.01259,813.06,1156.99,-37.91006821,145.1358203,5.241260265,3.073862266,2.791689681,0,emission=-2.558 transition=-13.613 sigma=4.070 num_candidates=5.000,,5.670999992,0,,,
812.7144719,1153.629472,813.0609996,1156.990036,145.1358156,-37.91009842,hmm,TRUE,TRUE,E13,0,,FALSE,812.7144719,1153.629472,813.2927255,1151.796796,813.06,1156.99,-37.91006821,145.1358203,3.378244826,5.198416248,5.198416248,0,emission=-3.138 transition=-39.502 sigma=4.070 num_candidates=5.000,,12.38289999,0,,,
814.4679131,1141.492714,813.9155436,1157.020434,145.1358328,-37.91020806,hmm,TRUE,TRUE,-988580237#0,0,,FALSE,814.4679131,1141.492714,813.914312,1141.922373,800.19,1144.6,-37.9101775,145.1356712,14.61211924,13.98307647,13.98307647,0,emission=-8.224 transition=-25.771 sigma=4.070 num_candidates=5.000,,7.056000002,0,,,
814.5028272,1139.369672,799.7982714,1143.023531,145.1358327,-37.9102272,hmm,TRUE,TRUE,310012465#0,0,,FALSE,814.5028272,1139.369672,814.3360769,1135.87954,816.278015,1135.660511,-37.91026093,145.1358521,4.112075691,1.954251039,1.954251039,0,emission=-2.438 transition=-- sigma=4.070 num_candidates=5.000,,6.584000017,0,,,
814.4671013,1141.542095,813.9164872,1157.020468,145.1358328,-37.91020762,hmm,TRUE,TRUE,310012465#0,0,,FALSE,814.4671013,1141.542095,814.556168,1134.580391,816.1360911,1134.402194,-37.91027224,145.1358502,7.332374418,1.589940662,1.589940662,0,emission=-2.399 transition=1.353 sigma=4.070 num_candidates=5.000,,5.395299988,0,,,
798.7481492,1158.568039,801.5010893,1156.77121,145.135658,-37.91005141,hmm,TRUE,TRUE,403774582#4,0,,FALSE,798.7481492,1158.568039,806.7291115,1143.720085,806.4186635,1141.459699,-37.91020691,145.1357413,18.74918912,2.281605742,2.281605742,0,emission=-2.480 transition=-18.881 sigma=4.070 num_candidates=5.000,,5.303599988,0,,,
788.8824222,1160.392223,800.58,1155.36,145.1355462,-37.9100332,hmm,TRUE,TRUE,988580237#0,0,,FALSE,788.8824222,1160.392223,796.4936022,1151.743011,797.0157155,1151.74103,-37.9101126,145.1356367,11.87407291,0.522117017,0.522117017,0,emission=-2.331 transition=-- sigma=4.070 num_candidates=5.000,,5.518599995,0,,,
778.2961923,1161.708944,776.0260217,1143.923575,145.1354261,-37.91001943,hmm,TRUE,TRUE,988580237#0,0,,FALSE,778.2961923,1161.708944,784.7641968,1157.883465,797.02,1152.87,-37.91010243,145.135637,20.70526275,13.24158374,13.02980839,0,emission=-7.447 transition=-9.088 sigma=4.070 num_candidates=5.000,,18.59549998,0,,,
768.5836525,1162.916983,766.3174625,1145.162801,145.135316,-37.9100068,hmm,TRUE,TRUE,E2,0,,FALSE,768.5836525,1162.916983,772.9317637,1162.200484,770.6858568,1144.605208,-37.91017214,145.1353357,18.43204753,17.73803423,17.73803423,0,emission=-11.820 transition=-1143.148 sigma=4.070 num_candidates=5.000,,5.70899999,0,,,
756.2481108,1152.533583,755.9,1146.45,145.1351734,-37.91009812,hmm,TRUE,TRUE,998107635#2,0,,FALSE,756.2481108,1152.533583,760.0933421,1159.233911,760.0812014,1156.712291,-37.91006116,145.1352179,5.670465832,2.521649835,2.521649835,0,emission=-2.515 transition=-- sigma=4.070 num_candidates=5.000,,9.570199996,0,,,
744.8305426,1149.213335,744.8861091,1146.286286,145.1350428,-37.91012597,hmm,TRUE,TRUE,998107635#1,0,,FALSE,744.8305426,1149.213335,747.3054494,1154.929583,750.69,1156.76,-37.91005904,145.1351111,9.554338995,3.847805948,3.847805948,0,emission=-2.769 transition=-51.855 sigma=4.070 num_candidates=5.000,,5.149799981,0,,,
736.3175453,1147.910883,736.3514621,1146.124266,145.1349457,-37.91013617,hmm,TRUE,TRUE,E3,0,,FALSE,736.3175453,1147.910883,736.2433903,1151.148673,736.3387772,1146.124025,-37.91015227,145.1349455,1.786984332,5.025553668,4.85726207,0,emission=-3.035 transition=-- sigma=4.070 num_candidates=5.000,,5.210400035,0,,,
732.6217412,1147.331709,732.7977029,1146.018764,145.1349036,-37.91014072,hmm,TRUE,TRUE,E4,0,,FALSE,732.6217412,1147.331709,728.9060433,1148.420806,730.63,1145.53,-37.91015659,145.1348805,2.685737948,3.36582658,2.56518709,0,emission=-2.521 transition=-32.856 sigma=4.070 num_candidates=5.000,,14.91719997,0,,,
726.0313468,1168.968573,725.3958995,1168.967131,145.1348335,-37.90994462,hmm,TRUE,TRUE,E6,0,,FALSE,726.0313468,1168.968573,722.5881151,1157.781928,725.42,1163.12,-37.90999719,145.1348253,5.880437998,6.042729533,5.910683462,0,emission=-3.377 transition=-11.705 sigma=4.070 num_candidates=5.000,,9.803800029,0,,,
725.5347475,1176.791918,725.3781456,1176.791562,145.1348297,-37.90987405,hmm,TRUE,TRUE,E7,0,,FALSE,725.5347475,1176.791918,719.7994477,1168.304085,725.3973752,1168.316787,-37.90995038,145.1348262,8.476243942,5.597941883,5.597941883,0,emission=-3.268 transition=-38.412 sigma=4.070 num_candidates=5.000,,8.184800041,0,,,
725.5830166,1187.132291,725.3546832,1187.131773,145.1348326,-37.90978091,hmm,TRUE,TRUE,E7,0,,FALSE,725.5830166,1187.132291,719.4328546,1180.203518,725.3703731,1180.216991,-37.90984317,145.1348286,6.918568606,5.937533843,5.937533843,0,emission=-3.387 transition=1.585 sigma=4.070 num_candidates=5.000,,9.456400003,0,,,
727.7217225,1196.542365,725.3333424,1196.536946,145.134859,-37.90969653,hmm,TRUE,TRUE,E7,0,,FALSE,727.7217225,1196.542365,721.3930172,1192.047627,725.3435085,1192.056591,-37.90973651,145.134831,5.077210673,3.950501493,3.950501493,0,emission=-2.794 transition=0.782 sigma=4.070 num_candidates=5.000,,6.291600002,0,,,
727.8760272,1205.946002,725.3025015,1205.939414,145.1348629,-37.90961185,hmm,TRUE,TRUE,E0,0,,FALSE,727.8760272,1205.946002,723.5384283,1203.43982,725.3088882,1203.444352,-37.90963392,145.1348332,3.584474326,1.77046572,1.77046572,0,emission=-2.417 transition=-24.464 sigma=4.070 num_candidates=5.000,,7.704299991,0,,,
727.6913585,1214.755338,725.28,1214.73,145.1348628,-37.90953246,hmm,TRUE,TRUE,E0,0,,FALSE,727.6913585,1214.755338,725.260356,1213.964215,725.2819601,1213.96427,-37.90953915,145.1348353,2.535939463,0.021604082,0.021604082,0,emission=-2.323 transition=0.888 sigma=4.070 num_candidates=5.000,,6.25070004,0,,,
726.5059775,1218.496322,724.747526,1217.445293,145.1348502,-37.90949855,hmm,TRUE,TRUE,-11294993,0,,FALSE,726.5059775,1218.496322,725.9379834,1221.207337,719.76,1220.32,-37.9094809,145.1347739,6.98813379,6.241381789,0.400446262,0,emission=-2.327 transition=-30.886 sigma=4.070 num_candidates=5.000,,9.767899988,0,,,
725.9585812,1224.274734,727.1350569,1223.514927,145.1348453,-37.90944639,hmm,TRUE,TRUE,-11294993,0,,FALSE,725.9585812,1224.274734,726.0966128,1227.243227,719.76,1220.32,-37.9094809,145.1347739,7.352709017,9.385293826,5.486594612,0,emission=-3.231 transition=-28.580 sigma=4.070 num_candidates=5.000,,5.016100011,0,,,
724.0085814,1224.370014,725.4163945,1221.713015,145.1348231,-37.90944518,hmm,TRUE,TRUE,11294993,0,,FALSE,724.0085814,1224.370014,725.16881,1229.771907,719.81,1223.52,-37.90945208,145.1347752,4.283761148,8.234269256,7.338907424,0,emission=-3.948 transition=-11.858 sigma=4.070 num_candidates=5.000,,5.098900001,0,,,
699.4878782,1221.703883,699.4718489,1220.620052,145.1345437,-37.90946478,hmm,TRUE,TRUE,11294993,0,,FALSE,699.4878782,1221.703883,712.1516849,1228.748071,712.0760768,1223.634349,-37.90944966,145.1346873,12.73536188,5.11428131,5.11428131,0,emission=-3.112 transition=-25.003 sigma=4.070 num_candidates=5.000,,5.069200008,0,,,
689.2405191,1221.349407,689.231972,1220.771495,145.1344272,-37.90946613,hmm,TRUE,TRUE,11294993,0,,FALSE,689.2405191,1221.349407,698.3386949,1226.842482,698.2942744,1223.838117,-37.90944534,145.1345307,9.389577372,3.00469364,3.00469364,0,emission=-2.595 transition=0.807 sigma=4.070 num_candidates=5.000,,9.433999949,0,,,
676.7248935,1223.630426,676.6808189,1220.971257,145.1342854,-37.90944332,hmm,TRUE,TRUE,11294993,0,,FALSE,676.7248935,1223.630426,683.6049492,1226.095924,683.5711535,1224.057723,-37.90944071,145.1343633,6.859581532,2.03848156,2.03848156,0,emission=-2.448 transition=1.470 sigma=4.070 num_candidates=5.000,,7.764000038,0,,,
669.4719493,1223.153789,669.4377645,1221.091308,145.1342028,-37.90944631,hmm,TRUE,TRUE,11294993,0,,FALSE,669.4719493,1223.153789,671.450162,1225.058709,671.4369007,1224.258922,-37.90943671,145.1342254,2.254407581,0.799896266,0.799896266,0,emission=-2.342 transition=1.294 sigma=4.070 num_candidates=5.000,,7.274999982,0,,,
661.5176567,1223.511634,661.479727,1221.223209,145.1341124,-37.90944165,hmm,TRUE,TRUE,11294993,0,,FALSE,661.5176567,1223.511634,661.069674,1224.394809,661.070271,1224.430813,-37.90943329,145.1341076,1.022273682,0.036008559,0.036008559,0,emission=-2.323 transition=1.441 sigma=4.070 num_candidates=5.000,,7.511899981,0,,,
647.6812683,1222.294521,647.666953,1221.448149,145.1339548,-37.90945012,hmm,TRUE,TRUE,-11294994,0,,FALSE,647.6812683,1222.294521,649.0252734,1223.299304,648.9947279,1221.425847,-37.90945818,145.1339696,1.574728847,1.873706233,1.873706233,0,emission=-2.429 transition=-23.731 sigma=4.070 num_candidates=5.000,,5.000300007,0,,,
635.7345897,1222.443792,635.7211671,1221.650196,145.133819,-37.90944662,hmm,TRUE,TRUE,-11294994,0,,FALSE,635.7345897,1222.443792,636.7975259,1222.657161,636.7801915,1221.632284,-37.90945412,145.1338308,1.323566215,1.025023097,1.025023097,0,emission=-2.354 transition=1.468 sigma=4.070 num_candidates=5.000,,5.33439999,0,,,
628.3073766,1223.781186,628.2734643,1221.776165,145.1337349,-37.90943323,hmm,TRUE,TRUE,-11294994,0,,FALSE,628.3073766,1223.781186,626.8048344,1222.975588,626.7849735,1221.80134,-37.90945079,145.1337171,2.497498632,1.174415381,1.174415381,0,emission=-2.364 transition=1.604 sigma=4.070 num_candidates=5.000,,5.117999972,0,,,
621.6715909,1224.174766,621.6329214,1221.888481,145.1336595,-37.90942849,hmm,TRUE,TRUE,-11294994,0,,FALSE,621.6715909,1224.174766,618.7637235,1223.471299,618.7377805,1221.937448,-37.90944812,145.1336257,3.68955753,1.534070174,1.534070174,0,emission=-2.394 transition=1.569 sigma=4.070 num_candidates=5.000,,14.54170002,0,,,
611.8931419,1224.301407,611.8551276,1222.053859,145.1335484,-37.90942559,hmm,TRUE,TRUE,-11294994,0,,FALSE,611.8931419,1224.301407,610.3503889,1223.902774,610.3195562,1222.079831,-37.90944532,145.13353,2.722419889,1.823203603,1.823203603,0,emission=-2.423 transition=1.585 sigma=4.070 num_candidates=5.000,,5.443000002,0,,,
601.1625045,1223.473858,601.1415519,1222.235065,145.1334262,-37.90943111,hmm,TRUE,TRUE,-11294994,0,,FALSE,601.1625045,1223.473858,601.0363421,1223.768809,601.0104384,1222.237283,-37.90944222,145.1334242,1.24589007,1.531745531,1.531745531,0,emission=-2.393 transition=1.587 sigma=4.070 num_candidates=5.000,,6.584100018,0,,,
593.4147238,1222.97243,593.4044656,1222.365928,145.133338,-37.90943423,hmm,TRUE,TRUE,-11294994,0,,FALSE,593.4147238,1222.97243,592.533375,1223.398635,592.5161622,1222.380952,-37.90943939,145.1333276,1.075759535,1.017828439,1.017828439,0,emission=-2.354 transition=1.532 sigma=4.070 num_candidates=5.000,,6.221799995,0,,,
587.4162457,1224.687147,587.3786769,1222.467906,145.1332702,-37.9094177,hmm,TRUE,TRUE,-11294994,0,,FALSE,587.4162457,1224.687147,585.4449513,1224.005287,585.4194869,1222.501073,-37.90943703,145.133247,2.96073743,1.504429425,1.504429425,0,emission=-2.391 transition=1.526 sigma=4.070 num_candidates=5.000,,6.551900005,0,,,
571.3463292,1224.501005,571.3209014,1222.707262,145.1330874,-37.90941648,hmm,TRUE,TRUE,-11294994,0,,FALSE,571.3463292,1224.501005,574.1718711,1224.330448,574.1482929,1222.667181,-37.9094335,145.1331189,3.348717527,1.663433189,1.663433189,0,emission=-2.406 transition=1.583 sigma=4.070 num_candidates=5.000,,4.926600028,0,,,
562.0878347,1223.363308,562.0803917,1222.838254,145.1329819,-37.90942505,hmm,TRUE,TRUE,-11294994,0,,FALSE,562.0878347,1223.363308,563.4249675,1223.947986,563.4089692,1222.81942,-37.90943019,145.1329968,1.428709201,1.128678855,1.128678855,0,emission=-2.361 transition=1.543 sigma=4.070 num_candidates=5.000,,6.282599992,0,,,
550.0817973,1223.51306,550.0746439,1223.008446,145.1328454,-37.90942154,hmm,TRUE,TRUE,-11294994,0,,FALSE,550.0817973,1223.51306,551.8121825,1223.732526,551.801571,1222.983965,-37.90942661,145.1328649,1.799322933,0.748635998,0.748635998,0,emission=-2.339 transition=1.578 sigma=4.070 num_candidates=5.000,,5.396699999,0,,,
542.4814669,1225.4309,542.4486591,1223.11655,145.1327595,-37.90940289,hmm,TRUE,TRUE,-11294994,0,,FALSE,542.4814669,1225.4309,541.9218309,1224.554062,541.9015629,1223.124306,-37.90942356,145.1327523,2.378374342,1.429899989,1.429899989,0,emission=-2.384 transition=1.492 sigma=4.070 num_candidates=5.000,,5.460900022,0,,,
530.0951917,1223.84098,530.0874063,1223.291782,145.1326183,-37.90941498,hmm,TRUE,TRUE,-11294994,0,,FALSE,530.0951917,1223.84098,530.8706244,1224.312201,530.8560047,1223.280886,-37.90942016,145.1326268,0.944744185,1.031418632,1.031418632,0,emission=-2.355 transition=1.574 sigma=4.070 num_candidates=5.000,,5.674000015,0,,,
521.3714493,1223.23833,521.3739581,1223.415302,145.1325189,-37.90941883,hmm,TRUE,TRUE,-11294994,0,,FALSE,521.3714493,1223.23833,520.8580405,1223.806989,520.8525927,1223.422693,-37.90941708,145.1325131,0.550637626,0.38433497,0.38433497,0,emission=-2.327 transition=1.505 sigma=4.070 num_candidates=5.000,,5.679399997,0,,,
513.1443258,1224.430901,513.0866,1224.060888,145.1324257,-37.9094066,hmm,TRUE,TRUE,-11294994,0,,FALSE,513.1443258,1224.430901,511.8340046,1224.058885,516.81,1223.48,-37.90941583,145.1324671,3.787001459,5.009554722,0.561790952,0,emission=-2.332 transition=-23.313 sigma=4.070 num_candidates=5.000,,4.875300045,0,,,
507.0588925,1232.091763,508.3542546,1232.199983,145.1323582,-37.9093365,hmm,TRUE,TRUE,310292423,0,,FALSE,507.0588925,1232.091763,504.5174998,1228.108562,508.32,1232.61,-37.90933205,145.1323727,1.363437464,5.892533371,4.456426266,0,emission=-2.922 transition=-40.203 sigma=4.070 num_candidates=5.000,,13.63490004,0,,,
509.4046489,1242.891108,508.9215485,1242.919297,145.1323874,-37.90923964,hmm,TRUE,TRUE,310292423,0,,FALSE,509.4046489,1242.891108,502.5096444,1236.248738,508.5118847,1235.898507,-37.90930247,145.1323756,7.049361304,6.0124497,6.0124497,0,emission=-3.414 transition=-23.841 sigma=4.070 num_candidates=5.000,,6.464900041,0,,,
508.2870912,1254.578535,509.5974049,1254.502078,145.1323773,-37.90913415,hmm,TRUE,TRUE,310292423,0,,FALSE,508.2870912,1254.578535,502.1436406,1247.325893,509.1548027,1246.916791,-37.90920333,145.1323854,7.710722545,7.023087552,7.023087552,0,emission=-3.811 transition=1.379 sigma=4.070 num_candidates=5.000,,11.05019997,0,,,
509.1746692,1266.055512,510.2678271,1265.991726,145.13239,-37.90903092,hmm,TRUE,TRUE,310292423,0,,FALSE,509.1746692,1266.055512,503.4724869,1259.859639,509.8881755,1259.485283,-37.90909024,145.1323966,6.60885777,6.426601144,6.426601144,0,emission=-3.569 transition=1.539 sigma=4.070 num_candidates=5.000,,5.080599978,0,,,
515.705781,1277.538452,515.9707484,1277.244538,145.1324669,-37.90892866,hmm,TRUE,TRUE,310292423,0,,FALSE,515.705781,1277.538452,508.4095729,1272.936119,510.64,1272.37,-37.90897431,145.1324081,7.237059711,2.301150883,2.301150883,0,emission=-2.482 transition=-3.745 sigma=4.070 num_candidates=5.000,,6.950300012,0,,,
529.8902091,1277.034165,529.8942374,1277.855375,145.132628,-37.90893576,hmm,TRUE,TRUE,63906910#0,0,,FALSE,529.8902091,1277.034165,519.2690826,1279.965673,519.2589867,1277.907545,-37.90892598,145.1325074,10.66703721,2.058152355,2.058152355,0,emission=-2.450 transition=-34.228 sigma=4.070 num_candidates=5.000,,5.518299993,0,,,
536.7816661,1278.172637,531.1330572,1278.924608,145.1327067,-37.90892675,hmm,TRUE,TRUE,63906910#0,0,,FALSE,536.7816661,1278.172637,529.9671369,1283.519375,531.713781,1283.286853,-37.90887977,145.1326502,7.199906958,1.762053361,1.762053361,0,emission=-2.416 transition=-28.106 sigma=4.070 num_candidates=5.000,,8.433700015,0,,,
534.2652591,1303.832253,534.4456897,1303.808233,145.1326839,-37.90869515,hmm,TRUE,TRUE,63906910#0,0,,FALSE,534.2652591,1303.832253,535.1856836,1297.287026,533.6055576,1297.497381,-37.9087521,145.132675,6.369129714,1.594066266,1.594066266,0,emission=-2.399 transition=-0.329 sigma=4.070 num_candidates=5.000,,8.243100019,0,,,
536.279163,1315.572535,536.0164681,1315.607507,145.1327095,-37.90858975,hmm,TRUE,TRUE,63906910#0,0,,FALSE,536.279163,1315.572535,538.6301149,1311.165777,535.4809727,1311.585006,-37.90862553,145.1326995,4.066631782,3.176924656,3.176924656,0,emission=-2.627 transition=1.170 sigma=4.070 num_candidates=5.000,,7.939899981,0,,,
536.9007279,1326.917798,537.5014935,1326.844398,145.1327191,-37.90848767,hmm,TRUE,TRUE,63906910#0,0,,FALSE,536.9007279,1326.917798,540.2452466,1324.530514,537.2572967,1324.928285,-37.90850565,145.1327227,2.021213098,3.014310239,3.014310239,0,emission=-2.597 transition=1.605 sigma=4.070 num_candidates=5.000,,8.329399978,0,,,
540.0240194,1338.869703,539.8687462,1338.935543,145.1327574,-37.90838056,hmm,TRUE,TRUE,63906910#0,0,,FALSE,540.0240194,1338.869703,542.0415529,1337.596457,539.7186023,1338.581454,-37.9083831,145.1327538,0.419960931,2.523156296,2.523156296,0,emission=-2.515 transition=-2.198 sigma=4.070 num_candidates=5.000,,5.379799986,0,,,
543.4999511,1342.565006,542.8702765,1343.267768,145.1327977,-37.9083479,hmm,TRUE,TRUE,63906910#1,0,,FALSE,543.4999511,1342.565006,544.3350796,1346.160849,547.55,1346.48,-37.90831337,145.1328447,5.63294542,3.230722871,2.361163611,0,emission=-2.491 transition=-27.278 sigma=4.070 num_candidates=5.000,,4.992100003,0,,,
546.1168119,1347.233256,546.8544496,1346.047361,145.1328285,-37.90830632,hmm,TRUE,TRUE,63906910#1,0,,FALSE,546.1168119,1347.233256,546.6470107,1352.139677,547.8344607,1346.618921,-37.90831217,145.1328479,1.824205344,5.647015911,5.647015911,0,emission=-3.285 transition=-28.824 sigma=4.070 num_candidates=5.000,,6.815299974,0,,,
555.4482429,1350.779773,555.5769266,1348.006417,145.1329354,-37.90827606,hmm,TRUE,TRUE,63906910#1,0,,FALSE,555.4482429,1350.779773,552.4043354,1356.043766,553.93,1347.93,-37.90830145,145.1329175,3.228973158,8.255958994,8.255958994,0,emission=-4.380 transition=-1.997 sigma=4.070 num_candidates=5.000,,5.217799975,0,,,
567.4114536,1349.423539,567.4417827,1348.445096,145.1330711,-37.90829043,hmm,TRUE,TRUE,63906910#1,0,,FALSE,567.4114536,1349.423539,561.8155946,1356.386192,562.0669115,1348.278489,-37.90829978,145.1330101,5.46582737,8.111596998,8.111596998,0,emission=-4.309 transition=-4.755 sigma=4.070 num_candidates=5.000,,5.015000002,0,,,
575.8258606,1349.592048,575.5980931,1350.598463,145.1331668,-37.90829043,hmm,TRUE,TRUE,63906910#1,0,,FALSE,575.8258606,1349.592048,571.6929387,1355.436046,573.97,1350.23,-37.90828435,145.1331459,1.962447788,5.682245952,5.682245952,0,emission=-3.297 transition=-9.690 sigma=4.070 num_candidates=5.000,,6.221799995,0,,,
577.5166641,1352.228443,576.9988867,1350.356478,145.1331867,-37.90826699,hmm,TRUE,TRUE,5094896#0,0,,FALSE,577.5166641,1352.228443,578.1602897,1355.281825,579.5,1355.38,-37.90823896,145.1332099,3.723698809,1.343302681,1.298865017,0,emission=-2.374 transition=-30.716 sigma=4.070 num_candidates=5.000,,5.524599983,0,,,
588.1666384,1341.176154,586.8998709,1340.028893,145.1333052,-37.90836847,hmm,TRUE,TRUE,4577074#0,0,,FALSE,588.1666384,1341.176154,586.6238939,1349.107624,582.3728104,1345.881356,-37.90832504,145.1332404,7.463736734,5.336714439,5.336714439,0,emission=-3.182 transition=-49.818 sigma=4.070 num_candidates=5.000,,18.53669999,0,,,
596.2341539,1334.891626,595.2545432,1333.181134,145.1333955,-37.90842654,hmm,TRUE,TRUE,4577074#2,0,,FALSE,596.2341539,1334.891626,595.1548903,1341.505234,591.0878932,1336.407483,-37.90841196,145.1333374,5.364869247,6.521313767,6.521313767,0,emission=-3.606 transition=-43.177 sigma=4.070 num_candidates=5.000,,6.581299996,0,,,
607.0798435,1331.053967,607.1041432,1329.917665,145.133518,-37.90846307,hmm,TRUE,TRUE,4577074#2,0,,FALSE,607.0798435,1331.053967,605.0390419,1334.655374,605.1412551,1329.875689,-37.90847333,145.1334957,2.268582088,4.780777698,4.780777698,0,emission=-3.012 transition=-17.700 sigma=4.070 num_candidates=5.000,,9.93,0,,,
613.9119401,1332.060595,613.8916655,1330.058667,145.1335959,-37.90845523,hmm,TRUE,TRUE,4577074#2,0,,FALSE,613.9119401,1332.060595,613.738428,1331.141174,613.76,1330.06,-37.90847322,145.1335937,2.006356437,1.081389445,1.081389445,0,emission=-2.358 transition=-2.199 sigma=4.070 num_candidates=5.000,,4.955800017,0,,,
621.800886,1331.590248,621.7845654,1329.978731,145.1336855,-37.90846089,hmm,TRUE,TRUE,4577074#2,0,,FALSE,621.800886,1331.590248,622.0594583,1329.319894,622.0661018,1329.97588,-37.90847548,145.1336881,1.636008698,0.656019599,0.656019599,0,emission=-2.336 transition=0.552 sigma=4.070 num_candidates=5.000,,5.425999989,0,,,
632.2841424,1330.965214,632.273076,1329.872508,145.1338045,-37.90846841,hmm,TRUE,TRUE,4577074#2,0,,FALSE,632.2841424,1330.965214,631.4252934,1328.494306,631.4393367,1329.880952,-37.90847803,145.1337947,1.374525701,1.386717086,1.386717086,0,emission=-2.381 transition=1.467 sigma=4.070 num_candidates=5.000,,5.481900007,0,,,
641.7599075,1330.08593,641.7327295,1329.698025,145.1339121,-37.90847804,hmm,TRUE,TRUE,4577074#2,0,,FALSE,641.7599075,1330.08593,640.9951523,1328.069268,641.1123146,1329.741494,-37.90848103,145.1339046,0.733493583,1.676325162,1.676325162,0,emission=-2.407 transition=1.130 sigma=4.070 num_candidates=1.000,,5.574300012,0,,,
653.1914125,1328.119874,652.9590954,1327.349523,145.1340416,-37.90849781,hmm,TRUE,TRUE,4577074#2,0,,FALSE,653.1914125,1328.119874,651.6354466,1327.216704,651.7825075,1327.70435,-37.9085013,145.1340255,1.468902244,0.509338452,0.509338452,0,emission=-2.330 transition=0.434 sigma=4.070 num_candidates=1.000,,5.440299981,0,,,
664.9830615,1325.106695,664.6006794,1323.838736,145.134175,-37.90852708,hmm,TRUE,TRUE,4577074#2,0,,FALSE,664.9830615,1325.106695,663.1251828,1325.431698,662.8078405,1324.379408,-37.90853324,145.1341501,2.293585089,1.099100132,1.099100132,0,emission=-2.359 transition=1.051 sigma=4.070 num_candidates=1.000,,5.589100008,0,,,
675.9872792,1321.478352,675.6905274,1320.494339,145.1342993,-37.90856175,hmm,TRUE,TRUE,4577074#2,0,,FALSE,675.9872792,1321.478352,674.6917833,1322.661585,674.1759459,1320.951096,-37.90856617,145.1342785,1.886512007,1.78657882,1.78657882,0,emission=-2.419 transition=1.510 sigma=4.070 num_candidates=2.000,,5.481200002,0,,,
686.9851517,1317.960237,686.7167492,1317.112809,145.1344235,-37.90859543,hmm,TRUE,TRUE,4577074#2,0,,FALSE,686.9851517,1317.960237,686.1959945,1319.309785,685.6110715,1317.463006,-37.90859966,145.1344078,1.461278664,1.937196191,1.937196191,0,emission=-2.436 transition=1.474 sigma=4.070 num_candidates=2.000,,5.371700041,0,,,
696.4741185,1315.859614,695.7424255,1314.103874,145.1345309,-37.90861606,hmm,TRUE,TRUE,4577074#2,0,,FALSE,696.4741185,1315.859614,696.8212867,1316.354909,695.8623545,1314.053895,-37.90863222,145.1345235,1.906535549,2.492833009,2.492833009,0,emission=-2.510 transition=0.512 sigma=4.070 num_candidates=5.000,,8.094999997,0,,,
709.7516888,1306.701494,709.1198669,1306.364074,145.1346798,-37.90870095,hmm,TRUE,TRUE,4577074#2,0,,FALSE,709.7516888,1306.701494,708.7229904,1310.188484,707.0153021,1308.390442,-37.90868524,145.1346491,3.215642525,2.479749006,2.479749006,0,emission=-2.508 transition=-2.181 sigma=4.070 num_candidates=5.000,,8.145500033,0,,,
711.4656255,1296.617364,712.4024921,1296.633277,145.134697,-37.9087921,hmm,TRUE,TRUE,405414870#0,0,,FALSE,711.4656255,1296.617364,715.6690695,1301.444468,711.8123559,1300.893509,-37.90875364,145.1347019,4.290178882,3.895869082,3.895869082,0,emission=-2.781 transition=-11.727 sigma=4.070 num_candidates=5.000,,6.594799983,0,,,
712.5467599,1285.935521,712.459598,1285.935811,145.1347068,-37.90888852,hmm,TRUE,TRUE,405414870#0,0,,FALSE,712.5467599,1285.935521,718.9323497,1290.888611,712.4761422,1290.910084,-37.9088437,145.1347072,4.975064233,6.456243252,6.456243252,0,emission=-3.581 transition=-3.505 sigma=4.070 num_candidates=5.000,,5.507499969,0,,,
713.3845928,1276.175214,711.9704438,1276.275317,145.1347141,-37.90897659,hmm,TRUE,TRUE,405414870#0,0,,FALSE,713.3845928,1276.175214,719.8683693,1279.876468,712.2634629,1280.414793,-37.9089382,145.1347024,4.385312094,7.623935645,7.623935645,0,emission=-4.077 transition=-1.140 sigma=4.070 num_candidates=5.000,,5.13070001,0,,,
714.941501,1266.359988,712.6818887,1265.315835,145.1347296,-37.90906529,hmm,TRUE,TRUE,405414870#2,0,,FALSE,714.941501,1266.359988,719.9951945,1268.826928,713.35,1263.87,-37.90908744,145.1347109,2.955150704,8.290340489,7.852344323,0,emission=-4.184 transition=-22.228 sigma=4.070 num_candidates=5.000,,5.828100024,0,,,
717.9600232,1259.827657,716.0612726,1258.812588,145.1347624,-37.90912468,hmm,TRUE,TRUE,46129139,0,,FALSE,717.9600232,1259.827657,720.7045786,1259.626703,712.78,1257.19,-37.90914751,145.1347029,5.812905883,8.290745883,4.92238036,0,emission=-3.054 transition=-15.561 sigma=4.070 num_candidates=5.000,,4.945199995,0,,,
721.5383195,1252.138904,720.0531771,1251.345249,145.1348014,-37.90919459,hmm,TRUE,TRUE,46129139,0,,FALSE,721.5383195,1252.138904,722.3846525,1251.22289,712.78,1257.19,-37.90914751,145.1347029,10.11047631,11.30733184,6.486630558,0,emission=-3.593 transition=-2.048 sigma=4.070 num_candidates=5.000,,5.180899985,0,,,
723.7494414,1246.428928,722.9179115,1245.984561,145.1348252,-37.90924643,hmm,TRUE,TRUE,405414870#3,0,,FALSE,723.7494414,1246.428928,724.1858594,1244.335032,723.8852597,1244.174393,-37.90926676,145.1348263,2.258622558,0.340830161,0.340830161,0,emission=-2.326 transition=-6.867 sigma=4.070 num_candidates=5.000,,10.44109999,0,,,
725.2766641,1242.081372,725.0643857,1241.967931,145.1348416,-37.90928586,hmm,TRUE,TRUE,405414870#3,0,,FALSE,725.2766641,1242.081372,725.7734796,1239.089604,725.09,1241.92,-37.90928728,145.1348394,0.246747662,2.911749963,0.009577786,0,emission=-2.323 transition=-13.012 sigma=4.070 num_candidates=5.000,,6.35879999,0,,,
728.2778641,1232.363302,727.9010508,1232.306834,145.1348735,-37.90937395,hmm,TRUE,TRUE,E14,0,,FALSE,728.2778641,1232.363302,727.9874298,1232.108143,728.22,1228.14,-37.90941198,145.1348719,4.223698384,3.974952588,0.62904512,0,emission=-2.335 transition=-35.011 sigma=4.070 num_candidates=5.000,,5.538500031,0,,,
726.8981161,1236.810886,727.0232343,1236.845144,145.1348588,-37.90933363,hmm,TRUE,TRUE,E14,0,,FALSE,726.8981161,1236.810886,728.4407659,1230.929971,728.22,1228.14,-37.90941198,145.1348719,8.771068412,2.798691776,0.81751031,0,emission=-2.343 transition=-4.702 sigma=4.070 num_candidates=5.000,,4.876899999,0,,,
706.8863259,1221.61327,706.8700185,1220.510637,145.1346278,-37.90946693,hmm,TRUE,TRUE,-11294993,0,,FALSE,706.8863259,1221.61327,718.3146942,1223.70509,718.2649574,1220.342111,-37.90948043,145.1347569,11.44941479,3.363346495,3.363346495,0,emission=-2.664 transition=-52.111 sigma=4.070 num_candidates=5.000,,7.596600044,0,,,
700.6271128,1221.689931,700.6110407,1220.603204,145.1345567,-37.90946511,hmm,TRUE,TRUE,-11294993,0,,FALSE,700.6271128,1221.689931,708.1593872,1219.797475,708.1696503,1220.491416,-37.90947727,145.1346422,7.637166378,0.69401695,0.69401695,0,emission=-2.337 transition=-2.314 sigma=4.070 num_candidates=5.000,,5.362499971,0,,,
690.1642921,1221.818065,690.1486133,1220.757939,145.1344378,-37.90946207,hmm,TRUE,TRUE,-11294993,0,,FALSE,690.1642921,1221.818065,696.5456113,1218.250989,696.5812809,1220.662802,-37.90947364,145.1345105,6.520151603,2.412077189,2.412077189,0,emission=-2.498 transition=0.976 sigma=4.070 num_candidates=5.000,,5.444200011,0,,,
682.0441876,1221.9175,682.0270353,1220.882646,145.1343455,-37.90945971,hmm,TRUE,TRUE,-11294993,0,,FALSE,682.0441876,1221.9175,685.5879763,1218.151195,685.6275178,1220.824803,-37.9094702,145.134386,3.7462302,2.673901013,2.673901013,0,emission=-2.538 transition=1.594 sigma=4.070 num_candidates=5.000,,5.439899978,0,,,
669.150472,1223.153314,669.1163834,1221.096635,145.1341991,-37.90944626,hmm,TRUE,TRUE,-11294993,0,,FALSE,669.150472,1223.153314,673.0414673,1219.376203,673.0688969,1221.031123,-37.90946608,145.1342432,4.456203233,1.655147741,1.655147741,0,emission=-2.405 transition=1.380 sigma=4.070 num_candidates=5.000,,5.397300003,0,,,
658.4045439,1223.489343,658.3691025,1221.274254,145.134077,-37.90944129,hmm,TRUE,TRUE,-11294993,0,,FALSE,658.4045439,1223.489343,660.7289132,1220.806906,660.7360175,1221.235536,-37.90946201,145.134103,3.242748382,0.428688003,0.428688003,0,emission=-2.328 transition=1.305 sigma=4.070 num_candidates=5.000,,5.30389999,0,,,
648.7117446,1223.967317,648.6688496,1221.431203,145.1339669,-37.90943524,hmm,TRUE,TRUE,-11294994,0,,FALSE,648.7117446,1223.967317,649.3342137,1222.221741,649.3211504,1221.420525,-37.90945829,145.1339733,2.61868791,0.801322495,0.801322495,0,emission=-2.342 transition=-23.710 sigma=4.070 num_candidates=5.000,,5.357799993,0,,,
638.871186,1223.634478,638.8367332,1221.597501,145.133855,-37.90943646,hmm,TRUE,TRUE,-11294994,0,,FALSE,638.871186,1223.634478,638.6149282,1223.058001,638.5902962,1221.601669,-37.90945472,145.1338513,2.052123731,1.456540249,1.456540249,0,emission=-2.387 transition=1.512 sigma=4.070 num_candidates=5.000,,5.281699996,0,,,
631.7368793,1223.305749,631.7100253,1221.71804,145.1337738,-37.90943814,hmm,TRUE,TRUE,-11294994,0,,FALSE,631.7368793,1223.305749,629.7464719,1223.406983,629.7184754,1221.751724,-37.90945177,145.1337505,2.547341271,1.655495265,1.655495265,0,emission=-2.405 transition=1.598 sigma=4.070 num_candidates=5.000,,4.87080001,0,,,
620.5731795,1224.1306,620.5355709,1221.907041,145.1336471,-37.90942869,hmm,TRUE,TRUE,-11294994,0,,FALSE,620.5731795,1224.1306,620.0658889,1223.978237,620.0310017,1221.915575,-37.90944855,145.1336404,2.28041496,2.062957224,2.062957224,0,emission=-2.451 transition=1.567 sigma=4.070 num_candidates=5.000,,6.272699975,0,,,
614.6769853,1222.706861,614.6651367,1222.006332,145.1335797,-37.90944045,hmm,TRUE,TRUE,-11294994,0,,FALSE,614.6769853,1222.706861,612.3800614,1223.570576,612.3542654,1222.045417,-37.90944599,145.1335531,2.415064418,1.525376889,1.525376889,0,emission=-2.393 transition=1.515 sigma=4.070 num_candidates=5.000,,6.076799997,0,,,
597.9896941,1223.894351,597.9625389,1222.288834,145.1333902,-37.90942675,hmm,TRUE,TRUE,-11294994,0,,FALSE,597.9896941,1223.894351,600.5558665,1223.817244,600.5292812,1222.245421,-37.90944206,145.1334187,3.027948547,1.572048057,1.572048057,0,emission=-2.397 transition=1.609 sigma=4.070 num_candidates=5.000,,5.138400011,0,,,
590.0937314,1224.671235,590.0556648,1222.422589,145.1333006,-37.90941832,hmm,TRUE,TRUE,-11294994,0,,FALSE,590.0937314,1224.671235,590.2670264,1224.344434,590.2344409,1222.419562,-37.90943863,145.1333017,2.256065197,1.925147672,1.925147672,0,emission=-2.434 transition=1.579 sigma=4.070 num_candidates=5.000,,7.435200037,0,,,
579.9361089,1224.715529,579.9059148,1222.585562,145.1331851,-37.90941609,hmm,TRUE,TRUE,-11294994,0,,FALSE,579.9361089,1224.715529,580.0143174,1224.684846,579.9845425,1222.584448,-37.9094353,145.1331852,2.131631563,2.100609403,2.100609403,0,emission=-2.456 transition=1.574 sigma=4.070 num_candidates=5.000,,4.9764,0,,,
571.0061391,1224.939701,570.974562,1222.712172,145.1330837,-37.90941246,hmm,TRUE,TRUE,-11294994,0,,FALSE,571.0061391,1224.939701,570.4146063,1224.971994,570.3826903,1222.720562,-37.90943234,145.1330761,2.305052261,2.251658521,2.251658521,0,emission=-2.476 transition=1.603 sigma=4.070 num_candidates=5.000,,5.472599994,0,,,
559.3527669,1223.397423,559.3453898,1222.877025,145.1329508,-37.90942425,hmm,TRUE,TRUE,-11294994,0,,FALSE,559.3527669,1223.397423,559.8824177,1224.3317,559.8616927,1222.869706,-37.9094291,145.1329565,0.733137548,1.462141239,1.462141239,0,emission=-2.387 transition=1.462 sigma=4.070 num_candidates=5.000,,5.027099978,0,,,
547.3520755,1224.861407,547.3263605,1223.047405,145.1328147,-37.9094089,hmm,TRUE,TRUE,-11294994,0,,FALSE,547.3520755,1224.861407,548.5185862,1224.590076,548.4964825,1223.030817,-37.9094256,145.1328273,2.1588713,1.5594148,1.5594148,0,emission=-2.396 transition=1.607 sigma=4.070 num_candidates=5.000,,4.879800021,0,,,
535.6991098,1225.376456,535.6684363,1223.212666,145.1326823,-37.90940216,hmm,TRUE,TRUE,-11294994,0,,FALSE,535.6991098,1225.376456,536.8071864,1225.024745,536.7812751,1223.19689,-37.90942199,145.1326941,2.433431304,1.828038567,1.828038567,0,emission=-2.423 transition=1.594 sigma=4.070 num_candidates=5.000,,5.254200019,0,,,
524.5302938,1225.130849,524.5053452,1223.370912,145.1325553,-37.90940235,hmm,TRUE,TRUE,-11294994,0,,FALSE,524.5302938,1225.130849,525.177436,1225.177487,525.1516964,1223.361749,-37.9094184,145.1325619,1.875061195,1.815920372,1.815920372,0,emission=-2.422 transition=1.609 sigma=4.070 num_candidates=5.000,,5.723900045,0,,,
515.7750314,1225.534144,515.4867702,1223.686437,145.1324558,-37.90939714,hmm,TRUE,TRUE,-11294994,0,,FALSE,515.7750314,1225.534144,514.8841568,1225.448413,516.81,1223.48,-37.90941583,145.1324671,2.300145123,2.753819329,1.4817201,0,emission=-2.389 transition=-8.162 sigma=4.070 num_candidates=5.000,,5.57139999,0,,,
509.1019043,1224.977098,510.18,1225.82,145.1323798,-37.90940095,hmm,TRUE,TRUE,310292423,0,,FALSE,509.1019043,1224.977098,506.5692556,1225.316957,508.32,1232.61,-37.90933205,145.1323727,7.672846101,7.500238666,2.863887756,0,emission=-2.570 transition=-39.970 sigma=4.070 num_candidates=5.000,,5.571599992,0,,,
509.1524885,1243.660553,508.9654378,1243.671468,145.1323847,-37.90923266,hmm,TRUE,TRUE,310292423,0,,FALSE,509.1524885,1243.660553,502.908041,1234.607579,508.4177997,1234.286084,-37.90931697,145.1323742,9.403213895,5.519130326,5.519130326,0,emission=-3.242 transition=-39.926 sigma=4.070 num_candidates=5.000,,5.689900019,0,,,
509.4475381,1253.316124,509.5279307,1253.311433,145.1323902,-37.90914573,hmm,TRUE,TRUE,310292423,0,,FALSE,509.4475381,1253.316124,502.3210449,1245.648779,509.057877,1245.255685,-37.90921827,145.132384,8.069852431,6.748290868,6.748290868,0,emission=-3.697 transition=1.267 sigma=4.070 num_candidates=5.000,,5.611800007,0,,,
507.9509424,1264.460007,510.1708928,1264.330472,145.1323757,-37.90904508,hmm,TRUE,TRUE,310292423,0,,FALSE,507.9509424,1264.460007,502.5089873,1258.068608,509.7807539,1257.6443,-37.9091068,145.132395,7.05705817,7.284135359,7.284135359,0,emission=-3.924 transition=1.552 sigma=4.070 num_candidates=5.000,,5.809999944,0,,,
508.0175776,1266.363277,510.281798,1266.231159,145.1323769,-37.90902794,hmm,TRUE,TRUE,310292423,0,,FALSE,508.0175776,1266.363277,503.5775703,1266.295186,510.2627726,1265.905103,-37.90903248,145.1324024,2.291467596,6.696573382,6.696573382,0,emission=-3.676 transition=1.505 sigma=4.070 num_candidates=5.000,,5.437199958,0,,,
