sim_time,phone_lat,phone_lon,gps_x,gps_y,gt_x,gt_y,matched,edge_id,lane_index,lane_pos,is_internal_edge,raw_x,raw_y,matched_x,matched_y,matched_lat,matched_lon,match_error_m,unmatched_reason
1,-37.90918003,145.1322461,473.7291117,1267.162459,476.93,1284.79,True,28533357#1,0,17.13293702245703,False,496.8533605870325,1249.2564608510584,505.72205328048625,1249.0229198416089,-37.90918373445405,145.13234688201072,8.87176710097906,
2,-37.90921215,145.1322668,473.0268462,1272.159309,476.93,1284.79,True,28533357#1,0,20.610335481448555,False,498.7446550320601,1245.728729793802,505.63113546352906,1245.5467101250993,-37.90921503257368,145.13234505643587,6.8888855334371355,
3,-37.90920806,145.1322796,471.7866339,1275.069598,476.93,1284.79,True,28533357#1,0,20.104873318416935,False,499.86089965718566,1246.205123406835,505.6443509511872,1246.051999496789,-37.909210483191316,145.13234532179501,5.785478009803177,
4,-37.90923605,145.1322633,477.7709816,1282.304613,476.93,1284.79,True,28533357#1,0,23.274556757622378,False,498.4900818358874,1243.0705023501068,505.5614784526408,1242.8833996082328,-37.9092390117399,145.1323436577637,7.073871468117615,
5,-37.90921526,145.1322863,475.7362837,1288.214475,477.3118565,1288.028709,True,28533357#1,0,20.876002074739056,False,500.4659510672209,1245.417977668345,505.62418951615336,1245.2811343494614,-37.90921742369017,145.13234491696534,5.160053293326381,
6,-37.90910912,145.1322292,478.0171809,1294.462773,478.0697274,1294.456577,True,28533357#1,0,9.339109164138938,False,495.20990719943075,1257.0952155441046,505.92582567613636,1256.814083393728,-37.909113586565496,145.13235097362977,10.719605593741594,
7,-37.90907129,145.1320545,479.4925256,1302.843308,479.064506,1302.893773,True,28533357#0,0,6.469078246011809,False,479.7666677701054,1260.9852670580149,481.1011410153329,1271.6929608888274,-37.90897507342677,145.1320721121475,10.790529459514458,
8,-37.90899823,145.131943,480.8408586,1312.132408,480.1834854,1312.212917,True,1272942443#3,0,4.5246480384977,False,469.8014420036343,1268.8959322022274,469.57664474942436,1278.3518466395783,-37.908913008297574,145.13194259855095,9.458586133878637,
9,-37.90898791,145.1319768,482.7968747,1319.726018,481.1286354,1319.930327,True,28533357#0,0,4.472095888139561,False,472.7500981108751,1270.1006384668872,479.1198840997507,1271.9404847750811,-37.90897248604323,145.13204964212295,6.630174053661857,
10,-37.90899972,145.1319742,484.386391,1329.440501,482.3242743,1329.693048,True,28533357#0,0,4.472095888139561,False,472.5477740209899,1268.7855618614703,479.1198840997507,1271.9404847750811,-37.90897248604323,145.13204964212295,7.290141938136463,
11,-37.90901751,145.1319924,485.8438453,1338.927075,483.4904622,1339.215293,True,28533357#0,0,4.472095888139561,False,474.1874259709148,1266.843559361063,479.1198840997507,1271.9404847750811,-37.90897248604323,145.13204964212295,7.0927985921485375,
12,-37.90901455,145.1319873,488.5022528,1349.223895,484.7721613,1349.680719,True,28533357#0,0,4.472095888139561,False,473.73246616404504,1267.1630306923762,479.1198840997507,1271.9404847750811,-37.90897248604323,145.13204964212295,7.200579110482527,
13,-37.90896941,145.1319804,492.4236756,1357.199581,485.78,1357.91,True,28533357#0,0,2.841325271551819,False,473.0254636798054,1272.1598323127255,478.7406855143564,1273.5265557812977,-37.90895812988997,145.1320456920775,5.876367386206785,
14,-37.90894297,145.131967,495.9601828,1366.703132,486.0039295,1365.263893,True,1272942443#3,0,2.3911052415873018,False,471.788579348824,1275.070137896575,471.7095779479007,1278.4028450423548,-37.90891293392117,145.13196686108898,3.3336433733798296,
15,-37.90887888,145.1320367,496.0361873,1377.028582,485.3053289,1378.73971,True,:3157090491_0,0,2.4456127522505264,True,477.77391146775335,1282.3046741429716,478.3938632514145,1282.1694719012883,-37.908880209840206,145.13204371789146,0.6345233330783164,
16,-37.90882528,145.1320149,501.9220752,1387.699555,487.1106644,1390.061362,True,-1272942443#2,0,3.2596574222791,False,475.73812933207955,1288.2139898501337,477.3116826279506,1288.0272341407658,-37.90882724638094,145.13203274833984,1.5845970055279177,
17,-37.9087694,145.1320422,500.604022,1395.907974,488.3544285,1397.861278,True,-1272942443#2,0,9.72955873306784,False,478.0140261184424,1294.4628054881468,478.06926191159073,1294.452628805714,-37.908769501644436,145.13204282569748,0.05616544943344084,
18,-37.90869417,145.1320609,504.0006814,1405.973356,491.1787143,1411.264962,True,-1272942443#2,0,18.222487264540504,False,479.4908106690855,1302.8436415549368,479.06372324937826,1302.8871342262084,-37.908693701116036,145.13205605404534,0.4292962572938619,
19,-37.90861074,145.1320784,503.9163697,1412.936043,492.5040034,1415.852281,True,-1272942443#1,0,3.237478342461828,False,480.8438651517499,1312.1322756661102,480.1835530238781,1312.213468847726,-37.90860988940376,145.13207091094355,0.6652852312771527,
20,-37.90854269,145.1321023,497.0367919,1417.84959,493.2609351,1418.814447,True,1272942443#1,0,90.93349391796863,False,482.79379400459584,1319.72554306034,483.12099827866933,1319.692545953942,-37.90854304630632,145.13210601269537,0.32886387153744895,
21,-37.90845546,145.1321226,495.2116133,1426.083739,493.1417578,1425.231445,True,1272942443#1,0,81.09766397451493,False,484.3845775881782,1329.4407754577696,484.31741899562786,1329.4553390043234,-37.90845531668607,145.132121839746,0.06871952736717482,
22,-37.90837027,145.1321414,489.4098469,1433.965083,488.1451384,1428.846025,True,1272942443#1,0,71.50461521294929,False,485.8480244341772,1338.9269964238629,485.4843080475038,1338.9771536676315,-37.908369752522084,145.13213727609173,0.3671584930751388,
23,-37.90827799,145.1321739,481.3095856,1438.204802,480.3647901,1430.075408,True,1272942443#1,0,60.962192305273966,False,488.5001902099466,1349.224091745913,486.76667804029483,1349.4412928088063,-37.90827572051298,145.13215424004636,1.7470663250296874,
24,-37.90820685,145.1322203,466.7370764,1433.414382,466.537183,1431.647844,True,1272942443#1,0,52.62754626491864,False,492.4214271059027,1357.1998723894358,487.78031596259194,1357.714067178046,-37.90820138033401,145.1321676493581,4.669508424363012,
25,-37.90812188,145.1322627,454.5943196,1434.911206,454.3642938,1433.042414,True,1272942443#1,0,44.75846139659352,False,495.9602517368621,1366.7032498717308,487.9899047539661,1365.546097100929,-37.90813086535936,145.1321718164936,8.053907968355132,
26,-37.90802888,145.1322659,442.4691842,1436.462887,442.2319776,1434.535756,True,1272942443#1,0,31.731797838647182,False,496.0348311266862,1377.028624823317,487.27963891175705,1378.4288055427476,-37.90801468663282,145.132166675794,8.866447809998157,
27,-37.90793382,145.1323353,430.4012506,1436.268973,430.3676643,1435.99611,True,1272942443#1,0,20.26698125372542,False,501.9250388384098,1387.6991943959147,489.08701078778853,1389.7502642044055,-37.90791302642827,145.1321898039711,13.000840418520713,
28,-37.90785963,145.1323222,415.104785,1440.120866,414.8324458,1437.908308,True,1272942443#1,0,12.368398329388471,False,500.60837119829375,1395.9086075816303,490.3321834891751,1397.5500819687093,-37.9078429885343,145.13220573788166,10.406462991644995,
29,-37.90776958,145.1323631,404.4142589,1439.37781,404.3915669,1439.193454,True,1001027006,0,31.284830353538755,False,504.0040537470486,1405.9730398552492,504.50137957100424,1410.5097696092807,-37.9077288017962,145.13236978775487,4.563907299265398,
30,-37.90770684,145.1323637,395.9850461,1442.126178,395.754914,1440.256522,True,1001027006,0,32.1337329463512,False,503.9173287120648,1412.936035762541,503.65758404597705,1410.6027466173405,-37.907727811955425,145.13236021533996,2.3477021801479885,
31,-37.90766134,145.1322866,375.4958763,1443.386937,375.4186672,1442.759669,True,996237862#1,0,1.096705175337793,False,497.0376345060067,1417.8491348931566,495.19861011734713,1418.3174042286898,-37.907656789809295,145.13226579776898,1.8977056865292758,
32,-37.90758683,145.1322677,363.839385,1444.867675,363.7555832,1444.170951,True,:cluster_11820724987_9239946034_9351956751_9351956760_16,0,4.760236028316071,True,495.2103179976111,1426.0838395515457,495.42558297685497,1426.1701675297195,-37.907586091187916,145.13227016713026,0.23193001337565095,
33,-37.90751479,145.1322035,352.7059294,1447.383398,352.4865019,1445.507949,True,-45897403#0,0,94.91729901386061,False,489.4057574639446,1433.9646644862369,489.631707656365,1435.6298144799734,-37.90749983070848,145.13220644826464,1.6804100663515829,
34,-37.90747513,145.1321124,340.6594751,1448.35672,340.6960473,1446.219859,True,1209653412#1,0,2.6468610046303302,False,481.3081544380402,1438.2050546100363,481.3828109207053,1438.9276402495823,-37.90746863424985,145.1321134134197,0.7264321006687271,
35,-37.90751566,145.1319456,330.0232991,1448.921344,330.8540458,1444.93376,True,:cluster_579289_605155831_9106614572_9106614573_#2more_21,0,10.491015445308644,True,466.7333724532509,1433.413797014393,466.78424615474484,1433.8582651824574,-37.90751166530751,145.1319462796728,0.4473701889110768,
36,-37.90749998,145.1318079,316.5734906,1441.69195,317.2628533,1440.413953,True,-1209653410,0,82.58106447279583,False,454.5920527759008,1434.9111229423434,454.6326523164504,1435.2525902872571,-37.907496911309764,145.13180843939944,0.34387246231023477,
37,-37.90748381,145.1316704,305.4285499,1433.311363,307.976275,1431.575725,True,-1209653410,0,70.35765701875657,False,442.4672218367923,1436.4631562512368,442.50078041974257,1436.7456991477673,-37.90748127084486,145.13167084592598,0.28452885068029726,
38,-37.90748338,145.1315332,297.0604525,1420.276327,296.5019474,1421.425252,True,1209653410,0,25.913509562283515,False,430.40376781416126,1436.269112448208,430.3705908268485,1435.9957494560642,-37.907485836528636,145.13153276049977,0.2753689124809887,
39,-37.90744592,145.1313601,287.927023,1419.860716,288.1086715,1418.600529,True,-1209653410,0,42.75070144138455,False,415.1016537717078,1440.120815668255,415.1005608179568,1440.117933129108,-37.90744594576925,145.1313600869167,0.0030827876729173716,
40,-37.90745068,145.1312384,278.1815983,1420.716308,277.7489454,1418.869619,True,1209653410,0,52.08945606627834,False,404.412484067725,1439.378141572699,404.3907104477494,1439.1935597799736,-37.90745233882449,145.13123811037556,0.18586158487579282,
41,-37.9074244,145.1311432,268.9183396,1424.977404,267.9475504,1423.445485,True,-1209653410,0,23.531663529288906,False,395.9841230160673,1442.126512201503,396.0254455684471,1442.4655694903213,-37.90742135315441,145.1311437470972,0.3415660967309843,
42,-37.90740935,145.1309105,261.8516459,1430.831872,261.5907685,1426.625224,True,1209653410,0,81.28260641746407,False,375.4918519165367,1443.38637012057,375.4162260333229,1442.7599697879634,-37.90741497910223,145.13090949738017,0.6309490081627576,
43,-37.9073939,145.1307784,251.4426413,1421.91827,251.4359245,1421.924408,True,:cluster_605155297_605155316_14,0,6.036834359210065,True,363.84335301991086,1444.8679120754823,364.0200083728103,1445.1432226645716,-37.907391451845974,145.13078047124708,0.32711318251134724,
44,-37.90736923,145.1306523,251.7787016,1410.822969,248.9720735,1411.222061,True,-1147258794#0,0,4.401696475337865,False,352.7018488931353,1447.3831122908741,352.7418748877032,1447.7184906381387,-37.90736621606375,145.13065283153693,0.33775836933390446,
45,-37.90735828,145.1305156,248.7183179,1400.988832,247.5246329,1401.161334,True,:cluster_9106614563_9109971234_3,0,8.62040223072014,True,340.65892369800713,1448.3571696281433,340.65538344872294,1448.4552895896522,-37.907357395473014,145.1305155821206,0.09818380829601032,
46,-37.90735128,145.1303948,248.9675343,1387.39599,245.6055873,1387.881831,True,-1147258794#2,0,18.8430038993604,False,330.0227012693649,1448.9209332689643,330.3996565883647,1447.1150739480568,-37.90736761570061,145.13039867402927,1.8447826970759502,
47,-37.90741397,145.1302402,247.1318233,1375.931151,243.9451223,1376.391667,True,1147258794#2,0,15.732263990818197,False,316.5699073582073,1441.691934526898,317.2600500484368,1440.412440789674,-37.90742562066719,145.13024775481455,1.453754159571854,
48,-37.90748745,145.1301116,244.6890716,1363.55454,242.143173,1363.922453,True,:10132758421_4,0,0.9958326653083085,True,305.4270490986528,1433.3114522611722,306.1500810065957,1432.8234026738758,-37.90749197710647,145.13011970922517,0.8723345342033892,
49,-37.90760336,145.1300135,240.9224136,1348.967768,240.0012804,1349.100883,True,:579292_0,0,7.393633792230762,True,297.0601870678365,1420.2765009393916,296.6456398254849,1421.4681944534548,-37.90759255004303,145.13000905857385,1.2617380265338993,
50,-37.90760546,145.1299096,238.6681106,1332.424314,237.6133457,1332.57674,True,5094886#2,0,8.822498849926047,False,287.9300820255885,1419.8602323234081,288.11119665427447,1418.600893211427,-37.90761683714415,145.12991137196275,1.2722961556529362,
51,-37.90759599,145.129799,236.7243891,1322.123897,236.1155017,1322.211888,True,-5094886#2,0,13.514146954030332,False,278.18516402097885,1420.716000676155,278.262257599197,1421.0362600001895,-37.907593118963106,145.12979994956623,0.32940773280761204,
52,-37.90755593,145.1296946,235.2652209,1309.831686,234.3699324,1309.955195,True,-5094886#2,0,3.3713796781574694,False,268.91723989212187,1424.9771117502823,269.1401562164555,1425.3292194814212,-37.90755279842074,145.12969721476998,0.416739177402582,
53,-37.90750191,145.1296156,231.7416228,1293.572242,232.1363466,1293.519982,True,:9110403639_1,0,6.675083238704573,True,261.8513702197233,1430.832088493742,261.44368670876867,1430.6468493364216,-37.907503504993066,145.1296109225794,0.44779391522116574,
54,-37.90758033,145.1294952,231.7991545,1282.376961,230.6806482,1282.525048,True,:9110403636_0,0,1.2807878746318833,True,251.44051409815438,1421.9178279703483,251.43601751469058,1421.9245097330577,-37.907580268996405,145.1294951504003,0.008053894446252917,
55,-37.90768034,145.1294965,229.9978889,1269.091913,228.8316693,1269.256672,True,-10539447#1,0,7.091578506594026,False,251.77748050598893,1410.8225153256208,248.97164491642152,1411.2190475829643,-37.90767626079162,145.12946468938816,2.8337168501452394,
56,-37.90776837,145.1294595,227.4317213,1257.723872,227.2068464,1257.755641,True,-10539447#0,0,3.393020184916412,False,248.7204848791007,1400.9889978226274,247.52470948797324,1401.1618637469294,-37.907766596644095,145.12944594399883,1.2082058656581622,
57,-37.90789086,145.1294592,228.2622209,1244.995171,225.4600236,1245.391055,True,-10539447#0,0,16.81042270088249,False,248.9668392430758,1387.396369786933,245.60567046604578,1387.8824066982481,-37.90788587412102,145.12942109581695,3.39612829952613,
58,-37.90799381,145.1294357,226.0159884,1232.237242,223.6489456,1232.571649,True,-10539447#0,0,28.420356041806297,False,247.1299783368595,1375.9310691524297,243.94514674718906,1376.3918360788311,-37.9079890836245,145.12939959488267,3.217989809652629,
59,-37.90810486,145.1294051,222.2310967,1219.606263,221.8253425,1219.663586,True,-10539447#0,0,41.018943867668035,False,244.68693893542513,1363.5544258616865,242.14321961336123,1363.9227754161218,-37.90810108201942,145.12937626294203,2.570250840617306,
60,-37.90823558,145.129359,220.1764105,1201.975983,219.3431351,1202.093705,True,-10539447#0,0,55.993435361436845,False,240.92497455782723,1348.9677550354972,240.00147619649135,1349.10223795511,-37.908234201611506,145.12934853084818,0.9332389185292356,
61,-37.9083842,145.1293296,218.1049826,1188.239862,217.4082027,1188.33771,True,-10539447#0,0,72.68889154402453,False,238.67111539514735,1332.424271701835,237.61358987757527,1332.5784291910072,-37.90838262014748,145.12931761147465,1.068702368194235,
62,-37.90847664,145.1293051,216.3818146,1175.192081,215.5780334,1175.304955,True,-10539447#0,0,83.16226124317764,False,236.7229654993862,1322.123444614932,236.1156244464994,1322.2127371049746,-37.908475725843616,145.1292982151078,0.6138699400521769,
63,-37.9085871,145.1292857,215.3275147,1162.865344,213.9109307,1163.051299,True,:579297_3,0,4.0494137024338706,True,235.2633290963713,1309.8320256732404,235.52729095810398,1309.947082385432,-37.90858611126043,145.1292887274142,0.2879477582300261,
64,-37.90873294,145.1292419,215.2371577,1149.079267,212.1303632,1149.487095,True,-4577073#9,0,6.124079879852145,False,231.73729349055793,1293.5716153923422,232.1362033008511,1293.5188991738526,-37.908733486993405,145.1292464234589,0.4023779770812203,
65,-37.9088338,145.12924,211.4575709,1135.481743,210.311623,1135.632173,True,-4577073#9,0,17.214779909066717,False,231.79485092271352,1282.3763346141204,230.68052861181545,1282.524144136212,-37.908832267052816,145.12922736419227,1.1240826781808262,
66,-37.90895314,145.1292165,208.4431729,1122.593368,208.5973505,1122.573129,True,-4577073#9,0,30.610127243137022,False,229.99454692268046,1269.09231059812,228.83172711415546,1269.257081479048,-37.90895144549061,145.12920331663884,1.1744357582685883,
67,-37.90905509,145.1291848,210.1700179,1109.071683,206.9073084,1109.489282,True,-4577073#9,0,42.225073006505085,False,227.43460268515628,1257.7234989283606,227.20694515607835,1257.7563402562098,-37.90905475300101,145.12918221908342,0.23001413730630668,
68,-37.9091699,145.1291913,208.7476217,1093.240803,204.8908256,1093.734439,True,-4577073#9,0,54.7124379294137,False,228.26173886971083,1244.9950766600668,225.46012294579683,1245.3917579792562,-37.90916582011372,145.12915953678086,2.829559657282794,
69,-37.90928442,145.1291629,206.2121928,1081.706447,203.3978563,1082.066381,True,-4577073#9,0,67.65821118676146,False,226.0199260887457,1232.2372563062236,223.64917528831967,1232.5732746909518,-37.90928096446633,145.12913602173683,2.3944451784486733,
70,-37.90939752,145.1291169,204.0740031,1068.301282,201.6766121,1068.607891,True,-4577073#9,0,80.69560587327837,False,222.22762314300053,1219.6059507178143,221.8254109678877,1219.6640708458056,-37.90939692372397,145.12911234018767,0.4063896936275715,
71,-37.90955596,145.1290896,203.6367728,1054.885652,199.9814254,1055.353145,True,-4577073#9,0,98.43783295265678,False,220.1803509980673,1201.976485771127,219.34350093214755,1202.0962951097963,-37.90955472943161,145.129080112496,0.8453829371724101,
72,-37.90967933,145.1290629,201.8868718,1040.448844,198.1320436,1040.933338,True,:cluster_12176407960_33776478_412622428_9553656656_#1more_11,0,7.451077684848175,True,218.10773536551278,1188.2396209882572,217.31177037472727,1189.4073615906123,-37.909668666824174,145.12905411647455,1.413215617287273,
73,-37.90979655,145.1290403,197.6288879,1027.363995,196.3907349,1027.528904,True,:cluster_12176407960_33776478_412622428_9553656656_#1more_1,0,16.511062497358306,True,216.38188840512885,1175.1924246028066,215.77909093421272,1175.2989092369398,-37.90979548177602,145.12903347057255,0.6121305156985544,
74,-37.9099074,145.1290255,195.8074354,1015.421907,194.7513822,1015.568117,True,-4577073#4,0,5.907969622372272,False,215.32760785403661,1162.8658381244168,213.9110600121255,1163.0522840326694,-37.90990546433642,145.1290094365626,1.4287651539449044,
75,-37.91003158,145.1290213,196.6879654,1001.584737,192.8882225,1002.11081,True,-1037064066#1,0,33.57179274156425,False,215.234930721228,1149.078792030923,217.18285484698796,1148.7773449140213,-37.91003464769302,145.1290433789189,1.9711110481162761,
76,-37.91015338,145.1289752,193.5816436,989.8197648,191.2688934,990.1289573,True,-4577073#4,0,33.560923124961015,False,211.4532773902174,1135.4819059977308,210.311935080855,1135.6345500426917,-37.91015179858296,145.12896225786233,1.1515044383773556,
77,-37.91026894,145.128938,191.5594067,976.3335609,189.4620673,976.6139551,True,-4577073#4,0,46.731118832234834,False,208.44019034970552,1122.5931446412578,208.59777773643032,1122.5763832660552,-37.91026911948402,145.12893978793386,0.15847627000100992,
78,-37.91039106,145.1289546,190.2846077,964.3413904,187.8645964,964.6649227,True,-4577073#3,0,4.668630023299772,False,210.17158745671622,1109.0713897850364,206.90729107320522,1109.4891466852691,-37.9103867065239,145.12891758042664,3.2909195838086167,
79,-37.91053341,145.1289348,188.5870044,950.8163628,186.0583714,951.1544168,True,-4577073#3,0,20.552237759378443,False,208.74791465699673,1093.2405792996287,204.890777439035,1093.7340628239617,-37.91052826715731,145.12889105705173,3.8885773114307116,
80,-37.91063685,145.1289033,185.1537997,938.3974825,184.3669551,938.502676,True,-4577073#3,0,32.31543873967193,False,206.20897414366482,1081.7067702990025,203.39780621531784,1082.065989550247,-37.91063310576004,145.12887141901612,2.8340260393707117,
81,-37.91075722,145.128876,184.1232992,925.5835417,182.6658402,925.77839,True,-4577073#3,0,45.882762063045845,False,204.07699562312337,1068.301734005101,201.67666197868752,1068.6082808047852,-37.91075402452506,145.12884877813596,2.419829032185388,
82,-37.910878,145.1288679,182.5205476,913.6550178,181.0709702,913.8488124,True,-4577073#3,0,59.247351542599034,False,203.63390822266228,1054.885083870031,199.98123646184777,1055.3516679540667,-37.91087313641629,145.1288264754936,3.6823513818927247,
83,-37.91100773,145.1288447,180.7248878,902.7748729,179.6485474,902.7784135,True,10670084#4,0,48.20277568491175,False,201.88324411259964,1040.4486487945542,202.23575864449586,1042.4095902435672,-37.91099012915462,145.1288491556635,1.992374929990676,
84,-37.91112483,145.1287933,181.0314062,889.8981747,179.7545015,889.8472118,True,:664322664_0,0,1.888967842325222,True,197.62525833887048,1027.3639342682436,197.84574184275337,1026.858158634704,-37.91112942600727,145.1287956914737,0.5517444761543168,
85,-37.91123208,145.1287699,179.7614997,874.1097759,179.304569,874.1361298,True,-4577073#1,0,8.88655136231935,False,195.8069561040029,1015.4216378098354,194.75128479040777,1015.5674135418589,-37.911230575919305,145.12875793019847,1.0656887380443891,
86,-37.91135689,145.1287768,178.4770128,866.1653713,178.843628,866.1442264,True,-4577073#1,0,22.472435807779444,False,196.69158597383648,1001.5842688968405,192.88809587331548,1002.1098958203539,-37.91135146723337,145.1287336738898,3.839638082877532,
87,-37.9114623,145.1287388,178.8677529,852.4028305,178.3683069,852.4140408,True,-4577073#1,0,34.562653198301895,False,193.58564497163752,989.8203804343939,191.2688496700875,990.1286304466404,-37.911459104251136,145.12871252811445,2.3372117018649092,
88,-37.91158343,145.1287127,185.7690031,833.117535,185.0792351,831.827511,True,-4577073#1,0,48.199854318514035,False,191.56091190932784,976.3331219861284,189.46176438937698,976.6116893288669,-37.9115805409922,145.12868889598332,2.1175504893523156,
89,-37.91169122,145.1286955,200.7170259,830.5796513,201.003162,829.203238,True,-4577073#1,0,60.25445520404937,False,190.28890557936393,964.341843883507,187.86439175894736,964.6633922456377,-37.91168788496472,145.12866800629476,2.4457433664593498,
90,-37.91181275,145.1286731,213.6206251,829.0900828,213.8564537,826.5018637,True,-4577073#1,0,73.88595616964726,False,188.59035998454783,950.8167279260233,186.05806181398427,951.1521010155211,-37.9118092709297,145.1286443838798,2.554409742738795,
91,-37.911924,145.1286312,226.3660422,826.9315027,226.082292,825.0177656,True,-4577073#1,0,86.65107361384645,False,185.15460107458057,938.3979152534157,184.36653760482935,938.4995530818422,-37.91192294190327,145.12862226276752,0.7945906370726984,
92,-37.91203925,145.1286165,239.2908637,824.8796445,239.0267709,823.0984854,True,-4577073#1,0,99.49050710505067,False,184.11901738872984,925.5832481458783,182.66516566860201,925.7733444590955,-37.91203727463916,145.12860001279452,1.4662269375568737,
93,-37.91214641,145.1285956,250.4410127,822.5648999,250.3157184,821.5662212,True,-4577073#1,0,111.52557734935765,False,182.52035152586177,913.655344854109,181.07038107174145,913.8444057856418,-37.912144444664534,145.12857915666595,1.462244286586185,
94,-37.9122441,145.1285727,261.3573332,819.603221,261.4286906,820.1719864,True,-4577073#1,0,122.69143953595164,False,180.72476717695827,902.7747499123216,179.64852983940892,902.7730711803106,-37.91224392047729,145.12856046253856,1.0762386468049105,
95,-37.91236015,145.1285732,272.3272402,819.9039277,272.1914622,818.8216877,True,-1162333280#0,0,26.97556818784442,False,181.0272635149886,889.898137637414,181.7694869005727,889.8831177773793,-37.91236041953802,145.1285816358436,0.7423753432754912,
96,-37.91250215,145.1285552,283.3237689,817.156136,283.3569812,817.4208603,True,491516483#0,0,10.862845122729706,False,179.76117975311354,874.1093286825344,179.3045140637301,874.1351776637908,-37.91250183455453,145.1285500134837,0.4573966787068423,
97,-37.91257348,145.1285388,294.5708206,815.7153717,294.6077023,816.0093435,True,491516483#0,0,18.867977317414983,False,178.47831914783455,866.1652440372854,178.84357610970548,866.1433269609232,-37.912573743494406,145.1285429480749,0.36591393309280695,
98,-37.91269753,145.1285401,305.2803713,815.5376825,305.1732418,814.6837896,True,491516483#0,0,32.609357451403575,False,178.8689753380604,852.4023226127028,178.36826317157508,852.4120934072791,-37.91269735142294,145.12853440897754,0.5008074900528982,
99,-37.9128725,145.1286142,316.4872991,814.5747151,316.3143736,813.2714029,True,:13485235051_2,0,7.565513131765075,True,185.77312057302333,833.117553868331,185.07395272132166,831.8303354837014,-37.91288396909075,145.1286059563793,1.4648436280304766,
100,-37.91289806,145.1287835,326.9801326,812.9475787,326.8138136,811.807504,True,:1087758749_0,0,9.326372620457375,True,200.71367738372646,830.5800868868828,200.9910328917973,829.2007165151407,-37.912910535821666,145.12878633877529,1.406978571370979,
101,-37.91291382,145.1289299,338.3398423,811.7332669,338.11744,810.1731309,True,1470433046#0,0,1.7839521562534797,False,213.61919545696583,829.089639252983,213.85659262422874,826.5018763211143,-37.912937174054335,145.12893200865656,2.598629332278513,
102,-37.91293557,145.1290743,350.5821083,810.7296699,350.2604905,808.4518121,True,:cluster_6014422831_6077854007_9139166580_13,0,5.415025576043331,True,226.36222384660505,826.9309616275132,226.08087954975383,826.9824013343609,-37.91293505574987,145.12907111275632,0.28600814116260526,
103,-37.91295639,145.1292208,361.9218378,808.3952312,361.7017398,806.8363869,True,:cluster_6014422831_6077854007_9139166580_12,0,14.37912048131431,True,239.2877897550352,824.8791672019288,239.13356767796972,824.6630931345529,-37.91295830855928,145.12921899713092,0.26546647932788053,
104,-37.91297925,145.1293471,372.7158251,806.7776112,372.4451416,805.2801202,True,1470433046#2,0,1.2362871264412925,False,250.44205736881122,822.5653451355174,250.31667077199234,821.5661017344341,-37.91298822873432,145.12934544629167,1.0070795267853954,
105,-37.91300791,145.1294705,385.3227822,804.3996266,385.1189043,803.2770699,True,1470433046#2,0,12.432235499145355,False,261.3542870079982,819.6027946369722,261.4255324108451,820.1723825901731,-37.913002791906486,145.12947144005201,0.5740264313238416,
106,-37.91300718,145.1295953,396.6316222,803.121653,396.2913205,801.247944,True,1470433046#2,0,23.27908784681483,False,272.3241443793522,819.9039624528959,272.1880134384549,818.8221203998994,-37.91301690086315,145.1295935053081,1.0903732666850132,
107,-37.91303392,145.1297197,405.9829333,800.4300335,405.42,799.59,True,1470433046#2,0,34.53127173893595,False,283.3199987033149,817.1562000410631,283.3526731735115,817.4214008196423,-37.91303153691897,145.12972013202508,0.26720605150632953,
108,-37.91304893,145.1298473,409.0103619,795.4063401,408.5519489,795.2690907,True,1470433046#2,0,45.873933755011414,False,294.57104972866364,815.7156874099746,294.6071072561171,816.0094181387263,-37.91304629052578,145.12984777699623,0.2959356117453067,
109,-37.91305247,145.129969,404.3935659,796.3727691,406.5874438,798.3535275,True,1470433046#2,0,56.519475740603,False,305.2778779769433,815.5375226344913,305.1698437972086,814.6842159162397,-37.913060137251016,145.1299675769588,0.8601184449854772,
110,-37.91306317,145.1300962,392.9754148,797.5923992,391.9501521,795.8214909,True,:cluster_5408819666_9141044968_2,0,2.035429793515225,True,316.4841620774241,814.5745339673012,316.3077466719322,813.2722822153163,-37.91307486909189,145.130093897047,1.3141468794783795,
111,-37.91307972,145.1302152,382.7327321,801.5956452,383.1045556,803.6429144,True,1470433046#3,0,5.427390619608037,False,326.9825823522988,812.9479240067303,326.8205429490494,811.8065222592667,-37.91308997271986,145.13021309721333,1.152846354601721,
112,-37.91309271,145.1303441,371.1628423,802.5232803,371.1168083,802.2697163,True,:cluster_4836113289_9141044969_2,0,4.442995839042445,True,338.34340689948294,811.7337936405092,338.118528457478,810.1729757305297,-37.91310672956254,145.13034118707043,1.5769346409383465,
113,-37.91310397,145.130483,358.5470888,805.5203538,358.3436752,804.0786151,True,1360476884,0,7.207313660295259,False,350.57950092630927,810.7292495435104,350.2565296040625,808.4523713937081,-37.913124422274336,145.13047880844212,2.299670538151287,
114,-37.91312704,145.1306114,346.5860028,807.3497602,346.3629694,805.7689622,True,1360476884,0,18.759122007903628,False,361.9187934602378,808.3956775432453,361.6948859929791,806.8373546074156,-37.9131410372705,145.1306084987286,1.5743268168417226,
115,-37.91314357,145.1307338,336.2649652,807.7142809,336.1937946,807.2171491,True,1360476884,0,29.61648221075507,False,372.7160512834671,806.7772234352306,372.43945503115896,805.2811480701696,-37.913156997015655,145.13073031385244,1.5214292572226924,
116,-37.91316727,145.1308766,325.1356265,808.2738985,325.214163,808.811874,True,1470433048,0,10.051328635819342,False,385.32266970328055,804.3990985434502,385.11820839482573,803.2771962871542,-37.913177339415064,145.13087401939364,1.1403811202125376,
117,-37.91318082,145.1310049,315.3874308,809.7530623,315.4421564,810.1652504,True,1470433048,0,21.406083702629097,False,396.6319681756431,803.1216899193823,396.29020117646076,801.2481472699208,-37.91319763556399,145.1310005868228,1.9044596979410193,
118,-37.91320676,145.1311106,298.3471588,812.4139252,298.3353974,812.3200506,True,1470433048,0,30.683127392728917,False,405.9820106692496,800.4295735750347,405.4179247187906,799.5903769110294,-37.913214217791094,145.13110399479558,1.0111597304001994,
119,-37.91325256,145.1311439,286.1174895,812.6529236,286.2652493,813.8322897,True,:12594284551_0,0,1.3399055162758609,True,409.01138555293437,795.4060706011951,409.6769066839485,794.5019312408042,-37.91326082489332,145.13115126113155,1.1226693007446196,
120,-37.91324302,145.1310916,271.3041648,815.6676387,271.3089864,815.706123,True,:12594284551_3,0,1.2344700396522892,True,404.39235157571966,796.3724911082536,406.5872622566517,798.3537285132022,-37.91322556900026,145.1311170087131,2.956845371681957,
121,-37.91322997,145.1309621,259.2989387,817.7011737,259.2384544,817.2184102,True,711979119,0,21.34047385090487,False,392.9786819338333,797.592312249355,391.95502657929535,795.8186688225132,-37.91324576247742,145.13095005623558,2.0478479656588804,
122,-37.91319206,145.1308465,246.444607,823.6927127,246.2428174,822.0751931,True,1470433048,0,8.003217489991858,False,382.7316708143335,801.5952126998454,383.10306295112923,803.6431855034054,-37.9131736784879,145.13085118983278,2.0813756805044057,
123,-37.91318161,145.1307152,233.2570808,823.6989819,233.2940729,823.9484735,True,-1360476884,0,3.2422402144059523,False,371.16553282440873,802.5233214925975,371.1199056118896,802.2691540406986,-37.91318389135479,145.13071462324382,0.25823039349973875,
124,-37.91315233,145.1305724,221.3905087,825.2800275,221.4905183,825.8345718,True,-1360476884,0,16.14419683847029,False,358.5464937520446,805.520609579049,358.3455609542378,804.0783490732882,-37.91316528590368,145.13056978641833,1.456190013601235,
125,-37.91313369,145.1304368,210.0871015,826.4139925,210.0866106,826.3967513,True,-1360476884,0,28.24294921395926,False,346.5840945150703,807.349906116724,346.36545978212246,805.7686108723243,-37.91314789515768,145.1304339534094,1.596338246241168,
126,-37.91312854,145.1303196,202.7718656,823.0651723,205.5709419,819.0065116,True,:cluster_4836113289_9141044969_1,0,6.5411610079779035,True,336.26930283749243,807.7147134421393,336.19485797737826,807.2169968280249,-37.91313301009055,145.13031864001735,0.5032532813235883,
127,-37.91312149,145.1301931,199.7637971,807.6942707,200.3532979,807.5745675,True,-1470433046#3,0,8.177532739830594,False,325.1326951639494,808.2739408211783,325.2182374508035,808.8112792042622,-37.9131166649943,145.13019419520933,0.5441047884143915,
128,-37.9131064,145.1300826,197.7677255,795.4688699,198.2271966,795.4043757,True,:cluster_5408819666_9141044968_1,0,5.595282879332151,True,315.3847857748624,809.7535300059244,315.43338982691193,810.1664143450145,-37.91310268942984,145.13008324682622,0.41573528998807224,
129,-37.91307936,145.1298895,197.2650441,782.3833155,196.5292868,782.4742281,True,-1470433046#2,0,15.682354845116368,False,298.3487022302579,812.4134538928047,298.33929752787776,812.319562018053,-37.91308020409898,145.1298893716459,0.09436171136238697,
130,-37.91307499,145.1297505,196.1310093,770.720468,195.1382413,770.8331039,True,-1470433046#2,0,27.84503308430592,False,286.11914426169824,812.6531947245821,286.2709685547503,813.8315731775447,-37.91306440234944,145.12975249513633,1.1881188469034298,
131,-37.91304516,145.1295827,198.5381926,760.3973765,193.9619037,760.9528433,True,-1470433046#2,0,42.92066207445973,False,271.3010152502684,815.6672823857516,271.312285396976,815.7057096811334,-37.913044815875736,145.1295828369134,0.04004588914195114,
132,-37.91302467,145.1294467,206.4965897,753.816161,206.1368573,751.4502051,True,-1470433046#2,0,55.080298288991244,False,259.29929052700754,817.7010323749855,259.24697485067816,817.2173426693752,-37.91302901772511,145.129445994784,0.4865107000911938,
133,-37.91296837,145.1293019,223.113888,751.6948366,222.6939304,748.9327803,True,:9141044978_w0,0,1.0477314937901248,True,246.44417998188874,823.6928974352777,246.9733287847939,825.0918356830352,-37.912955863723724,145.12930823584136,1.49566930725174,
134,-37.91296593,145.129152,229.0058979,751.5818403,228.4696003,748.054617,True,:cluster_6014422831_6077854007_9139166580_18,0,7.646497975261613,True,233.26065091008786,823.6991660036147,233.2938084090173,823.9485127564884,-37.91296368982533,145.12915243391694,0.25154169217832867,
135,-37.91294954,145.1290174,234.511181,747.1423585,234.5131402,747.1559408,True,1470433046#0,0,9.518783338545868,False,221.3911118952674,825.2803746853024,221.49946179021083,825.8329588348108,-37.91294458179388,145.12901875809274,0.5631065103710221,
136,-37.91293728,145.1288891,249.3159205,745.262967,249.2947576,745.1088279,True,:13485235054_1,0,7.773935783557302,True,210.0846164302202,826.4143984755501,210.08166950205793,826.3968919714716,-37.91293743716948,145.12888906249663,0.01775280458528905,
137,-37.91296613,145.1288052,258.0677465,744.9883474,257.9235267,743.9273653,True,:13485235056_1,0,0.770957092314624,True,202.7730138541665,823.0649917218834,204.57401873192717,818.5540880171119,-37.913007090877784,145.12882464843233,4.857146364218314,
138,-37.91310405,145.1287675,265.944776,742.1757009,266.0330403,742.8250352,True,-93686025#2,0,5.210933752313457,False,199.76594492187724,807.6941556446254,200.3530374577085,807.57328488587,-37.91310524500003,145.12877414787224,0.5994058607912535,
139,-37.91321382,145.128742,282.0065001,740.8262855,281.9834734,740.6568849,True,-93686025#2,0,17.575490573878437,False,197.76870976248756,795.46851604525,198.22640578334844,795.3987418229855,-37.913214531312626,145.12874718825603,0.4629838977810161,
140,-37.9133316,145.1287333,286.83428,738.2785148,287.0637051,739.9663265,True,:cluster_1087758731_9139166577_9141044959_0,0,7.015288554890076,True,197.26624990068376,782.3836955903098,196.52971088101842,782.4776601533584,-37.91333062034717,145.12872494669875,0.7425086306559056,
141,-37.91343646,145.1287177,290.0587716,727.982122,292.0526697,727.6743082,True,-93686025#0,0,4.717989023256046,False,196.12841825804207,770.7203657170758,195.13812594013666,770.8320867746929,-37.91343527450064,145.12870646545753,0.9965743673291897,
142,-37.91352989,145.1287427,287.1489565,717.8110655,290.5440251,717.4073523,True,-93686025#0,0,14.669843754264194,False,198.53435159067158,760.3970212312415,193.96156944987152,760.9500892176915,-37.913524080868186,145.12869083170588,4.606106892469579,
143,-37.91359061,145.1288317,288.1787959,707.9462955,289.4017033,707.8008775,True,-93686025#0,0,35.47424566793805,False,206.49377050885232,753.8162928475067,206.13876504757613,751.4499150648013,-37.91361186264002,145.12882712328212,2.3928586853422087,
144,-37.91361273,145.1290202,287.9241018,693.0776585,287.6547496,693.1096877,True,-93686025#0,0,52.22724383119063,False,223.11442080233246,751.694393556565,222.70141135427244,748.9316428838757,-37.91363754277274,145.129014873336,2.793450927371402,
145,-37.91361481,145.1290872,286.1041282,679.3031664,285.9113863,679.3292798,True,-93686025#0,0,58.07269357529217,False,229.0091446712613,751.5818138113245,228.48044360101898,748.0529683127857,-37.91364650300511,145.12908038304695,3.5682314070465697,
146,-37.9136558,145.1291487,284.4818691,667.3711116,284.3035853,667.3950745,True,:7572448743_1,0,2.6143617830104193,True,234.50701402081177,747.1418742202222,234.50757931344856,747.1567429450386,-37.91365566616153,145.12914870982098,0.014879466839533824,
147,-37.9136754,145.1293167,284.9163935,656.2858912,282.8657939,656.5567252,True,-93686034#0,0,12.3646524615442,False,249.3198381763068,745.2633819160983,249.29973439804382,745.1081445745389,-37.91367679477703,145.12931643598557,0.15653368364312312,
148,-37.91367946,145.1294161,283.9464184,649.0339867,281.9077864,649.30324,True,-93686034#0,0,21.070528291986225,False,258.06730525393505,744.9882348515093,257.92513245570393,743.9271470737061,-37.91368899280704,145.12941424130165,1.0705701176290219,
149,-37.91370622,145.129505,283.4028585,640.9332605,280.8469033,641.2708395,True,-93686034#0,0,29.253335006676743,False,265.9422463266528,742.1756477979943,266.0333736449272,742.8249898492742,-37.91370038705876,145.12950618432532,0.6557051835209324,
150,-37.91372128,145.1296874,280.2674891,635.713388,280.1155507,635.7334553,True,-93686034#0,0,45.35884445567342,False,282.01087071502116,740.8262822125107,281.99212223095174,740.6557092819475,-37.91372281316936,145.1296871479038,0.1716002048245795,
151,-37.9137451,145.1297417,282.1081738,632.9473917,279.7742538,633.2723679,True,46129059#5,0,3.1931443740076957,False,286.8375098564429,738.2788779390976,286.63631609544984,736.7941253918447,-37.91375843861004,145.1297390735862,1.4983220802072519,
152,-37.91383844,145.129776,292.8086317,620.4655582,292.8469274,620.8919426,True,:588089675_1,0,9.00090497355471,True,290.0606979641598,727.9819016978145,288.96720131977645,728.0194766489989,-37.91383790387013,145.12976357497502,1.0941420329345253,
153,-37.91392953,145.1297406,298.6623078,620.0498728,298.6888592,620.2982525,True,46129059#3,0,27.81001347579787,False,287.1514433088014,717.8116508414969,287.3737998163993,717.7854577780248,-37.913929806143834,145.12974312233058,0.2238939325778859,
154,-37.91401858,145.12975,302.6970354,619.7120896,302.7137023,619.8680034,True,-46129059#3,0,11.841898977422977,False,288.1760814982699,707.9467927627265,289.40171136839894,707.8009456037389,-37.91402011535467,145.12976390277692,1.2342771051661063,
155,-37.91415248,145.1297437,312.5510877,618.8871119,312.5436145,618.8172018,True,-46129059#3,0,26.637535273521067,False,287.9203718160279,693.0774572920054,287.6546461325291,693.1088178998278,-37.91415214946659,145.12974068570978,0.26756985367173086,
156,-37.91427623,145.1297199,319.5424719,618.240974,319.5053427,617.951813,True,-46129059#2,0,1.1804811777679562,False,286.10362298972905,679.3035475574434,285.9115118208517,679.3302062967623,-37.91427595512743,145.12971772167046,0.19395202909355008,
157,-37.91438343,145.1296987,323.5294835,617.8137988,323.4816462,617.4412433,True,:cluster_1087758767_13253252981_5408819640_19,0,8.53153453197078,True,284.47860007022973,667.3706953031942,284.30350816365836,667.3945007376183,-37.91438318390647,145.12969671453527,0.17670278564559788,
158,-37.91448336,145.1297011,326.9278754,617.4496895,326.8709109,617.0060513,True,-46129059#1,0,8.203296845255489,False,284.9120895791566,656.2861889703199,282.86587368857136,656.5573293563261,-37.91448054763947,145.1296778951754,2.0641018821286807,
159,-37.91454851,145.1296885,338.6262534,616.196293,338.9508196,615.9338305,True,-46129059#1,0,15.517725484889292,False,283.94947772298474,649.0345878545195,281.90813433046907,649.3058742164086,-37.91454569720227,145.12966535059212,2.0592909304696163,
160,-37.91462139,145.1296804,345.8802975,615.3017446,345.9895033,616.1900179,True,-46129059#1,0,23.620522552922097,False,283.3996775972191,640.9331645164639,280.8471672959804,641.2728380981374,-37.914617868753886,145.12965145389194,2.575012034926583,
161,-37.91466784,145.1296436,354.8797255,614.1207238,354.9979682,615.0825024,True,-46129059#1,0,29.2042915466187,False,280.26799647673033,635.7139201918617,280.1160376896517,635.7371425073632,-37.914667603339836,145.12964187743276,0.153722961549852,
162,-37.91469309,145.1296639,363.6137419,612.9745239,363.740756,614.0076497,True,:563619361_15,0,5.729580100411644,True,282.1088033951819,632.9478619676083,282.0961916966875,632.6639285316297,-37.91469564545427,145.12966369181328,0.2842133899124612,
163,-37.91480747,145.1297827,370.1722122,612.1138224,370.3058139,613.2005306,True,44348023#1,0,9.013184045850373,False,292.80724058754276,620.465236579068,292.8270491861126,620.8937279897658,-37.914803613636636,145.12978302299763,0.4289490291620837,
164,-37.91481227,145.1298492,383.7027489,610.3381257,383.849943,611.5353931,True,44348023#1,0,14.876288194459834,False,298.66396739007905,620.0499028936028,298.65996910426924,620.3013408487801,-37.9148100042695,145.12984921190093,0.25146974289791196,
165,-37.91481604,145.129895,391.6091474,609.3342066,391.7602041,610.5628926,True,44348023#1,0,18.915662664120564,False,302.69865571148694,619.7123482916504,302.6764600173624,619.8719845268433,-37.91481459795037,145.12989478403978,0.1611718847201329,
166,-37.91482525,145.1300068,402.4882483,607.9984402,402.6390957,609.2254237,True,44348023#1,0,28.776070169338286,False,312.54753801075276,618.8875486217439,312.48100709304583,618.8238944497692,-37.91482581138666,145.13000602897924,0.09207723182583952,
167,-37.91483234,145.1300862,410.3984391,607.0271961,410.5487578,608.2581517,True,1038136215,0,5.5633467179862315,False,319.5434032782796,618.2408418506384,319.5080437187482,617.9514661458251,-37.91483494036949,145.13008573192784,0.29152803807946603,
168,-37.91483691,145.1301314,420.3874833,605.80069,420.5455439,606.9414261,True,1038136215,0,9.570343343312558,False,323.5271239881404,617.8134468141943,323.48241089021053,617.4411451274658,-37.91484025569476,145.13013080665735,0.374977075389129,
169,-37.9148408,145.13017,432.3615568,604.3304261,432.4939411,605.2858543,True,1038136215,0,12.992039754716858,False,326.92912228545174,617.4498666515574,326.8762440175564,617.0053664731622,-37.914844794599304,145.1301692973469,0.44763435950444086,
170,-37.91485421,145.1303027,445.0737543,602.6028394,445.2015411,603.5250872,True,1038136215,0,24.75583032744312,False,338.62467231345363,616.1958406483755,338.54424063344914,615.5071596748598,-37.9148603992557,145.13030162835855,0.6933619101383799,
171,-37.91486358,145.130385,459.1254683,600.6928887,459.2473944,601.5885712,True,139327110#0,1,4.261182802289932,False,345.880546764005,615.3012251304463,345.98934017848296,616.1900379540763,-37.914855593036286,145.13038643977185,0.895446392858303,
172,-37.91487584,145.1304871,472.8766868,598.7654706,473.0060322,599.7156559,True,139327110#0,1,13.339858292300844,False,354.8834752185503,614.1208268720657,355.00017327315265,615.082231295435,-37.91486720054183,145.13048864619782,0.968461099488315,
173,-37.91488774,145.1305861,484.7584873,597.0927234,484.8952261,598.0972214,True,139327110#0,1,22.143074487851884,False,363.61307752737775,612.9749004272744,363.73760550340285,614.00803698927,-37.91487845577592,145.13058775157677,1.0406144206885113,
174,-37.91489668,145.1306605,499.8681458,594.8345249,500.0317981,596.0367327,True,139327110#0,1,28.75877595635402,False,370.1734972654376,612.1140495333821,370.3038696905549,613.2007696575481,-37.91488691413792,145.13066223024245,1.0945124930755412,
175,-37.91491512,145.1308139,513.5289575,592.779289,513.7187568,594.1735748,True,139327110#0,1,42.3993253307879,False,383.69996503496077,610.3383012665436,383.8424870657286,611.5363097436378,-37.91490435381975,145.1308157937486,1.2064563151825847,
176,-37.91492559,145.1309036,526.8795719,590.7495688,526.8656885,590.6561407,True,139327110#0,1,50.370652503979905,False,391.60881065553986,609.3346298290417,391.7542467469365,610.5636249802727,-37.91491454520952,145.1309055339362,1.237570498367743,
177,-37.91493959,145.131027,540.3967226,588.6807569,540.3915863,588.6461923,True,139327110#0,1,61.330424649788476,False,402.48808229062706,607.9986493214965,402.6321195897483,609.2262813805729,-37.91492855723341,145.13102891770225,1.2360530797705935,
178,-37.91494977,145.1311167,553.6025149,586.6595761,553.6059275,586.6825412,True,139327110#0,1,69.29617442316953,False,410.39627718320116,607.0271397698671,410.5389648152639,608.2593475658283,-37.91493869576858,145.13111860338586,1.2404417812905775,
179,-37.91496262,145.13123,568.2650039,584.4355105,568.274991,584.5027183,True,:cluster_10216473063_27606983_563623059_563623079_#4more_17,1,5.889249568340231,True,420.3850901557016,605.8009425597265,420.54351718979575,606.9417069377058,-37.91495237235186,145.13123206149004,1.1517128510172656,
180,-37.91497803,145.1313658,581.9230015,582.3854331,581.9353177,582.4683274,True,:cluster_10216473063_27606983_563623059_563623079_#4more_17,1,17.9510091416236,True,432.3575730758603,604.3303176267073,432.4911313965685,605.2862436279903,-37.914969442923564,145.1313675365619,0.9652110364886002,
181,-37.91499589,145.13151,602.0353522,579.409638,602.0458607,579.4803654,True,:cluster_10216473063_27606983_563623059_563623079_#4more_17,1,30.784949646150302,True,445.073945841752,602.6026142593473,445.20361907045606,603.5247993299812,-37.914987606165354,145.1315116846786,0.9312574567446628,
182,-37.91501563,145.1316693,618.082871,577.0688559,618.0870548,577.0970147,True,1209622645,1,4.010854871169159,False,459.12193646718515,600.6928855096921,459.24420206086444,601.5890057514148,-37.91500757962295,145.13167089449064,0.9044226683486101,
183,-37.91503548,145.1318253,632.9228195,574.9159474,632.9194492,574.8932637,True,1209622645,1,17.90423536860338,False,472.8800606998266,598.7651121541858,473.0106192409459,599.7150314531807,-37.9150269464836,145.13182700103187,0.9588494184501684,
184,-37.91505269,145.13196,648.2830212,572.7384706,648.2644318,572.6133539,True,1209622645,1,29.901838435568564,False,484.75982196524274,597.0927360337228,484.8985833697172,598.0967644092412,-37.91504367053532,145.1319618066199,1.0135717568174514,
185,-37.91507576,145.1321313,664.001647,570.5101537,663.9674875,570.2802427,True,1209622645,1,45.17969218995768,False,499.8701157735195,594.8345668278635,500.0368219314579,596.0360488567383,-37.91506496686913,145.13213346934438,1.2129921717817072,
186,-37.91509674,145.1322861,679.9349614,568.2513561,679.9898599,572.1172718,True,1209622645,1,58.98821301691982,False,513.5252376720309,592.7792213233188,513.7191549229793,594.1735206454698,-37.915084214835105,145.13228862266502,1.4077196098535394,
187,-37.91511743,145.1324375,695.3315718,566.1292524,695.29,571.9,True,569766862#0,0,7.57779931197731,False,526.8808128753444,590.7500443309546,526.8654936038309,590.6561696504707,-37.91511827287972,145.1324373044215,0.09511643241653132,
188,-37.91513851,145.1325907,712.1816256,583.009249,712.4920248,582.644695,True,569766862#0,0,21.24739830435936,False,540.3954852930619,588.680739720352,540.3866212552836,588.6469300814649,-37.91513881296526,145.13259059150732,0.03495229387910297,
189,-37.9151591,145.1327404,721.9415524,590.9549606,720.9977609,591.3118565,True,569766862#0,0,34.60454221972535,False,553.6013757566689,586.6596219483763,553.5986875374864,586.6836170319295,-37.91515888336157,145.13274037489896,0.02414519739203168,
190,-37.91518178,145.1329066,726.2816467,608.5926976,725.52978,608.7869759,True,569766862#0,0,49.43059061350946,False,568.2624175284291,584.4356224453077,568.2637039004891,584.5043956003874,-37.915181160707526,145.13290663029173,0.0687851845435971,
191,-37.91520271,145.1330615,730.5125743,622.1027676,729.067024,622.4762899,True,569766862#0-AddedOffRampEdge,1,4.709317321174766,False,581.9261789673474,582.3858884423971,581.9381830683474,582.4679016447941,-37.91520197337186,145.13306165517426,0.0828870545273875,
192,-37.91523315,145.1332895,735.4029871,635.3939309,736.0502533,635.1871314,True,569766862#0-AddedOffRampEdge,1,25.038684768271107,False,602.0372760429163,579.4095580698922,602.0468121485073,579.4802240658706,-37.91523251514455,145.13328962452508,0.07130652352668827,
193,-37.91525713,145.1334714,739.5314507,648.1933462,739.7104541,648.1926244,True,569766862#0-AddedOffRampEdge,1,41.2519411671356,False,618.0813598338282,577.0688573466614,618.084023338414,577.0974650965971,-37.91525687277513,145.13347143680014,0.028731474258478735,
194,-37.9152792,145.1336397,741.5581955,659.7459804,736.416157,659.6874151,True,569766862#0-AddedOffRampEdge,1,56.250819080331205,False,632.9256161662051,574.9161288943142,632.9200418894061,574.893175594384,-37.915279405763265,145.13363963139022,0.023620468655694057,
195,-37.91530159,145.1338138,740.9206198,671.4137913,738.2192184,673.375758,True,569766862#0-AddedOffRampEdge,1,71.75843408024765,False,648.2804507497931,572.7380737317726,648.2592736073997,572.61412024461,-37.91530270278287,145.13381353098032,0.12574950631995102,
196,-37.9153245,145.1339921,743.9278008,684.2524706,746.3076762,680.7210426,True,569766862#0-AddedOffRampEdge,1,87.63977763230648,False,664.0056516546756,570.5096800755709,663.968175894399,570.2801403912208,-37.91532656098956,145.1339916216194,0.2325788023442092,
197,-37.91534772,145.1341727,760.7876972,676.5072715,760.5121466,676.2929544,True,569766862#1,0,6.650305230524772,False,679.933723321883,568.2509048767388,680.0556017267986,568.7799253153246,-37.91534297643545,145.13417420626558,0.542878411825602,
198,-37.91536961,145.1343473,774.5191335,670.0097849,774.343402,669.3966897,True,569766862#1,1,21.936453798081903,False,695.3313726716442,566.1291247718036,695.2909784857532,565.0061629636103,-37.91537971862591,145.13434658510133,1.123688085241863,
199,-37.91522059,145.1345427,791.1169344,662.0290637,791.3832449,665.2913678,True,44348588#1,0,3.5984051891924658,False,712.1779643326299,583.0089430231601,712.4898059927992,582.6428058272022,-37.91522394447457,145.13454616254643,0.48093831962223177,
200,-37.91515077,145.1346555,801.7602221,664.6676477,801.6942605,664.2400343,True,:563629429_0,0,8.791293314310574,True,721.9391412883997,590.9549781922251,721.0012212765466,591.3210073757567,-37.91514730363145,145.13464491846076,1.0068124511701682,
201,-37.91499267,145.1347089,815.2859447,662.5860856,815.223308,662.1742497,True,139332152#2,0,17.905476894628062,False,726.2824443795253,608.5924925552681,725.5295490268009,608.7860821219948,-37.91499079036997,145.1347003831017,0.7773855751809671,
202,-37.91487173,145.1347601,827.672594,659.9903737,827.7129742,660.2571715,True,139332152#2,0,32.04416545750094,False,730.5148831270635,622.1026737410575,729.0667320331389,622.4751599089601,-37.91486811349593,145.1347437182871,1.4952884457902282,
203,-37.91475288,145.1348187,839.3732142,658.9479749,839.3032356,658.4912227,True,:616063777_1,1,6.796385270490379,True,735.4025150159141,635.3939530188218,736.0684182647572,635.2439863011098,-37.914754350974235,145.1348262376419,0.6825812429601641,
204,-37.91463832,145.1348686,853.6474069,657.189423,853.5139988,656.3135296,True,139332152#3,1,3.245099986027567,False,739.5348683615448,648.1938844751567,739.66955739264,647.8610963633365,-37.91464134211518,145.1348700557826,0.35901122888590964,
205,-37.91453462,145.1348942,869.6045601,656.4155765,869.2419402,653.947541,True,:92052896_0,0,7.6706065024562,True,741.5551208064426,659.7459876881912,739.8120088756256,657.9685953001399,-37.914550316978016,145.13487397530264,2.489490490935734,
206,-37.9144294,145.1348896,877.0090071,653.4704876,876.9153799,652.8204993,True,:9141044985_1,0,3.6246836421719686,True,740.9171001222567,671.413632591255,738.2176737518362,673.3736311959956,-37.91441125726525,145.13485935181032,3.335940236261223,
207,-37.91431429,145.1349268,882.8800578,654.4327002,883.6030617,652.6203704,True,:579272_0,0,4.1436308967676085,True,743.9317945857765,684.2522504972294,744.9074639688529,684.6910816706003,-37.91431051276619,145.13493799379003,1.0698147240502365,
208,-37.9143871,145.1351167,890.466649,664.6364724,888.4043261,665.0390306,True,:579273_0,0,4.843994064164607,True,760.7877221442759,676.5069176256657,761.7459237615925,676.3645846070842,-37.914388554869674,145.13512756296015,0.968715142653742,
209,-37.9144481,145.1352714,890.9195791,671.180511,889.6514398,671.4280473,True,988996007#0,0,7.5350475507059755,False,774.5229415080976,670.0101406993344,774.3533739246652,669.3938314666482,-37.91445362130607,145.13526933171278,0.639210634803128,
210,-37.91452299,145.1354583,893.7737588,682.7329692,891.974759,683.1072709,True,:cluster_13391064294_588089890_588090168_13,0,5.438804714612627,True,791.1196936811903,662.028663826175,790.5836434410062,662.1377144018459,-37.914521911048865,145.13545222957188,0.5470300613819474,
211,-37.91450113,145.1355799,897.6162096,696.2133029,894.9374622,696.8085801,True,630680457#0,0,4.004130799953256,False,801.7611076398753,664.6681921575218,801.6973258922213,664.2395614315191,-37.91450497971898,145.1355790772722,0.4333502170386674,
212,-37.91452232,145.1357332,899.1797822,703.8550323,896.5932676,704.4117564,True,630680457#1,0,2.289462381139373,False,815.284842239751,662.5864025140181,815.2134334560744,662.1757515656161,-37.91452600637973,145.1357322946446,0.41681340646581705,
213,-37.91454794,145.1358735,901.5697744,713.2001936,898.6214904,713.8347854,True,630680457#3,0,0.288998364382596,False,827.6755620916374,659.9901598207653,827.7157440924047,660.2567522454739,-37.914545545708236,145.1358740175202,0.2696036240440545,
214,-37.91455944,145.1360063,903.8173563,724.565789,901.0590325,725.1594936,True,:cluster_588089887_588090135_12,0,7.567653315282078,True,839.3756103483611,658.9475388526917,839.7320673715496,658.0130531259156,-37.9145679222956,145.1360101406534,1.0001625782484884,
215,-37.91457785,145.1361682,906.4685024,734.4785329,903.19,735.03,True,:588090138_11,0,7.299933179571069,True,853.6491851358442,657.189288274385,852.2096157412983,657.4622011587948,-37.914575132218694,145.13615189321374,1.4652103890533796,
216,-37.91458769,145.1363494,908.7032693,747.6259153,902.58,744.72,True,:cluster_588089885_588090142_611527863_3,0,2.2996570154448976,True,869.6004119763966,656.4159070095047,870.7599807350165,656.6608861892433,-37.91458569202042,145.13636264074896,1.1851643364836475,
217,-37.91461556,145.136433,898.480271,749.6977424,897.9719468,749.1799609,True,630680457#7,0,0.1390660002825005,False,877.0115662005846,653.4702551951632,876.9176453460807,652.8201729695396,-37.914621399188626,145.13643178426878,0.6568318102699171,
218,-37.91460795,145.1364999,886.7105609,756.1438954,886.4763463,755.3649646,True,:92044229_3,0,3.270496067512315,True,882.8758972856449,654.4322826396674,883.5991663188653,652.6188163506112,-37.91462441642222,145.13650771178808,1.952377544420893,
219,-37.9145174,145.1365885,879.7532188,758.3085604,879.4870625,757.3614182,True,630680455#1,0,14.960611660026723,False,890.4638948285719,664.6358782313764,891.5438333091608,664.4265062147167,-37.91451948056281,145.1366007320012,1.100047164087444,
220,-37.91445853,145.1365952,872.2421782,760.1186026,872.0484145,759.3687637,True,-630680455#1,0,14.882524771492141,False,890.9223000729689,671.1801610821858,889.651206738399,671.426853313051,-37.914456078821544,145.13658080294078,1.2948109213153223,
221,-37.91435497,145.1366302,862.0762073,762.6195013,861.9354893,762.1050544,True,:588089836_0,0,5.873192040031338,True,893.7694441259373,682.7332043666393,895.1083493860306,682.4510504836941,-37.91435775283143,145.13664536004427,1.3683121387923407,
222,-37.91423423,145.136677,853.3216574,763.389862,853.6220987,764.4626978,True,630680455#0,0,2.870224815216529,False,897.6158366976888,696.2133616963401,898.0604060986469,696.1174486824875,-37.914235174067365,145.13668203321936,0.4547980414365967,
223,-37.91416567,145.1366965,845.168955,768.2360461,844.8107341,766.9155455,True,10585186,0,28.257877662312502,False,899.1780178104527,703.8553886674345,899.7221541123193,703.7351782037491,-37.91416685087391,145.1367026598265,0.5572565572413845,
224,-37.91408192,145.1367258,837.498473,769.5230725,837.3408114,768.9417755,True,10585186,0,18.61834087933725,False,901.568036950368,713.200195020996,901.7511274095685,713.1587622750769,-37.91408232620692,145.13672787242655,0.18771997412282326,
225,-37.91397994,145.136754,827.8713806,773.6724414,827.3254937,771.6557888,True,10585186,0,7.031780871573378,False,903.8209227403859,724.5659584831446,904.1899189606571,724.4857507796994,-37.913980728977585,145.1367581774635,0.3776128788407813,
226,-37.91389112,145.1367864,815.9660618,775.6707325,815.7392977,774.8700591,True,:cluster_611527850_92044126_0,0,2.8362078402947324,True,906.4722342433524,734.4788027666509,907.1002201222649,733.7099924095771,-37.91389815872048,145.13679336580114,0.9926911046530918,
227,-37.91377309,145.1368148,809.8181155,777.3286818,809.6131789,776.6050787,True,:cluster_611527850_92044126_13,0,16.72284226324487,True,908.7071168308612,747.6259030504152,909.26353830898,747.3071164899021,-37.913776061903256,145.13682105435174,0.6412719645171069,
228,-37.91375258,145.136699,802.8747846,779.2540613,802.6814084,778.5866013,True,:92044125_0,0,1.7225261722704115,True,898.4814669418847,749.6982964696363,898.1212639866958,748.6890724701946,-37.91376160648213,145.13669467490578,1.0715779252933206,
229,-37.9136924,145.1365666,795.1016599,781.7436347,794.9118586,781.3965207,True,-10585181#6,0,4.904729963610639,False,886.7084762029117,756.1434827093035,886.4800629797459,755.3638470421727,-37.91369938202107,145.1365638256002,0.812406532457453,
230,-37.91367164,145.136488,790.3101545,784.4668214,790.0457271,784.1919364,True,:588089830_1,0,5.548947944775439,True,879.7525674471399,758.3089728178456,879.4879658531298,757.3611643705805,-37.91368013044466,145.13648477588342,0.9840502305573051,
231,-37.91365399,145.136403,782.776669,789.0221753,785.7858295,790.0548094,True,-10585181#5,0,3.7961499903519784,False,872.2409197923262,760.1181071558967,872.0445788688501,759.3697548409697,-37.91366069598496,145.1364005973767,0.7736801312481261,
232,-37.91362963,145.136288,793.3967388,809.4368589,794.5041432,808.7699824,True,:588089828_1,0,8.430879639598091,True,862.0770302872406,762.6190771609545,861.9378572168829,762.1044067191915,-37.91363424121394,145.13628630052204,0.5331555187159703,
233,-37.91362111,145.1361886,800.2845003,819.6270833,801.0512319,819.1410947,True,:588089826_0,0,2.6322667154845294,True,853.3197030572919,763.3897724514827,853.0151959001247,763.7108390013077,-37.9136181629018,145.1361852105987,0.44250235952205597,
234,-37.91357599,145.136097,805.4369479,827.3882689,806.037415,827.0076662,True,-10585181#3,0,1.7406770169218264,False,845.1668723193579,768.2354879770428,844.8100406786391,766.9157336456884,-37.913587814401254,145.13609264257184,1.3671431216031225,
235,-37.91356301,145.1360101,808.7954472,835.198677,810.5316909,834.0981685,True,:588089824_1,0,3.636796772588243,True,837.4985369072529,769.5230445340276,837.3400139108988,768.9419918168896,-37.913568215712,145.13600816539417,0.6022888015449329,
236,-37.9135239,145.1359016,816.0292122,847.2270003,818.0439072,845.949997,True,10585181#2,0,1.4023690221231586,False,827.8733172715874,773.6721331905574,828.1636526259804,774.7435802374501,-37.913514300441186,145.13590514489556,1.1100871102331311,
237,-37.91350375,145.1357667,822.5772049,856.0953716,820.4189502,856.9715699,True,-10585181#1,0,1.244867754793696,False,815.9692921527312,775.6708976058289,815.7422428556482,774.8692249254982,-37.913510930761284,145.1357639360302,0.8332049385922743,
238,-37.91348771,145.1356971,824.7399559,865.214302,823.9031444,865.5540168,True,-10585181#1,0,7.617908527363296,False,809.8150278476533,777.3283990379423,809.610382594029,776.6058706639288,-37.913494181844435,145.13569460876786,0.7509506848558312,
239,-37.91346911,145.1356186,828.850454,874.3713899,827.6849977,874.8463133,True,-10585181#1,0,14.826596528804014,False,802.8726630739402,779.2543165972456,802.6793593194639,778.5871949635198,-37.91347508476843,145.13561625032116,0.6945628954095564,
240,-37.91344529,145.1355308,828.9681083,878.5281864,829.0866496,878.4851237,True,:cluster_579315_585131983_585132024_92043943_0,0,1.2496554212032152,True,795.1011276037316,781.7431117426604,795.2150848537825,780.4412574119267,-37.9134570379618,145.13553179965425,1.306832412090116,
241,-37.91341989,145.1354769,833.6325484,890.9675075,833.6224824,890.9711641,True,:cluster_579315_585131983_585132024_92043943_1,0,7.390325219170657,True,790.306295347691,784.466838825494,790.0461541979138,784.1915255813547,-37.91342232321421,145.13547387945457,0.3787753954601576,
242,-37.9133775,145.1353923,838.1765216,900.0909357,837.1026682,900.4850986,True,:cluster_579315_585131983_585132024_92043943_6,0,30.871235785942915,True,782.7748480634764,789.0218693204224,782.6760268138449,789.0859190141273,-37.91337690521665,145.13539119092545,0.11776248401935092,
243,-37.91319551,145.1355177,844.011745,909.452055,840.8558474,910.6282608,True,:585132146_2,0,4.328849391863269,True,793.3950683190487,809.4369046678767,794.5031645557376,808.7683572002211,-37.91320173210874,145.1355301474809,1.2941533859140248,
244,-37.91310496,145.1355984,848.5066586,919.0572531,844.4392609,920.494727,True,-1209653401,0,11.28430226034851,False,800.2886090565007,819.626688323915,801.0511661822654,819.1409909590325,-37.91310947268134,145.13560696013332,0.9040991650855416,
245,-37.91303597,145.1356587,851.6565402,932.2482302,848.7071639,933.2357,True,-1209653401,0,20.59424349896274,False,805.436604534334,827.3881909046322,806.03533807628,827.0043894862193,-37.9130395352559,145.13566542056125,0.7111858990636153,
246,-37.91296622,145.1356987,856.5206012,940.5459321,851.695542,942.1613924,True,-1209653401,0,28.98911133117723,False,808.7982997474028,835.1983297597617,810.5296160991904,834.0948951785614,-37.91297647194654,145.13571813482193,2.0530524067729017,
247,-37.91285917,145.1357837,859.8890609,955.4278488,856.515406,956.5573697,True,-1209653401,0,43.01931172915207,False,816.0332892327569,847.2265808433294,818.0408268253053,845.9451372282088,-37.91287107524646,145.13580623506894,2.3816601193764986,
248,-37.91278046,145.1358601,864.3422803,967.4502074,860.5837142,968.708599,True,-73530943#10,1,9.097261442865744,False,822.5751425111666,856.0949578592554,822.4820135244029,856.1391155644383,-37.91278004543866,145.13585905113004,0.10306750750194761,
249,-37.9126987,145.1358868,867.8318063,977.4898228,863.9579628,978.78681,True,:9263162781_11,0,6.069216666304538,True,824.7409754118416,865.2143944744021,825.9684631117342,864.7112389674146,-37.912703453684756,145.13590064256377,1.326609029668997,
250,-37.91261695,145.1359356,866.9945742,983.6768763,865.736241,984.0981742,True,-73530943#9,1,6.67895706032973,False,828.8497113310732,874.3715743524954,829.7462827995284,873.9968237639782,-37.91262048736177,145.13594570911658,0.971739883735328,
251,-37.91257953,145.1359379,867.7545691,987.1500302,866.8584701,987.4500498,True,-73530943#9,0,10.608163724008097,False,828.968873476435,878.5279262270778,829.0924461987698,878.5010802448027,-37.91257979409654,145.1359392989596,0.12645522713423143,
252,-37.91246831,145.1359938,870.3571849,1000.11233,869.4582502,1000.24184,True,-73530943#9,0,23.915331766238257,False,833.6364106062101,890.9677222976461,833.6360567438126,891.0085310050148,-37.9124679423211,145.13599380525537,0.04081024155404134,
253,-37.91238694,145.1360475,871.471699,1011.031408,871.0220437,1011.09619,True,:94406216_12,0,6.7685632040018495,True,838.1767890111078,900.0913440007716,839.1959676713635,899.7226925696835,-37.912390444494555,145.1360590045601,1.083803035225511,
254,-37.91230367,145.136116,873.2308034,1022.866075,872.7281718,1022.93849,True,-73530943#8,1,5.685707809260542,False,844.0140788463759,909.4518131893128,842.9439558676813,909.8483386160584,-37.91229990523867,145.1361039225356,1.1412254832354467,
255,-37.91221795,145.1361693,875.7222179,1035.867199,874.6026408,1036.028038,True,:579314_0,1,0.20294826394046828,True,848.5096632083878,919.0574225122109,849.5525911168096,918.68857366873,-37.912221460538284,145.1361810745313,1.1062314818799395,
256,-37.91209969,145.1362081,876.9572472,1049.467435,876.5419172,1049.527101,True,-73530943#7,1,13.31789865788098,False,851.6583160541486,932.2483396390453,850.817667455766,932.5290638031901,-37.912097009748756,145.13619860542155,0.8862821911205184,
257,-37.91202582,145.1362653,878.3798339,1062.245585,878.3692734,1062.247102,True,73530943#7,1,48.865584717040825,False,856.5230777218239,940.545864562504,856.8418487556856,940.4439195475396,-37.91202679576124,145.13626890133278,0.33467560129974844,
258,-37.91189237,145.136307,880.4344303,1075.276387,880.2449715,1075.303604,True,-73530943#7,1,37.910944636433626,False,859.8930035053636,955.42743215058,858.6245462128857,955.8500962540666,-37.91188833407384,145.13629267342557,1.3370223809706976,
259,-37.91178487,145.1363603,882.0412909,1087.735292,882.0320761,1087.736617,True,73530943#7,1,20.874383327363923,False,864.3403156658751,967.4498467631638,865.7309615984016,966.9861694165111,-37.91178929738162,145.13637600654732,1.465910226259209,
260,-37.91169506,145.1364023,884.2992268,1099.614785,883.7508936,1099.693608,True,73530943#7,1,10.246178490070513,False,867.8334582828684,977.489427736029,869.106140491189,977.0642101737787,-37.9116991196752,145.1364166740016,1.3418382833344125,
261,-37.91163917,145.1363942,887.112898,1112.484404,885.6357201,1112.699935,True,-73530943#7,1,66.95319579333672,False,866.9973641234683,983.677020534873,867.8437919221601,983.3902099214548,-37.911641906103405,145.13640375885515,0.8937003672191276,
262,-37.91160802,145.1364036,886.5541439,1125.619056,887.4956957,1125.482232,True,-73530943#7,1,70.48686033667711,False,867.7546511893161,987.1500995606184,868.9655273380273,986.7411045425449,-37.9116119224068,145.1364172749257,1.2780837110012333,
263,-37.91149172,145.1364361,889.6955381,1138.410757,889.1246755,1138.479482,True,-73530943#6,1,6.643834633368001,False,870.3538570983219,1000.1124420566484,871.6577154331559,999.9258934064733,-37.911493635293965,145.13645088269485,1.3171358913180664,
264,-37.91139356,145.1364513,890.010864,1151.335179,890.7432041,1151.239905,True,-73530943#6,0,17.614093456111952,False,871.47239557188,1011.0314737353474,871.021740935029,1011.0940886127134,-37.91139291478973,145.13644619021707,0.4549837629881947,
265,-37.91128727,145.136474,891.8387706,1163.221826,892.2942979,1163.162564,True,-73530943#6,0,29.57691182690003,False,873.2322613552678,1022.8658314030617,872.727619280406,1022.9346545807421,-37.91128655914234,145.13646827779033,0.5093135120011075,
266,-37.9111706,145.1365053,895.7977194,1178.422826,894.3048679,1178.61704,True,-73530943#5,1,3.668237675724332,False,875.725172955892,1035.8671188130975,876.8116240824498,1035.7109607491973,-37.911172202365854,145.13651761759314,1.0976162313485294,
267,-37.91104831,145.1365224,896.984067,1190.925514,895.9240949,1191.063413,True,-73530943#5,0,17.310303385242463,False,876.9572374496493,1049.4670713497326,876.5415283736961,1049.524394688889,-37.91104771875408,145.13651768637212,0.4196427064085201,
268,-37.91093345,145.1365415,897.2836667,1201.277417,897.2570679,1201.280887,True,-73530943#5,0,30.16022555218375,False,878.3816192229278,1062.2460689786822,878.3687897052727,1062.2437349124452,-37.910933468715534,145.13654135359667,0.013040106919150158,
269,-37.91081644,145.1365678,898.7930569,1205.550843,896.8581486,1203.102592,True,-73530943#5,0,43.34810971462399,False,880.4342260109261,1075.2762942155823,880.244109295716,1075.2976027344987,-37.91081621381142,145.13656564320223,0.19130713102406666,
270,-37.9107045,145.1365889,885.7958086,1208.22582,885.904876,1206.000162,True,-73530943#5,0,55.9067515505719,False,882.0409281030879,1087.7347877724096,882.0309072409102,1087.7284851541576,-37.9107045549711,145.13658878462974,0.011838102703361355,
271,-37.91059789,145.1366173,879.229121,1205.123524,879.3952242,1204.86104,True,-73530943#5,0,67.98571549327693,False,884.301241017878,1099.614666766487,883.7495916068739,1099.6845503086874,-37.9105971611338,145.13661104360753,0.5560582542609446,
272,-37.91048246,145.1366522,874.592923,1203.096833,875.319585,1202.110929,True,-73530943#5,1,81.12336819208447,False,887.1134482783964,1112.4846780458465,887.8451720726465,1112.376179327162,-37.910483569144965,145.13666049505676,0.7397240587056648,
273,-37.91036404,145.1366488,870.1261329,1201.943404,871.9540451,1199.367709,True,:426343948_9,0,8.673514528514616,True,886.5518668799195,1125.6191662820056,887.4973127774904,1125.4933597799152,-37.910365343542345,145.13665952113112,0.9537794405425974,
274,-37.91024938,145.1366875,864.2337142,1199.465221,864.2466492,1196.998342,True,:92045319_2,0,0.8713444933115623,True,889.6998771855142,1138.4104107795283,889.1241477155021,1138.4750979594126,-37.91024869361246,145.1366809686651,0.5793520983666115,
275,-37.91013301,145.136694,856.0975097,1200.295892,856.1150238,1196.955704,True,-73530943#2,0,8.552108996230857,False,890.0132152334554,1151.3348181322217,890.7433001398703,1151.2406424924516,-37.91013398981996,145.13670227963956,0.7361338340960061,
276,-37.91002626,145.1367175,852.7936667,1199.902876,853.12,1196.94,True,-73530943#2,0,20.57668818331536,False,891.842464997666,1163.2216171780601,892.2945806374456,1163.1647371517668,-37.91002685379823,145.13672262760662,0.4556795904190871,
277,-37.90989004,145.1367659,849.6290163,1198.990335,851.1345276,1196.394626,True,-73530943#2,1,36.16476115123347,False,895.7954696246888,1178.4223065664992,896.5046445969239,1178.332669168791,-37.909890975167635,145.13677394290045,0.7148174622324485,
278,-37.90977762,145.1367823,849.2285998,1187.74114,849.8203458,1187.732482,True,-73530943#2,1,48.718515364873014,False,896.9879554435611,1190.9257979253307,898.1238672849678,1190.7815591893109,-37.90977912386435,145.13679518244206,1.1450329796196161,
279,-37.90968442,145.136788,849.5777129,1184.682391,849.7756763,1184.679494,True,-73530943#2,0,59.020191901544095,False,897.2823688493809,1201.2777414079756,897.2578011920592,1201.2865075735162,-37.9096843366086,145.13678772266033,0.02608477419034031,
280,-37.9096462,145.1368061,849.7329334,1183.323899,849.7558372,1183.323563,True,:cluster_3021408813_3031178405_11,0,4.323290670123892,True,898.7888879169477,1205.5506249256432,900.070456777076,1205.372779823057,-37.90964803282157,145.1368206308878,1.29384992319985,
281,-37.90961976,145.136659,849.6205898,1182.268737,849.7403779,1182.266985,True,298236188#1,0,1.4259134874804833,False,885.7977341503138,1208.226040606387,885.9057955651323,1206.0002074396389,-37.90963983034335,145.13665972277914,2.228454746134281,
282,-37.90964653,145.1365836,848.9301983,1181.593831,849.7303575,1181.582124,True,298236188#1,0,8.207136683008658,False,879.2282120338059,1205.1230038059875,879.389410973402,1204.857361631606,-37.90964895200125,145.13658537243955,0.310726347349396,
283,-37.90966395,145.1365304,849.4400157,1179.803328,849.7042746,1179.799462,True,:3021408814_0,0,2.0412179884582895,True,874.589698671829,1203.0964993545786,875.3168700980732,1202.1089281599345,-37.90967297724487,145.13653844340223,1.2264074150284339,
284,-37.90967353,145.1364794,848.838962,1180.03075,849.7074728,1180.018042,True,:3021408814_1,0,7.247879854748776,True,870.1272122901864,1201.9438234725967,870.2395890098899,1200.8643377076332,-37.9096832745251,145.13648043235193,1.0853193280735682,
285,-37.9096948,145.1364118,850.0738539,1180.156242,849.7095728,1180.161572,True,988580231,0,2.109652321231546,False,864.2312474202481,1199.4647898012772,864.2403970869817,1200.7944383469332,-37.909682823828895,145.13641220626212,1.3296800259335047,
286,-37.90968585,145.1363195,850.068894,1179.540099,849.7005586,1179.545489,True,988580231,0,10.249495569288083,False,856.0967097019311,1200.2956966003403,856.1007444746552,1200.8501469959908,-37.90968085609399,145.1363196719087,0.5544650761120606,
287,-37.90968879,145.1362819,850.0750763,1180.308126,849.7117949,1180.313441,True,:cluster_3021408815_3031178391_9137640169_6,0,0.13676155795876807,True,852.7975755837979,1199.9033707408234,853.0679592455944,1200.905622505685,-37.909679810153335,145.13628520206368,1.0380828120793086,
288,-37.90969644,145.1362457,850.0774919,1180.608197,849.7161849,1180.613483,True,988580232,0,0.08881951339783893,False,849.6319740598556,1198.9908597348258,850.0255645651628,1198.9712913032558,-37.909696687165,145.13625017063598,0.3940766541957116,
289,-37.90979771,145.1362386,850.0765406,1180.490008,849.7144558,1180.495306,True,988580230#0,0,6.127636848818112,False,849.2324420528021,1187.7409649817273,849.8203536817583,1187.7330189417119,-37.90979788746624,145.13624528269872,0.5879653246696757,
290,-37.90982532,145.1362418,850.0736075,1180.125634,849.709125,1180.130967,True,988580230#0,0,9.180086811611377,False,849.5750287286937,1184.6828490337357,849.7756968413591,1184.680895657511,-37.90982537373798,145.13624408113608,0.20067761987670496,
291,-37.90983759,145.1362433,850.0681552,1179.448311,849.6992158,1179.453709,True,988580230#0,0,10.536371305749165,False,849.7341248843586,1183.3239463893697,849.7558546225091,1183.3247563153377,-37.909837586617634,145.13624354724953,0.02174482697477506,
292,-37.90984708,145.1362418,848.7877461,1178.404843,849.6836776,1178.391734,True,988580230#0,0,11.593459931781345,False,849.6233047710266,1182.2682529175654,849.7403895899498,1182.2677808207995,-37.90984710534043,145.13624313113795,0.11708577068815386,
293,-37.90985303,145.1362338,848.2961606,1176.670533,849.6582024,1176.650604,True,988580230#0,0,12.277714134183897,False,848.9331756647443,1181.5939497873187,849.7303790636245,1181.5835998484915,-37.9098532668163,145.13624286178856,0.7972705816846346,
294,-37.90986925,145.1362392,849.0235496,1171.127123,849.5772676,1171.119021,True,988580230#0,0,14.060218550428786,False,849.4439083862235,1179.8035910408944,849.7043013174871,1179.801286199021,-37.909869317660984,145.1362421601243,0.26040313160196255,
295,-37.90986709,145.1362324,849.9416077,1163.76567,849.4697788,1163.772574,True,988580230#0,0,13.84135115284389,False,848.841286228504,1180.0313224997371,849.7075033114793,1180.02013017303,-37.909867346834666,145.1362422462792,0.8662893875693475,
296,-37.90986619,145.1362464,847.8332104,1156.616768,849.0717248,1156.410349,True,988580230#0,0,13.698925249593044,False,850.0701160709723,1180.1557993907481,849.7095869789948,1180.1625408336088,-37.909866064337955,145.13624230234367,0.36059211474176933,
297,-37.90987174,145.1362462,842.4430905,1155.626758,842.1014957,1153.129657,True,988580230#0,0,14.315077175078624,False,850.0648458678043,1179.539592671208,849.7005727777685,1179.5464548497919,-37.90987161257601,145.13624205980187,0.36433771918254904,
298,-37.90986482,145.1362465,837.5843969,1155.212322,837.387706,1153.774487,True,988580230#0,0,13.546675999824124,False,850.0758682563901,1180.3079970711842,849.7118143604525,1180.314773789394,-37.909864693385366,145.13624236227503,0.3641169634293478,
299,-37.90986212,145.1362466,832.7815976,1154.968875,832.7058229,1154.414952,True,988580230#0,0,13.246918188741661,False,850.0786697525764,1180.6077780639753,849.7161997678764,1180.6144995198654,-37.90986199416846,145.13624248027156,0.362532298944051,
300,-37.90986318,145.1362465,830.3571006,1155.828107,829.9562282,1155.777203,True,988580230#0,0,13.364785745287467,False,850.0722298115725,1180.489979499951,849.71447538493,1180.4966445777138,-37.90986305552562,145.13624243387423,0.3578165075061221,
301,-37.90986646,145.1362464,830.4276876,1156.174746,829.9140292,1156.10952,True,988580230#0,0,13.7288705969947,False,850.070715083275,1180.12583886832,849.7091488834925,1180.1325986910113,-37.909866333985605,145.13624229055603,0.3616293849066567,
302,-37.90987256,145.1362462,829.3268714,1167.364716,830.0071426,1167.358172,True,988580230#0,0,14.406022300940903,False,850.0666650908533,1179.4486014582217,849.6992422655503,1179.4555194570378,-37.909872431505875,145.13624202400226,0.3674879470966175,
303,-37.90988173,145.1362314,829.2738282,1174.819517,830.0788418,1174.811774,True,988580230#0,0,15.468097841636878,False,848.7858500925358,1178.405038668774,849.6837042752505,1178.393557581544,-37.90988199513407,145.13624160592704,0.8979275854890855,
304,-37.90989727,145.1362254,829.1520637,1185.60326,830.1825542,1185.593348,True,988580230#0,0,17.2098795843195,False,848.2928299966152,1176.6700976239517,849.6582222951226,1176.6519622474232,-37.90989767928487,145.13624092029207,1.3655127317990536,
305,-37.90994733,145.1362324,831.6995503,1197.209406,830.2944238,1197.222923,True,988580230#0,0,22.74066462217921,False,849.0193053188268,1171.1274992153049,849.5773078206093,1171.1217691239576,-37.90994748211827,145.13623874315104,0.5580319219743798,
306,-37.91001381,145.1362412,831.2091802,1208.774557,830.405618,1208.782287,True,988580230#0,0,30.087092325460773,False,849.940457817982,1163.7660210523754,849.469830792829,1163.7761276483584,-37.91001363419398,145.13623585129275,0.47073553093710524,
307,-37.91007783,145.1362156,828.5238291,1220.12277,830.5145225,1220.103621,True,:3021408832_1,0,7.682163454053831,True,847.8318434265093,1156.617049522698,846.4366608575546,1156.4415605682098,-37.910079159563104,145.1361996969395,1.4061759398675877,
308,-37.91008578,145.1361541,828.4349328,1230.303409,830.6124369,1230.282463,True,E9,0,0.7358789288733009,False,842.4426521599526,1155.6267736339942,842.100911276851,1153.1297368123442,-37.910108212397326,145.13614964675162,2.520313416989835,
309,-37.91008864,145.1360988,828.3468629,1240.389507,830.7094421,1240.36678,True,E9,0,5.491284754629069,False,837.5872472418123,1155.2122044172138,837.3893852016794,1153.7742572624543,-37.910101557758466,145.1360962234089,1.4514962648269336,
310,-37.91008997,145.1360441,829.9217173,1245.618166,830.7598797,1245.610103,True,E9,0,10.220938599284434,False,832.7811974211945,1154.9684633668512,832.7033734853002,1154.4152874366428,-37.91009493913269,145.13604308938056,0.5586234642047138,
311,-37.91008179,145.1360167,829.4256701,1252.476518,830.7291223,1252.630296,True,:3021408831_0,0,1.9044618896073298,True,830.3541510491632,1155.827988449484,829.9564984058883,1155.7750750536293,-37.910082195028735,145.13601216667655,0.4011576400424308,
312,-37.91007868,145.1360176,826.9442524,1259.554966,826.1693555,1257.554781,True,:3021408831_0,0,2.238863767548941,True,830.4263747703517,1156.1746714636683,829.9143729529318,1156.106812995662,-37.91007919906019,145.1360117631338,0.5164790728785087,
313,-37.90997768,145.1360076,818.9946828,1260.161677,819.0113796,1260.0986,True,E10,0,11.139131506447978,False,829.3231109054177,1167.3645468940958,830.0071468724366,1167.3586161737296,-37.90997785663999,145.13601537610012,0.6840616767657032,
314,-37.90991051,145.1360087,812.0925553,1252.307614,817.9651341,1252.36123,True,E10,0,18.59416387286909,False,829.2707783218939,1174.8199930256233,830.0788565386266,1174.8133036459285,-37.9099107158174,145.13601788627227,0.8081059040488694,
315,-37.90981335,145.1360098,811.7846158,1241.152758,818.0669441,1241.210116,True,E10,0,29.37643337312483,False,829.1519030083437,1185.603276384063,830.1825707693143,1185.5950743230715,-37.909813609538055,145.13602151674067,1.0307003964823331,
316,-37.90970926,145.1360414,812.0069873,1230.741789,818.1620071,1230.797984,True,E10,0,41.00696309395431,False,831.6991012553917,1197.2091637188569,830.2944443820503,1197.225065977491,-37.90970886373378,145.13602543280774,1.4047468859744712,
317,-37.90960499,145.1360385,812.4125671,1220.175358,818.2585046,1220.228731,True,E10,0,52.567635681061084,False,831.2127893511206,1208.7743753260002,830.4056460417357,1208.7852037300079,-37.9096047470682,145.13602932533635,0.8072159415039392,
318,-37.90950228,145.1360105,812.8273218,1210.233641,818.3492997,1210.284057,True,E10,0,63.88988158875856,False,828.5232314414461,1220.122357038781,830.5145542844713,1220.1069258335149,-37.90950277769695,145.13603313756911,1.9913826320548669,
319,-37.90941055,145.1360118,813.2983138,1199.478144,818.4475287,1199.525156,True,E10,0,74.07024046418526,False,828.4339903980726,1230.3034519460052,830.6124787602846,1230.2868137321861,-37.90941109228205,145.13603656531117,2.178551898498647,
320,-37.90931968,145.1360131,813.7009164,1188.132659,818.5511382,1188.176941,True,E10,0,84.15518660150356,False,828.3466582430992,1240.3891169000417,830.7094854646833,1240.371293306855,-37.909320266162936,145.1360399609146,2.3628944452795415,
321,-37.90927286,145.1360322,813.8710182,1177.788976,818.6455826,1177.832567,True,E10,0,89.39935623944552,False,829.9219860443845,1245.6180697614327,830.7599289283328,1245.6152203323281,-37.909273036601554,145.1360417266224,0.8379477286834321,
322,-37.90921099,145.1360281,813.9949188,1170.254743,818.7143749,1170.297832,True,:7217594255_2,0,0.7754188327164135,True,829.4242500612745,1252.4762598592788,830.72914808809,1252.6300781104756,-37.909209839408064,145.13604297142902,1.3139326142494028,
323,-37.90914678,145.1360015,813.2260583,1162.228629,812.5449217,1157.05785,True,E11,0,1.1493531028815687,False,826.9431882138015,1259.5545538039878,826.1682639489471,1257.555204036562,-37.9091646510738,145.13599223470706,2.1442730956587566,
324,-37.90913988,145.1359113,812.7144719,1153.629472,813.0609996,1156.990036,True,:7217594256_0,0,1.104943293452994,True,818.9977602409199,1260.1616394957528,819.0139397742746,1260.0992781755433,-37.90914044468134,145.13591146977987,0.06442601615684163,
325,-37.90920939,145.135831,814.4679131,1141.492714,813.9155436,1157.020434,True,E12,0,6.039718569298102,False,812.092265250627,1252.3072957284749,817.9651404781835,1252.360533142405,-37.909209968362646,145.1358977856482,5.873116520271742,
326,-37.90930982,145.135825,814.5028272,1139.369672,799.7982714,1143.023531,True,E12,0,17.19193070528157,False,811.7876212007832,1241.152542885393,818.0669562007088,1241.208785786738,-37.90931044451283,145.1358964078037,6.279586873771417,
327,-37.90940364,145.1358251,814.4671013,1141.542095,813.9164872,1157.020468,True,E12,0,27.60468698378289,False,812.004603277659,1230.7419923990965,818.1620209547725,1230.796463470943,-37.90940425851433,145.13589512130966,6.157658609252187,
328,-37.9094989,145.1358273,798.7481492,1158.568039,801.5010893,1156.77121,True,E12,0,38.17525899666739,False,812.409406114486,1220.1753443926573,818.258526510251,1220.2263319979036,-37.90949949435928,145.13589381530912,5.849342624606875,
329,-37.90958853,145.1358298,788.8824222,1160.392223,800.58,1155.36,True,E12,0,48.12068459677294,False,812.8280906304717,1210.2339560464025,818.3493247017622,1210.2813208840007,-37.90958909792985,145.135892586538,5.5214372311762485,
330,-37.90968551,145.1358327,778.2961923,1161.708944,776.0260217,1143.923575,True,E12,0,58.88148666534793,False,813.2982515783515,1199.4776788111776,818.4475669898575,1199.520967283311,-37.90968604765437,145.1358912570175,5.149497363723259,
331,-37.90978778,145.1358347,768.5836525,1162.916983,766.3174625,1145.162801,True,E12,0,70.23027298498249,False,813.7010264471173,1188.1328147789463,818.5511773646269,1188.1726539364313,-37.90978829483643,145.13588985484077,4.85031453424295,
332,-37.90988099,145.1358343,756.2481108,1152.533583,755.9,1146.45,True,E12,0,80.57580534592175,False,813.8726979175117,1177.7890730723739,818.6456283882798,1177.82755273657,-37.90988150317458,145.1358885766105,4.773085580978304,
333,-37.90994888,145.135834,744.8305426,1149.213335,744.8861091,1146.286286,True,E12,0,88.11103731771212,False,813.9969749128213,1170.2551383869722,818.714422370877,1170.2926348035962,-37.90994939203865,145.1358876455986,4.717596474983333,
334,-37.91002105,145.1358234,736.3175453,1147.910883,736.3514621,1146.124266,True,E13,0,0.5195004832931769,False,813.2252149384003,1162.228165000677,812.5449489522242,1157.0578466677664,-37.910067503001216,145.13581448979897,5.2148780882759596,
335,-37.91009842,145.1358156,732.6217412,1147.331709,732.7977029,1146.018764,True,:cluster_3021408830_9137640151_0,0,9.87,True,812.7111608810956,1153.6290967119858,813.0621704409427,1156.9900772093615,-37.91006820666216,145.13582035517396,3.379259921172718,
336,-37.91020806,145.1358328,726.0313468,1168.968573,725.3958995,1168.967131,True,:634145142_w0,0,2.0644233882518246,True,814.4666135438019,1141.4931444199756,819.3361917537452,1140.721788181648,-37.910215885800795,145.13588799160104,4.930292322891319,
337,-37.9102272,145.1358327,725.5347475,1176.791918,725.3781456,1176.791562,True,:634145142_w0,0,2.6235890768711667,True,814.5002950552152,1139.3691002707928,818.807025384802,1140.9024791368968,-37.91021416276541,145.13588201607558,4.571561754892631,
338,-37.91020762,145.1358328,725.5830166,1187.132291,725.3546832,1187.131773,True,:634145142_w0,0,2.065145811299729,True,814.4656371512101,1141.541968980804,819.3355080887977,1140.7220216282155,-37.9102158835747,145.13588798388085,4.938416407086131,
339,-37.91005141,145.135658,727.7217225,1196.542365,725.3333424,1196.536946,True,:9137640172_1,0,6.9536856760849615,True,798.7512848651968,1158.5684604672715,799.4072448953,1159.9909220128964,-37.910038714283424,145.13566578169417,1.566422806867427,
340,-37.9100332,145.1355462,727.8760272,1205.946002,725.3025015,1205.939414,True,998107630#1,0,59.067264665079634,False,788.8818639522651,1160.3925475515425,786.0848557611519,1160.403127152599,-37.91003260074409,145.13551440057333,2.7970281995563084,
341,-37.91001943,145.1354261,727.6913585,1214.755338,725.28,1214.73,True,998107635#2,0,19.788109339122,False,778.2925899148104,1161.709343017079,778.267879991753,1156.624728550834,-37.910065229044534,145.13542466268171,5.084674507836632,
342,-37.9100068,145.135316,726.5059775,1218.496322,724.747526,1217.445293,True,998107635#2,0,10.074931627076808,False,768.5850024904357,1162.9172111861408,768.5548148569993,1156.6714934287097,-37.910063057566745,145.13531423625315,6.245790710446696,
343,-37.91009812,145.1351734,725.9585812,1224.274734,727.1350569,1223.514927,True,998107636,0,1.696894096694857,False,756.2508937710663,1152.533105903305,755.98,1152.533105903305,-37.91009807118215,145.13517031995033,0.2708937710663122,
344,-37.91012597,145.1350428,725.0129885,1225.742815,727.9122112,1225.382557,True,E3,0,8.623537571698057,False,744.8309017858701,1149.2130309659988,744.8880159050636,1146.2863219099788,-37.91015234482469,145.13504278363996,2.927266288057923,
345,-37.91013617,145.1349457,724.0085814,1224.370014,725.4163945,1221.713015,True,E3,0,17.15917795409448,False,736.3169142433326,1147.9103968264535,736.3539131652959,1146.1243121427246,-37.91015226616766,145.13494571437022,1.7864678608016626,
346,-37.91014072,145.1349036,699.4878782,1221.703883,699.4718489,1220.620052,True,:9199366844_0,0,2.8007793932459486,True,732.6257575940108,1147.3314527776092,732.8030799768709,1146.0194849453537,-37.910152570495256,145.1349053176898,1.3238968314549253,
347,-37.90994462,145.1348335,689.2405191,1221.349407,689.231972,1220.771495,True,E7,0,1.806345702028749,False,726.0274625847815,1168.9683644603938,725.3959013331073,1168.9663410520075,-37.90994452439304,145.13482631873373,0.6315644929836741,
348,-37.90987405,145.1348297,676.7248935,1223.630426,676.6808189,1220.971257,True,E7,0,9.628992237150504,False,725.5366980255931,1176.79247424379,725.3781514514922,1176.7889674495261,-37.90987405301323,145.1348278965408,0.15858535167266846,
349,-37.90978091,145.1348326,669.4719493,1223.153789,669.4377645,1221.091308,True,E7,0,19.96585162538373,False,725.5848611951806,1187.1328479237854,725.3546967255769,1187.125800227894,-37.90978093200212,145.13482998144903,0.23027234546361738,
350,-37.90969653,145.134859,661.5176567,1223.511634,661.479727,1221.223209,True,E7,0,29.367572104531774,False,727.7185101766954,1196.5425067143515,725.333363865306,1196.5274965044764,-37.90969623531637,145.1348318777342,2.385193542070591,
351,-37.90961185,145.1348629,647.6812683,1222.294521,647.666953,1221.448149,True,E0,0,2.931794528958539,False,727.873377439566,1205.945875870064,725.3024954310815,1205.9417849241506,-37.90961142347742,145.1348336684573,2.570885263365017,
352,-37.90953246,145.1348628,635.7345897,1222.443792,635.7211671,1221.650196,True,:9226568321_0,0,0.0,True,727.6883242684416,1214.755204332061,725.28,1214.73,-37.909532252972426,145.13483541194506,2.4084561528746526,
353,-37.90949855,145.1348502,628.3073766,1223.781186,628.2734643,1221.776165,True,:9226568321_0,0,2.7901060452488013,True,726.5052878040588,1218.495860453695,724.7479597826961,1217.4445672866432,-37.90950770357245,145.13482998026552,2.0477839480171003,
354,-37.90944639,145.1348453,621.6715909,1224.174766,621.6329214,1221.888481,True,:9226568321_1,0,4.6500077486025,True,725.9586899193237,1224.275170814246,727.1350912922943,1223.514980065488,-37.90945345002253,145.13485850257382,1.4006463382396854,
355,-37.909433,145.1348349,611.8931419,1224.301407,611.8551276,1222.053859,True,:9226568321_1,0,2.577228291521943,True,725.0146274223807,1225.742696701549,727.9121968402924,1225.3824412385438,-37.90943676752583,145.13486776297444,2.9198788554051256,
356,-37.90944518,145.1348231,601.1625045,1223.473858,601.1415519,1222.235065,True,:9226568321_1,0,7.221924347579943,True,724.0042526717298,1224.3703870242462,725.4126713274433,1221.7110422705111,-37.90946938990079,145.134838508532,3.009278589459562,
357,-37.90946478,145.1345437,593.4147238,1222.97243,593.4044656,1222.365928,True,-11294993,0,20.295296921495922,False,699.4838487309171,1221.7039510570467,699.4669223126724,1220.62012515351,-37.90947454032342,145.13454326094867,1.083958067829136,
358,-37.90946613,145.1344272,587.4162457,1224.687147,587.3786769,1222.467906,True,-11294993,0,30.528678888895904,False,689.2445530878031,1221.3491784986109,689.2346593370767,1220.7714555501911,-37.90947133248878,145.13442695605335,0.577807659549606,
359,-37.90944332,145.1342854,571.3463292,1224.501005,571.3209014,1222.707262,True,11294993,0,17.42943297759588,False,676.7273091212846,1223.6307883094996,676.7370375010456,1224.1710400414354,-37.909438455031975,145.1342856335493,0.5403393149053393,
360,-37.90944631,145.1342028,562.0878347,1223.363308,562.0803917,1222.838254,True,11294993,0,10.18274046196539,False,669.4720294459839,1223.1536580929533,669.4913409605573,1224.2911818711632,-37.90943606638523,145.1342032784341,1.137687690268335,
361,-37.90944165,145.1341124,550.0817973,1223.51306,550.0746439,1223.008446,True,11294993,0,2.2195259409467387,False,661.5140086612082,1223.511677053757,661.5292208924491,1224.42320281189,-37.90943344149295,145.13411278040573,0.9116526859057426,
362,-37.90945012,145.1339548,542.4814669,1225.4309,542.4486591,1223.11655,True,-11294994,0,6.597726772683704,False,647.6771483374177,1222.294455778785,647.6631608904108,1221.4482133205981,-37.90945774063882,145.1339544483606,0.8463580487665906,
363,-37.90944662,145.133819,530.0951917,1223.84098,530.0874063,1223.291782,True,-11294994,0,18.544818834197915,False,635.7302843437647,1222.4438300076872,635.7177773316026,1221.650253809736,-37.909453766474364,145.13381867716663,0.7936747490679672,
364,-37.90943323,145.1337349,521.3714493,1223.23833,521.3739581,1223.415302,True,11294994,0,111.48267691537767,False,628.3067423644825,1223.781628748402,628.329556794731,1224.9762306871685,-37.90942247284643,145.1337354313188,1.1948197731592007,
365,-37.90942849,145.1336595,513.1443258,1224.430901,513.0866,1224.060888,True,11294994,0,104.83736838188302,False,621.6672903752187,1224.1748877931386,621.6851985784813,1225.0886112882106,-37.909420262184206,145.13365991160896,0.913898970997679,
366,-37.90942559,145.1335484,507.0588925,1232.091763,508.3542546,1232.199983,True,11294994,0,95.06240991664872,False,611.8932977513177,1224.3011245308444,611.911637988387,1225.2539182415217,-37.90941701030875,145.1335488254277,0.9529702090841661,
367,-37.90943111,145.1334262,509.4046489,1242.891108,508.9215485,1242.919297,True,-11294994,0,53.12372934654641,False,601.1621367391199,1223.4734845403582,601.1438118018388,1222.2350270715297,-37.909442263022086,145.13342570969655,1.2385930346257898,
368,-37.90943423,145.133338,508.2870912,1254.578535,509.5974049,1254.502078,True,-11294994,0,60.861082462550335,False,593.4148131991969,1222.9720031805336,593.4075651717202,1222.3658755324052,-37.90943968883824,145.13333777959136,0.606170982255031,
369,-37.9094177,145.1332702,509.1746692,1266.055512,510.2678271,1265.991726,True,1000438539,0,7.543544201175954,False,587.417327492265,1224.6868907511234,588.0277864176124,1224.6930961840592,-37.90941775422122,145.1332771422313,0.6104904642451364,
370,-37.90941648,145.1330874,515.705781,1277.538452,515.9707484,1277.244538,True,11294994,0,54.51013271682006,False,571.343433364993,1224.5004245806485,571.3646548631676,1225.9072341542778,-37.90940381094656,145.1330879616221,1.4069696259833753,
371,-37.90942505,145.1329819,529.8902091,1277.034165,529.8942374,1277.855375,True,-11294994,0,92.18787263400202,False,562.0872615529224,1223.363694101572,562.0843619825629,1222.8381978545679,-37.90942978327428,145.13298174736752,0.5255042465325594,
372,-37.90942154,145.1328454,536.7816661,1278.172637,531.1330572,1278.924608,True,-11294994,0,104.19662509988058,False,550.0788238641107,1223.5128206964582,550.0768159410492,1223.0084149150266,-37.90942608344673,145.13284526229972,0.5044097779550463,
373,-37.90940289,145.1327595,534.2652591,1303.832253,534.4456897,1303.808233,True,11294994,0,25.641052011979383,False,542.4853212725138,1225.4310481185094,542.4984752813164,1226.316498238847,-37.90939491602547,145.13275985121533,0.8855478211557463,
374,-37.90941498,145.1326183,536.279163,1315.572535,536.0164681,1315.607507,True,-11294994,0,124.17875826036989,False,530.0983464724268,1223.8408155385405,530.0966902274095,1223.2916499952682,-37.90941992671625,145.1326181560897,0.5491680408263485,
375,-37.90941883,145.1325189,536.9007279,1326.917798,537.5014935,1326.844398,True,-11294994,0,132.89928197713556,False,521.3679783866974,1223.238536494784,521.3770425926778,1223.415258331517,-37.90941723968311,145.1325190433112,0.17695413927993614,
376,-37.9094066,145.1324257,540.0240194,1338.869703,539.8687462,1338.935543,True,:100383254_0,0,3.2903430234334823,True,513.1469476405764,1224.43148480542,513.5589223853026,1223.0938102407565,-37.90941872444267,145.1324300793806,1.399677259670949,
377,-37.9093365,145.1323582,543.4999511,1342.565006,542.8702765,1343.267768,True,:100383254_1,0,13.948510795312009,True,507.05672071897425,1232.09123490192,508.3551342798827,1232.1894533165555,-37.90933584956059,145.13237298509983,1.3021231247944498,
378,-37.90923964,145.1323874,546.1168119,1347.233256,546.8544496,1346.047361,True,310292423,0,10.327036699028108,False,509.40856040560175,1242.8907321700826,508.9215604238357,1242.9195010567703,-37.90923929295111,145.13238186945907,0.48784898388887227,
379,-37.90913415,145.1323773,555.4482429,1350.779773,555.5769266,1348.006417,True,310292423,0,21.93010191847947,False,508.2860798672773,1254.5786342034116,509.59745081084895,1254.5028638962735,-37.90913506922766,145.13239219274942,1.3135581034304604,
380,-37.90903092,145.13239,567.4114536,1349.423539,567.4417827,1348.445096,True,310292423,0,33.439957531448485,False,509.1731344120344,1266.0559146944433,510.2679116431879,1265.9931754022202,-37.90903168274961,145.13240243307604,1.0965734834660112,
381,-37.90892866,145.1324669,575.8258606,1349.592048,575.5980931,1350.598463,True,63906910#0,0,0.7691617517813161,False,515.7066427294048,1277.5386359505355,515.9712828286908,1277.2450201258653,-37.908931352720614,145.1324698420148,0.3952779207682931,
382,-37.90893576,145.132628,577.5166641,1352.228443,576.9988867,1350.356478,True,63906910#0,0,14.946459611073546,False,529.8859092614148,1277.0345173887908,529.8890842433667,1277.855400427678,-37.90892836586067,145.13262822306052,0.8208891789047823,
383,-37.90892675,145.1327067,588.1666384,1341.176154,586.8998709,1340.028893,True,-63906910#0,0,61.5482869633807,False,536.7849767700536,1278.172910535708,534.3064162263556,1278.5057915009058,-37.90892330408379,145.13267859518146,2.500814288540335,
384,-37.90869515,145.1326839,596.2341539,1334.891626,595.2545432,1333.181134,True,63906910#0,0,42.232262154296826,False,534.265670963563,1303.8322364334017,534.4453772024633,1303.8058850889265,-37.90869541980634,145.1326859372085,0.18162798698255359,
385,-37.90858975,145.1327095,607.0798435,1331.053967,607.1041432,1329.917665,True,63906910#0,0,54.13578496807378,False,536.2820877151098,1315.5730235679075,536.016175751299,1315.6053108078793,-37.90858941116696,145.13270648401243,0.26786496292483347,
386,-37.90848767,145.1327191,613.9119401,1332.060595,613.8916655,1330.058667,True,63906910#0,0,65.46816731057032,False,536.899204832036,1326.9172295639291,537.5009501794976,1326.839950925671,-37.9084884747239,145.13272592405866,0.6066872762162534,
387,-37.90838056,145.1327574,621.800886,1331.590248,621.7845654,1329.978731,True,63906910#0,0,77.87354409064592,False,540.0283912213636,1338.8701303005219,539.8678336187371,1338.933390950855,-37.908379961162225,145.1327555889192,0.17257072069656235,
388,-37.9083479,145.1327977,632.2841424,1330.965214,632.273076,1329.872508,True,:9237664398_1,0,2.572523652292795,True,543.4988964180229,1342.5652127647772,542.8709815265004,1343.2683994477445,-37.9083414522271,145.1327907209537,0.9427346509481284,
389,-37.90830632,145.1328285,641.7599075,1330.08593,641.7327295,1329.698025,True,:9237664398_1,0,7.44834282281565,True,546.1143578636693,1347.2333718147129,546.8566515009078,1346.0487305986508,-37.90831712546734,145.13283666985453,1.3979895044949022,
390,-37.90827606,145.1329354,653.1914125,1328.119874,652.9590954,1327.349523,True,63906910#1,0,8.205759695664268,False,555.4455502399942,1350.7794098919258,555.5754986552347,1348.006351137603,-37.908301063833875,145.13293624600496,2.7761018435118867,
391,-37.90829043,145.1330711,664.9830615,1325.106695,664.6006794,1323.838736,True,63906910#1,0,20.080139213687225,False,567.4079728443176,1349.4237817507237,567.4414365087005,1348.4450849591647,-37.90829925237679,145.13307125762364,0.9792687203428531,
392,-37.90829043,145.1331668,675.9872792,1321.478352,675.6905274,1320.494339,True,:26582424_3,0,1.2885474412248006,True,575.8217349629849,1349.5922778854147,575.0877931518991,1350.8710093430323,-37.908278778473054,145.13315874647955,1.4743896102322505,
393,-37.90826699,145.1331867,686.9851517,1317.960237,686.7167492,1317.112809,True,:26582424_3,0,4.051611191239899,True,577.5192183939507,1352.2283317744732,577.3620135140206,1352.4292079583493,-37.90826515209919,145.13318495837032,0.25507766566761486,
394,-37.90836847,145.1333052,696.4741185,1315.859614,695.7424255,1314.103874,True,:9237664411_w0,0,2.257598623815393,True,588.1630039499141,1341.1762373521924,585.7672137178242,1347.0184048671829,-37.90831541015751,145.13327929074453,6.3143275262998015,
395,-37.90842654,145.1333955,709.7516888,1306.701494,709.1198669,1306.364074,True,4577074#2,0,6.31924471762121,False,596.231024680601,1334.8914736332372,595.2527052071345,1333.1821867270103,-37.90844176121122,145.13338398767843,1.969459499447132,
396,-37.90846307,145.133518,711.4656255,1296.617364,712.4024921,1296.633277,True,4577074#2,0,18.901028735625964,False,607.0821317862137,1331.0535686193034,607.1079814849861,1329.9177470582329,-37.9084733064227,145.13351803533953,1.1361156743568623,
397,-37.90845523,145.1335959,712.5467599,1285.935521,712.459598,1285.935811,True,4577074#2,0,25.689937247151505,False,613.913517534791,1332.0606577405706,613.8953621941978,1330.0586291150626,-37.90847326149333,145.13359523784746,2.002110944414843,
398,-37.90846089,145.1336855,713.3845928,1276.175214,711.9704438,1276.275317,True,4577074#2,0,33.584964936127975,False,621.8035350200953,1331.590308486484,621.7899850300515,1329.9786760705883,-37.90847540553942,145.1336849790943,1.611689376460568,
399,-37.90846841,145.1338045,714.941501,1266.359988,712.6818887,1265.315835,True,4577074#2,0,44.07055608838773,False,632.2824687162647,1330.9653021022677,632.2750384863731,1329.8724883574148,-37.90847825299702,145.13380416678558,1.092839004270878,
400,-37.90847804,145.1339121,717.9600232,1259.827657,716.0612726,1258.812588,True,4577074#2,0,53.540196970951264,False,641.763823300018,1330.0860833423212,641.7410232477966,1329.6974442310461,-37.90848153684618,145.13391175231737,0.3893073351402367,
401,-37.90849781,145.1340416,721.5383195,1252.138904,720.0531771,1251.345249,True,4577074#2,0,65.05519259908633,False,653.1930984403589,1328.1202094275504,652.9656883483991,1327.3475343970497,-37.908504729443955,145.134038838569,0.8054452512023925,
402,-37.90852708,145.134175,723.7494414,1246.428928,722.9179115,1245.984561,True,4577074#2,0,77.21717587499674,False,664.986345942074,1325.1070159012452,664.6097027096552,1323.8360152445475,-37.908538461582104,145.1341704284414,1.3256329785626015,
403,-37.90856175,145.1342993,725.2766641,1242.081372,725.0643857,1241.967931,True,4577074#2,0,88.80224346537018,False,675.9915246939636,1321.4785832474008,675.7013717522876,1320.4910684703475,-37.90857059346885,145.1342957763352,1.0292590366190038,
404,-37.90859543,145.1344235,728.2778641,1232.363302,727.9010508,1232.306834,True,4577074#2,0,100.33319299379038,False,686.9857028083643,1317.9598154295236,686.7252653373389,1317.110111690309,-37.908603037393505,145.1344203455616,0.8887204964157501,
405,-37.90861606,145.1345309,726.8981161,1236.810886,727.0232343,1236.845144,True,4577074#2,0,109.85237435567696,False,696.4738756985171,1315.8595682997257,695.7506033509414,1314.1004661288166,-37.90863177605234,145.1345222763579,1.9019893102918533,
406,-37.90870095,145.1346798,706.8863259,1221.61327,706.8700185,1220.510637,True,4577074#2,0,125.55529950102063,False,709.7533074335079,1306.701713591814,709.1250159741959,1306.3544322395537,-37.908703965146714,145.1346725774837,0.7178819509307492,
407,-37.9087921,145.134697,700.6271128,1221.689931,700.6110407,1220.603204,True,405414870#0,0,4.601776472328313,False,711.4678752823966,1296.6175210485235,712.4024965189049,1296.6330174494772,-37.9087921288704,145.13470762993512,0.9347496960014514,
408,-37.90888852,145.1347068,690.1642921,1221.818065,690.1486133,1220.757939,True,405414870#0,0,15.300939157990506,False,712.5435524892528,1285.9355251882225,712.4595938365459,1285.9345468547785,-37.90888851367948,145.1347058451873,0.08396435255918214,
409,-37.90897659,145.1347141,682.0441876,1221.9175,682.0270353,1220.882646,True,405414870#0,0,24.978978295414123,False,713.38089489087,1276.1756881242618,711.9703137610273,1276.2734801161007,-37.9089754548067,145.13469808425347,1.4139669011458222,
410,-37.90906529,145.1347296,669.150472,1223.153314,669.1163834,1221.096635,True,:cluster_26582434_9215816595_0,0,9.036358244029138,True,714.9405556453858,1266.3603681661189,712.681965026303,1265.315669435266,-37.90907429379756,145.13470368262045,2.488498949739374,
411,-37.90912468,145.1347624,658.4045439,1223.489343,658.3691025,1221.274254,True,:588090419_0,0,2.3762850412821095,True,717.9561016111402,1259.8278624229133,716.060314944329,1258.814379561339,-37.909133467998664,145.13474061471396,2.149687092756566,
412,-37.90919459,145.1348014,648.7117446,1223.967317,648.6688496,1221.431203,True,405414870#3,0,0.6863714502037288,False,721.5400856350316,1252.1389112612233,720.0534994316677,1251.3446456530548,-37.909201476997275,145.13478431710143,1.6854662252181378,
413,-37.90924643,145.1348252,638.871186,1223.634478,638.8367332,1221.597501,True,405414870#3,0,6.762056011734666,False,723.7476067378302,1246.4283567145467,722.9170808088705,1245.9861155759384,-37.909250264124815,145.1348156564626,0.940930679355241,
414,-37.90928586,145.1348416,631.7368793,1223.305749,631.7100253,1221.71804,True,405414870#3,0,11.315388097103455,False,725.2769873401849,1242.0818591155112,725.0631495903934,1241.9702443299168,-37.90928682691217,145.13483914331056,0.24121451780342668,
415,-37.90937395,145.1348735,620.5731795,1224.1306,620.5355709,1221.907041,True,:588090556_0,0,10.070665052371728,True,728.2771112433402,1232.3630739049986,727.9006493033731,1232.3095133024913,-37.909374364635234,145.13486920750344,0.38025298208521446,
416,-37.90933363,145.1348588,614.6769853,1222.706861,614.6651367,1222.006332,True,:588090556_0,0,5.440774847266593,True,726.8952163403155,1236.8113211588934,727.0225183907122,1236.847758920877,-37.90933332470406,145.13486025569236,0.13241420820125502,
417,-37.90946693,145.1346278,597.9896941,1223.894351,597.9625389,1222.288834,True,-11294993,0,12.895871865418972,False,706.8824157109484,1221.6133339395747,706.8655382622369,1220.5107030746199,-37.90947685973264,145.1346273572381,1.1027600249491991,
418,-37.90946511,145.1345567,590.0937314,1224.671235,590.0556648,1222.422589,True,-11294993,0,19.151518475517417,False,700.6274983874173,1221.6902040205896,700.6105756896649,1220.6032110535089,-37.90947489885388,145.1345562602721,1.0871246884245587,
419,-37.90946207,145.1344378,579.9361089,1224.715529,579.9059148,1222.585562,True,-11294993,0,29.612776541044642,False,690.1674538828665,1221.8183462144807,690.1504615335582,1220.7579112628712,-37.90947161959925,145.1344373655075,1.0605710850905314,
420,-37.90945971,145.1343455,571.0061391,1224.939701,570.974562,1222.712172,True,-11294993,0,37.73552193464259,False,682.0475025001215,1221.917822775431,682.0286763026062,1220.8826186248186,-37.90946903198263,145.13434505038634,1.035375322845735,
421,-37.90944626,145.1341991,559.3527669,1223.397423,559.3453898,1222.877025,True,11294993,0,9.857383891783702,False,669.146626574453,1223.1526955710724,669.1660291069212,1224.2965759090048,-37.909435959140204,145.134199580916,1.1440448792658848,
422,-37.90944129,145.134077,547.3520755,1224.861407,547.3263605,1223.047405,True,:664323249_1,0,4.106716741367359,True,658.4009573196527,1223.489328674972,658.4161911825296,1224.4743009410795,-37.90943241987272,145.13407739737087,0.985090064704221,
423,-37.90943524,145.1339669,535.6991098,1225.376456,535.6684363,1223.212666,True,11294994,0,131.87824921367263,False,648.7078881604248,1223.9669085573405,648.7222124091767,1224.6313156750323,-37.9094292574395,145.133967214082,0.6645615111799704,
424,-37.90943646,145.133855,524.5302938,1225.130849,524.5053452,1223.370912,True,11294994,0,122.04987406037868,False,638.8727166656172,1223.6345940222964,638.8952427699156,1224.797525972331,-37.90942598808452,145.13385552081473,1.163150095983368,
425,-37.90943814,145.1337738,515.7750314,1225.534144,515.4867702,1223.686437,True,-11294994,0,22.551291668221545,False,631.7376106686424,1223.3052583867684,631.7118774461796,1221.718008350082,-37.90945243369815,145.1337731461252,1.5874586223580975,
426,-37.90942869,145.1336471,509.1019043,1224.977098,510.18,1225.82,True,11294994,0,103.74851994886862,False,620.5775671653682,1224.1308685336262,620.5965058570396,1225.1070250970997,-37.90941989995772,145.13364753753885,0.9763402636656244,
427,-37.90944045,145.1335797,509.1524885,1243.660553,508.9654378,1243.671468,True,-11294994,0,39.597402477540804,False,614.6781065154355,1222.707282054238,614.6682043285008,1222.0062797175476,-37.909446763014905,145.13357942783404,0.7010722711329425,
428,-37.90942675,145.1333902,509.4475381,1253.316124,509.5279307,1253.311433,True,11294994,0,81.16510849416282,False,597.9874465378234,1223.8939167102799,598.0163239597342,1225.4889392460166,-37.909412386856424,145.133390891467,1.5952839230068458,
429,-37.90941832,145.1333006,507.9509424,1264.460007,510.1708928,1264.330472,True,11294994,0,73.25680413518876,False,590.0913744933787,1224.6716126231477,590.1091499475438,1225.6226440298362,-37.90940975608378,145.1333010186337,0.9511975101306864,
430,-37.90941609,145.1331851,509.048252,1264.761568,510.1921526,1264.694821,True,11294994,0,63.09501896355681,False,579.9320339219994,1224.7157185021788,579.9486783941461,1225.785530049917,-37.9094064558801,145.13318553283332,1.0699410199292116,
431,-37.90941246,145.1330837,508.0175776,1266.363277,510.281798,1266.231159,True,11294994,0,54.169701137903516,False,571.0092076740693,1224.9399889670312,571.0242574950349,1225.9120603009753,-37.90940370606071,145.13308409245963,0.9721878292731976,
432,-37.90942425,145.1329508,,,,,True,-11294994,0,94.92393370481595,False,559.3512726717745,1223.3977041821927,559.3485757821611,1222.8769799240652,-37.9094289403235,145.13295065075667,0.520731241828309,
433,-37.9094089,145.1328147,,,,,True,11294994,0,30.515117467758692,False,547.3516854271293,1224.8613560665399,547.3720509305969,1226.2474007862027,-37.909396417849436,145.13281524720728,1.3861943293191454,
434,-37.90940216,145.1326823,,,,,True,11294994,0,18.853556428234203,False,535.6965233110241,1225.3760984400287,535.7116617892415,1226.4127215372264,-37.909392824581474,145.13268270821698,1.0367336298039205,
435,-37.90940235,145.1325553,,,,,True,11294994,0,7.692878140124323,False,524.5315144878114,1225.1313478229567,524.5521050643948,1226.5709414968246,-37.90938938551057,145.13255586200685,1.439740920334088,
436,-37.90939714,145.1324558,,,,,True,:100383254_2,0,8.144758986342843,True,515.7722125324653,1225.5342291686684,515.9785671511422,1226.8197393540872,-37.909385597057245,145.13245843903178,1.3019672290287743,
437,-37.90940095,145.1323798,,,,,True,:100383254_1,0,7.1755929454356755,True,509.0990067262901,1224.977590167895,510.1844366868718,1225.8171781366586,-37.90939358268561,145.1323923324018,1.3722485768333177,
438,-37.90923266,145.1323847,,,,,True,310292423,0,11.08080357119848,False,509.1556670923601,1243.6605117693543,508.9654681131672,1243.6719880084172,-37.90923252229289,145.1323825400893,0.19054489168969652,
439,-37.90914573,145.1323902,,,,,True,310292423,0,20.737516230077684,False,509.4459542600671,1253.316381928511,509.52798147776883,1253.312303256935,-37.90914578154552,145.13239113170312,0.08212855779639382,
440,-37.90904508,145.1323757,,,,,True,310292423,0,31.774759955432163,False,507.9473976684967,1264.4594634333625,510.17091218547387,1264.330805385535,-37.90904664027129,145.13240095155075,2.2272336429927937,
441,-37.90904256,145.1323883,,,,,True,310292423,0,32.14028653711324,False,509.0495522429701,1264.7612884435803,510.1922044817838,1264.6957112912605,-37.90904335695414,145.1324012767596,1.1445324380603281,
442,-37.90902794,145.1323769,,,,,True,310292423,0,33.679570356223614,False,508.01479381497484,1266.3635161956772,510.28186933469505,1266.2323813566707,-37.90902953044403,145.13240264625938,2.2708649801597476,
443,-37.90901498,145.132185,,,,,True,28533357#0,0,16.927088895988035,False,491.1146624176763,1267.4635952487588,491.4787822394958,1270.3989170806153,-37.908988603642,145.13218980865614,2.9578197208781014,
444,-37.90900477,145.1321067,,,,,True,28533357#0,0,9.951200802810673,False,484.2080404239241,1268.4586140550673,484.5565035888168,1271.2620931755619,-37.90897957849037,145.13211130063425,2.8250525227570478,
445,-37.90895601,145.1320656,,,,,True,28533357#0,0,2.983981857254426,False,480.4862230734434,1273.7968607312068,478.7738570560468,1273.387809429035,-37.90895938573784,145.1320460376196,1.7605454681271822,
446,-37.90898464,145.1320664,,,,,True,28533357#0,0,6.123765122285778,False,480.62021572730737,1270.6213436806574,480.75848161021634,1271.7356889300015,-37.908974626670506,145.13206822592653,1.1228903727044293,
447,-37.90899024,145.1320871,,,,,True,28533357#0,0,8.014190666115931,False,482.4525549970567,1270.0364064490423,482.63437930352256,1271.5017731737687,-37.908977072447534,145.13208950114353,1.4766041163281607,
448,-37.90903236,145.132075,,,,,True,28533357#0,0,7.632508526548359,False,481.48240939353127,1265.3412468247116,482.25563037710873,1271.5490014111404,-37.9089765786387,145.13208520561832,6.255724394086762,
449,-37.90903494,145.1320486,,,,,True,28533357#0,0,5.37645410554745,False,479.1671312522958,1265.0084489174187,480.01691365105654,1271.828159020766,-37.908973659820425,145.1320598155433,6.872450510475859,
450,-37.90903346,145.132035,,,,,True,28533357#0,0,4.472095888139561,False,477.96816614677664,1265.148717937991,479.1198840997507,1271.9404847750811,-37.90897248604323,145.13204964212295,6.888726370861292,
451,-37.90903322,145.1320244,,,,,True,28533357#0,0,4.472095888139561,False,477.0357098816312,1265.156675399281,479.1198840997507,1271.9404847750811,-37.90897248604323,145.13204964212295,7.0967493839550775,
452,-37.90904089,145.1320257,,,,,True,28533357#0,0,4.472095888139561,False,477.16705691895913,1264.3078644815832,479.1198840997507,1271.9404847750811,-37.90897248604323,145.13204964212295,7.878478694694445,
453,-37.90906293,145.1320231,,,,,True,28533357#0,0,4.472095888139561,False,476.9874793138588,1261.85761657916,479.1198840997507,1271.9404847750811,-37.90897248604323,145.13204964212295,10.305890608152737,
