wall_time,phone_timestamp,fix_seq,vehicle_id,method,kalman,lat,lon,matched,raw_x,raw_y,filt_x,filt_y,match_x,match_y,matched_x,matched_y,matched_lat,matched_lon,actual_x,actual_y,actual_edge_id,sumo_override,edge_id,lane_index,lane_pos,is_internal_edge,raw_dist,score,components,window_len,correction_m,match_error_raw_m,match_error_filt_m,match_ms,phone_speed_mps,sumo_speed_mps,phone_course_deg,accuracy_m,unmatched_reason
2026-10-01T11:12:37.426,1790817154.018,1,native_wokal_ebike,native,False,-37.90831728446722,145.13240159736773,True,1758.5863,1641.5949,1758.5863,1641.5949,1736.5642,1644.2924,1736.5642,1644.2924,-37.90828901,145.13215183,1734.5706,1644.5365,-1272942443#1,True,1272942443#1,0,62.4523,False,,,,,22.1867,22.1867,22.1867,41.533,0.000,0.000,0.0,3.47,
2026-10-01T11:12:37.426,1790817154.018,1,native_wkal_ebike,native,True,-37.90831728446722,145.13240159736773,True,1758.5863,1641.5949,1758.5863,1641.5949,1736.5642,1644.2924,1736.5642,1644.2924,-37.90828901,145.13215183,1734.5706,1644.5365,-1272942443#1,True,1272942443#1,0,62.4523,False,,,,,22.1867,22.1867,22.1867,12.068,0.000,0.000,0.0,3.47,
2026-10-01T11:12:37.426,1790817154.018,1,topo_wokal_ebike,topo,False,-37.90831728446722,145.13240159736773,True,1758.5863,1641.5949,1758.5863,1641.5949,1736.5644,1644.2936,1736.5644,1644.2936,-37.90828900,145.13215183,1734.5708,1644.5377,-1272942443#1,True,1272942443#1,0,,False,22.1867,0.483965,prox=0.335 head=0.500 conn=0.500 turn=1.000,,22.1867,22.1867,22.1867,442.366,0.000,0.000,0.0,3.47,
2026-10-01T11:12:37.426,1790817154.018,1,topo_wkal_ebike,topo,True,-37.90831728446722,145.13240159736773,True,1758.5863,1641.5949,1758.5863,1641.5949,1736.5644,1644.2936,1736.5644,1644.2936,-37.90828900,145.13215183,1734.5708,1644.5377,-1272942443#1,True,1272942443#1,0,,False,22.1867,0.483965,prox=0.335 head=0.500 conn=0.500 turn=1.000,,22.1867,22.1867,22.1867,397.944,0.000,0.000,0.0,3.47,
2026-10-01T11:12:37.426,1790817154.018,1,fuzzy_wokal_ebike,fuzzy,False,-37.90831728446722,145.13240159736773,True,1758.5863,1641.5949,1758.5863,1641.5949,1734.5705,1644.5355,1734.5705,1644.5355,-37.90828646,145.13212922,1734.5705,1644.5355,-1272942443#1,False,-1272942443#1,0,,False,24.1951,50.000000,short=0.000 small=1.000 angle_diff=6.981 mode=confirmed,,24.1951,24.1951,24.1951,717.894,0.000,0.000,0.0,3.47,
2026-10-01T11:12:37.426,1790817154.018,1,fuzzy_wkal_ebike,fuzzy,True,-37.90831728446722,145.13240159736773,True,1758.5863,1641.5949,1758.5863,1641.5949,1734.5705,1644.5355,1734.5705,1644.5355,-37.90828646,145.13212922,1734.5705,1644.5355,-1272942443#1,False,-1272942443#1,0,,False,24.1951,50.000000,short=0.000 small=1.000 angle_diff=6.981 mode=confirmed,,24.1951,24.1951,24.1951,351.569,0.000,0.000,0.0,3.47,
2026-10-01T11:12:37.426,1790817154.018,1,hmm_wokal_ebike,hmm,False,-37.90831728446722,145.13240159736773,True,1758.5863,1641.5949,1758.5863,1641.5949,1736.5644,1644.2936,1736.5644,1644.2936,-37.90828900,145.13215183,1734.5708,1644.5377,-1272942443#1,True,1272942443#1,0,,False,22.1867,0.000000,emission=-22.589 transition=-- sigma=3.471 num_candidates=5.000,,22.1867,22.1867,22.1867,356.089,0.000,0.000,0.0,3.47,
2026-10-01T11:12:37.426,1790817154.018,1,hmm_wkal_ebike,hmm,True,-37.90831728446722,145.13240159736773,True,1758.5863,1641.5949,1758.5863,1641.5949,1736.5644,1644.2936,1736.5644,1644.2936,-37.90828900,145.13215183,1734.5708,1644.5377,-1272942443#1,True,1272942443#1,0,,False,22.1867,0.000000,emission=-22.589 transition=-- sigma=3.471 num_candidates=5.000,,22.1867,22.1867,22.1867,356.474,0.000,0.000,0.0,3.47,
2026-10-01T11:12:37.426,1790817154.018,1,st_wokal_ebike,st,False,-37.90831728446722,145.13240159736773,True,1758.5863,1641.5949,1758.5863,1641.5949,1736.5644,1644.2936,1736.5644,1644.2936,-37.90828900,145.13215183,1734.5708,1644.5377,-1272942443#1,True,1272942443#1,0,,False,22.1867,-4.529980,obs=0.011 trans=-- fs=0.011 ft=--,1,22.1867,22.1867,22.1867,549.849,0.000,0.000,0.0,3.47,
2026-10-01T11:12:37.426,1790817154.018,1,st_wkal_ebike,st,True,-37.90831728446722,145.13240159736773,True,1758.5863,1641.5949,1758.5863,1641.5949,1736.5644,1644.2936,1736.5644,1644.2936,-37.90828900,145.13215183,1734.5708,1644.5377,-1272942443#1,True,1272942443#1,0,,False,22.1867,-4.529980,obs=0.011 trans=-- fs=0.011 ft=--,1,22.1867,22.1867,22.1867,647.192,0.000,0.000,0.0,3.47,
2026-10-01T11:12:47.449,1790817166.017,2,native_wokal_ebike,native,False,-37.908320063284705,145.13240230808574,True,1758.6549,1641.2878,1758.6549,1641.2878,1736.5281,1643.9981,1736.5281,1643.9981,-37.90829165,145.13215135,1734.5346,1644.2422,-1272942443#1,True,1272942443#1,0,62.7488,False,,,,,22.2922,22.2922,22.2922,15.364,0.000,0.000,0.0,3.42,
2026-10-01T11:12:47.449,1790817166.017,2,native_wkal_ebike,native,True,-37.908320063284705,145.13240230808574,True,1758.6549,1641.2878,1758.6547,1641.2887,1736.5283,1643.9990,1736.5283,1643.9990,-37.90829165,145.13215135,1734.5347,1644.2431,-1272942443#1,True,1272942443#1,0,62.7478,False,,,,,22.2922,22.2922,22.2918,13.485,0.000,0.000,0.0,3.42,
2026-10-01T11:12:47.449,1790817166.017,2,topo_wokal_ebike,topo,False,-37.908320063284705,145.13240230808574,True,1758.6549,1641.2878,1758.6549,1641.2878,1736.5283,1643.9994,1736.5283,1643.9994,-37.90829164,145.13215135,1734.5348,1644.2435,-1272942443#1,True,1272942443#1,0,,False,22.2922,0.582576,prox=0.331 head=0.500 conn=1.000 turn=1.000,,22.2922,22.2922,22.2922,0.370,0.000,0.000,0.0,3.42,
2026-10-01T11:12:47.449,1790817166.017,2,topo_wkal_ebike,topo,True,-37.908320063284705,145.13240230808574,True,1758.6549,1641.2878,1758.6547,1641.2887,1736.5284,1644.0003,1736.5284,1644.0003,-37.90829163,145.13215136,1734.5349,1644.2444,-1272942443#1,True,1272942443#1,0,,False,22.2918,0.582580,prox=0.331 head=0.500 conn=1.000 turn=1.000,,22.2922,22.2922,22.2918,0.508,0.000,0.000,0.0,3.42,
2026-10-01T11:12:47.449,1790817166.017,2,fuzzy_wokal_ebike,fuzzy,False,-37.908320063284705,145.13240230808574,True,1758.6549,1641.2878,1758.6549,1641.2878,1734.5345,1644.2412,1734.5345,1644.2412,-37.90828910,145.13212874,1734.5345,1644.2412,-1272942443#1,False,-1272942443#1,0,,False,24.3006,50.000000,short=0.000 small=1.000 angle_diff=6.981 mode=following,,24.3006,24.3006,24.3006,0.106,0.000,0.000,0.0,3.42,
2026-10-01T11:12:47.449,1790817166.017,2,fuzzy_wkal_ebike,fuzzy,True,-37.908320063284705,145.13240230808574,True,1758.6549,1641.2878,1758.6547,1641.2887,1734.5346,1644.2421,1734.5346,1644.2421,-37.90828910,145.13212874,1734.5346,1644.2421,-1272942443#1,False,-1272942443#1,0,,False,24.3003,50.000000,short=0.000 small=1.000 angle_diff=6.981 mode=following,,24.3006,24.3006,24.3003,0.045,0.000,0.000,0.0,3.42,
2026-10-01T11:12:47.449,1790817166.017,2,hmm_wokal_ebike,hmm,False,-37.908320063284705,145.13240230808574,True,1758.6549,1641.2878,1758.6549,1641.2878,1736.5283,1643.9994,1736.5283,1643.9994,-37.90829164,145.13215135,1734.5348,1644.2435,-1272942443#1,True,1272942443#1,0,,False,22.2922,0.000000,emission=-23.377 transition=1.518 sigma=3.421 num_candidates=5.000,,22.2922,22.2922,22.2922,113.019,0.000,0.000,0.0,3.42,
2026-10-01T11:12:47.449,1790817166.017,2,hmm_wkal_ebike,hmm,True,-37.908320063284705,145.13240230808574,True,1758.6549,1641.2878,1758.6547,1641.2887,1736.5284,1644.0003,1736.5284,1644.0003,-37.90829163,145.13215136,1734.5349,1644.2444,-1272942443#1,True,1272942443#1,0,,False,22.2918,0.000000,emission=-23.376 transition=1.519 sigma=3.421 num_candidates=5.000,,22.2922,22.2922,22.2918,118.990,0.000,0.000,0.0,3.42,
2026-10-01T11:12:47.449,1790817166.017,2,st_wokal_ebike,st,False,-37.908320063284705,145.13240230808574,True,1758.6549,1641.2878,1758.6549,1641.2878,1736.5283,1643.9994,1736.5283,1643.9994,-37.90829164,145.13215135,1734.5348,1644.2435,-1272942443#1,True,1272942443#1,0,,False,22.2922,-9.065827,obs=0.011 trans=1.000 fs=0.011 ft=1.000,2,22.2922,22.2922,22.2922,105.441,0.000,0.000,0.0,3.42,
2026-10-01T11:12:47.449,1790817166.017,2,st_wkal_ebike,st,True,-37.908320063284705,145.13240230808574,True,1758.6549,1641.2878,1758.6547,1641.2887,1736.5284,1644.0003,1736.5284,1644.0003,-37.90829163,145.13215136,1734.5349,1644.2444,-1272942443#1,True,1272942443#1,0,,False,22.2918,-9.065808,obs=0.011 trans=1.000 fs=0.011 ft=1.000,2,22.2922,22.2922,22.2918,112.133,0.000,0.000,0.0,3.42,
2026-10-01T11:12:54.048,1790817172.716,3,native_wokal_ebike,native,False,-37.908322685053584,145.1324029786366,True,1758.7197,1640.9980,1758.7197,1640.9980,1736.4941,1643.7205,1736.4941,1643.7205,-37.90829415,145.13215090,1734.5006,1643.9646,-1272942443#1,True,1272942443#1,0,63.0285,False,,,,,22.3917,22.3917,22.3917,16.631,0.000,0.000,0.0,3.37,
2026-10-01T11:12:54.048,1790817172.716,3,native_wkal_ebike,native,True,-37.908322685053584,145.1324029786366,True,1758.7197,1640.9980,1758.7165,1641.0123,1736.4958,1643.7341,1736.4958,1643.7341,-37.90829403,145.13215092,1734.5023,1643.9782,-1272942443#1,True,1272942443#1,0,63.0147,False,,,,,22.3917,22.3917,22.3868,13.578,0.000,0.000,0.0,3.37,
2026-10-01T11:12:54.048,1790817172.716,3,topo_wokal_ebike,topo,False,-37.908322685053584,145.1324029786366,True,1758.7197,1640.9980,1758.7197,1640.9980,1736.4943,1643.7217,1736.4943,1643.7217,-37.90829414,145.13215090,1734.5008,1643.9658,-1272942443#1,True,1272942443#1,0,,False,22.3917,0.581272,prox=0.328 head=0.500 conn=1.000 turn=1.000,,22.3917,22.3917,22.3917,0.516,0.000,0.000,0.0,3.37,
2026-10-01T11:12:54.048,1790817172.716,3,topo_wkal_ebike,topo,True,-37.908322685053584,145.1324029786366,True,1758.7197,1640.9980,1758.7165,1641.0123,1736.4960,1643.7354,1736.4960,1643.7354,-37.90829402,145.13215093,1734.5024,1643.9795,-1272942443#1,True,1272942443#1,0,,False,22.3868,0.581336,prox=0.328 head=0.500 conn=1.000 turn=1.000,,22.3917,22.3917,22.3868,0.530,0.000,0.000,0.0,3.37,
2026-10-01T11:12:54.048,1790817172.716,3,fuzzy_wokal_ebike,fuzzy,False,-37.908322685053584,145.1324029786366,True,1758.7197,1640.9980,1758.7197,1640.9980,1734.5005,1643.9635,1734.5005,1643.9635,-37.90829160,145.13212829,1734.5005,1643.9635,-1272942443#1,False,-1272942443#1,0,,False,24.4001,50.000000,short=0.000 small=1.000 angle_diff=6.981 mode=following,,24.4001,24.4001,24.4001,0.116,0.000,0.000,0.0,3.37,
2026-10-01T11:12:54.048,1790817172.716,3,fuzzy_wkal_ebike,fuzzy,True,-37.908322685053584,145.1324029786366,True,1758.7197,1640.9980,1758.7165,1641.0123,1734.5022,1643.9772,1734.5022,1643.9772,-37.90829148,145.13212831,1734.5022,1643.9772,-1272942443#1,False,-1272942443#1,0,,False,24.3952,50.000000,short=0.000 small=1.000 angle_diff=6.981 mode=following,,24.4001,24.4001,24.3952,0.073,0.000,0.000,0.0,3.37,
2026-10-01T11:12:54.048,1790817172.716,3,hmm_wokal_ebike,hmm,False,-37.908322685053584,145.1324029786366,True,1758.7197,1640.9980,1758.7197,1640.9980,1736.4943,1643.7217,1736.4943,1643.7217,-37.90829414,145.13215090,1734.5008,1643.9658,-1272942443#1,True,1272942443#1,0,,False,22.3917,0.000000,emission=-24.171 transition=1.524 sigma=3.373 num_candidates=5.000,,22.3917,22.3917,22.3917,1.469,0.000,0.000,0.0,3.37,
2026-10-01T11:12:54.048,1790817172.716,3,hmm_wkal_ebike,hmm,True,-37.908322685053584,145.1324029786366,True,1758.7197,1640.9980,1758.7165,1641.0123,1736.4960,1643.7354,1736.4960,1643.7354,-37.90829402,145.13215093,1734.5024,1643.9795,-1272942443#1,True,1272942443#1,0,,False,22.3868,0.000000,emission=-24.161 transition=1.527 sigma=3.373 num_candidates=5.000,,22.3917,22.3917,22.3868,1.615,0.000,0.000,0.0,3.37,
2026-10-01T11:12:54.048,1790817172.716,3,st_wokal_ebike,st,False,-37.908322685053584,145.1324029786366,True,1758.7197,1640.9980,1758.7197,1640.9980,1736.4943,1643.7217,1736.4943,1643.7217,-37.90829414,145.13215090,1734.5008,1643.9658,-1272942443#1,True,1272942443#1,0,,False,22.3917,-13.607233,obs=0.011 trans=1.000 fs=0.011 ft=1.000,3,22.3917,22.3917,22.3917,2.093,0.000,0.000,0.0,3.37,
2026-10-01T11:12:54.048,1790817172.716,3,st_wkal_ebike,st,True,-37.908322685053584,145.1324029786366,True,1758.7197,1640.9980,1758.7165,1641.0123,1736.4960,1643.7354,1736.4960,1643.7354,-37.90829402,145.13215093,1734.5024,1643.9795,-1272942443#1,True,1272942443#1,0,,False,22.3868,-13.606940,obs=0.011 trans=1.000 fs=0.011 ft=1.000,3,22.3917,22.3917,22.3868,2.033,0.000,0.000,0.0,3.37,
2026-10-01T11:13:04.261,1790817184.017,4,native_wokal_ebike,native,False,-37.90832519796447,145.13240362879648,True,1758.7825,1640.7203,1758.7825,1640.7203,1736.4615,1643.4544,1736.4615,1643.4544,-37.90829654,145.13215047,1734.4680,1643.6985,-1272942443#1,True,1272942443#1,0,63.2965,False,,,,,22.4878,22.4878,22.4878,23.363,0.000,0.000,0.0,3.33,
2026-10-01T11:13:04.261,1790817184.017,4,native_wkal_ebike,native,True,-37.90832519796447,145.13240362879648,True,1758.7825,1640.7203,1758.7845,1640.7110,1736.4604,1643.4455,1736.4604,1643.4455,-37.90829662,145.13215046,1734.4669,1643.6896,-1272942443#1,True,1272942443#1,0,63.3055,False,,,,,22.4878,22.4878,22.4909,24.644,0.000,0.000,0.0,3.33,
2026-10-01T11:13:04.261,1790817184.017,4,topo_wokal_ebike,topo,False,-37.90832519796447,145.13240362879648,True,1758.7825,1640.7203,1758.7825,1640.7203,1736.4617,1643.4557,1736.4617,1643.4557,-37.90829653,145.13215047,1734.4682,1643.6998,-1272942443#1,True,1272942443#1,0,,False,22.4878,0.580020,prox=0.325 head=0.500 conn=1.000 turn=1.000,,22.4878,22.4878,22.4878,0.902,0.000,0.000,0.0,3.33,
2026-10-01T11:13:04.261,1790817184.017,4,topo_wkal_ebike,topo,True,-37.90832519796447,145.13240362879648,True,1758.7825,1640.7203,1758.7845,1640.7110,1736.4606,1643.4468,1736.4606,1643.4468,-37.90829661,145.13215046,1734.4671,1643.6909,-1272942443#1,True,1272942443#1,0,,False,22.4909,0.579979,prox=0.325 head=0.500 conn=1.000 turn=1.000,,22.4878,22.4878,22.4909,0.901,0.000,0.000,0.0,3.33,
2026-10-01T11:13:04.261,1790817184.017,4,fuzzy_wokal_ebike,fuzzy,False,-37.90832519796447,145.13240362879648,True,1758.7825,1640.7203,1758.7825,1640.7203,1734.4679,1643.6975,1734.4679,1643.6975,-37.90829399,145.13212786,1734.4679,1643.6975,-1272942443#1,False,-1272942443#1,0,,False,24.4962,50.000000,short=0.000 small=1.000 angle_diff=6.981 mode=following,,24.4962,24.4962,24.4962,0.107,0.000,0.000,0.0,3.33,
2026-10-01T11:13:04.261,1790817184.017,4,fuzzy_wkal_ebike,fuzzy,True,-37.90832519796447,145.13240362879648,True,1758.7825,1640.7203,1758.7845,1640.7110,1734.4668,1643.6886,1734.4668,1643.6886,-37.90829407,145.13212784,1734.4668,1643.6886,-1272942443#1,False,-1272942443#1,0,,False,24.4993,50.000000,short=0.000 small=1.000 angle_diff=6.981 mode=following,,24.4962,24.4962,24.4993,0.109,0.000,0.000,0.0,3.33,
2026-10-01T11:13:04.261,1790817184.017,4,hmm_wokal_ebike,hmm,False,-37.90832519796447,145.13240362879648,True,1758.7825,1640.7203,1758.7825,1640.7203,1736.4617,1643.4557,1736.4617,1643.4557,-37.90829653,145.13215047,1734.4682,1643.6998,-1272942443#1,True,1272942443#1,0,,False,22.4878,0.000000,emission=-24.955 transition=1.526 sigma=3.328 num_candidates=5.000,,22.4878,22.4878,22.4878,1.394,0.000,0.000,0.0,3.33,
2026-10-01T11:13:04.261,1790817184.017,4,hmm_wkal_ebike,hmm,True,-37.90832519796447,145.13240362879648,True,1758.7825,1640.7203,1758.7845,1640.7110,1736.4606,1643.4468,1736.4606,1643.4468,-37.90829661,145.13215046,1734.4671,1643.6909,-1272942443#1,True,1272942443#1,0,,False,22.4909,0.000000,emission=-24.961 transition=1.519 sigma=3.328 num_candidates=5.000,,22.4878,22.4878,22.4909,1.375,0.000,0.000,0.0,3.33,
2026-10-01T11:13:04.261,1790817184.017,4,st_wokal_ebike,st,False,-37.90832519796447,145.13240362879648,True,1758.7825,1640.7203,1758.7825,1640.7203,1736.4617,1643.4557,1736.4617,1643.4557,-37.90829653,145.13215047,1734.4682,1643.6998,-1272942443#1,True,1272942443#1,0,,False,22.4878,-18.154028,obs=0.011 trans=1.000 fs=0.011 ft=1.000,4,22.4878,22.4878,22.4878,1.629,0.000,0.000,0.0,3.33,
2026-10-01T11:13:04.261,1790817184.017,4,st_wkal_ebike,st,True,-37.90832519796447,145.13240362879648,True,1758.7825,1640.7203,1758.7845,1640.7110,1736.4606,1643.4468,1736.4606,1643.4468,-37.90829661,145.13215046,1734.4671,1643.6909,-1272942443#1,True,1272942443#1,0,,False,22.4909,-18.153913,obs=0.011 trans=1.000 fs=0.011 ft=1.000,4,22.4878,22.4878,22.4909,1.310,0.000,0.000,0.0,3.33,
2026-10-01T11:13:08.376,1790817187.72,5,native_wokal_ebike,native,False,-37.90832519797283,145.13240362879864,True,1758.7825,1640.7203,1758.7825,1640.7203,1736.4615,1643.4544,1736.4615,1643.4544,-37.90829654,145.13215047,1734.4680,1643.6985,-1272942443#1,True,1272942443#1,0,63.2965,False,,,,,22.4878,22.4878,22.4878,32.913,0.000,0.000,0.0,3.33,
2026-10-01T11:13:08.376,1790817187.72,5,native_wkal_ebike,native,True,-37.90832519797283,145.13240362879864,True,1758.7825,1640.7203,1758.7897,1640.6882,1736.4578,1643.4237,1736.4578,1643.4237,-37.90829682,145.13215042,1734.4643,1643.6677,-1272942443#1,True,1272942443#1,0,63.3275,False,,,,,22.4878,22.4878,22.4989,23.995,0.000,0.000,0.0,3.33,
2026-10-01T11:13:08.376,1790817187.72,5,topo_wokal_ebike,topo,False,-37.90832519797283,145.13240362879864,True,1758.7825,1640.7203,1758.7825,1640.7203,1736.4617,1643.4557,1736.4617,1643.4557,-37.90829653,145.13215047,1734.4682,1643.6998,-1272942443#1,True,1272942443#1,0,,False,22.4878,0.580020,prox=0.325 head=0.500 conn=1.000 turn=1.000,,22.4878,22.4878,22.4878,0.789,0.000,0.000,0.0,3.33,
2026-10-01T11:13:08.376,1790817187.72,5,topo_wkal_ebike,topo,True,-37.90832519797283,145.13240362879864,True,1758.7825,1640.7203,1758.7897,1640.6882,1736.4579,1643.4249,1736.4579,1643.4249,-37.90829680,145.13215042,1734.4644,1643.6690,-1272942443#1,True,1272942443#1,0,,False,22.4989,0.579876,prox=0.325 head=0.500 conn=1.000 turn=1.000,,22.4878,22.4878,22.4989,0.593,0.000,0.000,0.0,3.33,
2026-10-01T11:13:08.376,1790817187.72,5,fuzzy_wokal_ebike,fuzzy,False,-37.90832519797283,145.13240362879864,True,1758.7825,1640.7203,1758.7825,1640.7203,1734.4679,1643.6975,1734.4679,1643.6975,-37.90829399,145.13212786,1734.4679,1643.6975,-1272942443#1,False,-1272942443#1,0,,False,24.4962,50.000000,short=0.000 small=1.000 angle_diff=6.981 mode=following,,24.4962,24.4962,24.4962,0.085,0.000,0.000,0.0,3.33,
2026-10-01T11:13:08.376,1790817187.72,5,fuzzy_wkal_ebike,fuzzy,True,-37.90832519797283,145.13240362879864,True,1758.7825,1640.7203,1758.7897,1640.6882,1734.4641,1643.6667,1734.4641,1643.6667,-37.90829427,145.13212781,1734.4641,1643.6667,-1272942443#1,False,-1272942443#1,0,,False,24.5072,50.000000,short=0.000 small=1.000 angle_diff=6.981 mode=following,,24.4962,24.4962,24.5072,0.073,0.000,0.000,0.0,3.33,
2026-10-01T11:13:08.376,1790817187.72,5,hmm_wokal_ebike,hmm,False,-37.90832519797283,145.13240362879864,True,1758.7825,1640.7203,1758.7825,1640.7203,1736.4617,1643.4557,1736.4617,1643.4557,-37.90829653,145.13215047,1734.4682,1643.6998,-1272942443#1,True,1272942443#1,0,,False,22.4878,0.000000,emission=-24.952 transition=1.609 sigma=3.328 num_candidates=5.000,,22.4878,22.4878,22.4878,0.849,0.000,0.000,0.0,3.33,
2026-10-01T11:13:08.376,1790817187.72,5,hmm_wkal_ebike,hmm,True,-37.90832519797283,145.13240362879864,True,1758.7825,1640.7203,1758.7897,1640.6882,1736.4579,1643.4249,1736.4579,1643.4249,-37.90829680,145.13215042,1734.4644,1643.6690,-1272942443#1,True,1272942443#1,0,,False,22.4989,0.000000,emission=-24.974 transition=1.603 sigma=3.328 num_candidates=5.000,,22.4878,22.4878,22.4989,0.881,0.000,0.000,0.0,3.33,
2026-10-01T11:13:08.376,1790817187.72,5,st_wokal_ebike,st,False,-37.90832519797283,145.13240362879864,True,1758.7825,1640.7203,1758.7825,1640.7203,1736.4617,1643.4557,1736.4617,1643.4557,-37.90829653,145.13215047,1734.4682,1643.6998,-1272942443#1,True,1272942443#1,0,,False,22.4878,-22.700824,obs=0.011 trans=1.000 fs=0.011 ft=1.000,5,22.4878,22.4878,22.4878,1.536,0.000,0.000,0.0,3.33,
2026-10-01T11:13:08.376,1790817187.72,5,st_wkal_ebike,st,True,-37.90832519797283,145.13240362879864,True,1758.7825,1640.7203,1758.7897,1640.6882,1736.4579,1643.4249,1736.4579,1643.4249,-37.90829680,145.13215042,1734.4644,1643.6690,-1272942443#1,True,1272942443#1,0,,False,22.4989,-22.701332,obs=0.011 trans=1.000 fs=0.011 ft=1.000,5,22.4878,22.4878,22.4989,1.475,0.000,0.000,0.0,3.33,
2026-10-01T11:13:16.550,1790817196.015,6,native_wokal_ebike,native,False,-37.90832760801157,145.1324042591064,True,1758.8432,1640.4540,1758.8432,1640.4540,1736.4303,1643.1994,1736.4303,1643.1994,-37.90829883,145.13215006,1734.4368,1643.4435,-1272942443#1,True,1272942443#1,0,63.5534,False,,,,,22.5805,22.5805,22.5805,21.754,0.000,0.000,0.0,3.28,
2026-10-01T11:13:16.550,1790817196.015,6,native_wkal_ebike,native,True,-37.90832760801157,145.1324042591064,True,1758.8432,1640.4540,1758.8406,1640.4654,1736.4316,1643.2103,1736.4316,1643.2103,-37.90829873,145.13215007,1734.4381,1643.4544,-1272942443#1,True,1272942443#1,0,63.5425,False,,,,,22.5805,22.5805,22.5765,19.752,0.000,0.000,0.0,3.28,
2026-10-01T11:13:16.550,1790817196.015,6,topo_wokal_ebike,topo,False,-37.90832760801157,145.1324042591064,True,1758.8432,1640.4540,1758.8432,1640.4540,1736.4304,1643.2007,1736.4304,1643.2007,-37.90829882,145.13215006,1734.4370,1643.4448,-1272942443#1,True,1272942443#1,0,,False,22.5805,0.578818,prox=0.322 head=0.500 conn=1.000 turn=1.000,,22.5805,22.5805,22.5805,0.684,0.000,0.000,0.0,3.28,
2026-10-01T11:13:16.550,1790817196.015,6,topo_wkal_ebike,topo,True,-37.90832760801157,145.1324042591064,True,1758.8432,1640.4540,1758.8406,1640.4654,1736.4318,1643.2116,1736.4318,1643.2116,-37.90829872,145.13215008,1734.4383,1643.4557,-1272942443#1,True,1272942443#1,0,,False,22.5765,0.578870,prox=0.322 head=0.500 conn=1.000 turn=1.000,,22.5805,22.5805,22.5765,0.526,0.000,0.000,0.0,3.28,
2026-10-01T11:13:16.550,1790817196.015,6,fuzzy_wokal_ebike,fuzzy,False,-37.90832760801157,145.1324042591064,True,1758.8432,1640.4540,1758.8432,1640.4540,1734.4367,1643.4425,1734.4367,1643.4425,-37.90829628,145.13212745,1734.4367,1643.4425,-1272942443#1,False,-1272942443#1,0,,False,24.5888,50.000000,short=0.000 small=1.000 angle_diff=6.981 mode=following,,24.5888,24.5888,24.5888,0.085,0.000,0.000,0.0,3.28,
2026-10-01T11:13:16.550,1790817196.015,6,fuzzy_wkal_ebike,fuzzy,True,-37.90832760801157,145.1324042591064,True,1758.8432,1640.4540,1758.8406,1640.4654,1734.4380,1643.4534,1734.4380,1643.4534,-37.90829618,145.13212746,1734.4380,1643.4534,-1272942443#1,False,-1272942443#1,0,,False,24.5848,50.000000,short=0.000 small=1.000 angle_diff=6.981 mode=following,,24.5888,24.5888,24.5848,0.076,0.000,0.000,0.0,3.28,
2026-10-01T11:13:16.550,1790817196.015,6,hmm_wokal_ebike,hmm,False,-37.90832760801157,145.1324042591064,True,1758.8432,1640.4540,1758.8432,1640.4540,1736.4304,1643.2007,1736.4304,1643.2007,-37.90829882,145.13215006,1734.4370,1643.4448,-1272942443#1,True,1272942443#1,0,,False,22.5805,0.000000,emission=-25.750 transition=1.528 sigma=3.284 num_candidates=5.000,,22.5805,22.5805,22.5805,0.824,0.000,0.000,0.0,3.28,
2026-10-01T11:13:16.550,1790817196.015,6,hmm_wkal_ebike,hmm,True,-37.90832760801157,145.1324042591064,True,1758.8432,1640.4540,1758.8406,1640.4654,1736.4318,1643.2116,1736.4318,1643.2116,-37.90829872,145.13215008,1734.4383,1643.4557,-1272942443#1,True,1272942443#1,0,,False,22.5765,0.000000,emission=-25.742 transition=1.542 sigma=3.284 num_candidates=5.000,,22.5805,22.5805,22.5765,0.821,0.000,0.000,0.0,3.28,
2026-10-01T11:13:16.550,1790817196.015,6,st_wokal_ebike,st,False,-37.90832760801157,145.1324042591064,True,1758.8432,1640.4540,1758.8432,1640.4540,1736.4304,1643.2007,1736.4304,1643.2007,-37.90829882,145.13215006,1734.4370,1643.4448,-1272942443#1,True,1272942443#1,0,,False,22.5805,-27.252842,obs=0.011 trans=1.000 fs=0.011 ft=1.000,6,22.5805,22.5805,22.5805,1.528,0.000,0.000,0.0,3.28,
2026-10-01T11:13:16.550,1790817196.015,6,st_wkal_ebike,st,True,-37.90832760801157,145.1324042591064,True,1758.8432,1640.4540,1758.8406,1640.4654,1736.4318,1643.2116,1736.4318,1643.2116,-37.90829872,145.13215008,1734.4383,1643.4557,-1272942443#1,True,1272942443#1,0,,False,22.5765,-27.253124,obs=0.011 trans=1.000 fs=0.011 ft=1.000,6,22.5805,22.5805,22.5765,1.514,0.000,0.000,0.0,3.28,
2026-10-01T11:13:24.674,1790817202.726,7,native_wokal_ebike,native,False,-37.90832989244296,145.1324048565635,True,1758.9008,1640.2016,1758.9008,1640.2016,1736.4006,1642.9576,1736.4006,1642.9576,-37.90830100,145.13214966,1734.4072,1643.2017,-1272942443#1,True,1272942443#1,0,63.7970,False,,,,,22.6684,22.6684,22.6684,25.284,0.000,0.000,0.0,3.24,
2026-10-01T11:13:24.674,1790817202.726,7,native_wkal_ebike,native,True,-37.90832989244296,145.1324048565635,True,1758.9008,1640.2016,1758.8976,1640.2157,1736.4023,1642.9712,1736.4023,1642.9712,-37.90830088,145.13214969,1734.4089,1643.2153,-1272942443#1,True,1272942443#1,0,63.7834,False,,,,,22.6684,22.6684,22.6634,26.822,0.000,0.000,0.0,3.24,
2026-10-01T11:13:24.674,1790817202.726,7,topo_wokal_ebike,topo,False,-37.90832989244296,145.1324048565635,True,1758.9008,1640.2016,1758.9008,1640.2016,1736.4008,1642.9589,1736.4008,1642.9589,-37.90830099,145.13214967,1734.4074,1643.2030,-1272942443#1,True,1272942443#1,0,,False,22.6684,0.577685,prox=0.319 head=0.500 conn=1.000 turn=1.000,,22.6684,22.6684,22.6684,0.688,0.000,0.000,0.0,3.24,
2026-10-01T11:13:24.674,1790817202.726,7,topo_wkal_ebike,topo,True,-37.90832989244296,145.1324048565635,True,1758.9008,1640.2016,1758.8976,1640.2157,1736.4025,1642.9725,1736.4025,1642.9725,-37.90830087,145.13214969,1734.4090,1643.2165,-1272942443#1,True,1272942443#1,0,,False,22.6634,0.577748,prox=0.319 head=0.500 conn=1.000 turn=1.000,,22.6684,22.6684,22.6634,0.587,0.000,0.000,0.0,3.24,
2026-10-01T11:13:24.674,1790817202.726,7,fuzzy_wokal_ebike,fuzzy,False,-37.90832989244296,145.1324048565635,True,1758.9008,1640.2016,1758.9008,1640.2016,1734.4071,1643.2007,1734.4071,1643.2007,-37.90829845,145.13212705,1734.4071,1643.2007,-1272942443#1,False,-1272942443#1,0,,False,24.6767,50.000000,short=0.000 small=1.000 angle_diff=6.981 mode=following,,24.6767,24.6767,24.6767,0.109,0.000,0.000,0.0,3.24,
2026-10-01T11:13:24.674,1790817202.726,7,fuzzy_wkal_ebike,fuzzy,True,-37.90832989244296,145.1324048565635,True,1758.9008,1640.2016,1758.8976,1640.2157,1734.4087,1643.2142,1734.4087,1643.2142,-37.90829833,145.13212708,1734.4087,1643.2142,-1272942443#1,False,-1272942443#1,0,,False,24.6718,50.000000,short=0.000 small=1.000 angle_diff=6.981 mode=following,,24.6767,24.6767,24.6718,0.110,0.000,0.000,0.0,3.24,
2026-10-01T11:13:24.674,1790817202.726,7,hmm_wokal_ebike,hmm,False,-37.90832989244296,145.1324048565635,True,1758.9008,1640.2016,1758.9008,1640.2016,1736.4008,1642.9589,1736.4008,1642.9589,-37.90830099,145.13214967,1734.4074,1643.2030,-1272942443#1,True,1272942443#1,0,,False,22.6684,0.000000,emission=-26.554 transition=1.533 sigma=3.241 num_candidates=5.000,,22.6684,22.6684,22.6684,6.298,0.000,0.000,0.0,3.24,
2026-10-01T11:13:24.674,1790817202.726,7,hmm_wkal_ebike,hmm,True,-37.90832989244296,145.1324048565635,True,1758.9008,1640.2016,1758.8976,1640.2157,1736.4025,1642.9725,1736.4025,1642.9725,-37.90830087,145.13214969,1734.4090,1643.2165,-1272942443#1,True,1272942443#1,0,,False,22.6634,0.000000,emission=-26.544 transition=1.533 sigma=3.241 num_candidates=5.000,,22.6684,22.6684,22.6634,5.504,0.000,0.000,0.0,3.24,
2026-10-01T11:13:24.674,1790817202.726,7,st_wokal_ebike,st,False,-37.90832989244296,145.1324048565635,True,1758.9008,1640.2016,1758.9008,1640.2016,1736.4008,1642.9589,1736.4008,1642.9589,-37.90830099,145.13214967,1734.4074,1643.2030,-1272942443#1,True,1272942443#1,0,,False,22.6684,-31.809832,obs=0.010 trans=1.000 fs=0.010 ft=1.000,7,22.6684,22.6684,22.6684,5.714,0.000,0.000,0.0,3.24,
2026-10-01T11:13:24.674,1790817202.726,7,st_wkal_ebike,st,True,-37.90832989244296,145.1324048565635,True,1758.9008,1640.2016,1758.8976,1640.2157,1736.4025,1642.9725,1736.4025,1642.9725,-37.90830087,145.13214969,1734.4090,1643.2165,-1272942443#1,True,1272942443#1,0,,False,22.6634,-31.809834,obs=0.010 trans=1.000 fs=0.010 ft=1.000,7,22.6684,22.6684,22.6634,6.498,0.000,0.000,0.0,3.24,
2026-10-01T11:13:32.854,1790817212.518,8,native_wokal_ebike,native,False,-37.90832991153466,145.13240482877873,True,1758.8984,1640.1994,1758.8984,1640.1994,1736.4003,1642.9552,1736.4003,1642.9552,-37.90830103,145.13214966,1734.4069,1643.1993,-1272942443#1,True,1272942443#1,0,63.7994,False,,,,,22.6662,22.6662,22.6662,29.009,0.000,0.000,0.0,3.24,
2026-10-01T11:13:32.854,1790817212.518,8,native_wkal_ebike,native,True,-37.90832991153466,145.13240482877873,True,1758.8984,1640.1994,1758.9052,1640.1708,1736.3970,1642.9279,1736.3970,1642.9279,-37.90830127,145.13214962,1734.4036,1643.1720,-1272942443#1,True,1272942443#1,0,63.8270,False,,,,,22.6663,22.6663,22.6765,27.392,0.000,0.000,0.0,3.24,
2026-10-01T11:13:32.854,1790817212.518,8,topo_wokal_ebike,topo,False,-37.90832991153466,145.13240482877873,True,1758.8984,1640.1994,1758.8984,1640.1994,1736.4005,1642.9565,1736.4005,1642.9565,-37.90830101,145.13214966,1734.4071,1643.2006,-1272942443#1,True,1272942443#1,0,,False,22.6662,0.577712,prox=0.319 head=0.500 conn=1.000 turn=1.000,,22.6662,22.6662,22.6662,0.599,0.000,0.000,0.0,3.24,
2026-10-01T11:13:32.854,1790817212.518,8,topo_wkal_ebike,topo,True,-37.90832991153466,145.13240482877873,True,1758.8984,1640.1994,1758.9052,1640.1708,1736.3972,1642.9292,1736.3972,1642.9292,-37.90830126,145.13214962,1734.4037,1643.1733,-1272942443#1,True,1272942443#1,0,,False,22.6765,0.577581,prox=0.319 head=0.500 conn=1.000 turn=1.000,,22.6663,22.6663,22.6765,0.781,0.000,0.000,0.0,3.24,
2026-10-01T11:13:32.854,1790817212.518,8,fuzzy_wokal_ebike,fuzzy,False,-37.90832991153466,145.13240482877873,True,1758.8984,1640.1994,1758.8984,1640.1994,1734.4068,1643.1983,1734.4068,1643.1983,-37.90829848,145.13212705,1734.4068,1643.1983,-1272942443#1,False,-1272942443#1,0,,False,24.6746,50.000000,short=0.000 small=1.000 angle_diff=6.981 mode=following,,24.6746,24.6746,24.6746,0.101,0.000,0.000,0.0,3.24,
2026-10-01T11:13:32.854,1790817212.518,8,fuzzy_wkal_ebike,fuzzy,True,-37.90832991153466,145.13240482877873,True,1758.8984,1640.1994,1758.9052,1640.1708,1734.4034,1643.1709,1734.4034,1643.1709,-37.90829872,145.13212701,1734.4034,1643.1709,-1272942443#1,False,-1272942443#1,0,,False,24.6848,50.000000,short=0.000 small=1.000 angle_diff=6.981 mode=following,,24.6746,24.6746,24.6848,0.113,0.000,0.000,0.0,3.24,
2026-10-01T11:13:32.854,1790817212.518,8,hmm_wokal_ebike,hmm,False,-37.90832991153466,145.13240482877873,True,1758.8984,1640.1994,1758.8984,1640.1994,1736.4005,1642.9565,1736.4005,1642.9565,-37.90830101,145.13214966,1734.4071,1643.2006,-1272942443#1,True,1272942443#1,0,,False,22.6662,0.000000,emission=-26.528 transition=1.605 sigma=3.242 num_candidates=5.000,,22.6662,22.6662,22.6662,31.753,0.000,0.000,0.0,3.24,
2026-10-01T11:13:32.854,1790817212.518,8,hmm_wkal_ebike,hmm,True,-37.90832991153466,145.13240482877873,True,1758.8984,1640.1994,1758.9052,1640.1708,1736.3972,1642.9292,1736.3972,1642.9292,-37.90830126,145.13214962,1734.4037,1643.1733,-1272942443#1,True,1272942443#1,0,,False,22.6765,0.000000,emission=-26.550 transition=1.600 sigma=3.242 num_candidates=5.000,,22.6663,22.6663,22.6765,23.562,0.000,0.000,0.0,3.24,
2026-10-01T11:13:32.854,1790817212.518,8,st_wokal_ebike,st,False,-37.90832991153466,145.13240482877873,True,1758.8984,1640.1994,1758.8984,1640.1994,1736.4005,1642.9565,1736.4005,1642.9565,-37.90830101,145.13214966,1734.4071,1643.2006,-1272942443#1,True,1272942443#1,0,,False,22.6662,-36.366701,obs=0.010 trans=1.000 fs=0.010 ft=1.000,8,22.6662,22.6662,22.6662,25.605,0.000,0.000,0.0,3.24,
2026-10-01T11:13:32.854,1790817212.518,8,st_wkal_ebike,st,True,-37.90832991153466,145.13240482877873,True,1758.8984,1640.1994,1758.9052,1640.1708,1736.3972,1642.9292,1736.3972,1642.9292,-37.90830126,145.13214962,1734.4037,1643.1733,-1272942443#1,True,1272942443#1,0,,False,22.6765,-36.367282,obs=0.010 trans=1.000 fs=0.010 ft=1.000,8,22.6663,22.6663,22.6765,20.827,0.000,0.000,0.0,3.24,
2026-10-01T11:13:35.071,1790817214.016,9,native_wokal_ebike,native,False,-37.90833210819165,145.13240541012257,True,1758.9544,1639.9567,1758.9544,1639.9567,1736.3719,1642.7228,1736.3719,1642.7228,-37.90830311,145.13214928,1734.3784,1642.9669,-1272942443#1,True,1272942443#1,0,64.0336,False,,,,,22.7514,22.7514,22.7514,26.331,0.000,0.000,0.0,3.20,
2026-10-01T11:13:35.071,1790817214.016,9,native_wkal_ebike,native,True,-37.90833210819165,145.13240541012257,True,1758.9544,1639.9567,1758.9340,1640.0448,1736.3822,1642.8072,1736.3822,1642.8072,-37.90830236,145.13214942,1734.3888,1643.0513,-1272942443#1,True,1272942443#1,0,63.9486,False,,,,,22.7515,22.7515,22.7204,21.686,0.000,0.000,0.0,3.20,
2026-10-01T11:13:35.071,1790817214.016,9,topo_wokal_ebike,topo,False,-37.90833210819165,145.13240541012257,True,1758.9544,1639.9567,1758.9544,1639.9567,1736.3720,1642.7241,1736.3720,1642.7241,-37.90830310,145.13214929,1734.3786,1642.9682,-1272942443#1,True,1272942443#1,0,,False,22.7514,0.576620,prox=0.317 head=0.500 conn=1.000 turn=1.000,,22.7514,22.7514,22.7514,1.051,0.000,0.000,0.0,3.20,
2026-10-01T11:13:35.071,1790817214.016,9,topo_wkal_ebike,topo,True,-37.90833210819165,145.13240541012257,True,1758.9544,1639.9567,1758.9340,1640.0448,1736.3824,1642.8085,1736.3824,1642.8085,-37.90830234,145.13214942,1734.3889,1643.0525,-1272942443#1,True,1272942443#1,0,,False,22.7204,0.577017,prox=0.318 head=0.500 conn=1.000 turn=1.000,,22.7515,22.7515,22.7204,0.590,0.000,0.000,0.0,3.20,
2026-10-01T11:13:35.071,1790817214.016,9,fuzzy_wokal_ebike,fuzzy,False,-37.90833210819165,145.13240541012257,True,1758.9544,1639.9567,1758.9544,1639.9567,1734.3783,1642.9659,1734.3783,1642.9659,-37.90830056,145.13212667,1734.3783,1642.9659,-1272942443#1,False,-1272942443#1,0,,False,24.7597,50.000000,short=0.000 small=1.000 angle_diff=6.981 mode=following,,24.7597,24.7597,24.7597,0.109,0.000,0.000,0.0,3.20,
2026-10-01T11:13:35.071,1790817214.016,9,fuzzy_wkal_ebike,fuzzy,True,-37.90833210819165,145.13240541012257,True,1758.9544,1639.9567,1758.9340,1640.0448,1734.3886,1643.0502,1734.3886,1643.0502,-37.90829981,145.13212681,1734.3886,1643.0502,-1272942443#1,False,-1272942443#1,0,,False,24.7287,50.000000,short=0.000 small=1.000 angle_diff=6.981 mode=following,,24.7598,24.7598,24.7287,0.079,0.000,0.000,0.0,3.20,
2026-10-01T11:13:35.071,1790817214.016,9,hmm_wokal_ebike,hmm,False,-37.90833210819165,145.13240541012257,True,1758.9544,1639.9567,1758.9544,1639.9567,1736.3720,1642.7241,1736.3720,1642.7241,-37.90830310,145.13214929,1734.3786,1642.9682,-1272942443#1,True,1272942443#1,0,,False,22.7514,0.000000,emission=-27.346 transition=1.534 sigma=3.201 num_candidates=5.000,,22.7514,22.7514,22.7514,0.859,0.000,0.000,0.0,3.20,
2026-10-01T11:13:35.071,1790817214.016,9,hmm_wkal_ebike,hmm,True,-37.90833210819165,145.13240541012257,True,1758.9544,1639.9567,1758.9340,1640.0448,1736.3824,1642.8085,1736.3824,1642.8085,-37.90830234,145.13214942,1734.3889,1643.0525,-1272942443#1,True,1272942443#1,0,,False,22.7204,0.000000,emission=-27.277 transition=1.571 sigma=3.201 num_candidates=5.000,,22.7515,22.7515,22.7204,0.853,0.000,0.000,0.0,3.20,
2026-10-01T11:13:35.071,1790817214.016,9,st_wokal_ebike,st,False,-37.90833210819165,145.13240541012257,True,1758.9544,1639.9567,1758.9544,1639.9567,1736.3720,1642.7241,1736.3720,1642.7241,-37.90830310,145.13214929,1734.3786,1642.9682,-1272942443#1,True,1272942443#1,0,,False,22.7514,-36.398422,obs=0.010 trans=1.000 fs=0.010 ft=1.000,8,22.7514,22.7514,22.7514,2.872,0.000,0.000,0.0,3.20,
2026-10-01T11:13:35.071,1790817214.016,9,st_wkal_ebike,st,True,-37.90833210819165,145.13240541012257,True,1758.9544,1639.9567,1758.9340,1640.0448,1736.3824,1642.8085,1736.3824,1642.8085,-37.90830234,145.13214942,1734.3889,1643.0525,-1272942443#1,True,1272942443#1,0,,False,22.7204,-36.397241,obs=0.010 trans=1.000 fs=0.010 ft=1.000,8,22.7515,22.7515,22.7204,2.811,0.000,0.000,0.0,3.20,
2026-10-01T11:13:39.200,1790817218.082,10,native_wokal_ebike,native,False,-37.90832457146834,145.13240342809257,True,1758.7634,1640.7895,1758.7634,1640.7895,1736.4696,1643.5203,1736.4696,1643.5203,-37.90829595,145.13215058,1734.4761,1643.7644,-1272942443#1,True,1272942443#1,0,63.2301,False,,,,,22.4605,22.4605,22.4605,26.874,0.000,0.000,0.0,3.24,
2026-10-01T11:13:39.200,1790817218.082,10,native_wkal_ebike,native,True,-37.90832457146834,145.13240342809257,True,1758.7634,1640.7895,1758.8227,1640.5294,1736.4391,1643.2712,1736.4391,1643.2712,-37.90829819,145.13215017,1734.4456,1643.5153,-1272942443#1,True,1272942443#1,0,63.4811,False,,,,,22.4619,22.4619,22.5509,21.177,0.000,0.000,0.0,3.24,
2026-10-01T11:13:39.200,1790817218.082,10,topo_wokal_ebike,topo,False,-37.90832457146834,145.13240342809257,True,1758.7634,1640.7895,1758.7634,1640.7895,1736.4697,1643.5216,1736.4697,1643.5216,-37.90829594,145.13215058,1734.4762,1643.7656,-1272942443#1,True,1272942443#1,0,,False,22.4605,0.580375,prox=0.326 head=0.500 conn=1.000 turn=1.000,,22.4605,22.4605,22.4605,0.585,0.000,0.000,0.0,3.24,
2026-10-01T11:13:39.200,1790817218.082,10,topo_wkal_ebike,topo,True,-37.90832457146834,145.13240342809257,True,1758.7634,1640.7895,1758.8227,1640.5294,1736.4392,1643.2725,1736.4392,1643.2725,-37.90829817,145.13215018,1734.4457,1643.5166,-1272942443#1,True,1272942443#1,0,,False,22.5509,0.579200,prox=0.323 head=0.500 conn=1.000 turn=1.000,,22.4619,22.4619,22.5509,0.527,0.000,0.000,0.0,3.24,
2026-10-01T11:13:39.200,1790817218.082,10,fuzzy_wokal_ebike,fuzzy,False,-37.90832457146834,145.13240342809257,True,1758.7634,1640.7895,1758.7634,1640.7895,1734.4760,1643.7634,1734.4760,1643.7634,-37.90829340,145.13212797,1734.4760,1643.7634,-1272942443#1,False,-1272942443#1,0,,False,24.4688,50.000000,short=0.000 small=1.000 angle_diff=6.981 mode=following,,24.4688,24.4688,24.4688,0.078,0.000,0.000,0.0,3.24,
2026-10-01T11:13:39.200,1790817218.082,10,fuzzy_wkal_ebike,fuzzy,True,-37.90832457146834,145.13240342809257,True,1758.7634,1640.7895,1758.8227,1640.5294,1734.4455,1643.5143,1734.4455,1643.5143,-37.90829564,145.13212756,1734.4455,1643.5143,-1272942443#1,False,-1272942443#1,0,,False,24.5593,50.000000,short=0.000 small=1.000 angle_diff=6.981 mode=following,,24.4701,24.4701,24.5593,0.071,0.000,0.000,0.0,3.24,
2026-10-01T11:13:39.200,1790817218.082,10,hmm_wokal_ebike,hmm,False,-37.90832457146834,145.13240342809257,True,1758.7634,1640.7895,1758.7634,1640.7895,1736.4697,1643.5216,1736.4697,1643.5216,-37.90829594,145.13215058,1734.4762,1643.7656,-1272942443#1,True,1272942443#1,0,,False,22.4605,0.000000,emission=-26.088 transition=1.354 sigma=3.242 num_candidates=5.000,,22.4605,22.4605,22.4605,17.399,0.000,0.000,0.0,3.24,
2026-10-01T11:13:39.200,1790817218.082,10,hmm_wkal_ebike,hmm,True,-37.90832457146834,145.13240342809257,True,1758.7634,1640.7895,1758.8227,1640.5294,1736.4392,1643.2725,1736.4392,1643.2725,-37.90829817,145.13215018,1734.4457,1643.5166,-1272942443#1,True,1272942443#1,0,,False,22.5509,0.000000,emission=-26.282 transition=1.461 sigma=3.242 num_candidates=5.000,,22.4619,22.4619,22.5509,16.666,0.000,0.000,0.0,3.24,
2026-10-01T11:13:39.200,1790817218.082,10,st_wokal_ebike,st,False,-37.90832457146834,145.13240342809257,True,1758.7634,1640.7895,1758.7634,1640.7895,1736.4697,1643.5216,1736.4697,1643.5216,-37.90829594,145.13215058,1734.4762,1643.7656,-1272942443#1,True,1272942443#1,0,,False,22.4605,-36.407836,obs=0.011 trans=1.000 fs=0.011 ft=1.000,8,22.4605,22.4605,22.4605,19.026,0.000,0.000,0.0,3.24,
2026-10-01T11:13:39.200,1790817218.082,10,st_wkal_ebike,st,True,-37.90832457146834,145.13240342809257,True,1758.7634,1640.7895,1758.8227,1640.5294,1736.4392,1643.2725,1736.4392,1643.2725,-37.90829817,145.13215018,1734.4457,1643.5166,-1272942443#1,True,1272942443#1,0,,False,22.5509,-36.411765,obs=0.011 trans=1.000 fs=0.011 ft=1.000,8,22.4619,22.4619,22.5509,20.824,0.000,0.000,0.0,3.24,
2026-10-01T11:13:51.521,1790817229.015,11,native_wokal_ebike,native,False,-37.90832166882527,145.13240266591623,True,1758.6900,1641.1102,1758.6900,1641.1102,1736.5072,1643.8274,1736.5072,1643.8274,-37.90829319,145.13215107,1734.5137,1644.0715,-1272942443#1,True,1272942443#1,0,62.9207,False,,,,,22.3485,22.3485,22.3485,26.419,0.000,0.000,0.0,3.20,
2026-10-01T11:13:51.521,1790817229.015,11,native_wkal_ebike,native,True,-37.90832166882527,145.13240266591623,True,1758.6900,1641.1102,1758.6867,1641.1238,1736.5088,1643.8404,1736.5088,1643.8404,-37.90829307,145.13215110,1734.5153,1644.0845,-1272942443#1,True,1272942443#1,0,62.9077,False,,,,,22.3485,22.3485,22.3437,21.526,0.000,0.000,0.0,3.20,
2026-10-01T11:13:51.521,1790817229.015,11,topo_wokal_ebike,topo,False,-37.90832166882527,145.13240266591623,True,1758.6900,1641.1102,1758.6900,1641.1102,1736.5074,1643.8287,1736.5074,1643.8287,-37.90829318,145.13215108,1734.5139,1644.0728,-1272942443#1,True,1272942443#1,0,,False,22.3485,0.581836,prox=0.330 head=0.500 conn=1.000 turn=1.000,,22.3485,22.3485,22.3485,0.612,0.000,0.000,0.0,3.20,
2026-10-01T11:13:51.521,1790817229.015,11,topo_wkal_ebike,topo,True,-37.90832166882527,145.13240266591623,True,1758.6900,1641.1102,1758.6867,1641.1238,1736.5090,1643.8417,1736.5090,1643.8417,-37.90829306,145.13215110,1734.5154,1644.0857,-1272942443#1,True,1272942443#1,0,,False,22.3437,0.581900,prox=0.330 head=0.500 conn=1.000 turn=1.000,,22.3485,22.3485,22.3437,0.566,0.000,0.000,0.0,3.20,
2026-10-01T11:13:51.521,1790817229.015,11,fuzzy_wokal_ebike,fuzzy,False,-37.90832166882527,145.13240266591623,True,1758.6900,1641.1102,1758.6900,1641.1102,1734.5136,1644.0705,1734.5136,1644.0705,-37.90829064,145.13212846,1734.5136,1644.0705,-1272942443#1,False,-1272942443#1,0,,False,24.3569,50.000000,short=0.000 small=1.000 angle_diff=6.981 mode=following,,24.3569,24.3569,24.3569,0.081,0.000,0.000,0.0,3.20,
2026-10-01T11:13:51.521,1790817229.015,11,fuzzy_wkal_ebike,fuzzy,True,-37.90832166882527,145.13240266591623,True,1758.6900,1641.1102,1758.6867,1641.1238,1734.5152,1644.0835,1734.5152,1644.0835,-37.90829052,145.13212848,1734.5152,1644.0835,-1272942443#1,False,-1272942443#1,0,,False,24.3521,50.000000,short=0.000 small=1.000 angle_diff=6.981 mode=following,,24.3570,24.3570,24.3521,0.071,0.000,0.000,0.0,3.20,
2026-10-01T11:13:51.521,1790817229.015,11,hmm_wokal_ebike,hmm,False,-37.90832166882527,145.13240266591623,True,1758.6900,1641.1102,1758.6900,1641.1102,1736.5074,1643.8287,1736.5074,1643.8287,-37.90829318,145.13215108,1734.5139,1644.0728,-1272942443#1,True,1272942443#1,0,,False,22.3485,0.000000,emission=-26.435 transition=1.511 sigma=3.202 num_candidates=5.000,,22.3485,22.3485,22.3485,1.043,0.000,0.000,0.0,3.20,
2026-10-01T11:13:51.521,1790817229.015,11,hmm_wkal_ebike,hmm,True,-37.90832166882527,145.13240266591623,True,1758.6900,1641.1102,1758.6867,1641.1238,1736.5090,1643.8417,1736.5090,1643.8417,-37.90829306,145.13215110,1734.5154,1644.0857,-1272942443#1,True,1272942443#1,0,,False,22.3437,0.000000,emission=-26.424 transition=1.428 sigma=3.202 num_candidates=5.000,,22.3485,22.3485,22.3437,0.818,0.000,0.000,0.0,3.20,
2026-10-01T11:13:51.521,1790817229.015,11,st_wokal_ebike,st,False,-37.90832166882527,145.13240266591623,True,1758.6900,1641.1102,1758.6900,1641.1102,1736.5074,1643.8287,1736.5074,1643.8287,-37.90829318,145.13215108,1734.5139,1644.0728,-1272942443#1,True,1272942443#1,0,,False,22.3485,-36.405421,obs=0.011 trans=1.000 fs=0.011 ft=1.000,8,22.3485,22.3485,22.3485,1.956,0.000,0.000,0.0,3.20,
2026-10-01T11:13:51.521,1790817229.015,11,st_wkal_ebike,st,True,-37.90832166882527,145.13240266591623,True,1758.6900,1641.1102,1758.6867,1641.1238,1736.5090,1643.8417,1736.5090,1643.8417,-37.90829306,145.13215110,1734.5154,1644.0857,-1272942443#1,True,1272942443#1,0,,False,22.3437,-36.409354,obs=0.011 trans=1.000 fs=0.011 ft=1.000,8,22.3485,22.3485,22.3437,1.997,0.000,0.000,0.0,3.20,
2026-10-01T11:13:53.635,1790817233.083,12,native_wokal_ebike,native,False,-37.908321668813606,145.1324026659132,True,1758.6900,1641.1102,1758.6900,1641.1102,1736.5072,1643.8274,1736.5072,1643.8274,-37.90829319,145.13215107,1734.5137,1644.0715,-1272942443#1,True,1272942443#1,0,62.9207,False,,,,,22.3485,22.3485,22.3485,21.803,0.000,0.000,0.0,3.20,
2026-10-01T11:13:53.635,1790817233.083,12,native_wkal_ebike,native,True,-37.908321668813606,145.1324026659132,True,1758.6900,1641.1102,1758.6753,1641.1740,1736.5147,1643.8885,1736.5147,1643.8885,-37.90829264,145.13215117,1734.5212,1644.1326,-1272942443#1,True,1272942443#1,0,62.8592,False,,,,,22.3486,22.3486,22.3263,21.152,0.000,0.000,0.0,3.20,
2026-10-01T11:13:53.635,1790817233.083,12,topo_wokal_ebike,topo,False,-37.908321668813606,145.1324026659132,True,1758.6900,1641.1102,1758.6900,1641.1102,1736.5074,1643.8287,1736.5074,1643.8287,-37.90829318,145.13215108,1734.5139,1644.0728,-1272942443#1,True,1272942443#1,0,,False,22.3485,0.581836,prox=0.330 head=0.500 conn=1.000 turn=1.000,,22.3485,22.3485,22.3485,0.581,0.000,0.000,0.0,3.20,
2026-10-01T11:13:53.635,1790817233.083,12,topo_wkal_ebike,topo,True,-37.908321668813606,145.1324026659132,True,1758.6900,1641.1102,1758.6753,1641.1740,1736.5149,1643.8897,1736.5149,1643.8897,-37.90829263,145.13215118,1734.5213,1644.1338,-1272942443#1,True,1272942443#1,0,,False,22.3263,0.582128,prox=0.330 head=0.500 conn=1.000 turn=1.000,,22.3486,22.3486,22.3263,0.557,0.000,0.000,0.0,3.20,
2026-10-01T11:13:53.635,1790817233.083,12,fuzzy_wokal_ebike,fuzzy,False,-37.908321668813606,145.1324026659132,True,1758.6900,1641.1102,1758.6900,1641.1102,1734.5136,1644.0705,1734.5136,1644.0705,-37.90829064,145.13212846,1734.5136,1644.0705,-1272942443#1,False,-1272942443#1,0,,False,24.3569,50.000000,short=0.000 small=1.000 angle_diff=6.981 mode=following,,24.3569,24.3569,24.3569,0.080,0.000,0.000,0.0,3.20,
2026-10-01T11:13:53.635,1790817233.083,12,fuzzy_wkal_ebike,fuzzy,True,-37.908321668813606,145.1324026659132,True,1758.6900,1641.1102,1758.6753,1641.1740,1734.5210,1644.1315,1734.5210,1644.1315,-37.90829009,145.13212856,1734.5210,1644.1315,-1272942443#1,False,-1272942443#1,0,,False,24.3347,50.000000,short=0.000 small=1.000 angle_diff=6.981 mode=following,,24.3570,24.3570,24.3347,0.078,0.000,0.000,0.0,3.20,
2026-10-01T11:13:53.635,1790817233.083,12,hmm_wokal_ebike,hmm,False,-37.908321668813606,145.1324026659132,True,1758.6900,1641.1102,1758.6900,1641.1102,1736.5074,1643.8287,1736.5074,1643.8287,-37.90829318,145.13215108,1734.5139,1644.0728,-1272942443#1,True,1272942443#1,0,,False,22.3485,0.000000,emission=-26.431 transition=1.609 sigma=3.203 num_candidates=5.000,,22.3485,22.3485,22.3485,0.486,0.000,0.000,0.0,3.20,
2026-10-01T11:13:53.635,1790817233.083,12,hmm_wkal_ebike,hmm,True,-37.908321668813606,145.1324026659132,True,1758.6900,1641.1102,1758.6753,1641.1740,1736.5149,1643.8897,1736.5149,1643.8897,-37.90829263,145.13215118,1734.5213,1644.1338,-1272942443#1,True,1272942443#1,0,,False,22.3263,0.000000,emission=-26.383 transition=1.594 sigma=3.203 num_candidates=5.000,,22.3486,22.3486,22.3263,0.582,0.000,0.000,0.0,3.20,
2026-10-01T11:13:53.635,1790817233.083,12,st_wokal_ebike,st,False,-37.908321668813606,145.1324026659132,True,1758.6900,1641.1102,1758.6900,1641.1102,1736.5074,1643.8287,1736.5074,1643.8287,-37.90829318,145.13215108,1734.5139,1644.0728,-1272942443#1,True,1272942443#1,0,,False,22.3485,-36.397617,obs=0.011 trans=1.000 fs=0.011 ft=1.000,8,22.3485,22.3485,22.3485,2.218,0.000,0.000,0.0,3.20,
2026-10-01T11:13:53.635,1790817233.083,12,st_wkal_ebike,st,True,-37.908321668813606,145.1324026659132,True,1758.6900,1641.1102,1758.6753,1641.1740,1736.5149,1643.8897,1736.5149,1643.8897,-37.90829263,145.13215118,1734.5213,1644.1338,-1272942443#1,True,1272942443#1,0,,False,22.3263,-36.400130,obs=0.011 trans=1.000 fs=0.011 ft=1.000,8,22.3486,22.3486,22.3263,1.963,0.000,0.000,0.0,3.20,
2026-10-01T11:14:01.803,1790817241.016,13,native_wokal_ebike,native,False,-37.90831890921636,145.13240194129784,True,1758.6201,1641.4152,1758.6201,1641.4152,1736.5430,1644.1194,1736.5430,1644.1194,-37.90829056,145.13215155,1734.5495,1644.3635,-1272942443#1,True,1272942443#1,0,62.6265,False,,,,,22.2421,22.2421,22.2421,28.589,0.000,0.000,0.0,3.16,
2026-10-01T11:14:01.803,1790817241.016,13,native_wkal_ebike,native,True,-37.90831890921636,145.13240194129784,True,1758.6201,1641.4152,1758.6201,1641.4155,1736.5431,1644.1197,1736.5431,1644.1197,-37.90829056,145.13215155,1734.5495,1644.3638,-1272942443#1,True,1272942443#1,0,62.6262,False,,,,,22.2421,22.2421,22.2420,21.603,0.000,0.000,0.0,3.16,
2026-10-01T11:14:01.803,1790817241.016,13,topo_wokal_ebike,topo,False,-37.90831890921636,145.13240194129784,True,1758.6201,1641.4152,1758.6201,1641.4152,1736.5432,1644.1207,1736.5432,1644.1207,-37.90829055,145.13215155,1734.5496,1644.3648,-1272942443#1,True,1272942443#1,0,,False,22.2421,0.583234,prox=0.333 head=0.500 conn=1.000 turn=1.000,,22.2421,22.2421,22.2421,0.560,0.000,0.000,0.0,3.16,
2026-10-01T11:14:01.803,1790817241.016,13,topo_wkal_ebike,topo,True,-37.90831890921636,145.13240194129784,True,1758.6201,1641.4152,1758.6201,1641.4155,1736.5432,1644.1210,1736.5432,1644.1210,-37.90829055,145.13215155,1734.5496,1644.3651,-1272942443#1,True,1272942443#1,0,,False,22.2420,0.583235,prox=0.333 head=0.500 conn=1.000 turn=1.000,,22.2421,22.2421,22.2420,0.508,0.000,0.000,0.0,3.16,
2026-10-01T11:14:01.803,1790817241.016,13,fuzzy_wokal_ebike,fuzzy,False,-37.90831890921636,145.13240194129784,True,1758.6201,1641.4152,1758.6201,1641.4152,1734.5493,1644.3625,1734.5493,1644.3625,-37.90828801,145.13212894,1734.5493,1644.3625,-1272942443#1,False,-1272942443#1,0,,False,24.2506,50.000000,short=0.000 small=1.000 angle_diff=6.981 mode=following,,24.2506,24.2506,24.2506,0.080,0.000,0.000,0.0,3.16,
2026-10-01T11:14:01.803,1790817241.016,13,fuzzy_wkal_ebike,fuzzy,True,-37.90831890921636,145.13240194129784,True,1758.6201,1641.4152,1758.6201,1641.4155,1734.5494,1644.3628,1734.5494,1644.3628,-37.90828801,145.13212894,1734.5494,1644.3628,-1272942443#1,False,-1272942443#1,0,,False,24.2505,50.000000,short=0.000 small=1.000 angle_diff=6.981 mode=following,,24.2506,24.2506,24.2505,0.073,0.000,0.000,0.0,3.16,
2026-10-01T11:14:01.803,1790817241.016,13,hmm_wokal_ebike,hmm,False,-37.90831890921636,145.13240194129784,True,1758.6201,1641.4152,1758.6201,1641.4152,1736.5432,1644.1207,1736.5432,1644.1207,-37.90829055,145.13215155,1734.5496,1644.3648,-1272942443#1,True,1272942443#1,0,,False,22.2421,0.000000,emission=-26.791 transition=1.516 sigma=3.163 num_candidates=5.000,,22.2421,22.2421,22.2421,0.800,0.000,0.000,0.0,3.16,
2026-10-01T11:14:01.803,1790817241.016,13,hmm_wkal_ebike,hmm,True,-37.90831890921636,145.13240194129784,True,1758.6201,1641.4152,1758.6201,1641.4155,1736.5432,1644.1210,1736.5432,1644.1210,-37.90829055,145.13215155,1734.5496,1644.3651,-1272942443#1,True,1272942443#1,0,,False,22.2420,0.000000,emission=-26.791 transition=1.536 sigma=3.163 num_candidates=5.000,,22.2421,22.2421,22.2420,0.799,0.000,0.000,0.0,3.16,
2026-10-01T11:14:01.803,1790817241.016,13,st_wokal_ebike,st,False,-37.90831890921636,145.13240194129784,True,1758.6201,1641.4152,1758.6201,1641.4152,1736.5432,1644.1207,1736.5432,1644.1207,-37.90829055,145.13215155,1734.5496,1644.3648,-1272942443#1,True,1272942443#1,0,,False,22.2421,-36.383882,obs=0.011 trans=1.000 fs=0.011 ft=1.000,8,22.2421,22.2421,22.2421,1.930,0.000,0.000,0.0,3.16,
2026-10-01T11:14:01.803,1790817241.016,13,st_wkal_ebike,st,True,-37.90831890921636,145.13240194129784,True,1758.6201,1641.4152,1758.6201,1641.4155,1736.5432,1644.1210,1736.5432,1644.1210,-37.90829055,145.13215155,1734.5496,1644.3651,-1272942443#1,True,1272942443#1,0,,False,22.2420,-36.385767,obs=0.011 trans=1.000 fs=0.011 ft=1.000,8,22.2421,22.2421,22.2420,1.942,0.000,0.000,0.0,3.16,
2026-10-01T11:14:03.924,1790817242.885,14,native_wokal_ebike,native,False,-37.90832358537097,145.13240450821814,True,1758.8562,1640.9008,1758.8562,1640.9008,1736.4844,1643.6412,1736.4844,1643.6412,-37.90829486,145.13215077,1734.4909,1643.8853,-1272942443#1,True,1272942443#1,0,63.1084,False,,,,,22.5390,22.5390,22.5390,22.287,0.000,0.000,0.0,3.16,
2026-10-01T11:14:03.924,1790817242.885,14,native_wkal_ebike,native,True,-37.90832358537097,145.13240450821814,True,1758.8562,1640.9008,1758.7544,1641.1345,1736.5111,1643.8591,1736.5111,1643.8591,-37.90829290,145.13215113,1734.5176,1644.1032,-1272942443#1,True,1272942443#1,0,62.8888,False,,,,,22.5401,22.5401,22.4095,23.879,0.000,0.000,0.0,3.16,
2026-10-01T11:14:03.924,1790817242.885,14,topo_wokal_ebike,topo,False,-37.90832358537097,145.13240450821814,True,1758.8562,1640.9008,1758.8562,1640.9008,1736.4846,1643.6424,1736.4846,1643.6424,-37.90829485,145.13215077,1734.4910,1643.8865,-1272942443#1,True,1272942443#1,0,,False,22.5390,0.579355,prox=0.323 head=0.500 conn=1.000 turn=1.000,,22.5390,22.5390,22.5390,0.550,0.000,0.000,0.0,3.16,
2026-10-01T11:14:03.924,1790817242.885,14,topo_wkal_ebike,topo,True,-37.90832358537097,145.13240450821814,True,1758.8562,1640.9008,1758.7544,1641.1345,1736.5113,1643.8603,1736.5113,1643.8603,-37.90829289,145.13215113,1734.5177,1644.1044,-1272942443#1,True,1272942443#1,0,,False,22.4095,0.581039,prox=0.328 head=0.500 conn=1.000 turn=1.000,,22.5401,22.5401,22.4095,0.513,0.000,0.000,0.0,3.16,
2026-10-01T11:14:03.924,1790817242.885,14,fuzzy_wokal_ebike,fuzzy,False,-37.90832358537097,145.13240450821814,True,1758.8562,1640.9008,1758.8562,1640.9008,1734.4908,1643.8842,1734.4908,1643.8842,-37.90829231,145.13212816,1734.4908,1643.8842,-1272942443#1,False,-1272942443#1,0,,False,24.5474,50.000000,short=0.000 small=1.000 angle_diff=6.981 mode=following,,24.5474,24.5474,24.5474,0.078,0.000,0.000,0.0,3.16,
2026-10-01T11:14:03.924,1790817242.885,14,fuzzy_wkal_ebike,fuzzy,True,-37.90832358537097,145.13240450821814,True,1758.8562,1640.9008,1758.7544,1641.1345,1734.5174,1644.1021,1734.5174,1644.1021,-37.90829035,145.13212851,1734.5174,1644.1021,-1272942443#1,False,-1272942443#1,0,,False,24.4179,50.000000,short=0.000 small=1.000 angle_diff=6.981 mode=following,,24.5484,24.5484,24.4179,0.072,0.000,0.000,0.0,3.16,
2026-10-01T11:14:03.924,1790817242.885,14,hmm_wokal_ebike,hmm,False,-37.90832358537097,145.13240450821814,True,1758.8562,1640.9008,1758.8562,1640.9008,1736.4846,1643.6424,1736.4846,1643.6424,-37.90829485,145.13215077,1734.4910,1643.8865,-1272942443#1,True,1272942443#1,0,,False,22.5390,0.000000,emission=-27.455 transition=1.189 sigma=3.163 num_candidates=5.000,,22.5390,22.5390,22.5390,0.813,0.000,0.000,0.0,3.16,
2026-10-01T11:14:03.924,1790817242.885,14,hmm_wkal_ebike,hmm,True,-37.90832358537097,145.13240450821814,True,1758.8562,1640.9008,1758.7544,1641.1345,1736.5113,1643.8603,1736.5113,1643.8603,-37.90829289,145.13215113,1734.5177,1644.1044,-1272942443#1,True,1272942443#1,0,,False,22.4095,0.000000,emission=-27.164 transition=1.365 sigma=3.163 num_candidates=5.000,,22.5401,22.5401,22.4095,0.807,0.000,0.000,0.0,3.16,
2026-10-01T11:14:03.924,1790817242.885,14,st_wokal_ebike,st,False,-37.90832358537097,145.13240450821814,True,1758.8562,1640.9008,1758.8562,1640.9008,1736.4846,1643.6424,1736.4846,1643.6424,-37.90829485,145.13215077,1734.4910,1643.8865,-1272942443#1,True,1272942443#1,0,,False,22.5390,-36.381542,obs=0.011 trans=1.000 fs=0.011 ft=1.000,8,22.5390,22.5390,22.5390,1.908,0.000,0.000,0.0,3.16,
2026-10-01T11:14:03.924,1790817242.885,14,st_wkal_ebike,st,True,-37.90832358537097,145.13240450821814,True,1758.8562,1640.9008,1758.7544,1641.1345,1736.5113,1643.8603,1736.5113,1643.8603,-37.90829289,145.13215113,1734.5177,1644.1044,-1272942443#1,True,1272942443#1,0,,False,22.4095,-36.376377,obs=0.011 trans=1.000 fs=0.011 ft=1.000,8,22.5401,22.5401,22.4095,1.904,0.000,0.000,0.0,3.16,
2026-10-01T11:14:14.193,1790817254.012,15,native_wokal_ebike,native,False,-37.90832542446203,145.1324062515339,True,1759.0136,1640.6998,1759.0136,1640.6998,1736.4625,1643.4621,1736.4625,1643.4621,-37.90829647,145.13215048,1734.4690,1643.7062,-1272942443#1,True,1272942443#1,0,63.2887,False,,,,,22.7196,22.7196,22.7196,25.393,0.000,0.000,0.0,3.13,
2026-10-01T11:14:14.193,1790817254.012,15,native_wkal_ebike,native,True,-37.90832542446203,145.1324062515339,True,1759.0136,1640.6998,1759.0066,1640.7158,1736.4643,1643.4771,1736.4643,1643.4771,-37.90829634,145.13215051,1734.4708,1643.7212,-1272942443#1,True,1272942443#1,0,63.2737,False,,,,,22.7196,22.7196,22.7108,20.628,0.000,0.000,0.0,3.13,
2026-10-01T11:14:14.193,1790817254.012,15,topo_wokal_ebike,topo,False,-37.90832542446203,145.1324062515339,True,1759.0136,1640.6998,1759.0136,1640.6998,1736.4626,1643.4634,1736.4626,1643.4634,-37.90829646,145.13215048,1734.4691,1643.7075,-1272942443#1,True,1272942443#1,0,,False,22.7196,0.577026,prox=0.318 head=0.500 conn=1.000 turn=1.000,,22.7196,22.7196,22.7196,0.761,0.000,0.000,0.0,3.13,
2026-10-01T11:14:14.193,1790817254.012,15,topo_wkal_ebike,topo,True,-37.90832542446203,145.1324062515339,True,1759.0136,1640.6998,1759.0066,1640.7158,1736.4645,1643.4783,1736.4645,1643.4783,-37.90829633,145.13215051,1734.4710,1643.7224,-1272942443#1,True,1272942443#1,0,,False,22.7108,0.577140,prox=0.318 head=0.500 conn=1.000 turn=1.000,,22.7196,22.7196,22.7108,0.530,0.000,0.000,0.0,3.13,
2026-10-01T11:14:14.193,1790817254.012,15,fuzzy_wokal_ebike,fuzzy,False,-37.90832542446203,145.1324062515339,True,1759.0136,1640.6998,1759.0136,1640.6998,1734.4688,1643.7052,1734.4688,1643.7052,-37.90829392,145.13212787,1734.4688,1643.7052,-1272942443#1,False,-1272942443#1,0,,False,24.7280,50.000000,short=0.000 small=1.000 angle_diff=6.981 mode=following,,24.7280,24.7280,24.7280,0.088,0.000,0.000,0.0,3.13,
2026-10-01T11:14:14.193,1790817254.012,15,fuzzy_wkal_ebike,fuzzy,True,-37.90832542446203,145.1324062515339,True,1759.0136,1640.6998,1759.0066,1640.7158,1734.4707,1643.7201,1734.4707,1643.7201,-37.90829379,145.13212790,1734.4707,1643.7201,-1272942443#1,False,-1272942443#1,0,,False,24.7192,50.000000,short=0.000 small=1.000 angle_diff=6.981 mode=following,,24.7280,24.7280,24.7192,0.082,0.000,0.000,0.0,3.13,
2026-10-01T11:14:14.193,1790817254.012,15,hmm_wokal_ebike,hmm,False,-37.90832542446203,145.1324062515339,True,1759.0136,1640.6998,1759.0136,1640.6998,1736.4626,1643.4634,1736.4626,1643.4634,-37.90829646,145.13215048,1734.4691,1643.7075,-1272942443#1,True,1272942443#1,0,,False,22.7196,0.000000,emission=-28.466 transition=1.235 sigma=3.126 num_candidates=5.000,,22.7196,22.7196,22.7196,1.634,0.000,0.000,0.0,3.13,
2026-10-01T11:14:14.193,1790817254.012,15,hmm_wkal_ebike,hmm,True,-37.90832542446203,145.1324062515339,True,1759.0136,1640.6998,1759.0066,1640.7158,1736.4645,1643.4783,1736.4645,1643.4783,-37.90829633,145.13215051,1734.4710,1643.7224,-1272942443#1,True,1272942443#1,0,,False,22.7108,0.000000,emission=-28.445 transition=1.090 sigma=3.126 num_candidates=5.000,,22.7196,22.7196,22.7108,0.878,0.000,0.000,0.0,3.13,
2026-10-01T11:14:14.193,1790817254.012,15,st_wokal_ebike,st,False,-37.90832542446203,145.1324062515339,True,1759.0136,1640.6998,1759.0136,1640.6998,1736.4626,1643.4634,1736.4626,1643.4634,-37.90829646,145.13215048,1734.4691,1643.7075,-1272942443#1,True,1272942443#1,0,,False,22.7196,-36.384451,obs=0.010 trans=1.000 fs=0.010 ft=1.000,8,22.7196,22.7196,22.7196,2.047,0.000,0.000,0.0,3.13,
2026-10-01T11:14:14.193,1790817254.012,15,st_wkal_ebike,st,True,-37.90832542446203,145.1324062515339,True,1759.0136,1640.6998,1759.0066,1640.7158,1736.4645,1643.4783,1736.4645,1643.4783,-37.90829633,145.13215051,1734.4710,1643.7224,-1272942443#1,True,1272942443#1,0,,False,22.7108,-36.379063,obs=0.010 trans=1.000 fs=0.010 ft=1.000,8,22.7196,22.7196,22.7108,1.928,0.000,0.000,0.0,3.13,
2026-10-01T11:14:18.338,1790817257.886,16,native_wokal_ebike,native,False,-37.90832542446874,145.13240625154023,True,1759.0136,1640.6998,1759.0136,1640.6998,1736.4625,1643.4621,1736.4625,1643.4621,-37.90829647,145.13215048,1734.4690,1643.7062,-1272942443#1,True,1272942443#1,0,63.2887,False,,,,,22.7196,22.7196,22.7196,26.783,0.000,0.000,0.0,3.13,
2026-10-01T11:14:18.338,1790817257.886,16,native_wkal_ebike,native,True,-37.90832542446874,145.13240625154023,True,1759.0136,1640.6998,1759.0367,1640.6623,1736.4583,1643.4280,1736.4583,1643.4280,-37.90829678,145.13215043,1734.4648,1643.6721,-1272942443#1,True,1272942443#1,0,63.3231,False,,,,,22.7197,22.7197,22.7471,26.957,0.000,0.000,0.0,3.13,
2026-10-01T11:14:18.338,1790817257.886,16,topo_wokal_ebike,topo,False,-37.90832542446874,145.13240625154023,True,1759.0136,1640.6998,1759.0136,1640.6998,1736.4626,1643.4634,1736.4626,1643.4634,-37.90829646,145.13215048,1734.4691,1643.7075,-1272942443#1,True,1272942443#1,0,,False,22.7196,0.577026,prox=0.318 head=0.500 conn=1.000 turn=1.000,,22.7196,22.7196,22.7196,0.632,0.000,0.000,0.0,3.13,
2026-10-01T11:14:18.338,1790817257.886,16,topo_wkal_ebike,topo,True,-37.90832542446874,145.13240625154023,True,1759.0136,1640.6998,1759.0367,1640.6623,1736.4584,1643.4293,1736.4584,1643.4293,-37.90829677,145.13215043,1734.4649,1643.6734,-1272942443#1,True,1272942443#1,0,,False,22.7471,0.576674,prox=0.317 head=0.500 conn=1.000 turn=1.000,,22.7197,22.7197,22.7471,0.556,0.000,0.000,0.0,3.13,
2026-10-01T11:14:18.338,1790817257.886,16,fuzzy_wokal_ebike,fuzzy,False,-37.90832542446874,145.13240625154023,True,1759.0136,1640.6998,1759.0136,1640.6998,1734.4688,1643.7052,1734.4688,1643.7052,-37.90829392,145.13212787,1734.4688,1643.7052,-1272942443#1,False,-1272942443#1,0,,False,24.7280,50.000000,short=0.000 small=1.000 angle_diff=6.981 mode=following,,24.7280,24.7280,24.7280,0.083,0.000,0.000,0.0,3.13,
2026-10-01T11:14:18.338,1790817257.886,16,fuzzy_wkal_ebike,fuzzy,True,-37.90832542446874,145.13240625154023,True,1759.0136,1640.6998,1759.0367,1640.6623,1734.4647,1643.6711,1734.4647,1643.6711,-37.90829423,145.13212782,1734.4647,1643.6711,-1272942443#1,False,-1272942443#1,0,,False,24.7555,50.000000,short=0.000 small=1.000 angle_diff=6.981 mode=following,,24.7280,24.7280,24.7555,0.079,0.000,0.000,0.0,3.13,
2026-10-01T11:14:18.338,1790817257.886,16,hmm_wokal_ebike,hmm,False,-37.90832542446874,145.13240625154023,True,1759.0136,1640.6998,1759.0136,1640.6998,1736.4626,1643.4634,1736.4626,1643.4634,-37.90829646,145.13215048,1734.4691,1643.7075,-1272942443#1,True,1272942443#1,0,,False,22.7196,0.000000,emission=-28.462 transition=1.609 sigma=3.127 num_candidates=5.000,,22.7196,22.7196,22.7196,0.836,0.000,0.000,0.0,3.13,
2026-10-01T11:14:18.338,1790817257.886,16,hmm_wkal_ebike,hmm,True,-37.90832542446874,145.13240625154023,True,1759.0136,1640.6998,1759.0367,1640.6623,1736.4584,1643.4293,1736.4584,1643.4293,-37.90829677,145.13215043,1734.4649,1643.6734,-1272942443#1,True,1272942443#1,0,,False,22.7471,0.000000,emission=-28.526 transition=1.550 sigma=3.127 num_candidates=5.000,,22.7197,22.7197,22.7471,0.816,0.000,0.000,0.0,3.13,
2026-10-01T11:14:18.338,1790817257.886,16,st_wokal_ebike,st,False,-37.90832542446874,145.13240625154023,True,1759.0136,1640.6998,1759.0136,1640.6998,1736.4626,1643.4634,1736.4626,1643.4634,-37.90829646,145.13215048,1734.4691,1643.7075,-1272942443#1,True,1272942443#1,0,,False,22.7196,-36.387480,obs=0.010 trans=1.000 fs=0.010 ft=1.000,8,22.7196,22.7196,22.7196,1.893,0.000,0.000,0.0,3.13,
2026-10-01T11:14:18.338,1790817257.886,16,st_wkal_ebike,st,True,-37.90832542446874,145.13240625154023,True,1759.0136,1640.6998,1759.0367,1640.6623,1736.4584,1643.4293,1736.4584,1643.4293,-37.90829677,145.13215043,1734.4649,1643.6734,-1272942443#1,True,1272942443#1,0,,False,22.7471,-36.383077,obs=0.010 trans=1.000 fs=0.010 ft=1.000,8,22.7197,22.7197,22.7471,1.841,0.000,0.000,0.0,3.13,
2026-10-01T11:14:26.506,1790817266.011,17,native_wokal_ebike,native,False,-37.90832718881538,145.132407903777,True,1759.1627,1640.5069,1759.1627,1640.5069,1736.4414,1643.2901,1736.4414,1643.2901,-37.90829802,145.13215020,1734.4479,1643.5342,-1272942443#1,True,1272942443#1,0,63.4620,False,,,,,22.8912,22.8912,22.8912,27.010,0.000,0.000,0.0,3.09,
2026-10-01T11:14:26.506,1790817266.011,17,native_wkal_ebike,native,True,-37.90832718881538,145.132407903777,True,1759.1627,1640.5069,1759.1621,1640.5014,1736.4407,1643.2846,1736.4407,1643.2846,-37.90829807,145.13215019,1734.4472,1643.5287,-1272942443#1,True,1272942443#1,0,63.4676,False,,,,,22.8912,22.8912,22.8912,22.466,0.000,0.000,0.0,3.09,
2026-10-01T11:14:26.506,1790817266.011,17,topo_wokal_ebike,topo,False,-37.90832718881538,145.132407903777,True,1759.1627,1640.5069,1759.1627,1640.5069,1736.4415,1643.2914,1736.4415,1643.2914,-37.90829800,145.13215021,1734.4481,1643.5355,-1272942443#1,True,1272942443#1,0,,False,22.8912,0.574837,prox=0.312 head=0.500 conn=1.000 turn=1.000,,22.8912,22.8912,22.8912,0.625,0.000,0.000,0.0,3.09,
2026-10-01T11:14:26.506,1790817266.011,17,topo_wkal_ebike,topo,True,-37.90832718881538,145.132407903777,True,1759.1627,1640.5069,1759.1621,1640.5014,1736.4409,1643.2859,1736.4409,1643.2859,-37.90829805,145.13215020,1734.4474,1643.5300,-1272942443#1,True,1272942443#1,0,,False,22.8912,0.574837,prox=0.312 head=0.500 conn=1.000 turn=1.000,,22.8912,22.8912,22.8912,0.571,0.000,0.000,0.0,3.09,
2026-10-01T11:14:26.506,1790817266.011,17,fuzzy_wokal_ebike,fuzzy,False,-37.90832718881538,145.132407903777,True,1759.1627,1640.5069,1759.1627,1640.5069,1734.4478,1643.5332,1734.4478,1643.5332,-37.90829547,145.13212759,1734.4478,1643.5332,-1272942443#1,False,-1272942443#1,0,,False,24.8995,50.000000,short=0.000 small=1.000 angle_diff=6.981 mode=following,,24.8995,24.8995,24.8995,0.086,0.000,0.000,0.0,3.09,
2026-10-01T11:14:26.506,1790817266.011,17,fuzzy_wkal_ebike,fuzzy,True,-37.90832718881538,145.132407903777,True,1759.1627,1640.5069,1759.1621,1640.5014,1734.4471,1643.5277,1734.4471,1643.5277,-37.90829552,145.13212758,1734.4471,1643.5277,-1272942443#1,False,-1272942443#1,0,,False,24.8995,50.000000,short=0.000 small=1.000 angle_diff=6.981 mode=following,,24.8995,24.8995,24.8995,0.098,0.000,0.000,0.0,3.09,
2026-10-01T11:14:26.506,1790817266.011,17,hmm_wokal_ebike,hmm,False,-37.90832718881538,145.132407903777,True,1759.1627,1640.5069,1759.1627,1640.5069,1736.4415,1643.2914,1736.4415,1643.2914,-37.90829800,145.13215021,1734.4481,1643.5355,-1272942443#1,True,1272942443#1,0,,False,22.8912,0.000000,emission=-29.487 transition=1.257 sigma=3.090 num_candidates=5.000,,22.8912,22.8912,22.8912,0.851,0.000,0.000,0.0,3.09,
2026-10-01T11:14:26.506,1790817266.011,17,hmm_wkal_ebike,hmm,True,-37.90832718881538,145.132407903777,True,1759.1627,1640.5069,1759.1621,1640.5014,1736.4409,1643.2859,1736.4409,1643.2859,-37.90829805,145.13215020,1734.4474,1643.5300,-1272942443#1,True,1272942443#1,0,,False,22.8912,0.000000,emission=-29.487 transition=1.312 sigma=3.090 num_candidates=5.000,,22.8912,22.8912,22.8912,0.859,0.000,0.000,0.0,3.09,
2026-10-01T11:14:26.506,1790817266.011,17,st_wokal_ebike,st,False,-37.90832718881538,145.132407903777,True,1759.1627,1640.5069,1759.1627,1640.5069,1736.4415,1643.2914,1736.4415,1643.2914,-37.90829800,145.13215021,1734.4481,1643.5355,-1272942443#1,True,1272942443#1,0,,False,22.8912,-36.395457,obs=0.010 trans=1.000 fs=0.010 ft=1.000,8,22.8912,22.8912,22.8912,2.240,0.000,0.000,0.0,3.09,
2026-10-01T11:14:26.506,1790817266.011,17,st_wkal_ebike,st,True,-37.90832718881538,145.132407903777,True,1759.1627,1640.5069,1759.1621,1640.5014,1736.4409,1643.2859,1736.4409,1643.2859,-37.90829805,145.13215020,1734.4474,1643.5300,-1272942443#1,True,1272942443#1,0,,False,22.8912,-36.392815,obs=0.010 trans=1.000 fs=0.010 ft=1.000,8,22.8912,22.8912,22.8912,2.058,0.000,0.000,0.0,3.09,
2026-10-01T11:14:34.696,1790817273.601,18,native_wokal_ebike,native,False,-37.908325184509174,145.13240822964826,True,1759.1869,1640.7299,1759.1869,1640.7299,1736.4687,1643.5127,1736.4687,1643.5127,-37.90829602,145.13215056,1734.4752,1643.7568,-1272942443#1,True,1272942443#1,0,63.2378,False,,,,,22.8881,22.8881,22.8881,24.118,0.000,0.000,0.0,3.09,
2026-10-01T11:14:34.696,1790817273.601,18,native_wkal_ebike,native,True,-37.908325184509174,145.13240822964826,True,1759.1869,1640.7299,1759.1987,1640.6811,1736.4629,1643.4660,1736.4629,1643.4660,-37.90829644,145.13215049,1734.4694,1643.7101,-1272942443#1,True,1272942443#1,0,63.2848,False,,,,,22.8881,22.8881,22.9057,26.133,0.000,0.000,0.0,3.09,
2026-10-01T11:14:34.696,1790817273.601,18,topo_wokal_ebike,topo,False,-37.908325184509174,145.13240822964826,True,1759.1869,1640.7299,1759.1869,1640.7299,1736.4688,1643.5140,1736.4688,1643.5140,-37.90829600,145.13215057,1734.4753,1643.7581,-1272942443#1,True,1272942443#1,0,,False,22.8881,0.574876,prox=0.312 head=0.500 conn=1.000 turn=1.000,,22.8881,22.8881,22.8881,0.561,0.000,0.000,0.0,3.09,
2026-10-01T11:14:34.696,1790817273.601,18,topo_wkal_ebike,topo,True,-37.908325184509174,145.13240822964826,True,1759.1869,1640.7299,1759.1987,1640.6811,1736.4631,1643.4673,1736.4631,1643.4673,-37.90829642,145.13215049,1734.4696,1643.7114,-1272942443#1,True,1272942443#1,0,,False,22.9057,0.574653,prox=0.312 head=0.500 conn=1.000 turn=1.000,,22.8881,22.8881,22.9057,0.541,0.000,0.000,0.0,3.09,
2026-10-01T11:14:34.696,1790817273.601,18,fuzzy_wokal_ebike,fuzzy,False,-37.908325184509174,145.13240822964826,True,1759.1869,1640.7299,1759.1869,1640.7299,1734.4750,1643.7558,1734.4750,1643.7558,-37.90829347,145.13212795,1734.4750,1643.7558,-1272942443#1,False,-1272942443#1,0,,False,24.8965,50.000000,short=0.000 small=1.000 angle_diff=6.981 mode=following,,24.8965,24.8965,24.8965,0.077,0.000,0.000,0.0,3.09,
2026-10-01T11:14:34.696,1790817273.601,18,fuzzy_wkal_ebike,fuzzy,True,-37.908325184509174,145.13240822964826,True,1759.1869,1640.7299,1759.1987,1640.6811,1734.4693,1643.7091,1734.4693,1643.7091,-37.90829389,145.13212788,1734.4693,1643.7091,-1272942443#1,False,-1272942443#1,0,,False,24.9140,50.000000,short=0.000 small=1.000 angle_diff=6.981 mode=following,,24.8965,24.8965,24.9140,0.046,0.000,0.000,0.0,3.09,
2026-10-01T11:14:34.696,1790817273.601,18,hmm_wokal_ebike,hmm,False,-37.908325184509174,145.13240822964826,True,1759.1869,1640.7299,1759.1869,1640.7299,1736.4688,1643.5140,1736.4688,1643.5140,-37.90829600,145.13215057,1734.4753,1643.7581,-1272942443#1,True,1272942443#1,0,,False,22.8881,0.000000,emission=-29.474 transition=1.609 sigma=3.090 num_candidates=5.000,,22.8881,22.8881,22.8881,0.829,0.000,0.000,0.0,3.09,
2026-10-01T11:14:34.696,1790817273.601,18,hmm_wkal_ebike,hmm,True,-37.908325184509174,145.13240822964826,True,1759.1869,1640.7299,1759.1987,1640.6811,1736.4631,1643.4673,1736.4631,1643.4673,-37.90829642,145.13215049,1734.4696,1643.7114,-1272942443#1,True,1272942443#1,0,,False,22.9057,0.000000,emission=-29.516 transition=1.607 sigma=3.090 num_candidates=5.000,,22.8881,22.8881,22.9057,0.801,0.000,0.000,0.0,3.09,
2026-10-01T11:14:34.696,1790817273.601,18,st_wokal_ebike,st,False,-37.908325184509174,145.13240822964826,True,1759.1869,1640.7299,1759.1869,1640.7299,1736.4688,1643.5140,1736.4688,1643.5140,-37.90829600,145.13215057,1734.4753,1643.7581,-1272942443#1,True,1272942443#1,0,,False,22.8881,-36.419696,obs=0.010 trans=1.000 fs=0.010 ft=1.000,8,22.8881,22.8881,22.8881,1.774,0.000,0.000,0.0,3.09,
2026-10-01T11:14:34.696,1790817273.601,18,st_wkal_ebike,st,True,-37.908325184509174,145.13240822964826,True,1759.1869,1640.7299,1759.1987,1640.6811,1736.4631,1643.4673,1736.4631,1643.4673,-37.90829642,145.13215049,1734.4696,1643.7114,-1272942443#1,True,1272942443#1,0,,False,22.9057,-36.412971,obs=0.010 trans=1.000 fs=0.010 ft=1.000,8,22.8881,22.8881,22.9057,2.041,0.000,0.000,0.0,3.09,
2026-10-01T11:14:38.838,1790817277.369,19,native_wokal_ebike,native,False,-37.908322700265074,145.13240547370773,True,1758.9391,1641.0007,1758.9391,1641.0007,1736.4977,1643.7496,1736.4977,1643.7496,-37.90829389,145.13215095,1734.5042,1643.9937,-1272942443#1,True,1272942443#1,0,62.9991,False,,,,,22.6091,22.6091,22.6091,26.672,0.000,0.000,0.0,3.09,
2026-10-01T11:14:38.838,1790817277.369,19,native_wkal_ebike,native,True,-37.908322700265074,145.13240547370773,True,1758.9391,1641.0007,1759.0190,1640.9296,1736.4903,1643.6892,1736.4903,1643.6892,-37.90829443,145.13215085,1734.4968,1643.9333,-1272942443#1,True,1272942443#1,0,63.0600,False,,,,,22.6092,22.6092,22.6971,19.966,0.000,0.000,0.0,3.09,
2026-10-01T11:14:38.838,1790817277.369,19,topo_wokal_ebike,topo,False,-37.908322700265074,145.13240547370773,True,1758.9391,1641.0007,1758.9391,1641.0007,1736.4979,1643.7509,1736.4979,1643.7509,-37.90829388,145.13215095,1734.5043,1643.9950,-1272942443#1,True,1272942443#1,0,,False,22.6091,0.578448,prox=0.321 head=0.500 conn=1.000 turn=1.000,,22.6091,22.6091,22.6091,0.551,0.000,0.000,0.0,3.09,
2026-10-01T11:14:38.838,1790817277.369,19,topo_wkal_ebike,topo,True,-37.908322700265074,145.13240547370773,True,1758.9391,1641.0007,1759.0190,1640.9296,1736.4904,1643.6904,1736.4904,1643.6904,-37.90829442,145.13215085,1734.4969,1643.9345,-1272942443#1,True,1272942443#1,0,,False,22.6971,0.577316,prox=0.318 head=0.500 conn=1.000 turn=1.000,,22.6092,22.6092,22.6971,0.522,0.000,0.000,0.0,3.09,
2026-10-01T11:14:38.838,1790817277.369,19,fuzzy_wokal_ebike,fuzzy,False,-37.908322700265074,145.13240547370773,True,1758.9391,1641.0007,1758.9391,1641.0007,1734.5040,1643.9927,1734.5040,1643.9927,-37.90829134,145.13212834,1734.5040,1643.9927,-1272942443#1,False,-1272942443#1,0,,False,24.6176,50.000000,short=0.000 small=1.000 angle_diff=6.981 mode=following,,24.6176,24.6176,24.6176,0.079,0.000,0.000,0.0,3.09,
2026-10-01T11:14:38.838,1790817277.369,19,fuzzy_wkal_ebike,fuzzy,True,-37.908322700265074,145.13240547370773,True,1758.9391,1641.0007,1759.0190,1640.9296,1734.4966,1643.9322,1734.4966,1643.9322,-37.90829188,145.13212824,1734.4966,1643.9322,-1272942443#1,False,-1272942443#1,0,,False,24.7055,50.000000,short=0.000 small=1.000 angle_diff=6.981 mode=following,,24.6176,24.6176,24.7055,0.078,0.000,0.000,0.0,3.09,
2026-10-01T11:14:38.838,1790817277.369,19,hmm_wokal_ebike,hmm,False,-37.908322700265074,145.13240547370773,True,1758.9391,1641.0007,1758.9391,1641.0007,1736.4979,1643.7509,1736.4979,1643.7509,-37.90829388,145.13215095,1734.5043,1643.9950,-1272942443#1,True,1272942443#1,0,,False,22.6091,0.000000,emission=-28.807 transition=0.967 sigma=3.091 num_candidates=5.000,,22.6091,22.6091,22.6091,0.809,0.000,0.000,0.0,3.09,
2026-10-01T11:14:38.838,1790817277.369,19,hmm_wkal_ebike,hmm,True,-37.908322700265074,145.13240547370773,True,1758.9391,1641.0007,1759.0190,1640.9296,1736.4904,1643.6904,1736.4904,1643.6904,-37.90829442,145.13215085,1734.4969,1643.9345,-1272942443#1,True,1272942443#1,0,,False,22.6971,0.000000,emission=-29.015 transition=1.200 sigma=3.091 num_candidates=5.000,,22.6092,22.6092,22.6971,0.842,0.000,0.000,0.0,3.09,
2026-10-01T11:14:38.838,1790817277.369,19,st_wokal_ebike,st,False,-37.908322700265074,145.13240547370773,True,1758.9391,1641.0007,1758.9391,1641.0007,1736.4979,1643.7509,1736.4979,1643.7509,-37.90829388,145.13215095,1734.5043,1643.9950,-1272942443#1,True,1272942443#1,0,,False,22.6091,-36.434342,obs=0.011 trans=1.000 fs=0.011 ft=1.000,8,22.6091,22.6091,22.6091,2.047,0.000,0.000,0.0,3.09,
2026-10-01T11:14:38.838,1790817277.369,19,st_wkal_ebike,st,True,-37.908322700265074,145.13240547370773,True,1758.9391,1641.0007,1759.0190,1640.9296,1736.4904,1643.6904,1736.4904,1643.6904,-37.90829442,145.13215085,1734.4969,1643.9345,-1272942443#1,True,1272942443#1,0,,False,22.6971,-36.432868,obs=0.010 trans=1.000 fs=0.010 ft=1.000,8,22.6092,22.6092,22.6971,2.035,0.000,0.000,0.0,3.09,
2026-10-01T11:14:49.064,1790817289.016,20,native_wokal_ebike,native,False,-37.90832009991405,145.13240473166127,True,1758.8681,1641.2880,1758.8681,1641.2880,1736.5313,1644.0240,1736.5313,1644.0240,-37.90829142,145.13215139,1734.5378,1644.2681,-1272942443#1,True,1272942443#1,0,62.7226,False,,,,,22.5037,22.5037,22.5037,23.923,0.000,0.000,0.0,3.06,
2026-10-01T11:14:49.064,1790817289.016,20,native_wkal_ebike,native,True,-37.90832009991405,145.13240473166127,True,1758.8681,1641.2880,1758.8611,1641.2970,1736.5323,1644.0321,1736.5323,1644.0321,-37.90829135,145.13215141,1734.5388,1644.2762,-1272942443#1,True,1272942443#1,0,62.7145,False,,,,,22.5037,22.5037,22.4957,20.586,0.000,0.000,0.0,3.06,
2026-10-01T11:14:49.064,1790817289.016,20,topo_wokal_ebike,topo,False,-37.90832009991405,145.13240473166127,True,1758.8681,1641.2880,1758.8681,1641.2880,1736.5315,1644.0253,1736.5315,1644.0253,-37.90829141,145.13215140,1734.5379,1644.2694,-1272942443#1,True,1272942443#1,0,,False,22.5037,0.579813,prox=0.325 head=0.500 conn=1.000 turn=1.000,,22.5037,22.5037,22.5037,0.569,0.000,0.000,0.0,3.06,
2026-10-01T11:14:49.064,1790817289.016,20,topo_wkal_ebike,topo,True,-37.90832009991405,145.13240473166127,True,1758.8681,1641.2880,1758.8611,1641.2970,1736.5325,1644.0334,1736.5325,1644.0334,-37.90829134,145.13215141,1734.5389,1644.2775,-1272942443#1,True,1272942443#1,0,,False,22.4957,0.579917,prox=0.325 head=0.500 conn=1.000 turn=1.000,,22.5037,22.5037,22.4957,0.518,0.000,0.000,0.0,3.06,
2026-10-01T11:14:49.064,1790817289.016,20,fuzzy_wokal_ebike,fuzzy,False,-37.90832009991405,145.13240473166127,True,1758.8681,1641.2880,1758.8681,1641.2880,1734.5376,1644.2671,1734.5376,1644.2671,-37.90828887,145.13212878,1734.5376,1644.2671,-1272942443#1,False,-1272942443#1,0,,False,24.5122,50.000000,short=0.000 small=1.000 angle_diff=6.981 mode=following,,24.5122,24.5122,24.5122,0.077,0.000,0.000,0.0,3.06,
2026-10-01T11:14:49.064,1790817289.016,20,fuzzy_wkal_ebike,fuzzy,True,-37.90832009991405,145.13240473166127,True,1758.8681,1641.2880,1758.8611,1641.2970,1734.5386,1644.2752,1734.5386,1644.2752,-37.90828880,145.13212879,1734.5386,1644.2752,-1272942443#1,False,-1272942443#1,0,,False,24.5042,50.000000,short=0.000 small=1.000 angle_diff=6.981 mode=following,,24.5122,24.5122,24.5042,0.073,0.000,0.000,0.0,3.06,
2026-10-01T11:14:49.064,1790817289.016,20,hmm_wokal_ebike,hmm,False,-37.90832009991405,145.13240473166127,True,1758.8681,1641.2880,1758.8681,1641.2880,1736.5315,1644.0253,1736.5315,1644.0253,-37.90829141,145.13215140,1734.5379,1644.2694,-1272942443#1,True,1272942443#1,0,,False,22.5037,0.000000,emission=-29.143 transition=1.512 sigma=3.056 num_candidates=5.000,,22.5037,22.5037,22.5037,0.986,0.000,0.000,0.0,3.06,
2026-10-01T11:14:49.064,1790817289.016,20,hmm_wkal_ebike,hmm,True,-37.90832009991405,145.13240473166127,True,1758.8681,1641.2880,1758.8611,1641.2970,1736.5325,1644.0334,1736.5325,1644.0334,-37.90829134,145.13215141,1734.5389,1644.2775,-1272942443#1,True,1272942443#1,0,,False,22.4957,0.000000,emission=-29.123 transition=1.337 sigma=3.056 num_candidates=5.000,,22.5037,22.5037,22.4957,0.837,0.000,0.000,0.0,3.06,
2026-10-01T11:14:49.064,1790817289.016,20,st_wokal_ebike,st,False,-37.90832009991405,145.13240473166127,True,1758.8681,1641.2880,1758.8681,1641.2880,1736.5315,1644.0253,1736.5315,1644.0253,-37.90829141,145.13215140,1734.5379,1644.2694,-1272942443#1,True,1272942443#1,0,,False,22.5037,-36.443043,obs=0.011 trans=1.000 fs=0.011 ft=1.000,8,22.5037,22.5037,22.5037,2.283,0.000,0.000,0.0,3.06,
2026-10-01T11:14:49.064,1790817289.016,20,st_wkal_ebike,st,True,-37.90832009991405,145.13240473166127,True,1758.8681,1641.2880,1758.8611,1641.2970,1736.5325,1644.0334,1736.5325,1644.0334,-37.90829134,145.13215141,1734.5389,1644.2775,-1272942443#1,True,1272942443#1,0,,False,22.4957,-36.442361,obs=0.011 trans=1.000 fs=0.011 ft=1.000,8,22.5037,22.5037,22.4957,2.155,0.000,0.000,0.0,3.06,
2026-10-01T11:14:53.194,1790817292.374,21,native_wokal_ebike,native,False,-37.90832009990692,145.13240473165925,True,1758.8681,1641.2880,1758.8681,1641.2880,1736.5313,1644.0240,1736.5313,1644.0240,-37.90829142,145.13215139,1734.5378,1644.2681,-1272942443#1,True,1272942443#1,0,62.7226,False,,,,,22.5037,22.5037,22.5037,29.685,0.000,0.000,0.0,3.06,
2026-10-01T11:14:53.194,1790817292.374,21,native_wkal_ebike,native,True,-37.90832009990692,145.13240473165925,True,1758.8681,1641.2880,1758.8525,1641.3226,1736.5353,1644.0562,1736.5353,1644.0562,-37.90829113,145.13215145,1734.5417,1644.3003,-1272942443#1,True,1272942443#1,0,62.6902,False,,,,,22.5037,22.5037,22.4840,21.952,0.000,0.000,0.0,3.06,
2026-10-01T11:14:53.194,1790817292.374,21,topo_wokal_ebike,topo,False,-37.90832009990692,145.13240473165925,True,1758.8681,1641.2880,1758.8681,1641.2880,1736.5315,1644.0253,1736.5315,1644.0253,-37.90829141,145.13215140,1734.5379,1644.2694,-1272942443#1,True,1272942443#1,0,,False,22.5037,0.579813,prox=0.325 head=0.500 conn=1.000 turn=1.000,,22.5037,22.5037,22.5037,0.568,0.000,0.000,0.0,3.06,
2026-10-01T11:14:53.194,1790817292.374,21,topo_wkal_ebike,topo,True,-37.90832009990692,145.13240473165925,True,1758.8681,1641.2880,1758.8525,1641.3226,1736.5354,1644.0575,1736.5354,1644.0575,-37.90829112,145.13215145,1734.5419,1644.3016,-1272942443#1,True,1272942443#1,0,,False,22.4840,0.580068,prox=0.325 head=0.500 conn=1.000 turn=1.000,,22.5037,22.5037,22.4840,0.569,0.000,0.000,0.0,3.06,
2026-10-01T11:14:53.194,1790817292.374,21,fuzzy_wokal_ebike,fuzzy,False,-37.90832009990692,145.13240473165925,True,1758.8681,1641.2880,1758.8681,1641.2880,1734.5376,1644.2671,1734.5376,1644.2671,-37.90828887,145.13212878,1734.5376,1644.2671,-1272942443#1,False,-1272942443#1,0,,False,24.5122,50.000000,short=0.000 small=1.000 angle_diff=6.981 mode=following,,24.5122,24.5122,24.5122,0.079,0.000,0.000,0.0,3.06,
2026-10-01T11:14:53.194,1790817292.374,21,fuzzy_wkal_ebike,fuzzy,True,-37.90832009990692,145.13240473165925,True,1758.8681,1641.2880,1758.8525,1641.3226,1734.5416,1644.2993,1734.5416,1644.2993,-37.90828858,145.13212883,1734.5416,1644.2993,-1272942443#1,False,-1272942443#1,0,,False,24.4925,50.000000,short=0.000 small=1.000 angle_diff=6.981 mode=following,,24.5122,24.5122,24.4925,0.077,0.000,0.000,0.0,3.06,
2026-10-01T11:14:53.194,1790817292.374,21,hmm_wokal_ebike,hmm,False,-37.90832009990692,145.13240473165925,True,1758.8681,1641.2880,1758.8681,1641.2880,1736.5315,1644.0253,1736.5315,1644.0253,-37.90829141,145.13215140,1734.5379,1644.2694,-1272942443#1,True,1272942443#1,0,,False,22.5037,0.000000,emission=-29.139 transition=1.609 sigma=3.057 num_candidates=5.000,,22.5037,22.5037,22.5037,0.846,0.000,0.000,0.0,3.06,
2026-10-01T11:14:53.194,1790817292.374,21,hmm_wkal_ebike,hmm,True,-37.90832009990692,145.13240473165925,True,1758.8681,1641.2880,1758.8525,1641.3226,1736.5354,1644.0575,1736.5354,1644.0575,-37.90829112,145.13215145,1734.5419,1644.3016,-1272942443#1,True,1272942443#1,0,,False,22.4840,0.000000,emission=-29.092 transition=1.596 sigma=3.057 num_candidates=5.000,,22.5037,22.5037,22.4840,0.796,0.000,0.000,0.0,3.06,
2026-10-01T11:14:53.194,1790817292.374,21,st_wokal_ebike,st,False,-37.90832009990692,145.13240473165925,True,1758.8681,1641.2880,1758.8681,1641.2880,1736.5315,1644.0253,1736.5315,1644.0253,-37.90829141,145.13215140,1734.5379,1644.2694,-1272942443#1,True,1272942443#1,0,,False,22.5037,-36.457675,obs=0.011 trans=1.000 fs=0.011 ft=1.000,8,22.5037,22.5037,22.5037,2.051,0.000,0.000,0.0,3.06,
2026-10-01T11:14:53.194,1790817292.374,21,st_wkal_ebike,st,True,-37.90832009990692,145.13240473165925,True,1758.8681,1641.2880,1758.8525,1641.3226,1736.5354,1644.0575,1736.5354,1644.0575,-37.90829112,145.13215145,1734.5419,1644.3016,-1272942443#1,True,1272942443#1,0,,False,22.4840,-36.455892,obs=0.011 trans=1.000 fs=0.011 ft=1.000,8,22.5037,22.5037,22.4840,2.138,0.000,0.000,0.0,3.06,
2026-10-01T11:15:01.354,1790817301.016,22,native_wokal_ebike,native,False,-37.90831761603001,145.1324040228503,True,1758.8003,1641.5623,1758.8003,1641.5623,1736.5635,1644.2862,1736.5635,1644.2862,-37.90828907,145.13215182,1734.5699,1644.5303,-1272942443#1,True,1272942443#1,0,62.4585,False,,,,,22.4030,22.4030,22.4030,32.558,0.000,0.000,0.0,3.02,
2026-10-01T11:15:01.354,1790817301.016,22,native_wkal_ebike,native,True,-37.90831761603001,145.1324040228503,True,1758.8003,1641.5623,1758.7986,1641.5554,1736.5626,1644.2791,1736.5626,1644.2791,-37.90828913,145.13215181,1734.5690,1644.5232,-1272942443#1,True,1272942443#1,0,62.4656,False,,,,,22.4030,22.4030,22.4023,22.598,0.000,0.000,0.0,3.02,
2026-10-01T11:15:01.354,1790817301.016,22,topo_wokal_ebike,topo,False,-37.90831761603001,145.1324040228503,True,1758.8003,1641.5623,1758.8003,1641.5623,1736.5636,1644.2874,1736.5636,1644.2874,-37.90828905,145.13215182,1734.5700,1644.5315,-1272942443#1,True,1272942443#1,0,,False,22.4030,0.581124,prox=0.328 head=0.500 conn=1.000 turn=1.000,,22.4030,22.4030,22.4030,0.555,0.000,0.000,0.0,3.02,
2026-10-01T11:15:01.354,1790817301.016,22,topo_wkal_ebike,topo,True,-37.90831761603001,145.1324040228503,True,1758.8003,1641.5623,1758.7986,1641.5554,1736.5627,1644.2804,1736.5627,1644.2804,-37.90828912,145.13215181,1734.5692,1644.5245,-1272942443#1,True,1272942443#1,0,,False,22.4023,0.581134,prox=0.328 head=0.500 conn=1.000 turn=1.000,,22.4030,22.4030,22.4023,0.523,0.000,0.000,0.0,3.02,
2026-10-01T11:15:01.354,1790817301.016,22,fuzzy_wokal_ebike,fuzzy,False,-37.90831761603001,145.1324040228503,True,1758.8003,1641.5623,1758.8003,1641.5623,1734.5697,1644.5292,1734.5697,1644.5292,-37.90828652,145.13212921,1734.5697,1644.5292,-1272942443#1,False,-1272942443#1,0,,False,24.4115,50.000000,short=0.000 small=1.000 angle_diff=6.981 mode=following,,24.4115,24.4115,24.4115,0.080,0.000,0.000,0.0,3.02,
2026-10-01T11:15:01.354,1790817301.016,22,fuzzy_wkal_ebike,fuzzy,True,-37.90831761603001,145.1324040228503,True,1758.8003,1641.5623,1758.7986,1641.5554,1734.5689,1644.5222,1734.5689,1644.5222,-37.90828658,145.13212919,1734.5689,1644.5222,-1272942443#1,False,-1272942443#1,0,,False,24.4107,50.000000,short=0.000 small=1.000 angle_diff=6.981 mode=following,,24.4115,24.4115,24.4107,0.099,0.000,0.000,0.0,3.02,
2026-10-01T11:15:01.354,1790817301.016,22,hmm_wokal_ebike,hmm,False,-37.90831761603001,145.1324040228503,True,1758.8003,1641.5623,1758.8003,1641.5623,1736.5636,1644.2874,1736.5636,1644.2874,-37.90828905,145.13215182,1734.5700,1644.5315,-1272942443#1,True,1272942443#1,0,,False,22.4030,0.000000,emission=-29.492 transition=1.517 sigma=3.023 num_candidates=5.000,,22.4030,22.4030,22.4030,0.868,0.000,0.000,0.0,3.02,
2026-10-01T11:15:01.354,1790817301.016,22,hmm_wkal_ebike,hmm,True,-37.90831761603001,145.1324040228503,True,1758.8003,1641.5623,1758.7986,1641.5554,1736.5627,1644.2804,1736.5627,1644.2804,-37.90828912,145.13215181,1734.5692,1644.5245,-1272942443#1,True,1272942443#1,0,,False,22.4023,0.000000,emission=-29.491 transition=1.537 sigma=3.023 num_candidates=5.000,,22.4030,22.4030,22.4023,0.806,0.000,0.000,0.0,3.02,
2026-10-01T11:15:01.354,1790817301.016,22,st_wokal_ebike,st,False,-37.90831761603001,145.1324040228503,True,1758.8003,1641.5623,1758.8003,1641.5623,1736.5636,1644.2874,1736.5636,1644.2874,-37.90828905,145.13215182,1734.5700,1644.5315,-1272942443#1,True,1272942443#1,0,,False,22.4030,-36.450035,obs=0.011 trans=1.000 fs=0.011 ft=1.000,8,22.4030,22.4030,22.4030,1.992,0.000,0.000,0.0,3.02,
2026-10-01T11:15:01.354,1790817301.016,22,st_wkal_ebike,st,True,-37.90831761603001,145.1324040228503,True,1758.8003,1641.5623,1758.7986,1641.5554,1736.5627,1644.2804,1736.5627,1644.2804,-37.90828912,145.13215181,1734.5692,1644.5245,-1272942443#1,True,1272942443#1,0,,False,22.4023,-36.455486,obs=0.011 trans=1.000 fs=0.011 ft=1.000,8,22.4030,22.4030,22.4023,2.026,0.000,0.000,0.0,3.02,
2026-10-01T11:15:07.510,1790817307.379,23,native_wokal_ebike,native,False,-37.90831524206642,145.13240334540663,True,1758.7354,1641.8246,1758.7354,1641.8246,1736.5942,1644.5367,1736.5942,1644.5367,-37.90828681,145.13215222,1734.6005,1644.7808,-1272942443#1,True,1272942443#1,0,62.2061,False,,,,,22.3067,22.3067,22.3067,22.486,0.000,0.000,0.0,2.99,
2026-10-01T11:15:07.510,1790817307.379,23,native_wkal_ebike,native,True,-37.90831524206642,145.13240334540663,True,1758.7354,1641.8246,1758.7391,1641.8088,1736.5923,1644.5216,1736.5923,1644.5216,-37.90828695,145.13215220,1734.5987,1644.7657,-1272942443#1,True,1272942443#1,0,62.2214,False,,,,,22.3068,22.3068,22.3123,23.461,0.000,0.000,0.0,2.99,
2026-10-01T11:15:07.510,1790817307.379,23,topo_wokal_ebike,topo,False,-37.90831524206642,145.13240334540663,True,1758.7354,1641.8246,1758.7354,1641.8246,1736.5943,1644.5379,1736.5943,1644.5379,-37.90828680,145.13215223,1734.6007,1644.7821,-1272942443#1,True,1272942443#1,0,,False,22.3067,0.582384,prox=0.331 head=0.500 conn=1.000 turn=1.000,,22.3067,22.3067,22.3067,0.551,0.000,0.000,0.0,2.99,
2026-10-01T11:15:07.510,1790817307.379,23,topo_wkal_ebike,topo,True,-37.90831524206642,145.13240334540663,True,1758.7354,1641.8246,1758.7391,1641.8088,1736.5925,1644.5228,1736.5925,1644.5228,-37.90828694,145.13215220,1734.5988,1644.7669,-1272942443#1,True,1272942443#1,0,,False,22.3123,0.582311,prox=0.331 head=0.500 conn=1.000 turn=1.000,,22.3068,22.3068,22.3123,0.524,0.000,0.000,0.0,2.99,
2026-10-01T11:15:07.510,1790817307.379,23,fuzzy_wokal_ebike,fuzzy,False,-37.90831524206642,145.13240334540663,True,1758.7354,1641.8246,1758.7354,1641.8246,1734.6004,1644.7798,1734.6004,1644.7798,-37.90828426,145.13212961,1734.6004,1644.7798,-1272942443#1,False,-1272942443#1,0,,False,24.3152,50.000000,short=0.000 small=1.000 angle_diff=6.981 mode=following,,24.3152,24.3152,24.3152,0.116,0.000,0.000,0.0,2.99,
2026-10-01T11:15:07.510,1790817307.379,23,fuzzy_wkal_ebike,fuzzy,True,-37.90831524206642,145.13240334540663,True,1758.7354,1641.8246,1758.7391,1641.8088,1734.5986,1644.7647,1734.5986,1644.7647,-37.90828440,145.13212959,1734.5986,1644.7647,-1272942443#1,False,-1272942443#1,0,,False,24.3208,50.000000,short=0.000 small=1.000 angle_diff=6.981 mode=following,,24.3152,24.3152,24.3208,0.066,0.000,0.000,0.0,2.99,
2026-10-01T11:15:07.510,1790817307.379,23,hmm_wokal_ebike,hmm,False,-37.90831524206642,145.13240334540663,True,1758.7354,1641.8246,1758.7354,1641.8246,1736.5943,1644.5379,1736.5943,1644.5379,-37.90828680,145.13215223,1734.6007,1644.7821,-1272942443#1,True,1272942443#1,0,,False,22.3067,0.000000,emission=-29.856 transition=1.521 sigma=2.989 num_candidates=5.000,,22.3067,22.3067,22.3067,0.679,0.000,0.000,0.0,2.99,
2026-10-01T11:15:07.510,1790817307.379,23,hmm_wkal_ebike,hmm,True,-37.90831524206642,145.13240334540663,True,1758.7354,1641.8246,1758.7391,1641.8088,1736.5925,1644.5228,1736.5925,1644.5228,-37.90828694,145.13215220,1734.5988,1644.7669,-1272942443#1,True,1272942443#1,0,,False,22.3123,0.000000,emission=-29.870 transition=1.529 sigma=2.989 num_candidates=5.000,,22.3068,22.3068,22.3123,1.406,0.000,0.000,0.0,2.99,
2026-10-01T11:15:07.510,1790817307.379,23,st_wokal_ebike,st,False,-37.90831524206642,145.13240334540663,True,1758.7354,1641.8246,1758.7354,1641.8246,1736.5943,1644.5379,1736.5943,1644.5379,-37.90828680,145.13215223,1734.6007,1644.7821,-1272942443#1,True,1272942443#1,0,,False,22.3067,-36.426796,obs=0.011 trans=1.000 fs=0.011 ft=1.000,8,22.3067,22.3067,22.3067,1.920,0.000,0.000,0.0,2.99,
2026-10-01T11:15:07.510,1790817307.379,23,st_wkal_ebike,st,True,-37.90831524206642,145.13240334540663,True,1758.7354,1641.8246,1758.7391,1641.8088,1736.5925,1644.5228,1736.5925,1644.5228,-37.90828694,145.13215220,1734.5988,1644.7669,-1272942443#1,True,1272942443#1,0,,False,22.3123,-36.433059,obs=0.011 trans=1.000 fs=0.011 ft=1.000,8,22.3068,22.3068,22.3123,1.872,0.000,0.000,0.0,2.99,
2026-10-01T11:15:19.740,1790817319.016,24,native_wokal_ebike,native,False,-37.90831296853141,145.13240269662168,True,1758.6733,1642.0757,1758.6733,1642.0757,1736.6236,1644.7766,1736.6236,1644.7766,-37.90828466,145.13215261,1734.6299,1645.0207,-1272942443#1,True,1272942443#1,0,61.9644,False,,,,,22.2146,22.2146,22.2146,21.213,0.000,0.000,0.0,2.96,
2026-10-01T11:15:19.740,1790817319.016,24,native_wkal_ebike,native,True,-37.90831296853141,145.13240269662168,True,1758.6733,1642.0757,1758.6713,1642.0850,1736.6246,1644.7855,1736.6246,1644.7855,-37.90828458,145.13215263,1734.6310,1645.0296,-1272942443#1,True,1272942443#1,0,61.9555,False,,,,,22.2146,22.2146,22.2114,19.920,0.000,0.000,0.0,2.96,
2026-10-01T11:15:19.740,1790817319.016,24,topo_wokal_ebike,topo,False,-37.90831296853141,145.13240269662168,True,1758.6733,1642.0757,1758.6733,1642.0757,1736.6237,1644.7779,1736.6237,1644.7779,-37.90828465,145.13215262,1734.6301,1645.0220,-1272942443#1,True,1272942443#1,0,,False,22.2146,0.583597,prox=0.334 head=0.500 conn=1.000 turn=1.000,,22.2146,22.2146,22.2146,0.648,0.000,0.000,0.0,2.96,
2026-10-01T11:15:19.740,1790817319.016,24,topo_wkal_ebike,topo,True,-37.90831296853141,145.13240269662168,True,1758.6733,1642.0757,1758.6713,1642.0850,1736.6248,1644.7867,1736.6248,1644.7867,-37.90828457,145.13215263,1734.6312,1645.0308,-1272942443#1,True,1272942443#1,0,,False,22.2114,0.583638,prox=0.334 head=0.500 conn=1.000 turn=1.000,,22.2146,22.2146,22.2114,0.503,0.000,0.000,0.0,2.96,
2026-10-01T11:15:19.740,1790817319.016,24,fuzzy_wokal_ebike,fuzzy,False,-37.90831296853141,145.13240269662168,True,1758.6733,1642.0757,1758.6733,1642.0757,1734.6298,1645.0197,1734.6298,1645.0197,-37.90828211,145.13213000,1734.6298,1645.0197,-1272942443#1,False,-1272942443#1,0,,False,24.2231,50.000000,short=0.000 small=1.000 angle_diff=6.981 mode=following,,24.2231,24.2231,24.2231,0.079,0.000,0.000,0.0,2.96,
2026-10-01T11:15:19.740,1790817319.016,24,fuzzy_wkal_ebike,fuzzy,True,-37.90831296853141,145.13240269662168,True,1758.6733,1642.0757,1758.6713,1642.0850,1734.6309,1645.0286,1734.6309,1645.0286,-37.90828203,145.13213002,1734.6309,1645.0286,-1272942443#1,False,-1272942443#1,0,,False,24.2200,50.000000,short=0.000 small=1.000 angle_diff=6.981 mode=following,,24.2231,24.2231,24.2200,0.073,0.000,0.000,0.0,2.96,
2026-10-01T11:15:19.740,1790817319.016,24,hmm_wokal_ebike,hmm,False,-37.90831296853141,145.13240269662168,True,1758.6733,1642.0757,1758.6733,1642.0757,1736.6237,1644.7779,1736.6237,1644.7779,-37.90828465,145.13215262,1734.6301,1645.0220,-1272942443#1,True,1272942443#1,0,,False,22.2146,0.000000,emission=-30.191 transition=1.525 sigma=2.959 num_candidates=5.000,,22.2146,22.2146,22.2146,0.794,0.000,0.000,0.0,2.96,
2026-10-01T11:15:19.740,1790817319.016,24,hmm_wkal_ebike,hmm,True,-37.90831296853141,145.13240269662168,True,1758.6733,1642.0757,1758.6713,1642.0850,1736.6248,1644.7867,1736.6248,1644.7867,-37.90828457,145.13215263,1734.6312,1645.0308,-1272942443#1,True,1272942443#1,0,,False,22.2114,0.000000,emission=-30.184 transition=1.517 sigma=2.959 num_candidates=5.000,,22.2146,22.2146,22.2114,0.786,0.000,0.000,0.0,2.96,
2026-10-01T11:15:19.740,1790817319.016,24,st_wokal_ebike,st,False,-37.90831296853141,145.13240269662168,True,1758.6733,1642.0757,1758.6733,1642.0757,1736.6237,1644.7779,1736.6237,1644.7779,-37.90828465,145.13215262,1734.6301,1645.0220,-1272942443#1,True,1272942443#1,0,,False,22.2146,-36.398428,obs=0.011 trans=1.000 fs=0.011 ft=1.000,8,22.2146,22.2146,22.2146,1.925,0.000,0.000,0.0,2.96,
2026-10-01T11:15:19.740,1790817319.016,24,st_wkal_ebike,st,True,-37.90831296853141,145.13240269662168,True,1758.6733,1642.0757,1758.6713,1642.0850,1736.6248,1644.7867,1736.6248,1644.7867,-37.90828457,145.13215263,1734.6312,1645.0308,-1272942443#1,True,1272942443#1,0,,False,22.2114,-36.402953,obs=0.011 trans=1.000 fs=0.011 ft=1.000,8,22.2146,22.2146,22.2114,1.930,0.000,0.000,0.0,2.96,
2026-10-01T11:15:23.864,1790817322.381,25,native_wokal_ebike,native,False,-37.90831296852519,145.13240269661992,True,1758.6733,1642.0757,1758.6733,1642.0757,1736.6236,1644.7766,1736.6236,1644.7766,-37.90828466,145.13215261,1734.6299,1645.0207,-1272942443#1,True,1272942443#1,0,61.9644,False,,,,,22.2146,22.2146,22.2146,22.553,0.000,0.000,0.0,2.96,
2026-10-01T11:15:23.864,1790817322.381,25,native_wkal_ebike,native,True,-37.90831296852519,145.13240269661992,True,1758.6733,1642.0757,1758.6670,1642.1018,1736.6266,1644.8016,1736.6266,1644.8016,-37.90828443,145.13215265,1734.6330,1645.0457,-1272942443#1,True,1272942443#1,0,61.9393,False,,,,,22.2146,22.2146,22.2051,19.023,0.000,0.000,0.0,2.96,
2026-10-01T11:15:23.864,1790817322.381,25,topo_wokal_ebike,topo,False,-37.90831296852519,145.13240269661992,True,1758.6733,1642.0757,1758.6733,1642.0757,1736.6237,1644.7779,1736.6237,1644.7779,-37.90828465,145.13215262,1734.6301,1645.0220,-1272942443#1,True,1272942443#1,0,,False,22.2146,0.583597,prox=0.334 head=0.500 conn=1.000 turn=1.000,,22.2146,22.2146,22.2146,0.525,0.000,0.000,0.0,2.96,
2026-10-01T11:15:23.864,1790817322.381,25,topo_wkal_ebike,topo,True,-37.90831296852519,145.13240269661992,True,1758.6733,1642.0757,1758.6670,1642.1018,1736.6268,1644.8028,1736.6268,1644.8028,-37.90828442,145.13215266,1734.6331,1645.0469,-1272942443#1,True,1272942443#1,0,,False,22.2051,0.583722,prox=0.334 head=0.500 conn=1.000 turn=1.000,,22.2146,22.2146,22.2051,0.540,0.000,0.000,0.0,2.96,
2026-10-01T11:15:23.864,1790817322.381,25,fuzzy_wokal_ebike,fuzzy,False,-37.90831296852519,145.13240269661992,True,1758.6733,1642.0757,1758.6733,1642.0757,1734.6298,1645.0197,1734.6298,1645.0197,-37.90828211,145.13213000,1734.6298,1645.0197,-1272942443#1,False,-1272942443#1,0,,False,24.2231,50.000000,short=0.000 small=1.000 angle_diff=6.981 mode=following,,24.2231,24.2231,24.2231,0.079,0.000,0.000,0.0,2.96,
2026-10-01T11:15:23.864,1790817322.381,25,fuzzy_wkal_ebike,fuzzy,True,-37.90831296852519,145.13240269661992,True,1758.6733,1642.0757,1758.6670,1642.1018,1734.6329,1645.0447,1734.6329,1645.0447,-37.90828188,145.13213004,1734.6329,1645.0447,-1272942443#1,False,-1272942443#1,0,,False,24.2136,50.000000,short=0.000 small=1.000 angle_diff=6.981 mode=following,,24.2231,24.2231,24.2136,0.077,0.000,0.000,0.0,2.96,
2026-10-01T11:15:23.864,1790817322.381,25,hmm_wokal_ebike,hmm,False,-37.90831296852519,145.13240269661992,True,1758.6733,1642.0757,1758.6733,1642.0757,1736.6237,1644.7779,1736.6237,1644.7779,-37.90828465,145.13215262,1734.6301,1645.0220,-1272942443#1,True,1272942443#1,0,,False,22.2146,0.000000,emission=-30.188 transition=1.609 sigma=2.959 num_candidates=5.000,,22.2146,22.2146,22.2146,0.787,0.000,0.000,0.0,2.96,
2026-10-01T11:15:23.864,1790817322.381,25,hmm_wkal_ebike,hmm,True,-37.90831296852519,145.13240269661992,True,1758.6733,1642.0757,1758.6670,1642.1018,1736.6268,1644.8028,1736.6268,1644.8028,-37.90828442,145.13215266,1734.6331,1645.0469,-1272942443#1,True,1272942443#1,0,,False,22.2051,0.000000,emission=-30.164 transition=1.603 sigma=2.959 num_candidates=5.000,,22.2146,22.2146,22.2051,0.789,0.000,0.000,0.0,2.96,
2026-10-01T11:15:23.864,1790817322.381,25,st_wokal_ebike,st,False,-37.90831296852519,145.13240269661992,True,1758.6733,1642.0757,1758.6733,1642.0757,1736.6237,1644.7779,1736.6237,1644.7779,-37.90828465,145.13215262,1734.6301,1645.0220,-1272942443#1,True,1272942443#1,0,,False,22.2146,-36.360279,obs=0.011 trans=1.000 fs=0.011 ft=1.000,8,22.2146,22.2146,22.2146,1.748,0.000,0.000,0.0,2.96,
2026-10-01T11:15:23.864,1790817322.381,25,st_wkal_ebike,st,True,-37.90831296852519,145.13240269661992,True,1758.6733,1642.0757,1758.6670,1642.1018,1736.6268,1644.8028,1736.6268,1644.8028,-37.90828442,145.13215266,1734.6331,1645.0469,-1272942443#1,True,1272942443#1,0,,False,22.2051,-36.364279,obs=0.011 trans=1.000 fs=0.011 ft=1.000,8,22.2146,22.2146,22.2051,1.973,0.000,0.000,0.0,2.96,
2026-10-01T11:15:32.056,1790817331.014,26,native_wokal_ebike,native,False,-37.908310790300064,145.13240207503299,True,1758.6138,1642.3163,1758.6138,1642.3163,1736.6517,1645.0065,1736.6517,1645.0065,-37.90828259,145.13215299,1734.6581,1645.2506,-1272942443#1,True,1272942443#1,0,61.7328,False,,,,,22.1262,22.1262,22.1262,38.039,0.000,0.000,0.0,2.93,
2026-10-01T11:15:32.056,1790817331.014,26,native_wkal_ebike,native,True,-37.908310790300064,145.13240207503299,True,1758.6138,1642.3163,1758.6160,1642.3075,1736.6507,1644.9981,1736.6507,1644.9981,-37.90828267,145.13215297,1734.6570,1645.2422,-1272942443#1,True,1272942443#1,0,61.7413,False,,,,,22.1263,22.1263,22.1295,21.818,0.000,0.000,0.0,2.93,
2026-10-01T11:15:32.056,1790817331.014,26,topo_wokal_ebike,topo,False,-37.908310790300064,145.13240207503299,True,1758.6138,1642.3163,1758.6138,1642.3163,1736.6519,1645.0077,1736.6519,1645.0077,-37.90828258,145.13215299,1734.6582,1645.2519,-1272942443#1,True,1272942443#1,0,,False,22.1262,0.584765,prox=0.337 head=0.500 conn=1.000 turn=1.000,,22.1262,22.1262,22.1262,0.570,0.000,0.000,0.0,2.93,
2026-10-01T11:15:32.056,1790817331.014,26,topo_wkal_ebike,topo,True,-37.908310790300064,145.13240207503299,True,1758.6138,1642.3163,1758.6160,1642.3075,1736.6509,1644.9994,1736.6509,1644.9994,-37.90828266,145.13215297,1734.6572,1645.2435,-1272942443#1,True,1272942443#1,0,,False,22.1295,0.584722,prox=0.337 head=0.500 conn=1.000 turn=1.000,,22.1263,22.1263,22.1295,0.519,0.000,0.000,0.0,2.93,
2026-10-01T11:15:32.056,1790817331.014,26,fuzzy_wokal_ebike,fuzzy,False,-37.908310790300064,145.13240207503299,True,1758.6138,1642.3163,1758.6138,1642.3163,1734.6579,1645.2496,1734.6579,1645.2496,-37.90828004,145.13213037,1734.6579,1645.2496,-1272942443#1,False,-1272942443#1,0,,False,24.1348,50.000000,short=0.000 small=1.000 angle_diff=6.981 mode=following,,24.1348,24.1348,24.1348,0.113,0.000,0.000,0.0,2.93,
2026-10-01T11:15:32.056,1790817331.014,26,fuzzy_wkal_ebike,fuzzy,True,-37.908310790300064,145.13240207503299,True,1758.6138,1642.3163,1758.6160,1642.3075,1734.6569,1645.2412,1734.6569,1645.2412,-37.90828012,145.13213036,1734.6569,1645.2412,-1272942443#1,False,-1272942443#1,0,,False,24.1380,50.000000,short=0.000 small=1.000 angle_diff=6.981 mode=following,,24.1348,24.1348,24.1380,0.108,0.000,0.000,0.0,2.93,
2026-10-01T11:15:32.056,1790817331.014,26,hmm_wokal_ebike,hmm,False,-37.908310790300064,145.13240207503299,True,1758.6138,1642.3163,1758.6138,1642.3163,1736.6519,1645.0077,1736.6519,1645.0077,-37.90828258,145.13215299,1734.6582,1645.2519,-1272942443#1,True,1272942443#1,0,,False,22.1262,0.000000,emission=-30.542 transition=1.528 sigma=2.928 num_candidates=5.000,,22.1262,22.1262,22.1262,1.074,0.000,0.000,0.0,2.93,
2026-10-01T11:15:32.056,1790817331.014,26,hmm_wkal_ebike,hmm,True,-37.908310790300064,145.13240207503299,True,1758.6138,1642.3163,1758.6160,1642.3075,1736.6509,1644.9994,1736.6509,1644.9994,-37.90828266,145.13215297,1734.6572,1645.2435,-1272942443#1,True,1272942443#1,0,,False,22.1295,0.000000,emission=-30.551 transition=1.540 sigma=2.928 num_candidates=5.000,,22.1263,22.1263,22.1295,1.321,0.000,0.000,0.0,2.93,
2026-10-01T11:15:32.056,1790817331.014,26,st_wokal_ebike,st,False,-37.908310790300064,145.13240207503299,True,1758.6138,1642.3163,1758.6138,1642.3163,1736.6519,1645.0077,1736.6519,1645.0077,-37.90828258,145.13215299,1734.6582,1645.2519,-1272942443#1,True,1272942443#1,0,,False,22.1262,-36.317413,obs=0.011 trans=1.000 fs=0.011 ft=1.000,8,22.1262,22.1262,22.1262,2.174,0.000,0.000,0.0,2.93,
2026-10-01T11:15:32.056,1790817331.014,26,st_wkal_ebike,st,True,-37.908310790300064,145.13240207503299,True,1758.6138,1642.3163,1758.6160,1642.3075,1736.6509,1644.9994,1736.6509,1644.9994,-37.90828266,145.13215297,1734.6572,1645.2435,-1272942443#1,True,1272942443#1,0,,False,22.1295,-36.320584,obs=0.011 trans=1.000 fs=0.011 ft=1.000,8,22.1263,22.1263,22.1295,3.099,0.000,0.000,0.0,2.93,
2026-10-01T11:15:38.229,1790817337.384,27,native_wokal_ebike,native,False,-37.908308702547664,145.13240147926368,True,1758.5568,1642.5469,1758.5568,1642.5469,1736.6787,1645.2268,1736.6787,1645.2268,-37.90828061,145.13215334,1734.6851,1645.4709,-1272942443#1,True,1272942443#1,0,61.5108,False,,,,,22.0416,22.0416,22.0416,24.132,0.000,0.000,0.0,2.90,
2026-10-01T11:15:38.229,1790817337.384,27,native_wkal_ebike,native,True,-37.908308702547664,145.13240147926368,True,1758.5568,1642.5469,1758.5602,1642.5331,1736.6771,1645.2136,1736.6771,1645.2136,-37.90828073,145.13215332,1734.6834,1645.4577,-1272942443#1,True,1272942443#1,0,61.5242,False,,,,,22.0416,22.0416,22.0467,22.128,0.000,0.000,0.0,2.90,
2026-10-01T11:15:38.229,1790817337.384,27,topo_wokal_ebike,topo,False,-37.908308702547664,145.13240147926368,True,1758.5568,1642.5469,1758.5568,1642.5469,1736.6789,1645.2281,1736.6789,1645.2281,-37.90828060,145.13215335,1734.6852,1645.4722,-1272942443#1,True,1272942443#1,0,,False,22.0416,0.585889,prox=0.340 head=0.500 conn=1.000 turn=1.000,,22.0416,22.0416,22.0416,0.520,0.000,0.000,0.0,2.90,
2026-10-01T11:15:38.229,1790817337.384,27,topo_wkal_ebike,topo,True,-37.908308702547664,145.13240147926368,True,1758.5568,1642.5469,1758.5602,1642.5331,1736.6773,1645.2148,1736.6773,1645.2148,-37.90828072,145.13215332,1734.6836,1645.4590,-1272942443#1,True,1272942443#1,0,,False,22.0467,0.585821,prox=0.340 head=0.500 conn=1.000 turn=1.000,,22.0416,22.0416,22.0467,0.474,0.000,0.000,0.0,2.90,
2026-10-01T11:15:38.229,1790817337.384,27,fuzzy_wokal_ebike,fuzzy,False,-37.908308702547664,145.13240147926368,True,1758.5568,1642.5469,1758.5568,1642.5469,1734.6849,1645.4699,1734.6849,1645.4699,-37.90827806,145.13213073,1734.6849,1645.4699,-1272942443#1,False,-1272942443#1,0,,False,24.0502,50.000000,short=0.000 small=1.000 angle_diff=6.981 mode=following,,24.0502,24.0502,24.0502,0.096,0.000,0.000,0.0,2.90,
2026-10-01T11:15:38.229,1790817337.384,27,fuzzy_wkal_ebike,fuzzy,True,-37.908308702547664,145.13240147926368,True,1758.5568,1642.5469,1758.5602,1642.5331,1734.6833,1645.4567,1734.6833,1645.4567,-37.90827818,145.13213071,1734.6833,1645.4567,-1272942443#1,False,-1272942443#1,0,,False,24.0552,50.000000,short=0.000 small=1.000 angle_diff=6.981 mode=following,,24.0502,24.0502,24.0552,0.093,0.000,0.000,0.0,2.90,
2026-10-01T11:15:38.229,1790817337.384,27,hmm_wokal_ebike,hmm,False,-37.908308702547664,145.13240147926368,True,1758.5568,1642.5469,1758.5568,1642.5469,1736.6789,1645.2281,1736.6789,1645.2281,-37.90828060,145.13215335,1734.6852,1645.4722,-1272942443#1,True,1272942443#1,0,,False,22.0416,0.000000,emission=-30.908 transition=1.531 sigma=2.898 num_candidates=5.000,,22.0416,22.0416,22.0416,0.921,0.000,0.000,0.0,2.90,
2026-10-01T11:15:38.229,1790817337.384,27,hmm_wkal_ebike,hmm,True,-37.908308702547664,145.13240147926368,True,1758.5568,1642.5469,1758.5602,1642.5331,1736.6773,1645.2148,1736.6773,1645.2148,-37.90828072,145.13215332,1734.6836,1645.4590,-1272942443#1,True,1272942443#1,0,,False,22.0467,0.000000,emission=-30.921 transition=1.533 sigma=2.898 num_candidates=5.000,,22.0416,22.0416,22.0467,1.262,0.000,0.000,0.0,2.90,
2026-10-01T11:15:38.229,1790817337.384,27,st_wokal_ebike,st,False,-37.908308702547664,145.13240147926368,True,1758.5568,1642.5469,1758.5568,1642.5469,1736.6789,1645.2281,1736.6789,1645.2281,-37.90828060,145.13215335,1734.6852,1645.4722,-1272942443#1,True,1272942443#1,0,,False,22.0416,-36.285737,obs=0.011 trans=1.000 fs=0.011 ft=1.000,8,22.0416,22.0416,22.0416,1.950,0.000,0.000,0.0,2.90,
2026-10-01T11:15:38.229,1790817337.384,27,st_wkal_ebike,st,True,-37.908308702547664,145.13240147926368,True,1758.5568,1642.5469,1758.5602,1642.5331,1736.6773,1645.2148,1736.6773,1645.2148,-37.90828072,145.13215332,1734.6836,1645.4590,-1272942443#1,True,1272942443#1,0,,False,22.0467,-36.284206,obs=0.011 trans=1.000 fs=0.011 ft=1.000,8,22.0416,22.0416,22.0467,2.087,0.000,0.000,0.0,2.90,
2026-10-01T11:15:50.445,1790817349.014,28,native_wokal_ebike,native,False,-37.9083066975428,145.13240090710752,True,1758.5020,1642.7684,1758.5020,1642.7684,1736.7047,1645.4384,1736.7047,1645.4384,-37.90827871,145.13215369,1734.7110,1645.6825,-1272942443#1,True,1272942443#1,0,61.2977,False,,,,,21.9603,21.9603,21.9603,22.900,0.000,0.000,0.0,2.87,
2026-10-01T11:15:50.445,1790817349.014,28,native_wkal_ebike,native,True,-37.9083066975428,145.13240090710752,True,1758.5020,1642.7684,1758.5001,1642.7765,1736.7056,1645.4461,1736.7056,1645.4461,-37.90827864,145.13215370,1734.7119,1645.6902,-1272942443#1,True,1272942443#1,0,61.2899,False,,,,,21.9603,21.9603,21.9573,19.972,0.000,0.000,0.0,2.87,
2026-10-01T11:15:50.445,1790817349.014,28,topo_wokal_ebike,topo,False,-37.9083066975428,145.13240090710752,True,1758.5020,1642.7684,1758.5020,1642.7684,1736.7048,1645.4397,1736.7048,1645.4397,-37.90827870,145.13215369,1734.7111,1645.6838,-1272942443#1,True,1272942443#1,0,,False,21.9603,0.586973,prox=0.342 head=0.500 conn=1.000 turn=1.000,,21.9603,21.9603,21.9603,0.475,0.000,0.000,0.0,2.87,
2026-10-01T11:15:50.445,1790817349.014,28,topo_wkal_ebike,topo,True,-37.9083066975428,145.13240090710752,True,1758.5020,1642.7684,1758.5001,1642.7765,1736.7058,1645.4473,1736.7058,1645.4473,-37.90827863,145.13215370,1734.7121,1645.6915,-1272942443#1,True,1272942443#1,0,,False,21.9573,0.587013,prox=0.343 head=0.500 conn=1.000 turn=1.000,,21.9603,21.9603,21.9573,0.485,0.000,0.000,0.0,2.87,
2026-10-01T11:15:50.445,1790817349.014,28,fuzzy_wokal_ebike,fuzzy,False,-37.9083066975428,145.13240090710752,True,1758.5020,1642.7684,1758.5020,1642.7684,1734.7108,1645.6815,1734.7108,1645.6815,-37.90827616,145.13213107,1734.7108,1645.6815,-1272942443#1,False,-1272942443#1,0,,False,23.9689,50.000000,short=0.000 small=1.000 angle_diff=6.981 mode=following,,23.9689,23.9689,23.9689,0.078,0.000,0.000,0.0,2.87,
2026-10-01T11:15:50.445,1790817349.014,28,fuzzy_wkal_ebike,fuzzy,True,-37.9083066975428,145.13240090710752,True,1758.5020,1642.7684,1758.5001,1642.7765,1734.7118,1645.6892,1734.7118,1645.6892,-37.90827609,145.13213109,1734.7118,1645.6892,-1272942443#1,False,-1272942443#1,0,,False,23.9659,50.000000,short=0.000 small=1.000 angle_diff=6.981 mode=following,,23.9689,23.9689,23.9659,0.072,0.000,0.000,0.0,2.87,
2026-10-01T11:15:50.445,1790817349.014,28,hmm_wokal_ebike,hmm,False,-37.9083066975428,145.13240090710752,True,1758.5020,1642.7684,1758.5020,1642.7684,1736.7048,1645.4397,1736.7048,1645.4397,-37.90827870,145.13215369,1734.7111,1645.6838,-1272942443#1,True,1272942443#1,0,,False,21.9603,0.000000,emission=-31.243 transition=1.535 sigma=2.870 num_candidates=5.000,,21.9603,21.9603,21.9603,0.896,0.000,0.000,0.0,2.87,
2026-10-01T11:15:50.445,1790817349.014,28,hmm_wkal_ebike,hmm,True,-37.9083066975428,145.13240090710752,True,1758.5020,1642.7684,1758.5001,1642.7765,1736.7058,1645.4473,1736.7058,1645.4473,-37.90827863,145.13215370,1734.7121,1645.6915,-1272942443#1,True,1272942443#1,0,,False,21.9573,0.000000,emission=-31.235 transition=1.527 sigma=2.870 num_candidates=5.000,,21.9603,21.9603,21.9573,0.767,0.000,0.000,0.0,2.87,
2026-10-01T11:15:50.445,1790817349.014,28,st_wokal_ebike,st,False,-37.9083066975428,145.13240090710752,True,1758.5020,1642.7684,1758.5020,1642.7684,1736.7048,1645.4397,1736.7048,1645.4397,-37.90827870,145.13215369,1734.7111,1645.6838,-1272942443#1,True,1272942443#1,0,,False,21.9603,-36.255534,obs=0.011 trans=1.000 fs=0.011 ft=1.000,8,21.9603,21.9603,21.9603,1.578,0.000,0.000,0.0,2.87,
2026-10-01T11:15:50.445,1790817349.014,28,st_wkal_ebike,st,True,-37.9083066975428,145.13240090710752,True,1758.5020,1642.7684,1758.5001,1642.7765,1736.7058,1645.4473,1736.7058,1645.4473,-37.90827863,145.13215370,1734.7121,1645.6915,-1272942443#1,True,1272942443#1,0,,False,21.9573,-36.254291,obs=0.011 trans=1.000 fs=0.011 ft=1.000,8,21.9603,21.9603,21.9573,2.802,0.000,0.000,0.0,2.87,
2026-10-01T11:15:52.539,1790817352.385,29,native_wokal_ebike,native,False,-37.90830669753723,145.13240090710596,True,1758.5020,1642.7684,1758.5020,1642.7684,1736.7047,1645.4384,1736.7047,1645.4384,-37.90827871,145.13215369,1734.7110,1645.6825,-1272942443#1,True,1272942443#1,0,61.2977,False,,,,,21.9603,21.9603,21.9603,19.858,0.000,0.000,0.0,2.87,
2026-10-01T11:15:52.539,1790817352.385,29,native_wkal_ebike,native,True,-37.90830669753723,145.13240090710596,True,1758.5020,1642.7684,1758.4965,1642.7910,1736.7073,1645.4600,1736.7073,1645.4600,-37.90827852,145.13215372,1734.7136,1645.7041,-1272942443#1,True,1272942443#1,0,61.2759,False,,,,,21.9603,21.9603,21.9520,26.069,0.000,0.000,0.0,2.87,
2026-10-01T11:15:52.539,1790817352.385,29,topo_wokal_ebike,topo,False,-37.90830669753723,145.13240090710596,True,1758.5020,1642.7684,1758.5020,1642.7684,1736.7048,1645.4397,1736.7048,1645.4397,-37.90827870,145.13215369,1734.7111,1645.6838,-1272942443#1,True,1272942443#1,0,,False,21.9603,0.586973,prox=0.342 head=0.500 conn=1.000 turn=1.000,,21.9603,21.9603,21.9603,0.548,0.000,0.000,0.0,2.87,
2026-10-01T11:15:52.539,1790817352.385,29,topo_wkal_ebike,topo,True,-37.90830669753723,145.13240090710596,True,1758.5020,1642.7684,1758.4965,1642.7910,1736.7075,1645.4612,1736.7075,1645.4612,-37.90827851,145.13215372,1734.7138,1645.7053,-1272942443#1,True,1272942443#1,0,,False,21.9520,0.587084,prox=0.343 head=0.500 conn=1.000 turn=1.000,,21.9603,21.9603,21.9520,0.524,0.000,0.000,0.0,2.87,
2026-10-01T11:15:52.539,1790817352.385,29,fuzzy_wokal_ebike,fuzzy,False,-37.90830669753723,145.13240090710596,True,1758.5020,1642.7684,1758.5020,1642.7684,1734.7108,1645.6815,1734.7108,1645.6815,-37.90827616,145.13213107,1734.7108,1645.6815,-1272942443#1,False,-1272942443#1,0,,False,23.9689,50.000000,short=0.000 small=1.000 angle_diff=6.981 mode=following,,23.9689,23.9689,23.9689,0.079,0.000,0.000,0.0,2.87,
2026-10-01T11:15:52.539,1790817352.385,29,fuzzy_wkal_ebike,fuzzy,True,-37.90830669753723,145.13240090710596,True,1758.5020,1642.7684,1758.4965,1642.7910,1734.7135,1645.7031,1734.7135,1645.7031,-37.90827597,145.13213111,1734.7135,1645.7031,-1272942443#1,False,-1272942443#1,0,,False,23.9606,50.000000,short=0.000 small=1.000 angle_diff=6.981 mode=following,,23.9689,23.9689,23.9606,0.079,0.000,0.000,0.0,2.87,
2026-10-01T11:15:52.539,1790817352.385,29,hmm_wokal_ebike,hmm,False,-37.90830669753723,145.13240090710596,True,1758.5020,1642.7684,1758.5020,1642.7684,1736.7048,1645.4397,1736.7048,1645.4397,-37.90827870,145.13215369,1734.7111,1645.6838,-1272942443#1,True,1272942443#1,0,,False,21.9603,0.000000,emission=-31.239 transition=1.609 sigma=2.870 num_candidates=5.000,,21.9603,21.9603,21.9603,0.808,0.000,0.000,0.0,2.87,
2026-10-01T11:15:52.539,1790817352.385,29,hmm_wkal_ebike,hmm,True,-37.90830669753723,145.13240090710596,True,1758.5020,1642.7684,1758.4965,1642.7910,1736.7075,1645.4612,1736.7075,1645.4612,-37.90827851,145.13215372,1734.7138,1645.7053,-1272942443#1,True,1272942443#1,0,,False,21.9520,0.000000,emission=-31.217 transition=1.605 sigma=2.870 num_candidates=5.000,,21.9603,21.9603,21.9520,0.769,0.000,0.000,0.0,2.87,
2026-10-01T11:15:52.539,1790817352.385,29,st_wokal_ebike,st,False,-37.90830669753723,145.13240090710596,True,1758.5020,1642.7684,1758.5020,1642.7684,1736.7048,1645.4397,1736.7048,1645.4397,-37.90827870,145.13215369,1734.7111,1645.6838,-1272942443#1,True,1272942443#1,0,,False,21.9603,-36.225332,obs=0.011 trans=1.000 fs=0.011 ft=1.000,8,21.9603,21.9603,21.9603,1.810,0.000,0.000,0.0,2.87,
2026-10-01T11:15:52.539,1790817352.385,29,st_wkal_ebike,st,True,-37.90830669753723,145.13240090710596,True,1758.5020,1642.7684,1758.4965,1642.7910,1736.7075,1645.4612,1736.7075,1645.4612,-37.90827851,145.13215372,1734.7138,1645.7053,-1272942443#1,True,1272942443#1,0,,False,21.9520,-36.224740,obs=0.011 trans=1.000 fs=0.011 ft=1.000,8,21.9603,21.9603,21.9520,1.812,0.000,0.000,0.0,2.87,
2026-10-01T11:16:02.768,1790817361.015,30,native_wokal_ebike,native,False,-37.90830477150063,145.1324003574845,True,1758.4494,1642.9812,1758.4494,1642.9812,1736.7296,1645.6417,1736.7296,1645.6417,-37.90827689,145.13215402,1734.7358,1645.8858,-1272942443#1,True,1272942443#1,0,61.0929,False,,,,,21.8822,21.8822,21.8822,24.598,0.000,0.000,0.0,2.84,
2026-10-01T11:16:02.768,1790817361.015,30,native_wkal_ebike,native,True,-37.90830477150063,145.1324003574845,True,1758.4494,1642.9812,1758.4514,1642.9734,1736.7287,1645.6342,1736.7287,1645.6342,-37.90827695,145.13215400,1734.7349,1645.8784,-1272942443#1,True,1272942443#1,0,61.1004,False,,,,,21.8822,21.8822,21.8851,18.748,0.000,0.000,0.0,2.84,
2026-10-01T11:16:02.768,1790817361.015,30,topo_wokal_ebike,topo,False,-37.90830477150063,145.1324003574845,True,1758.4494,1642.9812,1758.4494,1642.9812,1736.7297,1645.6429,1736.7297,1645.6429,-37.90827687,145.13215402,1734.7360,1645.8870,-1272942443#1,True,1272942443#1,0,,False,21.8822,0.588020,prox=0.345 head=0.500 conn=1.000 turn=1.000,,21.8822,21.8822,21.8822,0.583,0.000,0.000,0.0,2.84,
2026-10-01T11:16:02.768,1790817361.015,30,topo_wkal_ebike,topo,True,-37.90830477150063,145.1324003574845,True,1758.4494,1642.9812,1758.4514,1642.9734,1736.7288,1645.6355,1736.7288,1645.6355,-37.90827694,145.13215401,1734.7351,1645.8796,-1272942443#1,True,1272942443#1,0,,False,21.8851,0.587981,prox=0.345 head=0.500 conn=1.000 turn=1.000,,21.8822,21.8822,21.8851,0.521,0.000,0.000,0.0,2.84,
2026-10-01T11:16:02.768,1790817361.015,30,fuzzy_wokal_ebike,fuzzy,False,-37.90830477150063,145.1324003574845,True,1758.4494,1642.9812,1758.4494,1642.9812,1734.7357,1645.8848,1734.7357,1645.8848,-37.90827434,145.13213140,1734.7357,1645.8848,-1272942443#1,False,-1272942443#1,0,,False,23.8908,50.000000,short=0.000 small=1.000 angle_diff=6.981 mode=following,,23.8908,23.8908,23.8908,0.083,0.000,0.000,0.0,2.84,
2026-10-01T11:16:02.768,1790817361.015,30,fuzzy_wkal_ebike,fuzzy,True,-37.90830477150063,145.1324003574845,True,1758.4494,1642.9812,1758.4514,1642.9734,1734.7348,1645.8774,1734.7348,1645.8774,-37.90827440,145.13213139,1734.7348,1645.8774,-1272942443#1,False,-1272942443#1,0,,False,23.8937,50.000000,short=0.000 small=1.000 angle_diff=6.981 mode=following,,23.8908,23.8908,23.8937,0.077,0.000,0.000,0.0,2.84,
2026-10-01T11:16:02.768,1790817361.015,30,hmm_wokal_ebike,hmm,False,-37.90830477150063,145.1324003574845,True,1758.4494,1642.9812,1758.4494,1642.9812,1736.7297,1645.6429,1736.7297,1645.6429,-37.90827687,145.13215402,1734.7360,1645.8870,-1272942443#1,True,1272942443#1,0,,False,21.8822,0.000000,emission=-31.594 transition=1.538 sigma=2.843 num_candidates=5.000,,21.8822,21.8822,21.8822,0.800,0.000,0.000,0.0,2.84,
2026-10-01T11:16:02.768,1790817361.015,30,hmm_wkal_ebike,hmm,True,-37.90830477150063,145.1324003574845,True,1758.4494,1642.9812,1758.4514,1642.9734,1736.7288,1645.6355,1736.7288,1645.6355,-37.90827694,145.13215401,1734.7351,1645.8796,-1272942443#1,True,1272942443#1,0,,False,21.8851,0.000000,emission=-31.601 transition=1.548 sigma=2.843 num_candidates=5.000,,21.8822,21.8822,21.8851,0.779,0.000,0.000,0.0,2.84,
2026-10-01T11:16:02.768,1790817361.015,30,st_wokal_ebike,st,False,-37.90830477150063,145.1324003574845,True,1758.4494,1642.9812,1758.4494,1642.9812,1736.7297,1645.6429,1736.7297,1645.6429,-37.90827687,145.13215402,1734.7360,1645.8870,-1272942443#1,True,1272942443#1,0,,False,21.8822,-36.196503,obs=0.011 trans=1.000 fs=0.011 ft=1.000,8,21.8822,21.8822,21.8822,1.874,0.000,0.000,0.0,2.84,
2026-10-01T11:16:02.768,1790817361.015,30,st_wkal_ebike,st,True,-37.90830477150063,145.1324003574845,True,1758.4494,1642.9812,1758.4514,1642.9734,1736.7288,1645.6355,1736.7288,1645.6355,-37.90827694,145.13215401,1734.7351,1645.8796,-1272942443#1,True,1272942443#1,0,,False,21.8851,-36.196109,obs=0.011 trans=1.000 fs=0.011 ft=1.000,8,21.8822,21.8822,21.8851,1.791,0.000,0.000,0.0,2.84,
2026-10-01T11:16:08.936,1790817367.387,31,native_wokal_ebike,native,False,-37.90830292083929,145.13239982937245,True,1758.3989,1643.1856,1758.3989,1643.1856,1736.7535,1645.8370,1736.7535,1645.8370,-37.90827513,145.13215433,1734.7598,1646.0811,-1272942443#1,True,1272942443#1,0,60.8961,False,,,,,21.8072,21.8072,21.8072,34.125,0.000,0.000,0.0,2.81,
2026-10-01T11:16:08.936,1790817367.387,31,native_wkal_ebike,native,True,-37.90830292083929,145.13239982937245,True,1758.3989,1643.1856,1758.4018,1643.1737,1736.7521,1645.8256,1736.7521,1645.8256,-37.90827523,145.13215431,1734.7584,1646.0697,-1272942443#1,True,1272942443#1,0,60.9076,False,,,,,21.8072,21.8072,21.8115,21.331,0.000,0.000,0.0,2.81,
2026-10-01T11:16:08.936,1790817367.387,31,topo_wokal_ebike,topo,False,-37.90830292083929,145.13239982937245,True,1758.3989,1643.1856,1758.3989,1643.1856,1736.7537,1645.8382,1736.7537,1645.8382,-37.90827512,145.13215433,1734.7599,1646.0823,-1272942443#1,True,1272942443#1,0,,False,21.8072,0.589029,prox=0.348 head=0.500 conn=1.000 turn=1.000,,21.8072,21.8072,21.8072,0.557,0.000,0.000,0.0,2.81,
2026-10-01T11:16:08.936,1790817367.387,31,topo_wkal_ebike,topo,True,-37.90830292083929,145.13239982937245,True,1758.3989,1643.1856,1758.4018,1643.1737,1736.7523,1645.8268,1736.7523,1645.8268,-37.90827522,145.13215432,1734.7585,1646.0710,-1272942443#1,True,1272942443#1,0,,False,21.8115,0.588970,prox=0.347 head=0.500 conn=1.000 turn=1.000,,21.8072,21.8072,21.8115,0.510,0.000,0.000,0.0,2.81,
2026-10-01T11:16:08.936,1790817367.387,31,fuzzy_wokal_ebike,fuzzy,False,-37.90830292083929,145.13239982937245,True,1758.3989,1643.1856,1758.3989,1643.1856,1734.7596,1646.0801,1734.7596,1646.0801,-37.90827258,145.13213172,1734.7596,1646.0801,-1272942443#1,False,-1272942443#1,0,,False,23.8158,50.000000,short=0.000 small=1.000 angle_diff=6.981 mode=following,,23.8158,23.8158,23.8158,0.075,0.000,0.000,0.0,2.81,
2026-10-01T11:16:08.936,1790817367.387,31,fuzzy_wkal_ebike,fuzzy,True,-37.90830292083929,145.13239982937245,True,1758.3989,1643.1856,1758.4018,1643.1737,1734.7582,1646.0687,1734.7582,1646.0687,-37.90827268,145.13213170,1734.7582,1646.0687,-1272942443#1,False,-1272942443#1,0,,False,23.8202,50.000000,short=0.000 small=1.000 angle_diff=6.981 mode=following,,23.8158,23.8158,23.8202,0.075,0.000,0.000,0.0,2.81,
2026-10-01T11:16:08.936,1790817367.387,31,hmm_wokal_ebike,hmm,False,-37.90830292083929,145.13239982937245,True,1758.3989,1643.1856,1758.3989,1643.1856,1736.7537,1645.8382,1736.7537,1645.8382,-37.90827512,145.13215433,1734.7599,1646.0823,-1272942443#1,True,1272942443#1,0,,False,21.8072,0.000000,emission=-31.961 transition=1.540 sigma=2.815 num_candidates=5.000,,21.8072,21.8072,21.8072,0.641,0.000,0.000,0.0,2.81,
2026-10-01T11:16:08.936,1790817367.387,31,hmm_wkal_ebike,hmm,True,-37.90830292083929,145.13239982937245,True,1758.3989,1643.1856,1758.4018,1643.1737,1736.7523,1645.8268,1736.7523,1645.8268,-37.90827522,145.13215432,1734.7585,1646.0710,-1272942443#1,True,1272942443#1,0,,False,21.8115,0.000000,emission=-31.973 transition=1.542 sigma=2.815 num_candidates=5.000,,21.8072,21.8072,21.8115,0.818,0.000,0.000,0.0,2.81,
2026-10-01T11:16:08.936,1790817367.387,31,st_wokal_ebike,st,False,-37.90830292083929,145.13239982937245,True,1758.3989,1643.1856,1758.3989,1643.1856,1736.7537,1645.8382,1736.7537,1645.8382,-37.90827512,145.13215433,1734.7599,1646.0823,-1272942443#1,True,1272942443#1,0,,False,21.8072,-36.168955,obs=0.011 trans=1.000 fs=0.011 ft=1.000,8,21.8072,21.8072,21.8072,1.948,0.000,0.000,0.0,2.81,
2026-10-01T11:16:08.936,1790817367.387,31,st_wkal_ebike,st,True,-37.90830292083929,145.13239982937245,True,1758.3989,1643.1856,1758.4018,1643.1737,1736.7523,1645.8268,1736.7523,1645.8268,-37.90827522,145.13215432,1734.7585,1646.0710,-1272942443#1,True,1272942443#1,0,,False,21.8115,-36.168490,obs=0.011 trans=1.000 fs=0.011 ft=1.000,8,21.8072,21.8072,21.8115,1.799,0.000,0.000,0.0,2.81,
2026-10-01T11:16:19.140,1790817379.015,32,native_wokal_ebike,native,False,-37.908301139136526,145.1323993209387,True,1758.3502,1643.3824,1758.3502,1643.3824,1736.7765,1646.0250,1736.7765,1646.0250,-37.90827344,145.13215464,1734.7828,1646.2691,-1272942443#1,True,1272942443#1,0,60.7067,False,,,,,21.7349,21.7349,21.7349,36.768,0.000,0.000,0.0,2.79,
2026-10-01T11:16:19.140,1790817379.015,32,native_wkal_ebike,native,True,-37.908301139136526,145.1323993209387,True,1758.3502,1643.3824,1758.3485,1643.3894,1736.7774,1646.0317,1736.7774,1646.0317,-37.90827338,145.13215465,1734.7836,1646.2758,-1272942443#1,True,1272942443#1,0,60.7000,False,,,,,21.7349,21.7349,21.7324,38.207,0.000,0.000,0.0,2.79,
2026-10-01T11:16:19.140,1790817379.015,32,topo_wokal_ebike,topo,False,-37.908301139136526,145.1323993209387,True,1758.3502,1643.3824,1758.3502,1643.3824,1736.7767,1646.0262,1736.7767,1646.0262,-37.90827343,145.13215464,1734.7829,1646.2704,-1272942443#1,True,1272942443#1,0,,False,21.7349,0.590004,prox=0.350 head=0.500 conn=1.000 turn=1.000,,21.7349,21.7349,21.7349,0.853,0.000,0.000,0.0,2.79,
2026-10-01T11:16:19.140,1790817379.015,32,topo_wkal_ebike,topo,True,-37.908301139136526,145.1323993209387,True,1758.3502,1643.3824,1758.3485,1643.3894,1736.7775,1646.0329,1736.7775,1646.0329,-37.90827337,145.13215465,1734.7837,1646.2770,-1272942443#1,True,1272942443#1,0,,False,21.7324,0.590038,prox=0.350 head=0.500 conn=1.000 turn=1.000,,21.7349,21.7349,21.7324,0.836,0.000,0.000,0.0,2.79,
2026-10-01T11:16:19.140,1790817379.015,32,fuzzy_wokal_ebike,fuzzy,False,-37.908301139136526,145.1323993209387,True,1758.3502,1643.3824,1758.3502,1643.3824,1734.7827,1646.2681,1734.7827,1646.2681,-37.90827089,145.13213202,1734.7827,1646.2681,-1272942443#1,False,-1272942443#1,0,,False,23.7436,50.000000,short=0.000 small=1.000 angle_diff=6.981 mode=following,,23.7436,23.7436,23.7436,0.124,0.000,0.000,0.0,2.79,
2026-10-01T11:16:19.140,1790817379.015,32,fuzzy_wkal_ebike,fuzzy,True,-37.908301139136526,145.1323993209387,True,1758.3502,1643.3824,1758.3485,1643.3894,1734.7835,1646.2748,1734.7835,1646.2748,-37.90827083,145.13213203,1734.7835,1646.2748,-1272942443#1,False,-1272942443#1,0,,False,23.7410,50.000000,short=0.000 small=1.000 angle_diff=6.981 mode=following,,23.7436,23.7436,23.7410,0.111,0.000,0.000,0.0,2.79,
2026-10-01T11:16:19.140,1790817379.015,32,hmm_wokal_ebike,hmm,False,-37.908301139136526,145.1323993209387,True,1758.3502,1643.3824,1758.3502,1643.3824,1736.7767,1646.0262,1736.7767,1646.0262,-37.90827343,145.13215464,1734.7829,1646.2704,-1272942443#1,True,1272942443#1,0,,False,21.7349,0.000000,emission=-32.294 transition=1.543 sigma=2.790 num_candidates=5.000,,21.7349,21.7349,21.7349,1.156,0.000,0.000,0.0,2.79,
2026-10-01T11:16:19.140,1790817379.015,32,hmm_wkal_ebike,hmm,True,-37.908301139136526,145.1323993209387,True,1758.3502,1643.3824,1758.3485,1643.3894,1736.7775,1646.0329,1736.7775,1646.0329,-37.90827337,145.13215465,1734.7837,1646.2770,-1272942443#1,True,1272942443#1,0,,False,21.7324,0.000000,emission=-32.287 transition=1.537 sigma=2.790 num_candidates=5.000,,21.7349,21.7349,21.7324,1.275,0.000,0.000,0.0,2.79,
2026-10-01T11:16:19.140,1790817379.015,32,st_wokal_ebike,st,False,-37.908301139136526,145.1323993209387,True,1758.3502,1643.3824,1758.3502,1643.3824,1736.7767,1646.0262,1736.7767,1646.0262,-37.90827343,145.13215464,1734.7829,1646.2704,-1272942443#1,True,1272942443#1,0,,False,21.7349,-36.142606,obs=0.011 trans=1.000 fs=0.011 ft=1.000,8,21.7349,21.7349,21.7349,3.211,0.000,0.000,0.0,2.79,
2026-10-01T11:16:19.140,1790817379.015,32,st_wkal_ebike,st,True,-37.908301139136526,145.1323993209387,True,1758.3502,1643.3824,1758.3485,1643.3894,1736.7775,1646.0329,1736.7775,1646.0329,-37.90827337,145.13215465,1734.7837,1646.2770,-1272942443#1,True,1272942443#1,0,,False,21.7324,-36.142176,obs=0.011 trans=1.000 fs=0.011 ft=1.000,8,21.7349,21.7349,21.7324,2.794,0.000,0.000,0.0,2.79,
2026-10-01T11:16:23.324,1790817382.388,33,native_wokal_ebike,native,False,-37.90830113913157,145.13239932093728,True,1758.3502,1643.3824,1758.3502,1643.3824,1736.7765,1646.0250,1736.7765,1646.0250,-37.90827344,145.13215464,1734.7828,1646.2691,-1272942443#1,True,1272942443#1,0,60.7067,False,,,,,21.7349,21.7349,21.7349,27.710,0.000,0.000,0.0,2.79,
2026-10-01T11:16:23.324,1790817382.388,33,native_wkal_ebike,native,True,-37.90830113913157,145.13239932093728,True,1758.3502,1643.3824,1758.3454,1643.4020,1736.7788,1646.0437,1736.7788,1646.0437,-37.90827327,145.13215467,1734.7851,1646.2879,-1272942443#1,True,1272942443#1,0,60.6878,False,,,,,21.7349,21.7349,21.7277,23.241,0.000,0.000,0.0,2.79,
2026-10-01T11:16:23.324,1790817382.388,33,topo_wokal_ebike,topo,False,-37.90830113913157,145.13239932093728,True,1758.3502,1643.3824,1758.3502,1643.3824,1736.7767,1646.0262,1736.7767,1646.0262,-37.90827343,145.13215464,1734.7829,1646.2704,-1272942443#1,True,1272942443#1,0,,False,21.7349,0.590004,prox=0.350 head=0.500 conn=1.000 turn=1.000,,21.7349,21.7349,21.7349,0.557,0.000,0.000,0.0,2.79,
2026-10-01T11:16:23.324,1790817382.388,33,topo_wkal_ebike,topo,True,-37.90830113913157,145.13239932093728,True,1758.3502,1643.3824,1758.3454,1643.4020,1736.7790,1646.0450,1736.7790,1646.0450,-37.90827326,145.13215467,1734.7852,1646.2891,-1272942443#1,True,1272942443#1,0,,False,21.7277,0.590101,prox=0.350 head=0.500 conn=1.000 turn=1.000,,21.7349,21.7349,21.7277,0.563,0.000,0.000,0.0,2.79,
2026-10-01T11:16:23.324,1790817382.388,33,fuzzy_wokal_ebike,fuzzy,False,-37.90830113913157,145.13239932093728,True,1758.3502,1643.3824,1758.3502,1643.3824,1734.7827,1646.2681,1734.7827,1646.2681,-37.90827089,145.13213202,1734.7827,1646.2681,-1272942443#1,False,-1272942443#1,0,,False,23.7436,50.000000,short=0.000 small=1.000 angle_diff=6.981 mode=following,,23.7436,23.7436,23.7436,0.106,0.000,0.000,0.0,2.79,
2026-10-01T11:16:23.324,1790817382.388,33,fuzzy_wkal_ebike,fuzzy,True,-37.90830113913157,145.13239932093728,True,1758.3502,1643.3824,1758.3454,1643.4020,1734.7850,1646.2869,1734.7850,1646.2869,-37.90827072,145.13213205,1734.7850,1646.2869,-1272942443#1,False,-1272942443#1,0,,False,23.7364,50.000000,short=0.000 small=1.000 angle_diff=6.981 mode=following,,23.7436,23.7436,23.7364,0.079,0.000,0.000,0.0,2.79,
2026-10-01T11:16:23.324,1790817382.388,33,hmm_wokal_ebike,hmm,False,-37.90830113913157,145.13239932093728,True,1758.3502,1643.3824,1758.3502,1643.3824,1736.7767,1646.0262,1736.7767,1646.0262,-37.90827343,145.13215464,1734.7829,1646.2704,-1272942443#1,True,1272942443#1,0,,False,21.7349,0.000000,emission=-32.289 transition=1.609 sigma=2.790 num_candidates=5.000,,21.7349,21.7349,21.7349,0.838,0.000,0.000,0.0,2.79,
2026-10-01T11:16:23.324,1790817382.388,33,hmm_wkal_ebike,hmm,True,-37.90830113913157,145.13239932093728,True,1758.3502,1643.3824,1758.3454,1643.4020,1736.7790,1646.0450,1736.7790,1646.0450,-37.90827326,145.13215467,1734.7852,1646.2891,-1272942443#1,True,1272942443#1,0,,False,21.7277,0.000000,emission=-32.269 transition=1.605 sigma=2.790 num_candidates=5.000,,21.7349,21.7349,21.7277,1.065,0.000,0.000,0.0,2.79,
2026-10-01T11:16:23.324,1790817382.388,33,st_wokal_ebike,st,False,-37.90830113913157,145.13239932093728,True,1758.3502,1643.3824,1758.3502,1643.3824,1736.7767,1646.0262,1736.7767,1646.0262,-37.90827343,145.13215464,1734.7829,1646.2704,-1272942443#1,True,1272942443#1,0,,False,21.7349,-36.116257,obs=0.011 trans=1.000 fs=0.011 ft=1.000,8,21.7349,21.7349,21.7349,3.029,0.000,0.000,0.0,2.79,
2026-10-01T11:16:23.324,1790817382.388,33,st_wkal_ebike,st,True,-37.90830113913157,145.13239932093728,True,1758.3502,1643.3824,1758.3454,1643.4020,1736.7790,1646.0450,1736.7790,1646.0450,-37.90827326,145.13215467,1734.7852,1646.2891,-1272942443#1,True,1272942443#1,0,,False,21.7277,-36.115962,obs=0.011 trans=1.000 fs=0.011 ft=1.000,8,21.7349,21.7349,21.7277,2.200,0.000,0.000,0.0,2.79,
2026-10-01T11:16:31.545,1790817391.015,34,native_wokal_ebike,native,False,-37.90829942360128,145.13239883138675,True,1758.3034,1643.5719,1758.3034,1643.5719,1736.7987,1646.2061,1736.7987,1646.2061,-37.90827181,145.13215493,1734.8050,1646.4502,-1272942443#1,True,1272942443#1,0,60.5243,False,,,,,21.6654,21.6654,21.6654,23.251,0.000,0.000,0.0,2.76,
2026-10-01T11:16:31.545,1790817391.015,34,native_wkal_ebike,native,True,-37.90829942360128,145.13239883138675,True,1758.3034,1643.5719,1758.3051,1643.5650,1736.7979,1646.1994,1736.7979,1646.1994,-37.90827187,145.13215492,1734.8041,1646.4436,-1272942443#1,True,1272942443#1,0,60.5310,False,,,,,21.6654,21.6654,21.6679,18.409,0.000,0.000,0.0,2.76,
2026-10-01T11:16:31.545,1790817391.015,34,topo_wokal_ebike,topo,False,-37.90829942360128,145.13239883138675,True,1758.3034,1643.5719,1758.3034,1643.5719,1736.7989,1646.2073,1736.7989,1646.2073,-37.90827180,145.13215493,1734.8051,1646.4514,-1272942443#1,True,1272942443#1,0,,False,21.6654,0.590946,prox=0.352 head=0.500 conn=1.000 turn=1.000,,21.6654,21.6654,21.6654,0.548,0.000,0.000,0.0,2.76,
2026-10-01T11:16:31.545,1790817391.015,34,topo_wkal_ebike,topo,True,-37.90829942360128,145.13239883138675,True,1758.3034,1643.5719,1758.3051,1643.5650,1736.7981,1646.2006,1736.7981,1646.2006,-37.90827186,145.13215492,1734.8043,1646.4448,-1272942443#1,True,1272942443#1,0,,False,21.6679,0.590912,prox=0.352 head=0.500 conn=1.000 turn=1.000,,21.6654,21.6654,21.6679,0.545,0.000,0.000,0.0,2.76,
2026-10-01T11:16:31.545,1790817391.015,34,fuzzy_wokal_ebike,fuzzy,False,-37.90829942360128,145.13239883138675,True,1758.3034,1643.5719,1758.3034,1643.5719,1734.8048,1646.4492,1734.8048,1646.4492,-37.90826926,145.13213232,1734.8048,1646.4492,-1272942443#1,False,-1272942443#1,0,,False,23.6741,50.000000,short=0.000 small=1.000 angle_diff=6.981 mode=following,,23.6741,23.6741,23.6741,0.084,0.000,0.000,0.0,2.76,
2026-10-01T11:16:31.545,1790817391.015,34,fuzzy_wkal_ebike,fuzzy,True,-37.90829942360128,145.13239883138675,True,1758.3034,1643.5719,1758.3051,1643.5650,1734.8040,1646.4426,1734.8040,1646.4426,-37.90826932,145.13213231,1734.8040,1646.4426,-1272942443#1,False,-1272942443#1,0,,False,23.6766,50.000000,short=0.000 small=1.000 angle_diff=6.981 mode=following,,23.6741,23.6741,23.6766,0.076,0.000,0.000,0.0,2.76,
2026-10-01T11:16:31.545,1790817391.015,34,hmm_wokal_ebike,hmm,False,-37.90829942360128,145.13239883138675,True,1758.3034,1643.5719,1758.3034,1643.5719,1736.7989,1646.2073,1736.7989,1646.2073,-37.90827180,145.13215493,1734.8051,1646.4514,-1272942443#1,True,1272942443#1,0,,False,21.6654,0.000000,emission=-32.645 transition=1.545 sigma=2.765 num_candidates=5.000,,21.6654,21.6654,21.6654,0.856,0.000,0.000,0.0,2.76,
2026-10-01T11:16:31.545,1790817391.015,34,hmm_wkal_ebike,hmm,True,-37.90829942360128,145.13239883138675,True,1758.3034,1643.5719,1758.3051,1643.5650,1736.7981,1646.2006,1736.7981,1646.2006,-37.90827186,145.13215492,1734.8043,1646.4448,-1272942443#1,True,1272942443#1,0,,False,21.6679,0.000000,emission=-32.652 transition=1.554 sigma=2.765 num_candidates=5.000,,21.6654,21.6654,21.6679,0.826,0.000,0.000,0.0,2.76,
2026-10-01T11:16:31.545,1790817391.015,34,st_wokal_ebike,st,False,-37.90829942360128,145.13239883138675,True,1758.3034,1643.5719,1758.3034,1643.5719,1736.7989,1646.2073,1736.7989,1646.2073,-37.90827180,145.13215493,1734.8051,1646.4514,-1272942443#1,True,1272942443#1,0,,False,21.6654,-36.091029,obs=0.011 trans=1.000 fs=0.011 ft=1.000,8,21.6654,21.6654,21.6654,1.797,0.000,0.000,0.0,2.76,
2026-10-01T11:16:31.545,1790817391.015,34,st_wkal_ebike,st,True,-37.90829942360128,145.13239883138675,True,1758.3034,1643.5719,1758.3051,1643.5650,1736.7981,1646.2006,1736.7981,1646.2006,-37.90827186,145.13215492,1734.8043,1646.4448,-1272942443#1,True,1272942443#1,0,,False,21.6679,-36.090694,obs=0.011 trans=1.000 fs=0.011 ft=1.000,8,21.6654,21.6654,21.6679,1.898,0.000,0.000,0.0,2.76,
2026-10-01T11:16:37.674,1790817397.39,35,native_wokal_ebike,native,False,-37.9082977715431,145.1323983599489,True,1758.2583,1643.7544,1758.2583,1643.7544,1736.8201,1646.3804,1736.8201,1646.3804,-37.90827025,145.13215521,1734.8263,1646.6245,-1272942443#1,True,1272942443#1,0,60.3486,False,,,,,21.5984,21.5984,21.5984,23.122,0.000,0.000,0.0,2.74,
2026-10-01T11:16:37.674,1790817397.39,35,native_wkal_ebike,native,True,-37.9082977715431,145.1323983599489,True,1758.2583,1643.7544,1758.2608,1643.7441,1736.8189,1646.3706,1736.8189,1646.3706,-37.90827034,145.13215520,1734.8251,1646.6147,-1272942443#1,True,1272942443#1,0,60.3585,False,,,,,21.5984,21.5984,21.6022,17.884,0.000,0.000,0.0,2.74,
2026-10-01T11:16:37.674,1790817397.39,35,topo_wokal_ebike,topo,False,-37.9082977715431,145.1323983599489,True,1758.2583,1643.7544,1758.2583,1643.7544,1736.8202,1646.3816,1736.8202,1646.3816,-37.90827024,145.13215522,1734.8265,1646.6257,-1272942443#1,True,1272942443#1,0,,False,21.5984,0.591857,prox=0.355 head=0.500 conn=1.000 turn=1.000,,21.5984,21.5984,21.5984,0.539,0.000,0.000,0.0,2.74,
2026-10-01T11:16:37.674,1790817397.39,35,topo_wkal_ebike,topo,True,-37.9082977715431,145.1323983599489,True,1758.2583,1643.7544,1758.2608,1643.7441,1736.8190,1646.3718,1736.8190,1646.3718,-37.90827032,145.13215520,1734.8252,1646.6159,-1272942443#1,True,1272942443#1,0,,False,21.6022,0.591805,prox=0.355 head=0.500 conn=1.000 turn=1.000,,21.5984,21.5984,21.6022,0.504,0.000,0.000,0.0,2.74,
2026-10-01T11:16:37.674,1790817397.39,35,fuzzy_wokal_ebike,fuzzy,False,-37.9082977715431,145.1323983599489,True,1758.2583,1643.7544,1758.2583,1643.7544,1734.8262,1646.6235,1734.8262,1646.6235,-37.90826770,145.13213260,1734.8262,1646.6235,-1272942443#1,False,-1272942443#1,0,,False,23.6071,50.000000,short=0.000 small=1.000 angle_diff=6.981 mode=following,,23.6071,23.6071,23.6071,0.087,0.000,0.000,0.0,2.74,
2026-10-01T11:16:37.674,1790817397.39,35,fuzzy_wkal_ebike,fuzzy,True,-37.9082977715431,145.1323983599489,True,1758.2583,1643.7544,1758.2608,1643.7441,1734.8250,1646.6137,1734.8250,1646.6137,-37.90826778,145.13213258,1734.8250,1646.6137,-1272942443#1,False,-1272942443#1,0,,False,23.6109,50.000000,short=0.000 small=1.000 angle_diff=6.981 mode=following,,23.6071,23.6071,23.6109,0.080,0.000,0.000,0.0,2.74,
2026-10-01T11:16:37.674,1790817397.39,35,hmm_wokal_ebike,hmm,False,-37.9082977715431,145.1323983599489,True,1758.2583,1643.7544,1758.2583,1643.7544,1736.8202,1646.3816,1736.8202,1646.3816,-37.90827024,145.13215522,1734.8265,1646.6257,-1272942443#1,True,1272942443#1,0,,False,21.5984,0.000000,emission=-33.013 transition=1.548 sigma=2.739 num_candidates=5.000,,21.5984,21.5984,21.5984,0.804,0.000,0.000,0.0,2.74,
2026-10-01T11:16:37.674,1790817397.39,35,hmm_wkal_ebike,hmm,True,-37.9082977715431,145.1323983599489,True,1758.2583,1643.7544,1758.2608,1643.7441,1736.8190,1646.3718,1736.8190,1646.3718,-37.90827032,145.13215520,1734.8252,1646.6159,-1272942443#1,True,1272942443#1,0,,False,21.6022,0.000000,emission=-33.024 transition=1.549 sigma=2.739 num_candidates=5.000,,21.5984,21.5984,21.6022,0.783,0.000,0.000,0.0,2.74,
2026-10-01T11:16:37.674,1790817397.39,35,st_wokal_ebike,st,False,-37.9082977715431,145.1323983599489,True,1758.2583,1643.7544,1758.2583,1643.7544,1736.8202,1646.3816,1736.8202,1646.3816,-37.90827024,145.13215522,1734.8265,1646.6257,-1272942443#1,True,1272942443#1,0,,False,21.5984,-36.066853,obs=0.011 trans=1.000 fs=0.011 ft=1.000,8,21.5984,21.5984,21.5984,1.855,0.000,0.000,0.0,2.74,
2026-10-01T11:16:37.674,1790817397.39,35,st_wkal_ebike,st,True,-37.9082977715431,145.1323983599489,True,1758.2583,1643.7544,1758.2608,1643.7441,1736.8190,1646.3718,1736.8190,1646.3718,-37.90827032,145.13215520,1734.8252,1646.6159,-1272942443#1,True,1272942443#1,0,,False,21.6022,-36.066442,obs=0.011 trans=1.000 fs=0.011 ft=1.000,8,21.5984,21.5984,21.6022,1.797,0.000,0.000,0.0,2.74,
2026-10-01T11:16:49.831,1790817409.015,36,native_wokal_ebike,native,False,-37.908296177555414,145.13239790508226,True,1758.2147,1643.9305,1758.2147,1643.9305,1736.8407,1646.5486,1736.8407,1646.5486,-37.90826874,145.13215549,1734.8469,1646.7928,-1272942443#1,True,1272942443#1,0,60.1792,False,,,,,21.5338,21.5338,21.5338,19.535,0.000,0.000,0.0,2.72,
2026-10-01T11:16:49.831,1790817409.015,36,native_wkal_ebike,native,True,-37.908296177555414,145.13239790508226,True,1758.2147,1643.9305,1758.2132,1643.9366,1736.8414,1646.5544,1736.8414,1646.5544,-37.90826868,145.13215550,1734.8476,1646.7985,-1272942443#1,True,1272942443#1,0,60.1733,False,,,,,21.5338,21.5338,21.5315,22.186,0.000,0.000,0.0,2.72,
2026-10-01T11:16:49.831,1790817409.015,36,topo_wokal_ebike,topo,False,-37.908296177555414,145.13239790508226,True,1758.2147,1643.9305,1758.2147,1643.9305,1736.8409,1646.5498,1736.8409,1646.5498,-37.90826872,145.13215549,1734.8470,1646.7940,-1272942443#1,True,1272942443#1,0,,False,21.5338,0.592738,prox=0.357 head=0.500 conn=1.000 turn=1.000,,21.5338,21.5338,21.5338,0.542,0.000,0.000,0.0,2.72,
2026-10-01T11:16:49.831,1790817409.015,36,topo_wkal_ebike,topo,True,-37.908296177555414,145.13239790508226,True,1758.2147,1643.9305,1758.2132,1643.9366,1736.8416,1646.5556,1736.8416,1646.5556,-37.90826867,145.13215550,1734.8478,1646.7998,-1272942443#1,True,1272942443#1,0,,False,21.5315,0.592769,prox=0.357 head=0.500 conn=1.000 turn=1.000,,21.5338,21.5338,21.5315,0.511,0.000,0.000,0.0,2.72,
2026-10-01T11:16:49.831,1790817409.015,36,fuzzy_wokal_ebike,fuzzy,False,-37.908296177555414,145.13239790508226,True,1758.2147,1643.9305,1758.2147,1643.9305,1734.8468,1646.7918,1734.8468,1646.7918,-37.90826618,145.13213287,1734.8468,1646.7918,-1272942443#1,False,-1272942443#1,0,,False,23.5425,50.000000,short=0.000 small=1.000 angle_diff=6.981 mode=following,,23.5425,23.5425,23.5425,0.087,0.000,0.000,0.0,2.72,
2026-10-01T11:16:49.831,1790817409.015,36,fuzzy_wkal_ebike,fuzzy,True,-37.908296177555414,145.13239790508226,True,1758.2147,1643.9305,1758.2132,1643.9366,1734.8475,1646.7976,1734.8475,1646.7976,-37.90826613,145.13213288,1734.8475,1646.7976,-1272942443#1,False,-1272942443#1,0,,False,23.5402,50.000000,short=0.000 small=1.000 angle_diff=6.981 mode=following,,23.5425,23.5425,23.5402,0.073,0.000,0.000,0.0,2.72,
2026-10-01T11:16:49.831,1790817409.015,36,hmm_wokal_ebike,hmm,False,-37.908296177555414,145.13239790508226,True,1758.2147,1643.9305,1758.2147,1643.9305,1736.8409,1646.5498,1736.8409,1646.5498,-37.90826872,145.13215549,1734.8470,1646.7940,-1272942443#1,True,1272942443#1,0,,False,21.5338,0.000000,emission=-33.344 transition=1.550 sigma=2.716 num_candidates=5.000,,21.5338,21.5338,21.5338,0.870,0.000,0.000,0.0,2.72,
2026-10-01T11:16:49.831,1790817409.015,36,hmm_wkal_ebike,hmm,True,-37.908296177555414,145.13239790508226,True,1758.2147,1643.9305,1758.2132,1643.9366,1736.8416,1646.5556,1736.8416,1646.5556,-37.90826867,145.13215550,1734.8478,1646.7998,-1272942443#1,True,1272942443#1,0,,False,21.5315,0.000000,emission=-33.337 transition=1.544 sigma=2.716 num_candidates=5.000,,21.5338,21.5338,21.5315,0.497,0.000,0.000,0.0,2.72,
2026-10-01T11:16:49.831,1790817409.015,36,st_wokal_ebike,st,False,-37.908296177555414,145.13239790508226,True,1758.2147,1643.9305,1758.2147,1643.9305,1736.8409,1646.5498,1736.8409,1646.5498,-37.90826872,145.13215549,1734.8470,1646.7940,-1272942443#1,True,1272942443#1,0,,False,21.5338,-36.043663,obs=0.011 trans=1.000 fs=0.011 ft=1.000,8,21.5338,21.5338,21.5338,1.923,0.000,0.000,0.0,2.72,
2026-10-01T11:16:49.831,1790817409.015,36,st_wkal_ebike,st,True,-37.908296177555414,145.13239790508226,True,1758.2147,1643.9305,1758.2132,1643.9366,1736.8416,1646.5556,1736.8416,1646.5556,-37.90826867,145.13215550,1734.8478,1646.7998,-1272942443#1,True,1272942443#1,0,,False,21.5315,-36.043295,obs=0.011 trans=1.000 fs=0.011 ft=1.000,8,21.5338,21.5338,21.5315,1.792,0.000,0.000,0.0,2.72,
2026-10-01T11:16:53.944,1790817412.392,37,native_wokal_ebike,native,False,-37.908296177550966,145.13239790508104,True,1758.2147,1643.9305,1758.2147,1643.9305,1736.8407,1646.5486,1736.8407,1646.5486,-37.90826874,145.13215549,1734.8469,1646.7928,-1272942443#1,True,1272942443#1,0,60.1792,False,,,,,21.5338,21.5338,21.5338,37.995,0.000,0.000,0.0,2.72,
2026-10-01T11:16:53.944,1790817412.392,37,native_wkal_ebike,native,True,-37.908296177550966,145.13239790508104,True,1758.2147,1643.9305,1758.2105,1643.9476,1736.8427,1646.5650,1736.8427,1646.5650,-37.90826859,145.13215551,1734.8489,1646.8091,-1272942443#1,True,1272942443#1,0,60.1626,False,,,,,21.5338,21.5338,21.5275,37.423,0.000,0.000,0.0,2.72,
2026-10-01T11:16:53.944,1790817412.392,37,topo_wokal_ebike,topo,False,-37.908296177550966,145.13239790508104,True,1758.2147,1643.9305,1758.2147,1643.9305,1736.8409,1646.5498,1736.8409,1646.5498,-37.90826872,145.13215549,1734.8470,1646.7940,-1272942443#1,True,1272942443#1,0,,False,21.5338,0.592738,prox=0.357 head=0.500 conn=1.000 turn=1.000,,21.5338,21.5338,21.5338,1.224,0.000,0.000,0.0,2.72,
2026-10-01T11:16:53.944,1790817412.392,37,topo_wkal_ebike,topo,True,-37.908296177550966,145.13239790508104,True,1758.2147,1643.9305,1758.2105,1643.9476,1736.8429,1646.5662,1736.8429,1646.5662,-37.90826858,145.13215551,1734.8491,1646.8104,-1272942443#1,True,1272942443#1,0,,False,21.5275,0.592824,prox=0.357 head=0.500 conn=1.000 turn=1.000,,21.5338,21.5338,21.5275,0.601,0.000,0.000,0.0,2.72,
2026-10-01T11:16:53.944,1790817412.392,37,fuzzy_wokal_ebike,fuzzy,False,-37.908296177550966,145.13239790508104,True,1758.2147,1643.9305,1758.2147,1643.9305,1734.8468,1646.7918,1734.8468,1646.7918,-37.90826618,145.13213287,1734.8468,1646.7918,-1272942443#1,False,-1272942443#1,0,,False,23.5425,50.000000,short=0.000 small=1.000 angle_diff=6.981 mode=following,,23.5425,23.5425,23.5425,0.150,0.000,0.000,0.0,2.72,
2026-10-01T11:16:53.944,1790817412.392,37,fuzzy_wkal_ebike,fuzzy,True,-37.908296177550966,145.13239790508104,True,1758.2147,1643.9305,1758.2105,1643.9476,1734.8488,1646.8082,1734.8488,1646.8082,-37.90826604,145.13213290,1734.8488,1646.8082,-1272942443#1,False,-1272942443#1,0,,False,23.5362,50.000000,short=0.000 small=1.000 angle_diff=6.981 mode=following,,23.5425,23.5425,23.5362,0.114,0.000,0.000,0.0,2.72,
2026-10-01T11:16:53.944,1790817412.392,37,hmm_wokal_ebike,hmm,False,-37.908296177550966,145.13239790508104,True,1758.2147,1643.9305,1758.2147,1643.9305,1736.8409,1646.5498,1736.8409,1646.5498,-37.90826872,145.13215549,1734.8470,1646.7940,-1272942443#1,True,1272942443#1,0,,False,21.5338,0.000000,emission=-33.339 transition=1.609 sigma=2.716 num_candidates=5.000,,21.5338,21.5338,21.5338,1.535,0.000,0.000,0.0,2.72,
2026-10-01T11:16:53.944,1790817412.392,37,hmm_wkal_ebike,hmm,True,-37.908296177550966,145.13239790508104,True,1758.2147,1643.9305,1758.2105,1643.9476,1736.8429,1646.5662,1736.8429,1646.5662,-37.90826858,145.13215551,1734.8491,1646.8104,-1272942443#1,True,1272942443#1,0,,False,21.5275,0.000000,emission=-33.320 transition=1.606 sigma=2.716 num_candidates=5.000,,21.5338,21.5338,21.5275,1.428,0.000,0.000,0.0,2.72,
2026-10-01T11:16:53.944,1790817412.392,37,st_wokal_ebike,st,False,-37.908296177550966,145.13239790508104,True,1758.2147,1643.9305,1758.2147,1643.9305,1736.8409,1646.5498,1736.8409,1646.5498,-37.90826872,145.13215549,1734.8470,1646.7940,-1272942443#1,True,1272942443#1,0,,False,21.5338,-36.020473,obs=0.011 trans=1.000 fs=0.011 ft=1.000,8,21.5338,21.5338,21.5338,3.886,0.000,0.000,0.0,2.72,
2026-10-01T11:16:53.944,1790817412.392,37,st_wkal_ebike,st,True,-37.908296177550966,145.13239790508104,True,1758.2147,1643.9305,1758.2105,1643.9476,1736.8429,1646.5662,1736.8429,1646.5662,-37.90826858,145.13215551,1734.8491,1646.8104,-1272942443#1,True,1272942443#1,0,,False,21.5275,-36.020221,obs=0.011 trans=1.000 fs=0.011 ft=1.000,8,21.5338,21.5338,21.5275,4.249,0.000,0.000,0.0,2.72,
2026-10-01T11:17:02.181,1790817421.016,38,native_wokal_ebike,native,False,-37.90829463956314,145.13239746619473,True,1758.1727,1644.1004,1758.1727,1644.1004,1736.8606,1646.7109,1736.8606,1646.7109,-37.90826728,145.13215575,1734.8668,1646.9551,-1272942443#1,True,1272942443#1,0,60.0156,False,,,,,21.4714,21.4714,21.4714,26.353,0.000,0.000,0.0,2.69,
2026-10-01T11:17:02.181,1790817421.016,38,native_wkal_ebike,native,True,-37.90829463956314,145.13239746619473,True,1758.1727,1644.1004,1758.1743,1644.0941,1736.8599,1646.7050,1736.8599,1646.7050,-37.90826733,145.13215574,1734.8660,1646.9491,-1272942443#1,True,1272942443#1,0,60.0216,False,,,,,21.4714,21.4714,21.4737,35.453,0.000,0.000,0.0,2.69,
2026-10-01T11:17:02.181,1790817421.016,38,topo_wokal_ebike,topo,False,-37.90829463956314,145.13239746619473,True,1758.1727,1644.1004,1758.1727,1644.1004,1736.8608,1646.7121,1736.8608,1646.7121,-37.90826727,145.13215575,1734.8669,1646.9563,-1272942443#1,True,1272942443#1,0,,False,21.4714,0.593592,prox=0.359 head=0.500 conn=1.000 turn=1.000,,21.4714,21.4714,21.4714,0.510,0.000,0.000,0.0,2.69,
2026-10-01T11:17:02.181,1790817421.016,38,topo_wkal_ebike,topo,True,-37.90829463956314,145.13239746619473,True,1758.1727,1644.1004,1758.1743,1644.0941,1736.8600,1646.7062,1736.8600,1646.7062,-37.90826732,145.13215574,1734.8662,1646.9503,-1272942443#1,True,1272942443#1,0,,False,21.4737,0.593560,prox=0.359 head=0.500 conn=1.000 turn=1.000,,21.4714,21.4714,21.4737,0.531,0.000,0.000,0.0,2.69,
2026-10-01T11:17:02.181,1790817421.016,38,fuzzy_wokal_ebike,fuzzy,False,-37.90829463956314,145.13239746619473,True,1758.1727,1644.1004,1758.1727,1644.1004,1734.8667,1646.9541,1734.8667,1646.9541,-37.90826473,145.13213313,1734.8667,1646.9541,-1272942443#1,False,-1272942443#1,0,,False,23.4801,50.000000,short=0.000 small=1.000 angle_diff=6.981 mode=following,,23.4801,23.4801,23.4801,0.117,0.000,0.000,0.0,2.69,
2026-10-01T11:17:02.181,1790817421.016,38,fuzzy_wkal_ebike,fuzzy,True,-37.90829463956314,145.13239746619473,True,1758.1727,1644.1004,1758.1743,1644.0941,1734.8659,1646.9481,1734.8659,1646.9481,-37.90826478,145.13213312,1734.8659,1646.9481,-1272942443#1,False,-1272942443#1,0,,False,23.4824,50.000000,short=0.000 small=1.000 angle_diff=6.981 mode=following,,23.4801,23.4801,23.4824,0.080,0.000,0.000,0.0,2.69,
2026-10-01T11:17:02.181,1790817421.016,38,hmm_wokal_ebike,hmm,False,-37.90829463956314,145.13239746619473,True,1758.1727,1644.1004,1758.1727,1644.1004,1736.8608,1646.7121,1736.8608,1646.7121,-37.90826727,145.13215575,1734.8669,1646.9563,-1272942443#1,True,1272942443#1,0,,False,21.4714,0.000000,emission=-33.694 transition=1.552 sigma=2.693 num_candidates=5.000,,21.4714,21.4714,21.4714,1.226,0.000,0.000,0.0,2.69,
2026-10-01T11:17:02.181,1790817421.016,38,hmm_wkal_ebike,hmm,True,-37.90829463956314,145.13239746619473,True,1758.1727,1644.1004,1758.1743,1644.0941,1736.8600,1646.7062,1736.8600,1646.7062,-37.90826732,145.13215574,1734.8662,1646.9503,-1272942443#1,True,1272942443#1,0,,False,21.4737,0.000000,emission=-33.700 transition=1.560 sigma=2.693 num_candidates=5.000,,21.4714,21.4714,21.4737,0.532,0.000,0.000,0.0,2.69,
2026-10-01T11:17:02.181,1790817421.016,38,st_wokal_ebike,st,False,-37.90829463956314,145.13239746619473,True,1758.1727,1644.1004,1758.1727,1644.1004,1736.8608,1646.7121,1736.8608,1646.7121,-37.90826727,145.13215575,1734.8669,1646.9563,-1272942443#1,True,1272942443#1,0,,False,21.4714,-35.998211,obs=0.011 trans=1.000 fs=0.011 ft=1.000,8,21.4714,21.4714,21.4714,1.859,0.000,0.000,0.0,2.69,
2026-10-01T11:17:02.181,1790817421.016,38,st_wkal_ebike,st,True,-37.90829463956314,145.13239746619473,True,1758.1727,1644.1004,1758.1743,1644.0941,1736.8600,1646.7062,1736.8600,1646.7062,-37.90826732,145.13215574,1734.8662,1646.9503,-1272942443#1,True,1272942443#1,0,,False,21.4737,-35.997925,obs=0.011 trans=1.000 fs=0.011 ft=1.000,8,21.4714,21.4714,21.4737,2.027,0.000,0.000,0.0,2.69,
2026-10-01T11:17:08.340,1790817427.394,39,native_wokal_ebike,native,False,-37.90829315554232,145.13239704270865,True,1758.1322,1644.2643,1758.1322,1644.2643,1736.8798,1646.8675,1736.8798,1646.8675,-37.90826587,145.13215600,1734.8859,1647.1117,-1272942443#1,True,1272942443#1,0,59.8578,False,,,,,21.4112,21.4112,21.4112,20.560,0.000,0.000,0.0,2.67,
2026-10-01T11:17:08.340,1790817427.394,39,native_wkal_ebike,native,True,-37.90829315554232,145.13239704270865,True,1758.1322,1644.2643,1758.1344,1644.2553,1736.8787,1646.8590,1736.8787,1646.8590,-37.90826595,145.13215599,1734.8849,1647.1031,-1272942443#1,True,1272942443#1,0,59.8665,False,,,,,21.4112,21.4112,21.4145,17.541,0.000,0.000,0.0,2.67,
2026-10-01T11:17:08.340,1790817427.394,39,topo_wokal_ebike,topo,False,-37.90829315554232,145.13239704270865,True,1758.1322,1644.2643,1758.1322,1644.2643,1736.8799,1646.8687,1736.8799,1646.8687,-37.90826586,145.13215601,1734.8861,1647.1129,-1272942443#1,True,1272942443#1,0,,False,21.4112,0.594417,prox=0.361 head=0.500 conn=1.000 turn=1.000,,21.4112,21.4112,21.4112,0.516,0.000,0.000,0.0,2.67,
2026-10-01T11:17:08.340,1790817427.394,39,topo_wkal_ebike,topo,True,-37.90829315554232,145.13239704270865,True,1758.1322,1644.2643,1758.1344,1644.2553,1736.8789,1646.8602,1736.8789,1646.8602,-37.90826594,145.13215599,1734.8850,1647.1043,-1272942443#1,True,1272942443#1,0,,False,21.4145,0.594372,prox=0.361 head=0.500 conn=1.000 turn=1.000,,21.4112,21.4112,21.4145,0.546,0.000,0.000,0.0,2.67,
2026-10-01T11:17:08.340,1790817427.394,39,fuzzy_wokal_ebike,fuzzy,False,-37.90829315554232,145.13239704270865,True,1758.1322,1644.2643,1758.1322,1644.2643,1734.8858,1647.1107,1734.8858,1647.1107,-37.90826332,145.13213339,1734.8858,1647.1107,-1272942443#1,False,-1272942443#1,0,,False,23.4200,50.000000,short=0.000 small=1.000 angle_diff=6.981 mode=following,,23.4200,23.4200,23.4200,0.078,0.000,0.000,0.0,2.67,
2026-10-01T11:17:08.340,1790817427.394,39,fuzzy_wkal_ebike,fuzzy,True,-37.90829315554232,145.13239704270865,True,1758.1322,1644.2643,1758.1344,1644.2553,1734.8848,1647.1021,1734.8848,1647.1021,-37.90826340,145.13213337,1734.8848,1647.1021,-1272942443#1,False,-1272942443#1,0,,False,23.4233,50.000000,short=0.000 small=1.000 angle_diff=6.981 mode=following,,23.4200,23.4200,23.4233,0.076,0.000,0.000,0.0,2.67,
2026-10-01T11:17:08.340,1790817427.394,39,hmm_wokal_ebike,hmm,False,-37.90829315554232,145.13239704270865,True,1758.1322,1644.2643,1758.1322,1644.2643,1736.8799,1646.8687,1736.8799,1646.8687,-37.90826586,145.13215601,1734.8861,1647.1129,-1272942443#1,True,1272942443#1,0,,False,21.4112,0.000000,emission=-34.062 transition=1.554 sigma=2.670 num_candidates=5.000,,21.4112,21.4112,21.4112,0.804,0.000,0.000,0.0,2.67,
2026-10-01T11:17:08.340,1790817427.394,39,hmm_wkal_ebike,hmm,True,-37.90829315554232,145.13239704270865,True,1758.1322,1644.2643,1758.1344,1644.2553,1736.8789,1646.8602,1736.8789,1646.8602,-37.90826594,145.13215599,1734.8850,1647.1043,-1272942443#1,True,1272942443#1,0,,False,21.4145,0.000000,emission=-34.072 transition=1.555 sigma=2.670 num_candidates=5.000,,21.4112,21.4112,21.4145,0.772,0.000,0.000,0.0,2.67,
2026-10-01T11:17:08.340,1790817427.394,39,st_wokal_ebike,st,False,-37.90829315554232,145.13239704270865,True,1758.1322,1644.2643,1758.1322,1644.2643,1736.8799,1646.8687,1736.8799,1646.8687,-37.90826586,145.13215601,1734.8861,1647.1129,-1272942443#1,True,1272942443#1,0,,False,21.4112,-35.976821,obs=0.011 trans=1.000 fs=0.011 ft=1.000,8,21.4112,21.4112,21.4112,1.769,0.000,0.000,0.0,2.67,
2026-10-01T11:17:08.340,1790817427.394,39,st_wkal_ebike,st,True,-37.90829315554232,145.13239704270865,True,1758.1322,1644.2643,1758.1344,1644.2553,1736.8789,1646.8602,1736.8789,1646.8602,-37.90826594,145.13215599,1734.8850,1647.1043,-1272942443#1,True,1272942443#1,0,,False,21.4145,-35.976473,obs=0.011 trans=1.000 fs=0.011 ft=1.000,8,21.4112,21.4112,21.4145,1.768,0.000,0.000,0.0,2.67,
2026-10-01T11:17:20.569,1790817439.016,40,native_wokal_ebike,native,False,-37.90829172086288,145.13239663330285,True,1758.0930,1644.4228,1758.0930,1644.4228,1736.8984,1647.0189,1736.8984,1647.0189,-37.90826451,145.13215625,1734.9045,1647.2631,-1272942443#1,True,1272942443#1,0,59.7053,False,,,,,21.3531,21.3531,21.3531,31.621,0.000,0.000,0.0,2.65,
2026-10-01T11:17:20.569,1790817439.016,40,native_wkal_ebike,native,True,-37.90829172086288,145.13239663330285,True,1758.0930,1644.4228,1758.0917,1644.4281,1736.8990,1647.0240,1736.8990,1647.0240,-37.90826446,145.13215626,1734.9051,1647.2682,-1272942443#1,True,1272942443#1,0,59.7002,False,,,,,21.3531,21.3531,21.3511,20.886,0.000,0.000,0.0,2.65,
2026-10-01T11:17:20.569,1790817439.016,40,topo_wokal_ebike,topo,False,-37.90829172086288,145.13239663330285,True,1758.0930,1644.4228,1758.0930,1644.4228,1736.8985,1647.0201,1736.8985,1647.0201,-37.90826450,145.13215625,1734.9046,1647.2643,-1272942443#1,True,1272942443#1,0,,False,21.3531,0.595218,prox=0.363 head=0.500 conn=1.000 turn=1.000,,21.3531,21.3531,21.3531,0.326,0.000,0.000,0.0,2.65,
2026-10-01T11:17:20.569,1790817439.016,40,topo_wkal_ebike,topo,True,-37.90829172086288,145.13239663330285,True,1758.0930,1644.4228,1758.0917,1644.4281,1736.8991,1647.0252,1736.8991,1647.0252,-37.90826445,145.13215626,1734.9053,1647.2694,-1272942443#1,True,1272942443#1,0,,False,21.3511,0.595245,prox=0.363 head=0.500 conn=1.000 turn=1.000,,21.3531,21.3531,21.3511,0.506,0.000,0.000,0.0,2.65,
2026-10-01T11:17:20.569,1790817439.016,40,fuzzy_wokal_ebike,fuzzy,False,-37.90829172086288,145.13239663330285,True,1758.0930,1644.4228,1758.0930,1644.4228,1734.9044,1647.2621,1734.9044,1647.2621,-37.90826196,145.13213363,1734.9044,1647.2621,-1272942443#1,False,-1272942443#1,0,,False,23.3618,50.000000,short=0.000 small=1.000 angle_diff=6.981 mode=following,,23.3618,23.3618,23.3618,0.080,0.000,0.000,0.0,2.65,
2026-10-01T11:17:20.569,1790817439.016,40,fuzzy_wkal_ebike,fuzzy,True,-37.90829172086288,145.13239663330285,True,1758.0930,1644.4228,1758.0917,1644.4281,1734.9050,1647.2672,1734.9050,1647.2672,-37.90826191,145.13213364,1734.9050,1647.2672,-1272942443#1,False,-1272942443#1,0,,False,23.3599,50.000000,short=0.000 small=1.000 angle_diff=6.981 mode=following,,23.3618,23.3618,23.3599,0.078,0.000,0.000,0.0,2.65,
2026-10-01T11:17:20.569,1790817439.016,40,hmm_wokal_ebike,hmm,False,-37.90829172086288,145.13239663330285,True,1758.0930,1644.4228,1758.0930,1644.4228,1736.8985,1647.0201,1736.8985,1647.0201,-37.90826450,145.13215625,1734.9046,1647.2643,-1272942443#1,True,1272942443#1,0,,False,21.3531,0.000000,emission=-34.391 transition=1.556 sigma=2.649 num_candidates=5.000,,21.3531,21.3531,21.3531,0.935,0.000,0.000,0.0,2.65,
2026-10-01T11:17:20.569,1790817439.016,40,hmm_wkal_ebike,hmm,True,-37.90829172086288,145.13239663330285,True,1758.0930,1644.4228,1758.0917,1644.4281,1736.8991,1647.0252,1736.8991,1647.0252,-37.90826445,145.13215626,1734.9053,1647.2694,-1272942443#1,True,1272942443#1,0,,False,21.3511,0.000000,emission=-34.385 transition=1.551 sigma=2.649 num_candidates=5.000,,21.3531,21.3531,21.3511,0.719,0.000,0.000,0.0,2.65,
2026-10-01T11:17:20.569,1790817439.016,40,st_wokal_ebike,st,False,-37.90829172086288,145.13239663330285,True,1758.0930,1644.4228,1758.0930,1644.4228,1736.8985,1647.0201,1736.8985,1647.0201,-37.90826450,145.13215625,1734.9046,1647.2643,-1272942443#1,True,1272942443#1,0,,False,21.3531,-35.956253,obs=0.011 trans=1.000 fs=0.011 ft=1.000,8,21.3531,21.3531,21.3531,1.765,0.000,0.000,0.0,2.65,
2026-10-01T11:17:20.569,1790817439.016,40,st_wkal_ebike,st,True,-37.90829172086288,145.13239663330285,True,1758.0930,1644.4228,1758.0917,1644.4281,1736.8991,1647.0252,1736.8991,1647.0252,-37.90826445,145.13215626,1734.9053,1647.2694,-1272942443#1,True,1272942443#1,0,,False,21.3511,-35.955940,obs=0.011 trans=1.000 fs=0.011 ft=1.000,8,21.3531,21.3531,21.3511,2.535,0.000,0.000,0.0,2.65,
2026-10-01T11:17:22.683,1790817442.397,41,native_wokal_ebike,native,False,-37.908291720858855,145.1323966333017,True,1758.0930,1644.4228,1758.0930,1644.4228,1736.8984,1647.0189,1736.8984,1647.0189,-37.90826451,145.13215625,1734.9045,1647.2631,-1272942443#1,True,1272942443#1,0,59.7053,False,,,,,21.3531,21.3531,21.3531,22.160,0.000,0.000,0.0,2.65,
2026-10-01T11:17:22.683,1790817442.397,41,native_wkal_ebike,native,True,-37.908291720858855,145.1323966333017,True,1758.0930,1644.4228,1758.0893,1644.4379,1736.9001,1647.0334,1736.9001,1647.0334,-37.90826438,145.13215627,1734.9063,1647.2775,-1272942443#1,True,1272942443#1,0,59.6908,False,,,,,21.3531,21.3531,21.3475,20.401,0.000,0.000,0.0,2.65,
2026-10-01T11:17:22.683,1790817442.397,41,topo_wokal_ebike,topo,False,-37.908291720858855,145.1323966333017,True,1758.0930,1644.4228,1758.0930,1644.4228,1736.8985,1647.0201,1736.8985,1647.0201,-37.90826450,145.13215625,1734.9046,1647.2643,-1272942443#1,True,1272942443#1,0,,False,21.3531,0.595218,prox=0.363 head=0.500 conn=1.000 turn=1.000,,21.3531,21.3531,21.3531,0.561,0.000,0.000,0.0,2.65,
2026-10-01T11:17:22.683,1790817442.397,41,topo_wkal_ebike,topo,True,-37.908291720858855,145.1323966333017,True,1758.0930,1644.4228,1758.0893,1644.4379,1736.9003,1647.0346,1736.9003,1647.0346,-37.90826437,145.13215627,1734.9064,1647.2787,-1272942443#1,True,1272942443#1,0,,False,21.3475,0.595294,prox=0.363 head=0.500 conn=1.000 turn=1.000,,21.3531,21.3531,21.3475,0.700,0.000,0.000,0.0,2.65,
2026-10-01T11:17:22.683,1790817442.397,41,fuzzy_wokal_ebike,fuzzy,False,-37.908291720858855,145.1323966333017,True,1758.0930,1644.4228,1758.0930,1644.4228,1734.9044,1647.2621,1734.9044,1647.2621,-37.90826196,145.13213363,1734.9044,1647.2621,-1272942443#1,False,-1272942443#1,0,,False,23.3618,50.000000,short=0.000 small=1.000 angle_diff=6.981 mode=following,,23.3618,23.3618,23.3618,0.090,0.000,0.000,0.0,2.65,
2026-10-01T11:17:22.683,1790817442.397,41,fuzzy_wkal_ebike,fuzzy,True,-37.908291720858855,145.1323966333017,True,1758.0930,1644.4228,1758.0893,1644.4379,1734.9061,1647.2766,1734.9061,1647.2766,-37.90826183,145.13213366,1734.9061,1647.2766,-1272942443#1,False,-1272942443#1,0,,False,23.3563,50.000000,short=0.000 small=1.000 angle_diff=6.981 mode=following,,23.3618,23.3618,23.3563,0.119,0.000,0.000,0.0,2.65,
2026-10-01T11:17:22.683,1790817442.397,41,hmm_wokal_ebike,hmm,False,-37.908291720858855,145.1323966333017,True,1758.0930,1644.4228,1758.0930,1644.4228,1736.8985,1647.0201,1736.8985,1647.0201,-37.90826450,145.13215625,1734.9046,1647.2643,-1272942443#1,True,1272942443#1,0,,False,21.3531,0.000000,emission=-34.385 transition=1.609 sigma=2.649 num_candidates=5.000,,21.3531,21.3531,21.3531,1.394,0.000,0.000,0.0,2.65,
2026-10-01T11:17:22.683,1790817442.397,41,hmm_wkal_ebike,hmm,True,-37.908291720858855,145.1323966333017,True,1758.0930,1644.4228,1758.0893,1644.4379,1736.9003,1647.0346,1736.9003,1647.0346,-37.90826437,145.13215627,1734.9064,1647.2787,-1272942443#1,True,1272942443#1,0,,False,21.3475,0.000000,emission=-34.369 transition=1.606 sigma=2.649 num_candidates=5.000,,21.3531,21.3531,21.3475,0.812,0.000,0.000,0.0,2.65,
2026-10-01T11:17:22.683,1790817442.397,41,st_wokal_ebike,st,False,-37.908291720858855,145.1323966333017,True,1758.0930,1644.4228,1758.0930,1644.4228,1736.8985,1647.0201,1736.8985,1647.0201,-37.90826450,145.13215625,1734.9046,1647.2643,-1272942443#1,True,1272942443#1,0,,False,21.3531,-35.935686,obs=0.011 trans=1.000 fs=0.011 ft=1.000,8,21.3531,21.3531,21.3531,2.239,0.000,0.000,0.0,2.65,
2026-10-01T11:17:22.683,1790817442.397,41,st_wkal_ebike,st,True,-37.908291720858855,145.1323966333017,True,1758.0930,1644.4228,1758.0893,1644.4379,1736.9003,1647.0346,1736.9003,1647.0346,-37.90826437,145.13215627,1734.9064,1647.2787,-1272942443#1,True,1272942443#1,0,,False,21.3475,-35.935468,obs=0.011 trans=1.000 fs=0.011 ft=1.000,8,21.3531,21.3531,21.3475,2.379,0.000,0.000,0.0,2.65,
2026-10-01T11:17:32.874,1790817451.016,42,native_wokal_ebike,native,False,-37.90829033398676,145.1323962375384,True,1758.0551,1644.5760,1758.0551,1644.5760,1736.9163,1647.1653,1736.9163,1647.1653,-37.90826319,145.13215649,1734.9224,1647.4094,-1272942443#1,True,1272942443#1,0,59.5579,False,,,,,21.2968,21.2968,21.2968,38.042,0.000,0.000,0.0,2.63,
2026-10-01T11:17:32.874,1790817451.016,42,native_wkal_ebike,native,True,-37.90829033398676,145.1323962375384,True,1758.0551,1644.5760,1758.0565,1644.5704,1736.9156,1647.1599,1736.9156,1647.1599,-37.90826324,145.13215648,1734.9218,1647.4041,-1272942443#1,True,1272942443#1,0,59.5633,False,,,,,21.2968,21.2968,21.2989,43.376,0.000,0.000,0.0,2.63,
2026-10-01T11:17:32.874,1790817451.016,42,topo_wokal_ebike,topo,False,-37.90829033398676,145.1323962375384,True,1758.0551,1644.5760,1758.0551,1644.5760,1736.9164,1647.1665,1736.9164,1647.1665,-37.90826318,145.13215649,1734.9226,1647.4106,-1272942443#1,True,1272942443#1,0,,False,21.2968,0.595994,prox=0.365 head=0.500 conn=1.000 turn=1.000,,21.2968,21.2968,21.2968,1.000,0.000,0.000,0.0,2.63,
2026-10-01T11:17:32.874,1790817451.016,42,topo_wkal_ebike,topo,True,-37.90829033398676,145.1323962375384,True,1758.0551,1644.5760,1758.0565,1644.5704,1736.9158,1647.1611,1736.9158,1647.1611,-37.90826323,145.13215648,1734.9219,1647.4053,-1272942443#1,True,1272942443#1,0,,False,21.2989,0.595965,prox=0.365 head=0.500 conn=1.000 turn=1.000,,21.2968,21.2968,21.2989,0.860,0.000,0.000,0.0,2.63,
2026-10-01T11:17:32.874,1790817451.016,42,fuzzy_wokal_ebike,fuzzy,False,-37.90829033398676,145.1323962375384,True,1758.0551,1644.5760,1758.0551,1644.5760,1734.9223,1647.4085,1734.9223,1647.4085,-37.90826064,145.13213387,1734.9223,1647.4085,-1272942443#1,False,-1272942443#1,0,,False,23.3056,50.000000,short=0.000 small=1.000 angle_diff=6.981 mode=following,,23.3056,23.3056,23.3056,0.136,0.000,0.000,0.0,2.63,
2026-10-01T11:17:32.874,1790817451.016,42,fuzzy_wkal_ebike,fuzzy,True,-37.90829033398676,145.1323962375384,True,1758.0551,1644.5760,1758.0565,1644.5704,1734.9216,1647.4031,1734.9216,1647.4031,-37.90826069,145.13213386,1734.9216,1647.4031,-1272942443#1,False,-1272942443#1,0,,False,23.3077,50.000000,short=0.000 small=1.000 angle_diff=6.981 mode=following,,23.3056,23.3056,23.3077,0.117,0.000,0.000,0.0,2.63,
2026-10-01T11:17:32.874,1790817451.016,42,hmm_wokal_ebike,hmm,False,-37.90829033398676,145.1323962375384,True,1758.0551,1644.5760,1758.0551,1644.5760,1736.9164,1647.1665,1736.9164,1647.1665,-37.90826318,145.13215649,1734.9226,1647.4106,-1272942443#1,True,1272942443#1,0,,False,21.2968,0.000000,emission=-34.739 transition=1.558 sigma=2.627 num_candidates=5.000,,21.2968,21.2968,21.2968,1.399,0.000,0.000,0.0,2.63,
2026-10-01T11:17:32.874,1790817451.016,42,hmm_wkal_ebike,hmm,True,-37.90829033398676,145.1323962375384,True,1758.0551,1644.5760,1758.0565,1644.5704,1736.9158,1647.1611,1736.9158,1647.1611,-37.90826323,145.13215648,1734.9219,1647.4053,-1272942443#1,True,1272942443#1,0,,False,21.2989,0.000000,emission=-34.746 transition=1.565 sigma=2.627 num_candidates=5.000,,21.2968,21.2968,21.2989,1.177,0.000,0.000,0.0,2.63,
2026-10-01T11:17:32.874,1790817451.016,42,st_wokal_ebike,st,False,-37.90829033398676,145.1323962375384,True,1758.0551,1644.5760,1758.0551,1644.5760,1736.9164,1647.1665,1736.9164,1647.1665,-37.90826318,145.13215649,1734.9226,1647.4106,-1272942443#1,True,1272942443#1,0,,False,21.2968,-35.915894,obs=0.011 trans=1.000 fs=0.011 ft=1.000,8,21.2968,21.2968,21.2968,3.195,0.000,0.000,0.0,2.63,
2026-10-01T11:17:32.874,1790817451.016,42,st_wkal_ebike,st,True,-37.90829033398676,145.1323962375384,True,1758.0551,1644.5760,1758.0565,1644.5704,1736.9158,1647.1611,1736.9158,1647.1611,-37.90826323,145.13215648,1734.9219,1647.4053,-1272942443#1,True,1272942443#1,0,,False,21.2989,-35.915648,obs=0.011 trans=1.000 fs=0.011 ft=1.000,8,21.2968,21.2968,21.2989,3.534,0.000,0.000,0.0,2.63,
2026-10-01T11:17:39.106,1790817457.4,43,native_wokal_ebike,native,False,-37.908288993398315,145.13239585498275,True,1758.0185,1644.7241,1758.0185,1644.7241,1736.9336,1647.3068,1736.9336,1647.3068,-37.90826192,145.13215672,1734.9397,1647.5509,-1272942443#1,True,1272942443#1,0,59.4153,False,,,,,21.2425,21.2425,21.2425,24.882,0.000,0.000,0.0,2.61,
2026-10-01T11:17:39.106,1790817457.4,43,native_wkal_ebike,native,True,-37.908288993398315,145.13239585498275,True,1758.0185,1644.7241,1758.0205,1644.7162,1736.9327,1647.2993,1736.9327,1647.2993,-37.90826199,145.13215670,1734.9388,1647.5434,-1272942443#1,True,1272942443#1,0,59.4229,False,,,,,21.2425,21.2425,21.2454,20.700,0.000,0.000,0.0,2.61,
2026-10-01T11:17:39.106,1790817457.4,43,topo_wokal_ebike,topo,False,-37.908288993398315,145.13239585498275,True,1758.0185,1644.7241,1758.0185,1644.7241,1736.9338,1647.3080,1736.9338,1647.3080,-37.90826191,145.13215672,1734.9399,1647.5521,-1272942443#1,True,1272942443#1,0,,False,21.2425,0.596746,prox=0.367 head=0.500 conn=1.000 turn=1.000,,21.2425,21.2425,21.2425,0.596,0.000,0.000,0.0,2.61,
2026-10-01T11:17:39.106,1790817457.4,43,topo_wkal_ebike,topo,True,-37.908288993398315,145.13239585498275,True,1758.0185,1644.7241,1758.0205,1644.7162,1736.9329,1647.3005,1736.9329,1647.3005,-37.90826198,145.13215671,1734.9390,1647.5446,-1272942443#1,True,1272942443#1,0,,False,21.2454,0.596706,prox=0.367 head=0.500 conn=1.000 turn=1.000,,21.2425,21.2425,21.2454,0.513,0.000,0.000,0.0,2.61,
2026-10-01T11:17:39.106,1790817457.4,43,fuzzy_wokal_ebike,fuzzy,False,-37.908288993398315,145.13239585498275,True,1758.0185,1644.7241,1758.0185,1644.7241,1734.9396,1647.5500,1734.9396,1647.5500,-37.90825937,145.13213410,1734.9396,1647.5500,-1272942443#1,False,-1272942443#1,0,,False,23.2513,50.000000,short=0.000 small=1.000 angle_diff=6.981 mode=following,,23.2513,23.2513,23.2513,0.074,0.000,0.000,0.0,2.61,
2026-10-01T11:17:39.106,1790817457.4,43,fuzzy_wkal_ebike,fuzzy,True,-37.908288993398315,145.13239585498275,True,1758.0185,1644.7241,1758.0205,1644.7162,1734.9387,1647.5425,1734.9387,1647.5425,-37.90825944,145.13213409,1734.9387,1647.5425,-1272942443#1,False,-1272942443#1,0,,False,23.2541,50.000000,short=0.000 small=1.000 angle_diff=6.981 mode=following,,23.2513,23.2513,23.2541,0.079,0.000,0.000,0.0,2.61,
2026-10-01T11:17:39.106,1790817457.4,43,hmm_wokal_ebike,hmm,False,-37.908288993398315,145.13239585498275,True,1758.0185,1644.7241,1758.0185,1644.7241,1736.9338,1647.3080,1736.9338,1647.3080,-37.90826191,145.13215672,1734.9399,1647.5521,-1272942443#1,True,1272942443#1,0,,False,21.2425,0.000000,emission=-35.109 transition=1.559 sigma=2.606 num_candidates=5.000,,21.2425,21.2425,21.2425,0.792,0.000,0.000,0.0,2.61,
2026-10-01T11:17:39.106,1790817457.4,43,hmm_wkal_ebike,hmm,True,-37.908288993398315,145.13239585498275,True,1758.0185,1644.7241,1758.0205,1644.7162,1736.9329,1647.3005,1736.9329,1647.3005,-37.90826198,145.13215671,1734.9390,1647.5446,-1272942443#1,True,1272942443#1,0,,False,21.2454,0.000000,emission=-35.118 transition=1.560 sigma=2.606 num_candidates=5.000,,21.2425,21.2425,21.2454,0.770,0.000,0.000,0.0,2.61,
2026-10-01T11:17:39.106,1790817457.4,43,st_wokal_ebike,st,False,-37.908288993398315,145.13239585498275,True,1758.0185,1644.7241,1758.0185,1644.7241,1736.9338,1647.3080,1736.9338,1647.3080,-37.90826191,145.13215672,1734.9399,1647.5521,-1272942443#1,True,1272942443#1,0,,False,21.2425,-35.896835,obs=0.011 trans=1.000 fs=0.011 ft=1.000,8,21.2425,21.2425,21.2425,1.918,0.000,0.000,0.0,2.61,
2026-10-01T11:17:39.106,1790817457.4,43,st_wkal_ebike,st,True,-37.908288993398315,145.13239585498275,True,1758.0185,1644.7241,1758.0205,1644.7162,1736.9329,1647.3005,1736.9329,1647.3005,-37.90826198,145.13215671,1734.9390,1647.5446,-1272942443#1,True,1272942443#1,0,,False,21.2454,-35.896537,obs=0.011 trans=1.000 fs=0.011 ft=1.000,8,21.2425,21.2425,21.2454,1.879,0.000,0.000,0.0,2.61,
2026-10-01T11:17:49.357,1790817469.014,44,native_wokal_ebike,native,False,-37.90828769505514,145.1323954844824,True,1757.9831,1644.8675,1757.9831,1644.8675,1736.9504,1647.4438,1736.9504,1647.4438,-37.90826069,145.13215694,1734.9565,1647.6879,-1272942443#1,True,1272942443#1,0,59.2773,False,,,,,21.1898,21.1898,21.1898,22.180,0.000,0.000,0.0,2.59,
2026-10-01T11:17:49.357,1790817469.014,44,native_wkal_ebike,native,True,-37.90828769505514,145.1323954844824,True,1757.9831,1644.8675,1757.9819,1644.8722,1736.9510,1647.4483,1736.9510,1647.4483,-37.90826065,145.13215694,1734.9571,1647.6924,-1272942443#1,True,1272942443#1,0,59.2728,False,,,,,21.1898,21.1898,21.1881,20.124,0.000,0.000,0.0,2.59,
2026-10-01T11:17:49.357,1790817469.014,44,topo_wokal_ebike,topo,False,-37.90828769505514,145.1323954844824,True,1757.9831,1644.8675,1757.9831,1644.8675,1736.9506,1647.4450,1736.9506,1647.4450,-37.90826068,145.13215694,1734.9567,1647.6891,-1272942443#1,True,1272942443#1,0,,False,21.1898,0.597476,prox=0.369 head=0.500 conn=1.000 turn=1.000,,21.1898,21.1898,21.1898,0.545,0.000,0.000,0.0,2.59,
2026-10-01T11:17:49.357,1790817469.014,44,topo_wkal_ebike,topo,True,-37.90828769505514,145.1323954844824,True,1757.9831,1644.8675,1757.9819,1644.8722,1736.9511,1647.4495,1736.9511,1647.4495,-37.90826064,145.13215695,1734.9572,1647.6936,-1272942443#1,True,1272942443#1,0,,False,21.1881,0.597500,prox=0.369 head=0.500 conn=1.000 turn=1.000,,21.1898,21.1898,21.1881,0.545,0.000,0.000,0.0,2.59,
2026-10-01T11:17:49.357,1790817469.014,44,fuzzy_wokal_ebike,fuzzy,False,-37.90828769505514,145.1323954844824,True,1757.9831,1644.8675,1757.9831,1644.8675,1734.9564,1647.6870,1734.9564,1647.6870,-37.90825814,145.13213432,1734.9564,1647.6870,-1272942443#1,False,-1272942443#1,0,,False,23.1986,50.000000,short=0.000 small=1.000 angle_diff=6.981 mode=following,,23.1986,23.1986,23.1986,0.083,0.000,0.000,0.0,2.59,
2026-10-01T11:17:49.357,1790817469.014,44,fuzzy_wkal_ebike,fuzzy,True,-37.90828769505514,145.1323954844824,True,1757.9831,1644.8675,1757.9819,1644.8722,1734.9569,1647.6915,1734.9569,1647.6915,-37.90825810,145.13213433,1734.9569,1647.6915,-1272942443#1,False,-1272942443#1,0,,False,23.1969,50.000000,short=0.000 small=1.000 angle_diff=6.981 mode=following,,23.1986,23.1986,23.1969,0.079,0.000,0.000,0.0,2.59,
2026-10-01T11:17:49.357,1790817469.014,44,hmm_wokal_ebike,hmm,False,-37.90828769505514,145.1323954844824,True,1757.9831,1644.8675,1757.9831,1644.8675,1736.9506,1647.4450,1736.9506,1647.4450,-37.90826068,145.13215694,1734.9567,1647.6891,-1272942443#1,True,1272942443#1,0,,False,21.1898,0.000000,emission=-35.433 transition=1.561 sigma=2.586 num_candidates=5.000,,21.1898,21.1898,21.1898,0.814,0.000,0.000,0.0,2.59,
2026-10-01T11:17:49.357,1790817469.014,44,hmm_wkal_ebike,hmm,True,-37.90828769505514,145.1323954844824,True,1757.9831,1644.8675,1757.9819,1644.8722,1736.9511,1647.4495,1736.9511,1647.4495,-37.90826064,145.13215695,1734.9572,1647.6936,-1272942443#1,True,1272942443#1,0,,False,21.1881,0.000000,emission=-35.428 transition=1.557 sigma=2.586 num_candidates=5.000,,21.1898,21.1898,21.1881,0.811,0.000,0.000,0.0,2.59,
2026-10-01T11:17:49.357,1790817469.014,44,st_wokal_ebike,st,False,-37.90828769505514,145.1323954844824,True,1757.9831,1644.8675,1757.9831,1644.8675,1736.9506,1647.4450,1736.9506,1647.4450,-37.90826068,145.13215694,1734.9567,1647.6891,-1272942443#1,True,1272942443#1,0,,False,21.1898,-35.878467,obs=0.011 trans=1.000 fs=0.011 ft=1.000,8,21.1898,21.1898,21.1898,1.905,0.000,0.000,0.0,2.59,
2026-10-01T11:17:49.357,1790817469.014,44,st_wkal_ebike,st,True,-37.90828769505514,145.1323954844824,True,1757.9831,1644.8675,1757.9819,1644.8722,1736.9511,1647.4495,1736.9511,1647.4495,-37.90826064,145.13215695,1734.9572,1647.6936,-1272942443#1,True,1272942443#1,0,,False,21.1881,-35.878198,obs=0.011 trans=1.000 fs=0.011 ft=1.000,8,21.1898,21.1898,21.1881,1.762,0.000,0.000,0.0,2.59,
2026-10-01T11:17:53.471,1790817472.401,45,native_wokal_ebike,native,False,-37.90828769505151,145.13239548448135,True,1757.9831,1644.8675,1757.9831,1644.8675,1736.9504,1647.4438,1736.9504,1647.4438,-37.90826069,145.13215694,1734.9565,1647.6879,-1272942443#1,True,1272942443#1,0,59.2773,False,,,,,21.1898,21.1898,21.1898,28.311,0.000,0.000,0.0,2.59,
2026-10-01T11:17:53.471,1790817472.401,45,native_wkal_ebike,native,True,-37.90828769505151,145.13239548448135,True,1757.9831,1644.8675,1757.9797,1644.8809,1736.9520,1647.4566,1736.9520,1647.4566,-37.90826058,145.13215696,1734.9581,1647.7008,-1272942443#1,True,1272942443#1,0,59.2644,False,,,,,21.1898,21.1898,21.1849,18.384,0.000,0.000,0.0,2.59,
2026-10-01T11:17:53.471,1790817472.401,45,topo_wokal_ebike,topo,False,-37.90828769505151,145.13239548448135,True,1757.9831,1644.8675,1757.9831,1644.8675,1736.9506,1647.4450,1736.9506,1647.4450,-37.90826068,145.13215694,1734.9567,1647.6891,-1272942443#1,True,1272942443#1,0,,False,21.1898,0.597476,prox=0.369 head=0.500 conn=1.000 turn=1.000,,21.1898,21.1898,21.1898,0.655,0.000,0.000,0.0,2.59,
2026-10-01T11:17:53.471,1790817472.401,45,topo_wkal_ebike,topo,True,-37.90828769505151,145.13239548448135,True,1757.9831,1644.8675,1757.9797,1644.8809,1736.9521,1647.4578,1736.9521,1647.4578,-37.90826057,145.13215696,1734.9582,1647.7019,-1272942443#1,True,1272942443#1,0,,False,21.1849,0.597544,prox=0.369 head=0.500 conn=1.000 turn=1.000,,21.1898,21.1898,21.1849,0.502,0.000,0.000,0.0,2.59,
2026-10-01T11:17:53.471,1790817472.401,45,fuzzy_wokal_ebike,fuzzy,False,-37.90828769505151,145.13239548448135,True,1757.9831,1644.8675,1757.9831,1644.8675,1734.9564,1647.6870,1734.9564,1647.6870,-37.90825814,145.13213432,1734.9564,1647.6870,-1272942443#1,False,-1272942443#1,0,,False,23.1986,50.000000,short=0.000 small=1.000 angle_diff=6.981 mode=following,,23.1986,23.1986,23.1986,0.079,0.000,0.000,0.0,2.59,
2026-10-01T11:17:53.471,1790817472.401,45,fuzzy_wkal_ebike,fuzzy,True,-37.90828769505151,145.13239548448135,True,1757.9831,1644.8675,1757.9797,1644.8809,1734.9580,1647.6998,1734.9580,1647.6998,-37.90825803,145.13213434,1734.9580,1647.6998,-1272942443#1,False,-1272942443#1,0,,False,23.1937,50.000000,short=0.000 small=1.000 angle_diff=6.981 mode=following,,23.1986,23.1986,23.1937,0.073,0.000,0.000,0.0,2.59,
2026-10-01T11:17:53.471,1790817472.401,45,hmm_wokal_ebike,hmm,False,-37.90828769505151,145.13239548448135,True,1757.9831,1644.8675,1757.9831,1644.8675,1736.9506,1647.4450,1736.9506,1647.4450,-37.90826068,145.13215694,1734.9567,1647.6891,-1272942443#1,True,1272942443#1,0,,False,21.1898,0.000000,emission=-35.428 transition=1.609 sigma=2.587 num_candidates=5.000,,21.1898,21.1898,21.1898,0.803,0.000,0.000,0.0,2.59,
2026-10-01T11:17:53.471,1790817472.401,45,hmm_wkal_ebike,hmm,True,-37.90828769505151,145.13239548448135,True,1757.9831,1644.8675,1757.9797,1644.8809,1736.9521,1647.4578,1736.9521,1647.4578,-37.90826057,145.13215696,1734.9582,1647.7019,-1272942443#1,True,1272942443#1,0,,False,21.1849,0.000000,emission=-35.412 transition=1.606 sigma=2.587 num_candidates=5.000,,21.1898,21.1898,21.1849,0.799,0.000,0.000,0.0,2.59,
2026-10-01T11:17:53.471,1790817472.401,45,st_wokal_ebike,st,False,-37.90828769505151,145.13239548448135,True,1757.9831,1644.8675,1757.9831,1644.8675,1736.9506,1647.4450,1736.9506,1647.4450,-37.90826068,145.13215694,1734.9567,1647.6891,-1272942443#1,True,1272942443#1,0,,False,21.1898,-35.860100,obs=0.011 trans=1.000 fs=0.011 ft=1.000,8,21.1898,21.1898,21.1898,1.793,0.000,0.000,0.0,2.59,
2026-10-01T11:17:53.471,1790817472.401,45,st_wkal_ebike,st,True,-37.90828769505151,145.13239548448135,True,1757.9831,1644.8675,1757.9797,1644.8809,1736.9521,1647.4578,1736.9521,1647.4578,-37.90826057,145.13215696,1734.9582,1647.7019,-1272942443#1,True,1272942443#1,0,,False,21.1849,-35.859909,obs=0.011 trans=1.000 fs=0.011 ft=1.000,8,21.1898,21.1898,21.1849,1.770,0.000,0.000,0.0,2.59,
