wall_time,phone_timestamp,fix_seq,vehicle_id,method,kalman,lat,lon,matched,raw_x,raw_y,filt_x,filt_y,match_x,match_y,matched_x,matched_y,matched_lat,matched_lon,actual_x,actual_y,actual_edge_id,sumo_override,edge_id,lane_index,lane_pos,is_internal_edge,raw_dist,score,components,window_len,correction_m,match_error_raw_m,match_error_filt_m,match_ms,phone_speed_mps,sumo_speed_mps,phone_course_deg,accuracy_m,unmatched_reason
2026-10-01T11:36:09.895,1790818568.87,1,native_wokal_ebike,native,False,-37.90873695634111,145.13217237791523,False,1739.3668,1594.6222,1739.3668,1594.6222,,,,,,,,,,,,,,False,,,,,,,,,0.420,,352.3,14.00,bike_error
2026-10-01T11:36:09.895,1790818568.87,1,native_wkal_ebike,native,True,-37.90873695634111,145.13217237791523,False,1739.3668,1594.6222,1739.3668,1594.6222,,,,,,,,,,,,,,False,,,,,,,,,0.420,,352.3,14.00,bike_error
2026-10-01T11:36:09.895,1790818568.87,1,topo_wokal_ebike,topo,False,-37.90873695634111,145.13217237791523,False,1739.3668,1594.6222,1739.3668,1594.6222,,,,,,,,,,,,,,False,,,,,,,,,0.420,,352.3,14.00,bike_error
2026-10-01T11:36:09.895,1790818568.87,1,topo_wkal_ebike,topo,True,-37.90873695634111,145.13217237791523,False,1739.3668,1594.6222,1739.3668,1594.6222,,,,,,,,,,,,,,False,,,,,,,,,0.420,,352.3,14.00,bike_error
2026-10-01T11:36:09.895,1790818568.87,1,fuzzy_wokal_ebike,fuzzy,False,-37.90873695634111,145.13217237791523,False,1739.3668,1594.6222,1739.3668,1594.6222,,,,,,,,,,,,,,False,,,,,,,,,0.420,,352.3,14.00,bike_error
2026-10-01T11:36:09.895,1790818568.87,1,fuzzy_wkal_ebike,fuzzy,True,-37.90873695634111,145.13217237791523,False,1739.3668,1594.6222,1739.3668,1594.6222,,,,,,,,,,,,,,False,,,,,,,,,0.420,,352.3,14.00,bike_error
2026-10-01T11:36:09.895,1790818568.87,1,hmm_wokal_ebike,hmm,False,-37.90873695634111,145.13217237791523,False,1739.3668,1594.6222,1739.3668,1594.6222,,,,,,,,,,,,,,False,,,,,,,,,0.420,,352.3,14.00,bike_error
2026-10-01T11:36:09.895,1790818568.87,1,hmm_wkal_ebike,hmm,True,-37.90873695634111,145.13217237791523,False,1739.3668,1594.6222,1739.3668,1594.6222,,,,,,,,,,,,,,False,,,,,,,,,0.420,,352.3,14.00,bike_error
2026-10-01T11:36:09.895,1790818568.87,1,st_wokal_ebike,st,False,-37.90873695634111,145.13217237791523,False,1739.3668,1594.6222,1739.3668,1594.6222,,,,,,,,,,,,,,False,,,,,,,,,0.420,,352.3,14.00,bike_error
2026-10-01T11:36:09.895,1790818568.87,1,st_wkal_ebike,st,True,-37.90873695634111,145.13217237791523,False,1739.3668,1594.6222,1739.3668,1594.6222,,,,,,,,,,,,,,False,,,,,,,,,0.420,,352.3,14.00,bike_error
2026-10-01T11:36:14.971,1790818570.999,2,native_wokal_ebike,native,False,-37.90872488640054,145.1321308036755,False,1735.6849,1595.8883,1735.6849,1595.8883,,,,,,,,,,,,,,False,,,,,,,,,0.580,,286.9,14.00,bike_error
2026-10-01T11:36:14.971,1790818570.999,2,native_wkal_ebike,native,True,-37.90872488640054,145.1321308036755,False,1735.6849,1595.8883,1737.3890,1595.7065,,,,,,,,,,,,,,False,,,,,,,,,0.580,,286.9,14.00,bike_error
2026-10-01T11:36:14.971,1790818570.999,2,topo_wokal_ebike,topo,False,-37.90872488640054,145.1321308036755,False,1735.6849,1595.8883,1735.6849,1595.8883,,,,,,,,,,,,,,False,,,,,,,,,0.580,,286.9,14.00,bike_error
2026-10-01T11:36:14.971,1790818570.999,2,topo_wkal_ebike,topo,True,-37.90872488640054,145.1321308036755,False,1735.6849,1595.8883,1737.3890,1595.7065,,,,,,,,,,,,,,False,,,,,,,,,0.580,,286.9,14.00,bike_error
2026-10-01T11:36:14.971,1790818570.999,2,fuzzy_wokal_ebike,fuzzy,False,-37.90872488640054,145.1321308036755,False,1735.6849,1595.8883,1735.6849,1595.8883,,,,,,,,,,,,,,False,,,,,,,,,0.580,,286.9,14.00,bike_error
2026-10-01T11:36:14.971,1790818570.999,2,fuzzy_wkal_ebike,fuzzy,True,-37.90872488640054,145.1321308036755,False,1735.6849,1595.8883,1737.3890,1595.7065,,,,,,,,,,,,,,False,,,,,,,,,0.580,,286.9,14.00,bike_error
2026-10-01T11:36:14.971,1790818570.999,2,hmm_wokal_ebike,hmm,False,-37.90872488640054,145.1321308036755,False,1735.6849,1595.8883,1735.6849,1595.8883,,,,,,,,,,,,,,False,,,,,,,,,0.580,,286.9,14.00,bike_error
2026-10-01T11:36:14.971,1790818570.999,2,hmm_wkal_ebike,hmm,True,-37.90872488640054,145.1321308036755,False,1735.6849,1595.8883,1737.3890,1595.7065,,,,,,,,,,,,,,False,,,,,,,,,0.580,,286.9,14.00,bike_error
2026-10-01T11:36:14.971,1790818570.999,2,st_wokal_ebike,st,False,-37.90872488640054,145.1321308036755,False,1735.6849,1595.8883,1735.6849,1595.8883,,,,,,,,,,,,,,False,,,,,,,,,0.580,,286.9,14.00,bike_error
2026-10-01T11:36:14.971,1790818570.999,2,st_wkal_ebike,st,True,-37.90872488640054,145.1321308036755,False,1735.6849,1595.8883,1737.3890,1595.7065,,,,,,,,,,,,,,False,,,,,,,,,0.580,,286.9,14.00,bike_error
2026-10-01T11:36:31.461,1790818590.999,3,native_wokal_ebike,native,False,-37.908750580586236,145.13201974750237,False,1725.9782,1592.8415,1725.9782,1592.8415,,,,,,,,,,,,,,False,,,,,,,,,0.000,,316.8,4.27,bike_error
2026-10-01T11:36:31.461,1790818590.999,3,native_wkal_ebike,native,True,-37.908750580586236,145.13201974750237,False,1725.9782,1592.8415,1725.9803,1592.8670,,,,,,,,,,,,,,False,,,,,,,,,0.000,,316.8,4.27,bike_error
2026-10-01T11:36:31.461,1790818590.999,3,topo_wokal_ebike,topo,False,-37.908750580586236,145.13201974750237,False,1725.9782,1592.8415,1725.9782,1592.8415,,,,,,,,,,,,,,False,,,,,,,,,0.000,,316.8,4.27,bike_error
2026-10-01T11:36:31.461,1790818590.999,3,topo_wkal_ebike,topo,True,-37.908750580586236,145.13201974750237,False,1725.9782,1592.8415,1725.9803,1592.8670,,,,,,,,,,,,,,False,,,,,,,,,0.000,,316.8,4.27,bike_error
2026-10-01T11:36:31.461,1790818590.999,3,fuzzy_wokal_ebike,fuzzy,False,-37.908750580586236,145.13201974750237,False,1725.9782,1592.8415,1725.9782,1592.8415,,,,,,,,,,,,,,False,,,,,,,,,0.000,,316.8,4.27,bike_error
2026-10-01T11:36:31.461,1790818590.999,3,fuzzy_wkal_ebike,fuzzy,True,-37.908750580586236,145.13201974750237,False,1725.9782,1592.8415,1725.9803,1592.8670,,,,,,,,,,,,,,False,,,,,,,,,0.000,,316.8,4.27,bike_error
2026-10-01T11:36:31.461,1790818590.999,3,hmm_wokal_ebike,hmm,False,-37.908750580586236,145.13201974750237,False,1725.9782,1592.8415,1725.9782,1592.8415,,,,,,,,,,,,,,False,,,,,,,,,0.000,,316.8,4.27,bike_error
2026-10-01T11:36:31.461,1790818590.999,3,hmm_wkal_ebike,hmm,True,-37.908750580586236,145.13201974750237,False,1725.9782,1592.8415,1725.9803,1592.8670,,,,,,,,,,,,,,False,,,,,,,,,0.000,,316.8,4.27,bike_error
2026-10-01T11:36:31.461,1790818590.999,3,st_wokal_ebike,st,False,-37.908750580586236,145.13201974750237,False,1725.9782,1592.8415,1725.9782,1592.8415,,,,,,,,,,,,,,False,,,,,,,,,0.000,,316.8,4.27,bike_error
2026-10-01T11:36:31.461,1790818590.999,3,st_wkal_ebike,st,True,-37.908750580586236,145.13201974750237,False,1725.9782,1592.8415,1725.9803,1592.8670,,,,,,,,,,,,,,False,,,,,,,,,0.000,,316.8,4.27,bike_error
2026-10-01T11:36:33.727,1790818592.999,4,native_wokal_ebike,native,False,-37.90877483860839,145.13201993751295,False,1726.0489,1590.1501,1726.0489,1590.1501,,,,,,,,,,,,,,False,,,,,,,,,0.170,,0.0,3.06,bike_error
2026-10-01T11:36:33.727,1790818592.999,4,native_wkal_ebike,native,True,-37.90877483860839,145.13201993751295,False,1726.0489,1590.1501,1725.7245,1590.8236,,,,,,,,,,,,,,False,,,,,,,,,0.170,,0.0,3.06,bike_error
2026-10-01T11:36:33.727,1790818592.999,4,topo_wokal_ebike,topo,False,-37.90877483860839,145.13201993751295,False,1726.0489,1590.1501,1726.0489,1590.1501,,,,,,,,,,,,,,False,,,,,,,,,0.170,,0.0,3.06,bike_error
2026-10-01T11:36:33.727,1790818592.999,4,topo_wkal_ebike,topo,True,-37.90877483860839,145.13201993751295,False,1726.0489,1590.1501,1725.7245,1590.8236,,,,,,,,,,,,,,False,,,,,,,,,0.170,,0.0,3.06,bike_error
2026-10-01T11:36:33.727,1790818592.999,4,fuzzy_wokal_ebike,fuzzy,False,-37.90877483860839,145.13201993751295,False,1726.0489,1590.1501,1726.0489,1590.1501,,,,,,,,,,,,,,False,,,,,,,,,0.170,,0.0,3.06,bike_error
2026-10-01T11:36:33.727,1790818592.999,4,fuzzy_wkal_ebike,fuzzy,True,-37.90877483860839,145.13201993751295,False,1726.0489,1590.1501,1725.7245,1590.8236,,,,,,,,,,,,,,False,,,,,,,,,0.170,,0.0,3.06,bike_error
2026-10-01T11:36:33.727,1790818592.999,4,hmm_wokal_ebike,hmm,False,-37.90877483860839,145.13201993751295,False,1726.0489,1590.1501,1726.0489,1590.1501,,,,,,,,,,,,,,False,,,,,,,,,0.170,,0.0,3.06,bike_error
2026-10-01T11:36:33.727,1790818592.999,4,hmm_wkal_ebike,hmm,True,-37.90877483860839,145.13201993751295,False,1726.0489,1590.1501,1725.7245,1590.8236,,,,,,,,,,,,,,False,,,,,,,,,0.170,,0.0,3.06,bike_error
2026-10-01T11:36:33.727,1790818592.999,4,st_wokal_ebike,st,False,-37.90877483860839,145.13201993751295,False,1726.0489,1590.1501,1726.0489,1590.1501,,,,,,,,,,,,,,False,,,,,,,,,0.170,,0.0,3.06,bike_error
2026-10-01T11:36:33.727,1790818592.999,4,st_wkal_ebike,st,True,-37.90877483860839,145.13201993751295,False,1726.0489,1590.1501,1725.7245,1590.8236,,,,,,,,,,,,,,False,,,,,,,,,0.170,,0.0,3.06,bike_error
2026-10-01T11:36:35.923,1790818594.999,5,native_wokal_ebike,native,False,-37.90880715478017,145.13201580396398,False,1725.7573,1586.5568,1725.7573,1586.5568,,,,,,,,,,,,,,False,,,,,,,,,0.360,,302.7,3.54,bike_error
2026-10-01T11:36:35.923,1790818594.999,5,native_wkal_ebike,native,True,-37.90880715478017,145.13201580396398,False,1725.7573,1586.5568,1725.2930,1588.2975,,,,,,,,,,,,,,False,,,,,,,,,0.360,,302.7,3.54,bike_error
2026-10-01T11:36:35.923,1790818594.999,5,topo_wokal_ebike,topo,False,-37.90880715478017,145.13201580396398,False,1725.7573,1586.5568,1725.7573,1586.5568,,,,,,,,,,,,,,False,,,,,,,,,0.360,,302.7,3.54,bike_error
2026-10-01T11:36:35.923,1790818594.999,5,topo_wkal_ebike,topo,True,-37.90880715478017,145.13201580396398,False,1725.7573,1586.5568,1725.2930,1588.2975,,,,,,,,,,,,,,False,,,,,,,,,0.360,,302.7,3.54,bike_error
2026-10-01T11:36:35.923,1790818594.999,5,fuzzy_wokal_ebike,fuzzy,False,-37.90880715478017,145.13201580396398,False,1725.7573,1586.5568,1725.7573,1586.5568,,,,,,,,,,,,,,False,,,,,,,,,0.360,,302.7,3.54,bike_error
2026-10-01T11:36:35.923,1790818594.999,5,fuzzy_wkal_ebike,fuzzy,True,-37.90880715478017,145.13201580396398,False,1725.7573,1586.5568,1725.2930,1588.2975,,,,,,,,,,,,,,False,,,,,,,,,0.360,,302.7,3.54,bike_error
2026-10-01T11:36:35.923,1790818594.999,5,hmm_wokal_ebike,hmm,False,-37.90880715478017,145.13201580396398,False,1725.7573,1586.5568,1725.7573,1586.5568,,,,,,,,,,,,,,False,,,,,,,,,0.360,,302.7,3.54,bike_error
2026-10-01T11:36:35.923,1790818594.999,5,hmm_wkal_ebike,hmm,True,-37.90880715478017,145.13201580396398,False,1725.7573,1586.5568,1725.2930,1588.2975,,,,,,,,,,,,,,False,,,,,,,,,0.360,,302.7,3.54,bike_error
2026-10-01T11:36:35.923,1790818594.999,5,st_wokal_ebike,st,False,-37.90880715478017,145.13201580396398,False,1725.7573,1586.5568,1725.7573,1586.5568,,,,,,,,,,,,,,False,,,,,,,,,0.360,,302.7,3.54,bike_error
2026-10-01T11:36:35.923,1790818594.999,5,st_wkal_ebike,st,True,-37.90880715478017,145.13201580396398,False,1725.7573,1586.5568,1725.2930,1588.2975,,,,,,,,,,,,,,False,,,,,,,,,0.360,,302.7,3.54,bike_error
2026-10-01T11:36:38.026,1790818597.999,6,native_wokal_ebike,native,False,-37.90880916643693,145.13202074928685,False,1726.1966,1586.3423,1726.1966,1586.3423,,,,,,,,,,,,,,False,,,,,,,,,0.300,,303.0,3.54,bike_error
2026-10-01T11:36:38.026,1790818597.999,6,native_wkal_ebike,native,True,-37.90880916643693,145.13202074928685,False,1726.1966,1586.3423,1725.4726,1586.3030,,,,,,,,,,,,,,False,,,,,,,,,0.300,,303.0,3.54,bike_error
2026-10-01T11:36:38.026,1790818597.999,6,topo_wokal_ebike,topo,False,-37.90880916643693,145.13202074928685,False,1726.1966,1586.3423,1726.1966,1586.3423,,,,,,,,,,,,,,False,,,,,,,,,0.300,,303.0,3.54,bike_error
2026-10-01T11:36:38.026,1790818597.999,6,topo_wkal_ebike,topo,True,-37.90880916643693,145.13202074928685,False,1726.1966,1586.3423,1725.4726,1586.3030,,,,,,,,,,,,,,False,,,,,,,,,0.300,,303.0,3.54,bike_error
2026-10-01T11:36:38.026,1790818597.999,6,fuzzy_wokal_ebike,fuzzy,False,-37.90880916643693,145.13202074928685,False,1726.1966,1586.3423,1726.1966,1586.3423,,,,,,,,,,,,,,False,,,,,,,,,0.300,,303.0,3.54,bike_error
2026-10-01T11:36:38.026,1790818597.999,6,fuzzy_wkal_ebike,fuzzy,True,-37.90880916643693,145.13202074928685,False,1726.1966,1586.3423,1725.4726,1586.3030,,,,,,,,,,,,,,False,,,,,,,,,0.300,,303.0,3.54,bike_error
2026-10-01T11:36:38.026,1790818597.999,6,hmm_wokal_ebike,hmm,False,-37.90880916643693,145.13202074928685,False,1726.1966,1586.3423,1726.1966,1586.3423,,,,,,,,,,,,,,False,,,,,,,,,0.300,,303.0,3.54,bike_error
2026-10-01T11:36:38.026,1790818597.999,6,hmm_wkal_ebike,hmm,True,-37.90880916643693,145.13202074928685,False,1726.1966,1586.3423,1725.4726,1586.3030,,,,,,,,,,,,,,False,,,,,,,,,0.300,,303.0,3.54,bike_error
2026-10-01T11:36:38.026,1790818597.999,6,st_wokal_ebike,st,False,-37.90880916643693,145.13202074928685,False,1726.1966,1586.3423,1726.1966,1586.3423,,,,,,,,,,,,,,False,,,,,,,,,0.300,,303.0,3.54,bike_error
2026-10-01T11:36:38.026,1790818597.999,6,st_wkal_ebike,st,True,-37.90880916643693,145.13202074928685,False,1726.1966,1586.3423,1725.4726,1586.3030,,,,,,,,,,,,,,False,,,,,,,,,0.300,,303.0,3.54,bike_error
2026-10-01T11:36:40.217,1790818599.999,7,native_wokal_ebike,native,False,-37.908799820614895,145.13203466324612,False,1727.3991,1587.4039,1727.3991,1587.4039,,,,,,,,,,,,,,False,,,,,,,,,0.940,,302.7,3.54,bike_error
2026-10-01T11:36:40.217,1790818599.999,7,native_wkal_ebike,native,True,-37.908799820614895,145.13203466324612,False,1727.3991,1587.4039,1726.4573,1586.3499,,,,,,,,,,,,,,False,,,,,,,,,0.940,,302.7,3.54,bike_error
2026-10-01T11:36:40.217,1790818599.999,7,topo_wokal_ebike,topo,False,-37.908799820614895,145.13203466324612,False,1727.3991,1587.4039,1727.3991,1587.4039,,,,,,,,,,,,,,False,,,,,,,,,0.940,,302.7,3.54,bike_error
2026-10-01T11:36:40.217,1790818599.999,7,topo_wkal_ebike,topo,True,-37.908799820614895,145.13203466324612,False,1727.3991,1587.4039,1726.4573,1586.3499,,,,,,,,,,,,,,False,,,,,,,,,0.940,,302.7,3.54,bike_error
2026-10-01T11:36:40.217,1790818599.999,7,fuzzy_wokal_ebike,fuzzy,False,-37.908799820614895,145.13203466324612,False,1727.3991,1587.4039,1727.3991,1587.4039,,,,,,,,,,,,,,False,,,,,,,,,0.940,,302.7,3.54,bike_error
2026-10-01T11:36:40.217,1790818599.999,7,fuzzy_wkal_ebike,fuzzy,True,-37.908799820614895,145.13203466324612,False,1727.3991,1587.4039,1726.4573,1586.3499,,,,,,,,,,,,,,False,,,,,,,,,0.940,,302.7,3.54,bike_error
2026-10-01T11:36:40.217,1790818599.999,7,hmm_wokal_ebike,hmm,False,-37.908799820614895,145.13203466324612,False,1727.3991,1587.4039,1727.3991,1587.4039,,,,,,,,,,,,,,False,,,,,,,,,0.940,,302.7,3.54,bike_error
2026-10-01T11:36:40.217,1790818599.999,7,hmm_wkal_ebike,hmm,True,-37.908799820614895,145.13203466324612,False,1727.3991,1587.4039,1726.4573,1586.3499,,,,,,,,,,,,,,False,,,,,,,,,0.940,,302.7,3.54,bike_error
2026-10-01T11:36:40.217,1790818599.999,7,st_wokal_ebike,st,False,-37.908799820614895,145.13203466324612,False,1727.3991,1587.4039,1727.3991,1587.4039,,,,,,,,,,,,,,False,,,,,,,,,0.940,,302.7,3.54,bike_error
2026-10-01T11:36:40.217,1790818599.999,7,st_wkal_ebike,st,True,-37.908799820614895,145.13203466324612,False,1727.3991,1587.4039,1726.4573,1586.3499,,,,,,,,,,,,,,False,,,,,,,,,0.940,,302.7,3.54,bike_error
2026-10-01T11:36:42.380,1790818601.999,8,native_wokal_ebike,native,False,-37.90880401156648,145.13205092413827,False,1728.8380,1586.9675,1728.8380,1586.9675,,,,,,,,,,,,,,False,,,,,,,,,0.000,,302.7,3.54,bike_error
2026-10-01T11:36:42.380,1790818601.999,8,native_wkal_ebike,native,True,-37.90880401156648,145.13205092413827,False,1728.8380,1586.9675,1727.8112,1586.2790,,,,,,,,,,,,,,False,,,,,,,,,0.000,,302.7,3.54,bike_error
2026-10-01T11:36:42.380,1790818601.999,8,topo_wokal_ebike,topo,False,-37.90880401156648,145.13205092413827,False,1728.8380,1586.9675,1728.8380,1586.9675,,,,,,,,,,,,,,False,,,,,,,,,0.000,,302.7,3.54,bike_error
2026-10-01T11:36:42.380,1790818601.999,8,topo_wkal_ebike,topo,True,-37.90880401156648,145.13205092413827,False,1728.8380,1586.9675,1727.8112,1586.2790,,,,,,,,,,,,,,False,,,,,,,,,0.000,,302.7,3.54,bike_error
2026-10-01T11:36:42.380,1790818601.999,8,fuzzy_wokal_ebike,fuzzy,False,-37.90880401156648,145.13205092413827,False,1728.8380,1586.9675,1728.8380,1586.9675,,,,,,,,,,,,,,False,,,,,,,,,0.000,,302.7,3.54,bike_error
2026-10-01T11:36:42.380,1790818601.999,8,fuzzy_wkal_ebike,fuzzy,True,-37.90880401156648,145.13205092413827,False,1728.8380,1586.9675,1727.8112,1586.2790,,,,,,,,,,,,,,False,,,,,,,,,0.000,,302.7,3.54,bike_error
2026-10-01T11:36:42.380,1790818601.999,8,hmm_wokal_ebike,hmm,False,-37.90880401156648,145.13205092413827,False,1728.8380,1586.9675,1728.8380,1586.9675,,,,,,,,,,,,,,False,,,,,,,,,0.000,,302.7,3.54,bike_error
2026-10-01T11:36:42.380,1790818601.999,8,hmm_wkal_ebike,hmm,True,-37.90880401156648,145.13205092413827,False,1728.8380,1586.9675,1727.8112,1586.2790,,,,,,,,,,,,,,False,,,,,,,,,0.000,,302.7,3.54,bike_error
2026-10-01T11:36:42.380,1790818601.999,8,st_wokal_ebike,st,False,-37.90880401156648,145.13205092413827,False,1728.8380,1586.9675,1728.8380,1586.9675,,,,,,,,,,,,,,False,,,,,,,,,0.000,,302.7,3.54,bike_error
2026-10-01T11:36:42.380,1790818601.999,8,st_wkal_ebike,st,True,-37.90880401156648,145.13205092413827,False,1728.8380,1586.9675,1727.8112,1586.2790,,,,,,,,,,,,,,False,,,,,,,,,0.000,,302.7,3.54,bike_error
2026-10-01T11:36:44.551,1790818603.999,9,native_wokal_ebike,native,False,-37.90880602322338,145.13204924775764,False,1728.6951,1586.7413,1728.6951,1586.7413,,,,,,,,,,,,,,False,,,,,,,,,0.000,,0.0,4.75,bike_error
2026-10-01T11:36:44.551,1790818603.999,9,native_wkal_ebike,native,True,-37.90880602322338,145.13204924775764,False,1728.6951,1586.7413,1728.5027,1586.0818,,,,,,,,,,,,,,False,,,,,,,,,0.000,,0.0,4.75,bike_error
2026-10-01T11:36:44.551,1790818603.999,9,topo_wokal_ebike,topo,False,-37.90880602322338,145.13204924775764,False,1728.6951,1586.7413,1728.6951,1586.7413,,,,,,,,,,,,,,False,,,,,,,,,0.000,,0.0,4.75,bike_error
2026-10-01T11:36:44.551,1790818603.999,9,topo_wkal_ebike,topo,True,-37.90880602322338,145.13204924775764,False,1728.6951,1586.7413,1728.5027,1586.0818,,,,,,,,,,,,,,False,,,,,,,,,0.000,,0.0,4.75,bike_error
2026-10-01T11:36:44.551,1790818603.999,9,fuzzy_wokal_ebike,fuzzy,False,-37.90880602322338,145.13204924775764,False,1728.6951,1586.7413,1728.6951,1586.7413,,,,,,,,,,,,,,False,,,,,,,,,0.000,,0.0,4.75,bike_error
2026-10-01T11:36:44.551,1790818603.999,9,fuzzy_wkal_ebike,fuzzy,True,-37.90880602322338,145.13204924775764,False,1728.6951,1586.7413,1728.5027,1586.0818,,,,,,,,,,,,,,False,,,,,,,,,0.000,,0.0,4.75,bike_error
2026-10-01T11:36:44.551,1790818603.999,9,hmm_wokal_ebike,hmm,False,-37.90880602322338,145.13204924775764,False,1728.6951,1586.7413,1728.6951,1586.7413,,,,,,,,,,,,,,False,,,,,,,,,0.000,,0.0,4.75,bike_error
2026-10-01T11:36:44.551,1790818603.999,9,hmm_wkal_ebike,hmm,True,-37.90880602322338,145.13204924775764,False,1728.6951,1586.7413,1728.5027,1586.0818,,,,,,,,,,,,,,False,,,,,,,,,0.000,,0.0,4.75,bike_error
2026-10-01T11:36:44.551,1790818603.999,9,st_wokal_ebike,st,False,-37.90880602322338,145.13204924775764,False,1728.6951,1586.7413,1728.6951,1586.7413,,,,,,,,,,,,,,False,,,,,,,,,0.000,,0.0,4.75,bike_error
2026-10-01T11:36:44.551,1790818603.999,9,st_wkal_ebike,st,True,-37.90880602322338,145.13204924775764,False,1728.6951,1586.7413,1728.5027,1586.0818,,,,,,,,,,,,,,False,,,,,,,,,0.000,,0.0,4.75,bike_error
2026-10-01T11:36:46.648,1790818605.999,10,native_wokal_ebike,native,False,-37.90880660995661,145.132047571377,False,1728.5490,1586.6733,1728.5490,1586.6733,,,,,,,,,,,,,,False,,,,,,,,,0.000,,0.0,4.75,bike_error
2026-10-01T11:36:46.648,1790818605.999,10,native_wkal_ebike,native,True,-37.90880660995661,145.132047571377,False,1728.5490,1586.6733,1728.8762,1586.0714,,,,,,,,,,,,,,False,,,,,,,,,0.000,,0.0,4.75,bike_error
2026-10-01T11:36:46.648,1790818605.999,10,topo_wokal_ebike,topo,False,-37.90880660995661,145.132047571377,False,1728.5490,1586.6733,1728.5490,1586.6733,,,,,,,,,,,,,,False,,,,,,,,,0.000,,0.0,4.75,bike_error
2026-10-01T11:36:46.648,1790818605.999,10,topo_wkal_ebike,topo,True,-37.90880660995661,145.132047571377,False,1728.5490,1586.6733,1728.8762,1586.0714,,,,,,,,,,,,,,False,,,,,,,,,0.000,,0.0,4.75,bike_error
2026-10-01T11:36:46.648,1790818605.999,10,fuzzy_wokal_ebike,fuzzy,False,-37.90880660995661,145.132047571377,False,1728.5490,1586.6733,1728.5490,1586.6733,,,,,,,,,,,,,,False,,,,,,,,,0.000,,0.0,4.75,bike_error
2026-10-01T11:36:46.648,1790818605.999,10,fuzzy_wkal_ebike,fuzzy,True,-37.90880660995661,145.132047571377,False,1728.5490,1586.6733,1728.8762,1586.0714,,,,,,,,,,,,,,False,,,,,,,,,0.000,,0.0,4.75,bike_error
2026-10-01T11:36:46.648,1790818605.999,10,hmm_wokal_ebike,hmm,False,-37.90880660995661,145.132047571377,False,1728.5490,1586.6733,1728.5490,1586.6733,,,,,,,,,,,,,,False,,,,,,,,,0.000,,0.0,4.75,bike_error
2026-10-01T11:36:46.648,1790818605.999,10,hmm_wkal_ebike,hmm,True,-37.90880660995661,145.132047571377,False,1728.5490,1586.6733,1728.8762,1586.0714,,,,,,,,,,,,,,False,,,,,,,,,0.000,,0.0,4.75,bike_error
2026-10-01T11:36:46.648,1790818605.999,10,st_wokal_ebike,st,False,-37.90880660995661,145.132047571377,False,1728.5490,1586.6733,1728.5490,1586.6733,,,,,,,,,,,,,,False,,,,,,,,,0.000,,0.0,4.75,bike_error
2026-10-01T11:36:46.648,1790818605.999,10,st_wkal_ebike,st,True,-37.90880660995661,145.132047571377,False,1728.5490,1586.6733,1728.8762,1586.0714,,,,,,,,,,,,,,False,,,,,,,,,0.000,,0.0,4.75,bike_error
2026-10-01T11:36:48.756,1790818607.999,11,native_wokal_ebike,native,False,-37.90880298828916,145.13204241502456,False,1728.0876,1587.0661,1728.0876,1587.0661,,,,,,,,,,,,,,False,,,,,,,,,0.460,,302.7,4.75,bike_error
2026-10-01T11:36:48.756,1790818607.999,11,native_wkal_ebike,native,True,-37.90880298828916,145.13204241502456,False,1728.0876,1587.0661,1728.8183,1586.3465,,,,,,,,,,,,,,False,,,,,,,,,0.460,,302.7,4.75,bike_error
2026-10-01T11:36:48.756,1790818607.999,11,topo_wokal_ebike,topo,False,-37.90880298828916,145.13204241502456,False,1728.0876,1587.0661,1728.0876,1587.0661,,,,,,,,,,,,,,False,,,,,,,,,0.460,,302.7,4.75,bike_error
2026-10-01T11:36:48.756,1790818607.999,11,topo_wkal_ebike,topo,True,-37.90880298828916,145.13204241502456,False,1728.0876,1587.0661,1728.8183,1586.3465,,,,,,,,,,,,,,False,,,,,,,,,0.460,,302.7,4.75,bike_error
2026-10-01T11:36:48.756,1790818607.999,11,fuzzy_wokal_ebike,fuzzy,False,-37.90880298828916,145.13204241502456,False,1728.0876,1587.0661,1728.0876,1587.0661,,,,,,,,,,,,,,False,,,,,,,,,0.460,,302.7,4.75,bike_error
2026-10-01T11:36:48.756,1790818607.999,11,fuzzy_wkal_ebike,fuzzy,True,-37.90880298828916,145.13204241502456,False,1728.0876,1587.0661,1728.8183,1586.3465,,,,,,,,,,,,,,False,,,,,,,,,0.460,,302.7,4.75,bike_error
2026-10-01T11:36:48.756,1790818607.999,11,hmm_wokal_ebike,hmm,False,-37.90880298828916,145.13204241502456,False,1728.0876,1587.0661,1728.0876,1587.0661,,,,,,,,,,,,,,False,,,,,,,,,0.460,,302.7,4.75,bike_error
2026-10-01T11:36:48.756,1790818607.999,11,hmm_wkal_ebike,hmm,True,-37.90880298828916,145.13204241502456,False,1728.0876,1587.0661,1728.8183,1586.3465,,,,,,,,,,,,,,False,,,,,,,,,0.460,,302.7,4.75,bike_error
2026-10-01T11:36:48.756,1790818607.999,11,st_wokal_ebike,st,False,-37.90880298828916,145.13204241502456,False,1728.0876,1587.0661,1728.0876,1587.0661,,,,,,,,,,,,,,False,,,,,,,,,0.460,,302.7,4.75,bike_error
2026-10-01T11:36:48.756,1790818607.999,11,st_wkal_ebike,st,True,-37.90880298828916,145.13204241502456,False,1728.0876,1587.0661,1728.8183,1586.3465,,,,,,,,,,,,,,False,,,,,,,,,0.460,,302.7,4.75,bike_error
2026-10-01T11:36:50.838,1790818609.999,12,native_wokal_ebike,native,False,-37.90880749005644,145.13203583671256,False,1727.5193,1586.5549,1727.5193,1586.5549,,,,,,,,,,,,,,False,,,,,,,,,0.000,,0.0,4.75,bike_error
2026-10-01T11:36:50.838,1790818609.999,12,native_wkal_ebike,native,True,-37.90880749005644,145.13203583671256,False,1727.5193,1586.5549,1728.4166,1586.3725,,,,,,,,,,,,,,False,,,,,,,,,0.000,,0.0,4.75,bike_error
2026-10-01T11:36:50.838,1790818609.999,12,topo_wokal_ebike,topo,False,-37.90880749005644,145.13203583671256,False,1727.5193,1586.5549,1727.5193,1586.5549,,,,,,,,,,,,,,False,,,,,,,,,0.000,,0.0,4.75,bike_error
2026-10-01T11:36:50.838,1790818609.999,12,topo_wkal_ebike,topo,True,-37.90880749005644,145.13203583671256,False,1727.5193,1586.5549,1728.4166,1586.3725,,,,,,,,,,,,,,False,,,,,,,,,0.000,,0.0,4.75,bike_error
2026-10-01T11:36:50.838,1790818609.999,12,fuzzy_wokal_ebike,fuzzy,False,-37.90880749005644,145.13203583671256,False,1727.5193,1586.5549,1727.5193,1586.5549,,,,,,,,,,,,,,False,,,,,,,,,0.000,,0.0,4.75,bike_error
2026-10-01T11:36:50.838,1790818609.999,12,fuzzy_wkal_ebike,fuzzy,True,-37.90880749005644,145.13203583671256,False,1727.5193,1586.5549,1728.4166,1586.3725,,,,,,,,,,,,,,False,,,,,,,,,0.000,,0.0,4.75,bike_error
2026-10-01T11:36:50.838,1790818609.999,12,hmm_wokal_ebike,hmm,False,-37.90880749005644,145.13203583671256,False,1727.5193,1586.5549,1727.5193,1586.5549,,,,,,,,,,,,,,False,,,,,,,,,0.000,,0.0,4.75,bike_error
2026-10-01T11:36:50.838,1790818609.999,12,hmm_wkal_ebike,hmm,True,-37.90880749005644,145.13203583671256,False,1727.5193,1586.5549,1728.4166,1586.3725,,,,,,,,,,,,,,False,,,,,,,,,0.000,,0.0,4.75,bike_error
2026-10-01T11:36:50.838,1790818609.999,12,st_wokal_ebike,st,False,-37.90880749005644,145.13203583671256,False,1727.5193,1586.5549,1727.5193,1586.5549,,,,,,,,,,,,,,False,,,,,,,,,0.000,,0.0,4.75,bike_error
2026-10-01T11:36:50.838,1790818609.999,12,st_wkal_ebike,st,True,-37.90880749005644,145.13203583671256,False,1727.5193,1586.5549,1728.4166,1586.3725,,,,,,,,,,,,,,False,,,,,,,,,0.000,,0.0,4.75,bike_error
2026-10-01T11:36:52.922,1790818611.999,13,native_wokal_ebike,native,False,-37.90881147146045,145.13203206485613,False,1727.1965,1586.1065,1727.1965,1586.1065,,,,,,,,,,,,,,False,,,,,,,,,0.000,,0.0,4.75,bike_error
2026-10-01T11:36:52.922,1790818611.999,13,native_wkal_ebike,native,True,-37.90881147146045,145.13203206485613,False,1727.1965,1586.1065,1727.9245,1586.2072,,,,,,,,,,,,,,False,,,,,,,,,0.000,,0.0,4.75,bike_error
2026-10-01T11:36:52.922,1790818611.999,13,topo_wokal_ebike,topo,False,-37.90881147146045,145.13203206485613,False,1727.1965,1586.1065,1727.1965,1586.1065,,,,,,,,,,,,,,False,,,,,,,,,0.000,,0.0,4.75,bike_error
2026-10-01T11:36:52.922,1790818611.999,13,topo_wkal_ebike,topo,True,-37.90881147146045,145.13203206485613,False,1727.1965,1586.1065,1727.9245,1586.2072,,,,,,,,,,,,,,False,,,,,,,,,0.000,,0.0,4.75,bike_error
2026-10-01T11:36:52.922,1790818611.999,13,fuzzy_wokal_ebike,fuzzy,False,-37.90881147146045,145.13203206485613,False,1727.1965,1586.1065,1727.1965,1586.1065,,,,,,,,,,,,,,False,,,,,,,,,0.000,,0.0,4.75,bike_error
2026-10-01T11:36:52.922,1790818611.999,13,fuzzy_wkal_ebike,fuzzy,True,-37.90881147146045,145.13203206485613,False,1727.1965,1586.1065,1727.9245,1586.2072,,,,,,,,,,,,,,False,,,,,,,,,0.000,,0.0,4.75,bike_error
2026-10-01T11:36:52.922,1790818611.999,13,hmm_wokal_ebike,hmm,False,-37.90881147146045,145.13203206485613,False,1727.1965,1586.1065,1727.1965,1586.1065,,,,,,,,,,,,,,False,,,,,,,,,0.000,,0.0,4.75,bike_error
2026-10-01T11:36:52.922,1790818611.999,13,hmm_wkal_ebike,hmm,True,-37.90881147146045,145.13203206485613,False,1727.1965,1586.1065,1727.9245,1586.2072,,,,,,,,,,,,,,False,,,,,,,,,0.000,,0.0,4.75,bike_error
2026-10-01T11:36:52.922,1790818611.999,13,st_wokal_ebike,st,False,-37.90881147146045,145.13203206485613,False,1727.1965,1586.1065,1727.1965,1586.1065,,,,,,,,,,,,,,False,,,,,,,,,0.000,,0.0,4.75,bike_error
2026-10-01T11:36:52.922,1790818611.999,13,st_wkal_ebike,st,True,-37.90881147146045,145.13203206485613,False,1727.1965,1586.1065,1727.9245,1586.2072,,,,,,,,,,,,,,False,,,,,,,,,0.000,,0.0,4.75,bike_error
2026-10-01T11:36:55.003,1790818613.999,14,native_wokal_ebike,native,False,-37.908809585532225,145.13203231631323,False,1727.2144,1586.3162,1727.2144,1586.3162,,,,,,,,,,,,,,False,,,,,,,,,0.000,,0.0,4.75,bike_error
2026-10-01T11:36:55.003,1790818613.999,14,native_wkal_ebike,native,True,-37.908809585532225,145.13203231631323,False,1727.2144,1586.3162,1727.5655,1586.1995,,,,,,,,,,,,,,False,,,,,,,,,0.000,,0.0,4.75,bike_error
2026-10-01T11:36:55.003,1790818613.999,14,topo_wokal_ebike,topo,False,-37.908809585532225,145.13203231631323,False,1727.2144,1586.3162,1727.2144,1586.3162,,,,,,,,,,,,,,False,,,,,,,,,0.000,,0.0,4.75,bike_error
2026-10-01T11:36:55.003,1790818613.999,14,topo_wkal_ebike,topo,True,-37.908809585532225,145.13203231631323,False,1727.2144,1586.3162,1727.5655,1586.1995,,,,,,,,,,,,,,False,,,,,,,,,0.000,,0.0,4.75,bike_error
2026-10-01T11:36:55.003,1790818613.999,14,fuzzy_wokal_ebike,fuzzy,False,-37.908809585532225,145.13203231631323,False,1727.2144,1586.3162,1727.2144,1586.3162,,,,,,,,,,,,,,False,,,,,,,,,0.000,,0.0,4.75,bike_error
2026-10-01T11:36:55.003,1790818613.999,14,fuzzy_wkal_ebike,fuzzy,True,-37.908809585532225,145.13203231631323,False,1727.2144,1586.3162,1727.5655,1586.1995,,,,,,,,,,,,,,False,,,,,,,,,0.000,,0.0,4.75,bike_error
2026-10-01T11:36:55.003,1790818613.999,14,hmm_wokal_ebike,hmm,False,-37.908809585532225,145.13203231631323,False,1727.2144,1586.3162,1727.2144,1586.3162,,,,,,,,,,,,,,False,,,,,,,,,0.000,,0.0,4.75,bike_error
2026-10-01T11:36:55.003,1790818613.999,14,hmm_wkal_ebike,hmm,True,-37.908809585532225,145.13203231631323,False,1727.2144,1586.3162,1727.5655,1586.1995,,,,,,,,,,,,,,False,,,,,,,,,0.000,,0.0,4.75,bike_error
2026-10-01T11:36:55.003,1790818613.999,14,st_wokal_ebike,st,False,-37.908809585532225,145.13203231631323,False,1727.2144,1586.3162,1727.2144,1586.3162,,,,,,,,,,,,,,False,,,,,,,,,0.000,,0.0,4.75,bike_error
2026-10-01T11:36:55.003,1790818613.999,14,st_wkal_ebike,st,True,-37.908809585532225,145.13203231631323,False,1727.2144,1586.3162,1727.5655,1586.1995,,,,,,,,,,,,,,False,,,,,,,,,0.000,,0.0,4.75,bike_error
2026-10-01T11:36:57.076,1790818616.999,15,native_wokal_ebike,native,False,-37.908807364327885,145.13203114284678,False,1727.1063,1586.5606,1727.1063,1586.5606,,,,,,,,,,,,,,False,,,,,,,,,0.000,,0.0,4.75,bike_error
2026-10-01T11:36:57.076,1790818616.999,15,native_wkal_ebike,native,True,-37.908807364327885,145.13203114284678,False,1727.1063,1586.5606,1727.2147,1586.3373,,,,,,,,,,,,,,False,,,,,,,,,0.000,,0.0,4.75,bike_error
2026-10-01T11:36:57.076,1790818616.999,15,topo_wokal_ebike,topo,False,-37.908807364327885,145.13203114284678,False,1727.1063,1586.5606,1727.1063,1586.5606,,,,,,,,,,,,,,False,,,,,,,,,0.000,,0.0,4.75,bike_error
2026-10-01T11:36:57.076,1790818616.999,15,topo_wkal_ebike,topo,True,-37.908807364327885,145.13203114284678,False,1727.1063,1586.5606,1727.2147,1586.3373,,,,,,,,,,,,,,False,,,,,,,,,0.000,,0.0,4.75,bike_error
2026-10-01T11:36:57.076,1790818616.999,15,fuzzy_wokal_ebike,fuzzy,False,-37.908807364327885,145.13203114284678,False,1727.1063,1586.5606,1727.1063,1586.5606,,,,,,,,,,,,,,False,,,,,,,,,0.000,,0.0,4.75,bike_error
2026-10-01T11:36:57.076,1790818616.999,15,fuzzy_wkal_ebike,fuzzy,True,-37.908807364327885,145.13203114284678,False,1727.1063,1586.5606,1727.2147,1586.3373,,,,,,,,,,,,,,False,,,,,,,,,0.000,,0.0,4.75,bike_error
2026-10-01T11:36:57.076,1790818616.999,15,hmm_wokal_ebike,hmm,False,-37.908807364327885,145.13203114284678,False,1727.1063,1586.5606,1727.1063,1586.5606,,,,,,,,,,,,,,False,,,,,,,,,0.000,,0.0,4.75,bike_error
2026-10-01T11:36:57.076,1790818616.999,15,hmm_wkal_ebike,hmm,True,-37.908807364327885,145.13203114284678,False,1727.1063,1586.5606,1727.2147,1586.3373,,,,,,,,,,,,,,False,,,,,,,,,0.000,,0.0,4.75,bike_error
2026-10-01T11:36:57.076,1790818616.999,15,st_wokal_ebike,st,False,-37.908807364327885,145.13203114284678,False,1727.1063,1586.5606,1727.1063,1586.5606,,,,,,,,,,,,,,False,,,,,,,,,0.000,,0.0,4.75,bike_error
2026-10-01T11:36:57.076,1790818616.999,15,st_wkal_ebike,st,True,-37.908807364327885,145.13203114284678,False,1727.1063,1586.5606,1727.2147,1586.3373,,,,,,,,,,,,,,False,,,,,,,,,0.000,,0.0,4.75,bike_error
2026-10-01T11:36:59.149,1790818618.999,16,native_wokal_ebike,native,False,-37.90880522694258,145.13203583671256,False,1727.5142,1586.8061,1727.5142,1586.8061,,,,,,,,,,,,,,False,,,,,,,,,0.000,,0.0,4.75,bike_error
2026-10-01T11:36:59.149,1790818618.999,16,native_wkal_ebike,native,True,-37.90880522694258,145.13203583671256,False,1727.5142,1586.8061,1727.2645,1586.5636,,,,,,,,,,,,,,False,,,,,,,,,0.000,,0.0,4.75,bike_error
2026-10-01T11:36:59.149,1790818618.999,16,topo_wokal_ebike,topo,False,-37.90880522694258,145.13203583671256,False,1727.5142,1586.8061,1727.5142,1586.8061,,,,,,,,,,,,,,False,,,,,,,,,0.000,,0.0,4.75,bike_error
2026-10-01T11:36:59.149,1790818618.999,16,topo_wkal_ebike,topo,True,-37.90880522694258,145.13203583671256,False,1727.5142,1586.8061,1727.2645,1586.5636,,,,,,,,,,,,,,False,,,,,,,,,0.000,,0.0,4.75,bike_error
2026-10-01T11:36:59.149,1790818618.999,16,fuzzy_wokal_ebike,fuzzy,False,-37.90880522694258,145.13203583671256,False,1727.5142,1586.8061,1727.5142,1586.8061,,,,,,,,,,,,,,False,,,,,,,,,0.000,,0.0,4.75,bike_error
2026-10-01T11:36:59.149,1790818618.999,16,fuzzy_wkal_ebike,fuzzy,True,-37.90880522694258,145.13203583671256,False,1727.5142,1586.8061,1727.2645,1586.5636,,,,,,,,,,,,,,False,,,,,,,,,0.000,,0.0,4.75,bike_error
2026-10-01T11:36:59.149,1790818618.999,16,hmm_wokal_ebike,hmm,False,-37.90880522694258,145.13203583671256,False,1727.5142,1586.8061,1727.5142,1586.8061,,,,,,,,,,,,,,False,,,,,,,,,0.000,,0.0,4.75,bike_error
2026-10-01T11:36:59.149,1790818618.999,16,hmm_wkal_ebike,hmm,True,-37.90880522694258,145.13203583671256,False,1727.5142,1586.8061,1727.2645,1586.5636,,,,,,,,,,,,,,False,,,,,,,,,0.000,,0.0,4.75,bike_error
2026-10-01T11:36:59.149,1790818618.999,16,st_wokal_ebike,st,False,-37.90880522694258,145.13203583671256,False,1727.5142,1586.8061,1727.5142,1586.8061,,,,,,,,,,,,,,False,,,,,,,,,0.000,,0.0,4.75,bike_error
2026-10-01T11:36:59.149,1790818618.999,16,st_wkal_ebike,st,True,-37.90880522694258,145.13203583671256,False,1727.5142,1586.8061,1727.2645,1586.5636,,,,,,,,,,,,,,False,,,,,,,,,0.000,,0.0,4.75,bike_error
2026-10-01T11:37:01.250,1790818620.999,17,native_wokal_ebike,native,False,-37.90880258664308,145.13203952474996,False,1727.8326,1587.1055,1727.8326,1587.1055,,,,,,,,,,,,,,False,,,,,,,,,0.190,,0.0,4.75,bike_error
2026-10-01T11:37:01.250,1790818620.999,17,native_wkal_ebike,native,True,-37.90880258664308,145.13203952474996,False,1727.8326,1587.1055,1727.4665,1586.8500,,,,,,,,,,,,,,False,,,,,,,,,0.190,,0.0,4.75,bike_error
2026-10-01T11:37:01.250,1790818620.999,17,topo_wokal_ebike,topo,False,-37.90880258664308,145.13203952474996,False,1727.8326,1587.1055,1727.8326,1587.1055,,,,,,,,,,,,,,False,,,,,,,,,0.190,,0.0,4.75,bike_error
2026-10-01T11:37:01.250,1790818620.999,17,topo_wkal_ebike,topo,True,-37.90880258664308,145.13203952474996,False,1727.8326,1587.1055,1727.4665,1586.8500,,,,,,,,,,,,,,False,,,,,,,,,0.190,,0.0,4.75,bike_error
2026-10-01T11:37:01.250,1790818620.999,17,fuzzy_wokal_ebike,fuzzy,False,-37.90880258664308,145.13203952474996,False,1727.8326,1587.1055,1727.8326,1587.1055,,,,,,,,,,,,,,False,,,,,,,,,0.190,,0.0,4.75,bike_error
2026-10-01T11:37:01.250,1790818620.999,17,fuzzy_wkal_ebike,fuzzy,True,-37.90880258664308,145.13203952474996,False,1727.8326,1587.1055,1727.4665,1586.8500,,,,,,,,,,,,,,False,,,,,,,,,0.190,,0.0,4.75,bike_error
2026-10-01T11:37:01.250,1790818620.999,17,hmm_wokal_ebike,hmm,False,-37.90880258664308,145.13203952474996,False,1727.8326,1587.1055,1727.8326,1587.1055,,,,,,,,,,,,,,False,,,,,,,,,0.190,,0.0,4.75,bike_error
2026-10-01T11:37:01.250,1790818620.999,17,hmm_wkal_ebike,hmm,True,-37.90880258664308,145.13203952474996,False,1727.8326,1587.1055,1727.4665,1586.8500,,,,,,,,,,,,,,False,,,,,,,,,0.190,,0.0,4.75,bike_error
2026-10-01T11:37:01.250,1790818620.999,17,st_wokal_ebike,st,False,-37.90880258664308,145.13203952474996,False,1727.8326,1587.1055,1727.8326,1587.1055,,,,,,,,,,,,,,False,,,,,,,,,0.190,,0.0,4.75,bike_error
2026-10-01T11:37:01.250,1790818620.999,17,st_wkal_ebike,st,True,-37.90880258664308,145.13203952474996,False,1727.8326,1587.1055,1727.4665,1586.8500,,,,,,,,,,,,,,False,,,,,,,,,0.190,,0.0,4.75,bike_error
2026-10-01T11:37:03.343,1790818622.999,18,native_wokal_ebike,native,False,-37.90875898025486,145.13206902922096,False,1730.3296,1591.9963,1730.3296,1591.9963,,,,,,,,,,,,,,False,,,,,,,,,2.170,,15.0,10.88,bike_error
2026-10-01T11:37:03.343,1790818622.999,18,native_wkal_ebike,native,True,-37.90875898025486,145.13206902922096,False,1730.3296,1591.9963,1727.8451,1587.6796,,,,,,,,,,,,,,False,,,,,,,,,2.170,,15.0,10.88,bike_error
2026-10-01T11:37:03.343,1790818622.999,18,topo_wokal_ebike,topo,False,-37.90875898025486,145.13206902922096,False,1730.3296,1591.9963,1730.3296,1591.9963,,,,,,,,,,,,,,False,,,,,,,,,2.170,,15.0,10.88,bike_error
2026-10-01T11:37:03.343,1790818622.999,18,topo_wkal_ebike,topo,True,-37.90875898025486,145.13206902922096,False,1730.3296,1591.9963,1727.8451,1587.6796,,,,,,,,,,,,,,False,,,,,,,,,2.170,,15.0,10.88,bike_error
2026-10-01T11:37:03.343,1790818622.999,18,fuzzy_wokal_ebike,fuzzy,False,-37.90875898025486,145.13206902922096,False,1730.3296,1591.9963,1730.3296,1591.9963,,,,,,,,,,,,,,False,,,,,,,,,2.170,,15.0,10.88,bike_error
2026-10-01T11:37:03.343,1790818622.999,18,fuzzy_wkal_ebike,fuzzy,True,-37.90875898025486,145.13206902922096,False,1730.3296,1591.9963,1727.8451,1587.6796,,,,,,,,,,,,,,False,,,,,,,,,2.170,,15.0,10.88,bike_error
2026-10-01T11:37:03.343,1790818622.999,18,hmm_wokal_ebike,hmm,False,-37.90875898025486,145.13206902922096,False,1730.3296,1591.9963,1730.3296,1591.9963,,,,,,,,,,,,,,False,,,,,,,,,2.170,,15.0,10.88,bike_error
2026-10-01T11:37:03.343,1790818622.999,18,hmm_wkal_ebike,hmm,True,-37.90875898025486,145.13206902922096,False,1730.3296,1591.9963,1727.8451,1587.6796,,,,,,,,,,,,,,False,,,,,,,,,2.170,,15.0,10.88,bike_error
2026-10-01T11:37:03.343,1790818622.999,18,st_wokal_ebike,st,False,-37.90875898025486,145.13206902922096,False,1730.3296,1591.9963,1730.3296,1591.9963,,,,,,,,,,,,,,False,,,,,,,,,2.170,,15.0,10.88,bike_error
2026-10-01T11:37:03.343,1790818622.999,18,st_wkal_ebike,st,True,-37.90875898025486,145.13206902922096,False,1730.3296,1591.9963,1727.8451,1587.6796,,,,,,,,,,,,,,False,,,,,,,,,2.170,,15.0,10.88,bike_error
2026-10-01T11:37:05.521,1790818624.999,19,native_wokal_ebike,native,False,-37.908697639210246,145.13206997788393,False,1730.2766,1598.8047,1730.2766,1598.8047,,,,,,,,,,,,,,False,,,,,,,,,3.046,,11.3,8.34,bike_error
2026-10-01T11:37:05.521,1790818624.999,19,native_wkal_ebike,native,True,-37.908697639210246,145.13206997788393,False,1730.2766,1598.8047,1728.6359,1591.2285,,,,,,,,,,,,,,False,,,,,,,,,3.046,,11.3,8.34,bike_error
2026-10-01T11:37:05.521,1790818624.999,19,topo_wokal_ebike,topo,False,-37.908697639210246,145.13206997788393,False,1730.2766,1598.8047,1730.2766,1598.8047,,,,,,,,,,,,,,False,,,,,,,,,3.046,,11.3,8.34,bike_error
2026-10-01T11:37:05.521,1790818624.999,19,topo_wkal_ebike,topo,True,-37.908697639210246,145.13206997788393,False,1730.2766,1598.8047,1728.6359,1591.2285,,,,,,,,,,,,,,False,,,,,,,,,3.046,,11.3,8.34,bike_error
2026-10-01T11:37:05.521,1790818624.999,19,fuzzy_wokal_ebike,fuzzy,False,-37.908697639210246,145.13206997788393,False,1730.2766,1598.8047,1730.2766,1598.8047,,,,,,,,,,,,,,False,,,,,,,,,3.046,,11.3,8.34,bike_error
2026-10-01T11:37:05.521,1790818624.999,19,fuzzy_wkal_ebike,fuzzy,True,-37.908697639210246,145.13206997788393,False,1730.2766,1598.8047,1728.6359,1591.2285,,,,,,,,,,,,,,False,,,,,,,,,3.046,,11.3,8.34,bike_error
2026-10-01T11:37:05.521,1790818624.999,19,hmm_wokal_ebike,hmm,False,-37.908697639210246,145.13206997788393,False,1730.2766,1598.8047,1730.2766,1598.8047,,,,,,,,,,,,,,False,,,,,,,,,3.046,,11.3,8.34,bike_error
2026-10-01T11:37:05.521,1790818624.999,19,hmm_wkal_ebike,hmm,True,-37.908697639210246,145.13206997788393,False,1730.2766,1598.8047,1728.6359,1591.2285,,,,,,,,,,,,,,False,,,,,,,,,3.046,,11.3,8.34,bike_error
2026-10-01T11:37:05.521,1790818624.999,19,st_wokal_ebike,st,False,-37.908697639210246,145.13206997788393,False,1730.2766,1598.8047,1730.2766,1598.8047,,,,,,,,,,,,,,False,,,,,,,,,3.046,,11.3,8.34,bike_error
2026-10-01T11:37:05.521,1790818624.999,19,st_wkal_ebike,st,True,-37.908697639210246,145.13206997788393,False,1730.2766,1598.8047,1728.6359,1591.2285,,,,,,,,,,,,,,False,,,,,,,,,3.046,,11.3,8.34,bike_error
2026-10-01T11:37:07.619,1790818626.999,20,native_wokal_ebike,native,False,-37.90864767536637,145.13207988674856,False,1731.0367,1604.3664,1731.0367,1604.3664,,,,,,,,,,,,,,False,,,,,,,,,2.648,,10.7,12.49,bike_error
2026-10-01T11:37:07.619,1790818626.999,20,native_wkal_ebike,native,True,-37.90864767536637,145.13207988674856,False,1731.0367,1604.3664,1729.3138,1594.6544,,,,,,,,,,,,,,False,,,,,,,,,2.648,,10.7,12.49,bike_error
2026-10-01T11:37:07.619,1790818626.999,20,topo_wokal_ebike,topo,False,-37.90864767536637,145.13207988674856,False,1731.0367,1604.3664,1731.0367,1604.3664,,,,,,,,,,,,,,False,,,,,,,,,2.648,,10.7,12.49,bike_error
2026-10-01T11:37:07.619,1790818626.999,20,topo_wkal_ebike,topo,True,-37.90864767536637,145.13207988674856,False,1731.0367,1604.3664,1729.3138,1594.6544,,,,,,,,,,,,,,False,,,,,,,,,2.648,,10.7,12.49,bike_error
2026-10-01T11:37:07.619,1790818626.999,20,fuzzy_wokal_ebike,fuzzy,False,-37.90864767536637,145.13207988674856,False,1731.0367,1604.3664,1731.0367,1604.3664,,,,,,,,,,,,,,False,,,,,,,,,2.648,,10.7,12.49,bike_error
2026-10-01T11:37:07.619,1790818626.999,20,fuzzy_wkal_ebike,fuzzy,True,-37.90864767536637,145.13207988674856,False,1731.0367,1604.3664,1729.3138,1594.6544,,,,,,,,,,,,,,False,,,,,,,,,2.648,,10.7,12.49,bike_error
2026-10-01T11:37:07.619,1790818626.999,20,hmm_wokal_ebike,hmm,False,-37.90864767536637,145.13207988674856,False,1731.0367,1604.3664,1731.0367,1604.3664,,,,,,,,,,,,,,False,,,,,,,,,2.648,,10.7,12.49,bike_error
2026-10-01T11:37:07.619,1790818626.999,20,hmm_wkal_ebike,hmm,True,-37.90864767536637,145.13207988674856,False,1731.0367,1604.3664,1729.3138,1594.6544,,,,,,,,,,,,,,False,,,,,,,,,2.648,,10.7,12.49,bike_error
2026-10-01T11:37:07.619,1790818626.999,20,st_wokal_ebike,st,False,-37.90864767536637,145.13207988674856,False,1731.0367,1604.3664,1731.0367,1604.3664,,,,,,,,,,,,,,False,,,,,,,,,2.648,,10.7,12.49,bike_error
2026-10-01T11:37:07.619,1790818626.999,20,st_wkal_ebike,st,True,-37.90864767536637,145.13207988674856,False,1731.0367,1604.3664,1729.3138,1594.6544,,,,,,,,,,,,,,False,,,,,,,,,2.648,,10.7,12.49,bike_error
2026-10-01T11:37:09.781,1790818628.999,21,native_wokal_ebike,native,False,-37.908570469161425,145.13205733777303,False,1728.8826,1612.8938,1728.8826,1612.8938,,,,,,,,,,,,,,False,,,,,,,,,4.705,,346.3,15.43,bike_error
2026-10-01T11:37:09.781,1790818628.999,21,native_wkal_ebike,native,True,-37.908570469161425,145.13205733777303,False,1728.8826,1612.8938,1729.5658,1599.1633,,,,,,,,,,,,,,False,,,,,,,,,4.705,,346.3,15.43,bike_error
2026-10-01T11:37:09.781,1790818628.999,21,topo_wokal_ebike,topo,False,-37.908570469161425,145.13205733777303,False,1728.8826,1612.8938,1728.8826,1612.8938,,,,,,,,,,,,,,False,,,,,,,,,4.705,,346.3,15.43,bike_error
2026-10-01T11:37:09.781,1790818628.999,21,topo_wkal_ebike,topo,True,-37.908570469161425,145.13205733777303,False,1728.8826,1612.8938,1729.5658,1599.1633,,,,,,,,,,,,,,False,,,,,,,,,4.705,,346.3,15.43,bike_error
2026-10-01T11:37:09.781,1790818628.999,21,fuzzy_wokal_ebike,fuzzy,False,-37.908570469161425,145.13205733777303,False,1728.8826,1612.8938,1728.8826,1612.8938,,,,,,,,,,,,,,False,,,,,,,,,4.705,,346.3,15.43,bike_error
2026-10-01T11:37:09.781,1790818628.999,21,fuzzy_wkal_ebike,fuzzy,True,-37.908570469161425,145.13205733777303,False,1728.8826,1612.8938,1729.5658,1599.1633,,,,,,,,,,,,,,False,,,,,,,,,4.705,,346.3,15.43,bike_error
2026-10-01T11:37:09.781,1790818628.999,21,hmm_wokal_ebike,hmm,False,-37.908570469161425,145.13205733777303,False,1728.8826,1612.8938,1728.8826,1612.8938,,,,,,,,,,,,,,False,,,,,,,,,4.705,,346.3,15.43,bike_error
2026-10-01T11:37:09.781,1790818628.999,21,hmm_wkal_ebike,hmm,True,-37.908570469161425,145.13205733777303,False,1728.8826,1612.8938,1729.5658,1599.1633,,,,,,,,,,,,,,False,,,,,,,,,4.705,,346.3,15.43,bike_error
2026-10-01T11:37:09.781,1790818628.999,21,st_wokal_ebike,st,False,-37.908570469161425,145.13205733777303,False,1728.8826,1612.8938,1728.8826,1612.8938,,,,,,,,,,,,,,False,,,,,,,,,4.705,,346.3,15.43,bike_error
2026-10-01T11:37:09.781,1790818628.999,21,st_wkal_ebike,st,True,-37.908570469161425,145.13205733777303,False,1728.8826,1612.8938,1729.5658,1599.1633,,,,,,,,,,,,,,False,,,,,,,,,4.705,,346.3,15.43,bike_error
2026-10-01T11:37:12.002,1790818630.999,22,native_wokal_ebike,native,False,-37.90852139740796,145.1320875543558,False,1731.4300,1618.3923,1731.4300,1618.3923,,,,,,,,,,,,,,False,,,,,,,,,3.309,,3.3,16.45,bike_error
2026-10-01T11:37:12.002,1790818630.999,22,native_wkal_ebike,native,True,-37.90852139740796,145.1320875543558,False,1731.4300,1618.3923,1730.2020,1604.7164,,,,,,,,,,,,,,False,,,,,,,,,3.309,,3.3,16.45,bike_error
2026-10-01T11:37:12.002,1790818630.999,22,topo_wokal_ebike,topo,False,-37.90852139740796,145.1320875543558,False,1731.4300,1618.3923,1731.4300,1618.3923,,,,,,,,,,,,,,False,,,,,,,,,3.309,,3.3,16.45,bike_error
2026-10-01T11:37:12.002,1790818630.999,22,topo_wkal_ebike,topo,True,-37.90852139740796,145.1320875543558,False,1731.4300,1618.3923,1730.2020,1604.7164,,,,,,,,,,,,,,False,,,,,,,,,3.309,,3.3,16.45,bike_error
2026-10-01T11:37:12.002,1790818630.999,22,fuzzy_wokal_ebike,fuzzy,False,-37.90852139740796,145.1320875543558,False,1731.4300,1618.3923,1731.4300,1618.3923,,,,,,,,,,,,,,False,,,,,,,,,3.309,,3.3,16.45,bike_error
2026-10-01T11:37:12.002,1790818630.999,22,fuzzy_wkal_ebike,fuzzy,True,-37.90852139740796,145.1320875543558,False,1731.4300,1618.3923,1730.2020,1604.7164,,,,,,,,,,,,,,False,,,,,,,,,3.309,,3.3,16.45,bike_error
2026-10-01T11:37:12.002,1790818630.999,22,hmm_wokal_ebike,hmm,False,-37.90852139740796,145.1320875543558,False,1731.4300,1618.3923,1731.4300,1618.3923,,,,,,,,,,,,,,False,,,,,,,,,3.309,,3.3,16.45,bike_error
2026-10-01T11:37:12.002,1790818630.999,22,hmm_wkal_ebike,hmm,True,-37.90852139740796,145.1320875543558,False,1731.4300,1618.3923,1730.2020,1604.7164,,,,,,,,,,,,,,False,,,,,,,,,3.309,,3.3,16.45,bike_error
2026-10-01T11:37:12.002,1790818630.999,22,st_wokal_ebike,st,False,-37.90852139740796,145.1320875543558,False,1731.4300,1618.3923,1731.4300,1618.3923,,,,,,,,,,,,,,False,,,,,,,,,3.309,,3.3,16.45,bike_error
2026-10-01T11:37:12.002,1790818630.999,22,st_wkal_ebike,st,True,-37.90852139740796,145.1320875543558,False,1731.4300,1618.3923,1730.2020,1604.7164,,,,,,,,,,,,,,False,,,,,,,,,3.309,,3.3,16.45,bike_error
2026-10-01T11:37:14.206,1790818633.999,23,native_wokal_ebike,native,False,-37.90843787534524,145.13213755499382,False,1735.6403,1627.7484,1735.6403,1627.7484,,,,,,,,,,,,,,False,,,,,,,,,3.288,,7.3,16.81,bike_error
2026-10-01T11:37:14.206,1790818633.999,23,native_wkal_ebike,native,True,-37.90843787534524,145.13213755499382,False,1735.6403,1627.7484,1732.0161,1613.9129,,,,,,,,,,,,,,False,,,,,,,,,3.288,,7.3,16.81,bike_error
2026-10-01T11:37:14.206,1790818633.999,23,topo_wokal_ebike,topo,False,-37.90843787534524,145.13213755499382,False,1735.6403,1627.7484,1735.6403,1627.7484,,,,,,,,,,,,,,False,,,,,,,,,3.288,,7.3,16.81,bike_error
2026-10-01T11:37:14.206,1790818633.999,23,topo_wkal_ebike,topo,True,-37.90843787534524,145.13213755499382,False,1735.6403,1627.7484,1732.0161,1613.9129,,,,,,,,,,,,,,False,,,,,,,,,3.288,,7.3,16.81,bike_error
2026-10-01T11:37:14.206,1790818633.999,23,fuzzy_wokal_ebike,fuzzy,False,-37.90843787534524,145.13213755499382,False,1735.6403,1627.7484,1735.6403,1627.7484,,,,,,,,,,,,,,False,,,,,,,,,3.288,,7.3,16.81,bike_error
2026-10-01T11:37:14.206,1790818633.999,23,fuzzy_wkal_ebike,fuzzy,True,-37.90843787534524,145.13213755499382,False,1735.6403,1627.7484,1732.0161,1613.9129,,,,,,,,,,,,,,False,,,,,,,,,3.288,,7.3,16.81,bike_error
2026-10-01T11:37:14.206,1790818633.999,23,hmm_wokal_ebike,hmm,False,-37.90843787534524,145.13213755499382,False,1735.6403,1627.7484,1735.6403,1627.7484,,,,,,,,,,,,,,False,,,,,,,,,3.288,,7.3,16.81,bike_error
2026-10-01T11:37:14.206,1790818633.999,23,hmm_wkal_ebike,hmm,True,-37.90843787534524,145.13213755499382,False,1735.6403,1627.7484,1732.0161,1613.9129,,,,,,,,,,,,,,False,,,,,,,,,3.288,,7.3,16.81,bike_error
2026-10-01T11:37:14.206,1790818633.999,23,st_wokal_ebike,st,False,-37.90843787534524,145.13213755499382,False,1735.6403,1627.7484,1735.6403,1627.7484,,,,,,,,,,,,,,False,,,,,,,,,3.288,,7.3,16.81,bike_error
2026-10-01T11:37:14.206,1790818633.999,23,st_wkal_ebike,st,True,-37.90843787534524,145.13213755499382,False,1735.6403,1627.7484,1732.0161,1613.9129,,,,,,,,,,,,,,False,,,,,,,,,3.288,,7.3,16.81,bike_error
2026-10-01T11:37:16.274,1790818635.999,24,native_wokal_ebike,native,False,-37.908374207881316,145.13216977715285,False,1738.3316,1634.8700,1738.3316,1634.8700,,,,,,,,,,,,,,False,,,,,,,,,3.483,,3.8,16.75,bike_error
2026-10-01T11:37:16.274,1790818635.999,24,native_wkal_ebike,native,True,-37.908374207881316,145.13216977715285,False,1738.3316,1634.8700,1734.1607,1622.3790,,,,,,,,,,,,,,False,,,,,,,,,3.483,,3.8,16.75,bike_error
2026-10-01T11:37:16.274,1790818635.999,24,topo_wokal_ebike,topo,False,-37.908374207881316,145.13216977715285,False,1738.3316,1634.8700,1738.3316,1634.8700,,,,,,,,,,,,,,False,,,,,,,,,3.483,,3.8,16.75,bike_error
2026-10-01T11:37:16.274,1790818635.999,24,topo_wkal_ebike,topo,True,-37.908374207881316,145.13216977715285,False,1738.3316,1634.8700,1734.1607,1622.3790,,,,,,,,,,,,,,False,,,,,,,,,3.483,,3.8,16.75,bike_error
2026-10-01T11:37:16.274,1790818635.999,24,fuzzy_wokal_ebike,fuzzy,False,-37.908374207881316,145.13216977715285,False,1738.3316,1634.8700,1738.3316,1634.8700,,,,,,,,,,,,,,False,,,,,,,,,3.483,,3.8,16.75,bike_error
2026-10-01T11:37:16.274,1790818635.999,24,fuzzy_wkal_ebike,fuzzy,True,-37.908374207881316,145.13216977715285,False,1738.3316,1634.8700,1734.1607,1622.3790,,,,,,,,,,,,,,False,,,,,,,,,3.483,,3.8,16.75,bike_error
2026-10-01T11:37:16.274,1790818635.999,24,hmm_wokal_ebike,hmm,False,-37.908374207881316,145.13216977715285,False,1738.3316,1634.8700,1738.3316,1634.8700,,,,,,,,,,,,,,False,,,,,,,,,3.483,,3.8,16.75,bike_error
2026-10-01T11:37:16.274,1790818635.999,24,hmm_wkal_ebike,hmm,True,-37.908374207881316,145.13216977715285,False,1738.3316,1634.8700,1734.1607,1622.3790,,,,,,,,,,,,,,False,,,,,,,,,3.483,,3.8,16.75,bike_error
2026-10-01T11:37:16.274,1790818635.999,24,st_wokal_ebike,st,False,-37.908374207881316,145.13216977715285,False,1738.3316,1634.8700,1738.3316,1634.8700,,,,,,,,,,,,,,False,,,,,,,,,3.483,,3.8,16.75,bike_error
2026-10-01T11:37:16.274,1790818635.999,24,st_wkal_ebike,st,True,-37.908374207881316,145.13216977715285,False,1738.3316,1634.8700,1734.1607,1622.3790,,,,,,,,,,,,,,False,,,,,,,,,3.483,,3.8,16.75,bike_error
2026-10-01T11:37:18.595,1790818637.999,25,native_wokal_ebike,native,False,-37.90831166067388,145.13217518487605,False,1738.6680,1641.8201,1738.6680,1641.8201,,,,,,,,,,,,,,False,,,,,,,,,3.109,,9.2,16.43,bike_error
2026-10-01T11:37:18.595,1790818637.999,25,native_wkal_ebike,native,True,-37.90831166067388,145.13217518487605,False,1738.6680,1641.8201,1736.0810,1631.2672,,,,,,,,,,,,,,False,,,,,,,,,3.109,,9.2,16.43,bike_error
2026-10-01T11:37:18.595,1790818637.999,25,topo_wokal_ebike,topo,False,-37.90831166067388,145.13217518487605,False,1738.6680,1641.8201,1738.6680,1641.8201,,,,,,,,,,,,,,False,,,,,,,,,3.109,,9.2,16.43,bike_error
2026-10-01T11:37:18.595,1790818637.999,25,topo_wkal_ebike,topo,True,-37.90831166067388,145.13217518487605,False,1738.6680,1641.8201,1736.0810,1631.2672,,,,,,,,,,,,,,False,,,,,,,,,3.109,,9.2,16.43,bike_error
2026-10-01T11:37:18.595,1790818637.999,25,fuzzy_wokal_ebike,fuzzy,False,-37.90831166067388,145.13217518487605,False,1738.6680,1641.8201,1738.6680,1641.8201,,,,,,,,,,,,,,False,,,,,,,,,3.109,,9.2,16.43,bike_error
2026-10-01T11:37:18.595,1790818637.999,25,fuzzy_wkal_ebike,fuzzy,True,-37.90831166067388,145.13217518487605,False,1738.6680,1641.8201,1736.0810,1631.2672,,,,,,,,,,,,,,False,,,,,,,,,3.109,,9.2,16.43,bike_error
2026-10-01T11:37:18.595,1790818637.999,25,hmm_wokal_ebike,hmm,False,-37.90831166067388,145.13217518487605,False,1738.6680,1641.8201,1738.6680,1641.8201,,,,,,,,,,,,,,False,,,,,,,,,3.109,,9.2,16.43,bike_error
2026-10-01T11:37:18.595,1790818637.999,25,hmm_wkal_ebike,hmm,True,-37.90831166067388,145.13217518487605,False,1738.6680,1641.8201,1736.0810,1631.2672,,,,,,,,,,,,,,False,,,,,,,,,3.109,,9.2,16.43,bike_error
2026-10-01T11:37:18.595,1790818637.999,25,st_wokal_ebike,st,False,-37.90831166067388,145.13217518487605,False,1738.6680,1641.8201,1738.6680,1641.8201,,,,,,,,,,,,,,False,,,,,,,,,3.109,,9.2,16.43,bike_error
2026-10-01T11:37:18.595,1790818637.999,25,st_wkal_ebike,st,True,-37.90831166067388,145.13217518487605,False,1738.6680,1641.8201,1736.0810,1631.2672,,,,,,,,,,,,,,False,,,,,,,,,3.109,,9.2,16.43,bike_error
2026-10-01T11:37:20.669,1790818639.999,26,native_wokal_ebike,native,False,-37.908260135267355,145.13218498105118,False,1739.4147,1647.5549,1739.4147,1647.5549,,,,,,,,,,,,,,False,,,,,,,,,2.744,,9.3,16.01,bike_error
2026-10-01T11:37:20.669,1790818639.999,26,native_wkal_ebike,native,True,-37.908260135267355,145.13218498105118,False,1739.4147,1647.5549,1737.8224,1639.9044,,,,,,,,,,,,,,False,,,,,,,,,2.744,,9.3,16.01,bike_error
2026-10-01T11:37:20.669,1790818639.999,26,topo_wokal_ebike,topo,False,-37.908260135267355,145.13218498105118,False,1739.4147,1647.5549,1739.4147,1647.5549,,,,,,,,,,,,,,False,,,,,,,,,2.744,,9.3,16.01,bike_error
2026-10-01T11:37:20.669,1790818639.999,26,topo_wkal_ebike,topo,True,-37.908260135267355,145.13218498105118,False,1739.4147,1647.5549,1737.8224,1639.9044,,,,,,,,,,,,,,False,,,,,,,,,2.744,,9.3,16.01,bike_error
2026-10-01T11:37:20.669,1790818639.999,26,fuzzy_wokal_ebike,fuzzy,False,-37.908260135267355,145.13218498105118,False,1739.4147,1647.5549,1739.4147,1647.5549,,,,,,,,,,,,,,False,,,,,,,,,2.744,,9.3,16.01,bike_error
2026-10-01T11:37:20.669,1790818639.999,26,fuzzy_wkal_ebike,fuzzy,True,-37.908260135267355,145.13218498105118,False,1739.4147,1647.5549,1737.8224,1639.9044,,,,,,,,,,,,,,False,,,,,,,,,2.744,,9.3,16.01,bike_error
2026-10-01T11:37:20.669,1790818639.999,26,hmm_wokal_ebike,hmm,False,-37.908260135267355,145.13218498105118,False,1739.4147,1647.5549,1739.4147,1647.5549,,,,,,,,,,,,,,False,,,,,,,,,2.744,,9.3,16.01,bike_error
2026-10-01T11:37:20.669,1790818639.999,26,hmm_wkal_ebike,hmm,True,-37.908260135267355,145.13218498105118,False,1739.4147,1647.5549,1737.8224,1639.9044,,,,,,,,,,,,,,False,,,,,,,,,2.744,,9.3,16.01,bike_error
2026-10-01T11:37:20.669,1790818639.999,26,st_wokal_ebike,st,False,-37.908260135267355,145.13218498105118,False,1739.4147,1647.5549,1739.4147,1647.5549,,,,,,,,,,,,,,False,,,,,,,,,2.744,,9.3,16.01,bike_error
2026-10-01T11:37:20.669,1790818639.999,26,st_wkal_ebike,st,True,-37.908260135267355,145.13218498105118,False,1739.4147,1647.5549,1737.8224,1639.9044,,,,,,,,,,,,,,False,,,,,,,,,2.744,,9.3,16.01,bike_error
2026-10-01T11:37:22.794,1790818641.999,27,native_wokal_ebike,native,False,-37.90820410910164,145.1321994006984,False,1740.5579,1653.7972,1740.5579,1653.7972,,,,,,,,,,,,,,False,,,,,,,,,2.763,,10.4,15.94,bike_error
2026-10-01T11:37:22.794,1790818641.999,27,native_wkal_ebike,native,True,-37.90820410910164,145.1321994006984,False,1740.5579,1653.7972,1739.4626,1648.1941,,,,,,,,,,,,,,False,,,,,,,,,2.763,,10.4,15.94,bike_error
2026-10-01T11:37:22.794,1790818641.999,27,topo_wokal_ebike,topo,False,-37.90820410910164,145.1321994006984,False,1740.5579,1653.7972,1740.5579,1653.7972,,,,,,,,,,,,,,False,,,,,,,,,2.763,,10.4,15.94,bike_error
2026-10-01T11:37:22.794,1790818641.999,27,topo_wkal_ebike,topo,True,-37.90820410910164,145.1321994006984,False,1740.5579,1653.7972,1739.4626,1648.1941,,,,,,,,,,,,,,False,,,,,,,,,2.763,,10.4,15.94,bike_error
2026-10-01T11:37:22.794,1790818641.999,27,fuzzy_wokal_ebike,fuzzy,False,-37.90820410910164,145.1321994006984,False,1740.5579,1653.7972,1740.5579,1653.7972,,,,,,,,,,,,,,False,,,,,,,,,2.763,,10.4,15.94,bike_error
2026-10-01T11:37:22.794,1790818641.999,27,fuzzy_wkal_ebike,fuzzy,True,-37.90820410910164,145.1321994006984,False,1740.5579,1653.7972,1739.4626,1648.1941,,,,,,,,,,,,,,False,,,,,,,,,2.763,,10.4,15.94,bike_error
2026-10-01T11:37:22.794,1790818641.999,27,hmm_wokal_ebike,hmm,False,-37.90820410910164,145.1321994006984,False,1740.5579,1653.7972,1740.5579,1653.7972,,,,,,,,,,,,,,False,,,,,,,,,2.763,,10.4,15.94,bike_error
2026-10-01T11:37:22.794,1790818641.999,27,hmm_wkal_ebike,hmm,True,-37.90820410910164,145.1321994006984,False,1740.5579,1653.7972,1739.4626,1648.1941,,,,,,,,,,,,,,False,,,,,,,,,2.763,,10.4,15.94,bike_error
2026-10-01T11:37:22.794,1790818641.999,27,st_wokal_ebike,st,False,-37.90820410910164,145.1321994006984,False,1740.5579,1653.7972,1740.5579,1653.7972,,,,,,,,,,,,,,False,,,,,,,,,2.763,,10.4,15.94,bike_error
2026-10-01T11:37:22.794,1790818641.999,27,st_wkal_ebike,st,True,-37.90820410910164,145.1321994006984,False,1740.5579,1653.7972,1739.4626,1648.1941,,,,,,,,,,,,,,False,,,,,,,,,2.763,,10.4,15.94,bike_error
2026-10-01T11:37:24.849,1790818643.999,28,native_wokal_ebike,native,False,-37.90815060653882,145.1322077172792,False,1741.1701,1659.7488,1741.1701,1659.7488,,,,,,,,,,,,,,False,,,,,,,,,3.226,,4.8,16.48,bike_error
2026-10-01T11:37:24.849,1790818643.999,28,native_wkal_ebike,native,True,-37.90815060653882,145.1322077172792,False,1741.1701,1659.7488,1740.8482,1655.9810,,,,,,,,,,,,,,False,,,,,,,,,3.226,,4.8,16.48,bike_error
2026-10-01T11:37:24.849,1790818643.999,28,topo_wokal_ebike,topo,False,-37.90815060653882,145.1322077172792,False,1741.1701,1659.7488,1741.1701,1659.7488,,,,,,,,,,,,,,False,,,,,,,,,3.226,,4.8,16.48,bike_error
2026-10-01T11:37:24.849,1790818643.999,28,topo_wkal_ebike,topo,True,-37.90815060653882,145.1322077172792,False,1741.1701,1659.7488,1740.8482,1655.9810,,,,,,,,,,,,,,False,,,,,,,,,3.226,,4.8,16.48,bike_error
2026-10-01T11:37:24.849,1790818643.999,28,fuzzy_wokal_ebike,fuzzy,False,-37.90815060653882,145.1322077172792,False,1741.1701,1659.7488,1741.1701,1659.7488,,,,,,,,,,,,,,False,,,,,,,,,3.226,,4.8,16.48,bike_error
2026-10-01T11:37:24.849,1790818643.999,28,fuzzy_wkal_ebike,fuzzy,True,-37.90815060653882,145.1322077172792,False,1741.1701,1659.7488,1740.8482,1655.9810,,,,,,,,,,,,,,False,,,,,,,,,3.226,,4.8,16.48,bike_error
2026-10-01T11:37:24.849,1790818643.999,28,hmm_wokal_ebike,hmm,False,-37.90815060653882,145.1322077172792,False,1741.1701,1659.7488,1741.1701,1659.7488,,,,,,,,,,,,,,False,,,,,,,,,3.226,,4.8,16.48,bike_error
2026-10-01T11:37:24.849,1790818643.999,28,hmm_wkal_ebike,hmm,True,-37.90815060653882,145.1322077172792,False,1741.1701,1659.7488,1740.8482,1655.9810,,,,,,,,,,,,,,False,,,,,,,,,3.226,,4.8,16.48,bike_error
2026-10-01T11:37:24.849,1790818643.999,28,st_wokal_ebike,st,False,-37.90815060653882,145.1322077172792,False,1741.1701,1659.7488,1741.1701,1659.7488,,,,,,,,,,,,,,False,,,,,,,,,3.226,,4.8,16.48,bike_error
2026-10-01T11:37:24.849,1790818643.999,28,st_wkal_ebike,st,True,-37.90815060653882,145.1322077172792,False,1741.1701,1659.7488,1740.8482,1655.9810,,,,,,,,,,,,,,False,,,,,,,,,3.226,,4.8,16.48,bike_error
2026-10-01T11:37:26.918,1790818645.999,29,native_wokal_ebike,native,False,-37.9081018686215,145.13222253403777,False,1742.3644,1665.1831,1742.3644,1665.1831,,,,,,,,,,,,,,False,,,,,,,,,2.820,,4.9,16.84,bike_error
2026-10-01T11:37:26.918,1790818645.999,29,native_wkal_ebike,native,True,-37.9081018686215,145.13222253403777,False,1742.3644,1665.1831,1742.1940,1663.2718,,,,,,,,,,,,,,False,,,,,,,,,2.820,,4.9,16.84,bike_error
2026-10-01T11:37:26.918,1790818645.999,29,topo_wokal_ebike,topo,False,-37.9081018686215,145.13222253403777,False,1742.3644,1665.1831,1742.3644,1665.1831,,,,,,,,,,,,,,False,,,,,,,,,2.820,,4.9,16.84,bike_error
2026-10-01T11:37:26.918,1790818645.999,29,topo_wkal_ebike,topo,True,-37.9081018686215,145.13222253403777,False,1742.3644,1665.1831,1742.1940,1663.2718,,,,,,,,,,,,,,False,,,,,,,,,2.820,,4.9,16.84,bike_error
2026-10-01T11:37:26.918,1790818645.999,29,fuzzy_wokal_ebike,fuzzy,False,-37.9081018686215,145.13222253403777,False,1742.3644,1665.1831,1742.3644,1665.1831,,,,,,,,,,,,,,False,,,,,,,,,2.820,,4.9,16.84,bike_error
2026-10-01T11:37:26.918,1790818645.999,29,fuzzy_wkal_ebike,fuzzy,True,-37.9081018686215,145.13222253403777,False,1742.3644,1665.1831,1742.1940,1663.2718,,,,,,,,,,,,,,False,,,,,,,,,2.820,,4.9,16.84,bike_error
2026-10-01T11:37:26.918,1790818645.999,29,hmm_wokal_ebike,hmm,False,-37.9081018686215,145.13222253403777,False,1742.3644,1665.1831,1742.3644,1665.1831,,,,,,,,,,,,,,False,,,,,,,,,2.820,,4.9,16.84,bike_error
2026-10-01T11:37:26.918,1790818645.999,29,hmm_wkal_ebike,hmm,True,-37.9081018686215,145.13222253403777,False,1742.3644,1665.1831,1742.1940,1663.2718,,,,,,,,,,,,,,False,,,,,,,,,2.820,,4.9,16.84,bike_error
2026-10-01T11:37:26.918,1790818645.999,29,st_wokal_ebike,st,False,-37.9081018686215,145.13222253403777,False,1742.3644,1665.1831,1742.3644,1665.1831,,,,,,,,,,,,,,False,,,,,,,,,2.820,,4.9,16.84,bike_error
2026-10-01T11:37:26.918,1790818645.999,29,st_wkal_ebike,st,True,-37.9081018686215,145.13222253403777,False,1742.3644,1665.1831,1742.1940,1663.2718,,,,,,,,,,,,,,False,,,,,,,,,2.820,,4.9,16.84,bike_error
2026-10-01T11:37:29.035,1790818647.999,30,native_wokal_ebike,native,False,-37.908126629860035,145.13220289632483,False,1740.6930,1662.4008,1740.6930,1662.4008,,,,,,,,,,,,,,False,,,,,,,,,0.440,,278.4,18.29,bike_error
2026-10-01T11:37:29.035,1790818647.999,30,native_wkal_ebike,native,True,-37.908126629860035,145.13220289632483,False,1740.6930,1662.4008,1742.8228,1668.1772,,,,,,,,,,,,,,False,,,,,,,,,0.440,,278.4,18.29,bike_error
2026-10-01T11:37:29.035,1790818647.999,30,topo_wokal_ebike,topo,False,-37.908126629860035,145.13220289632483,False,1740.6930,1662.4008,1740.6930,1662.4008,,,,,,,,,,,,,,False,,,,,,,,,0.440,,278.4,18.29,bike_error
2026-10-01T11:37:29.035,1790818647.999,30,topo_wkal_ebike,topo,True,-37.908126629860035,145.13220289632483,False,1740.6930,1662.4008,1742.8228,1668.1772,,,,,,,,,,,,,,False,,,,,,,,,0.440,,278.4,18.29,bike_error
2026-10-01T11:37:29.035,1790818647.999,30,fuzzy_wokal_ebike,fuzzy,False,-37.908126629860035,145.13220289632483,False,1740.6930,1662.4008,1740.6930,1662.4008,,,,,,,,,,,,,,False,,,,,,,,,0.440,,278.4,18.29,bike_error
2026-10-01T11:37:29.035,1790818647.999,30,fuzzy_wkal_ebike,fuzzy,True,-37.908126629860035,145.13220289632483,False,1740.6930,1662.4008,1742.8228,1668.1772,,,,,,,,,,,,,,False,,,,,,,,,0.440,,278.4,18.29,bike_error
2026-10-01T11:37:29.035,1790818647.999,30,hmm_wokal_ebike,hmm,False,-37.908126629860035,145.13220289632483,False,1740.6930,1662.4008,1740.6930,1662.4008,,,,,,,,,,,,,,False,,,,,,,,,0.440,,278.4,18.29,bike_error
2026-10-01T11:37:29.035,1790818647.999,30,hmm_wkal_ebike,hmm,True,-37.908126629860035,145.13220289632483,False,1740.6930,1662.4008,1742.8228,1668.1772,,,,,,,,,,,,,,False,,,,,,,,,0.440,,278.4,18.29,bike_error
2026-10-01T11:37:29.035,1790818647.999,30,st_wokal_ebike,st,False,-37.908126629860035,145.13220289632483,False,1740.6930,1662.4008,1740.6930,1662.4008,,,,,,,,,,,,,,False,,,,,,,,,0.440,,278.4,18.29,bike_error
2026-10-01T11:37:29.035,1790818647.999,30,st_wkal_ebike,st,True,-37.908126629860035,145.13220289632483,False,1740.6930,1662.4008,1742.8228,1668.1772,,,,,,,,,,,,,,False,,,,,,,,,0.440,,278.4,18.29,bike_error
2026-10-01T11:37:31.138,1790818650.999,31,native_wokal_ebike,native,False,-37.90804965080938,145.13217293633417,False,1737.8878,1670.8900,1737.8878,1670.8900,,,,,,,,,,,,,,False,,,,,,,,,3.063,,342.9,20.97,bike_error
2026-10-01T11:37:31.138,1790818650.999,31,native_wkal_ebike,native,True,-37.90804965080938,145.13217293633417,False,1737.8878,1670.8900,1743.0770,1676.2328,,,,,,,,,,,,,,False,,,,,,,,,3.063,,342.9,20.97,bike_error
2026-10-01T11:37:31.138,1790818650.999,31,topo_wokal_ebike,topo,False,-37.90804965080938,145.13217293633417,False,1737.8878,1670.8900,1737.8878,1670.8900,,,,,,,,,,,,,,False,,,,,,,,,3.063,,342.9,20.97,bike_error
2026-10-01T11:37:31.138,1790818650.999,31,topo_wkal_ebike,topo,True,-37.90804965080938,145.13217293633417,False,1737.8878,1670.8900,1743.0770,1676.2328,,,,,,,,,,,,,,False,,,,,,,,,3.063,,342.9,20.97,bike_error
2026-10-01T11:37:31.138,1790818650.999,31,fuzzy_wokal_ebike,fuzzy,False,-37.90804965080938,145.13217293633417,False,1737.8878,1670.8900,1737.8878,1670.8900,,,,,,,,,,,,,,False,,,,,,,,,3.063,,342.9,20.97,bike_error
2026-10-01T11:37:31.138,1790818650.999,31,fuzzy_wkal_ebike,fuzzy,True,-37.90804965080938,145.13217293633417,False,1737.8878,1670.8900,1743.0770,1676.2328,,,,,,,,,,,,,,False,,,,,,,,,3.063,,342.9,20.97,bike_error
2026-10-01T11:37:31.138,1790818650.999,31,hmm_wokal_ebike,hmm,False,-37.90804965080938,145.13217293633417,False,1737.8878,1670.8900,1737.8878,1670.8900,,,,,,,,,,,,,,False,,,,,,,,,3.063,,342.9,20.97,bike_error
2026-10-01T11:37:31.138,1790818650.999,31,hmm_wkal_ebike,hmm,True,-37.90804965080938,145.13217293633417,False,1737.8878,1670.8900,1743.0770,1676.2328,,,,,,,,,,,,,,False,,,,,,,,,3.063,,342.9,20.97,bike_error
2026-10-01T11:37:31.138,1790818650.999,31,st_wokal_ebike,st,False,-37.90804965080938,145.13217293633417,False,1737.8878,1670.8900,1737.8878,1670.8900,,,,,,,,,,,,,,False,,,,,,,,,3.063,,342.9,20.97,bike_error
2026-10-01T11:37:31.138,1790818650.999,31,st_wkal_ebike,st,True,-37.90804965080938,145.13217293633417,False,1737.8878,1670.8900,1743.0770,1676.2328,,,,,,,,,,,,,,False,,,,,,,,,3.063,,342.9,20.97,bike_error
2026-10-01T11:37:33.269,1790818652.998,32,native_wokal_ebike,native,False,-37.90798536361864,145.13218854115703,False,1739.1168,1678.0511,1739.1168,1678.0511,,,,,,,,,,,,,,False,,,,,,,,,3.168,,8.6,22.44,bike_error
2026-10-01T11:37:33.269,1790818652.998,32,native_wkal_ebike,native,True,-37.90798536361864,145.13218854115703,False,1739.1168,1678.0511,1742.9735,1681.4697,,,,,,,,,,,,,,False,,,,,,,,,3.168,,8.6,22.44,bike_error
2026-10-01T11:37:33.269,1790818652.998,32,topo_wokal_ebike,topo,False,-37.90798536361864,145.13218854115703,False,1739.1168,1678.0511,1739.1168,1678.0511,,,,,,,,,,,,,,False,,,,,,,,,3.168,,8.6,22.44,bike_error
2026-10-01T11:37:33.269,1790818652.998,32,topo_wkal_ebike,topo,True,-37.90798536361864,145.13218854115703,False,1739.1168,1678.0511,1742.9735,1681.4697,,,,,,,,,,,,,,False,,,,,,,,,3.168,,8.6,22.44,bike_error
2026-10-01T11:37:33.269,1790818652.998,32,fuzzy_wokal_ebike,fuzzy,False,-37.90798536361864,145.13218854115703,False,1739.1168,1678.0511,1739.1168,1678.0511,,,,,,,,,,,,,,False,,,,,,,,,3.168,,8.6,22.44,bike_error
2026-10-01T11:37:33.269,1790818652.998,32,fuzzy_wkal_ebike,fuzzy,True,-37.90798536361864,145.13218854115703,False,1739.1168,1678.0511,1742.9735,1681.4697,,,,,,,,,,,,,,False,,,,,,,,,3.168,,8.6,22.44,bike_error
2026-10-01T11:37:33.269,1790818652.998,32,hmm_wokal_ebike,hmm,False,-37.90798536361864,145.13218854115703,False,1739.1168,1678.0511,1739.1168,1678.0511,,,,,,,,,,,,,,False,,,,,,,,,3.168,,8.6,22.44,bike_error
2026-10-01T11:37:33.269,1790818652.998,32,hmm_wkal_ebike,hmm,True,-37.90798536361864,145.13218854115703,False,1739.1168,1678.0511,1742.9735,1681.4697,,,,,,,,,,,,,,False,,,,,,,,,3.168,,8.6,22.44,bike_error
2026-10-01T11:37:33.269,1790818652.998,32,st_wokal_ebike,st,False,-37.90798536361864,145.13218854115703,False,1739.1168,1678.0511,1739.1168,1678.0511,,,,,,,,,,,,,,False,,,,,,,,,3.168,,8.6,22.44,bike_error
2026-10-01T11:37:33.269,1790818652.998,32,st_wkal_ebike,st,True,-37.90798536361864,145.13218854115703,False,1739.1168,1678.0511,1742.9735,1681.4697,,,,,,,,,,,,,,False,,,,,,,,,3.168,,8.6,22.44,bike_error
2026-10-01T11:37:35.399,1790818654.998,33,native_wokal_ebike,native,False,-37.907941634352454,145.1321874025491,False,1738.9195,1682.9016,1738.9195,1682.9016,,,,,,,,,,,,,,False,,,,,,,,,2.212,,4.0,22.95,bike_error
2026-10-01T11:37:35.399,1790818654.998,33,native_wkal_ebike,native,True,-37.907941634352454,145.1321874025491,False,1738.9195,1682.9016,1742.7061,1686.4974,,,,,,,,,,,,,,False,,,,,,,,,2.212,,4.0,22.95,bike_error
2026-10-01T11:37:35.399,1790818654.998,33,topo_wokal_ebike,topo,False,-37.907941634352454,145.1321874025491,False,1738.9195,1682.9016,1738.9195,1682.9016,,,,,,,,,,,,,,False,,,,,,,,,2.212,,4.0,22.95,bike_error
2026-10-01T11:37:35.399,1790818654.998,33,topo_wkal_ebike,topo,True,-37.907941634352454,145.1321874025491,False,1738.9195,1682.9016,1742.7061,1686.4974,,,,,,,,,,,,,,False,,,,,,,,,2.212,,4.0,22.95,bike_error
2026-10-01T11:37:35.399,1790818654.998,33,fuzzy_wokal_ebike,fuzzy,False,-37.907941634352454,145.1321874025491,False,1738.9195,1682.9016,1738.9195,1682.9016,,,,,,,,,,,,,,False,,,,,,,,,2.212,,4.0,22.95,bike_error
2026-10-01T11:37:35.399,1790818654.998,33,fuzzy_wkal_ebike,fuzzy,True,-37.907941634352454,145.1321874025491,False,1738.9195,1682.9016,1742.7061,1686.4974,,,,,,,,,,,,,,False,,,,,,,,,2.212,,4.0,22.95,bike_error
2026-10-01T11:37:35.399,1790818654.998,33,hmm_wokal_ebike,hmm,False,-37.907941634352454,145.1321874025491,False,1738.9195,1682.9016,1738.9195,1682.9016,,,,,,,,,,,,,,False,,,,,,,,,2.212,,4.0,22.95,bike_error
2026-10-01T11:37:35.399,1790818654.998,33,hmm_wkal_ebike,hmm,True,-37.907941634352454,145.1321874025491,False,1738.9195,1682.9016,1742.7061,1686.4974,,,,,,,,,,,,,,False,,,,,,,,,2.212,,4.0,22.95,bike_error
2026-10-01T11:37:35.399,1790818654.998,33,st_wokal_ebike,st,False,-37.907941634352454,145.1321874025491,False,1738.9195,1682.9016,1738.9195,1682.9016,,,,,,,,,,,,,,False,,,,,,,,,2.212,,4.0,22.95,bike_error
2026-10-01T11:37:35.399,1790818654.998,33,st_wkal_ebike,st,True,-37.907941634352454,145.1321874025491,False,1738.9195,1682.9016,1742.7061,1686.4974,,,,,,,,,,,,,,False,,,,,,,,,2.212,,4.0,22.95,bike_error
2026-10-01T11:37:37.504,1790818656.998,34,native_wokal_ebike,native,False,-37.90793453069179,145.13223619474758,False,1743.1934,1683.7758,1743.1934,1683.7758,,,,,,,,,,,,,,False,,,,,,,,,1.540,,69.4,24.01,bike_error
2026-10-01T11:37:37.504,1790818656.998,34,native_wkal_ebike,native,True,-37.90793453069179,145.13223619474758,False,1743.1934,1683.7758,1743.3013,1690.5578,,,,,,,,,,,,,,False,,,,,,,,,1.540,,69.4,24.01,bike_error
2026-10-01T11:37:37.504,1790818656.998,34,topo_wokal_ebike,topo,False,-37.90793453069179,145.13223619474758,False,1743.1934,1683.7758,1743.1934,1683.7758,,,,,,,,,,,,,,False,,,,,,,,,1.540,,69.4,24.01,bike_error
2026-10-01T11:37:37.504,1790818656.998,34,topo_wkal_ebike,topo,True,-37.90793453069179,145.13223619474758,False,1743.1934,1683.7758,1743.3013,1690.5578,,,,,,,,,,,,,,False,,,,,,,,,1.540,,69.4,24.01,bike_error
2026-10-01T11:37:37.504,1790818656.998,34,fuzzy_wokal_ebike,fuzzy,False,-37.90793453069179,145.13223619474758,False,1743.1934,1683.7758,1743.1934,1683.7758,,,,,,,,,,,,,,False,,,,,,,,,1.540,,69.4,24.01,bike_error
2026-10-01T11:37:37.504,1790818656.998,34,fuzzy_wkal_ebike,fuzzy,True,-37.90793453069179,145.13223619474758,False,1743.1934,1683.7758,1743.3013,1690.5578,,,,,,,,,,,,,,False,,,,,,,,,1.540,,69.4,24.01,bike_error
2026-10-01T11:37:37.504,1790818656.998,34,hmm_wokal_ebike,hmm,False,-37.90793453069179,145.13223619474758,False,1743.1934,1683.7758,1743.1934,1683.7758,,,,,,,,,,,,,,False,,,,,,,,,1.540,,69.4,24.01,bike_error
2026-10-01T11:37:37.504,1790818656.998,34,hmm_wkal_ebike,hmm,True,-37.90793453069179,145.13223619474758,False,1743.1934,1683.7758,1743.3013,1690.5578,,,,,,,,,,,,,,False,,,,,,,,,1.540,,69.4,24.01,bike_error
2026-10-01T11:37:37.504,1790818656.998,34,st_wokal_ebike,st,False,-37.90793453069179,145.13223619474758,False,1743.1934,1683.7758,1743.1934,1683.7758,,,,,,,,,,,,,,False,,,,,,,,,1.540,,69.4,24.01,bike_error
2026-10-01T11:37:37.504,1790818656.998,34,st_wkal_ebike,st,True,-37.90793453069179,145.13223619474758,False,1743.1934,1683.7758,1743.3013,1690.5578,,,,,,,,,,,,,,False,,,,,,,,,1.540,,69.4,24.01,bike_error
2026-10-01T11:37:39.578,1790818658.998,35,native_wokal_ebike,native,False,-37.90787750115777,145.13226465299692,False,1745.5686,1690.1542,1745.5686,1690.1542,,,,,,,,,,,,,,False,,,,,,,,,1.825,,32.8,26.67,bike_error
2026-10-01T11:37:39.578,1790818658.998,35,native_wkal_ebike,native,True,-37.90787750115777,145.13226465299692,False,1745.5686,1690.1542,1744.2283,1695.0439,,,,,,,,,,,,,,False,,,,,,,,,1.825,,32.8,26.67,bike_error
2026-10-01T11:37:39.578,1790818658.998,35,topo_wokal_ebike,topo,False,-37.90787750115777,145.13226465299692,False,1745.5686,1690.1542,1745.5686,1690.1542,,,,,,,,,,,,,,False,,,,,,,,,1.825,,32.8,26.67,bike_error
2026-10-01T11:37:39.578,1790818658.998,35,topo_wkal_ebike,topo,True,-37.90787750115777,145.13226465299692,False,1745.5686,1690.1542,1744.2283,1695.0439,,,,,,,,,,,,,,False,,,,,,,,,1.825,,32.8,26.67,bike_error
2026-10-01T11:37:39.578,1790818658.998,35,fuzzy_wokal_ebike,fuzzy,False,-37.90787750115777,145.13226465299692,False,1745.5686,1690.1542,1745.5686,1690.1542,,,,,,,,,,,,,,False,,,,,,,,,1.825,,32.8,26.67,bike_error
2026-10-01T11:37:39.578,1790818658.998,35,fuzzy_wkal_ebike,fuzzy,True,-37.90787750115777,145.13226465299692,False,1745.5686,1690.1542,1744.2283,1695.0439,,,,,,,,,,,,,,False,,,,,,,,,1.825,,32.8,26.67,bike_error
2026-10-01T11:37:39.578,1790818658.998,35,hmm_wokal_ebike,hmm,False,-37.90787750115777,145.13226465299692,False,1745.5686,1690.1542,1745.5686,1690.1542,,,,,,,,,,,,,,False,,,,,,,,,1.825,,32.8,26.67,bike_error
2026-10-01T11:37:39.578,1790818658.998,35,hmm_wkal_ebike,hmm,True,-37.90787750115777,145.13226465299692,False,1745.5686,1690.1542,1744.2283,1695.0439,,,,,,,,,,,,,,False,,,,,,,,,1.825,,32.8,26.67,bike_error
2026-10-01T11:37:39.578,1790818658.998,35,st_wokal_ebike,st,False,-37.90787750115777,145.13226465299692,False,1745.5686,1690.1542,1745.5686,1690.1542,,,,,,,,,,,,,,False,,,,,,,,,1.825,,32.8,26.67,bike_error
2026-10-01T11:37:39.578,1790818658.998,35,st_wkal_ebike,st,True,-37.90787750115777,145.13226465299692,False,1745.5686,1690.1542,1744.2283,1695.0439,,,,,,,,,,,,,,False,,,,,,,,,1.825,,32.8,26.67,bike_error
2026-10-01T11:37:41.700,1790818660.998,36,native_wokal_ebike,native,False,-37.907824856246634,145.13227698629834,False,1746.5359,1696.0176,1746.5359,1696.0176,,,,,,,,,,,,,,False,,,,,,,,,2.162,,3.3,28.86,bike_error
2026-10-01T11:37:41.700,1790818660.998,36,native_wkal_ebike,native,True,-37.907824856246634,145.13227698629834,False,1746.5359,1696.0176,1745.1800,1699.7067,,,,,,,,,,,,,,False,,,,,,,,,2.162,,3.3,28.86,bike_error
2026-10-01T11:37:41.700,1790818660.998,36,topo_wokal_ebike,topo,False,-37.907824856246634,145.13227698629834,False,1746.5359,1696.0176,1746.5359,1696.0176,,,,,,,,,,,,,,False,,,,,,,,,2.162,,3.3,28.86,bike_error
2026-10-01T11:37:41.700,1790818660.998,36,topo_wkal_ebike,topo,True,-37.907824856246634,145.13227698629834,False,1746.5359,1696.0176,1745.1800,1699.7067,,,,,,,,,,,,,,False,,,,,,,,,2.162,,3.3,28.86,bike_error
2026-10-01T11:37:41.700,1790818660.998,36,fuzzy_wokal_ebike,fuzzy,False,-37.907824856246634,145.13227698629834,False,1746.5359,1696.0176,1746.5359,1696.0176,,,,,,,,,,,,,,False,,,,,,,,,2.162,,3.3,28.86,bike_error
2026-10-01T11:37:41.700,1790818660.998,36,fuzzy_wkal_ebike,fuzzy,True,-37.907824856246634,145.13227698629834,False,1746.5359,1696.0176,1745.1800,1699.7067,,,,,,,,,,,,,,False,,,,,,,,,2.162,,3.3,28.86,bike_error
2026-10-01T11:37:41.700,1790818660.998,36,hmm_wokal_ebike,hmm,False,-37.907824856246634,145.13227698629834,False,1746.5359,1696.0176,1746.5359,1696.0176,,,,,,,,,,,,,,False,,,,,,,,,2.162,,3.3,28.86,bike_error
2026-10-01T11:37:41.700,1790818660.998,36,hmm_wkal_ebike,hmm,True,-37.907824856246634,145.13227698629834,False,1746.5359,1696.0176,1745.1800,1699.7067,,,,,,,,,,,,,,False,,,,,,,,,2.162,,3.3,28.86,bike_error
2026-10-01T11:37:41.700,1790818660.998,36,st_wokal_ebike,st,False,-37.907824856246634,145.13227698629834,False,1746.5359,1696.0176,1746.5359,1696.0176,,,,,,,,,,,,,,False,,,,,,,,,2.162,,3.3,28.86,bike_error
2026-10-01T11:37:41.700,1790818660.998,36,st_wkal_ebike,st,True,-37.907824856246634,145.13227698629834,False,1746.5359,1696.0176,1745.1800,1699.7067,,,,,,,,,,,,,,False,,,,,,,,,2.162,,3.3,28.86,bike_error
2026-10-01T11:37:43.898,1790818662.998,37,native_wokal_ebike,native,False,-37.90779064360564,145.13228229307305,False,1746.9264,1699.8234,1746.9264,1699.8234,,,,,,,,,,,,,,False,,,,,,,,,1.692,,2.9,30.19,bike_error
2026-10-01T11:37:43.898,1790818662.998,37,native_wkal_ebike,native,True,-37.90779064360564,145.13228229307305,False,1746.9264,1699.8234,1746.0664,1704.1313,,,,,,,,,,,,,,False,,,,,,,,,1.692,,2.9,30.19,bike_error
2026-10-01T11:37:43.898,1790818662.998,37,topo_wokal_ebike,topo,False,-37.90779064360564,145.13228229307305,False,1746.9264,1699.8234,1746.9264,1699.8234,,,,,,,,,,,,,,False,,,,,,,,,1.692,,2.9,30.19,bike_error
2026-10-01T11:37:43.898,1790818662.998,37,topo_wkal_ebike,topo,True,-37.90779064360564,145.13228229307305,False,1746.9264,1699.8234,1746.0664,1704.1313,,,,,,,,,,,,,,False,,,,,,,,,1.692,,2.9,30.19,bike_error
2026-10-01T11:37:43.898,1790818662.998,37,fuzzy_wokal_ebike,fuzzy,False,-37.90779064360564,145.13228229307305,False,1746.9264,1699.8234,1746.9264,1699.8234,,,,,,,,,,,,,,False,,,,,,,,,1.692,,2.9,30.19,bike_error
2026-10-01T11:37:43.898,1790818662.998,37,fuzzy_wkal_ebike,fuzzy,True,-37.90779064360564,145.13228229307305,False,1746.9264,1699.8234,1746.0664,1704.1313,,,,,,,,,,,,,,False,,,,,,,,,1.692,,2.9,30.19,bike_error
2026-10-01T11:37:43.898,1790818662.998,37,hmm_wokal_ebike,hmm,False,-37.90779064360564,145.13228229307305,False,1746.9264,1699.8234,1746.9264,1699.8234,,,,,,,,,,,,,,False,,,,,,,,,1.692,,2.9,30.19,bike_error
2026-10-01T11:37:43.898,1790818662.998,37,hmm_wkal_ebike,hmm,True,-37.90779064360564,145.13228229307305,False,1746.9264,1699.8234,1746.0664,1704.1313,,,,,,,,,,,,,,False,,,,,,,,,1.692,,2.9,30.19,bike_error
2026-10-01T11:37:43.898,1790818662.998,37,st_wokal_ebike,st,False,-37.90779064360564,145.13228229307305,False,1746.9264,1699.8234,1746.9264,1699.8234,,,,,,,,,,,,,,False,,,,,,,,,1.692,,2.9,30.19,bike_error
2026-10-01T11:37:43.898,1790818662.998,37,st_wkal_ebike,st,True,-37.90779064360564,145.13228229307305,False,1746.9264,1699.8234,1746.0664,1704.1313,,,,,,,,,,,,,,False,,,,,,,,,1.692,,2.9,30.19,bike_error
2026-10-01T11:37:46.035,1790818665.998,38,native_wokal_ebike,native,False,-37.90772632998956,145.13222424904689,False,1741.6803,1706.8577,1741.6803,1706.8577,,,,,,,,,,,,,,False,,,,,,,,,2.096,,312.5,28.71,bike_error
2026-10-01T11:37:46.035,1790818665.998,38,native_wkal_ebike,native,True,-37.90772632998956,145.13222424904689,False,1741.6803,1706.8577,1745.9318,1710.8045,,,,,,,,,,,,,,False,,,,,,,,,2.096,,312.5,28.71,bike_error
2026-10-01T11:37:46.035,1790818665.998,38,topo_wokal_ebike,topo,False,-37.90772632998956,145.13222424904689,False,1741.6803,1706.8577,1741.6803,1706.8577,,,,,,,,,,,,,,False,,,,,,,,,2.096,,312.5,28.71,bike_error
2026-10-01T11:37:46.035,1790818665.998,38,topo_wkal_ebike,topo,True,-37.90772632998956,145.13222424904689,False,1741.6803,1706.8577,1745.9318,1710.8045,,,,,,,,,,,,,,False,,,,,,,,,2.096,,312.5,28.71,bike_error
2026-10-01T11:37:46.035,1790818665.998,38,fuzzy_wokal_ebike,fuzzy,False,-37.90772632998956,145.13222424904689,False,1741.6803,1706.8577,1741.6803,1706.8577,,,,,,,,,,,,,,False,,,,,,,,,2.096,,312.5,28.71,bike_error
2026-10-01T11:37:46.035,1790818665.998,38,fuzzy_wkal_ebike,fuzzy,True,-37.90772632998956,145.13222424904689,False,1741.6803,1706.8577,1745.9318,1710.8045,,,,,,,,,,,,,,False,,,,,,,,,2.096,,312.5,28.71,bike_error
2026-10-01T11:37:46.035,1790818665.998,38,hmm_wokal_ebike,hmm,False,-37.90772632998956,145.13222424904689,False,1741.6803,1706.8577,1741.6803,1706.8577,,,,,,,,,,,,,,False,,,,,,,,,2.096,,312.5,28.71,bike_error
2026-10-01T11:37:46.035,1790818665.998,38,hmm_wkal_ebike,hmm,True,-37.90772632998956,145.13222424904689,False,1741.6803,1706.8577,1745.9318,1710.8045,,,,,,,,,,,,,,False,,,,,,,,,2.096,,312.5,28.71,bike_error
2026-10-01T11:37:46.035,1790818665.998,38,st_wokal_ebike,st,False,-37.90772632998956,145.13222424904689,False,1741.6803,1706.8577,1741.6803,1706.8577,,,,,,,,,,,,,,False,,,,,,,,,2.096,,312.5,28.71,bike_error
2026-10-01T11:37:46.035,1790818665.998,38,st_wkal_ebike,st,True,-37.90772632998956,145.13222424904689,False,1741.6803,1706.8577,1745.9318,1710.8045,,,,,,,,,,,,,,False,,,,,,,,,2.096,,312.5,28.71,bike_error
2026-10-01T11:37:48.152,1790818667.998,39,native_wokal_ebike,native,False,-37.90766325194079,145.13216270349147,False,1736.1290,1713.7487,1736.1290,1713.7487,,,,,,,,,,,,,,False,,,,,,,,,2.914,,308.6,27.16,bike_error
2026-10-01T11:37:48.152,1790818667.998,39,native_wkal_ebike,native,True,-37.90766325194079,145.13216270349147,False,1736.1290,1713.7487,1743.9568,1715.3453,,,,,,,,,,,,,,False,,,,,,,,,2.914,,308.6,27.16,bike_error
2026-10-01T11:37:48.152,1790818667.998,39,topo_wokal_ebike,topo,False,-37.90766325194079,145.13216270349147,False,1736.1290,1713.7487,1736.1290,1713.7487,,,,,,,,,,,,,,False,,,,,,,,,2.914,,308.6,27.16,bike_error
2026-10-01T11:37:48.152,1790818667.998,39,topo_wkal_ebike,topo,True,-37.90766325194079,145.13216270349147,False,1736.1290,1713.7487,1743.9568,1715.3453,,,,,,,,,,,,,,False,,,,,,,,,2.914,,308.6,27.16,bike_error
2026-10-01T11:37:48.152,1790818667.998,39,fuzzy_wokal_ebike,fuzzy,False,-37.90766325194079,145.13216270349147,False,1736.1290,1713.7487,1736.1290,1713.7487,,,,,,,,,,,,,,False,,,,,,,,,2.914,,308.6,27.16,bike_error
2026-10-01T11:37:48.152,1790818667.998,39,fuzzy_wkal_ebike,fuzzy,True,-37.90766325194079,145.13216270349147,False,1736.1290,1713.7487,1743.9568,1715.3453,,,,,,,,,,,,,,False,,,,,,,,,2.914,,308.6,27.16,bike_error
2026-10-01T11:37:48.152,1790818667.998,39,hmm_wokal_ebike,hmm,False,-37.90766325194079,145.13216270349147,False,1736.1290,1713.7487,1736.1290,1713.7487,,,,,,,,,,,,,,False,,,,,,,,,2.914,,308.6,27.16,bike_error
2026-10-01T11:37:48.152,1790818667.998,39,hmm_wkal_ebike,hmm,True,-37.90766325194079,145.13216270349147,False,1736.1290,1713.7487,1743.9568,1715.3453,,,,,,,,,,,,,,False,,,,,,,,,2.914,,308.6,27.16,bike_error
2026-10-01T11:37:48.152,1790818667.998,39,st_wokal_ebike,st,False,-37.90766325194079,145.13216270349147,False,1736.1290,1713.7487,1736.1290,1713.7487,,,,,,,,,,,,,,False,,,,,,,,,2.914,,308.6,27.16,bike_error
2026-10-01T11:37:48.152,1790818667.998,39,st_wkal_ebike,st,True,-37.90766325194079,145.13216270349147,False,1736.1290,1713.7487,1743.9568,1715.3453,,,,,,,,,,,,,,False,,,,,,,,,2.914,,308.6,27.16,bike_error
2026-10-01T11:37:50.582,1790818669.998,40,native_wokal_ebike,native,False,-37.907630148974604,145.13207771065788,False,1728.5830,1717.2723,1728.5830,1717.2723,,,,,,,,,,,,,,False,,,,,,,,,3.592,,281.5,25.42,bike_error
2026-10-01T11:37:50.582,1790818669.998,40,native_wkal_ebike,native,True,-37.907630148974604,145.13207771065788,False,1728.5830,1717.2723,1740.0552,1719.5247,,,,,,,,,,,,,,False,,,,,,,,,3.592,,281.5,25.42,bike_error
2026-10-01T11:37:50.582,1790818669.998,40,topo_wokal_ebike,topo,False,-37.907630148974604,145.13207771065788,False,1728.5830,1717.2723,1728.5830,1717.2723,,,,,,,,,,,,,,False,,,,,,,,,3.592,,281.5,25.42,bike_error
2026-10-01T11:37:50.582,1790818669.998,40,topo_wkal_ebike,topo,True,-37.907630148974604,145.13207771065788,False,1728.5830,1717.2723,1740.0552,1719.5247,,,,,,,,,,,,,,False,,,,,,,,,3.592,,281.5,25.42,bike_error
2026-10-01T11:37:50.582,1790818669.998,40,fuzzy_wokal_ebike,fuzzy,False,-37.907630148974604,145.13207771065788,False,1728.5830,1717.2723,1728.5830,1717.2723,,,,,,,,,,,,,,False,,,,,,,,,3.592,,281.5,25.42,bike_error
2026-10-01T11:37:50.582,1790818669.998,40,fuzzy_wkal_ebike,fuzzy,True,-37.907630148974604,145.13207771065788,False,1728.5830,1717.2723,1740.0552,1719.5247,,,,,,,,,,,,,,False,,,,,,,,,3.592,,281.5,25.42,bike_error
2026-10-01T11:37:50.582,1790818669.998,40,hmm_wokal_ebike,hmm,False,-37.907630148974604,145.13207771065788,False,1728.5830,1717.2723,1728.5830,1717.2723,,,,,,,,,,,,,,False,,,,,,,,,3.592,,281.5,25.42,bike_error
2026-10-01T11:37:50.582,1790818669.998,40,hmm_wkal_ebike,hmm,True,-37.907630148974604,145.13207771065788,False,1728.5830,1717.2723,1740.0552,1719.5247,,,,,,,,,,,,,,False,,,,,,,,,3.592,,281.5,25.42,bike_error
2026-10-01T11:37:50.582,1790818669.998,40,st_wokal_ebike,st,False,-37.907630148974604,145.13207771065788,False,1728.5830,1717.2723,1728.5830,1717.2723,,,,,,,,,,,,,,False,,,,,,,,,3.592,,281.5,25.42,bike_error
2026-10-01T11:37:50.582,1790818669.998,40,st_wkal_ebike,st,True,-37.907630148974604,145.13207771065788,False,1728.5830,1717.2723,1740.0552,1719.5247,,,,,,,,,,,,,,False,,,,,,,,,3.592,,281.5,25.42,bike_error
2026-10-01T11:37:52.931,1790818671.998,41,native_wokal_ebike,native,False,-37.907606481174156,145.13197126084137,False,1719.1714,1719.7110,1719.1714,1719.7110,,,,,,,,,,,,,,False,,,,,,,,,4.391,,278.6,23.94,bike_error
2026-10-01T11:37:52.931,1790818671.998,41,native_wkal_ebike,native,True,-37.907606481174156,145.13197126084137,False,1719.1714,1719.7110,1734.0516,1723.1084,,,,,,,,,,,,,,False,,,,,,,,,4.391,,278.6,23.94,bike_error
2026-10-01T11:37:52.931,1790818671.998,41,topo_wokal_ebike,topo,False,-37.907606481174156,145.13197126084137,False,1719.1714,1719.7110,1719.1714,1719.7110,,,,,,,,,,,,,,False,,,,,,,,,4.391,,278.6,23.94,bike_error
2026-10-01T11:37:52.931,1790818671.998,41,topo_wkal_ebike,topo,True,-37.907606481174156,145.13197126084137,False,1719.1714,1719.7110,1734.0516,1723.1084,,,,,,,,,,,,,,False,,,,,,,,,4.391,,278.6,23.94,bike_error
2026-10-01T11:37:52.931,1790818671.998,41,fuzzy_wokal_ebike,fuzzy,False,-37.907606481174156,145.13197126084137,False,1719.1714,1719.7110,1719.1714,1719.7110,,,,,,,,,,,,,,False,,,,,,,,,4.391,,278.6,23.94,bike_error
2026-10-01T11:37:52.931,1790818671.998,41,fuzzy_wkal_ebike,fuzzy,True,-37.907606481174156,145.13197126084137,False,1719.1714,1719.7110,1734.0516,1723.1084,,,,,,,,,,,,,,False,,,,,,,,,4.391,,278.6,23.94,bike_error
2026-10-01T11:37:52.931,1790818671.998,41,hmm_wokal_ebike,hmm,False,-37.907606481174156,145.13197126084137,False,1719.1714,1719.7110,1719.1714,1719.7110,,,,,,,,,,,,,,False,,,,,,,,,4.391,,278.6,23.94,bike_error
2026-10-01T11:37:52.931,1790818671.998,41,hmm_wkal_ebike,hmm,True,-37.907606481174156,145.13197126084137,False,1719.1714,1719.7110,1734.0516,1723.1084,,,,,,,,,,,,,,False,,,,,,,,,4.391,,278.6,23.94,bike_error
2026-10-01T11:37:52.931,1790818671.998,41,st_wokal_ebike,st,False,-37.907606481174156,145.13197126084137,False,1719.1714,1719.7110,1719.1714,1719.7110,,,,,,,,,,,,,,False,,,,,,,,,4.391,,278.6,23.94,bike_error
2026-10-01T11:37:52.931,1790818671.998,41,st_wkal_ebike,st,True,-37.907606481174156,145.13197126084137,False,1719.1714,1719.7110,1734.0516,1723.1084,,,,,,,,,,,,,,False,,,,,,,,,4.391,,278.6,23.94,bike_error
2026-10-01T11:37:55.164,1790818674.998,42,native_wokal_ebike,native,False,-37.90756957385323,145.1317787026213,False,1702.1598,1723.4672,1702.1598,1723.4672,,,,,,,,,,,,,,False,,,,,,,,,5.453,,279.5,21.67,bike_error
2026-10-01T11:37:55.164,1790818674.998,42,native_wkal_ebike,native,True,-37.90756957385323,145.1317787026213,False,1702.1598,1723.4672,1722.4959,1727.9707,,,,,,,,,,,,,,False,,,,,,,,,5.453,,279.5,21.67,bike_error
2026-10-01T11:37:55.164,1790818674.998,42,topo_wokal_ebike,topo,False,-37.90756957385323,145.1317787026213,False,1702.1598,1723.4672,1702.1598,1723.4672,,,,,,,,,,,,,,False,,,,,,,,,5.453,,279.5,21.67,bike_error
2026-10-01T11:37:55.164,1790818674.998,42,topo_wkal_ebike,topo,True,-37.90756957385323,145.1317787026213,False,1702.1598,1723.4672,1722.4959,1727.9707,,,,,,,,,,,,,,False,,,,,,,,,5.453,,279.5,21.67,bike_error
2026-10-01T11:37:55.164,1790818674.998,42,fuzzy_wokal_ebike,fuzzy,False,-37.90756957385323,145.1317787026213,False,1702.1598,1723.4672,1702.1598,1723.4672,,,,,,,,,,,,,,False,,,,,,,,,5.453,,279.5,21.67,bike_error
2026-10-01T11:37:55.164,1790818674.998,42,fuzzy_wkal_ebike,fuzzy,True,-37.90756957385323,145.1317787026213,False,1702.1598,1723.4672,1722.4959,1727.9707,,,,,,,,,,,,,,False,,,,,,,,,5.453,,279.5,21.67,bike_error
2026-10-01T11:37:55.164,1790818674.998,42,hmm_wokal_ebike,hmm,False,-37.90756957385323,145.1317787026213,False,1702.1598,1723.4672,1702.1598,1723.4672,,,,,,,,,,,,,,False,,,,,,,,,5.453,,279.5,21.67,bike_error
2026-10-01T11:37:55.164,1790818674.998,42,hmm_wkal_ebike,hmm,True,-37.90756957385323,145.1317787026213,False,1702.1598,1723.4672,1722.4959,1727.9707,,,,,,,,,,,,,,False,,,,,,,,,5.453,,279.5,21.67,bike_error
2026-10-01T11:37:55.164,1790818674.998,42,st_wokal_ebike,st,False,-37.90756957385323,145.1317787026213,False,1702.1598,1723.4672,1702.1598,1723.4672,,,,,,,,,,,,,,False,,,,,,,,,5.453,,279.5,21.67,bike_error
2026-10-01T11:37:55.164,1790818674.998,42,st_wkal_ebike,st,True,-37.90756957385323,145.1317787026213,False,1702.1598,1723.4672,1722.4959,1727.9707,,,,,,,,,,,,,,False,,,,,,,,,5.453,,279.5,21.67,bike_error
2026-10-01T11:37:57.478,1790818676.998,43,native_wokal_ebike,native,False,-37.907556840499815,145.13166245850456,False,1691.9114,1724.6753,1691.9114,1724.6753,,,,,,,,,,,,,,False,,,,,,,,,5.178,,275.5,20.43,bike_error
2026-10-01T11:37:57.478,1790818676.998,43,native_wkal_ebike,native,True,-37.907556840499815,145.13166245850456,False,1691.9114,1724.6753,1711.0661,1729.9111,,,,,,,,,,,,,,False,,,,,,,,,5.178,,275.5,20.43,bike_error
2026-10-01T11:37:57.478,1790818676.998,43,topo_wokal_ebike,topo,False,-37.907556840499815,145.13166245850456,False,1691.9114,1724.6753,1691.9114,1724.6753,,,,,,,,,,,,,,False,,,,,,,,,5.178,,275.5,20.43,bike_error
2026-10-01T11:37:57.478,1790818676.998,43,topo_wkal_ebike,topo,True,-37.907556840499815,145.13166245850456,False,1691.9114,1724.6753,1711.0661,1729.9111,,,,,,,,,,,,,,False,,,,,,,,,5.178,,275.5,20.43,bike_error
2026-10-01T11:37:57.478,1790818676.998,43,fuzzy_wokal_ebike,fuzzy,False,-37.907556840499815,145.13166245850456,False,1691.9114,1724.6753,1691.9114,1724.6753,,,,,,,,,,,,,,False,,,,,,,,,5.178,,275.5,20.43,bike_error
2026-10-01T11:37:57.478,1790818676.998,43,fuzzy_wkal_ebike,fuzzy,True,-37.907556840499815,145.13166245850456,False,1691.9114,1724.6753,1711.0661,1729.9111,,,,,,,,,,,,,,False,,,,,,,,,5.178,,275.5,20.43,bike_error
2026-10-01T11:37:57.478,1790818676.998,43,hmm_wokal_ebike,hmm,False,-37.907556840499815,145.13166245850456,False,1691.9114,1724.6753,1691.9114,1724.6753,,,,,,,,,,,,,,False,,,,,,,,,5.178,,275.5,20.43,bike_error
2026-10-01T11:37:57.478,1790818676.998,43,hmm_wkal_ebike,hmm,True,-37.907556840499815,145.13166245850456,False,1691.9114,1724.6753,1711.0661,1729.9111,,,,,,,,,,,,,,False,,,,,,,,,5.178,,275.5,20.43,bike_error
2026-10-01T11:37:57.478,1790818676.998,43,st_wokal_ebike,st,False,-37.907556840499815,145.13166245850456,False,1691.9114,1724.6753,1691.9114,1724.6753,,,,,,,,,,,,,,False,,,,,,,,,5.178,,275.5,20.43,bike_error
2026-10-01T11:37:57.478,1790818676.998,43,st_wkal_ebike,st,True,-37.907556840499815,145.13166245850456,False,1691.9114,1724.6753,1711.0661,1729.9111,,,,,,,,,,,,,,False,,,,,,,,,5.178,,275.5,20.43,bike_error
2026-10-01T11:37:59.738,1790818678.998,44,native_wokal_ebike,native,False,-37.90753584755828,145.1315367515925,False,1680.8127,1726.7833,1680.8127,1726.7833,,,,,,,,,,,,,,False,,,,,,,,,5.180,,278.8,19.15,bike_error
2026-10-01T11:37:59.738,1790818678.998,44,native_wkal_ebike,native,True,-37.90753584755828,145.1315367515925,False,1680.8127,1726.7833,1698.9816,1731.6974,,,,,,,,,,,,,,False,,,,,,,,,5.180,,278.8,19.15,bike_error
2026-10-01T11:37:59.738,1790818678.998,44,topo_wokal_ebike,topo,False,-37.90753584755828,145.1315367515925,False,1680.8127,1726.7833,1680.8127,1726.7833,,,,,,,,,,,,,,False,,,,,,,,,5.180,,278.8,19.15,bike_error
2026-10-01T11:37:59.738,1790818678.998,44,topo_wkal_ebike,topo,True,-37.90753584755828,145.1315367515925,False,1680.8127,1726.7833,1698.9816,1731.6974,,,,,,,,,,,,,,False,,,,,,,,,5.180,,278.8,19.15,bike_error
2026-10-01T11:37:59.738,1790818678.998,44,fuzzy_wokal_ebike,fuzzy,False,-37.90753584755828,145.1315367515925,False,1680.8127,1726.7833,1680.8127,1726.7833,,,,,,,,,,,,,,False,,,,,,,,,5.180,,278.8,19.15,bike_error
2026-10-01T11:37:59.738,1790818678.998,44,fuzzy_wkal_ebike,fuzzy,True,-37.90753584755828,145.1315367515925,False,1680.8127,1726.7833,1698.9816,1731.6974,,,,,,,,,,,,,,False,,,,,,,,,5.180,,278.8,19.15,bike_error
2026-10-01T11:37:59.738,1790818678.998,44,hmm_wokal_ebike,hmm,False,-37.90753584755828,145.1315367515925,False,1680.8127,1726.7833,1680.8127,1726.7833,,,,,,,,,,,,,,False,,,,,,,,,5.180,,278.8,19.15,bike_error
2026-10-01T11:37:59.738,1790818678.998,44,hmm_wkal_ebike,hmm,True,-37.90753584755828,145.1315367515925,False,1680.8127,1726.7833,1698.9816,1731.6974,,,,,,,,,,,,,,False,,,,,,,,,5.180,,278.8,19.15,bike_error
2026-10-01T11:37:59.738,1790818678.998,44,st_wokal_ebike,st,False,-37.90753584755828,145.1315367515925,False,1680.8127,1726.7833,1680.8127,1726.7833,,,,,,,,,,,,,,False,,,,,,,,,5.180,,278.8,19.15,bike_error
2026-10-01T11:37:59.738,1790818678.998,44,st_wkal_ebike,st,True,-37.90753584755828,145.1315367515925,False,1680.8127,1726.7833,1698.9816,1731.6974,,,,,,,,,,,,,,False,,,,,,,,,5.180,,278.8,19.15,bike_error
2026-10-01T11:38:01.974,1790818680.998,45,native_wokal_ebike,native,False,-37.90752318209551,145.13143009884385,False,1671.4077,1728.0008,1671.4077,1728.0008,,,,,,,,,,,,,,False,,,,,,,,,4.678,,276.8,17.95,bike_error
2026-10-01T11:38:01.974,1790818680.998,45,native_wkal_ebike,native,True,-37.90752318209551,145.13143009884385,False,1671.4077,1728.0008,1686.9717,1733.0845,,,,,,,,,,,,,,False,,,,,,,,,4.678,,276.8,17.95,bike_error
2026-10-01T11:38:01.974,1790818680.998,45,topo_wokal_ebike,topo,False,-37.90752318209551,145.13143009884385,False,1671.4077,1728.0008,1671.4077,1728.0008,,,,,,,,,,,,,,False,,,,,,,,,4.678,,276.8,17.95,bike_error
2026-10-01T11:38:01.974,1790818680.998,45,topo_wkal_ebike,topo,True,-37.90752318209551,145.13143009884385,False,1671.4077,1728.0008,1686.9717,1733.0845,,,,,,,,,,,,,,False,,,,,,,,,4.678,,276.8,17.95,bike_error
2026-10-01T11:38:01.974,1790818680.998,45,fuzzy_wokal_ebike,fuzzy,False,-37.90752318209551,145.13143009884385,False,1671.4077,1728.0008,1671.4077,1728.0008,,,,,,,,,,,,,,False,,,,,,,,,4.678,,276.8,17.95,bike_error
2026-10-01T11:38:01.974,1790818680.998,45,fuzzy_wkal_ebike,fuzzy,True,-37.90752318209551,145.13143009884385,False,1671.4077,1728.0008,1686.9717,1733.0845,,,,,,,,,,,,,,False,,,,,,,,,4.678,,276.8,17.95,bike_error
2026-10-01T11:38:01.974,1790818680.998,45,hmm_wokal_ebike,hmm,False,-37.90752318209551,145.13143009884385,False,1671.4077,1728.0008,1671.4077,1728.0008,,,,,,,,,,,,,,False,,,,,,,,,4.678,,276.8,17.95,bike_error
2026-10-01T11:38:01.974,1790818680.998,45,hmm_wkal_ebike,hmm,True,-37.90752318209551,145.13143009884385,False,1671.4077,1728.0008,1686.9717,1733.0845,,,,,,,,,,,,,,False,,,,,,,,,4.678,,276.8,17.95,bike_error
2026-10-01T11:38:01.974,1790818680.998,45,st_wokal_ebike,st,False,-37.90752318209551,145.13143009884385,False,1671.4077,1728.0008,1671.4077,1728.0008,,,,,,,,,,,,,,False,,,,,,,,,4.678,,276.8,17.95,bike_error
2026-10-01T11:38:01.974,1790818680.998,45,st_wkal_ebike,st,True,-37.90752318209551,145.13143009884385,False,1671.4077,1728.0008,1686.9717,1733.0845,,,,,,,,,,,,,,False,,,,,,,,,4.678,,276.8,17.95,bike_error
2026-10-01T11:38:04.061,1790818683.998,46,native_wokal_ebike,native,False,-37.907489445795136,145.13127852579944,False,1658.0065,1731.4772,1658.0065,1731.4772,,,,,,,,,,,,,,False,,,,,,,,,4.427,,281.4,16.30,bike_error
2026-10-01T11:38:04.061,1790818683.998,46,native_wkal_ebike,native,True,-37.907489445795136,145.13127852579944,False,1658.0065,1731.4772,1670.9208,1735.7650,,,,,,,,,,,,,,False,,,,,,,,,4.427,,281.4,16.30,bike_error
2026-10-01T11:38:04.061,1790818683.998,46,topo_wokal_ebike,topo,False,-37.907489445795136,145.13127852579944,False,1658.0065,1731.4772,1658.0065,1731.4772,,,,,,,,,,,,,,False,,,,,,,,,4.427,,281.4,16.30,bike_error
2026-10-01T11:38:04.061,1790818683.998,46,topo_wkal_ebike,topo,True,-37.907489445795136,145.13127852579944,False,1658.0065,1731.4772,1670.9208,1735.7650,,,,,,,,,,,,,,False,,,,,,,,,4.427,,281.4,16.30,bike_error
2026-10-01T11:38:04.061,1790818683.998,46,fuzzy_wokal_ebike,fuzzy,False,-37.907489445795136,145.13127852579944,False,1658.0065,1731.4772,1658.0065,1731.4772,,,,,,,,,,,,,,False,,,,,,,,,4.427,,281.4,16.30,bike_error
2026-10-01T11:38:04.061,1790818683.998,46,fuzzy_wkal_ebike,fuzzy,True,-37.907489445795136,145.13127852579944,False,1658.0065,1731.4772,1670.9208,1735.7650,,,,,,,,,,,,,,False,,,,,,,,,4.427,,281.4,16.30,bike_error
2026-10-01T11:38:04.061,1790818683.998,46,hmm_wokal_ebike,hmm,False,-37.907489445795136,145.13127852579944,False,1658.0065,1731.4772,1658.0065,1731.4772,,,,,,,,,,,,,,False,,,,,,,,,4.427,,281.4,16.30,bike_error
2026-10-01T11:38:04.061,1790818683.998,46,hmm_wkal_ebike,hmm,True,-37.907489445795136,145.13127852579944,False,1658.0065,1731.4772,1670.9208,1735.7650,,,,,,,,,,,,,,False,,,,,,,,,4.427,,281.4,16.30,bike_error
2026-10-01T11:38:04.061,1790818683.998,46,st_wokal_ebike,st,False,-37.907489445795136,145.13127852579944,False,1658.0065,1731.4772,1658.0065,1731.4772,,,,,,,,,,,,,,False,,,,,,,,,4.427,,281.4,16.30,bike_error
2026-10-01T11:38:04.061,1790818683.998,46,st_wkal_ebike,st,True,-37.907489445795136,145.13127852579944,False,1658.0065,1731.4772,1670.9208,1735.7650,,,,,,,,,,,,,,False,,,,,,,,,4.427,,281.4,16.30,bike_error
2026-10-01T11:38:06.134,1790818685.998,47,native_wokal_ebike,native,False,-37.907491655089785,145.1311935285926,False,1650.5386,1731.0823,1650.5386,1731.0823,,,,,,,,,,,,,,False,,,,,,,,,4.068,,266.4,15.33,bike_error
2026-10-01T11:38:06.134,1790818685.998,47,native_wkal_ebike,native,True,-37.907491655089785,145.1311935285926,False,1650.5386,1731.0823,1659.3158,1736.0761,,,,,,,,,,,,,,False,,,,,,,,,4.068,,266.4,15.33,bike_error
2026-10-01T11:38:06.134,1790818685.998,47,topo_wokal_ebike,topo,False,-37.907491655089785,145.1311935285926,False,1650.5386,1731.0823,1650.5386,1731.0823,,,,,,,,,,,,,,False,,,,,,,,,4.068,,266.4,15.33,bike_error
2026-10-01T11:38:06.134,1790818685.998,47,topo_wkal_ebike,topo,True,-37.907491655089785,145.1311935285926,False,1650.5386,1731.0823,1659.3158,1736.0761,,,,,,,,,,,,,,False,,,,,,,,,4.068,,266.4,15.33,bike_error
2026-10-01T11:38:06.134,1790818685.998,47,fuzzy_wokal_ebike,fuzzy,False,-37.907491655089785,145.1311935285926,False,1650.5386,1731.0823,1650.5386,1731.0823,,,,,,,,,,,,,,False,,,,,,,,,4.068,,266.4,15.33,bike_error
2026-10-01T11:38:06.134,1790818685.998,47,fuzzy_wkal_ebike,fuzzy,True,-37.907491655089785,145.1311935285926,False,1650.5386,1731.0823,1659.3158,1736.0761,,,,,,,,,,,,,,False,,,,,,,,,4.068,,266.4,15.33,bike_error
2026-10-01T11:38:06.134,1790818685.998,47,hmm_wokal_ebike,hmm,False,-37.907491655089785,145.1311935285926,False,1650.5386,1731.0823,1650.5386,1731.0823,,,,,,,,,,,,,,False,,,,,,,,,4.068,,266.4,15.33,bike_error
2026-10-01T11:38:06.134,1790818685.998,47,hmm_wkal_ebike,hmm,True,-37.907491655089785,145.1311935285926,False,1650.5386,1731.0823,1659.3158,1736.0761,,,,,,,,,,,,,,False,,,,,,,,,4.068,,266.4,15.33,bike_error
2026-10-01T11:38:06.134,1790818685.998,47,st_wokal_ebike,st,False,-37.907491655089785,145.1311935285926,False,1650.5386,1731.0823,1650.5386,1731.0823,,,,,,,,,,,,,,False,,,,,,,,,4.068,,266.4,15.33,bike_error
2026-10-01T11:38:06.134,1790818685.998,47,st_wkal_ebike,st,True,-37.907491655089785,145.1311935285926,False,1650.5386,1731.0823,1659.3158,1736.0761,,,,,,,,,,,,,,False,,,,,,,,,4.068,,266.4,15.33,bike_error
2026-10-01T11:38:08.212,1790818687.998,48,native_wokal_ebike,native,False,-37.907474443996094,145.13107657274924,False,1640.2176,1732.7859,1640.2176,1732.7859,,,,,,,,,,,,,,False,,,,,,,,,4.893,,275.9,14.81,bike_error
2026-10-01T11:38:08.212,1790818687.998,48,native_wkal_ebike,native,True,-37.907474443996094,145.13107657274924,False,1640.2176,1732.7859,1647.9201,1736.7335,,,,,,,,,,,,,,False,,,,,,,,,4.893,,275.9,14.81,bike_error
2026-10-01T11:38:08.212,1790818687.998,48,topo_wokal_ebike,topo,False,-37.907474443996094,145.13107657274924,False,1640.2176,1732.7859,1640.2176,1732.7859,,,,,,,,,,,,,,False,,,,,,,,,4.893,,275.9,14.81,bike_error
2026-10-01T11:38:08.212,1790818687.998,48,topo_wkal_ebike,topo,True,-37.907474443996094,145.13107657274924,False,1640.2176,1732.7859,1647.9201,1736.7335,,,,,,,,,,,,,,False,,,,,,,,,4.893,,275.9,14.81,bike_error
2026-10-01T11:38:08.212,1790818687.998,48,fuzzy_wokal_ebike,fuzzy,False,-37.907474443996094,145.13107657274924,False,1640.2176,1732.7859,1640.2176,1732.7859,,,,,,,,,,,,,,False,,,,,,,,,4.893,,275.9,14.81,bike_error
2026-10-01T11:38:08.212,1790818687.998,48,fuzzy_wkal_ebike,fuzzy,True,-37.907474443996094,145.13107657274924,False,1640.2176,1732.7859,1647.9201,1736.7335,,,,,,,,,,,,,,False,,,,,,,,,4.893,,275.9,14.81,bike_error
2026-10-01T11:38:08.212,1790818687.998,48,hmm_wokal_ebike,hmm,False,-37.907474443996094,145.13107657274924,False,1640.2176,1732.7859,1640.2176,1732.7859,,,,,,,,,,,,,,False,,,,,,,,,4.893,,275.9,14.81,bike_error
2026-10-01T11:38:08.212,1790818687.998,48,hmm_wkal_ebike,hmm,True,-37.907474443996094,145.13107657274924,False,1640.2176,1732.7859,1647.9201,1736.7335,,,,,,,,,,,,,,False,,,,,,,,,4.893,,275.9,14.81,bike_error
2026-10-01T11:38:08.212,1790818687.998,48,st_wokal_ebike,st,False,-37.907474443996094,145.13107657274924,False,1640.2176,1732.7859,1640.2176,1732.7859,,,,,,,,,,,,,,False,,,,,,,,,4.893,,275.9,14.81,bike_error
2026-10-01T11:38:08.212,1790818687.998,48,st_wkal_ebike,st,True,-37.907474443996094,145.13107657274924,False,1640.2176,1732.7859,1647.9201,1736.7335,,,,,,,,,,,,,,False,,,,,,,,,4.893,,275.9,14.81,bike_error
2026-10-01T11:38:10.290,1790818689.998,49,native_wokal_ebike,native,False,-37.90746130774342,145.1309672773919,False,1630.5793,1734.0510,1630.5793,1734.0510,,,,,,,,,,,,,,False,,,,,,,,,4.943,,278.2,14.06,bike_error
2026-10-01T11:38:10.290,1790818689.998,49,native_wkal_ebike,native,True,-37.90746130774342,145.1309672773919,False,1630.5793,1734.0510,1636.7237,1737.3925,,,,,,,,,,,,,,False,,,,,,,,,4.943,,278.2,14.06,bike_error
2026-10-01T11:38:10.290,1790818689.998,49,topo_wokal_ebike,topo,False,-37.90746130774342,145.1309672773919,False,1630.5793,1734.0510,1630.5793,1734.0510,,,,,,,,,,,,,,False,,,,,,,,,4.943,,278.2,14.06,bike_error
2026-10-01T11:38:10.290,1790818689.998,49,topo_wkal_ebike,topo,True,-37.90746130774342,145.1309672773919,False,1630.5793,1734.0510,1636.7237,1737.3925,,,,,,,,,,,,,,False,,,,,,,,,4.943,,278.2,14.06,bike_error
2026-10-01T11:38:10.290,1790818689.998,49,fuzzy_wokal_ebike,fuzzy,False,-37.90746130774342,145.1309672773919,False,1630.5793,1734.0510,1630.5793,1734.0510,,,,,,,,,,,,,,False,,,,,,,,,4.943,,278.2,14.06,bike_error
2026-10-01T11:38:10.290,1790818689.998,49,fuzzy_wkal_ebike,fuzzy,True,-37.90746130774342,145.1309672773919,False,1630.5793,1734.0510,1636.7237,1737.3925,,,,,,,,,,,,,,False,,,,,,,,,4.943,,278.2,14.06,bike_error
2026-10-01T11:38:10.290,1790818689.998,49,hmm_wokal_ebike,hmm,False,-37.90746130774342,145.1309672773919,False,1630.5793,1734.0510,1630.5793,1734.0510,,,,,,,,,,,,,,False,,,,,,,,,4.943,,278.2,14.06,bike_error
2026-10-01T11:38:10.290,1790818689.998,49,hmm_wkal_ebike,hmm,True,-37.90746130774342,145.1309672773919,False,1630.5793,1734.0510,1636.7237,1737.3925,,,,,,,,,,,,,,False,,,,,,,,,4.943,,278.2,14.06,bike_error
2026-10-01T11:38:10.290,1790818689.998,49,st_wokal_ebike,st,False,-37.90746130774342,145.1309672773919,False,1630.5793,1734.0510,1630.5793,1734.0510,,,,,,,,,,,,,,False,,,,,,,,,4.943,,278.2,14.06,bike_error
2026-10-01T11:38:10.290,1790818689.998,49,st_wkal_ebike,st,True,-37.90746130774342,145.1309672773919,False,1630.5793,1734.0510,1636.7237,1737.3925,,,,,,,,,,,,,,False,,,,,,,,,4.943,,278.2,14.06,bike_error
2026-10-01T11:38:12.388,1790818691.998,50,native_wokal_ebike,native,False,-37.90745251778811,145.13085180581848,False,1620.4076,1734.8228,1620.4076,1734.8228,,,,,,,,,,,,,,False,,,,,,,,,5.059,,276.4,13.36,bike_error
2026-10-01T11:38:12.388,1790818691.998,50,native_wkal_ebike,native,True,-37.90745251778811,145.13085180581848,False,1620.4076,1734.8228,1625.5201,1737.8940,,,,,,,,,,,,,,False,,,,,,,,,5.059,,276.4,13.36,bike_error
2026-10-01T11:38:12.388,1790818691.998,50,topo_wokal_ebike,topo,False,-37.90745251778811,145.13085180581848,False,1620.4076,1734.8228,1620.4076,1734.8228,,,,,,,,,,,,,,False,,,,,,,,,5.059,,276.4,13.36,bike_error
2026-10-01T11:38:12.388,1790818691.998,50,topo_wkal_ebike,topo,True,-37.90745251778811,145.13085180581848,False,1620.4076,1734.8228,1625.5201,1737.8940,,,,,,,,,,,,,,False,,,,,,,,,5.059,,276.4,13.36,bike_error
2026-10-01T11:38:12.388,1790818691.998,50,fuzzy_wokal_ebike,fuzzy,False,-37.90745251778811,145.13085180581848,False,1620.4076,1734.8228,1620.4076,1734.8228,,,,,,,,,,,,,,False,,,,,,,,,5.059,,276.4,13.36,bike_error
2026-10-01T11:38:12.388,1790818691.998,50,fuzzy_wkal_ebike,fuzzy,True,-37.90745251778811,145.13085180581848,False,1620.4076,1734.8228,1625.5201,1737.8940,,,,,,,,,,,,,,False,,,,,,,,,5.059,,276.4,13.36,bike_error
2026-10-01T11:38:12.388,1790818691.998,50,hmm_wokal_ebike,hmm,False,-37.90745251778811,145.13085180581848,False,1620.4076,1734.8228,1620.4076,1734.8228,,,,,,,,,,,,,,False,,,,,,,,,5.059,,276.4,13.36,bike_error
2026-10-01T11:38:12.388,1790818691.998,50,hmm_wkal_ebike,hmm,True,-37.90745251778811,145.13085180581848,False,1620.4076,1734.8228,1625.5201,1737.8940,,,,,,,,,,,,,,False,,,,,,,,,5.059,,276.4,13.36,bike_error
2026-10-01T11:38:12.388,1790818691.998,50,st_wokal_ebike,st,False,-37.90745251778811,145.13085180581848,False,1620.4076,1734.8228,1620.4076,1734.8228,,,,,,,,,,,,,,False,,,,,,,,,5.059,,276.4,13.36,bike_error
2026-10-01T11:38:12.388,1790818691.998,50,st_wkal_ebike,st,True,-37.90745251778811,145.13085180581848,False,1620.4076,1734.8228,1625.5201,1737.8940,,,,,,,,,,,,,,False,,,,,,,,,5.059,,276.4,13.36,bike_error
2026-10-01T11:38:14.474,1790818693.998,51,native_wokal_ebike,native,False,-37.90743714776926,145.1307541193137,False,1611.7848,1736.3561,1611.7848,1736.3561,,,,,,,,,,,,,,False,,,,,,,,,4.467,,279.9,12.78,bike_error
2026-10-01T11:38:14.474,1790818693.998,51,native_wkal_ebike,native,True,-37.90743714776926,145.1307541193137,False,1611.7848,1736.3561,1614.9036,1738.5677,,,,,,,,,,,,,,False,,,,,,,,,4.467,,279.9,12.78,bike_error
2026-10-01T11:38:14.474,1790818693.998,51,topo_wokal_ebike,topo,False,-37.90743714776926,145.1307541193137,False,1611.7848,1736.3561,1611.7848,1736.3561,,,,,,,,,,,,,,False,,,,,,,,,4.467,,279.9,12.78,bike_error
2026-10-01T11:38:14.474,1790818693.998,51,topo_wkal_ebike,topo,True,-37.90743714776926,145.1307541193137,False,1611.7848,1736.3561,1614.9036,1738.5677,,,,,,,,,,,,,,False,,,,,,,,,4.467,,279.9,12.78,bike_error
2026-10-01T11:38:14.474,1790818693.998,51,fuzzy_wokal_ebike,fuzzy,False,-37.90743714776926,145.1307541193137,False,1611.7848,1736.3561,1611.7848,1736.3561,,,,,,,,,,,,,,False,,,,,,,,,4.467,,279.9,12.78,bike_error
2026-10-01T11:38:14.474,1790818693.998,51,fuzzy_wkal_ebike,fuzzy,True,-37.90743714776926,145.1307541193137,False,1611.7848,1736.3561,1614.9036,1738.5677,,,,,,,,,,,,,,False,,,,,,,,,4.467,,279.9,12.78,bike_error
2026-10-01T11:38:14.474,1790818693.998,51,hmm_wokal_ebike,hmm,False,-37.90743714776926,145.1307541193137,False,1611.7848,1736.3561,1611.7848,1736.3561,,,,,,,,,,,,,,False,,,,,,,,,4.467,,279.9,12.78,bike_error
2026-10-01T11:38:14.474,1790818693.998,51,hmm_wkal_ebike,hmm,True,-37.90743714776926,145.1307541193137,False,1611.7848,1736.3561,1614.9036,1738.5677,,,,,,,,,,,,,,False,,,,,,,,,4.467,,279.9,12.78,bike_error
2026-10-01T11:38:14.474,1790818693.998,51,st_wokal_ebike,st,False,-37.90743714776926,145.1307541193137,False,1611.7848,1736.3561,1611.7848,1736.3561,,,,,,,,,,,,,,False,,,,,,,,,4.467,,279.9,12.78,bike_error
2026-10-01T11:38:14.474,1790818693.998,51,st_wkal_ebike,st,True,-37.90743714776926,145.1307541193137,False,1611.7848,1736.3561,1614.9036,1738.5677,,,,,,,,,,,,,,False,,,,,,,,,4.467,,279.9,12.78,bike_error
2026-10-01T11:38:16.683,1790818695.998,52,native_wokal_ebike,native,False,-37.90742484034638,145.1306562294539,False,1603.1511,1737.5492,1603.1511,1737.5492,,,,,,,,,,,,,,False,,,,,,,,,4.194,,279.4,12.21,bike_error
2026-10-01T11:38:16.683,1790818695.998,52,native_wkal_ebike,native,True,-37.90742484034638,145.1306562294539,False,1603.1511,1737.5492,1604.7773,1739.2768,,,,,,,,,,,,,,False,,,,,,,,,4.194,,279.4,12.21,bike_error
2026-10-01T11:38:16.683,1790818695.998,52,topo_wokal_ebike,topo,False,-37.90742484034638,145.1306562294539,False,1603.1511,1737.5492,1603.1511,1737.5492,,,,,,,,,,,,,,False,,,,,,,,,4.194,,279.4,12.21,bike_error
2026-10-01T11:38:16.683,1790818695.998,52,topo_wkal_ebike,topo,True,-37.90742484034638,145.1306562294539,False,1603.1511,1737.5492,1604.7773,1739.2768,,,,,,,,,,,,,,False,,,,,,,,,4.194,,279.4,12.21,bike_error
2026-10-01T11:38:16.683,1790818695.998,52,fuzzy_wokal_ebike,fuzzy,False,-37.90742484034638,145.1306562294539,False,1603.1511,1737.5492,1603.1511,1737.5492,,,,,,,,,,,,,,False,,,,,,,,,4.194,,279.4,12.21,bike_error
2026-10-01T11:38:16.683,1790818695.998,52,fuzzy_wkal_ebike,fuzzy,True,-37.90742484034638,145.1306562294539,False,1603.1511,1737.5492,1604.7773,1739.2768,,,,,,,,,,,,,,False,,,,,,,,,4.194,,279.4,12.21,bike_error
2026-10-01T11:38:16.683,1790818695.998,52,hmm_wokal_ebike,hmm,False,-37.90742484034638,145.1306562294539,False,1603.1511,1737.5492,1603.1511,1737.5492,,,,,,,,,,,,,,False,,,,,,,,,4.194,,279.4,12.21,bike_error
2026-10-01T11:38:16.683,1790818695.998,52,hmm_wkal_ebike,hmm,True,-37.90742484034638,145.1306562294539,False,1603.1511,1737.5492,1604.7773,1739.2768,,,,,,,,,,,,,,False,,,,,,,,,4.194,,279.4,12.21,bike_error
2026-10-01T11:38:16.683,1790818695.998,52,st_wokal_ebike,st,False,-37.90742484034638,145.1306562294539,False,1603.1511,1737.5492,1603.1511,1737.5492,,,,,,,,,,,,,,False,,,,,,,,,4.194,,279.4,12.21,bike_error
2026-10-01T11:38:16.683,1790818695.998,52,st_wkal_ebike,st,True,-37.90742484034638,145.1306562294539,False,1603.1511,1737.5492,1604.7773,1739.2768,,,,,,,,,,,,,,False,,,,,,,,,4.194,,279.4,12.21,bike_error
2026-10-01T11:38:18.995,1790818697.998,53,native_wokal_ebike,native,False,-37.90741949812791,145.13056331518283,False,1594.9702,1737.9782,1594.9702,1737.9782,,,,,,,,,,,,,,False,,,,,,,,,4.000,,274.6,11.64,bike_error
2026-10-01T11:38:18.995,1790818697.998,53,native_wkal_ebike,native,True,-37.90741949812791,145.13056331518283,False,1594.9702,1737.9782,1595.2305,1739.7592,,,,,,,,,,,,,,False,,,,,,,,,4.000,,274.6,11.64,bike_error
2026-10-01T11:38:18.995,1790818697.998,53,topo_wokal_ebike,topo,False,-37.90741949812791,145.13056331518283,False,1594.9702,1737.9782,1594.9702,1737.9782,,,,,,,,,,,,,,False,,,,,,,,,4.000,,274.6,11.64,bike_error
2026-10-01T11:38:18.995,1790818697.998,53,topo_wkal_ebike,topo,True,-37.90741949812791,145.13056331518283,False,1594.9702,1737.9782,1595.2305,1739.7592,,,,,,,,,,,,,,False,,,,,,,,,4.000,,274.6,11.64,bike_error
2026-10-01T11:38:18.995,1790818697.998,53,fuzzy_wokal_ebike,fuzzy,False,-37.90741949812791,145.13056331518283,False,1594.9702,1737.9782,1594.9702,1737.9782,,,,,,,,,,,,,,False,,,,,,,,,4.000,,274.6,11.64,bike_error
2026-10-01T11:38:18.995,1790818697.998,53,fuzzy_wkal_ebike,fuzzy,True,-37.90741949812791,145.13056331518283,False,1594.9702,1737.9782,1595.2305,1739.7592,,,,,,,,,,,,,,False,,,,,,,,,4.000,,274.6,11.64,bike_error
2026-10-01T11:38:18.995,1790818697.998,53,hmm_wokal_ebike,hmm,False,-37.90741949812791,145.13056331518283,False,1594.9702,1737.9782,1594.9702,1737.9782,,,,,,,,,,,,,,False,,,,,,,,,4.000,,274.6,11.64,bike_error
2026-10-01T11:38:18.995,1790818697.998,53,hmm_wkal_ebike,hmm,True,-37.90741949812791,145.13056331518283,False,1594.9702,1737.9782,1595.2305,1739.7592,,,,,,,,,,,,,,False,,,,,,,,,4.000,,274.6,11.64,bike_error
2026-10-01T11:38:18.995,1790818697.998,53,st_wokal_ebike,st,False,-37.90741949812791,145.13056331518283,False,1594.9702,1737.9782,1594.9702,1737.9782,,,,,,,,,,,,,,False,,,,,,,,,4.000,,274.6,11.64,bike_error
2026-10-01T11:38:18.995,1790818697.998,53,st_wkal_ebike,st,True,-37.90741949812791,145.13056331518283,False,1594.9702,1737.9782,1595.2305,1739.7592,,,,,,,,,,,,,,False,,,,,,,,,4.000,,274.6,11.64,bike_error
2026-10-01T11:38:21.179,1790818700.998,54,native_wokal_ebike,native,False,-37.90744145587625,145.1304278896526,False,1583.1126,1735.3029,1583.1126,1735.3029,,,,,,,,,,,,,,False,,,,,,,,,4.088,,256.2,10.92,bike_error
2026-10-01T11:38:21.179,1790818700.998,54,native_wkal_ebike,native,True,-37.90744145587625,145.1304278896526,False,1583.1126,1735.3029,1581.9335,1739.0308,,,,,,,,,,,,,,False,,,,,,,,,4.088,,256.2,10.92,bike_error
2026-10-01T11:38:21.179,1790818700.998,54,topo_wokal_ebike,topo,False,-37.90744145587625,145.1304278896526,False,1583.1126,1735.3029,1583.1126,1735.3029,,,,,,,,,,,,,,False,,,,,,,,,4.088,,256.2,10.92,bike_error
2026-10-01T11:38:21.179,1790818700.998,54,topo_wkal_ebike,topo,True,-37.90744145587625,145.1304278896526,False,1583.1126,1735.3029,1581.9335,1739.0308,,,,,,,,,,,,,,False,,,,,,,,,4.088,,256.2,10.92,bike_error
2026-10-01T11:38:21.179,1790818700.998,54,fuzzy_wokal_ebike,fuzzy,False,-37.90744145587625,145.1304278896526,False,1583.1126,1735.3029,1583.1126,1735.3029,,,,,,,,,,,,,,False,,,,,,,,,4.088,,256.2,10.92,bike_error
2026-10-01T11:38:21.179,1790818700.998,54,fuzzy_wkal_ebike,fuzzy,True,-37.90744145587625,145.1304278896526,False,1583.1126,1735.3029,1581.9335,1739.0308,,,,,,,,,,,,,,False,,,,,,,,,4.088,,256.2,10.92,bike_error
2026-10-01T11:38:21.179,1790818700.998,54,hmm_wokal_ebike,hmm,False,-37.90744145587625,145.1304278896526,False,1583.1126,1735.3029,1583.1126,1735.3029,,,,,,,,,,,,,,False,,,,,,,,,4.088,,256.2,10.92,bike_error
2026-10-01T11:38:21.179,1790818700.998,54,hmm_wkal_ebike,hmm,True,-37.90744145587625,145.1304278896526,False,1583.1126,1735.3029,1581.9335,1739.0308,,,,,,,,,,,,,,False,,,,,,,,,4.088,,256.2,10.92,bike_error
2026-10-01T11:38:21.179,1790818700.998,54,st_wokal_ebike,st,False,-37.90744145587625,145.1304278896526,False,1583.1126,1735.3029,1583.1126,1735.3029,,,,,,,,,,,,,,False,,,,,,,,,4.088,,256.2,10.92,bike_error
2026-10-01T11:38:21.179,1790818700.998,54,st_wkal_ebike,st,True,-37.90744145587625,145.1304278896526,False,1583.1126,1735.3029,1581.9335,1739.0308,,,,,,,,,,,,,,False,,,,,,,,,4.088,,256.2,10.92,bike_error
2026-10-01T11:38:23.407,1790818702.998,55,native_wokal_ebike,native,False,-37.90746095926799,145.13034568284309,False,1575.9284,1732.9938,1575.9284,1732.9938,,,,,,,,,,,,,,False,,,,,,,,,3.879,,248.1,10.72,bike_error
2026-10-01T11:38:23.407,1790818702.998,55,native_wkal_ebike,native,True,-37.90746095926799,145.13034568284309,False,1575.9284,1732.9938,1573.9273,1737.1822,,,,,,,,,,,,,,False,,,,,,,,,3.879,,248.1,10.72,bike_error
2026-10-01T11:38:23.407,1790818702.998,55,topo_wokal_ebike,topo,False,-37.90746095926799,145.13034568284309,False,1575.9284,1732.9938,1575.9284,1732.9938,,,,,,,,,,,,,,False,,,,,,,,,3.879,,248.1,10.72,bike_error
2026-10-01T11:38:23.407,1790818702.998,55,topo_wkal_ebike,topo,True,-37.90746095926799,145.13034568284309,False,1575.9284,1732.9938,1573.9273,1737.1822,,,,,,,,,,,,,,False,,,,,,,,,3.879,,248.1,10.72,bike_error
2026-10-01T11:38:23.407,1790818702.998,55,fuzzy_wokal_ebike,fuzzy,False,-37.90746095926799,145.13034568284309,False,1575.9284,1732.9938,1575.9284,1732.9938,,,,,,,,,,,,,,False,,,,,,,,,3.879,,248.1,10.72,bike_error
2026-10-01T11:38:23.407,1790818702.998,55,fuzzy_wkal_ebike,fuzzy,True,-37.90746095926799,145.13034568284309,False,1575.9284,1732.9938,1573.9273,1737.1822,,,,,,,,,,,,,,False,,,,,,,,,3.879,,248.1,10.72,bike_error
2026-10-01T11:38:23.407,1790818702.998,55,hmm_wokal_ebike,hmm,False,-37.90746095926799,145.13034568284309,False,1575.9284,1732.9938,1575.9284,1732.9938,,,,,,,,,,,,,,False,,,,,,,,,3.879,,248.1,10.72,bike_error
2026-10-01T11:38:23.407,1790818702.998,55,hmm_wkal_ebike,hmm,True,-37.90746095926799,145.13034568284309,False,1575.9284,1732.9938,1573.9273,1737.1822,,,,,,,,,,,,,,False,,,,,,,,,3.879,,248.1,10.72,bike_error
2026-10-01T11:38:23.407,1790818702.998,55,st_wokal_ebike,st,False,-37.90746095926799,145.13034568284309,False,1575.9284,1732.9938,1575.9284,1732.9938,,,,,,,,,,,,,,False,,,,,,,,,3.879,,248.1,10.72,bike_error
2026-10-01T11:38:23.407,1790818702.998,55,st_wkal_ebike,st,True,-37.90746095926799,145.13034568284309,False,1575.9284,1732.9938,1573.9273,1737.1822,,,,,,,,,,,,,,False,,,,,,,,,3.879,,248.1,10.72,bike_error
2026-10-01T11:38:25.541,1790818704.998,56,native_wokal_ebike,native,False,-37.90749694801376,145.1302589805776,False,1568.3858,1728.8474,1568.3858,1728.8474,,,,,,,,,,,,,,False,,,,,,,,,4.239,,242.3,10.66,bike_error
2026-10-01T11:38:25.541,1790818704.998,56,native_wkal_ebike,native,True,-37.90749694801376,145.1302589805776,False,1568.3858,1728.8474,1566.1699,1734.3281,,,,,,,,,,,,,,False,,,,,,,,,4.239,,242.3,10.66,bike_error
2026-10-01T11:38:25.541,1790818704.998,56,topo_wokal_ebike,topo,False,-37.90749694801376,145.1302589805776,False,1568.3858,1728.8474,1568.3858,1728.8474,,,,,,,,,,,,,,False,,,,,,,,,4.239,,242.3,10.66,bike_error
2026-10-01T11:38:25.541,1790818704.998,56,topo_wkal_ebike,topo,True,-37.90749694801376,145.1302589805776,False,1568.3858,1728.8474,1566.1699,1734.3281,,,,,,,,,,,,,,False,,,,,,,,,4.239,,242.3,10.66,bike_error
2026-10-01T11:38:25.541,1790818704.998,56,fuzzy_wokal_ebike,fuzzy,False,-37.90749694801376,145.1302589805776,False,1568.3858,1728.8474,1568.3858,1728.8474,,,,,,,,,,,,,,False,,,,,,,,,4.239,,242.3,10.66,bike_error
2026-10-01T11:38:25.541,1790818704.998,56,fuzzy_wkal_ebike,fuzzy,True,-37.90749694801376,145.1302589805776,False,1568.3858,1728.8474,1566.1699,1734.3281,,,,,,,,,,,,,,False,,,,,,,,,4.239,,242.3,10.66,bike_error
2026-10-01T11:38:25.541,1790818704.998,56,hmm_wokal_ebike,hmm,False,-37.90749694801376,145.1302589805776,False,1568.3858,1728.8474,1568.3858,1728.8474,,,,,,,,,,,,,,False,,,,,,,,,4.239,,242.3,10.66,bike_error
2026-10-01T11:38:25.541,1790818704.998,56,hmm_wkal_ebike,hmm,True,-37.90749694801376,145.1302589805776,False,1568.3858,1728.8474,1566.1699,1734.3281,,,,,,,,,,,,,,False,,,,,,,,,4.239,,242.3,10.66,bike_error
2026-10-01T11:38:25.541,1790818704.998,56,st_wokal_ebike,st,False,-37.90749694801376,145.1302589805776,False,1568.3858,1728.8474,1568.3858,1728.8474,,,,,,,,,,,,,,False,,,,,,,,,4.239,,242.3,10.66,bike_error
2026-10-01T11:38:25.541,1790818704.998,56,st_wkal_ebike,st,True,-37.90749694801376,145.1302589805776,False,1568.3858,1728.8474,1566.1699,1734.3281,,,,,,,,,,,,,,False,,,,,,,,,4.239,,242.3,10.66,bike_error
2026-10-01T11:38:27.628,1790818706.998,57,native_wokal_ebike,native,False,-37.90753869079806,145.13018965168848,False,1562.3833,1724.0932,1562.3833,1724.0932,,,,,,,,,,,,,,False,,,,,,,,,3.908,,230.8,10.33,bike_error
2026-10-01T11:38:27.628,1790818706.998,57,native_wkal_ebike,native,True,-37.90753869079806,145.13018965168848,False,1562.3833,1724.0932,1559.2107,1730.3917,,,,,,,,,,,,,,False,,,,,,,,,3.908,,230.8,10.33,bike_error
2026-10-01T11:38:27.628,1790818706.998,57,topo_wokal_ebike,topo,False,-37.90753869079806,145.13018965168848,False,1562.3833,1724.0932,1562.3833,1724.0932,,,,,,,,,,,,,,False,,,,,,,,,3.908,,230.8,10.33,bike_error
2026-10-01T11:38:27.628,1790818706.998,57,topo_wkal_ebike,topo,True,-37.90753869079806,145.13018965168848,False,1562.3833,1724.0932,1559.2107,1730.3917,,,,,,,,,,,,,,False,,,,,,,,,3.908,,230.8,10.33,bike_error
2026-10-01T11:38:27.628,1790818706.998,57,fuzzy_wokal_ebike,fuzzy,False,-37.90753869079806,145.13018965168848,False,1562.3833,1724.0932,1562.3833,1724.0932,,,,,,,,,,,,,,False,,,,,,,,,3.908,,230.8,10.33,bike_error
2026-10-01T11:38:27.628,1790818706.998,57,fuzzy_wkal_ebike,fuzzy,True,-37.90753869079806,145.13018965168848,False,1562.3833,1724.0932,1559.2107,1730.3917,,,,,,,,,,,,,,False,,,,,,,,,3.908,,230.8,10.33,bike_error
2026-10-01T11:38:27.628,1790818706.998,57,hmm_wokal_ebike,hmm,False,-37.90753869079806,145.13018965168848,False,1562.3833,1724.0932,1562.3833,1724.0932,,,,,,,,,,,,,,False,,,,,,,,,3.908,,230.8,10.33,bike_error
2026-10-01T11:38:27.628,1790818706.998,57,hmm_wkal_ebike,hmm,True,-37.90753869079806,145.13018965168848,False,1562.3833,1724.0932,1559.2107,1730.3917,,,,,,,,,,,,,,False,,,,,,,,,3.908,,230.8,10.33,bike_error
2026-10-01T11:38:27.628,1790818706.998,57,st_wokal_ebike,st,False,-37.90753869079806,145.13018965168848,False,1562.3833,1724.0932,1562.3833,1724.0932,,,,,,,,,,,,,,False,,,,,,,,,3.908,,230.8,10.33,bike_error
2026-10-01T11:38:27.628,1790818706.998,57,st_wkal_ebike,st,True,-37.90753869079806,145.13018965168848,False,1562.3833,1724.0932,1559.2107,1730.3917,,,,,,,,,,,,,,False,,,,,,,,,3.908,,230.8,10.33,bike_error
2026-10-01T11:38:29.699,1790818708.998,58,native_wokal_ebike,native,False,-37.907597861067906,145.13013422565427,False,1557.6420,1717.4296,1557.6420,1717.4296,,,,,,,,,,,,,,False,,,,,,,,,3.979,,217.8,10.15,bike_error
2026-10-01T11:38:29.699,1790818708.998,58,native_wkal_ebike,native,True,-37.907597861067906,145.13013422565427,False,1557.6420,1717.4296,1553.2612,1725.0561,,,,,,,,,,,,,,False,,,,,,,,,3.979,,217.8,10.15,bike_error
2026-10-01T11:38:29.699,1790818708.998,58,topo_wokal_ebike,topo,False,-37.907597861067906,145.13013422565427,False,1557.6420,1717.4296,1557.6420,1717.4296,,,,,,,,,,,,,,False,,,,,,,,,3.979,,217.8,10.15,bike_error
2026-10-01T11:38:29.699,1790818708.998,58,topo_wkal_ebike,topo,True,-37.907597861067906,145.13013422565427,False,1557.6420,1717.4296,1553.2612,1725.0561,,,,,,,,,,,,,,False,,,,,,,,,3.979,,217.8,10.15,bike_error
2026-10-01T11:38:29.699,1790818708.998,58,fuzzy_wokal_ebike,fuzzy,False,-37.907597861067906,145.13013422565427,False,1557.6420,1717.4296,1557.6420,1717.4296,,,,,,,,,,,,,,False,,,,,,,,,3.979,,217.8,10.15,bike_error
2026-10-01T11:38:29.699,1790818708.998,58,fuzzy_wkal_ebike,fuzzy,True,-37.907597861067906,145.13013422565427,False,1557.6420,1717.4296,1553.2612,1725.0561,,,,,,,,,,,,,,False,,,,,,,,,3.979,,217.8,10.15,bike_error
2026-10-01T11:38:29.699,1790818708.998,58,hmm_wokal_ebike,hmm,False,-37.907597861067906,145.13013422565427,False,1557.6420,1717.4296,1557.6420,1717.4296,,,,,,,,,,,,,,False,,,,,,,,,3.979,,217.8,10.15,bike_error
2026-10-01T11:38:29.699,1790818708.998,58,hmm_wkal_ebike,hmm,True,-37.907597861067906,145.13013422565427,False,1557.6420,1717.4296,1553.2612,1725.0561,,,,,,,,,,,,,,False,,,,,,,,,3.979,,217.8,10.15,bike_error
2026-10-01T11:38:29.699,1790818708.998,58,st_wokal_ebike,st,False,-37.907597861067906,145.13013422565427,False,1557.6420,1717.4296,1557.6420,1717.4296,,,,,,,,,,,,,,False,,,,,,,,,3.979,,217.8,10.15,bike_error
2026-10-01T11:38:29.699,1790818708.998,58,st_wkal_ebike,st,True,-37.907597861067906,145.13013422565427,False,1557.6420,1717.4296,1553.2612,1725.0561,,,,,,,,,,,,,,False,,,,,,,,,3.979,,217.8,10.15,bike_error
2026-10-01T11:38:31.760,1790818710.998,59,native_wokal_ebike,native,False,-37.90764025977841,145.13005872295435,False,1551.0983,1712.5917,1551.0983,1712.5917,,,,,,,,,,,,,,False,,,,,,,,,4.011,,231.1,9.89,bike_error
2026-10-01T11:38:31.760,1790818710.998,59,native_wkal_ebike,native,True,-37.90764025977841,145.13005872295435,False,1551.0983,1712.5917,1547.4340,1719.3120,,,,,,,,,,,,,,False,,,,,,,,,4.011,,231.1,9.89,bike_error
2026-10-01T11:38:31.760,1790818710.998,59,topo_wokal_ebike,topo,False,-37.90764025977841,145.13005872295435,False,1551.0983,1712.5917,1551.0983,1712.5917,,,,,,,,,,,,,,False,,,,,,,,,4.011,,231.1,9.89,bike_error
2026-10-01T11:38:31.760,1790818710.998,59,topo_wkal_ebike,topo,True,-37.90764025977841,145.13005872295435,False,1551.0983,1712.5917,1547.4340,1719.3120,,,,,,,,,,,,,,False,,,,,,,,,4.011,,231.1,9.89,bike_error
2026-10-01T11:38:31.760,1790818710.998,59,fuzzy_wokal_ebike,fuzzy,False,-37.90764025977841,145.13005872295435,False,1551.0983,1712.5917,1551.0983,1712.5917,,,,,,,,,,,,,,False,,,,,,,,,4.011,,231.1,9.89,bike_error
2026-10-01T11:38:31.760,1790818710.998,59,fuzzy_wkal_ebike,fuzzy,True,-37.90764025977841,145.13005872295435,False,1551.0983,1712.5917,1547.4340,1719.3120,,,,,,,,,,,,,,False,,,,,,,,,4.011,,231.1,9.89,bike_error
2026-10-01T11:38:31.760,1790818710.998,59,hmm_wokal_ebike,hmm,False,-37.90764025977841,145.13005872295435,False,1551.0983,1712.5917,1551.0983,1712.5917,,,,,,,,,,,,,,False,,,,,,,,,4.011,,231.1,9.89,bike_error
2026-10-01T11:38:31.760,1790818710.998,59,hmm_wkal_ebike,hmm,True,-37.90764025977841,145.13005872295435,False,1551.0983,1712.5917,1547.4340,1719.3120,,,,,,,,,,,,,,False,,,,,,,,,4.011,,231.1,9.89,bike_error
2026-10-01T11:38:31.760,1790818710.998,59,st_wokal_ebike,st,False,-37.90764025977841,145.13005872295435,False,1551.0983,1712.5917,1551.0983,1712.5917,,,,,,,,,,,,,,False,,,,,,,,,4.011,,231.1,9.89,bike_error
2026-10-01T11:38:31.760,1790818710.998,59,st_wkal_ebike,st,True,-37.90764025977841,145.13005872295435,False,1551.0983,1712.5917,1547.4340,1719.3120,,,,,,,,,,,,,,False,,,,,,,,,4.011,,231.1,9.89,bike_error
2026-10-01T11:38:33.828,1790818712.998,60,native_wokal_ebike,native,False,-37.90766384168623,145.1299670623017,False,1543.0921,1709.8133,1543.0921,1709.8133,,,,,,,,,,,,,,False,,,,,,,,,3.993,,247.6,9.61,bike_error
2026-10-01T11:38:33.828,1790818712.998,60,native_wkal_ebike,native,True,-37.90766384168623,145.1299670623017,False,1543.0921,1709.8133,1541.1007,1714.1157,,,,,,,,,,,,,,False,,,,,,,,,3.993,,247.6,9.61,bike_error
2026-10-01T11:38:33.828,1790818712.998,60,topo_wokal_ebike,topo,False,-37.90766384168623,145.1299670623017,False,1543.0921,1709.8133,1543.0921,1709.8133,,,,,,,,,,,,,,False,,,,,,,,,3.993,,247.6,9.61,bike_error
2026-10-01T11:38:33.828,1790818712.998,60,topo_wkal_ebike,topo,True,-37.90766384168623,145.1299670623017,False,1543.0921,1709.8133,1541.1007,1714.1157,,,,,,,,,,,,,,False,,,,,,,,,3.993,,247.6,9.61,bike_error
2026-10-01T11:38:33.828,1790818712.998,60,fuzzy_wokal_ebike,fuzzy,False,-37.90766384168623,145.1299670623017,False,1543.0921,1709.8133,1543.0921,1709.8133,,,,,,,,,,,,,,False,,,,,,,,,3.993,,247.6,9.61,bike_error
2026-10-01T11:38:33.828,1790818712.998,60,fuzzy_wkal_ebike,fuzzy,True,-37.90766384168623,145.1299670623017,False,1543.0921,1709.8133,1541.1007,1714.1157,,,,,,,,,,,,,,False,,,,,,,,,3.993,,247.6,9.61,bike_error
2026-10-01T11:38:33.828,1790818712.998,60,hmm_wokal_ebike,hmm,False,-37.90766384168623,145.1299670623017,False,1543.0921,1709.8133,1543.0921,1709.8133,,,,,,,,,,,,,,False,,,,,,,,,3.993,,247.6,9.61,bike_error
2026-10-01T11:38:33.828,1790818712.998,60,hmm_wkal_ebike,hmm,True,-37.90766384168623,145.1299670623017,False,1543.0921,1709.8133,1541.1007,1714.1157,,,,,,,,,,,,,,False,,,,,,,,,3.993,,247.6,9.61,bike_error
2026-10-01T11:38:33.828,1790818712.998,60,st_wokal_ebike,st,False,-37.90766384168623,145.1299670623017,False,1543.0921,1709.8133,1543.0921,1709.8133,,,,,,,,,,,,,,False,,,,,,,,,3.993,,247.6,9.61,bike_error
2026-10-01T11:38:33.828,1790818712.998,60,st_wkal_ebike,st,True,-37.90766384168623,145.1299670623017,False,1543.0921,1709.8133,1541.1007,1714.1157,,,,,,,,,,,,,,False,,,,,,,,,3.993,,247.6,9.61,bike_error
2026-10-01T11:38:35.940,1790818714.997,61,native_wokal_ebike,native,False,-37.90767018908598,145.12986293129035,False,1533.9511,1708.9253,1533.9511,1708.9253,,,,,,,,,,,,,,False,,,,,,,,,4.325,,261.6,9.22,bike_error
2026-10-01T11:38:35.940,1790818714.997,61,native_wkal_ebike,native,True,-37.90767018908598,145.12986293129035,False,1533.9511,1708.9253,1533.8876,1710.1591,,,,,,,,,,,,,,False,,,,,,,,,4.325,,261.6,9.22,bike_error
2026-10-01T11:38:35.940,1790818714.997,61,topo_wokal_ebike,topo,False,-37.90767018908598,145.12986293129035,False,1533.9511,1708.9253,1533.9511,1708.9253,,,,,,,,,,,,,,False,,,,,,,,,4.325,,261.6,9.22,bike_error
2026-10-01T11:38:35.940,1790818714.997,61,topo_wkal_ebike,topo,True,-37.90767018908598,145.12986293129035,False,1533.9511,1708.9253,1533.8876,1710.1591,,,,,,,,,,,,,,False,,,,,,,,,4.325,,261.6,9.22,bike_error
2026-10-01T11:38:35.940,1790818714.997,61,fuzzy_wokal_ebike,fuzzy,False,-37.90767018908598,145.12986293129035,False,1533.9511,1708.9253,1533.9511,1708.9253,,,,,,,,,,,,,,False,,,,,,,,,4.325,,261.6,9.22,bike_error
2026-10-01T11:38:35.940,1790818714.997,61,fuzzy_wkal_ebike,fuzzy,True,-37.90767018908598,145.12986293129035,False,1533.9511,1708.9253,1533.8876,1710.1591,,,,,,,,,,,,,,False,,,,,,,,,4.325,,261.6,9.22,bike_error
2026-10-01T11:38:35.940,1790818714.997,61,hmm_wokal_ebike,hmm,False,-37.90767018908598,145.12986293129035,False,1533.9511,1708.9253,1533.9511,1708.9253,,,,,,,,,,,,,,False,,,,,,,,,4.325,,261.6,9.22,bike_error
2026-10-01T11:38:35.940,1790818714.997,61,hmm_wkal_ebike,hmm,True,-37.90767018908598,145.12986293129035,False,1533.9511,1708.9253,1533.8876,1710.1591,,,,,,,,,,,,,,False,,,,,,,,,4.325,,261.6,9.22,bike_error
2026-10-01T11:38:35.940,1790818714.997,61,st_wokal_ebike,st,False,-37.90767018908598,145.12986293129035,False,1533.9511,1708.9253,1533.9511,1708.9253,,,,,,,,,,,,,,False,,,,,,,,,4.325,,261.6,9.22,bike_error
2026-10-01T11:38:35.940,1790818714.997,61,st_wkal_ebike,st,True,-37.90767018908598,145.12986293129035,False,1533.9511,1708.9253,1533.8876,1710.1591,,,,,,,,,,,,,,False,,,,,,,,,4.325,,261.6,9.22,bike_error
2026-10-01T11:38:38.055,1790818717.997,62,native_wokal_ebike,native,False,-37.90763670803846,145.12973751786856,False,1522.8504,1712.4193,1522.8504,1712.4193,,,,,,,,,,,,,,False,,,,,,,,,3.685,,287.8,8.97,bike_error
2026-10-01T11:38:38.055,1790818717.997,62,native_wkal_ebike,native,True,-37.90763670803846,145.12973751786856,False,1522.8504,1712.4193,1522.9447,1708.2702,,,,,,,,,,,,,,False,,,,,,,,,3.685,,287.8,8.97,bike_error
2026-10-01T11:38:38.055,1790818717.997,62,topo_wokal_ebike,topo,False,-37.90763670803846,145.12973751786856,False,1522.8504,1712.4193,1522.8504,1712.4193,,,,,,,,,,,,,,False,,,,,,,,,3.685,,287.8,8.97,bike_error
2026-10-01T11:38:38.055,1790818717.997,62,topo_wkal_ebike,topo,True,-37.90763670803846,145.12973751786856,False,1522.8504,1712.4193,1522.9447,1708.2702,,,,,,,,,,,,,,False,,,,,,,,,3.685,,287.8,8.97,bike_error
2026-10-01T11:38:38.055,1790818717.997,62,fuzzy_wokal_ebike,fuzzy,False,-37.90763670803846,145.12973751786856,False,1522.8504,1712.4193,1522.8504,1712.4193,,,,,,,,,,,,,,False,,,,,,,,,3.685,,287.8,8.97,bike_error
2026-10-01T11:38:38.055,1790818717.997,62,fuzzy_wkal_ebike,fuzzy,True,-37.90763670803846,145.12973751786856,False,1522.8504,1712.4193,1522.9447,1708.2702,,,,,,,,,,,,,,False,,,,,,,,,3.685,,287.8,8.97,bike_error
2026-10-01T11:38:38.055,1790818717.997,62,hmm_wokal_ebike,hmm,False,-37.90763670803846,145.12973751786856,False,1522.8504,1712.4193,1522.8504,1712.4193,,,,,,,,,,,,,,False,,,,,,,,,3.685,,287.8,8.97,bike_error
2026-10-01T11:38:38.055,1790818717.997,62,hmm_wkal_ebike,hmm,True,-37.90763670803846,145.12973751786856,False,1522.8504,1712.4193,1522.9447,1708.2702,,,,,,,,,,,,,,False,,,,,,,,,3.685,,287.8,8.97,bike_error
2026-10-01T11:38:38.055,1790818717.997,62,st_wokal_ebike,st,False,-37.90763670803846,145.12973751786856,False,1522.8504,1712.4193,1522.8504,1712.4193,,,,,,,,,,,,,,False,,,,,,,,,3.685,,287.8,8.97,bike_error
2026-10-01T11:38:38.055,1790818717.997,62,st_wkal_ebike,st,True,-37.90763670803846,145.12973751786856,False,1522.8504,1712.4193,1522.9447,1708.2702,,,,,,,,,,,,,,False,,,,,,,,,3.685,,287.8,8.97,bike_error
2026-10-01T11:38:40.177,1790818719.997,63,native_wokal_ebike,native,False,-37.90759321630075,145.12967029055008,False,1516.8430,1717.1268,1516.8430,1717.1268,,,,,,,,,,,,,,False,,,,,,,,,3.618,,303.7,8.73,bike_error
2026-10-01T11:38:40.177,1790818719.997,63,native_wkal_ebike,native,True,-37.90759321630075,145.12967029055008,False,1516.8430,1717.1268,1516.1586,1710.3103,,,,,,,,,,,,,,False,,,,,,,,,3.618,,303.7,8.73,bike_error
2026-10-01T11:38:40.177,1790818719.997,63,topo_wokal_ebike,topo,False,-37.90759321630075,145.12967029055008,False,1516.8430,1717.1268,1516.8430,1717.1268,,,,,,,,,,,,,,False,,,,,,,,,3.618,,303.7,8.73,bike_error
2026-10-01T11:38:40.177,1790818719.997,63,topo_wkal_ebike,topo,True,-37.90759321630075,145.12967029055008,False,1516.8430,1717.1268,1516.1586,1710.3103,,,,,,,,,,,,,,False,,,,,,,,,3.618,,303.7,8.73,bike_error
2026-10-01T11:38:40.177,1790818719.997,63,fuzzy_wokal_ebike,fuzzy,False,-37.90759321630075,145.12967029055008,False,1516.8430,1717.1268,1516.8430,1717.1268,,,,,,,,,,,,,,False,,,,,,,,,3.618,,303.7,8.73,bike_error
2026-10-01T11:38:40.177,1790818719.997,63,fuzzy_wkal_ebike,fuzzy,True,-37.90759321630075,145.12967029055008,False,1516.8430,1717.1268,1516.1586,1710.3103,,,,,,,,,,,,,,False,,,,,,,,0.111,3.618,,303.7,8.73,no_match
2026-10-01T11:38:40.177,1790818719.997,63,hmm_wokal_ebike,hmm,False,-37.90759321630075,145.12967029055008,False,1516.8430,1717.1268,1516.8430,1717.1268,,,,,,,,,,,,,,False,,,,,,,,,3.618,,303.7,8.73,bike_error
2026-10-01T11:38:40.177,1790818719.997,63,hmm_wkal_ebike,hmm,True,-37.90759321630075,145.12967029055008,False,1516.8430,1717.1268,1516.1586,1710.3103,,,,,,,,,,,,,,False,,,,,,,,,3.618,,303.7,8.73,bike_error
2026-10-01T11:38:40.177,1790818719.997,63,st_wokal_ebike,st,False,-37.90759321630075,145.12967029055008,False,1516.8430,1717.1268,1516.8430,1717.1268,,,,,,,,,,,,,,False,,,,,,,,,3.618,,303.7,8.73,bike_error
2026-10-01T11:38:40.177,1790818719.997,63,st_wkal_ebike,st,True,-37.90759321630075,145.12967029055008,False,1516.8430,1717.1268,1516.1586,1710.3103,,,,,,,,,,,,,,False,,,,,,,,,3.618,,303.7,8.73,bike_error
2026-10-01T11:38:42.268,1790818721.998,64,native_wokal_ebike,native,False,-37.90756125592944,145.1296044226095,False,1510.9808,1720.5571,1510.9808,1720.5571,,,,,,,,,,,,,,False,,,,,,,,,3.369,,297.4,8.65,bike_error
2026-10-01T11:38:42.268,1790818721.998,64,native_wkal_ebike,native,True,-37.90756125592944,145.1296044226095,False,1510.9808,1720.5571,1509.7685,1713.2673,,,,,,,,,,,,,,False,,,,,,,,,3.369,,297.4,8.65,bike_error
2026-10-01T11:38:42.268,1790818721.998,64,topo_wokal_ebike,topo,False,-37.90756125592944,145.1296044226095,False,1510.9808,1720.5571,1510.9808,1720.5571,,,,,,,,,,,,,,False,,,,,,,,,3.369,,297.4,8.65,bike_error
2026-10-01T11:38:42.268,1790818721.998,64,topo_wkal_ebike,topo,True,-37.90756125592944,145.1296044226095,False,1510.9808,1720.5571,1509.7685,1713.2673,,,,,,,,,,,,,,False,,,,,,,,,3.369,,297.4,8.65,bike_error
2026-10-01T11:38:42.268,1790818721.998,64,fuzzy_wokal_ebike,fuzzy,False,-37.90756125592944,145.1296044226095,False,1510.9808,1720.5571,1510.9808,1720.5571,,,,,,,,,,,,,,False,,,,,,,,,3.369,,297.4,8.65,bike_error
2026-10-01T11:38:42.268,1790818721.998,64,fuzzy_wkal_ebike,fuzzy,True,-37.90756125592944,145.1296044226095,False,1510.9808,1720.5571,1509.7685,1713.2673,,,,,,,,,,,,,,False,,,,,,,,,3.369,,297.4,8.65,bike_error
2026-10-01T11:38:42.268,1790818721.998,64,hmm_wokal_ebike,hmm,False,-37.90756125592944,145.1296044226095,False,1510.9808,1720.5571,1510.9808,1720.5571,,,,,,,,,,,,,,False,,,,,,,,,3.369,,297.4,8.65,bike_error
2026-10-01T11:38:42.268,1790818721.998,64,hmm_wkal_ebike,hmm,True,-37.90756125592944,145.1296044226095,False,1510.9808,1720.5571,1509.7685,1713.2673,,,,,,,,,,,,,,False,,,,,,,,,3.369,,297.4,8.65,bike_error
2026-10-01T11:38:42.268,1790818721.998,64,st_wokal_ebike,st,False,-37.90756125592944,145.1296044226095,False,1510.9808,1720.5571,1510.9808,1720.5571,,,,,,,,,,,,,,False,,,,,,,,,3.369,,297.4,8.65,bike_error
2026-10-01T11:38:42.268,1790818721.998,64,st_wkal_ebike,st,True,-37.90756125592944,145.1296044226095,False,1510.9808,1720.5571,1509.7685,1713.2673,,,,,,,,,,,,,,False,,,,,,,,,3.369,,297.4,8.65,bike_error
2026-10-01T11:38:44.355,1790818723.998,65,native_wokal_ebike,native,False,-37.907595029863,145.1295321758542,False,1504.7041,1716.6819,1504.7041,1716.6819,,,,,,,,,,,,,,False,,,,,,,,,3.125,,241.7,8.53,bike_error
2026-10-01T11:38:44.355,1790818723.998,65,native_wkal_ebike,native,True,-37.907595029863,145.1295321758542,False,1504.7041,1716.6819,1503.5124,1714.1371,,,,,,,,,,,,,,False,,,,,,,,,3.125,,241.7,8.53,bike_error
2026-10-01T11:38:44.355,1790818723.998,65,topo_wokal_ebike,topo,False,-37.907595029863,145.1295321758542,False,1504.7041,1716.6819,1504.7041,1716.6819,,,,,,,,,,,,,,False,,,,,,,,,3.125,,241.7,8.53,bike_error
2026-10-01T11:38:44.355,1790818723.998,65,topo_wkal_ebike,topo,True,-37.907595029863,145.1295321758542,False,1504.7041,1716.6819,1503.5124,1714.1371,,,,,,,,,,,,,,False,,,,,,,,,3.125,,241.7,8.53,bike_error
2026-10-01T11:38:44.355,1790818723.998,65,fuzzy_wokal_ebike,fuzzy,False,-37.907595029863,145.1295321758542,False,1504.7041,1716.6819,1504.7041,1716.6819,,,,,,,,,,,,,,False,,,,,,,,,3.125,,241.7,8.53,bike_error
2026-10-01T11:38:44.355,1790818723.998,65,fuzzy_wkal_ebike,fuzzy,True,-37.907595029863,145.1295321758542,False,1504.7041,1716.6819,1503.5124,1714.1371,,,,,,,,,,,,,,False,,,,,,,,,3.125,,241.7,8.53,bike_error
2026-10-01T11:38:44.355,1790818723.998,65,hmm_wokal_ebike,hmm,False,-37.907595029863,145.1295321758542,False,1504.7041,1716.6819,1504.7041,1716.6819,,,,,,,,,,,,,,False,,,,,,,,,3.125,,241.7,8.53,bike_error
2026-10-01T11:38:44.355,1790818723.998,65,hmm_wkal_ebike,hmm,True,-37.907595029863,145.1295321758542,False,1504.7041,1716.6819,1503.5124,1714.1371,,,,,,,,,,,,,,False,,,,,,,,,3.125,,241.7,8.53,bike_error
2026-10-01T11:38:44.355,1790818723.998,65,st_wokal_ebike,st,False,-37.907595029863,145.1295321758542,False,1504.7041,1716.6819,1504.7041,1716.6819,,,,,,,,,,,,,,False,,,,,,,,,3.125,,241.7,8.53,bike_error
2026-10-01T11:38:44.355,1790818723.998,65,st_wkal_ebike,st,True,-37.907595029863,145.1295321758542,False,1504.7041,1716.6819,1503.5124,1714.1371,,,,,,,,,,,,,,False,,,,,,,,,3.125,,241.7,8.53,bike_error
2026-10-01T11:38:46.460,1790818725.998,66,native_wokal_ebike,native,False,-37.90766632411755,145.1295044960077,False,1502.4293,1708.7219,1502.4293,1708.7219,,,,,,,,,,,,,,False,,,,,,,,,3.713,,203.3,8.53,bike_error
2026-10-01T11:38:46.460,1790818725.998,66,native_wkal_ebike,native,True,-37.90766632411755,145.1295044960077,False,1502.4293,1708.7219,1498.8303,1711.8809,,,,,,,,,,,,,,False,,,,,,,,,3.713,,203.3,8.53,bike_error
2026-10-01T11:38:46.460,1790818725.998,66,topo_wokal_ebike,topo,False,-37.90766632411755,145.1295044960077,False,1502.4293,1708.7219,1502.4293,1708.7219,,,,,,,,,,,,,,False,,,,,,,,,3.713,,203.3,8.53,bike_error
2026-10-01T11:38:46.460,1790818725.998,66,topo_wkal_ebike,topo,True,-37.90766632411755,145.1295044960077,False,1502.4293,1708.7219,1498.8303,1711.8809,,,,,,,,,,,,,,False,,,,,,,,,3.713,,203.3,8.53,bike_error
2026-10-01T11:38:46.460,1790818725.998,66,fuzzy_wokal_ebike,fuzzy,False,-37.90766632411755,145.1295044960077,False,1502.4293,1708.7219,1502.4293,1708.7219,,,,,,,,,,,,,,False,,,,,,,,,3.713,,203.3,8.53,bike_error
2026-10-01T11:38:46.460,1790818725.998,66,fuzzy_wkal_ebike,fuzzy,True,-37.90766632411755,145.1295044960077,False,1502.4293,1708.7219,1498.8303,1711.8809,,,,,,,,,,,,,,False,,,,,,,,,3.713,,203.3,8.53,bike_error
2026-10-01T11:38:46.460,1790818725.998,66,hmm_wokal_ebike,hmm,False,-37.90766632411755,145.1295044960077,False,1502.4293,1708.7219,1502.4293,1708.7219,,,,,,,,,,,,,,False,,,,,,,,,3.713,,203.3,8.53,bike_error
2026-10-01T11:38:46.460,1790818725.998,66,hmm_wkal_ebike,hmm,True,-37.90766632411755,145.1295044960077,False,1502.4293,1708.7219,1498.8303,1711.8809,,,,,,,,,,,,,,False,,,,,,,,,3.713,,203.3,8.53,bike_error
2026-10-01T11:38:46.460,1790818725.998,66,st_wokal_ebike,st,False,-37.90766632411755,145.1295044960077,False,1502.4293,1708.7219,1502.4293,1708.7219,,,,,,,,,,,,,,False,,,,,,,,,3.713,,203.3,8.53,bike_error
2026-10-01T11:38:46.460,1790818725.998,66,st_wkal_ebike,st,True,-37.90766632411755,145.1295044960077,False,1502.4293,1708.7219,1498.8303,1711.8809,,,,,,,,,,,,,,False,,,,,,,,,3.713,,203.3,8.53,bike_error
2026-10-01T11:38:48.703,1790818727.998,67,native_wokal_ebike,native,False,-37.90771413740393,145.12948736187883,False,1501.0293,1703.3861,1501.0293,1703.3861,,,,,,,,,,,,,,False,,,,,,,,,2.823,,195.8,8.23,bike_error
2026-10-01T11:38:48.703,1790818727.998,67,native_wkal_ebike,native,True,-37.90771413740393,145.12948736187883,False,1501.0293,1703.3861,1495.7888,1708.1077,,,,,,,,,,,,,,False,,,,,,,,,2.823,,195.8,8.23,bike_error
2026-10-01T11:38:48.703,1790818727.998,67,topo_wokal_ebike,topo,False,-37.90771413740393,145.12948736187883,False,1501.0293,1703.3861,1501.0293,1703.3861,,,,,,,,,,,,,,False,,,,,,,,,2.823,,195.8,8.23,bike_error
2026-10-01T11:38:48.703,1790818727.998,67,topo_wkal_ebike,topo,True,-37.90771413740393,145.12948736187883,False,1501.0293,1703.3861,1495.7888,1708.1077,,,,,,,,,,,,,,False,,,,,,,,,2.823,,195.8,8.23,bike_error
2026-10-01T11:38:48.703,1790818727.998,67,fuzzy_wokal_ebike,fuzzy,False,-37.90771413740393,145.12948736187883,False,1501.0293,1703.3861,1501.0293,1703.3861,,,,,,,,,,,,,,False,,,,,,,,,2.823,,195.8,8.23,bike_error
2026-10-01T11:38:48.703,1790818727.998,67,fuzzy_wkal_ebike,fuzzy,True,-37.90771413740393,145.12948736187883,False,1501.0293,1703.3861,1495.7888,1708.1077,,,,,,,,,,,,,,False,,,,,,,,,2.823,,195.8,8.23,bike_error
2026-10-01T11:38:48.703,1790818727.998,67,hmm_wokal_ebike,hmm,False,-37.90771413740393,145.12948736187883,False,1501.0293,1703.3861,1501.0293,1703.3861,,,,,,,,,,,,,,False,,,,,,,,,2.823,,195.8,8.23,bike_error
2026-10-01T11:38:48.703,1790818727.998,67,hmm_wkal_ebike,hmm,True,-37.90771413740393,145.12948736187883,False,1501.0293,1703.3861,1495.7888,1708.1077,,,,,,,,,,,,,,False,,,,,,,,,2.823,,195.8,8.23,bike_error
2026-10-01T11:38:48.703,1790818727.998,67,st_wokal_ebike,st,False,-37.90771413740393,145.12948736187883,False,1501.0293,1703.3861,1501.0293,1703.3861,,,,,,,,,,,,,,False,,,,,,,,,2.823,,195.8,8.23,bike_error
2026-10-01T11:38:48.703,1790818727.998,67,st_wkal_ebike,st,True,-37.90771413740393,145.12948736187883,False,1501.0293,1703.3861,1495.7888,1708.1077,,,,,,,,,,,,,,False,,,,,,,,,2.823,,195.8,8.23,bike_error
2026-10-01T11:38:50.871,1790818729.998,68,native_wokal_ebike,native,False,-37.90775310087738,145.1294826234054,False,1500.6995,1699.0541,1500.6995,1699.0541,,,,,,,,,,,,,,False,,,,,,,,,2.441,,183.6,8.08,bike_error
2026-10-01T11:38:50.871,1790818729.998,68,native_wkal_ebike,native,True,-37.90775310087738,145.1294826234054,False,1500.6995,1699.0541,1494.2700,1703.6951,,,,,,,,,,,,,,False,,,,,,,,,2.441,,183.6,8.08,bike_error
2026-10-01T11:38:50.871,1790818729.998,68,topo_wokal_ebike,topo,False,-37.90775310087738,145.1294826234054,False,1500.6995,1699.0541,1500.6995,1699.0541,,,,,,,,,,,,,,False,,,,,,,,,2.441,,183.6,8.08,bike_error
2026-10-01T11:38:50.871,1790818729.998,68,topo_wkal_ebike,topo,True,-37.90775310087738,145.1294826234054,False,1500.6995,1699.0541,1494.2700,1703.6951,,,,,,,,,,,,,,False,,,,,,,,,2.441,,183.6,8.08,bike_error
2026-10-01T11:38:50.871,1790818729.998,68,fuzzy_wokal_ebike,fuzzy,False,-37.90775310087738,145.1294826234054,False,1500.6995,1699.0541,1500.6995,1699.0541,,,,,,,,,,,,,,False,,,,,,,,,2.441,,183.6,8.08,bike_error
2026-10-01T11:38:50.871,1790818729.998,68,fuzzy_wkal_ebike,fuzzy,True,-37.90775310087738,145.1294826234054,False,1500.6995,1699.0541,1494.2700,1703.6951,,,,,,,,,,,,,,False,,,,,,,,,2.441,,183.6,8.08,bike_error
2026-10-01T11:38:50.871,1790818729.998,68,hmm_wokal_ebike,hmm,False,-37.90775310087738,145.1294826234054,False,1500.6995,1699.0541,1500.6995,1699.0541,,,,,,,,,,,,,,False,,,,,,,,,2.441,,183.6,8.08,bike_error
2026-10-01T11:38:50.871,1790818729.998,68,hmm_wkal_ebike,hmm,True,-37.90775310087738,145.1294826234054,False,1500.6995,1699.0541,1494.2700,1703.6951,,,,,,,,,,,,,,False,,,,,,,,,2.441,,183.6,8.08,bike_error
2026-10-01T11:38:50.871,1790818729.998,68,st_wokal_ebike,st,False,-37.90775310087738,145.1294826234054,False,1500.6995,1699.0541,1500.6995,1699.0541,,,,,,,,,,,,,,False,,,,,,,,,2.441,,183.6,8.08,bike_error
2026-10-01T11:38:50.871,1790818729.998,68,st_wkal_ebike,st,True,-37.90775310087738,145.1294826234054,False,1500.6995,1699.0541,1494.2700,1703.6951,,,,,,,,,,,,,,False,,,,,,,,,2.441,,183.6,8.08,bike_error
2026-10-01T11:38:53.004,1790818731.999,69,native_wokal_ebike,native,False,-37.907803131281035,145.12946870331933,False,1499.5870,1693.4779,1499.5870,1693.4779,,,,,,,,,,,,,,False,,,,,,,,,2.780,,184.8,8.02,bike_error
2026-10-01T11:38:53.004,1790818731.999,69,native_wkal_ebike,native,True,-37.907803131281035,145.12946870331933,False,1499.5870,1693.4779,1493.4432,1698.4461,,,,,,,,,,,,,,False,,,,,,,,,2.780,,184.8,8.02,bike_error
2026-10-01T11:38:53.004,1790818731.999,69,topo_wokal_ebike,topo,False,-37.907803131281035,145.12946870331933,False,1499.5870,1693.4779,1499.5870,1693.4779,,,,,,,,,,,,,,False,,,,,,,,,2.780,,184.8,8.02,bike_error
2026-10-01T11:38:53.004,1790818731.999,69,topo_wkal_ebike,topo,True,-37.907803131281035,145.12946870331933,False,1499.5870,1693.4779,1493.4432,1698.4461,,,,,,,,,,,,,,False,,,,,,,,,2.780,,184.8,8.02,bike_error
2026-10-01T11:38:53.004,1790818731.999,69,fuzzy_wokal_ebike,fuzzy,False,-37.907803131281035,145.12946870331933,False,1499.5870,1693.4779,1499.5870,1693.4779,,,,,,,,,,,,,,False,,,,,,,,,2.780,,184.8,8.02,bike_error
2026-10-01T11:38:53.004,1790818731.999,69,fuzzy_wkal_ebike,fuzzy,True,-37.907803131281035,145.12946870331933,False,1499.5870,1693.4779,1493.4432,1698.4461,,,,,,,,,,,,,,False,,,,,,,,,2.780,,184.8,8.02,bike_error
2026-10-01T11:38:53.004,1790818731.999,69,hmm_wokal_ebike,hmm,False,-37.907803131281035,145.12946870331933,False,1499.5870,1693.4779,1499.5870,1693.4779,,,,,,,,,,,,,,False,,,,,,,,,2.780,,184.8,8.02,bike_error
2026-10-01T11:38:53.004,1790818731.999,69,hmm_wkal_ebike,hmm,True,-37.907803131281035,145.12946870331933,False,1499.5870,1693.4779,1493.4432,1698.4461,,,,,,,,,,,,,,False,,,,,,,,,2.780,,184.8,8.02,bike_error
2026-10-01T11:38:53.004,1790818731.999,69,st_wokal_ebike,st,False,-37.907803131281035,145.12946870331933,False,1499.5870,1693.4779,1499.5870,1693.4779,,,,,,,,,,,,,,False,,,,,,,,,2.780,,184.8,8.02,bike_error
2026-10-01T11:38:53.004,1790818731.999,69,st_wkal_ebike,st,True,-37.907803131281035,145.12946870331933,False,1499.5870,1693.4779,1493.4432,1698.4461,,,,,,,,,,,,,,False,,,,,,,,,2.780,,184.8,8.02,bike_error
2026-10-01T11:38:55.103,1790818734.999,70,native_wokal_ebike,native,False,-37.90788741609836,145.12944707459607,False,1497.8731,1684.0871,1497.8731,1684.0871,,,,,,,,,,,,,,False,,,,,,,,,3.203,,186.7,7.85,bike_error
2026-10-01T11:38:55.103,1790818734.999,70,native_wkal_ebike,native,True,-37.90788741609836,145.12944707459607,False,1497.8731,1684.0871,1492.2825,1689.6613,,,,,,,,,,,,,,False,,,,,,,,,3.203,,186.7,7.85,bike_error
2026-10-01T11:38:55.103,1790818734.999,70,topo_wokal_ebike,topo,False,-37.90788741609836,145.12944707459607,False,1497.8731,1684.0871,1497.8731,1684.0871,,,,,,,,,,,,,,False,,,,,,,,,3.203,,186.7,7.85,bike_error
2026-10-01T11:38:55.103,1790818734.999,70,topo_wkal_ebike,topo,True,-37.90788741609836,145.12944707459607,False,1497.8731,1684.0871,1492.2825,1689.6613,,,,,,,,,,,,,,False,,,,,,,,,3.203,,186.7,7.85,bike_error
2026-10-01T11:38:55.103,1790818734.999,70,fuzzy_wokal_ebike,fuzzy,False,-37.90788741609836,145.12944707459607,False,1497.8731,1684.0871,1497.8731,1684.0871,,,,,,,,,,,,,,False,,,,,,,,,3.203,,186.7,7.85,bike_error
2026-10-01T11:38:55.103,1790818734.999,70,fuzzy_wkal_ebike,fuzzy,True,-37.90788741609836,145.12944707459607,False,1497.8731,1684.0871,1492.2825,1689.6613,,,,,,,,,,,,,,False,,,,,,,,,3.203,,186.7,7.85,bike_error
2026-10-01T11:38:55.103,1790818734.999,70,hmm_wokal_ebike,hmm,False,-37.90788741609836,145.12944707459607,False,1497.8731,1684.0871,1497.8731,1684.0871,,,,,,,,,,,,,,False,,,,,,,,,3.203,,186.7,7.85,bike_error
2026-10-01T11:38:55.103,1790818734.999,70,hmm_wkal_ebike,hmm,True,-37.90788741609836,145.12944707459607,False,1497.8731,1684.0871,1492.2825,1689.6613,,,,,,,,,,,,,,False,,,,,,,,,3.203,,186.7,7.85,bike_error
2026-10-01T11:38:55.103,1790818734.999,70,st_wokal_ebike,st,False,-37.90788741609836,145.12944707459607,False,1497.8731,1684.0871,1497.8731,1684.0871,,,,,,,,,,,,,,False,,,,,,,,,3.203,,186.7,7.85,bike_error
2026-10-01T11:38:55.103,1790818734.999,70,st_wkal_ebike,st,True,-37.90788741609836,145.12944707459607,False,1497.8731,1684.0871,1492.2825,1689.6613,,,,,,,,,,,,,,False,,,,,,,,,3.203,,186.7,7.85,bike_error
2026-10-01T11:38:57.301,1790818736.999,71,native_wokal_ebike,native,False,-37.9079362375791,145.12943540872388,False,1496.9562,1678.6491,1496.9562,1678.6491,,,,,,,,,,,,,,False,,,,,,,,,2.782,,190.1,7.80,bike_error
2026-10-01T11:38:57.301,1790818736.999,71,native_wkal_ebike,native,True,-37.9079362375791,145.12943540872388,False,1496.9562,1678.6491,1492.6139,1682.8176,,,,,,,,,,,,,,False,,,,,,,,,2.782,,190.1,7.80,bike_error
2026-10-01T11:38:57.301,1790818736.999,71,topo_wokal_ebike,topo,False,-37.9079362375791,145.12943540872388,False,1496.9562,1678.6491,1496.9562,1678.6491,,,,,,,,,,,,,,False,,,,,,,,,2.782,,190.1,7.80,bike_error
2026-10-01T11:38:57.301,1790818736.999,71,topo_wkal_ebike,topo,True,-37.9079362375791,145.12943540872388,False,1496.9562,1678.6491,1492.6139,1682.8176,,,,,,,,,,,,,,False,,,,,,,,,2.782,,190.1,7.80,bike_error
2026-10-01T11:38:57.301,1790818736.999,71,fuzzy_wokal_ebike,fuzzy,False,-37.9079362375791,145.12943540872388,False,1496.9562,1678.6491,1496.9562,1678.6491,,,,,,,,,,,,,,False,,,,,,,,,2.782,,190.1,7.80,bike_error
2026-10-01T11:38:57.301,1790818736.999,71,fuzzy_wkal_ebike,fuzzy,True,-37.9079362375791,145.12943540872388,False,1496.9562,1678.6491,1492.6139,1682.8176,,,,,,,,,,,,,,False,,,,,,,,,2.782,,190.1,7.80,bike_error
2026-10-01T11:38:57.301,1790818736.999,71,hmm_wokal_ebike,hmm,False,-37.9079362375791,145.12943540872388,False,1496.9562,1678.6491,1496.9562,1678.6491,,,,,,,,,,,,,,False,,,,,,,,,2.782,,190.1,7.80,bike_error
2026-10-01T11:38:57.301,1790818736.999,71,hmm_wkal_ebike,hmm,True,-37.9079362375791,145.12943540872388,False,1496.9562,1678.6491,1492.6139,1682.8176,,,,,,,,,,,,,,False,,,,,,,,,2.782,,190.1,7.80,bike_error
2026-10-01T11:38:57.301,1790818736.999,71,st_wokal_ebike,st,False,-37.9079362375791,145.12943540872388,False,1496.9562,1678.6491,1496.9562,1678.6491,,,,,,,,,,,,,,False,,,,,,,,,2.782,,190.1,7.80,bike_error
2026-10-01T11:38:57.301,1790818736.999,71,st_wkal_ebike,st,True,-37.9079362375791,145.12943540872388,False,1496.9562,1678.6491,1492.6139,1682.8176,,,,,,,,,,,,,,False,,,,,,,,,2.782,,190.1,7.80,bike_error
2026-10-01T11:38:59.408,1790818738.999,72,native_wokal_ebike,native,False,-37.90798483100602,145.12942171706618,False,1495.8606,1673.2328,1495.8606,1673.2328,,,,,,,,,,,,,,False,,,,,,,,,2.703,,190.5,7.71,bike_error
2026-10-01T11:38:59.408,1790818738.999,72,native_wkal_ebike,native,True,-37.90798483100602,145.12942171706618,False,1495.8606,1673.2328,1492.6851,1676.2468,,,,,,,,,,,,,,False,,,,,,,,,2.703,,190.5,7.71,bike_error
2026-10-01T11:38:59.408,1790818738.999,72,topo_wokal_ebike,topo,False,-37.90798483100602,145.12942171706618,False,1495.8606,1673.2328,1495.8606,1673.2328,,,,,,,,,,,,,,False,,,,,,,,,2.703,,190.5,7.71,bike_error
2026-10-01T11:38:59.408,1790818738.999,72,topo_wkal_ebike,topo,True,-37.90798483100602,145.12942171706618,False,1495.8606,1673.2328,1492.6851,1676.2468,,,,,,,,,,,,,,False,,,,,,,,,2.703,,190.5,7.71,bike_error
2026-10-01T11:38:59.408,1790818738.999,72,fuzzy_wokal_ebike,fuzzy,False,-37.90798483100602,145.12942171706618,False,1495.8606,1673.2328,1495.8606,1673.2328,,,,,,,,,,,,,,False,,,,,,,,,2.703,,190.5,7.71,bike_error
2026-10-01T11:38:59.408,1790818738.999,72,fuzzy_wkal_ebike,fuzzy,True,-37.90798483100602,145.12942171706618,False,1495.8606,1673.2328,1492.6851,1676.2468,,,,,,,,,,,,,,False,,,,,,,,,2.703,,190.5,7.71,bike_error
2026-10-01T11:38:59.408,1790818738.999,72,hmm_wokal_ebike,hmm,False,-37.90798483100602,145.12942171706618,False,1495.8606,1673.2328,1495.8606,1673.2328,,,,,,,,,,,,,,False,,,,,,,,,2.703,,190.5,7.71,bike_error
2026-10-01T11:38:59.408,1790818738.999,72,hmm_wkal_ebike,hmm,True,-37.90798483100602,145.12942171706618,False,1495.8606,1673.2328,1492.6851,1676.2468,,,,,,,,,,,,,,False,,,,,,,,,2.703,,190.5,7.71,bike_error
2026-10-01T11:38:59.408,1790818738.999,72,st_wokal_ebike,st,False,-37.90798483100602,145.12942171706618,False,1495.8606,1673.2328,1495.8606,1673.2328,,,,,,,,,,,,,,False,,,,,,,,,2.703,,190.5,7.71,bike_error
2026-10-01T11:38:59.408,1790818738.999,72,st_wkal_ebike,st,True,-37.90798483100602,145.12942171706618,False,1495.8606,1673.2328,1492.6851,1676.2468,,,,,,,,,,,,,,False,,,,,,,,,2.703,,190.5,7.71,bike_error
2026-10-01T11:39:01.517,1790818740.999,73,native_wokal_ebike,native,False,-37.908036653477104,145.12940314544178,False,1494.3432,1667.4495,1494.3432,1667.4495,,,,,,,,,,,,,,False,,,,,,,,,2.817,,195.2,7.63,bike_error
2026-10-01T11:39:01.517,1790818740.999,73,native_wkal_ebike,native,True,-37.908036653477104,145.12940314544178,False,1494.3432,1667.4495,1492.3853,1669.7434,,,,,,,,,,,,,,False,,,,,,,,,2.817,,195.2,7.63,bike_error
2026-10-01T11:39:01.517,1790818740.999,73,topo_wokal_ebike,topo,False,-37.908036653477104,145.12940314544178,False,1494.3432,1667.4495,1494.3432,1667.4495,,,,,,,,,,,,,,False,,,,,,,,,2.817,,195.2,7.63,bike_error
2026-10-01T11:39:01.517,1790818740.999,73,topo_wkal_ebike,topo,True,-37.908036653477104,145.12940314544178,False,1494.3432,1667.4495,1492.3853,1669.7434,,,,,,,,,,,,,,False,,,,,,,,,2.817,,195.2,7.63,bike_error
2026-10-01T11:39:01.517,1790818740.999,73,fuzzy_wokal_ebike,fuzzy,False,-37.908036653477104,145.12940314544178,False,1494.3432,1667.4495,1494.3432,1667.4495,,,,,,,,,,,,,,False,,,,,,,,,2.817,,195.2,7.63,bike_error
2026-10-01T11:39:01.517,1790818740.999,73,fuzzy_wkal_ebike,fuzzy,True,-37.908036653477104,145.12940314544178,False,1494.3432,1667.4495,1492.3853,1669.7434,,,,,,,,,,,,,,False,,,,,,,,,2.817,,195.2,7.63,bike_error
2026-10-01T11:39:01.517,1790818740.999,73,hmm_wokal_ebike,hmm,False,-37.908036653477104,145.12940314544178,False,1494.3432,1667.4495,1494.3432,1667.4495,,,,,,,,,,,,,,False,,,,,,,,,2.817,,195.2,7.63,bike_error
2026-10-01T11:39:01.517,1790818740.999,73,hmm_wkal_ebike,hmm,True,-37.908036653477104,145.12940314544178,False,1494.3432,1667.4495,1492.3853,1669.7434,,,,,,,,,,,,,,False,,,,,,,,,2.817,,195.2,7.63,bike_error
2026-10-01T11:39:01.517,1790818740.999,73,st_wokal_ebike,st,False,-37.908036653477104,145.12940314544178,False,1494.3432,1667.4495,1494.3432,1667.4495,,,,,,,,,,,,,,False,,,,,,,,,2.817,,195.2,7.63,bike_error
2026-10-01T11:39:01.517,1790818740.999,73,st_wkal_ebike,st,True,-37.908036653477104,145.12940314544178,False,1494.3432,1667.4495,1492.3853,1669.7434,,,,,,,,,,,,,,False,,,,,,,,,2.817,,195.2,7.63,bike_error
2026-10-01T11:39:03.586,1790818742.999,74,native_wokal_ebike,native,False,-37.9080941068826,145.12938975087286,False,1493.2935,1661.0506,1493.2935,1661.0506,,,,,,,,,,,,,,False,,,,,,,,,2.978,,190.6,7.71,bike_error
2026-10-01T11:39:03.586,1790818742.999,74,native_wkal_ebike,native,True,-37.9080941068826,145.12938975087286,False,1493.2935,1661.0506,1491.9436,1663.1091,,,,,,,,,,,,,,False,,,,,,,,,2.978,,190.6,7.71,bike_error
2026-10-01T11:39:03.586,1790818742.999,74,topo_wokal_ebike,topo,False,-37.9080941068826,145.12938975087286,False,1493.2935,1661.0506,1493.2935,1661.0506,,,,,,,,,,,,,,False,,,,,,,,,2.978,,190.6,7.71,bike_error
2026-10-01T11:39:03.586,1790818742.999,74,topo_wkal_ebike,topo,True,-37.9080941068826,145.12938975087286,False,1493.2935,1661.0506,1491.9436,1663.1091,,,,,,,,,,,,,,False,,,,,,,,,2.978,,190.6,7.71,bike_error
2026-10-01T11:39:03.586,1790818742.999,74,fuzzy_wokal_ebike,fuzzy,False,-37.9080941068826,145.12938975087286,False,1493.2935,1661.0506,1493.2935,1661.0506,,,,,,,,,,,,,,False,,,,,,,,,2.978,,190.6,7.71,bike_error
2026-10-01T11:39:03.586,1790818742.999,74,fuzzy_wkal_ebike,fuzzy,True,-37.9080941068826,145.12938975087286,False,1493.2935,1661.0506,1491.9436,1663.1091,,,,,,,,,,,,,,False,,,,,,,,,2.978,,190.6,7.71,bike_error
2026-10-01T11:39:03.586,1790818742.999,74,hmm_wokal_ebike,hmm,False,-37.9080941068826,145.12938975087286,False,1493.2935,1661.0506,1493.2935,1661.0506,,,,,,,,,,,,,,False,,,,,,,,,2.978,,190.6,7.71,bike_error
2026-10-01T11:39:03.586,1790818742.999,74,hmm_wkal_ebike,hmm,True,-37.9080941068826,145.12938975087286,False,1493.2935,1661.0506,1491.9436,1663.1091,,,,,,,,,,,,,,False,,,,,,,,,2.978,,190.6,7.71,bike_error
2026-10-01T11:39:03.586,1790818742.999,74,st_wokal_ebike,st,False,-37.9080941068826,145.12938975087286,False,1493.2935,1661.0506,1493.2935,1661.0506,,,,,,,,,,,,,,False,,,,,,,,,2.978,,190.6,7.71,bike_error
2026-10-01T11:39:03.586,1790818742.999,74,st_wkal_ebike,st,True,-37.9080941068826,145.12938975087286,False,1493.2935,1661.0506,1491.9436,1663.1091,,,,,,,,,,,,,,False,,,,,,,,,2.978,,190.6,7.71,bike_error
2026-10-01T11:39:05.719,1790818744.999,75,native_wokal_ebike,native,False,-37.90815178449739,145.12937997931914,False,1492.5629,1654.6331,1492.5629,1654.6331,,,,,,,,,,,,,,False,,,,,,,,,3.036,,185.5,7.72,bike_error
2026-10-01T11:39:05.719,1790818744.999,75,native_wkal_ebike,native,True,-37.90815178449739,145.12937997931914,False,1492.5629,1654.6331,1491.5096,1656.3778,,,,,,,,,,,,,,False,,,,,,,,,3.036,,185.5,7.72,bike_error
2026-10-01T11:39:05.719,1790818744.999,75,topo_wokal_ebike,topo,False,-37.90815178449739,145.12937997931914,False,1492.5629,1654.6331,1492.5629,1654.6331,,,,,,,,,,,,,,False,,,,,,,,,3.036,,185.5,7.72,bike_error
2026-10-01T11:39:05.719,1790818744.999,75,topo_wkal_ebike,topo,True,-37.90815178449739,145.12937997931914,False,1492.5629,1654.6331,1491.5096,1656.3778,,,,,,,,,,,,,,False,,,,,,,,,3.036,,185.5,7.72,bike_error
2026-10-01T11:39:05.719,1790818744.999,75,fuzzy_wokal_ebike,fuzzy,False,-37.90815178449739,145.12937997931914,False,1492.5629,1654.6331,1492.5629,1654.6331,,,,,,,,,,,,,,False,,,,,,,,,3.036,,185.5,7.72,bike_error
2026-10-01T11:39:05.719,1790818744.999,75,fuzzy_wkal_ebike,fuzzy,True,-37.90815178449739,145.12937997931914,False,1492.5629,1654.6331,1491.5096,1656.3778,,,,,,,,,,,,,,False,,,,,,,,,3.036,,185.5,7.72,bike_error
2026-10-01T11:39:05.719,1790818744.999,75,hmm_wokal_ebike,hmm,False,-37.90815178449739,145.12937997931914,False,1492.5629,1654.6331,1492.5629,1654.6331,,,,,,,,,,,,,,False,,,,,,,,,3.036,,185.5,7.72,bike_error
2026-10-01T11:39:05.719,1790818744.999,75,hmm_wkal_ebike,hmm,True,-37.90815178449739,145.12937997931914,False,1492.5629,1654.6331,1491.5096,1656.3778,,,,,,,,,,,,,,False,,,,,,,,,3.036,,185.5,7.72,bike_error
2026-10-01T11:39:05.719,1790818744.999,75,st_wokal_ebike,st,False,-37.90815178449739,145.12937997931914,False,1492.5629,1654.6331,1492.5629,1654.6331,,,,,,,,,,,,,,False,,,,,,,,,3.036,,185.5,7.72,bike_error
2026-10-01T11:39:05.719,1790818744.999,75,st_wkal_ebike,st,True,-37.90815178449739,145.12937997931914,False,1492.5629,1654.6331,1491.5096,1656.3778,,,,,,,,,,,,,,False,,,,,,,,,3.036,,185.5,7.72,bike_error
2026-10-01T11:39:07.835,1790818746.999,76,native_wokal_ebike,native,False,-37.90821680214541,145.12937306848173,False,1492.1000,1647.4063,1492.1000,1647.4063,,,,,,,,,,,,,,False,,,,,,,,,3.469,,185.4,7.99,bike_error
2026-10-01T11:39:07.835,1790818746.999,76,native_wkal_ebike,native,True,-37.90821680214541,145.12937306848173,False,1492.1000,1647.4063,1491.1371,1649.3455,,,,,,,,,,,,,,False,,,,,,,,,3.469,,185.4,7.99,bike_error
2026-10-01T11:39:07.835,1790818746.999,76,topo_wokal_ebike,topo,False,-37.90821680214541,145.12937306848173,False,1492.1000,1647.4063,1492.1000,1647.4063,,,,,,,,,,,,,,False,,,,,,,,,3.469,,185.4,7.99,bike_error
2026-10-01T11:39:07.835,1790818746.999,76,topo_wkal_ebike,topo,True,-37.90821680214541,145.12937306848173,False,1492.1000,1647.4063,1491.1371,1649.3455,,,,,,,,,,,,,,False,,,,,,,,,3.469,,185.4,7.99,bike_error
2026-10-01T11:39:07.835,1790818746.999,76,fuzzy_wokal_ebike,fuzzy,False,-37.90821680214541,145.12937306848173,False,1492.1000,1647.4063,1492.1000,1647.4063,,,,,,,,,,,,,,False,,,,,,,,,3.469,,185.4,7.99,bike_error
2026-10-01T11:39:07.835,1790818746.999,76,fuzzy_wkal_ebike,fuzzy,True,-37.90821680214541,145.12937306848173,False,1492.1000,1647.4063,1491.1371,1649.3455,,,,,,,,,,,,,,False,,,,,,,,,3.469,,185.4,7.99,bike_error
2026-10-01T11:39:07.835,1790818746.999,76,hmm_wokal_ebike,hmm,False,-37.90821680214541,145.12937306848173,False,1492.1000,1647.4063,1492.1000,1647.4063,,,,,,,,,,,,,,False,,,,,,,,,3.469,,185.4,7.99,bike_error
2026-10-01T11:39:07.835,1790818746.999,76,hmm_wkal_ebike,hmm,True,-37.90821680214541,145.12937306848173,False,1492.1000,1647.4063,1491.1371,1649.3455,,,,,,,,,,,,,,False,,,,,,,,,3.469,,185.4,7.99,bike_error
2026-10-01T11:39:07.835,1790818746.999,76,st_wokal_ebike,st,False,-37.90821680214541,145.12937306848173,False,1492.1000,1647.4063,1492.1000,1647.4063,,,,,,,,,,,,,,False,,,,,,,,,3.469,,185.4,7.99,bike_error
2026-10-01T11:39:07.835,1790818746.999,76,st_wkal_ebike,st,True,-37.90821680214541,145.12937306848173,False,1492.1000,1647.4063,1491.1371,1649.3455,,,,,,,,,,,,,,False,,,,,,,,,3.469,,185.4,7.99,bike_error
2026-10-01T11:39:09.938,1790818748.999,77,native_wokal_ebike,native,False,-37.90827190380996,145.12936233938294,False,1491.2794,1641.2730,1491.2794,1641.2730,,,,,,,,,,,,,,False,,,,,,,,,3.001,,188.3,7.76,bike_error
2026-10-01T11:39:09.938,1790818748.999,77,native_wkal_ebike,native,True,-37.90827190380996,145.12936233938294,False,1491.2794,1641.2730,1490.7031,1642.4358,,,,,,,,,,,,,,False,,,,,,,,,3.001,,188.3,7.76,bike_error
2026-10-01T11:39:09.938,1790818748.999,77,topo_wokal_ebike,topo,False,-37.90827190380996,145.12936233938294,False,1491.2794,1641.2730,1491.2794,1641.2730,,,,,,,,,,,,,,False,,,,,,,,,3.001,,188.3,7.76,bike_error
2026-10-01T11:39:09.938,1790818748.999,77,topo_wkal_ebike,topo,True,-37.90827190380996,145.12936233938294,False,1491.2794,1641.2730,1490.7031,1642.4358,,,,,,,,,,,,,,False,,,,,,,,,3.001,,188.3,7.76,bike_error
2026-10-01T11:39:09.938,1790818748.999,77,fuzzy_wokal_ebike,fuzzy,False,-37.90827190380996,145.12936233938294,False,1491.2794,1641.2730,1491.2794,1641.2730,,,,,,,,,,,,,,False,,,,,,,,,3.001,,188.3,7.76,bike_error
2026-10-01T11:39:09.938,1790818748.999,77,fuzzy_wkal_ebike,fuzzy,True,-37.90827190380996,145.12936233938294,False,1491.2794,1641.2730,1490.7031,1642.4358,,,,,,,,,,,,,,False,,,,,,,,,3.001,,188.3,7.76,bike_error
2026-10-01T11:39:09.938,1790818748.999,77,hmm_wokal_ebike,hmm,False,-37.90827190380996,145.12936233938294,False,1491.2794,1641.2730,1491.2794,1641.2730,,,,,,,,,,,,,,False,,,,,,,,,3.001,,188.3,7.76,bike_error
2026-10-01T11:39:09.938,1790818748.999,77,hmm_wkal_ebike,hmm,True,-37.90827190380996,145.12936233938294,False,1491.2794,1641.2730,1490.7031,1642.4358,,,,,,,,,,,,,,False,,,,,,,,,3.001,,188.3,7.76,bike_error
2026-10-01T11:39:09.938,1790818748.999,77,st_wokal_ebike,st,False,-37.90827190380996,145.12936233938294,False,1491.2794,1641.2730,1491.2794,1641.2730,,,,,,,,,,,,,,False,,,,,,,,,3.001,,188.3,7.76,bike_error
2026-10-01T11:39:09.938,1790818748.999,77,st_wkal_ebike,st,True,-37.90827190380996,145.12936233938294,False,1491.2794,1641.2730,1490.7031,1642.4358,,,,,,,,,,,,,,False,,,,,,,,,3.001,,188.3,7.76,bike_error
2026-10-01T11:39:12.037,1790818751.999,78,native_wokal_ebike,native,False,-37.90835595418167,145.12934223061393,False,1489.6987,1631.9109,1489.6987,1631.9109,,,,,,,,,,,,,,False,,,,,,,,,2.999,,188.8,7.78,bike_error
2026-10-01T11:39:12.037,1790818751.999,78,native_wkal_ebike,native,True,-37.90835595418167,145.12934223061393,False,1489.6987,1631.9109,1489.6648,1632.4685,,,,,,,,,,,,,,False,,,,,,,,,2.999,,188.8,7.78,bike_error
2026-10-01T11:39:12.037,1790818751.999,78,topo_wokal_ebike,topo,False,-37.90835595418167,145.12934223061393,False,1489.6987,1631.9109,1489.6987,1631.9109,,,,,,,,,,,,,,False,,,,,,,,,2.999,,188.8,7.78,bike_error
2026-10-01T11:39:12.037,1790818751.999,78,topo_wkal_ebike,topo,True,-37.90835595418167,145.12934223061393,False,1489.6987,1631.9109,1489.6648,1632.4685,,,,,,,,,,,,,,False,,,,,,,,,2.999,,188.8,7.78,bike_error
2026-10-01T11:39:12.037,1790818751.999,78,fuzzy_wokal_ebike,fuzzy,False,-37.90835595418167,145.12934223061393,False,1489.6987,1631.9109,1489.6987,1631.9109,,,,,,,,,,,,,,False,,,,,,,,,2.999,,188.8,7.78,bike_error
2026-10-01T11:39:12.037,1790818751.999,78,fuzzy_wkal_ebike,fuzzy,True,-37.90835595418167,145.12934223061393,False,1489.6987,1631.9109,1489.6648,1632.4685,,,,,,,,,,,,,,False,,,,,,,,,2.999,,188.8,7.78,bike_error
2026-10-01T11:39:12.037,1790818751.999,78,hmm_wokal_ebike,hmm,False,-37.90835595418167,145.12934223061393,False,1489.6987,1631.9109,1489.6987,1631.9109,,,,,,,,,,,,,,False,,,,,,,,,2.999,,188.8,7.78,bike_error
2026-10-01T11:39:12.037,1790818751.999,78,hmm_wkal_ebike,hmm,True,-37.90835595418167,145.12934223061393,False,1489.6987,1631.9109,1489.6648,1632.4685,,,,,,,,,,,,,,False,,,,,,,,,2.999,,188.8,7.78,bike_error
2026-10-01T11:39:12.037,1790818751.999,78,st_wokal_ebike,st,False,-37.90835595418167,145.12934223061393,False,1489.6987,1631.9109,1489.6987,1631.9109,,,,,,,,,,,,,,False,,,,,,,,,2.999,,188.8,7.78,bike_error
2026-10-01T11:39:12.037,1790818751.999,78,st_wkal_ebike,st,True,-37.90835595418167,145.12934223061393,False,1489.6987,1631.9109,1489.6648,1632.4685,,,,,,,,,,,,,,False,,,,,,,,,2.999,,188.8,7.78,bike_error
2026-10-01T11:39:14.125,1790818753.999,79,native_wokal_ebike,native,False,-37.90841488905036,145.12933993627158,False,1489.6282,1625.3671,1489.6282,1625.3671,,,,,,,,,,,,,,False,,,,,,,,,3.181,,182.0,7.86,bike_error
2026-10-01T11:39:14.125,1790818753.999,79,native_wkal_ebike,native,True,-37.90841488905036,145.12933993627158,False,1489.6282,1625.3671,1489.2319,1625.7517,,,,,,,,,,,,,,False,,,,,,,,,3.181,,182.0,7.86,bike_error
2026-10-01T11:39:14.125,1790818753.999,79,topo_wokal_ebike,topo,False,-37.90841488905036,145.12933993627158,False,1489.6282,1625.3671,1489.6282,1625.3671,,,,,,,,,,,,,,False,,,,,,,,,3.181,,182.0,7.86,bike_error
2026-10-01T11:39:14.125,1790818753.999,79,topo_wkal_ebike,topo,True,-37.90841488905036,145.12933993627158,False,1489.6282,1625.3671,1489.2319,1625.7517,,,,,,,,,,,,,,False,,,,,,,,,3.181,,182.0,7.86,bike_error
2026-10-01T11:39:14.125,1790818753.999,79,fuzzy_wokal_ebike,fuzzy,False,-37.90841488905036,145.12933993627158,False,1489.6282,1625.3671,1489.6282,1625.3671,,,,,,,,,,,,,,False,,,,,,,,,3.181,,182.0,7.86,bike_error
2026-10-01T11:39:14.125,1790818753.999,79,fuzzy_wkal_ebike,fuzzy,True,-37.90841488905036,145.12933993627158,False,1489.6282,1625.3671,1489.2319,1625.7517,,,,,,,,,,,,,,False,,,,,,,,,3.181,,182.0,7.86,bike_error
2026-10-01T11:39:14.125,1790818753.999,79,hmm_wokal_ebike,hmm,False,-37.90841488905036,145.12933993627158,False,1489.6282,1625.3671,1489.6282,1625.3671,,,,,,,,,,,,,,False,,,,,,,,,3.181,,182.0,7.86,bike_error
2026-10-01T11:39:14.125,1790818753.999,79,hmm_wkal_ebike,hmm,True,-37.90841488905036,145.12933993627158,False,1489.6282,1625.3671,1489.2319,1625.7517,,,,,,,,,,,,,,False,,,,,,,,,3.181,,182.0,7.86,bike_error
2026-10-01T11:39:14.125,1790818753.999,79,st_wokal_ebike,st,False,-37.90841488905036,145.12933993627158,False,1489.6282,1625.3671,1489.6282,1625.3671,,,,,,,,,,,,,,False,,,,,,,,,3.181,,182.0,7.86,bike_error
2026-10-01T11:39:14.125,1790818753.999,79,st_wkal_ebike,st,True,-37.90841488905036,145.12933993627158,False,1489.6282,1625.3671,1489.2319,1625.7517,,,,,,,,,,,,,,False,,,,,,,,,3.181,,182.0,7.86,bike_error
2026-10-01T11:39:16.206,1790818755.999,80,native_wokal_ebike,native,False,-37.90847158941398,145.12933300474404,False,1489.1450,1619.0631,1489.1450,1619.0631,,,,,,,,,,,,,,False,,,,,,,,,3.210,,183.2,8.08,bike_error
2026-10-01T11:39:16.206,1790818755.999,80,native_wkal_ebike,native,True,-37.90847158941398,145.12933300474404,False,1489.1450,1619.0631,1488.7999,1619.1718,,,,,,,,,,,,,,False,,,,,,,,,3.210,,183.2,8.08,bike_error
2026-10-01T11:39:16.206,1790818755.999,80,topo_wokal_ebike,topo,False,-37.90847158941398,145.12933300474404,False,1489.1450,1619.0631,1489.1450,1619.0631,,,,,,,,,,,,,,False,,,,,,,,,3.210,,183.2,8.08,bike_error
2026-10-01T11:39:16.206,1790818755.999,80,topo_wkal_ebike,topo,True,-37.90847158941398,145.12933300474404,False,1489.1450,1619.0631,1488.7999,1619.1718,,,,,,,,,,,,,,False,,,,,,,,,3.210,,183.2,8.08,bike_error
2026-10-01T11:39:16.206,1790818755.999,80,fuzzy_wokal_ebike,fuzzy,False,-37.90847158941398,145.12933300474404,False,1489.1450,1619.0631,1489.1450,1619.0631,,,,,,,,,,,,,,False,,,,,,,,,3.210,,183.2,8.08,bike_error
2026-10-01T11:39:16.206,1790818755.999,80,fuzzy_wkal_ebike,fuzzy,True,-37.90847158941398,145.12933300474404,False,1489.1450,1619.0631,1488.7999,1619.1718,,,,,,,,,,,,,,False,,,,,,,,,3.210,,183.2,8.08,bike_error
2026-10-01T11:39:16.206,1790818755.999,80,hmm_wokal_ebike,hmm,False,-37.90847158941398,145.12933300474404,False,1489.1450,1619.0631,1489.1450,1619.0631,,,,,,,,,,,,,,False,,,,,,,,,3.210,,183.2,8.08,bike_error
2026-10-01T11:39:16.206,1790818755.999,80,hmm_wkal_ebike,hmm,True,-37.90847158941398,145.12933300474404,False,1489.1450,1619.0631,1488.7999,1619.1718,,,,,,,,,,,,,,False,,,,,,,,,3.210,,183.2,8.08,bike_error
2026-10-01T11:39:16.206,1790818755.999,80,st_wokal_ebike,st,False,-37.90847158941398,145.12933300474404,False,1489.1450,1619.0631,1489.1450,1619.0631,,,,,,,,,,,,,,False,,,,,,,,,3.210,,183.2,8.08,bike_error
2026-10-01T11:39:16.206,1790818755.999,80,st_wkal_ebike,st,True,-37.90847158941398,145.12933300474404,False,1489.1450,1619.0631,1488.7999,1619.1718,,,,,,,,,,,,,,False,,,,,,,,,3.210,,183.2,8.08,bike_error
2026-10-01T11:39:18.281,1790818757.999,81,native_wokal_ebike,native,False,-37.90852959146402,145.12931171633443,False,1487.4026,1612.5894,1487.4026,1612.5894,,,,,,,,,,,,,,False,,,,,,,,,3.215,,190.8,8.09,bike_error
2026-10-01T11:39:18.281,1790818757.999,81,native_wkal_ebike,native,True,-37.90852959146402,145.12931171633443,False,1487.4026,1612.5894,1487.9044,1612.6228,,,,,,,,,,,,,,False,,,,,,,,,3.215,,190.8,8.09,bike_error
2026-10-01T11:39:18.281,1790818757.999,81,topo_wokal_ebike,topo,False,-37.90852959146402,145.12931171633443,False,1487.4026,1612.5894,1487.4026,1612.5894,,,,,,,,,,,,,,False,,,,,,,,,3.215,,190.8,8.09,bike_error
2026-10-01T11:39:18.281,1790818757.999,81,topo_wkal_ebike,topo,True,-37.90852959146402,145.12931171633443,False,1487.4026,1612.5894,1487.9044,1612.6228,,,,,,,,,,,,,,False,,,,,,,,,3.215,,190.8,8.09,bike_error
2026-10-01T11:39:18.281,1790818757.999,81,fuzzy_wokal_ebike,fuzzy,False,-37.90852959146402,145.12931171633443,False,1487.4026,1612.5894,1487.4026,1612.5894,,,,,,,,,,,,,,False,,,,,,,,,3.215,,190.8,8.09,bike_error
2026-10-01T11:39:18.281,1790818757.999,81,fuzzy_wkal_ebike,fuzzy,True,-37.90852959146402,145.12931171633443,False,1487.4026,1612.5894,1487.9044,1612.6228,,,,,,,,,,,,,,False,,,,,,,,,3.215,,190.8,8.09,bike_error
2026-10-01T11:39:18.281,1790818757.999,81,hmm_wokal_ebike,hmm,False,-37.90852959146402,145.12931171633443,False,1487.4026,1612.5894,1487.4026,1612.5894,,,,,,,,,,,,,,False,,,,,,,,,3.215,,190.8,8.09,bike_error
2026-10-01T11:39:18.281,1790818757.999,81,hmm_wkal_ebike,hmm,True,-37.90852959146402,145.12931171633443,False,1487.4026,1612.5894,1487.9044,1612.6228,,,,,,,,,,,,,,False,,,,,,,,,3.215,,190.8,8.09,bike_error
2026-10-01T11:39:18.281,1790818757.999,81,st_wokal_ebike,st,False,-37.90852959146402,145.12931171633443,False,1487.4026,1612.5894,1487.4026,1612.5894,,,,,,,,,,,,,,False,,,,,,,,,3.215,,190.8,8.09,bike_error
2026-10-01T11:39:18.281,1790818757.999,81,st_wkal_ebike,st,True,-37.90852959146402,145.12931171633443,False,1487.4026,1612.5894,1487.9044,1612.6228,,,,,,,,,,,,,,False,,,,,,,,,3.215,,190.8,8.09,bike_error
2026-10-01T11:39:20.380,1790818759.999,82,native_wokal_ebike,native,False,-37.90858258487146,145.1293022120939,False,1486.6850,1606.6922,1486.6850,1606.6922,,,,,,,,,,,,,,False,,,,,,,,,3.064,,191.1,7.95,bike_error
2026-10-01T11:39:20.380,1790818759.999,82,native_wkal_ebike,native,True,-37.90858258487146,145.1293022120939,False,1486.6850,1606.6922,1487.0281,1606.3200,,,,,,,,,,,,,,False,,,,,,,,,3.064,,191.1,7.95,bike_error
2026-10-01T11:39:20.380,1790818759.999,82,topo_wokal_ebike,topo,False,-37.90858258487146,145.1293022120939,False,1486.6850,1606.6922,1486.6850,1606.6922,,,,,,,,,,,,,,False,,,,,,,,,3.064,,191.1,7.95,bike_error
2026-10-01T11:39:20.380,1790818759.999,82,topo_wkal_ebike,topo,True,-37.90858258487146,145.1293022120939,False,1486.6850,1606.6922,1487.0281,1606.3200,,,,,,,,,,,,,,False,,,,,,,,,3.064,,191.1,7.95,bike_error
2026-10-01T11:39:20.380,1790818759.999,82,fuzzy_wokal_ebike,fuzzy,False,-37.90858258487146,145.1293022120939,False,1486.6850,1606.6922,1486.6850,1606.6922,,,,,,,,,,,,,,False,,,,,,,,,3.064,,191.1,7.95,bike_error
2026-10-01T11:39:20.380,1790818759.999,82,fuzzy_wkal_ebike,fuzzy,True,-37.90858258487146,145.1293022120939,False,1486.6850,1606.6922,1487.0281,1606.3200,,,,,,,,,,,,,,False,,,,,,,,,3.064,,191.1,7.95,bike_error
2026-10-01T11:39:20.380,1790818759.999,82,hmm_wokal_ebike,hmm,False,-37.90858258487146,145.1293022120939,False,1486.6850,1606.6922,1486.6850,1606.6922,,,,,,,,,,,,,,False,,,,,,,,,3.064,,191.1,7.95,bike_error
2026-10-01T11:39:20.380,1790818759.999,82,hmm_wkal_ebike,hmm,True,-37.90858258487146,145.1293022120939,False,1486.6850,1606.6922,1487.0281,1606.3200,,,,,,,,,,,,,,False,,,,,,,,,3.064,,191.1,7.95,bike_error
2026-10-01T11:39:20.380,1790818759.999,82,st_wokal_ebike,st,False,-37.90858258487146,145.1293022120939,False,1486.6850,1606.6922,1486.6850,1606.6922,,,,,,,,,,,,,,False,,,,,,,,,3.064,,191.1,7.95,bike_error
2026-10-01T11:39:20.380,1790818759.999,82,st_wkal_ebike,st,True,-37.90858258487146,145.1293022120939,False,1486.6850,1606.6922,1487.0281,1606.3200,,,,,,,,,,,,,,False,,,,,,,,,3.064,,191.1,7.95,bike_error
2026-10-01T11:39:22.469,1790818761.999,83,native_wokal_ebike,native,False,-37.90866446657017,145.129286706659,False,1485.5041,1597.5788,1485.5041,1597.5788,,,,,,,,,,,,,,False,,,,,,,,,4.145,,189.2,7.93,bike_error
2026-10-01T11:39:22.469,1790818761.999,83,native_wkal_ebike,native,True,-37.90866446657017,145.129286706659,False,1485.5041,1597.5788,1486.0065,1598.9793,,,,,,,,,,,,,,False,,,,,,,,,4.145,,189.2,7.93,bike_error
2026-10-01T11:39:22.469,1790818761.999,83,topo_wokal_ebike,topo,False,-37.90866446657017,145.129286706659,False,1485.5041,1597.5788,1485.5041,1597.5788,,,,,,,,,,,,,,False,,,,,,,,,4.145,,189.2,7.93,bike_error
2026-10-01T11:39:22.469,1790818761.999,83,topo_wkal_ebike,topo,True,-37.90866446657017,145.129286706659,False,1485.5041,1597.5788,1486.0065,1598.9793,,,,,,,,,,,,,,False,,,,,,,,,4.145,,189.2,7.93,bike_error
2026-10-01T11:39:22.469,1790818761.999,83,fuzzy_wokal_ebike,fuzzy,False,-37.90866446657017,145.129286706659,False,1485.5041,1597.5788,1485.5041,1597.5788,,,,,,,,,,,,,,False,,,,,,,,,4.145,,189.2,7.93,bike_error
2026-10-01T11:39:22.469,1790818761.999,83,fuzzy_wkal_ebike,fuzzy,True,-37.90866446657017,145.129286706659,False,1485.5041,1597.5788,1486.0065,1598.9793,,,,,,,,,,,,,,False,,,,,,,,,4.145,,189.2,7.93,bike_error
2026-10-01T11:39:22.469,1790818761.999,83,hmm_wokal_ebike,hmm,False,-37.90866446657017,145.129286706659,False,1485.5041,1597.5788,1485.5041,1597.5788,,,,,,,,,,,,,,False,,,,,,,,,4.145,,189.2,7.93,bike_error
2026-10-01T11:39:22.469,1790818761.999,83,hmm_wkal_ebike,hmm,True,-37.90866446657017,145.129286706659,False,1485.5041,1597.5788,1486.0065,1598.9793,,,,,,,,,,,,,,False,,,,,,,,,4.145,,189.2,7.93,bike_error
2026-10-01T11:39:22.469,1790818761.999,83,st_wokal_ebike,st,False,-37.90866446657017,145.129286706659,False,1485.5041,1597.5788,1485.5041,1597.5788,,,,,,,,,,,,,,False,,,,,,,,,4.145,,189.2,7.93,bike_error
2026-10-01T11:39:22.469,1790818761.999,83,st_wkal_ebike,st,True,-37.90866446657017,145.129286706659,False,1485.5041,1597.5788,1486.0065,1598.9793,,,,,,,,,,,,,,False,,,,,,,,,4.145,,189.2,7.93,bike_error
2026-10-01T11:39:24.575,1790818763.999,84,native_wokal_ebike,native,False,-37.908748272695966,145.1292944379854,False,1486.3705,1588.2929,1486.3705,1588.2929,,,,,,,,,,,,,,False,,,,,,,,,4.580,,173.1,7.90,bike_error
2026-10-01T11:39:24.575,1790818763.999,84,native_wkal_ebike,native,True,-37.908748272695966,145.1292944379854,False,1486.3705,1588.2929,1485.6595,1590.7717,,,,,,,,,,,,,,False,,,,,,,,,4.580,,173.1,7.90,bike_error
2026-10-01T11:39:24.575,1790818763.999,84,topo_wokal_ebike,topo,False,-37.908748272695966,145.1292944379854,False,1486.3705,1588.2929,1486.3705,1588.2929,,,,,,,,,,,,,,False,,,,,,,,,4.580,,173.1,7.90,bike_error
2026-10-01T11:39:24.575,1790818763.999,84,topo_wkal_ebike,topo,True,-37.908748272695966,145.1292944379854,False,1486.3705,1588.2929,1485.6595,1590.7717,,,,,,,,,,,,,,False,,,,,,,,,4.580,,173.1,7.90,bike_error
2026-10-01T11:39:24.575,1790818763.999,84,fuzzy_wokal_ebike,fuzzy,False,-37.908748272695966,145.1292944379854,False,1486.3705,1588.2929,1486.3705,1588.2929,,,,,,,,,,,,,,False,,,,,,,,,4.580,,173.1,7.90,bike_error
2026-10-01T11:39:24.575,1790818763.999,84,fuzzy_wkal_ebike,fuzzy,True,-37.908748272695966,145.1292944379854,False,1486.3705,1588.2929,1485.6595,1590.7717,,,,,,,,,,,,,,False,,,,,,,,,4.580,,173.1,7.90,bike_error
2026-10-01T11:39:24.575,1790818763.999,84,hmm_wokal_ebike,hmm,False,-37.908748272695966,145.1292944379854,False,1486.3705,1588.2929,1486.3705,1588.2929,,,,,,,,,,,,,,False,,,,,,,,,4.580,,173.1,7.90,bike_error
2026-10-01T11:39:24.575,1790818763.999,84,hmm_wkal_ebike,hmm,True,-37.908748272695966,145.1292944379854,False,1486.3705,1588.2929,1485.6595,1590.7717,,,,,,,,,,,,,,False,,,,,,,,,4.580,,173.1,7.90,bike_error
2026-10-01T11:39:24.575,1790818763.999,84,st_wokal_ebike,st,False,-37.908748272695966,145.1292944379854,False,1486.3705,1588.2929,1486.3705,1588.2929,,,,,,,,,,,,,,False,,,,,,,,,4.580,,173.1,7.90,bike_error
2026-10-01T11:39:24.575,1790818763.999,84,st_wkal_ebike,st,True,-37.908748272695966,145.1292944379854,False,1486.3705,1588.2929,1485.6595,1590.7717,,,,,,,,,,,,,,False,,,,,,,,,4.580,,173.1,7.90,bike_error
2026-10-01T11:39:26.678,1790818765.999,85,native_wokal_ebike,native,False,-37.90880721085128,145.12926841598428,False,1484.2139,1581.7069,1484.2139,1581.7069,,,,,,,,,,,,,,False,,,,,,,,,3.495,,191.5,7.84,bike_error
2026-10-01T11:39:26.678,1790818765.999,85,native_wkal_ebike,native,True,-37.90880721085128,145.12926841598428,False,1484.2139,1581.7069,1484.6846,1582.9562,,,,,,,,,,,,,,False,,,,,,,,,3.495,,191.5,7.84,bike_error
2026-10-01T11:39:26.678,1790818765.999,85,topo_wokal_ebike,topo,False,-37.90880721085128,145.12926841598428,False,1484.2139,1581.7069,1484.2139,1581.7069,,,,,,,,,,,,,,False,,,,,,,,,3.495,,191.5,7.84,bike_error
2026-10-01T11:39:26.678,1790818765.999,85,topo_wkal_ebike,topo,True,-37.90880721085128,145.12926841598428,False,1484.2139,1581.7069,1484.6846,1582.9562,,,,,,,,,,,,,,False,,,,,,,,,3.495,,191.5,7.84,bike_error
2026-10-01T11:39:26.678,1790818765.999,85,fuzzy_wokal_ebike,fuzzy,False,-37.90880721085128,145.12926841598428,False,1484.2139,1581.7069,1484.2139,1581.7069,,,,,,,,,,,,,,False,,,,,,,,,3.495,,191.5,7.84,bike_error
2026-10-01T11:39:26.678,1790818765.999,85,fuzzy_wkal_ebike,fuzzy,True,-37.90880721085128,145.12926841598428,False,1484.2139,1581.7069,1484.6846,1582.9562,,,,,,,,,,,,,,False,,,,,,,,,3.495,,191.5,7.84,bike_error
2026-10-01T11:39:26.678,1790818765.999,85,hmm_wokal_ebike,hmm,False,-37.90880721085128,145.12926841598428,False,1484.2139,1581.7069,1484.2139,1581.7069,,,,,,,,,,,,,,False,,,,,,,,,3.495,,191.5,7.84,bike_error
2026-10-01T11:39:26.678,1790818765.999,85,hmm_wkal_ebike,hmm,True,-37.90880721085128,145.12926841598428,False,1484.2139,1581.7069,1484.6846,1582.9562,,,,,,,,,,,,,,False,,,,,,,,,3.495,,191.5,7.84,bike_error
2026-10-01T11:39:26.678,1790818765.999,85,st_wokal_ebike,st,False,-37.90880721085128,145.12926841598428,False,1484.2139,1581.7069,1484.2139,1581.7069,,,,,,,,,,,,,,False,,,,,,,,,3.495,,191.5,7.84,bike_error
2026-10-01T11:39:26.678,1790818765.999,85,st_wkal_ebike,st,True,-37.90880721085128,145.12926841598428,False,1484.2139,1581.7069,1484.6846,1582.9562,,,,,,,,,,,,,,False,,,,,,,,,3.495,,191.5,7.84,bike_error
2026-10-01T11:39:28.880,1790818767.999,86,native_wokal_ebike,native,False,-37.90888033449502,145.12925158156293,False,1482.8967,1573.5631,1482.8967,1573.5631,,,,,,,,,,,,,,False,,,,,,,,,3.810,,188.6,8.04,bike_error
2026-10-01T11:39:28.880,1790818767.999,86,native_wkal_ebike,native,True,-37.90888033449502,145.12925158156293,False,1482.8967,1573.5631,1483.5504,1574.9325,,,,,,,,,,,,,,False,,,,,,,,,3.810,,188.6,8.04,bike_error
2026-10-01T11:39:28.880,1790818767.999,86,topo_wokal_ebike,topo,False,-37.90888033449502,145.12925158156293,False,1482.8967,1573.5631,1482.8967,1573.5631,,,,,,,,,,,,,,False,,,,,,,,,3.810,,188.6,8.04,bike_error
2026-10-01T11:39:28.880,1790818767.999,86,topo_wkal_ebike,topo,True,-37.90888033449502,145.12925158156293,False,1482.8967,1573.5631,1483.5504,1574.9325,,,,,,,,,,,,,,False,,,,,,,,,3.810,,188.6,8.04,bike_error
2026-10-01T11:39:28.880,1790818767.999,86,fuzzy_wokal_ebike,fuzzy,False,-37.90888033449502,145.12925158156293,False,1482.8967,1573.5631,1482.8967,1573.5631,,,,,,,,,,,,,,False,,,,,,,,,3.810,,188.6,8.04,bike_error
2026-10-01T11:39:28.880,1790818767.999,86,fuzzy_wkal_ebike,fuzzy,True,-37.90888033449502,145.12925158156293,False,1482.8967,1573.5631,1483.5504,1574.9325,,,,,,,,,,,,,,False,,,,,,,,,3.810,,188.6,8.04,bike_error
2026-10-01T11:39:28.880,1790818767.999,86,hmm_wokal_ebike,hmm,False,-37.90888033449502,145.12925158156293,False,1482.8967,1573.5631,1482.8967,1573.5631,,,,,,,,,,,,,,False,,,,,,,,,3.810,,188.6,8.04,bike_error
2026-10-01T11:39:28.880,1790818767.999,86,hmm_wkal_ebike,hmm,True,-37.90888033449502,145.12925158156293,False,1482.8967,1573.5631,1483.5504,1574.9325,,,,,,,,,,,,,,False,,,,,,,,,3.810,,188.6,8.04,bike_error
2026-10-01T11:39:28.880,1790818767.999,86,st_wokal_ebike,st,False,-37.90888033449502,145.12925158156293,False,1482.8967,1573.5631,1482.8967,1573.5631,,,,,,,,,,,,,,False,,,,,,,,,3.810,,188.6,8.04,bike_error
2026-10-01T11:39:28.880,1790818767.999,86,st_wkal_ebike,st,True,-37.90888033449502,145.12925158156293,False,1482.8967,1573.5631,1483.5504,1574.9325,,,,,,,,,,,,,,False,,,,,,,,,3.810,,188.6,8.04,bike_error
2026-10-01T11:39:30.955,1790818769.999,87,native_wokal_ebike,native,False,-37.90894233033542,145.12923587893619,False,1481.6542,1566.6560,1481.6542,1566.6560,,,,,,,,,,,,,,False,,,,,,,,,3.441,,192.5,8.13,bike_error
2026-10-01T11:39:30.955,1790818769.999,87,native_wkal_ebike,native,True,-37.90894233033542,145.12923587893619,False,1481.6542,1566.6560,1482.3212,1567.2035,,,,,,,,,,,,,,False,,,,,,,,,3.441,,192.5,8.13,bike_error
2026-10-01T11:39:30.955,1790818769.999,87,topo_wokal_ebike,topo,False,-37.90894233033542,145.12923587893619,False,1481.6542,1566.6560,1481.6542,1566.6560,,,,,,,,,,,,,,False,,,,,,,,,3.441,,192.5,8.13,bike_error
2026-10-01T11:39:30.955,1790818769.999,87,topo_wkal_ebike,topo,True,-37.90894233033542,145.12923587893619,False,1481.6542,1566.6560,1482.3212,1567.2035,,,,,,,,,,,,,,False,,,,,,,,,3.441,,192.5,8.13,bike_error
2026-10-01T11:39:30.955,1790818769.999,87,fuzzy_wokal_ebike,fuzzy,False,-37.90894233033542,145.12923587893619,False,1481.6542,1566.6560,1481.6542,1566.6560,,,,,,,,,,,,,,False,,,,,,,,,3.441,,192.5,8.13,bike_error
2026-10-01T11:39:30.955,1790818769.999,87,fuzzy_wkal_ebike,fuzzy,True,-37.90894233033542,145.12923587893619,False,1481.6542,1566.6560,1482.3212,1567.2035,,,,,,,,,,,,,,False,,,,,,,,,3.441,,192.5,8.13,bike_error
2026-10-01T11:39:30.955,1790818769.999,87,hmm_wokal_ebike,hmm,False,-37.90894233033542,145.12923587893619,False,1481.6542,1566.6560,1481.6542,1566.6560,,,,,,,,,,,,,,False,,,,,,,,,3.441,,192.5,8.13,bike_error
2026-10-01T11:39:30.955,1790818769.999,87,hmm_wkal_ebike,hmm,True,-37.90894233033542,145.12923587893619,False,1481.6542,1566.6560,1482.3212,1567.2035,,,,,,,,,,,,,,False,,,,,,,,,3.441,,192.5,8.13,bike_error
2026-10-01T11:39:30.955,1790818769.999,87,st_wokal_ebike,st,False,-37.90894233033542,145.12923587893619,False,1481.6542,1566.6560,1481.6542,1566.6560,,,,,,,,,,,,,,False,,,,,,,,,3.441,,192.5,8.13,bike_error
2026-10-01T11:39:30.955,1790818769.999,87,st_wkal_ebike,st,True,-37.90894233033542,145.12923587893619,False,1481.6542,1566.6560,1482.3212,1567.2035,,,,,,,,,,,,,,False,,,,,,,,,3.441,,192.5,8.13,bike_error
2026-10-01T11:39:33.042,1790818772.999,88,native_wokal_ebike,native,False,-37.9090302066793,145.12921154849647,False,1479.7108,1556.8619,1479.7108,1556.8619,,,,,,,,,,,,,,False,,,,,,,,,3.303,,189.7,8.21,bike_error
2026-10-01T11:39:33.042,1790818772.999,88,native_wkal_ebike,native,True,-37.9090302066793,145.12921154849647,False,1479.7108,1556.8619,1480.4108,1556.3495,,,,,,,,,,,,,,False,,,,,,,,,3.303,,189.7,8.21,bike_error
2026-10-01T11:39:33.042,1790818772.999,88,topo_wokal_ebike,topo,False,-37.9090302066793,145.12921154849647,False,1479.7108,1556.8619,1479.7108,1556.8619,,,,,,,,,,,,,,False,,,,,,,,,3.303,,189.7,8.21,bike_error
2026-10-01T11:39:33.042,1790818772.999,88,topo_wkal_ebike,topo,True,-37.9090302066793,145.12921154849647,False,1479.7108,1556.8619,1480.4108,1556.3495,,,,,,,,,,,,,,False,,,,,,,,,3.303,,189.7,8.21,bike_error
2026-10-01T11:39:33.042,1790818772.999,88,fuzzy_wokal_ebike,fuzzy,False,-37.9090302066793,145.12921154849647,False,1479.7108,1556.8619,1479.7108,1556.8619,,,,,,,,,,,,,,False,,,,,,,,,3.303,,189.7,8.21,bike_error
2026-10-01T11:39:33.042,1790818772.999,88,fuzzy_wkal_ebike,fuzzy,True,-37.9090302066793,145.12921154849647,False,1479.7108,1556.8619,1480.4108,1556.3495,,,,,,,,,,,,,,False,,,,,,,,,3.303,,189.7,8.21,bike_error
2026-10-01T11:39:33.042,1790818772.999,88,hmm_wokal_ebike,hmm,False,-37.9090302066793,145.12921154849647,False,1479.7108,1556.8619,1479.7108,1556.8619,,,,,,,,,,,,,,False,,,,,,,,,3.303,,189.7,8.21,bike_error
2026-10-01T11:39:33.042,1790818772.999,88,hmm_wkal_ebike,hmm,True,-37.9090302066793,145.12921154849647,False,1479.7108,1556.8619,1480.4108,1556.3495,,,,,,,,,,,,,,False,,,,,,,,,3.303,,189.7,8.21,bike_error
2026-10-01T11:39:33.042,1790818772.999,88,st_wokal_ebike,st,False,-37.9090302066793,145.12921154849647,False,1479.7108,1556.8619,1479.7108,1556.8619,,,,,,,,,,,,,,False,,,,,,,,,3.303,,189.7,8.21,bike_error
2026-10-01T11:39:33.042,1790818772.999,88,st_wkal_ebike,st,True,-37.9090302066793,145.12921154849647,False,1479.7108,1556.8619,1480.4108,1556.3495,,,,,,,,,,,,,,False,,,,,,,,,3.303,,189.7,8.21,bike_error
2026-10-01T11:39:35.098,1790818774.999,89,native_wokal_ebike,native,False,-37.90908334803697,145.1292048622311,False,1479.2413,1550.9532,1479.2413,1550.9532,,,,,,,,,,,,,,False,,,,,,,,,2.845,,187.3,8.22,bike_error
2026-10-01T11:39:35.098,1790818774.999,89,native_wkal_ebike,native,True,-37.90908334803697,145.1292048622311,False,1479.2413,1550.9532,1479.3138,1549.7481,,,,,,,,,,,,,,False,,,,,,,,,2.845,,187.3,8.22,bike_error
2026-10-01T11:39:35.098,1790818774.999,89,topo_wokal_ebike,topo,False,-37.90908334803697,145.1292048622311,False,1479.2413,1550.9532,1479.2413,1550.9532,,,,,,,,,,,,,,False,,,,,,,,,2.845,,187.3,8.22,bike_error
2026-10-01T11:39:35.098,1790818774.999,89,topo_wkal_ebike,topo,True,-37.90908334803697,145.1292048622311,False,1479.2413,1550.9532,1479.3138,1549.7481,,,,,,,,,,,,,,False,,,,,,,,,2.845,,187.3,8.22,bike_error
2026-10-01T11:39:35.098,1790818774.999,89,fuzzy_wokal_ebike,fuzzy,False,-37.90908334803697,145.1292048622311,False,1479.2413,1550.9532,1479.2413,1550.9532,,,,,,,,,,,,,,False,,,,,,,,,2.845,,187.3,8.22,bike_error
2026-10-01T11:39:35.098,1790818774.999,89,fuzzy_wkal_ebike,fuzzy,True,-37.90908334803697,145.1292048622311,False,1479.2413,1550.9532,1479.3138,1549.7481,,,,,,,,,,,,,,False,,,,,,,,,2.845,,187.3,8.22,bike_error
2026-10-01T11:39:35.098,1790818774.999,89,hmm_wokal_ebike,hmm,False,-37.90908334803697,145.1292048622311,False,1479.2413,1550.9532,1479.2413,1550.9532,,,,,,,,,,,,,,False,,,,,,,,,2.845,,187.3,8.22,bike_error
2026-10-01T11:39:35.098,1790818774.999,89,hmm_wkal_ebike,hmm,True,-37.90908334803697,145.1292048622311,False,1479.2413,1550.9532,1479.3138,1549.7481,,,,,,,,,,,,,,False,,,,,,,,,2.845,,187.3,8.22,bike_error
2026-10-01T11:39:35.098,1790818774.999,89,st_wokal_ebike,st,False,-37.90908334803697,145.1292048622311,False,1479.2413,1550.9532,1479.2413,1550.9532,,,,,,,,,,,,,,False,,,,,,,,,2.845,,187.3,8.22,bike_error
2026-10-01T11:39:35.098,1790818774.999,89,st_wkal_ebike,st,True,-37.90908334803697,145.1292048622311,False,1479.2413,1550.9532,1479.3138,1549.7481,,,,,,,,,,,,,,False,,,,,,,,,2.845,,187.3,8.22,bike_error
2026-10-01T11:39:37.276,1790818776.999,90,native_wokal_ebike,native,False,-37.90915269137666,145.12919555480042,False,1478.5775,1543.2421,1478.5775,1543.2421,,,,,,,,,,,,,,False,,,,,,,,,3.675,,186.8,8.12,bike_error
2026-10-01T11:39:37.276,1790818776.999,90,native_wkal_ebike,native,True,-37.90915269137666,145.12919555480042,False,1478.5775,1543.2421,1478.3805,1542.8061,,,,,,,,,,,,,,False,,,,,,,,,3.675,,186.8,8.12,bike_error
2026-10-01T11:39:37.276,1790818776.999,90,topo_wokal_ebike,topo,False,-37.90915269137666,145.12919555480042,False,1478.5775,1543.2421,1478.5775,1543.2421,,,,,,,,,,,,,,False,,,,,,,,,3.675,,186.8,8.12,bike_error
2026-10-01T11:39:37.276,1790818776.999,90,topo_wkal_ebike,topo,True,-37.90915269137666,145.12919555480042,False,1478.5775,1543.2421,1478.3805,1542.8061,,,,,,,,,,,,,,False,,,,,,,,,3.675,,186.8,8.12,bike_error
2026-10-01T11:39:37.276,1790818776.999,90,fuzzy_wokal_ebike,fuzzy,False,-37.90915269137666,145.12919555480042,False,1478.5775,1543.2421,1478.5775,1543.2421,,,,,,,,,,,,,,False,,,,,,,,,3.675,,186.8,8.12,bike_error
2026-10-01T11:39:37.276,1790818776.999,90,fuzzy_wkal_ebike,fuzzy,True,-37.90915269137666,145.12919555480042,False,1478.5775,1543.2421,1478.3805,1542.8061,,,,,,,,,,,,,,False,,,,,,,,,3.675,,186.8,8.12,bike_error
2026-10-01T11:39:37.276,1790818776.999,90,hmm_wokal_ebike,hmm,False,-37.90915269137666,145.12919555480042,False,1478.5775,1543.2421,1478.5775,1543.2421,,,,,,,,,,,,,,False,,,,,,,,,3.675,,186.8,8.12,bike_error
2026-10-01T11:39:37.276,1790818776.999,90,hmm_wkal_ebike,hmm,True,-37.90915269137666,145.12919555480042,False,1478.5775,1543.2421,1478.3805,1542.8061,,,,,,,,,,,,,,False,,,,,,,,,3.675,,186.8,8.12,bike_error
2026-10-01T11:39:37.276,1790818776.999,90,st_wokal_ebike,st,False,-37.90915269137666,145.12919555480042,False,1478.5775,1543.2421,1478.5775,1543.2421,,,,,,,,,,,,,,False,,,,,,,,,3.675,,186.8,8.12,bike_error
2026-10-01T11:39:37.276,1790818776.999,90,st_wkal_ebike,st,True,-37.90915269137666,145.12919555480042,False,1478.5775,1543.2421,1478.3805,1542.8061,,,,,,,,,,,,,,False,,,,,,,,,3.675,,186.8,8.12,bike_error
2026-10-01T11:39:39.399,1790818778.999,91,native_wokal_ebike,native,False,-37.90921095126299,145.1291795253896,False,1477.2980,1536.7490,1477.2980,1536.7490,,,,,,,,,,,,,,False,,,,,,,,,3.350,,192.0,8.41,bike_error
2026-10-01T11:39:39.399,1790818778.999,91,native_wkal_ebike,native,True,-37.90921095126299,145.1291795253896,False,1477.2980,1536.7490,1477.3305,1536.0492,,,,,,,,,,,,,,False,,,,,,,,,3.350,,192.0,8.41,bike_error
2026-10-01T11:39:39.399,1790818778.999,91,topo_wokal_ebike,topo,False,-37.90921095126299,145.1291795253896,False,1477.2980,1536.7490,1477.2980,1536.7490,,,,,,,,,,,,,,False,,,,,,,,,3.350,,192.0,8.41,bike_error
2026-10-01T11:39:39.399,1790818778.999,91,topo_wkal_ebike,topo,True,-37.90921095126299,145.1291795253896,False,1477.2980,1536.7490,1477.3305,1536.0492,,,,,,,,,,,,,,False,,,,,,,,,3.350,,192.0,8.41,bike_error
2026-10-01T11:39:39.399,1790818778.999,91,fuzzy_wokal_ebike,fuzzy,False,-37.90921095126299,145.1291795253896,False,1477.2980,1536.7490,1477.2980,1536.7490,,,,,,,,,,,,,,False,,,,,,,,,3.350,,192.0,8.41,bike_error
2026-10-01T11:39:39.399,1790818778.999,91,fuzzy_wkal_ebike,fuzzy,True,-37.90921095126299,145.1291795253896,False,1477.2980,1536.7490,1477.3305,1536.0492,,,,,,,,,,,,,,False,,,,,,,,,3.350,,192.0,8.41,bike_error
2026-10-01T11:39:39.399,1790818778.999,91,hmm_wokal_ebike,hmm,False,-37.90921095126299,145.1291795253896,False,1477.2980,1536.7490,1477.2980,1536.7490,,,,,,,,,,,,,,False,,,,,,,,,3.350,,192.0,8.41,bike_error
2026-10-01T11:39:39.399,1790818778.999,91,hmm_wkal_ebike,hmm,True,-37.90921095126299,145.1291795253896,False,1477.2980,1536.7490,1477.3305,1536.0492,,,,,,,,,,,,,,False,,,,,,,,,3.350,,192.0,8.41,bike_error
2026-10-01T11:39:39.399,1790818778.999,91,st_wokal_ebike,st,False,-37.90921095126299,145.1291795253896,False,1477.2980,1536.7490,1477.2980,1536.7490,,,,,,,,,,,,,,False,,,,,,,,,3.350,,192.0,8.41,bike_error
2026-10-01T11:39:39.399,1790818778.999,91,st_wkal_ebike,st,True,-37.90921095126299,145.1291795253896,False,1477.2980,1536.7490,1477.3305,1536.0492,,,,,,,,,,,,,,False,,,,,,,,,3.350,,192.0,8.41,bike_error
2026-10-01T11:39:41.469,1790818780.998,92,native_wokal_ebike,native,False,-37.90926720746573,145.12916827569526,False,1476.4342,1530.4867,1476.4342,1530.4867,,,,,,,,,,,,,,False,,,,,,,,,2.974,,188.9,8.27,bike_error
2026-10-01T11:39:41.469,1790818780.998,92,native_wkal_ebike,native,True,-37.90926720746573,145.12916827569526,False,1476.4342,1530.4867,1476.3474,1529.5469,,,,,,,,,,,,,,False,,,,,,,,,2.974,,188.9,8.27,bike_error
2026-10-01T11:39:41.469,1790818780.998,92,topo_wokal_ebike,topo,False,-37.90926720746573,145.12916827569526,False,1476.4342,1530.4867,1476.4342,1530.4867,,,,,,,,,,,,,,False,,,,,,,,,2.974,,188.9,8.27,bike_error
2026-10-01T11:39:41.469,1790818780.998,92,topo_wkal_ebike,topo,True,-37.90926720746573,145.12916827569526,False,1476.4342,1530.4867,1476.3474,1529.5469,,,,,,,,,,,,,,False,,,,,,,,,2.974,,188.9,8.27,bike_error
2026-10-01T11:39:41.469,1790818780.998,92,fuzzy_wokal_ebike,fuzzy,False,-37.90926720746573,145.12916827569526,False,1476.4342,1530.4867,1476.4342,1530.4867,,,,,,,,,,,,,,False,,,,,,,,,2.974,,188.9,8.27,bike_error
2026-10-01T11:39:41.469,1790818780.998,92,fuzzy_wkal_ebike,fuzzy,True,-37.90926720746573,145.12916827569526,False,1476.4342,1530.4867,1476.3474,1529.5469,,,,,,,,,,,,,,False,,,,,,,,,2.974,,188.9,8.27,bike_error
2026-10-01T11:39:41.469,1790818780.998,92,hmm_wokal_ebike,hmm,False,-37.90926720746573,145.12916827569526,False,1476.4342,1530.4867,1476.4342,1530.4867,,,,,,,,,,,,,,False,,,,,,,,,2.974,,188.9,8.27,bike_error
2026-10-01T11:39:41.469,1790818780.998,92,hmm_wkal_ebike,hmm,True,-37.90926720746573,145.12916827569526,False,1476.4342,1530.4867,1476.3474,1529.5469,,,,,,,,,,,,,,False,,,,,,,,,2.974,,188.9,8.27,bike_error
2026-10-01T11:39:41.469,1790818780.998,92,st_wokal_ebike,st,False,-37.90926720746573,145.12916827569526,False,1476.4342,1530.4867,1476.4342,1530.4867,,,,,,,,,,,,,,False,,,,,,,,,2.974,,188.9,8.27,bike_error
2026-10-01T11:39:41.469,1790818780.998,92,st_wkal_ebike,st,True,-37.90926720746573,145.12916827569526,False,1476.4342,1530.4867,1476.3474,1529.5469,,,,,,,,,,,,,,False,,,,,,,,,2.974,,188.9,8.27,bike_error
2026-10-01T11:39:43.554,1790818782.998,93,native_wokal_ebike,native,False,-37.90932884452677,145.12917266437344,False,1476.9573,1523.6549,1476.9573,1523.6549,,,,,,,,,,,,,,False,,,,,,,,,3.270,,179.7,8.18,bike_error
2026-10-01T11:39:43.554,1790818782.998,93,native_wkal_ebike,native,True,-37.90932884452677,145.12917266437344,False,1476.9573,1523.6549,1475.9407,1523.0030,,,,,,,,,,,,,,False,,,,,,,,,3.270,,179.7,8.18,bike_error
2026-10-01T11:39:43.554,1790818782.998,93,topo_wokal_ebike,topo,False,-37.90932884452677,145.12917266437344,False,1476.9573,1523.6549,1476.9573,1523.6549,,,,,,,,,,,,,,False,,,,,,,,,3.270,,179.7,8.18,bike_error
2026-10-01T11:39:43.554,1790818782.998,93,topo_wkal_ebike,topo,True,-37.90932884452677,145.12917266437344,False,1476.9573,1523.6549,1475.9407,1523.0030,,,,,,,,,,,,,,False,,,,,,,,,3.270,,179.7,8.18,bike_error
2026-10-01T11:39:43.554,1790818782.998,93,fuzzy_wokal_ebike,fuzzy,False,-37.90932884452677,145.12917266437344,False,1476.9573,1523.6549,1476.9573,1523.6549,,,,,,,,,,,,,,False,,,,,,,,,3.270,,179.7,8.18,bike_error
2026-10-01T11:39:43.554,1790818782.998,93,fuzzy_wkal_ebike,fuzzy,True,-37.90932884452677,145.12917266437344,False,1476.9573,1523.6549,1475.9407,1523.0030,,,,,,,,,,,,,,False,,,,,,,,,3.270,,179.7,8.18,bike_error
2026-10-01T11:39:43.554,1790818782.998,93,hmm_wokal_ebike,hmm,False,-37.90932884452677,145.12917266437344,False,1476.9573,1523.6549,1476.9573,1523.6549,,,,,,,,,,,,,,False,,,,,,,,,3.270,,179.7,8.18,bike_error
2026-10-01T11:39:43.554,1790818782.998,93,hmm_wkal_ebike,hmm,True,-37.90932884452677,145.12917266437344,False,1476.9573,1523.6549,1475.9407,1523.0030,,,,,,,,,,,,,,False,,,,,,,,,3.270,,179.7,8.18,bike_error
2026-10-01T11:39:43.554,1790818782.998,93,st_wokal_ebike,st,False,-37.90932884452677,145.12917266437344,False,1476.9573,1523.6549,1476.9573,1523.6549,,,,,,,,,,,,,,False,,,,,,,,,3.270,,179.7,8.18,bike_error
2026-10-01T11:39:43.554,1790818782.998,93,st_wkal_ebike,st,True,-37.90932884452677,145.12917266437344,False,1476.9573,1523.6549,1475.9407,1523.0030,,,,,,,,,,,,,,False,,,,,,,,,3.270,,179.7,8.18,bike_error
2026-10-01T11:39:45.640,1790818784.998,94,native_wokal_ebike,native,False,-37.90940333628413,145.12915692763508,False,1475.7397,1515.3612,1475.7397,1515.3612,,,,,,,,,,,,,,False,,,,,,,,,3.657,,186.5,8.18,bike_error
2026-10-01T11:39:45.640,1790818784.998,94,native_wkal_ebike,native,True,-37.90940333628413,145.12915692763508,False,1475.7397,1515.3612,1475.3141,1515.8567,,,,,,,,,,,,,,False,,,,,,,,,3.657,,186.5,8.18,bike_error
2026-10-01T11:39:45.640,1790818784.998,94,topo_wokal_ebike,topo,False,-37.90940333628413,145.12915692763508,False,1475.7397,1515.3612,1475.7397,1515.3612,,,,,,,,,,,,,,False,,,,,,,,,3.657,,186.5,8.18,bike_error
2026-10-01T11:39:45.640,1790818784.998,94,topo_wkal_ebike,topo,True,-37.90940333628413,145.12915692763508,False,1475.7397,1515.3612,1475.3141,1515.8567,,,,,,,,,,,,,,False,,,,,,,,,3.657,,186.5,8.18,bike_error
2026-10-01T11:39:45.640,1790818784.998,94,fuzzy_wokal_ebike,fuzzy,False,-37.90940333628413,145.12915692763508,False,1475.7397,1515.3612,1475.7397,1515.3612,,,,,,,,,,,,,,False,,,,,,,,,3.657,,186.5,8.18,bike_error
2026-10-01T11:39:45.640,1790818784.998,94,fuzzy_wkal_ebike,fuzzy,True,-37.90940333628413,145.12915692763508,False,1475.7397,1515.3612,1475.3141,1515.8567,,,,,,,,,,,,,,False,,,,,,,,,3.657,,186.5,8.18,bike_error
2026-10-01T11:39:45.640,1790818784.998,94,hmm_wokal_ebike,hmm,False,-37.90940333628413,145.12915692763508,False,1475.7397,1515.3612,1475.7397,1515.3612,,,,,,,,,,,,,,False,,,,,,,,,3.657,,186.5,8.18,bike_error
2026-10-01T11:39:45.640,1790818784.998,94,hmm_wkal_ebike,hmm,True,-37.90940333628413,145.12915692763508,False,1475.7397,1515.3612,1475.3141,1515.8567,,,,,,,,,,,,,,False,,,,,,,,,3.657,,186.5,8.18,bike_error
2026-10-01T11:39:45.640,1790818784.998,94,st_wokal_ebike,st,False,-37.90940333628413,145.12915692763508,False,1475.7397,1515.3612,1475.7397,1515.3612,,,,,,,,,,,,,,False,,,,,,,,,3.657,,186.5,8.18,bike_error
2026-10-01T11:39:45.640,1790818784.998,94,st_wkal_ebike,st,True,-37.90940333628413,145.12915692763508,False,1475.7397,1515.3612,1475.3141,1515.8567,,,,,,,,,,,,,,False,,,,,,,,,3.657,,186.5,8.18,bike_error
2026-10-01T11:39:47.748,1790818786.998,95,native_wokal_ebike,native,False,-37.90946679719917,145.129139259905,False,1474.3277,1508.2881,1474.3277,1508.2881,,,,,,,,,,,,,,False,,,,,,,,,3.550,,185.2,8.38,bike_error
2026-10-01T11:39:47.748,1790818786.998,95,native_wkal_ebike,native,True,-37.90946679719917,145.129139259905,False,1474.3277,1508.2881,1474.4317,1508.7029,,,,,,,,,,,,,,False,,,,,,,,,3.550,,185.2,8.38,bike_error
2026-10-01T11:39:47.748,1790818786.998,95,topo_wokal_ebike,topo,False,-37.90946679719917,145.129139259905,False,1474.3277,1508.2881,1474.3277,1508.2881,,,,,,,,,,,,,,False,,,,,,,,,3.550,,185.2,8.38,bike_error
2026-10-01T11:39:47.748,1790818786.998,95,topo_wkal_ebike,topo,True,-37.90946679719917,145.129139259905,False,1474.3277,1508.2881,1474.4317,1508.7029,,,,,,,,,,,,,,False,,,,,,,,,3.550,,185.2,8.38,bike_error
2026-10-01T11:39:47.748,1790818786.998,95,fuzzy_wokal_ebike,fuzzy,False,-37.90946679719917,145.129139259905,False,1474.3277,1508.2881,1474.3277,1508.2881,,,,,,,,,,,,,,False,,,,,,,,,3.550,,185.2,8.38,bike_error
2026-10-01T11:39:47.748,1790818786.998,95,fuzzy_wkal_ebike,fuzzy,True,-37.90946679719917,145.129139259905,False,1474.3277,1508.2881,1474.4317,1508.7029,,,,,,,,,,,,,,False,,,,,,,,,3.550,,185.2,8.38,bike_error
2026-10-01T11:39:47.748,1790818786.998,95,hmm_wokal_ebike,hmm,False,-37.90946679719917,145.129139259905,False,1474.3277,1508.2881,1474.3277,1508.2881,,,,,,,,,,,,,,False,,,,,,,,,3.550,,185.2,8.38,bike_error
2026-10-01T11:39:47.748,1790818786.998,95,hmm_wkal_ebike,hmm,True,-37.90946679719917,145.129139259905,False,1474.3277,1508.2881,1474.4317,1508.7029,,,,,,,,,,,,,,False,,,,,,,,,3.550,,185.2,8.38,bike_error
2026-10-01T11:39:47.748,1790818786.998,95,st_wokal_ebike,st,False,-37.90946679719917,145.129139259905,False,1474.3277,1508.2881,1474.3277,1508.2881,,,,,,,,,,,,,,False,,,,,,,,,3.550,,185.2,8.38,bike_error
2026-10-01T11:39:47.748,1790818786.998,95,st_wkal_ebike,st,True,-37.90946679719917,145.129139259905,False,1474.3277,1508.2881,1474.4317,1508.7029,,,,,,,,,,,,,,False,,,,,,,,,3.550,,185.2,8.38,bike_error
2026-10-01T11:39:49.834,1790818788.998,96,native_wokal_ebike,native,False,-37.90953197299301,145.12913278390513,False,1473.9035,1501.0444,1473.9035,1501.0444,,,,,,,,,,,,,,False,,,,,,,,,3.550,,184.1,8.66,bike_error
2026-10-01T11:39:49.834,1790818788.998,96,native_wkal_ebike,native,True,-37.90953197299301,145.12913278390513,False,1473.9035,1501.0444,1473.7032,1501.4896,,,,,,,,,,,,,,False,,,,,,,,,3.550,,184.1,8.66,bike_error
2026-10-01T11:39:49.834,1790818788.998,96,topo_wokal_ebike,topo,False,-37.90953197299301,145.12913278390513,False,1473.9035,1501.0444,1473.9035,1501.0444,,,,,,,,,,,,,,False,,,,,,,,,3.550,,184.1,8.66,bike_error
2026-10-01T11:39:49.834,1790818788.998,96,topo_wkal_ebike,topo,True,-37.90953197299301,145.12913278390513,False,1473.9035,1501.0444,1473.7032,1501.4896,,,,,,,,,,,,,,False,,,,,,,,,3.550,,184.1,8.66,bike_error
2026-10-01T11:39:49.834,1790818788.998,96,fuzzy_wokal_ebike,fuzzy,False,-37.90953197299301,145.12913278390513,False,1473.9035,1501.0444,1473.9035,1501.0444,,,,,,,,,,,,,,False,,,,,,,,,3.550,,184.1,8.66,bike_error
2026-10-01T11:39:49.834,1790818788.998,96,fuzzy_wkal_ebike,fuzzy,True,-37.90953197299301,145.12913278390513,False,1473.9035,1501.0444,1473.7032,1501.4896,,,,,,,,,,,,,,False,,,,,,,,,3.550,,184.1,8.66,bike_error
2026-10-01T11:39:49.834,1790818788.998,96,hmm_wokal_ebike,hmm,False,-37.90953197299301,145.12913278390513,False,1473.9035,1501.0444,1473.9035,1501.0444,,,,,,,,,,,,,,False,,,,,,,,,3.550,,184.1,8.66,bike_error
2026-10-01T11:39:49.834,1790818788.998,96,hmm_wkal_ebike,hmm,True,-37.90953197299301,145.12913278390513,False,1473.9035,1501.0444,1473.7032,1501.4896,,,,,,,,,,,,,,False,,,,,,,,,3.550,,184.1,8.66,bike_error
2026-10-01T11:39:49.834,1790818788.998,96,st_wokal_ebike,st,False,-37.90953197299301,145.12913278390513,False,1473.9035,1501.0444,1473.9035,1501.0444,,,,,,,,,,,,,,False,,,,,,,,,3.550,,184.1,8.66,bike_error
2026-10-01T11:39:49.834,1790818788.998,96,st_wkal_ebike,st,True,-37.90953197299301,145.12913278390513,False,1473.9035,1501.0444,1473.7032,1501.4896,,,,,,,,,,,,,,False,,,,,,,,,3.550,,184.1,8.66,bike_error
2026-10-01T11:39:51.951,1790818790.998,97,native_wokal_ebike,native,False,-37.90961064216146,145.12911998104482,False,1472.9531,1492.2923,1472.9531,1492.2923,,,,,,,,,,,,,,False,,,,,,,,,3.977,,188.0,8.61,bike_error
2026-10-01T11:39:51.951,1790818790.998,97,native_wkal_ebike,native,True,-37.90961064216146,145.12911998104482,False,1472.9531,1492.2923,1472.9137,1493.6775,,,,,,,,,,,,,,False,,,,,,,,,3.977,,188.0,8.61,bike_error
2026-10-01T11:39:51.951,1790818790.998,97,topo_wokal_ebike,topo,False,-37.90961064216146,145.12911998104482,False,1472.9531,1492.2923,1472.9531,1492.2923,,,,,,,,,,,,,,False,,,,,,,,,3.977,,188.0,8.61,bike_error
2026-10-01T11:39:51.951,1790818790.998,97,topo_wkal_ebike,topo,True,-37.90961064216146,145.12911998104482,False,1472.9531,1492.2923,1472.9137,1493.6775,,,,,,,,,,,,,,False,,,,,,,,,3.977,,188.0,8.61,bike_error
2026-10-01T11:39:51.951,1790818790.998,97,fuzzy_wokal_ebike,fuzzy,False,-37.90961064216146,145.12911998104482,False,1472.9531,1492.2923,1472.9531,1492.2923,,,,,,,,,,,,,,False,,,,,,,,,3.977,,188.0,8.61,bike_error
2026-10-01T11:39:51.951,1790818790.998,97,fuzzy_wkal_ebike,fuzzy,True,-37.90961064216146,145.12911998104482,False,1472.9531,1492.2923,1472.9137,1493.6775,,,,,,,,,,,,,,False,,,,,,,,,3.977,,188.0,8.61,bike_error
2026-10-01T11:39:51.951,1790818790.998,97,hmm_wokal_ebike,hmm,False,-37.90961064216146,145.12911998104482,False,1472.9531,1492.2923,1472.9531,1492.2923,,,,,,,,,,,,,,False,,,,,,,,,3.977,,188.0,8.61,bike_error
2026-10-01T11:39:51.951,1790818790.998,97,hmm_wkal_ebike,hmm,True,-37.90961064216146,145.12911998104482,False,1472.9531,1492.2923,1472.9137,1493.6775,,,,,,,,,,,,,,False,,,,,,,,,3.977,,188.0,8.61,bike_error
2026-10-01T11:39:51.951,1790818790.998,97,st_wokal_ebike,st,False,-37.90961064216146,145.12911998104482,False,1472.9531,1492.2923,1472.9531,1492.2923,,,,,,,,,,,,,,False,,,,,,,,,3.977,,188.0,8.61,bike_error
2026-10-01T11:39:51.951,1790818790.998,97,st_wkal_ebike,st,True,-37.90961064216146,145.12911998104482,False,1472.9531,1492.2923,1472.9137,1493.6775,,,,,,,,,,,,,,False,,,,,,,,,3.977,,188.0,8.61,bike_error
2026-10-01T11:39:54.041,1790818793.998,98,native_wokal_ebike,native,False,-37.90972025059425,145.12909217967106,False,1470.7530,1480.0805,1470.7530,1480.0805,,,,,,,,,,,,,,False,,,,,,,,,3.887,,189.5,8.43,bike_error
2026-10-01T11:39:54.041,1790818793.998,98,native_wkal_ebike,native,True,-37.90972025059425,145.12909217967106,False,1470.7530,1480.0805,1471.2968,1481.6738,,,,,,,,,,,,,,False,,,,,,,,,3.887,,189.5,8.43,bike_error
2026-10-01T11:39:54.041,1790818793.998,98,topo_wokal_ebike,topo,False,-37.90972025059425,145.12909217967106,False,1470.7530,1480.0805,1470.7530,1480.0805,,,,,,,,,,,,,,False,,,,,,,,,3.887,,189.5,8.43,bike_error
2026-10-01T11:39:54.041,1790818793.998,98,topo_wkal_ebike,topo,True,-37.90972025059425,145.12909217967106,False,1470.7530,1480.0805,1471.2968,1481.6738,,,,,,,,,,,,,,False,,,,,,,,,3.887,,189.5,8.43,bike_error
2026-10-01T11:39:54.041,1790818793.998,98,fuzzy_wokal_ebike,fuzzy,False,-37.90972025059425,145.12909217967106,False,1470.7530,1480.0805,1470.7530,1480.0805,,,,,,,,,,,,,,False,,,,,,,,,3.887,,189.5,8.43,bike_error
2026-10-01T11:39:54.041,1790818793.998,98,fuzzy_wkal_ebike,fuzzy,True,-37.90972025059425,145.12909217967106,False,1470.7530,1480.0805,1471.2968,1481.6738,,,,,,,,,,,,,,False,,,,,,,,,3.887,,189.5,8.43,bike_error
2026-10-01T11:39:54.041,1790818793.998,98,hmm_wokal_ebike,hmm,False,-37.90972025059425,145.12909217967106,False,1470.7530,1480.0805,1470.7530,1480.0805,,,,,,,,,,,,,,False,,,,,,,,,3.887,,189.5,8.43,bike_error
2026-10-01T11:39:54.041,1790818793.998,98,hmm_wkal_ebike,hmm,True,-37.90972025059425,145.12909217967106,False,1470.7530,1480.0805,1471.2968,1481.6738,,,,,,,,,,,,,,False,,,,,,,,,3.887,,189.5,8.43,bike_error
2026-10-01T11:39:54.041,1790818793.998,98,st_wokal_ebike,st,False,-37.90972025059425,145.12909217967106,False,1470.7530,1480.0805,1470.7530,1480.0805,,,,,,,,,,,,,,False,,,,,,,,,3.887,,189.5,8.43,bike_error
2026-10-01T11:39:54.041,1790818793.998,98,st_wkal_ebike,st,True,-37.90972025059425,145.12909217967106,False,1470.7530,1480.0805,1471.2968,1481.6738,,,,,,,,,,,,,,False,,,,,,,,,3.887,,189.5,8.43,bike_error
2026-10-01T11:39:56.254,1790818795.998,99,native_wokal_ebike,native,False,-37.9097869437501,145.1290796741377,False,1469.8021,1472.6579,1469.8021,1472.6579,,,,,,,,,,,,,,False,,,,,,,,,3.627,,187.3,8.62,bike_error
2026-10-01T11:39:56.254,1790818795.998,99,native_wkal_ebike,native,True,-37.9097869437501,145.1290796741377,False,1469.8021,1472.6579,1470.1676,1473.6021,,,,,,,,,,,,,,False,,,,,,,,,3.627,,187.3,8.62,bike_error
2026-10-01T11:39:56.254,1790818795.998,99,topo_wokal_ebike,topo,False,-37.9097869437501,145.1290796741377,False,1469.8021,1472.6579,1469.8021,1472.6579,,,,,,,,,,,,,,False,,,,,,,,,3.627,,187.3,8.62,bike_error
2026-10-01T11:39:56.254,1790818795.998,99,topo_wkal_ebike,topo,True,-37.9097869437501,145.1290796741377,False,1469.8021,1472.6579,1470.1676,1473.6021,,,,,,,,,,,,,,False,,,,,,,,,3.627,,187.3,8.62,bike_error
2026-10-01T11:39:56.254,1790818795.998,99,fuzzy_wokal_ebike,fuzzy,False,-37.9097869437501,145.1290796741377,False,1469.8021,1472.6579,1469.8021,1472.6579,,,,,,,,,,,,,,False,,,,,,,,,3.627,,187.3,8.62,bike_error
2026-10-01T11:39:56.254,1790818795.998,99,fuzzy_wkal_ebike,fuzzy,True,-37.9097869437501,145.1290796741377,False,1469.8021,1472.6579,1470.1676,1473.6021,,,,,,,,,,,,,,False,,,,,,,,,3.627,,187.3,8.62,bike_error
2026-10-01T11:39:56.254,1790818795.998,99,hmm_wokal_ebike,hmm,False,-37.9097869437501,145.1290796741377,False,1469.8021,1472.6579,1469.8021,1472.6579,,,,,,,,,,,,,,False,,,,,,,,,3.627,,187.3,8.62,bike_error
2026-10-01T11:39:56.254,1790818795.998,99,hmm_wkal_ebike,hmm,True,-37.9097869437501,145.1290796741377,False,1469.8021,1472.6579,1470.1676,1473.6021,,,,,,,,,,,,,,False,,,,,,,,,3.627,,187.3,8.62,bike_error
2026-10-01T11:39:56.254,1790818795.998,99,st_wokal_ebike,st,False,-37.9097869437501,145.1290796741377,False,1469.8021,1472.6579,1469.8021,1472.6579,,,,,,,,,,,,,,False,,,,,,,,,3.627,,187.3,8.62,bike_error
2026-10-01T11:39:56.254,1790818795.998,99,st_wkal_ebike,st,True,-37.9097869437501,145.1290796741377,False,1469.8021,1472.6579,1470.1676,1473.6021,,,,,,,,,,,,,,False,,,,,,,,,3.627,,187.3,8.62,bike_error
2026-10-01T11:39:58.375,1790818797.998,100,native_wokal_ebike,native,False,-37.90985312062543,145.12906582323703,False,1468.7318,1465.2901,1468.7318,1465.2901,,,,,,,,,,,,,,False,,,,,,,,,3.573,,189.2,8.65,bike_error
2026-10-01T11:39:58.375,1790818797.998,100,native_wkal_ebike,native,True,-37.90985312062543,145.12906582323703,False,1468.7318,1465.2901,1469.0369,1465.7334,,,,,,,,,,,,,,False,,,,,,,,,3.573,,189.2,8.65,bike_error
2026-10-01T11:39:58.375,1790818797.998,100,topo_wokal_ebike,topo,False,-37.90985312062543,145.12906582323703,False,1468.7318,1465.2901,1468.7318,1465.2901,,,,,,,,,,,,,,False,,,,,,,,,3.573,,189.2,8.65,bike_error
2026-10-01T11:39:58.375,1790818797.998,100,topo_wkal_ebike,topo,True,-37.90985312062543,145.12906582323703,False,1468.7318,1465.2901,1469.0369,1465.7334,,,,,,,,,,,,,,False,,,,,,,,,3.573,,189.2,8.65,bike_error
2026-10-01T11:39:58.375,1790818797.998,100,fuzzy_wokal_ebike,fuzzy,False,-37.90985312062543,145.12906582323703,False,1468.7318,1465.2901,1468.7318,1465.2901,,,,,,,,,,,,,,False,,,,,,,,,3.573,,189.2,8.65,bike_error
2026-10-01T11:39:58.375,1790818797.998,100,fuzzy_wkal_ebike,fuzzy,True,-37.90985312062543,145.12906582323703,False,1468.7318,1465.2901,1469.0369,1465.7334,,,,,,,,,,,,,,False,,,,,,,,,3.573,,189.2,8.65,bike_error
2026-10-01T11:39:58.375,1790818797.998,100,hmm_wokal_ebike,hmm,False,-37.90985312062543,145.12906582323703,False,1468.7318,1465.2901,1468.7318,1465.2901,,,,,,,,,,,,,,False,,,,,,,,,3.573,,189.2,8.65,bike_error
2026-10-01T11:39:58.375,1790818797.998,100,hmm_wkal_ebike,hmm,True,-37.90985312062543,145.12906582323703,False,1468.7318,1465.2901,1469.0369,1465.7334,,,,,,,,,,,,,,False,,,,,,,,,3.573,,189.2,8.65,bike_error
2026-10-01T11:39:58.375,1790818797.998,100,st_wokal_ebike,st,False,-37.90985312062543,145.12906582323703,False,1468.7318,1465.2901,1468.7318,1465.2901,,,,,,,,,,,,,,False,,,,,,,,,3.573,,189.2,8.65,bike_error
2026-10-01T11:39:58.375,1790818797.998,100,st_wkal_ebike,st,True,-37.90985312062543,145.12906582323703,False,1468.7318,1465.2901,1469.0369,1465.7334,,,,,,,,,,,,,,False,,,,,,,,,3.573,,189.2,8.65,bike_error
2026-10-01T11:40:00.463,1790818799.998,101,native_wokal_ebike,native,False,-37.90992177373166,145.12905344528633,False,1467.7965,1457.6502,1467.7965,1457.6502,,,,,,,,,,,,,,False,,,,,,,,,3.727,,188.5,8.73,bike_error
2026-10-01T11:40:00.463,1790818799.998,101,native_wkal_ebike,native,True,-37.90992177373166,145.12905344528633,False,1467.7965,1457.6502,1467.9570,1457.9185,,,,,,,,,,,,,,False,,,,,,,,,3.727,,188.5,8.73,bike_error
2026-10-01T11:40:00.463,1790818799.998,101,topo_wokal_ebike,topo,False,-37.90992177373166,145.12905344528633,False,1467.7965,1457.6502,1467.7965,1457.6502,,,,,,,,,,,,,,False,,,,,,,,,3.727,,188.5,8.73,bike_error
2026-10-01T11:40:00.463,1790818799.998,101,topo_wkal_ebike,topo,True,-37.90992177373166,145.12905344528633,False,1467.7965,1457.6502,1467.9570,1457.9185,,,,,,,,,,,,,,False,,,,,,,,,3.727,,188.5,8.73,bike_error
2026-10-01T11:40:00.463,1790818799.998,101,fuzzy_wokal_ebike,fuzzy,False,-37.90992177373166,145.12905344528633,False,1467.7965,1457.6502,1467.7965,1457.6502,,,,,,,,,,,,,,False,,,,,,,,,3.727,,188.5,8.73,bike_error
2026-10-01T11:40:00.463,1790818799.998,101,fuzzy_wkal_ebike,fuzzy,True,-37.90992177373166,145.12905344528633,False,1467.7965,1457.6502,1467.9570,1457.9185,,,,,,,,,,,,,,False,,,,,,,,,3.727,,188.5,8.73,bike_error
2026-10-01T11:40:00.463,1790818799.998,101,hmm_wokal_ebike,hmm,False,-37.90992177373166,145.12905344528633,False,1467.7965,1457.6502,1467.7965,1457.6502,,,,,,,,,,,,,,False,,,,,,,,,3.727,,188.5,8.73,bike_error
2026-10-01T11:40:00.463,1790818799.998,101,hmm_wkal_ebike,hmm,True,-37.90992177373166,145.12905344528633,False,1467.7965,1457.6502,1467.9570,1457.9185,,,,,,,,,,,,,,False,,,,,,,,,3.727,,188.5,8.73,bike_error
2026-10-01T11:40:00.463,1790818799.998,101,st_wokal_ebike,st,False,-37.90992177373166,145.12905344528633,False,1467.7965,1457.6502,1467.7965,1457.6502,,,,,,,,,,,,,,False,,,,,,,,,3.727,,188.5,8.73,bike_error
2026-10-01T11:40:00.463,1790818799.998,101,st_wkal_ebike,st,True,-37.90992177373166,145.12905344528633,False,1467.7965,1457.6502,1467.9570,1457.9185,,,,,,,,,,,,,,False,,,,,,,,,3.727,,188.5,8.73,bike_error
2026-10-01T11:40:02.692,1790818801.998,102,native_wokal_ebike,native,False,-37.91000383692006,145.12904090079198,False,1466.8764,1448.5219,1466.8764,1448.5219,,,,,,,,,,,,,,False,,,,,,,,,4.359,,188.1,8.64,bike_error
2026-10-01T11:40:02.692,1790818801.998,102,native_wkal_ebike,native,True,-37.91000383692006,145.12904090079198,False,1466.8764,1448.5219,1466.9222,1449.5968,,,,,,,,,,,,,,False,,,,,,,,,4.359,,188.1,8.64,bike_error
2026-10-01T11:40:02.692,1790818801.998,102,topo_wokal_ebike,topo,False,-37.91000383692006,145.12904090079198,False,1466.8764,1448.5219,1466.8764,1448.5219,,,,,,,,,,,,,,False,,,,,,,,,4.359,,188.1,8.64,bike_error
2026-10-01T11:40:02.692,1790818801.998,102,topo_wkal_ebike,topo,True,-37.91000383692006,145.12904090079198,False,1466.8764,1448.5219,1466.9222,1449.5968,,,,,,,,,,,,,,False,,,,,,,,,4.359,,188.1,8.64,bike_error
2026-10-01T11:40:02.692,1790818801.998,102,fuzzy_wokal_ebike,fuzzy,False,-37.91000383692006,145.12904090079198,False,1466.8764,1448.5219,1466.8764,1448.5219,,,,,,,,,,,,,,False,,,,,,,,,4.359,,188.1,8.64,bike_error
2026-10-01T11:40:02.692,1790818801.998,102,fuzzy_wkal_ebike,fuzzy,True,-37.91000383692006,145.12904090079198,False,1466.8764,1448.5219,1466.9222,1449.5968,,,,,,,,,,,,,,False,,,,,,,,,4.359,,188.1,8.64,bike_error
2026-10-01T11:40:02.692,1790818801.998,102,hmm_wokal_ebike,hmm,False,-37.91000383692006,145.12904090079198,False,1466.8764,1448.5219,1466.8764,1448.5219,,,,,,,,,,,,,,False,,,,,,,,,4.359,,188.1,8.64,bike_error
2026-10-01T11:40:02.692,1790818801.998,102,hmm_wkal_ebike,hmm,True,-37.91000383692006,145.12904090079198,False,1466.8764,1448.5219,1466.9222,1449.5968,,,,,,,,,,,,,,False,,,,,,,,,4.359,,188.1,8.64,bike_error
2026-10-01T11:40:02.692,1790818801.998,102,st_wokal_ebike,st,False,-37.91000383692006,145.12904090079198,False,1466.8764,1448.5219,1466.8764,1448.5219,,,,,,,,,,,,,,False,,,,,,,,,4.359,,188.1,8.64,bike_error
2026-10-01T11:40:02.692,1790818801.998,102,st_wkal_ebike,st,True,-37.91000383692006,145.12904090079198,False,1466.8764,1448.5219,1466.9222,1449.5968,,,,,,,,,,,,,,False,,,,,,,,,4.359,,188.1,8.64,bike_error
2026-10-01T11:40:04.801,1790818803.998,103,native_wokal_ebike,native,False,-37.910074133679835,145.12902597865966,False,1465.7210,1440.6951,1465.7210,1440.6951,,,,,,,,,,,,,,False,,,,,,,,,4.089,,189.5,8.71,bike_error
2026-10-01T11:40:04.801,1790818803.998,103,native_wkal_ebike,native,True,-37.910074133679835,145.12902597865966,False,1465.7210,1440.6951,1465.8403,1441.3752,,,,,,,,,,,,,,False,,,,,,,,,4.089,,189.5,8.71,bike_error
2026-10-01T11:40:04.801,1790818803.998,103,topo_wokal_ebike,topo,False,-37.910074133679835,145.12902597865966,False,1465.7210,1440.6951,1465.7210,1440.6951,,,,,,,,,,,,,,False,,,,,,,,,4.089,,189.5,8.71,bike_error
2026-10-01T11:40:04.801,1790818803.998,103,topo_wkal_ebike,topo,True,-37.910074133679835,145.12902597865966,False,1465.7210,1440.6951,1465.8403,1441.3752,,,,,,,,,,,,,,False,,,,,,,,,4.089,,189.5,8.71,bike_error
2026-10-01T11:40:04.801,1790818803.998,103,fuzzy_wokal_ebike,fuzzy,False,-37.910074133679835,145.12902597865966,False,1465.7210,1440.6951,1465.7210,1440.6951,,,,,,,,,,,,,,False,,,,,,,,,4.089,,189.5,8.71,bike_error
2026-10-01T11:40:04.801,1790818803.998,103,fuzzy_wkal_ebike,fuzzy,True,-37.910074133679835,145.12902597865966,False,1465.7210,1440.6951,1465.8403,1441.3752,,,,,,,,,,,,,,False,,,,,,,,,4.089,,189.5,8.71,bike_error
2026-10-01T11:40:04.801,1790818803.998,103,hmm_wokal_ebike,hmm,False,-37.910074133679835,145.12902597865966,False,1465.7210,1440.6951,1465.7210,1440.6951,,,,,,,,,,,,,,False,,,,,,,,,4.089,,189.5,8.71,bike_error
2026-10-01T11:40:04.801,1790818803.998,103,hmm_wkal_ebike,hmm,True,-37.910074133679835,145.12902597865966,False,1465.7210,1440.6951,1465.8403,1441.3752,,,,,,,,,,,,,,False,,,,,,,,,4.089,,189.5,8.71,bike_error
2026-10-01T11:40:04.801,1790818803.998,103,st_wokal_ebike,st,False,-37.910074133679835,145.12902597865966,False,1465.7210,1440.6951,1465.7210,1440.6951,,,,,,,,,,,,,,False,,,,,,,,,4.089,,189.5,8.71,bike_error
2026-10-01T11:40:04.801,1790818803.998,103,st_wkal_ebike,st,True,-37.910074133679835,145.12902597865966,False,1465.7210,1440.6951,1465.8403,1441.3752,,,,,,,,,,,,,,False,,,,,,,,,4.089,,189.5,8.71,bike_error
2026-10-01T11:40:06.890,1790818805.998,104,native_wokal_ebike,native,False,-37.91015485207876,145.12901892574382,False,1465.2807,1431.7257,1465.2807,1431.7257,,,,,,,,,,,,,,False,,,,,,,,,4.121,,185.8,8.87,bike_error
2026-10-01T11:40:06.890,1790818805.998,104,native_wkal_ebike,native,True,-37.91015485207876,145.12901892574382,False,1465.2807,1431.7257,1464.9777,1432.8409,,,,,,,,,,,,,,False,,,,,,,,,4.121,,185.8,8.87,bike_error
2026-10-01T11:40:06.890,1790818805.998,104,topo_wokal_ebike,topo,False,-37.91015485207876,145.12901892574382,False,1465.2807,1431.7257,1465.2807,1431.7257,,,,,,,,,,,,,,False,,,,,,,,,4.121,,185.8,8.87,bike_error
2026-10-01T11:40:06.890,1790818805.998,104,topo_wkal_ebike,topo,True,-37.91015485207876,145.12901892574382,False,1465.2807,1431.7257,1464.9777,1432.8409,,,,,,,,,,,,,,False,,,,,,,,,4.121,,185.8,8.87,bike_error
2026-10-01T11:40:06.890,1790818805.998,104,fuzzy_wokal_ebike,fuzzy,False,-37.91015485207876,145.12901892574382,False,1465.2807,1431.7257,1465.2807,1431.7257,,,,,,,,,,,,,,False,,,,,,,,,4.121,,185.8,8.87,bike_error
2026-10-01T11:40:06.890,1790818805.998,104,fuzzy_wkal_ebike,fuzzy,True,-37.91015485207876,145.12901892574382,False,1465.2807,1431.7257,1464.9777,1432.8409,,,,,,,,,,,,,,False,,,,,,,,,4.121,,185.8,8.87,bike_error
2026-10-01T11:40:06.890,1790818805.998,104,hmm_wokal_ebike,hmm,False,-37.91015485207876,145.12901892574382,False,1465.2807,1431.7257,1465.2807,1431.7257,,,,,,,,,,,,,,False,,,,,,,,,4.121,,185.8,8.87,bike_error
2026-10-01T11:40:06.890,1790818805.998,104,hmm_wkal_ebike,hmm,True,-37.91015485207876,145.12901892574382,False,1465.2807,1431.7257,1464.9777,1432.8409,,,,,,,,,,,,,,False,,,,,,,,,4.121,,185.8,8.87,bike_error
2026-10-01T11:40:06.890,1790818805.998,104,st_wokal_ebike,st,False,-37.91015485207876,145.12901892574382,False,1465.2807,1431.7257,1465.2807,1431.7257,,,,,,,,,,,,,,False,,,,,,,,,4.121,,185.8,8.87,bike_error
2026-10-01T11:40:06.890,1790818805.998,104,st_wkal_ebike,st,True,-37.91015485207876,145.12901892574382,False,1465.2807,1431.7257,1464.9777,1432.8409,,,,,,,,,,,,,,False,,,,,,,,,4.121,,185.8,8.87,bike_error
2026-10-01T11:40:08.996,1790818807.998,105,native_wokal_ebike,native,False,-37.910231110109734,145.1290082259234,False,1464.5099,1423.2449,1464.5099,1423.2449,,,,,,,,,,,,,,False,,,,,,,,,4.094,,186.2,9.98,bike_error
2026-10-01T11:40:08.996,1790818807.998,105,native_wkal_ebike,native,True,-37.910231110109734,145.1290082259234,False,1464.5099,1423.2449,1464.1463,1424.3114,,,,,,,,,,,,,,False,,,,,,,,,4.094,,186.2,9.98,bike_error
2026-10-01T11:40:08.996,1790818807.998,105,topo_wokal_ebike,topo,False,-37.910231110109734,145.1290082259234,False,1464.5099,1423.2449,1464.5099,1423.2449,,,,,,,,,,,,,,False,,,,,,,,,4.094,,186.2,9.98,bike_error
2026-10-01T11:40:08.996,1790818807.998,105,topo_wkal_ebike,topo,True,-37.910231110109734,145.1290082259234,False,1464.5099,1423.2449,1464.1463,1424.3114,,,,,,,,,,,,,,False,,,,,,,,,4.094,,186.2,9.98,bike_error
2026-10-01T11:40:08.996,1790818807.998,105,fuzzy_wokal_ebike,fuzzy,False,-37.910231110109734,145.1290082259234,False,1464.5099,1423.2449,1464.5099,1423.2449,,,,,,,,,,,,,,False,,,,,,,,,4.094,,186.2,9.98,bike_error
2026-10-01T11:40:08.996,1790818807.998,105,fuzzy_wkal_ebike,fuzzy,True,-37.910231110109734,145.1290082259234,False,1464.5099,1423.2449,1464.1463,1424.3114,,,,,,,,,,,,,,False,,,,,,,,,4.094,,186.2,9.98,bike_error
2026-10-01T11:40:08.996,1790818807.998,105,hmm_wokal_ebike,hmm,False,-37.910231110109734,145.1290082259234,False,1464.5099,1423.2449,1464.5099,1423.2449,,,,,,,,,,,,,,False,,,,,,,,,4.094,,186.2,9.98,bike_error
2026-10-01T11:40:08.996,1790818807.998,105,hmm_wkal_ebike,hmm,True,-37.910231110109734,145.1290082259234,False,1464.5099,1423.2449,1464.1463,1424.3114,,,,,,,,,,,,,,False,,,,,,,,,4.094,,186.2,9.98,bike_error
2026-10-01T11:40:08.996,1790818807.998,105,st_wokal_ebike,st,False,-37.910231110109734,145.1290082259234,False,1464.5099,1423.2449,1464.5099,1423.2449,,,,,,,,,,,,,,False,,,,,,,,,4.094,,186.2,9.98,bike_error
2026-10-01T11:40:08.996,1790818807.998,105,st_wkal_ebike,st,True,-37.910231110109734,145.1290082259234,False,1464.5099,1423.2449,1464.1463,1424.3114,,,,,,,,,,,,,,False,,,,,,,,,4.094,,186.2,9.98,bike_error
2026-10-01T11:40:11.102,1790818810.998,106,native_wokal_ebike,native,False,-37.910334371780024,145.1289861059394,False,1462.7952,1411.7474,1462.7952,1411.7474,,,,,,,,,,,,,,False,,,,,,,,,4.149,,184.6,11.99,bike_error
2026-10-01T11:40:11.102,1790818810.998,106,native_wkal_ebike,native,True,-37.910334371780024,145.1289861059394,False,1462.7952,1411.7474,1462.7368,1411.9716,,,,,,,,,,,,,,False,,,,,,,,,4.149,,184.6,11.99,bike_error
2026-10-01T11:40:11.102,1790818810.998,106,topo_wokal_ebike,topo,False,-37.910334371780024,145.1289861059394,False,1462.7952,1411.7474,1462.7952,1411.7474,,,,,,,,,,,,,,False,,,,,,,,,4.149,,184.6,11.99,bike_error
2026-10-01T11:40:11.102,1790818810.998,106,topo_wkal_ebike,topo,True,-37.910334371780024,145.1289861059394,False,1462.7952,1411.7474,1462.7368,1411.9716,,,,,,,,,,,,,,False,,,,,,,,,4.149,,184.6,11.99,bike_error
2026-10-01T11:40:11.102,1790818810.998,106,fuzzy_wokal_ebike,fuzzy,False,-37.910334371780024,145.1289861059394,False,1462.7952,1411.7474,1462.7952,1411.7474,,,,,,,,,,,,,,False,,,,,,,,,4.149,,184.6,11.99,bike_error
2026-10-01T11:40:11.102,1790818810.998,106,fuzzy_wkal_ebike,fuzzy,True,-37.910334371780024,145.1289861059394,False,1462.7952,1411.7474,1462.7368,1411.9716,,,,,,,,,,,,,,False,,,,,,,,,4.149,,184.6,11.99,bike_error
2026-10-01T11:40:11.102,1790818810.998,106,hmm_wokal_ebike,hmm,False,-37.910334371780024,145.1289861059394,False,1462.7952,1411.7474,1462.7952,1411.7474,,,,,,,,,,,,,,False,,,,,,,,,4.149,,184.6,11.99,bike_error
2026-10-01T11:40:11.102,1790818810.998,106,hmm_wkal_ebike,hmm,True,-37.910334371780024,145.1289861059394,False,1462.7952,1411.7474,1462.7368,1411.9716,,,,,,,,,,,,,,False,,,,,,,,,4.149,,184.6,11.99,bike_error
2026-10-01T11:40:11.102,1790818810.998,106,st_wokal_ebike,st,False,-37.910334371780024,145.1289861059394,False,1462.7952,1411.7474,1462.7952,1411.7474,,,,,,,,,,,,,,False,,,,,,,,,4.149,,184.6,11.99,bike_error
2026-10-01T11:40:11.102,1790818810.998,106,st_wkal_ebike,st,True,-37.910334371780024,145.1289861059394,False,1462.7952,1411.7474,1462.7368,1411.9716,,,,,,,,,,,,,,False,,,,,,,,,4.149,,184.6,11.99,bike_error
2026-10-01T11:40:13.177,1790818812.998,107,native_wokal_ebike,native,False,-37.91041274078149,145.12896763072015,False,1461.3455,1403.0186,1461.3455,1403.0186,,,,,,,,,,,,,,False,,,,,,,,,4.106,,186.6,12.48,bike_error
2026-10-01T11:40:13.177,1790818812.998,107,native_wkal_ebike,native,True,-37.91041274078149,145.12896763072015,False,1461.3455,1403.0186,1461.6579,1403.5632,,,,,,,,,,,,,,False,,,,,,,,,4.106,,186.6,12.48,bike_error
2026-10-01T11:40:13.177,1790818812.998,107,topo_wokal_ebike,topo,False,-37.91041274078149,145.12896763072015,False,1461.3455,1403.0186,1461.3455,1403.0186,,,,,,,,,,,,,,False,,,,,,,,,4.106,,186.6,12.48,bike_error
2026-10-01T11:40:13.177,1790818812.998,107,topo_wkal_ebike,topo,True,-37.91041274078149,145.12896763072015,False,1461.3455,1403.0186,1461.6579,1403.5632,,,,,,,,,,,,,,False,,,,,,,,,4.106,,186.6,12.48,bike_error
2026-10-01T11:40:13.177,1790818812.998,107,fuzzy_wokal_ebike,fuzzy,False,-37.91041274078149,145.12896763072015,False,1461.3455,1403.0186,1461.3455,1403.0186,,,,,,,,,,,,,,False,,,,,,,,,4.106,,186.6,12.48,bike_error
2026-10-01T11:40:13.177,1790818812.998,107,fuzzy_wkal_ebike,fuzzy,True,-37.91041274078149,145.12896763072015,False,1461.3455,1403.0186,1461.6579,1403.5632,,,,,,,,,,,,,,False,,,,,,,,,4.106,,186.6,12.48,bike_error
2026-10-01T11:40:13.177,1790818812.998,107,hmm_wokal_ebike,hmm,False,-37.91041274078149,145.12896763072015,False,1461.3455,1403.0186,1461.3455,1403.0186,,,,,,,,,,,,,,False,,,,,,,,,4.106,,186.6,12.48,bike_error
2026-10-01T11:40:13.177,1790818812.998,107,hmm_wkal_ebike,hmm,True,-37.91041274078149,145.12896763072015,False,1461.3455,1403.0186,1461.6579,1403.5632,,,,,,,,,,,,,,False,,,,,,,,,4.106,,186.6,12.48,bike_error
2026-10-01T11:40:13.177,1790818812.998,107,st_wokal_ebike,st,False,-37.91041274078149,145.12896763072015,False,1461.3455,1403.0186,1461.3455,1403.0186,,,,,,,,,,,,,,False,,,,,,,,,4.106,,186.6,12.48,bike_error
2026-10-01T11:40:13.177,1790818812.998,107,st_wkal_ebike,st,True,-37.91041274078149,145.12896763072015,False,1461.3455,1403.0186,1461.6579,1403.5632,,,,,,,,,,,,,,False,,,,,,,,,4.106,,186.6,12.48,bike_error
2026-10-01T11:40:15.284,1790818814.998,108,native_wokal_ebike,native,False,-37.91049341281786,145.12895199107405,False,1460.1502,1394.0392,1460.1502,1394.0392,,,,,,,,,,,,,,False,,,,,,,,,4.161,,187.0,13.79,bike_error
2026-10-01T11:40:15.284,1790818814.998,108,native_wkal_ebike,native,True,-37.91049341281786,145.12895199107405,False,1460.1502,1394.0392,1460.5413,1394.9922,,,,,,,,,,,,,,False,,,,,,,,,4.161,,187.0,13.79,bike_error
2026-10-01T11:40:15.284,1790818814.998,108,topo_wokal_ebike,topo,False,-37.91049341281786,145.12895199107405,False,1460.1502,1394.0392,1460.1502,1394.0392,,,,,,,,,,,,,,False,,,,,,,,,4.161,,187.0,13.79,bike_error
2026-10-01T11:40:15.284,1790818814.998,108,topo_wkal_ebike,topo,True,-37.91049341281786,145.12895199107405,False,1460.1502,1394.0392,1460.5413,1394.9922,,,,,,,,,,,,,,False,,,,,,,,,4.161,,187.0,13.79,bike_error
2026-10-01T11:40:15.284,1790818814.998,108,fuzzy_wokal_ebike,fuzzy,False,-37.91049341281786,145.12895199107405,False,1460.1502,1394.0392,1460.1502,1394.0392,,,,,,,,,,,,,,False,,,,,,,,,4.161,,187.0,13.79,bike_error
2026-10-01T11:40:15.284,1790818814.998,108,fuzzy_wkal_ebike,fuzzy,True,-37.91049341281786,145.12895199107405,False,1460.1502,1394.0392,1460.5413,1394.9922,,,,,,,,,,,,,,False,,,,,,,,,4.161,,187.0,13.79,bike_error
2026-10-01T11:40:15.284,1790818814.998,108,hmm_wokal_ebike,hmm,False,-37.91049341281786,145.12895199107405,False,1460.1502,1394.0392,1460.1502,1394.0392,,,,,,,,,,,,,,False,,,,,,,,,4.161,,187.0,13.79,bike_error
2026-10-01T11:40:15.284,1790818814.998,108,hmm_wkal_ebike,hmm,True,-37.91049341281786,145.12895199107405,False,1460.1502,1394.0392,1460.5413,1394.9922,,,,,,,,,,,,,,False,,,,,,,,,4.161,,187.0,13.79,bike_error
2026-10-01T11:40:15.284,1790818814.998,108,st_wokal_ebike,st,False,-37.91049341281786,145.12895199107405,False,1460.1502,1394.0392,1460.1502,1394.0392,,,,,,,,,,,,,,False,,,,,,,,,4.161,,187.0,13.79,bike_error
2026-10-01T11:40:15.284,1790818814.998,108,st_wkal_ebike,st,True,-37.91049341281786,145.12895199107405,False,1460.1502,1394.0392,1460.5413,1394.9922,,,,,,,,,,,,,,False,,,,,,,,,4.161,,187.0,13.79,bike_error
2026-10-01T11:40:17.371,1790818816.998,109,native_wokal_ebike,native,False,-37.91055601848753,145.12892036623555,False,1457.5093,1387.0364,1457.5093,1387.0364,,,,,,,,,,,,,,False,,,,,,,,,3.558,,192.8,14.51,bike_error
2026-10-01T11:40:17.371,1790818816.998,109,native_wkal_ebike,native,True,-37.91055601848753,145.12892036623555,False,1457.5093,1387.0364,1459.0099,1386.7833,,,,,,,,,,,,,,False,,,,,,,,,3.558,,192.8,14.51,bike_error
2026-10-01T11:40:17.371,1790818816.998,109,topo_wokal_ebike,topo,False,-37.91055601848753,145.12892036623555,False,1457.5093,1387.0364,1457.5093,1387.0364,,,,,,,,,,,,,,False,,,,,,,,,3.558,,192.8,14.51,bike_error
2026-10-01T11:40:17.371,1790818816.998,109,topo_wkal_ebike,topo,True,-37.91055601848753,145.12892036623555,False,1457.5093,1387.0364,1459.0099,1386.7833,,,,,,,,,,,,,,False,,,,,,,,,3.558,,192.8,14.51,bike_error
2026-10-01T11:40:17.371,1790818816.998,109,fuzzy_wokal_ebike,fuzzy,False,-37.91055601848753,145.12892036623555,False,1457.5093,1387.0364,1457.5093,1387.0364,,,,,,,,,,,,,,False,,,,,,,,,3.558,,192.8,14.51,bike_error
2026-10-01T11:40:17.371,1790818816.998,109,fuzzy_wkal_ebike,fuzzy,True,-37.91055601848753,145.12892036623555,False,1457.5093,1387.0364,1459.0099,1386.7833,,,,,,,,,,,,,,False,,,,,,,,,3.558,,192.8,14.51,bike_error
2026-10-01T11:40:17.371,1790818816.998,109,hmm_wokal_ebike,hmm,False,-37.91055601848753,145.12892036623555,False,1457.5093,1387.0364,1457.5093,1387.0364,,,,,,,,,,,,,,False,,,,,,,,,3.558,,192.8,14.51,bike_error
2026-10-01T11:40:17.371,1790818816.998,109,hmm_wkal_ebike,hmm,True,-37.91055601848753,145.12892036623555,False,1457.5093,1387.0364,1459.0099,1386.7833,,,,,,,,,,,,,,False,,,,,,,,,3.558,,192.8,14.51,bike_error
2026-10-01T11:40:17.371,1790818816.998,109,st_wokal_ebike,st,False,-37.91055601848753,145.12892036623555,False,1457.5093,1387.0364,1457.5093,1387.0364,,,,,,,,,,,,,,False,,,,,,,,,3.558,,192.8,14.51,bike_error
2026-10-01T11:40:17.371,1790818816.998,109,st_wkal_ebike,st,True,-37.91055601848753,145.12892036623555,False,1457.5093,1387.0364,1459.0099,1386.7833,,,,,,,,,,,,,,False,,,,,,,,,3.558,,192.8,14.51,bike_error
2026-10-01T11:40:19.465,1790818818.998,110,native_wokal_ebike,native,False,-37.91062560987718,145.12889838163755,False,1455.7315,1379.2754,1455.7315,1379.2754,,,,,,,,,,,,,,False,,,,,,,,,3.632,,193.0,14.76,bike_error
2026-10-01T11:40:19.465,1790818818.998,110,native_wkal_ebike,native,True,-37.91062560987718,145.12889838163755,False,1455.7315,1379.2754,1457.3217,1378.7099,,,,,,,,,,,,,,False,,,,,,,,,3.632,,193.0,14.76,bike_error
2026-10-01T11:40:19.465,1790818818.998,110,topo_wokal_ebike,topo,False,-37.91062560987718,145.12889838163755,False,1455.7315,1379.2754,1455.7315,1379.2754,,,,,,,,,,,,,,False,,,,,,,,,3.632,,193.0,14.76,bike_error
2026-10-01T11:40:19.465,1790818818.998,110,topo_wkal_ebike,topo,True,-37.91062560987718,145.12889838163755,False,1455.7315,1379.2754,1457.3217,1378.7099,,,,,,,,,,,,,,False,,,,,,,,,3.632,,193.0,14.76,bike_error
2026-10-01T11:40:19.465,1790818818.998,110,fuzzy_wokal_ebike,fuzzy,False,-37.91062560987718,145.12889838163755,False,1455.7315,1379.2754,1455.7315,1379.2754,,,,,,,,,,,,,,False,,,,,,,,,3.632,,193.0,14.76,bike_error
2026-10-01T11:40:19.465,1790818818.998,110,fuzzy_wkal_ebike,fuzzy,True,-37.91062560987718,145.12889838163755,False,1455.7315,1379.2754,1457.3217,1378.7099,,,,,,,,,,,,,,False,,,,,,,,,3.632,,193.0,14.76,bike_error
2026-10-01T11:40:19.465,1790818818.998,110,hmm_wokal_ebike,hmm,False,-37.91062560987718,145.12889838163755,False,1455.7315,1379.2754,1455.7315,1379.2754,,,,,,,,,,,,,,False,,,,,,,,,3.632,,193.0,14.76,bike_error
2026-10-01T11:40:19.465,1790818818.998,110,hmm_wkal_ebike,hmm,True,-37.91062560987718,145.12889838163755,False,1455.7315,1379.2754,1457.3217,1378.7099,,,,,,,,,,,,,,False,,,,,,,,,3.632,,193.0,14.76,bike_error
2026-10-01T11:40:19.465,1790818818.998,110,st_wokal_ebike,st,False,-37.91062560987718,145.12889838163755,False,1455.7315,1379.2754,1455.7315,1379.2754,,,,,,,,,,,,,,False,,,,,,,,,3.632,,193.0,14.76,bike_error
2026-10-01T11:40:19.465,1790818818.998,110,st_wkal_ebike,st,True,-37.91062560987718,145.12889838163755,False,1455.7315,1379.2754,1457.3217,1378.7099,,,,,,,,,,,,,,False,,,,,,,,,3.632,,193.0,14.76,bike_error
2026-10-01T11:40:21.569,1790818820.998,111,native_wokal_ebike,native,False,-37.9106952945253,145.12887904270556,False,1454.1866,1371.5087,1454.1866,1371.5087,,,,,,,,,,,,,,False,,,,,,,,,3.534,,193.6,15.35,bike_error
2026-10-01T11:40:21.569,1790818820.998,111,native_wkal_ebike,native,True,-37.9106952945253,145.12887904270556,False,1454.1866,1371.5087,1455.6020,1370.7419,,,,,,,,,,,,,,False,,,,,,,,,3.534,,193.6,15.35,bike_error
2026-10-01T11:40:21.569,1790818820.998,111,topo_wokal_ebike,topo,False,-37.9106952945253,145.12887904270556,False,1454.1866,1371.5087,1454.1866,1371.5087,,,,,,,,,,,,,,False,,,,,,,,,3.534,,193.6,15.35,bike_error
2026-10-01T11:40:21.569,1790818820.998,111,topo_wkal_ebike,topo,True,-37.9106952945253,145.12887904270556,False,1454.1866,1371.5087,1455.6020,1370.7419,,,,,,,,,,,,,,False,,,,,,,,,3.534,,193.6,15.35,bike_error
2026-10-01T11:40:21.569,1790818820.998,111,fuzzy_wokal_ebike,fuzzy,False,-37.9106952945253,145.12887904270556,False,1454.1866,1371.5087,1454.1866,1371.5087,,,,,,,,,,,,,,False,,,,,,,,,3.534,,193.6,15.35,bike_error
2026-10-01T11:40:21.569,1790818820.998,111,fuzzy_wkal_ebike,fuzzy,True,-37.9106952945253,145.12887904270556,False,1454.1866,1371.5087,1455.6020,1370.7419,,,,,,,,,,,,,,False,,,,,,,,,3.534,,193.6,15.35,bike_error
2026-10-01T11:40:21.569,1790818820.998,111,hmm_wokal_ebike,hmm,False,-37.9106952945253,145.12887904270556,False,1454.1866,1371.5087,1454.1866,1371.5087,,,,,,,,,,,,,,False,,,,,,,,,3.534,,193.6,15.35,bike_error
2026-10-01T11:40:21.569,1790818820.998,111,hmm_wkal_ebike,hmm,True,-37.9106952945253,145.12887904270556,False,1454.1866,1371.5087,1455.6020,1370.7419,,,,,,,,,,,,,,False,,,,,,,,,3.534,,193.6,15.35,bike_error
2026-10-01T11:40:21.569,1790818820.998,111,st_wokal_ebike,st,False,-37.9106952945253,145.12887904270556,False,1454.1866,1371.5087,1454.1866,1371.5087,,,,,,,,,,,,,,False,,,,,,,,,3.534,,193.6,15.35,bike_error
2026-10-01T11:40:21.569,1790818820.998,111,st_wkal_ebike,st,True,-37.9106952945253,145.12887904270556,False,1454.1866,1371.5087,1455.6020,1370.7419,,,,,,,,,,,,,,False,,,,,,,,,3.534,,193.6,15.35,bike_error
2026-10-01T11:40:23.793,1790818822.998,112,native_wokal_ebike,native,False,-37.9107665713786,145.12886464277003,False,1453.0794,1363.5740,1453.0794,1363.5740,,,,,,,,,,,,,,False,,,,,,,,,3.574,,188.8,15.10,bike_error
2026-10-01T11:40:23.793,1790818822.998,112,native_wkal_ebike,native,True,-37.9107665713786,145.12886464277003,False,1453.0794,1363.5740,1453.9559,1362.8365,,,,,,,,,,,,,,False,,,,,,,,,3.574,,188.8,15.10,bike_error
2026-10-01T11:40:23.793,1790818822.998,112,topo_wokal_ebike,topo,False,-37.9107665713786,145.12886464277003,False,1453.0794,1363.5740,1453.0794,1363.5740,,,,,,,,,,,,,,False,,,,,,,,,3.574,,188.8,15.10,bike_error
2026-10-01T11:40:23.793,1790818822.998,112,topo_wkal_ebike,topo,True,-37.9107665713786,145.12886464277003,False,1453.0794,1363.5740,1453.9559,1362.8365,,,,,,,,,,,,,,False,,,,,,,,,3.574,,188.8,15.10,bike_error
2026-10-01T11:40:23.793,1790818822.998,112,fuzzy_wokal_ebike,fuzzy,False,-37.9107665713786,145.12886464277003,False,1453.0794,1363.5740,1453.0794,1363.5740,,,,,,,,,,,,,,False,,,,,,,,,3.574,,188.8,15.10,bike_error
2026-10-01T11:40:23.793,1790818822.998,112,fuzzy_wkal_ebike,fuzzy,True,-37.9107665713786,145.12886464277003,False,1453.0794,1363.5740,1453.9559,1362.8365,,,,,,,,,,,,,,False,,,,,,,,,3.574,,188.8,15.10,bike_error
2026-10-01T11:40:23.793,1790818822.998,112,hmm_wokal_ebike,hmm,False,-37.9107665713786,145.12886464277003,False,1453.0794,1363.5740,1453.0794,1363.5740,,,,,,,,,,,,,,False,,,,,,,,,3.574,,188.8,15.10,bike_error
2026-10-01T11:40:23.793,1790818822.998,112,hmm_wkal_ebike,hmm,True,-37.9107665713786,145.12886464277003,False,1453.0794,1363.5740,1453.9559,1362.8365,,,,,,,,,,,,,,False,,,,,,,,,3.574,,188.8,15.10,bike_error
2026-10-01T11:40:23.793,1790818822.998,112,st_wokal_ebike,st,False,-37.9107665713786,145.12886464277003,False,1453.0794,1363.5740,1453.0794,1363.5740,,,,,,,,,,,,,,False,,,,,,,,,3.574,,188.8,15.10,bike_error
2026-10-01T11:40:23.793,1790818822.998,112,st_wkal_ebike,st,True,-37.9107665713786,145.12886464277003,False,1453.0794,1363.5740,1453.9559,1362.8365,,,,,,,,,,,,,,False,,,,,,,,,3.574,,188.8,15.10,bike_error
2026-10-01T11:40:25.884,1790818824.998,113,native_wokal_ebike,native,False,-37.91085109732803,145.12884810821205,False,1451.8140,1354.1654,1451.8140,1354.1654,,,,,,,,,,,,,,False,,,,,,,,,4.434,,187.9,14.74,bike_error
2026-10-01T11:40:25.884,1790818824.998,113,native_wkal_ebike,native,True,-37.91085109732803,145.12884810821205,False,1451.8140,1354.1654,1452.3620,1354.5384,,,,,,,,,,,,,,False,,,,,,,,,4.434,,187.9,14.74,bike_error
2026-10-01T11:40:25.884,1790818824.998,113,topo_wokal_ebike,topo,False,-37.91085109732803,145.12884810821205,False,1451.8140,1354.1654,1451.8140,1354.1654,,,,,,,,,,,,,,False,,,,,,,,,4.434,,187.9,14.74,bike_error
2026-10-01T11:40:25.884,1790818824.998,113,topo_wkal_ebike,topo,True,-37.91085109732803,145.12884810821205,False,1451.8140,1354.1654,1452.3620,1354.5384,,,,,,,,,,,,,,False,,,,,,,,,4.434,,187.9,14.74,bike_error
2026-10-01T11:40:25.884,1790818824.998,113,fuzzy_wokal_ebike,fuzzy,False,-37.91085109732803,145.12884810821205,False,1451.8140,1354.1654,1451.8140,1354.1654,,,,,,,,,,,,,,False,,,,,,,,,4.434,,187.9,14.74,bike_error
2026-10-01T11:40:25.884,1790818824.998,113,fuzzy_wkal_ebike,fuzzy,True,-37.91085109732803,145.12884810821205,False,1451.8140,1354.1654,1452.3620,1354.5384,,,,,,,,,,,,,,False,,,,,,,,,4.434,,187.9,14.74,bike_error
2026-10-01T11:40:25.884,1790818824.998,113,hmm_wokal_ebike,hmm,False,-37.91085109732803,145.12884810821205,False,1451.8140,1354.1654,1451.8140,1354.1654,,,,,,,,,,,,,,False,,,,,,,,,4.434,,187.9,14.74,bike_error
2026-10-01T11:40:25.884,1790818824.998,113,hmm_wkal_ebike,hmm,True,-37.91085109732803,145.12884810821205,False,1451.8140,1354.1654,1452.3620,1354.5384,,,,,,,,,,,,,,False,,,,,,,,,4.434,,187.9,14.74,bike_error
2026-10-01T11:40:25.884,1790818824.998,113,st_wokal_ebike,st,False,-37.91085109732803,145.12884810821205,False,1451.8140,1354.1654,1451.8140,1354.1654,,,,,,,,,,,,,,False,,,,,,,,,4.434,,187.9,14.74,bike_error
2026-10-01T11:40:25.884,1790818824.998,113,st_wkal_ebike,st,True,-37.91085109732803,145.12884810821205,False,1451.8140,1354.1654,1452.3620,1354.5384,,,,,,,,,,,,,,False,,,,,,,,,4.434,,187.9,14.74,bike_error
2026-10-01T11:40:27.975,1790818826.998,114,native_wokal_ebike,native,False,-37.9109169963035,145.12882328891698,False,1449.7788,1346.8091,1449.7788,1346.8091,,,,,,,,,,,,,,False,,,,,,,,,3.675,,196.9,14.81,bike_error
2026-10-01T11:40:27.975,1790818826.998,114,native_wkal_ebike,native,True,-37.9109169963035,145.12882328891698,False,1449.7788,1346.8091,1450.6127,1346.4978,,,,,,,,,,,,,,False,,,,,,,,,3.675,,196.9,14.81,bike_error
2026-10-01T11:40:27.975,1790818826.998,114,topo_wokal_ebike,topo,False,-37.9109169963035,145.12882328891698,False,1449.7788,1346.8091,1449.7788,1346.8091,,,,,,,,,,,,,,False,,,,,,,,,3.675,,196.9,14.81,bike_error
2026-10-01T11:40:27.975,1790818826.998,114,topo_wkal_ebike,topo,True,-37.9109169963035,145.12882328891698,False,1449.7788,1346.8091,1450.6127,1346.4978,,,,,,,,,,,,,,False,,,,,,,,,3.675,,196.9,14.81,bike_error
2026-10-01T11:40:27.975,1790818826.998,114,fuzzy_wokal_ebike,fuzzy,False,-37.9109169963035,145.12882328891698,False,1449.7788,1346.8091,1449.7788,1346.8091,,,,,,,,,,,,,,False,,,,,,,,,3.675,,196.9,14.81,bike_error
2026-10-01T11:40:27.975,1790818826.998,114,fuzzy_wkal_ebike,fuzzy,True,-37.9109169963035,145.12882328891698,False,1449.7788,1346.8091,1450.6127,1346.4978,,,,,,,,,,,,,,False,,,,,,,,,3.675,,196.9,14.81,bike_error
2026-10-01T11:40:27.975,1790818826.998,114,hmm_wokal_ebike,hmm,False,-37.9109169963035,145.12882328891698,False,1449.7788,1346.8091,1449.7788,1346.8091,,,,,,,,,,,,,,False,,,,,,,,,3.675,,196.9,14.81,bike_error
2026-10-01T11:40:27.975,1790818826.998,114,hmm_wkal_ebike,hmm,True,-37.9109169963035,145.12882328891698,False,1449.7788,1346.8091,1450.6127,1346.4978,,,,,,,,,,,,,,False,,,,,,,,,3.675,,196.9,14.81,bike_error
2026-10-01T11:40:27.975,1790818826.998,114,st_wokal_ebike,st,False,-37.9109169963035,145.12882328891698,False,1449.7788,1346.8091,1449.7788,1346.8091,,,,,,,,,,,,,,False,,,,,,,,,3.675,,196.9,14.81,bike_error
2026-10-01T11:40:27.975,1790818826.998,114,st_wkal_ebike,st,True,-37.9109169963035,145.12882328891698,False,1449.7788,1346.8091,1450.6127,1346.4978,,,,,,,,,,,,,,False,,,,,,,,,3.675,,196.9,14.81,bike_error
2026-10-01T11:40:30.125,1790818829.998,115,native_wokal_ebike,native,False,-37.91096852745352,145.12883801092266,False,1451.1879,1341.1170,1451.1879,1341.1170,,,,,,,,,,,,,,False,,,,,,,,,1.595,,155.1,15.81,bike_error
2026-10-01T11:40:30.125,1790818829.998,115,native_wkal_ebike,native,True,-37.91096852745352,145.12883801092266,False,1451.1879,1341.1170,1449.2502,1336.3342,,,,,,,,,,,,,,False,,,,,,,,,1.595,,155.1,15.81,bike_error
2026-10-01T11:40:30.125,1790818829.998,115,topo_wokal_ebike,topo,False,-37.91096852745352,145.12883801092266,False,1451.1879,1341.1170,1451.1879,1341.1170,,,,,,,,,,,,,,False,,,,,,,,,1.595,,155.1,15.81,bike_error
2026-10-01T11:40:30.125,1790818829.998,115,topo_wkal_ebike,topo,True,-37.91096852745352,145.12883801092266,False,1451.1879,1341.1170,1449.2502,1336.3342,,,,,,,,,,,,,,False,,,,,,,,,1.595,,155.1,15.81,bike_error
2026-10-01T11:40:30.125,1790818829.998,115,fuzzy_wokal_ebike,fuzzy,False,-37.91096852745352,145.12883801092266,False,1451.1879,1341.1170,1451.1879,1341.1170,,,,,,,,,,,,,,False,,,,,,,,,1.595,,155.1,15.81,bike_error
2026-10-01T11:40:30.125,1790818829.998,115,fuzzy_wkal_ebike,fuzzy,True,-37.91096852745352,145.12883801092266,False,1451.1879,1341.1170,1449.2502,1336.3342,,,,,,,,,,,,,,False,,,,,,,,,1.595,,155.1,15.81,bike_error
2026-10-01T11:40:30.125,1790818829.998,115,hmm_wokal_ebike,hmm,False,-37.91096852745352,145.12883801092266,False,1451.1879,1341.1170,1451.1879,1341.1170,,,,,,,,,,,,,,False,,,,,,,,,1.595,,155.1,15.81,bike_error
2026-10-01T11:40:30.125,1790818829.998,115,hmm_wkal_ebike,hmm,True,-37.91096852745352,145.12883801092266,False,1451.1879,1341.1170,1449.2502,1336.3342,,,,,,,,,,,,,,False,,,,,,,,,1.595,,155.1,15.81,bike_error
2026-10-01T11:40:30.125,1790818829.998,115,st_wokal_ebike,st,False,-37.91096852745352,145.12883801092266,False,1451.1879,1341.1170,1451.1879,1341.1170,,,,,,,,,,,,,,False,,,,,,,,,1.595,,155.1,15.81,bike_error
2026-10-01T11:40:30.125,1790818829.998,115,st_wkal_ebike,st,True,-37.91096852745352,145.12883801092266,False,1451.1879,1341.1170,1449.2502,1336.3342,,,,,,,,,,,,,,False,,,,,,,,,1.595,,155.1,15.81,bike_error
2026-10-01T11:40:32.179,1790818831.998,116,native_wokal_ebike,native,False,-37.910983790490604,145.1288415702251,False,1451.5348,1339.4296,1451.5348,1339.4296,,,,,,,,,,,,,,False,,,,,,,,,0.499,,145.4,16.04,bike_error
2026-10-01T11:40:32.179,1790818831.998,116,native_wkal_ebike,native,True,-37.910983790490604,145.1288415702251,False,1451.5348,1339.4296,1448.9736,1331.6954,,,,,,,,,,,,,,False,,,,,,,,,0.499,,145.4,16.04,bike_error
2026-10-01T11:40:32.179,1790818831.998,116,topo_wokal_ebike,topo,False,-37.910983790490604,145.1288415702251,False,1451.5348,1339.4296,1451.5348,1339.4296,,,,,,,,,,,,,,False,,,,,,,,,0.499,,145.4,16.04,bike_error
2026-10-01T11:40:32.179,1790818831.998,116,topo_wkal_ebike,topo,True,-37.910983790490604,145.1288415702251,False,1451.5348,1339.4296,1448.9736,1331.6954,,,,,,,,,,,,,,False,,,,,,,,,0.499,,145.4,16.04,bike_error
2026-10-01T11:40:32.179,1790818831.998,116,fuzzy_wokal_ebike,fuzzy,False,-37.910983790490604,145.1288415702251,False,1451.5348,1339.4296,1451.5348,1339.4296,,,,,,,,,,,,,,False,,,,,,,,,0.499,,145.4,16.04,bike_error
2026-10-01T11:40:32.179,1790818831.998,116,fuzzy_wkal_ebike,fuzzy,True,-37.910983790490604,145.1288415702251,False,1451.5348,1339.4296,1448.9736,1331.6954,,,,,,,,,,,,,,False,,,,,,,,,0.499,,145.4,16.04,bike_error
2026-10-01T11:40:32.179,1790818831.998,116,hmm_wokal_ebike,hmm,False,-37.910983790490604,145.1288415702251,False,1451.5348,1339.4296,1451.5348,1339.4296,,,,,,,,,,,,,,False,,,,,,,,,0.499,,145.4,16.04,bike_error
2026-10-01T11:40:32.179,1790818831.998,116,hmm_wkal_ebike,hmm,True,-37.910983790490604,145.1288415702251,False,1451.5348,1339.4296,1448.9736,1331.6954,,,,,,,,,,,,,,False,,,,,,,,,0.499,,145.4,16.04,bike_error
2026-10-01T11:40:32.179,1790818831.998,116,st_wokal_ebike,st,False,-37.910983790490604,145.1288415702251,False,1451.5348,1339.4296,1451.5348,1339.4296,,,,,,,,,,,,,,False,,,,,,,,,0.499,,145.4,16.04,bike_error
2026-10-01T11:40:32.179,1790818831.998,116,st_wkal_ebike,st,True,-37.910983790490604,145.1288415702251,False,1451.5348,1339.4296,1448.9736,1331.6954,,,,,,,,,,,,,,False,,,,,,,,,0.499,,145.4,16.04,bike_error
2026-10-01T11:40:34.268,1790818833.998,117,native_wokal_ebike,native,False,-37.91099236859903,145.1288405825334,False,1451.4670,1338.4760,1451.4670,1338.4760,,,,,,,,,,,,,,False,,,,,,,,,0.129,,144.8,16.28,bike_error
2026-10-01T11:40:34.268,1790818833.998,117,native_wkal_ebike,native,True,-37.91099236859903,145.1288405825334,False,1451.4670,1338.4760,1448.8507,1328.3816,,,,,,,,,,,,,,False,,,,,,,,,0.129,,144.8,16.28,bike_error
2026-10-01T11:40:34.268,1790818833.998,117,topo_wokal_ebike,topo,False,-37.91099236859903,145.1288405825334,False,1451.4670,1338.4760,1451.4670,1338.4760,,,,,,,,,,,,,,False,,,,,,,,,0.129,,144.8,16.28,bike_error
2026-10-01T11:40:34.268,1790818833.998,117,topo_wkal_ebike,topo,True,-37.91099236859903,145.1288405825334,False,1451.4670,1338.4760,1448.8507,1328.3816,,,,,,,,,,,,,,False,,,,,,,,,0.129,,144.8,16.28,bike_error
2026-10-01T11:40:34.268,1790818833.998,117,fuzzy_wokal_ebike,fuzzy,False,-37.91099236859903,145.1288405825334,False,1451.4670,1338.4760,1451.4670,1338.4760,,,,,,,,,,,,,,False,,,,,,,,,0.129,,144.8,16.28,bike_error
2026-10-01T11:40:34.268,1790818833.998,117,fuzzy_wkal_ebike,fuzzy,True,-37.91099236859903,145.1288405825334,False,1451.4670,1338.4760,1448.8507,1328.3816,,,,,,,,,,,,,,False,,,,,,,,,0.129,,144.8,16.28,bike_error
2026-10-01T11:40:34.268,1790818833.998,117,hmm_wokal_ebike,hmm,False,-37.91099236859903,145.1288405825334,False,1451.4670,1338.4760,1451.4670,1338.4760,,,,,,,,,,,,,,False,,,,,,,,,0.129,,144.8,16.28,bike_error
2026-10-01T11:40:34.268,1790818833.998,117,hmm_wkal_ebike,hmm,True,-37.91099236859903,145.1288405825334,False,1451.4670,1338.4760,1448.8507,1328.3816,,,,,,,,,,,,,,False,,,,,,,,,0.129,,144.8,16.28,bike_error
2026-10-01T11:40:34.268,1790818833.998,117,st_wokal_ebike,st,False,-37.91099236859903,145.1288405825334,False,1451.4670,1338.4760,1451.4670,1338.4760,,,,,,,,,,,,,,False,,,,,,,,,0.129,,144.8,16.28,bike_error
2026-10-01T11:40:34.268,1790818833.998,117,st_wkal_ebike,st,True,-37.91099236859903,145.1288405825334,False,1451.4670,1338.4760,1448.8507,1328.3816,,,,,,,,,,,,,,False,,,,,,,,,0.129,,144.8,16.28,bike_error
2026-10-01T11:40:36.368,1790818835.998,118,native_wokal_ebike,native,False,-37.911005456809875,145.12883201762932,False,1450.7432,1337.0085,1450.7432,1337.0085,,,,,,,,,,,,,,False,,,,,,,,,0.326,,144.8,16.60,bike_error
2026-10-01T11:40:36.368,1790818835.998,118,native_wkal_ebike,native,True,-37.911005456809875,145.12883201762932,False,1450.7432,1337.0085,1448.6566,1325.9332,,,,,,,,,,,,,,False,,,,,,,,,0.326,,144.8,16.60,bike_error
2026-10-01T11:40:36.368,1790818835.998,118,topo_wokal_ebike,topo,False,-37.911005456809875,145.12883201762932,False,1450.7432,1337.0085,1450.7432,1337.0085,,,,,,,,,,,,,,False,,,,,,,,,0.326,,144.8,16.60,bike_error
2026-10-01T11:40:36.368,1790818835.998,118,topo_wkal_ebike,topo,True,-37.911005456809875,145.12883201762932,False,1450.7432,1337.0085,1448.6566,1325.9332,,,,,,,,,,,,,,False,,,,,,,,,0.326,,144.8,16.60,bike_error
2026-10-01T11:40:36.368,1790818835.998,118,fuzzy_wokal_ebike,fuzzy,False,-37.911005456809875,145.12883201762932,False,1450.7432,1337.0085,1450.7432,1337.0085,,,,,,,,,,,,,,False,,,,,,,,,0.326,,144.8,16.60,bike_error
2026-10-01T11:40:36.368,1790818835.998,118,fuzzy_wkal_ebike,fuzzy,True,-37.911005456809875,145.12883201762932,False,1450.7432,1337.0085,1448.6566,1325.9332,,,,,,,,,,,,,,False,,,,,,,,,0.326,,144.8,16.60,bike_error
2026-10-01T11:40:36.368,1790818835.998,118,hmm_wokal_ebike,hmm,False,-37.911005456809875,145.12883201762932,False,1450.7432,1337.0085,1450.7432,1337.0085,,,,,,,,,,,,,,False,,,,,,,,,0.326,,144.8,16.60,bike_error
2026-10-01T11:40:36.368,1790818835.998,118,hmm_wkal_ebike,hmm,True,-37.911005456809875,145.12883201762932,False,1450.7432,1337.0085,1448.6566,1325.9332,,,,,,,,,,,,,,False,,,,,,,,,0.326,,144.8,16.60,bike_error
2026-10-01T11:40:36.368,1790818835.998,118,st_wokal_ebike,st,False,-37.911005456809875,145.12883201762932,False,1450.7432,1337.0085,1450.7432,1337.0085,,,,,,,,,,,,,,False,,,,,,,,,0.326,,144.8,16.60,bike_error
2026-10-01T11:40:36.368,1790818835.998,118,st_wkal_ebike,st,True,-37.911005456809875,145.12883201762932,False,1450.7432,1337.0085,1448.6566,1325.9332,,,,,,,,,,,,,,False,,,,,,,,,0.326,,144.8,16.60,bike_error
2026-10-01T11:40:38.442,1790818837.998,119,native_wokal_ebike,native,False,-37.911025322996174,145.12883417760764,False,1450.9774,1334.8079,1450.9774,1334.8079,,,,,,,,,,,,,,False,,,,,,,,,0.635,,168.8,16.47,bike_error
2026-10-01T11:40:38.442,1790818837.998,119,native_wkal_ebike,native,True,-37.911025322996174,145.12883417760764,False,1450.9774,1334.8079,1448.6898,1324.1261,,,,,,,,,,,,,,False,,,,,,,,,0.635,,168.8,16.47,bike_error
2026-10-01T11:40:38.442,1790818837.998,119,topo_wokal_ebike,topo,False,-37.911025322996174,145.12883417760764,False,1450.9774,1334.8079,1450.9774,1334.8079,,,,,,,,,,,,,,False,,,,,,,,,0.635,,168.8,16.47,bike_error
2026-10-01T11:40:38.442,1790818837.998,119,topo_wkal_ebike,topo,True,-37.911025322996174,145.12883417760764,False,1450.9774,1334.8079,1448.6898,1324.1261,,,,,,,,,,,,,,False,,,,,,,,,0.635,,168.8,16.47,bike_error
2026-10-01T11:40:38.442,1790818837.998,119,fuzzy_wokal_ebike,fuzzy,False,-37.911025322996174,145.12883417760764,False,1450.9774,1334.8079,1450.9774,1334.8079,,,,,,,,,,,,,,False,,,,,,,,,0.635,,168.8,16.47,bike_error
2026-10-01T11:40:38.442,1790818837.998,119,fuzzy_wkal_ebike,fuzzy,True,-37.911025322996174,145.12883417760764,False,1450.9774,1334.8079,1448.6898,1324.1261,,,,,,,,,,,,,,False,,,,,,,,,0.635,,168.8,16.47,bike_error
2026-10-01T11:40:38.442,1790818837.998,119,hmm_wokal_ebike,hmm,False,-37.911025322996174,145.12883417760764,False,1450.9774,1334.8079,1450.9774,1334.8079,,,,,,,,,,,,,,False,,,,,,,,,0.635,,168.8,16.47,bike_error
2026-10-01T11:40:38.442,1790818837.998,119,hmm_wkal_ebike,hmm,True,-37.911025322996174,145.12883417760764,False,1450.9774,1334.8079,1448.6898,1324.1261,,,,,,,,,,,,,,False,,,,,,,,,0.635,,168.8,16.47,bike_error
2026-10-01T11:40:38.442,1790818837.998,119,st_wokal_ebike,st,False,-37.911025322996174,145.12883417760764,False,1450.9774,1334.8079,1450.9774,1334.8079,,,,,,,,,,,,,,False,,,,,,,,,0.635,,168.8,16.47,bike_error
2026-10-01T11:40:38.442,1790818837.998,119,st_wkal_ebike,st,True,-37.911025322996174,145.12883417760764,False,1450.9774,1334.8079,1448.6898,1324.1261,,,,,,,,,,,,,,False,,,,,,,,,0.635,,168.8,16.47,bike_error
2026-10-01T11:40:40.541,1790818839.998,120,native_wokal_ebike,native,False,-37.91102364540453,145.1288346503199,False,1451.0152,1334.9949,1451.0152,1334.9949,,,,,,,,,,,,,,False,,,,,,,,,0.000,,172.7,16.35,bike_error
2026-10-01T11:40:40.541,1790818839.998,120,native_wkal_ebike,native,True,-37.91102364540453,145.1288346503199,False,1451.0152,1334.9949,1448.8387,1323.4163,,,,,,,,,,,,,,False,,,,,,,,,0.000,,172.7,16.35,bike_error
2026-10-01T11:40:40.541,1790818839.998,120,topo_wokal_ebike,topo,False,-37.91102364540453,145.1288346503199,False,1451.0152,1334.9949,1451.0152,1334.9949,,,,,,,,,,,,,,False,,,,,,,,,0.000,,172.7,16.35,bike_error
2026-10-01T11:40:40.541,1790818839.998,120,topo_wkal_ebike,topo,True,-37.91102364540453,145.1288346503199,False,1451.0152,1334.9949,1448.8387,1323.4163,,,,,,,,,,,,,,False,,,,,,,,,0.000,,172.7,16.35,bike_error
2026-10-01T11:40:40.541,1790818839.998,120,fuzzy_wokal_ebike,fuzzy,False,-37.91102364540453,145.1288346503199,False,1451.0152,1334.9949,1451.0152,1334.9949,,,,,,,,,,,,,,False,,,,,,,,,0.000,,172.7,16.35,bike_error
2026-10-01T11:40:40.541,1790818839.998,120,fuzzy_wkal_ebike,fuzzy,True,-37.91102364540453,145.1288346503199,False,1451.0152,1334.9949,1448.8387,1323.4163,,,,,,,,,,,,,,False,,,,,,,,,0.000,,172.7,16.35,bike_error
2026-10-01T11:40:40.541,1790818839.998,120,hmm_wokal_ebike,hmm,False,-37.91102364540453,145.1288346503199,False,1451.0152,1334.9949,1451.0152,1334.9949,,,,,,,,,,,,,,False,,,,,,,,,0.000,,172.7,16.35,bike_error
2026-10-01T11:40:40.541,1790818839.998,120,hmm_wkal_ebike,hmm,True,-37.91102364540453,145.1288346503199,False,1451.0152,1334.9949,1448.8387,1323.4163,,,,,,,,,,,,,,False,,,,,,,,,0.000,,172.7,16.35,bike_error
2026-10-01T11:40:40.541,1790818839.998,120,st_wokal_ebike,st,False,-37.91102364540453,145.1288346503199,False,1451.0152,1334.9949,1451.0152,1334.9949,,,,,,,,,,,,,,False,,,,,,,,,0.000,,172.7,16.35,bike_error
2026-10-01T11:40:40.541,1790818839.998,120,st_wkal_ebike,st,True,-37.91102364540453,145.1288346503199,False,1451.0152,1334.9949,1448.8387,1323.4163,,,,,,,,,,,,,,False,,,,,,,,,0.000,,172.7,16.35,bike_error
2026-10-01T11:40:42.616,1790818841.998,121,native_wokal_ebike,native,False,-37.91102364540453,145.1288346503199,False,1451.0152,1334.9949,1451.0152,1334.9949,,,,,,,,,,,,,,False,,,,,,,,,0.000,,172.7,18.24,bike_error
2026-10-01T11:40:42.616,1790818841.998,121,native_wkal_ebike,native,True,-37.91102364540453,145.1288346503199,False,1451.0152,1334.9949,1448.9286,1322.7523,,,,,,,,,,,,,,False,,,,,,,,,0.000,,172.7,18.24,bike_error
2026-10-01T11:40:42.616,1790818841.998,121,topo_wokal_ebike,topo,False,-37.91102364540453,145.1288346503199,False,1451.0152,1334.9949,1451.0152,1334.9949,,,,,,,,,,,,,,False,,,,,,,,,0.000,,172.7,18.24,bike_error
2026-10-01T11:40:42.616,1790818841.998,121,topo_wkal_ebike,topo,True,-37.91102364540453,145.1288346503199,False,1451.0152,1334.9949,1448.9286,1322.7523,,,,,,,,,,,,,,False,,,,,,,,,0.000,,172.7,18.24,bike_error
2026-10-01T11:40:42.616,1790818841.998,121,fuzzy_wokal_ebike,fuzzy,False,-37.91102364540453,145.1288346503199,False,1451.0152,1334.9949,1451.0152,1334.9949,,,,,,,,,,,,,,False,,,,,,,,,0.000,,172.7,18.24,bike_error
2026-10-01T11:40:42.616,1790818841.998,121,fuzzy_wkal_ebike,fuzzy,True,-37.91102364540453,145.1288346503199,False,1451.0152,1334.9949,1448.9286,1322.7523,,,,,,,,,,,,,,False,,,,,,,,,0.000,,172.7,18.24,bike_error
2026-10-01T11:40:42.616,1790818841.998,121,hmm_wokal_ebike,hmm,False,-37.91102364540453,145.1288346503199,False,1451.0152,1334.9949,1451.0152,1334.9949,,,,,,,,,,,,,,False,,,,,,,,,0.000,,172.7,18.24,bike_error
2026-10-01T11:40:42.616,1790818841.998,121,hmm_wkal_ebike,hmm,True,-37.91102364540453,145.1288346503199,False,1451.0152,1334.9949,1448.9286,1322.7523,,,,,,,,,,,,,,False,,,,,,,,,0.000,,172.7,18.24,bike_error
2026-10-01T11:40:42.616,1790818841.998,121,st_wokal_ebike,st,False,-37.91102364540453,145.1288346503199,False,1451.0152,1334.9949,1451.0152,1334.9949,,,,,,,,,,,,,,False,,,,,,,,,0.000,,172.7,18.24,bike_error
2026-10-01T11:40:42.616,1790818841.998,121,st_wkal_ebike,st,True,-37.91102364540453,145.1288346503199,False,1451.0152,1334.9949,1448.9286,1322.7523,,,,,,,,,,,,,,False,,,,,,,,,0.000,,172.7,18.24,bike_error
2026-10-01T11:40:44.705,1790818843.998,122,native_wokal_ebike,native,False,-37.91102364540453,145.1288346503199,False,1451.0152,1334.9949,1451.0152,1334.9949,,,,,,,,,,,,,,False,,,,,,,,,0.000,,172.7,18.50,bike_error
2026-10-01T11:40:44.705,1790818843.998,122,native_wkal_ebike,native,True,-37.91102364540453,145.1288346503199,False,1451.0152,1334.9949,1449.0906,1322.8019,,,,,,,,,,,,,,False,,,,,,,,,0.000,,172.7,18.50,bike_error
2026-10-01T11:40:44.705,1790818843.998,122,topo_wokal_ebike,topo,False,-37.91102364540453,145.1288346503199,False,1451.0152,1334.9949,1451.0152,1334.9949,,,,,,,,,,,,,,False,,,,,,,,,0.000,,172.7,18.50,bike_error
2026-10-01T11:40:44.705,1790818843.998,122,topo_wkal_ebike,topo,True,-37.91102364540453,145.1288346503199,False,1451.0152,1334.9949,1449.0906,1322.8019,,,,,,,,,,,,,,False,,,,,,,,,0.000,,172.7,18.50,bike_error
2026-10-01T11:40:44.705,1790818843.998,122,fuzzy_wokal_ebike,fuzzy,False,-37.91102364540453,145.1288346503199,False,1451.0152,1334.9949,1451.0152,1334.9949,,,,,,,,,,,,,,False,,,,,,,,,0.000,,172.7,18.50,bike_error
2026-10-01T11:40:44.705,1790818843.998,122,fuzzy_wkal_ebike,fuzzy,True,-37.91102364540453,145.1288346503199,False,1451.0152,1334.9949,1449.0906,1322.8019,,,,,,,,,,,,,,False,,,,,,,,,0.000,,172.7,18.50,bike_error
2026-10-01T11:40:44.705,1790818843.998,122,hmm_wokal_ebike,hmm,False,-37.91102364540453,145.1288346503199,False,1451.0152,1334.9949,1451.0152,1334.9949,,,,,,,,,,,,,,False,,,,,,,,,0.000,,172.7,18.50,bike_error
2026-10-01T11:40:44.705,1790818843.998,122,hmm_wkal_ebike,hmm,True,-37.91102364540453,145.1288346503199,False,1451.0152,1334.9949,1449.0906,1322.8019,,,,,,,,,,,,,,False,,,,,,,,,0.000,,172.7,18.50,bike_error
2026-10-01T11:40:44.705,1790818843.998,122,st_wokal_ebike,st,False,-37.91102364540453,145.1288346503199,False,1451.0152,1334.9949,1451.0152,1334.9949,,,,,,,,,,,,,,False,,,,,,,,,0.000,,172.7,18.50,bike_error
2026-10-01T11:40:44.705,1790818843.998,122,st_wkal_ebike,st,True,-37.91102364540453,145.1288346503199,False,1451.0152,1334.9949,1449.0906,1322.8019,,,,,,,,,,,,,,False,,,,,,,,,0.000,,172.7,18.50,bike_error
2026-10-01T11:40:46.790,1790818845.998,123,native_wokal_ebike,native,False,-37.91102364540453,145.1288346503199,False,1451.0152,1334.9949,1451.0152,1334.9949,,,,,,,,,,,,,,False,,,,,,,,,0.000,,172.7,17.45,bike_error
2026-10-01T11:40:46.790,1790818845.998,123,native_wkal_ebike,native,True,-37.91102364540453,145.1288346503199,False,1451.0152,1334.9949,1449.3608,1323.8058,,,,,,,,,,,,,,False,,,,,,,,,0.000,,172.7,17.45,bike_error
2026-10-01T11:40:46.790,1790818845.998,123,topo_wokal_ebike,topo,False,-37.91102364540453,145.1288346503199,False,1451.0152,1334.9949,1451.0152,1334.9949,,,,,,,,,,,,,,False,,,,,,,,,0.000,,172.7,17.45,bike_error
2026-10-01T11:40:46.790,1790818845.998,123,topo_wkal_ebike,topo,True,-37.91102364540453,145.1288346503199,False,1451.0152,1334.9949,1449.3608,1323.8058,,,,,,,,,,,,,,False,,,,,,,,,0.000,,172.7,17.45,bike_error
2026-10-01T11:40:46.790,1790818845.998,123,fuzzy_wokal_ebike,fuzzy,False,-37.91102364540453,145.1288346503199,False,1451.0152,1334.9949,1451.0152,1334.9949,,,,,,,,,,,,,,False,,,,,,,,,0.000,,172.7,17.45,bike_error
2026-10-01T11:40:46.790,1790818845.998,123,fuzzy_wkal_ebike,fuzzy,True,-37.91102364540453,145.1288346503199,False,1451.0152,1334.9949,1449.3608,1323.8058,,,,,,,,,,,,,,False,,,,,,,,,0.000,,172.7,17.45,bike_error
2026-10-01T11:40:46.790,1790818845.998,123,hmm_wokal_ebike,hmm,False,-37.91102364540453,145.1288346503199,False,1451.0152,1334.9949,1451.0152,1334.9949,,,,,,,,,,,,,,False,,,,,,,,,0.000,,172.7,17.45,bike_error
2026-10-01T11:40:46.790,1790818845.998,123,hmm_wkal_ebike,hmm,True,-37.91102364540453,145.1288346503199,False,1451.0152,1334.9949,1449.3608,1323.8058,,,,,,,,,,,,,,False,,,,,,,,,0.000,,172.7,17.45,bike_error
2026-10-01T11:40:46.790,1790818845.998,123,st_wokal_ebike,st,False,-37.91102364540453,145.1288346503199,False,1451.0152,1334.9949,1451.0152,1334.9949,,,,,,,,,,,,,,False,,,,,,,,,0.000,,172.7,17.45,bike_error
2026-10-01T11:40:46.790,1790818845.998,123,st_wkal_ebike,st,True,-37.91102364540453,145.1288346503199,False,1451.0152,1334.9949,1449.3608,1323.8058,,,,,,,,,,,,,,False,,,,,,,,,0.000,,172.7,17.45,bike_error
2026-10-01T11:40:48.862,1790818847.999,124,native_wokal_ebike,native,False,-37.91102364540453,145.1288346503199,False,1451.0152,1334.9949,1451.0152,1334.9949,,,,,,,,,,,,,,False,,,,,,,,,0.000,,172.7,16.81,bike_error
2026-10-01T11:40:48.862,1790818847.999,124,native_wkal_ebike,native,True,-37.91102364540453,145.1288346503199,False,1451.0152,1334.9949,1449.6587,1325.2363,,,,,,,,,,,,,,False,,,,,,,,,0.000,,172.7,16.81,bike_error
2026-10-01T11:40:48.862,1790818847.999,124,topo_wokal_ebike,topo,False,-37.91102364540453,145.1288346503199,False,1451.0152,1334.9949,1451.0152,1334.9949,,,,,,,,,,,,,,False,,,,,,,,,0.000,,172.7,16.81,bike_error
2026-10-01T11:40:48.862,1790818847.999,124,topo_wkal_ebike,topo,True,-37.91102364540453,145.1288346503199,False,1451.0152,1334.9949,1449.6587,1325.2363,,,,,,,,,,,,,,False,,,,,,,,,0.000,,172.7,16.81,bike_error
2026-10-01T11:40:48.862,1790818847.999,124,fuzzy_wokal_ebike,fuzzy,False,-37.91102364540453,145.1288346503199,False,1451.0152,1334.9949,1451.0152,1334.9949,,,,,,,,,,,,,,False,,,,,,,,,0.000,,172.7,16.81,bike_error
2026-10-01T11:40:48.862,1790818847.999,124,fuzzy_wkal_ebike,fuzzy,True,-37.91102364540453,145.1288346503199,False,1451.0152,1334.9949,1449.6587,1325.2363,,,,,,,,,,,,,,False,,,,,,,,,0.000,,172.7,16.81,bike_error
2026-10-01T11:40:48.862,1790818847.999,124,hmm_wokal_ebike,hmm,False,-37.91102364540453,145.1288346503199,False,1451.0152,1334.9949,1451.0152,1334.9949,,,,,,,,,,,,,,False,,,,,,,,,0.000,,172.7,16.81,bike_error
2026-10-01T11:40:48.862,1790818847.999,124,hmm_wkal_ebike,hmm,True,-37.91102364540453,145.1288346503199,False,1451.0152,1334.9949,1449.6587,1325.2363,,,,,,,,,,,,,,False,,,,,,,,,0.000,,172.7,16.81,bike_error
2026-10-01T11:40:48.862,1790818847.999,124,st_wokal_ebike,st,False,-37.91102364540453,145.1288346503199,False,1451.0152,1334.9949,1451.0152,1334.9949,,,,,,,,,,,,,,False,,,,,,,,,0.000,,172.7,16.81,bike_error
2026-10-01T11:40:48.862,1790818847.999,124,st_wkal_ebike,st,True,-37.91102364540453,145.1288346503199,False,1451.0152,1334.9949,1449.6587,1325.2363,,,,,,,,,,,,,,False,,,,,,,,,0.000,,172.7,16.81,bike_error
2026-10-01T11:40:50.949,1790818849.999,125,native_wokal_ebike,native,False,-37.91102364540453,145.1288346503199,False,1451.0152,1334.9949,1451.0152,1334.9949,,,,,,,,,,,,,,False,,,,,,,,,0.000,,172.7,16.27,bike_error
2026-10-01T11:40:50.949,1790818849.999,125,native_wkal_ebike,native,True,-37.91102364540453,145.1288346503199,False,1451.0152,1334.9949,1449.9467,1326.8088,,,,,,,,,,,,,,False,,,,,,,,,0.000,,172.7,16.27,bike_error
2026-10-01T11:40:50.949,1790818849.999,125,topo_wokal_ebike,topo,False,-37.91102364540453,145.1288346503199,False,1451.0152,1334.9949,1451.0152,1334.9949,,,,,,,,,,,,,,False,,,,,,,,,0.000,,172.7,16.27,bike_error
2026-10-01T11:40:50.949,1790818849.999,125,topo_wkal_ebike,topo,True,-37.91102364540453,145.1288346503199,False,1451.0152,1334.9949,1449.9467,1326.8088,,,,,,,,,,,,,,False,,,,,,,,,0.000,,172.7,16.27,bike_error
2026-10-01T11:40:50.949,1790818849.999,125,fuzzy_wokal_ebike,fuzzy,False,-37.91102364540453,145.1288346503199,False,1451.0152,1334.9949,1451.0152,1334.9949,,,,,,,,,,,,,,False,,,,,,,,,0.000,,172.7,16.27,bike_error
2026-10-01T11:40:50.949,1790818849.999,125,fuzzy_wkal_ebike,fuzzy,True,-37.91102364540453,145.1288346503199,False,1451.0152,1334.9949,1449.9467,1326.8088,,,,,,,,,,,,,,False,,,,,,,,,0.000,,172.7,16.27,bike_error
2026-10-01T11:40:50.949,1790818849.999,125,hmm_wokal_ebike,hmm,False,-37.91102364540453,145.1288346503199,False,1451.0152,1334.9949,1451.0152,1334.9949,,,,,,,,,,,,,,False,,,,,,,,,0.000,,172.7,16.27,bike_error
2026-10-01T11:40:50.949,1790818849.999,125,hmm_wkal_ebike,hmm,True,-37.91102364540453,145.1288346503199,False,1451.0152,1334.9949,1449.9467,1326.8088,,,,,,,,,,,,,,False,,,,,,,,,0.000,,172.7,16.27,bike_error
2026-10-01T11:40:50.949,1790818849.999,125,st_wokal_ebike,st,False,-37.91102364540453,145.1288346503199,False,1451.0152,1334.9949,1451.0152,1334.9949,,,,,,,,,,,,,,False,,,,,,,,,0.000,,172.7,16.27,bike_error
2026-10-01T11:40:50.949,1790818849.999,125,st_wkal_ebike,st,True,-37.91102364540453,145.1288346503199,False,1451.0152,1334.9949,1449.9467,1326.8088,,,,,,,,,,,,,,False,,,,,,,,,0.000,,172.7,16.27,bike_error
2026-10-01T11:40:53.038,1790818852.999,126,native_wokal_ebike,native,False,-37.91102364540453,145.1288346503199,False,1451.0152,1334.9949,1451.0152,1334.9949,,,,,,,,,,,,,,False,,,,,,,,,0.000,,172.7,15.78,bike_error
2026-10-01T11:40:53.038,1790818852.999,126,native_wkal_ebike,native,True,-37.91102364540453,145.1288346503199,False,1451.0152,1334.9949,1450.2154,1328.2393,,,,,,,,,,,,,,False,,,,,,,,,0.000,,172.7,15.78,bike_error
2026-10-01T11:40:53.038,1790818852.999,126,topo_wokal_ebike,topo,False,-37.91102364540453,145.1288346503199,False,1451.0152,1334.9949,1451.0152,1334.9949,,,,,,,,,,,,,,False,,,,,,,,,0.000,,172.7,15.78,bike_error
2026-10-01T11:40:53.038,1790818852.999,126,topo_wkal_ebike,topo,True,-37.91102364540453,145.1288346503199,False,1451.0152,1334.9949,1450.2154,1328.2393,,,,,,,,,,,,,,False,,,,,,,,,0.000,,172.7,15.78,bike_error
2026-10-01T11:40:53.038,1790818852.999,126,fuzzy_wokal_ebike,fuzzy,False,-37.91102364540453,145.1288346503199,False,1451.0152,1334.9949,1451.0152,1334.9949,,,,,,,,,,,,,,False,,,,,,,,,0.000,,172.7,15.78,bike_error
2026-10-01T11:40:53.038,1790818852.999,126,fuzzy_wkal_ebike,fuzzy,True,-37.91102364540453,145.1288346503199,False,1451.0152,1334.9949,1450.2154,1328.2393,,,,,,,,,,,,,,False,,,,,,,,,0.000,,172.7,15.78,bike_error
2026-10-01T11:40:53.038,1790818852.999,126,hmm_wokal_ebike,hmm,False,-37.91102364540453,145.1288346503199,False,1451.0152,1334.9949,1451.0152,1334.9949,,,,,,,,,,,,,,False,,,,,,,,,0.000,,172.7,15.78,bike_error
2026-10-01T11:40:53.038,1790818852.999,126,hmm_wkal_ebike,hmm,True,-37.91102364540453,145.1288346503199,False,1451.0152,1334.9949,1450.2154,1328.2393,,,,,,,,,,,,,,False,,,,,,,,,0.000,,172.7,15.78,bike_error
2026-10-01T11:40:53.038,1790818852.999,126,st_wokal_ebike,st,False,-37.91102364540453,145.1288346503199,False,1451.0152,1334.9949,1451.0152,1334.9949,,,,,,,,,,,,,,False,,,,,,,,,0.000,,172.7,15.78,bike_error
2026-10-01T11:40:53.038,1790818852.999,126,st_wkal_ebike,st,True,-37.91102364540453,145.1288346503199,False,1451.0152,1334.9949,1450.2154,1328.2393,,,,,,,,,,,,,,False,,,,,,,,,0.000,,172.7,15.78,bike_error
2026-10-01T11:40:55.140,1790818854.999,127,native_wokal_ebike,native,False,-37.91102364540453,145.1288346503199,False,1451.0152,1334.9949,1451.0152,1334.9949,,,,,,,,,,,,,,False,,,,,,,,,0.000,,172.7,15.30,bike_error
2026-10-01T11:40:55.140,1790818854.999,127,native_wkal_ebike,native,True,-37.91102364540453,145.1288346503199,False,1451.0152,1334.9949,1450.4604,1329.9354,,,,,,,,,,,,,,False,,,,,,,,,0.000,,172.7,15.30,bike_error
2026-10-01T11:40:55.140,1790818854.999,127,topo_wokal_ebike,topo,False,-37.91102364540453,145.1288346503199,False,1451.0152,1334.9949,1451.0152,1334.9949,,,,,,,,,,,,,,False,,,,,,,,,0.000,,172.7,15.30,bike_error
2026-10-01T11:40:55.140,1790818854.999,127,topo_wkal_ebike,topo,True,-37.91102364540453,145.1288346503199,False,1451.0152,1334.9949,1450.4604,1329.9354,,,,,,,,,,,,,,False,,,,,,,,,0.000,,172.7,15.30,bike_error
2026-10-01T11:40:55.140,1790818854.999,127,fuzzy_wokal_ebike,fuzzy,False,-37.91102364540453,145.1288346503199,False,1451.0152,1334.9949,1451.0152,1334.9949,,,,,,,,,,,,,,False,,,,,,,,,0.000,,172.7,15.30,bike_error
2026-10-01T11:40:55.140,1790818854.999,127,fuzzy_wkal_ebike,fuzzy,True,-37.91102364540453,145.1288346503199,False,1451.0152,1334.9949,1450.4604,1329.9354,,,,,,,,,,,,,,False,,,,,,,,,0.000,,172.7,15.30,bike_error
2026-10-01T11:40:55.140,1790818854.999,127,hmm_wokal_ebike,hmm,False,-37.91102364540453,145.1288346503199,False,1451.0152,1334.9949,1451.0152,1334.9949,,,,,,,,,,,,,,False,,,,,,,,,0.000,,172.7,15.30,bike_error
2026-10-01T11:40:55.140,1790818854.999,127,hmm_wkal_ebike,hmm,True,-37.91102364540453,145.1288346503199,False,1451.0152,1334.9949,1450.4604,1329.9354,,,,,,,,,,,,,,False,,,,,,,,,0.000,,172.7,15.30,bike_error
2026-10-01T11:40:55.140,1790818854.999,127,st_wokal_ebike,st,False,-37.91102364540453,145.1288346503199,False,1451.0152,1334.9949,1451.0152,1334.9949,,,,,,,,,,,,,,False,,,,,,,,,0.000,,172.7,15.30,bike_error
2026-10-01T11:40:55.140,1790818854.999,127,st_wkal_ebike,st,True,-37.91102364540453,145.1288346503199,False,1451.0152,1334.9949,1450.4604,1329.9354,,,,,,,,,,,,,,False,,,,,,,,,0.000,,172.7,15.30,bike_error
2026-10-01T11:40:57.212,1790818856.999,128,native_wokal_ebike,native,False,-37.91102364540453,145.1288346503199,False,1451.0152,1334.9949,1451.0152,1334.9949,,,,,,,,,,,,,,False,,,,,,,,,0.000,,172.7,14.95,bike_error
2026-10-01T11:40:57.212,1790818856.999,128,native_wkal_ebike,native,True,-37.91102364540453,145.1288346503199,False,1451.0152,1334.9949,1450.6487,1331.2890,,,,,,,,,,,,,,False,,,,,,,,,0.000,,172.7,14.95,bike_error
2026-10-01T11:40:57.212,1790818856.999,128,topo_wokal_ebike,topo,False,-37.91102364540453,145.1288346503199,False,1451.0152,1334.9949,1451.0152,1334.9949,,,,,,,,,,,,,,False,,,,,,,,,0.000,,172.7,14.95,bike_error
2026-10-01T11:40:57.212,1790818856.999,128,topo_wkal_ebike,topo,True,-37.91102364540453,145.1288346503199,False,1451.0152,1334.9949,1450.6487,1331.2890,,,,,,,,,,,,,,False,,,,,,,,,0.000,,172.7,14.95,bike_error
2026-10-01T11:40:57.212,1790818856.999,128,fuzzy_wokal_ebike,fuzzy,False,-37.91102364540453,145.1288346503199,False,1451.0152,1334.9949,1451.0152,1334.9949,,,,,,,,,,,,,,False,,,,,,,,,0.000,,172.7,14.95,bike_error
2026-10-01T11:40:57.212,1790818856.999,128,fuzzy_wkal_ebike,fuzzy,True,-37.91102364540453,145.1288346503199,False,1451.0152,1334.9949,1450.6487,1331.2890,,,,,,,,,,,,,,False,,,,,,,,,0.000,,172.7,14.95,bike_error
2026-10-01T11:40:57.212,1790818856.999,128,hmm_wokal_ebike,hmm,False,-37.91102364540453,145.1288346503199,False,1451.0152,1334.9949,1451.0152,1334.9949,,,,,,,,,,,,,,False,,,,,,,,,0.000,,172.7,14.95,bike_error
2026-10-01T11:40:57.212,1790818856.999,128,hmm_wkal_ebike,hmm,True,-37.91102364540453,145.1288346503199,False,1451.0152,1334.9949,1450.6487,1331.2890,,,,,,,,,,,,,,False,,,,,,,,,0.000,,172.7,14.95,bike_error
2026-10-01T11:40:57.212,1790818856.999,128,st_wokal_ebike,st,False,-37.91102364540453,145.1288346503199,False,1451.0152,1334.9949,1451.0152,1334.9949,,,,,,,,,,,,,,False,,,,,,,,,0.000,,172.7,14.95,bike_error
2026-10-01T11:40:57.212,1790818856.999,128,st_wkal_ebike,st,True,-37.91102364540453,145.1288346503199,False,1451.0152,1334.9949,1450.6487,1331.2890,,,,,,,,,,,,,,False,,,,,,,,,0.000,,172.7,14.95,bike_error
2026-10-01T11:40:59.363,1790818858.999,129,native_wokal_ebike,native,False,-37.911037629623394,145.12885799395886,False,1453.0986,1333.4843,1453.0986,1333.4843,,,,,,,,,,,,,,False,,,,,,,,,0.076,,95.9,14.82,bike_error
2026-10-01T11:40:59.363,1790818858.999,129,native_wkal_ebike,native,True,-37.911037629623394,145.12885799395886,False,1453.0986,1333.4843,1451.4439,1331.8832,,,,,,,,,,,,,,False,,,,,,,,,0.076,,95.9,14.82,bike_error
2026-10-01T11:40:59.363,1790818858.999,129,topo_wokal_ebike,topo,False,-37.911037629623394,145.12885799395886,False,1453.0986,1333.4843,1453.0986,1333.4843,,,,,,,,,,,,,,False,,,,,,,,,0.076,,95.9,14.82,bike_error
2026-10-01T11:40:59.363,1790818858.999,129,topo_wkal_ebike,topo,True,-37.911037629623394,145.12885799395886,False,1453.0986,1333.4843,1451.4439,1331.8832,,,,,,,,,,,,,,False,,,,,,,,,0.076,,95.9,14.82,bike_error
2026-10-01T11:40:59.363,1790818858.999,129,fuzzy_wokal_ebike,fuzzy,False,-37.911037629623394,145.12885799395886,False,1453.0986,1333.4843,1453.0986,1333.4843,,,,,,,,,,,,,,False,,,,,,,,,0.076,,95.9,14.82,bike_error
2026-10-01T11:40:59.363,1790818858.999,129,fuzzy_wkal_ebike,fuzzy,True,-37.911037629623394,145.12885799395886,False,1453.0986,1333.4843,1451.4439,1331.8832,,,,,,,,,,,,,,False,,,,,,,,,0.076,,95.9,14.82,bike_error
2026-10-01T11:40:59.363,1790818858.999,129,hmm_wokal_ebike,hmm,False,-37.911037629623394,145.12885799395886,False,1453.0986,1333.4843,1453.0986,1333.4843,,,,,,,,,,,,,,False,,,,,,,,,0.076,,95.9,14.82,bike_error
2026-10-01T11:40:59.363,1790818858.999,129,hmm_wkal_ebike,hmm,True,-37.911037629623394,145.12885799395886,False,1453.0986,1333.4843,1451.4439,1331.8832,,,,,,,,,,,,,,False,,,,,,,,,0.076,,95.9,14.82,bike_error
2026-10-01T11:40:59.363,1790818858.999,129,st_wokal_ebike,st,False,-37.911037629623394,145.12885799395886,False,1453.0986,1333.4843,1453.0986,1333.4843,,,,,,,,,,,,,,False,,,,,,,,,0.076,,95.9,14.82,bike_error
2026-10-01T11:40:59.363,1790818858.999,129,st_wkal_ebike,st,True,-37.911037629623394,145.12885799395886,False,1453.0986,1333.4843,1451.4439,1331.8832,,,,,,,,,,,,,,False,,,,,,,,,0.076,,95.9,14.82,bike_error
2026-10-01T11:41:01.421,1790818860.999,130,native_wokal_ebike,native,False,-37.91103785783031,145.1288575231665,False,1453.0577,1333.4581,1453.0577,1333.4581,,,,,,,,,,,,,,False,,,,,,,,,0.000,,95.9,14.37,bike_error
2026-10-01T11:41:01.421,1790818860.999,130,native_wkal_ebike,native,True,-37.91103785783031,145.1288575231665,False,1453.0577,1333.4581,1452.0670,1332.3707,,,,,,,,,,,,,,False,,,,,,,,,0.000,,95.9,14.37,bike_error
2026-10-01T11:41:01.421,1790818860.999,130,topo_wokal_ebike,topo,False,-37.91103785783031,145.1288575231665,False,1453.0577,1333.4581,1453.0577,1333.4581,,,,,,,,,,,,,,False,,,,,,,,,0.000,,95.9,14.37,bike_error
2026-10-01T11:41:01.421,1790818860.999,130,topo_wkal_ebike,topo,True,-37.91103785783031,145.1288575231665,False,1453.0577,1333.4581,1452.0670,1332.3707,,,,,,,,,,,,,,False,,,,,,,,,0.000,,95.9,14.37,bike_error
2026-10-01T11:41:01.421,1790818860.999,130,fuzzy_wokal_ebike,fuzzy,False,-37.91103785783031,145.1288575231665,False,1453.0577,1333.4581,1453.0577,1333.4581,,,,,,,,,,,,,,False,,,,,,,,,0.000,,95.9,14.37,bike_error
2026-10-01T11:41:01.421,1790818860.999,130,fuzzy_wkal_ebike,fuzzy,True,-37.91103785783031,145.1288575231665,False,1453.0577,1333.4581,1452.0670,1332.3707,,,,,,,,,,,,,,False,,,,,,,,,0.000,,95.9,14.37,bike_error
2026-10-01T11:41:01.421,1790818860.999,130,hmm_wokal_ebike,hmm,False,-37.91103785783031,145.1288575231665,False,1453.0577,1333.4581,1453.0577,1333.4581,,,,,,,,,,,,,,False,,,,,,,,,0.000,,95.9,14.37,bike_error
2026-10-01T11:41:01.421,1790818860.999,130,hmm_wkal_ebike,hmm,True,-37.91103785783031,145.1288575231665,False,1453.0577,1333.4581,1452.0670,1332.3707,,,,,,,,,,,,,,False,,,,,,,,,0.000,,95.9,14.37,bike_error
2026-10-01T11:41:01.421,1790818860.999,130,st_wokal_ebike,st,False,-37.91103785783031,145.1288575231665,False,1453.0577,1333.4581,1453.0577,1333.4581,,,,,,,,,,,,,,False,,,,,,,,,0.000,,95.9,14.37,bike_error
2026-10-01T11:41:01.421,1790818860.999,130,st_wkal_ebike,st,True,-37.91103785783031,145.1288575231665,False,1453.0577,1333.4581,1452.0670,1332.3707,,,,,,,,,,,,,,False,,,,,,,,,0.000,,95.9,14.37,bike_error
2026-10-01T11:41:03.514,1790818862.999,131,native_wokal_ebike,native,False,-37.91103785783031,145.1288575231665,False,1453.0577,1333.4581,1453.0577,1333.4581,,,,,,,,,,,,,,False,,,,,,,,,0.000,,95.9,13.96,bike_error
2026-10-01T11:41:03.514,1790818862.999,131,native_wkal_ebike,native,True,-37.91103785783031,145.1288575231665,False,1453.0577,1333.4581,1452.5474,1332.7644,,,,,,,,,,,,,,False,,,,,,,,,0.000,,95.9,13.96,bike_error
2026-10-01T11:41:03.514,1790818862.999,131,topo_wokal_ebike,topo,False,-37.91103785783031,145.1288575231665,False,1453.0577,1333.4581,1453.0577,1333.4581,,,,,,,,,,,,,,False,,,,,,,,,0.000,,95.9,13.96,bike_error
2026-10-01T11:41:03.514,1790818862.999,131,topo_wkal_ebike,topo,True,-37.91103785783031,145.1288575231665,False,1453.0577,1333.4581,1452.5474,1332.7644,,,,,,,,,,,,,,False,,,,,,,,,0.000,,95.9,13.96,bike_error
2026-10-01T11:41:03.514,1790818862.999,131,fuzzy_wokal_ebike,fuzzy,False,-37.91103785783031,145.1288575231665,False,1453.0577,1333.4581,1453.0577,1333.4581,,,,,,,,,,,,,,False,,,,,,,,,0.000,,95.9,13.96,bike_error
2026-10-01T11:41:03.514,1790818862.999,131,fuzzy_wkal_ebike,fuzzy,True,-37.91103785783031,145.1288575231665,False,1453.0577,1333.4581,1452.5474,1332.7644,,,,,,,,,,,,,,False,,,,,,,,,0.000,,95.9,13.96,bike_error
2026-10-01T11:41:03.514,1790818862.999,131,hmm_wokal_ebike,hmm,False,-37.91103785783031,145.1288575231665,False,1453.0577,1333.4581,1453.0577,1333.4581,,,,,,,,,,,,,,False,,,,,,,,,0.000,,95.9,13.96,bike_error
2026-10-01T11:41:03.514,1790818862.999,131,hmm_wkal_ebike,hmm,True,-37.91103785783031,145.1288575231665,False,1453.0577,1333.4581,1452.5474,1332.7644,,,,,,,,,,,,,,False,,,,,,,,,0.000,,95.9,13.96,bike_error
2026-10-01T11:41:03.514,1790818862.999,131,st_wokal_ebike,st,False,-37.91103785783031,145.1288575231665,False,1453.0577,1333.4581,1453.0577,1333.4581,,,,,,,,,,,,,,False,,,,,,,,,0.000,,95.9,13.96,bike_error
2026-10-01T11:41:03.514,1790818862.999,131,st_wkal_ebike,st,True,-37.91103785783031,145.1288575231665,False,1453.0577,1333.4581,1452.5474,1332.7644,,,,,,,,,,,,,,False,,,,,,,,,0.000,,95.9,13.96,bike_error
2026-10-01T11:41:05.599,1790818864.999,132,native_wokal_ebike,native,False,-37.91103785783031,145.1288575231665,False,1453.0577,1333.4581,1453.0577,1333.4581,,,,,,,,,,,,,,False,,,,,,,,,0.000,,95.9,13.50,bike_error
2026-10-01T11:41:05.599,1790818864.999,132,native_wkal_ebike,native,True,-37.91103785783031,145.1288575231665,False,1453.0577,1333.4581,1452.9031,1333.0730,,,,,,,,,,,,,,False,,,,,,,,,0.000,,95.9,13.50,bike_error
2026-10-01T11:41:05.599,1790818864.999,132,topo_wokal_ebike,topo,False,-37.91103785783031,145.1288575231665,False,1453.0577,1333.4581,1453.0577,1333.4581,,,,,,,,,,,,,,False,,,,,,,,,0.000,,95.9,13.50,bike_error
2026-10-01T11:41:05.599,1790818864.999,132,topo_wkal_ebike,topo,True,-37.91103785783031,145.1288575231665,False,1453.0577,1333.4581,1452.9031,1333.0730,,,,,,,,,,,,,,False,,,,,,,,,0.000,,95.9,13.50,bike_error
2026-10-01T11:41:05.599,1790818864.999,132,fuzzy_wokal_ebike,fuzzy,False,-37.91103785783031,145.1288575231665,False,1453.0577,1333.4581,1453.0577,1333.4581,,,,,,,,,,,,,,False,,,,,,,,,0.000,,95.9,13.50,bike_error
2026-10-01T11:41:05.599,1790818864.999,132,fuzzy_wkal_ebike,fuzzy,True,-37.91103785783031,145.1288575231665,False,1453.0577,1333.4581,1452.9031,1333.0730,,,,,,,,,,,,,,False,,,,,,,,,0.000,,95.9,13.50,bike_error
2026-10-01T11:41:05.599,1790818864.999,132,hmm_wokal_ebike,hmm,False,-37.91103785783031,145.1288575231665,False,1453.0577,1333.4581,1453.0577,1333.4581,,,,,,,,,,,,,,False,,,,,,,,,0.000,,95.9,13.50,bike_error
2026-10-01T11:41:05.599,1790818864.999,132,hmm_wkal_ebike,hmm,True,-37.91103785783031,145.1288575231665,False,1453.0577,1333.4581,1452.9031,1333.0730,,,,,,,,,,,,,,False,,,,,,,,,0.000,,95.9,13.50,bike_error
2026-10-01T11:41:05.599,1790818864.999,132,st_wokal_ebike,st,False,-37.91103785783031,145.1288575231665,False,1453.0577,1333.4581,1453.0577,1333.4581,,,,,,,,,,,,,,False,,,,,,,,,0.000,,95.9,13.50,bike_error
2026-10-01T11:41:05.599,1790818864.999,132,st_wkal_ebike,st,True,-37.91103785783031,145.1288575231665,False,1453.0577,1333.4581,1452.9031,1333.0730,,,,,,,,,,,,,,False,,,,,,,,,0.000,,95.9,13.50,bike_error
2026-10-01T11:41:07.696,1790818866.999,133,native_wokal_ebike,native,False,-37.91103785783031,145.1288575231665,False,1453.0577,1333.4581,1453.0577,1333.4581,,,,,,,,,,,,,,False,,,,,,,,,0.000,,95.9,13.36,bike_error
2026-10-01T11:41:07.696,1790818866.999,133,native_wkal_ebike,native,True,-37.91103785783031,145.1288575231665,False,1453.0577,1333.4581,1453.1523,1333.3017,,,,,,,,,,,,,,False,,,,,,,,,0.000,,95.9,13.36,bike_error
2026-10-01T11:41:07.696,1790818866.999,133,topo_wokal_ebike,topo,False,-37.91103785783031,145.1288575231665,False,1453.0577,1333.4581,1453.0577,1333.4581,,,,,,,,,,,,,,False,,,,,,,,,0.000,,95.9,13.36,bike_error
2026-10-01T11:41:07.696,1790818866.999,133,topo_wkal_ebike,topo,True,-37.91103785783031,145.1288575231665,False,1453.0577,1333.4581,1453.1523,1333.3017,,,,,,,,,,,,,,False,,,,,,,,,0.000,,95.9,13.36,bike_error
2026-10-01T11:41:07.696,1790818866.999,133,fuzzy_wokal_ebike,fuzzy,False,-37.91103785783031,145.1288575231665,False,1453.0577,1333.4581,1453.0577,1333.4581,,,,,,,,,,,,,,False,,,,,,,,,0.000,,95.9,13.36,bike_error
2026-10-01T11:41:07.696,1790818866.999,133,fuzzy_wkal_ebike,fuzzy,True,-37.91103785783031,145.1288575231665,False,1453.0577,1333.4581,1453.1523,1333.3017,,,,,,,,,,,,,,False,,,,,,,,,0.000,,95.9,13.36,bike_error
2026-10-01T11:41:07.696,1790818866.999,133,hmm_wokal_ebike,hmm,False,-37.91103785783031,145.1288575231665,False,1453.0577,1333.4581,1453.0577,1333.4581,,,,,,,,,,,,,,False,,,,,,,,,0.000,,95.9,13.36,bike_error
2026-10-01T11:41:07.696,1790818866.999,133,hmm_wkal_ebike,hmm,True,-37.91103785783031,145.1288575231665,False,1453.0577,1333.4581,1453.1523,1333.3017,,,,,,,,,,,,,,False,,,,,,,,,0.000,,95.9,13.36,bike_error
2026-10-01T11:41:07.696,1790818866.999,133,st_wokal_ebike,st,False,-37.91103785783031,145.1288575231665,False,1453.0577,1333.4581,1453.0577,1333.4581,,,,,,,,,,,,,,False,,,,,,,,,0.000,,95.9,13.36,bike_error
2026-10-01T11:41:07.696,1790818866.999,133,st_wkal_ebike,st,True,-37.91103785783031,145.1288575231665,False,1453.0577,1333.4581,1453.1523,1333.3017,,,,,,,,,,,,,,False,,,,,,,,,0.000,,95.9,13.36,bike_error
2026-10-01T11:41:09.769,1790818868.999,134,native_wokal_ebike,native,False,-37.91103785783031,145.1288575231665,False,1453.0577,1333.4581,1453.0577,1333.4581,,,,,,,,,,,,,,False,,,,,,,,,0.000,,95.9,13.49,bike_error
2026-10-01T11:41:09.769,1790818868.999,134,native_wkal_ebike,native,True,-37.91103785783031,145.1288575231665,False,1453.0577,1333.4581,1453.3203,1333.4659,,,,,,,,,,,,,,False,,,,,,,,,0.000,,95.9,13.49,bike_error
2026-10-01T11:41:09.769,1790818868.999,134,topo_wokal_ebike,topo,False,-37.91103785783031,145.1288575231665,False,1453.0577,1333.4581,1453.0577,1333.4581,,,,,,,,,,,,,,False,,,,,,,,,0.000,,95.9,13.49,bike_error
2026-10-01T11:41:09.769,1790818868.999,134,topo_wkal_ebike,topo,True,-37.91103785783031,145.1288575231665,False,1453.0577,1333.4581,1453.3203,1333.4659,,,,,,,,,,,,,,False,,,,,,,,,0.000,,95.9,13.49,bike_error
2026-10-01T11:41:09.769,1790818868.999,134,fuzzy_wokal_ebike,fuzzy,False,-37.91103785783031,145.1288575231665,False,1453.0577,1333.4581,1453.0577,1333.4581,,,,,,,,,,,,,,False,,,,,,,,,0.000,,95.9,13.49,bike_error
2026-10-01T11:41:09.769,1790818868.999,134,fuzzy_wkal_ebike,fuzzy,True,-37.91103785783031,145.1288575231665,False,1453.0577,1333.4581,1453.3203,1333.4659,,,,,,,,,,,,,,False,,,,,,,,,0.000,,95.9,13.49,bike_error
2026-10-01T11:41:09.769,1790818868.999,134,hmm_wokal_ebike,hmm,False,-37.91103785783031,145.1288575231665,False,1453.0577,1333.4581,1453.0577,1333.4581,,,,,,,,,,,,,,False,,,,,,,,,0.000,,95.9,13.49,bike_error
2026-10-01T11:41:09.769,1790818868.999,134,hmm_wkal_ebike,hmm,True,-37.91103785783031,145.1288575231665,False,1453.0577,1333.4581,1453.3203,1333.4659,,,,,,,,,,,,,,False,,,,,,,,,0.000,,95.9,13.49,bike_error
2026-10-01T11:41:09.769,1790818868.999,134,st_wokal_ebike,st,False,-37.91103785783031,145.1288575231665,False,1453.0577,1333.4581,1453.0577,1333.4581,,,,,,,,,,,,,,False,,,,,,,,,0.000,,95.9,13.49,bike_error
2026-10-01T11:41:09.769,1790818868.999,134,st_wkal_ebike,st,True,-37.91103785783031,145.1288575231665,False,1453.0577,1333.4581,1453.3203,1333.4659,,,,,,,,,,,,,,False,,,,,,,,,0.000,,95.9,13.49,bike_error
2026-10-01T11:41:11.869,1790818870.999,135,native_wokal_ebike,native,False,-37.91103785783031,145.1288575231665,False,1453.0577,1333.4581,1453.0577,1333.4581,,,,,,,,,,,,,,False,,,,,,,,,0.000,,95.9,13.57,bike_error
2026-10-01T11:41:11.869,1790818870.999,135,native_wkal_ebike,native,True,-37.91103785783031,145.1288575231665,False,1453.0577,1333.4581,1453.4242,1333.5797,,,,,,,,,,,,,,False,,,,,,,,,0.000,,95.9,13.57,bike_error
2026-10-01T11:41:11.869,1790818870.999,135,topo_wokal_ebike,topo,False,-37.91103785783031,145.1288575231665,False,1453.0577,1333.4581,1453.0577,1333.4581,,,,,,,,,,,,,,False,,,,,,,,,0.000,,95.9,13.57,bike_error
2026-10-01T11:41:11.869,1790818870.999,135,topo_wkal_ebike,topo,True,-37.91103785783031,145.1288575231665,False,1453.0577,1333.4581,1453.4242,1333.5797,,,,,,,,,,,,,,False,,,,,,,,,0.000,,95.9,13.57,bike_error
2026-10-01T11:41:11.869,1790818870.999,135,fuzzy_wokal_ebike,fuzzy,False,-37.91103785783031,145.1288575231665,False,1453.0577,1333.4581,1453.0577,1333.4581,,,,,,,,,,,,,,False,,,,,,,,,0.000,,95.9,13.57,bike_error
2026-10-01T11:41:11.869,1790818870.999,135,fuzzy_wkal_ebike,fuzzy,True,-37.91103785783031,145.1288575231665,False,1453.0577,1333.4581,1453.4242,1333.5797,,,,,,,,,,,,,,False,,,,,,,,,0.000,,95.9,13.57,bike_error
2026-10-01T11:41:11.869,1790818870.999,135,hmm_wokal_ebike,hmm,False,-37.91103785783031,145.1288575231665,False,1453.0577,1333.4581,1453.0577,1333.4581,,,,,,,,,,,,,,False,,,,,,,,,0.000,,95.9,13.57,bike_error
2026-10-01T11:41:11.869,1790818870.999,135,hmm_wkal_ebike,hmm,True,-37.91103785783031,145.1288575231665,False,1453.0577,1333.4581,1453.4242,1333.5797,,,,,,,,,,,,,,False,,,,,,,,,0.000,,95.9,13.57,bike_error
2026-10-01T11:41:11.869,1790818870.999,135,st_wokal_ebike,st,False,-37.91103785783031,145.1288575231665,False,1453.0577,1333.4581,1453.0577,1333.4581,,,,,,,,,,,,,,False,,,,,,,,,0.000,,95.9,13.57,bike_error
2026-10-01T11:41:11.869,1790818870.999,135,st_wkal_ebike,st,True,-37.91103785783031,145.1288575231665,False,1453.0577,1333.4581,1453.4242,1333.5797,,,,,,,,,,,,,,False,,,,,,,,,0.000,,95.9,13.57,bike_error
2026-10-01T11:41:13.957,1790818872.999,136,native_wokal_ebike,native,False,-37.91103785783031,145.1288575231665,False,1453.0577,1333.4581,1453.0577,1333.4581,,,,,,,,,,,,,,False,,,,,,,,,0.000,,95.9,13.34,bike_error
2026-10-01T11:41:13.957,1790818872.999,136,native_wkal_ebike,native,True,-37.91103785783031,145.1288575231665,False,1453.0577,1333.4581,1453.4719,1333.6500,,,,,,,,,,,,,,False,,,,,,,,,0.000,,95.9,13.34,bike_error
2026-10-01T11:41:13.957,1790818872.999,136,topo_wokal_ebike,topo,False,-37.91103785783031,145.1288575231665,False,1453.0577,1333.4581,1453.0577,1333.4581,,,,,,,,,,,,,,False,,,,,,,,,0.000,,95.9,13.34,bike_error
2026-10-01T11:41:13.957,1790818872.999,136,topo_wkal_ebike,topo,True,-37.91103785783031,145.1288575231665,False,1453.0577,1333.4581,1453.4719,1333.6500,,,,,,,,,,,,,,False,,,,,,,,,0.000,,95.9,13.34,bike_error
2026-10-01T11:41:13.957,1790818872.999,136,fuzzy_wokal_ebike,fuzzy,False,-37.91103785783031,145.1288575231665,False,1453.0577,1333.4581,1453.0577,1333.4581,,,,,,,,,,,,,,False,,,,,,,,,0.000,,95.9,13.34,bike_error
2026-10-01T11:41:13.957,1790818872.999,136,fuzzy_wkal_ebike,fuzzy,True,-37.91103785783031,145.1288575231665,False,1453.0577,1333.4581,1453.4719,1333.6500,,,,,,,,,,,,,,False,,,,,,,,,0.000,,95.9,13.34,bike_error
2026-10-01T11:41:13.957,1790818872.999,136,hmm_wokal_ebike,hmm,False,-37.91103785783031,145.1288575231665,False,1453.0577,1333.4581,1453.0577,1333.4581,,,,,,,,,,,,,,False,,,,,,,,,0.000,,95.9,13.34,bike_error
2026-10-01T11:41:13.957,1790818872.999,136,hmm_wkal_ebike,hmm,True,-37.91103785783031,145.1288575231665,False,1453.0577,1333.4581,1453.4719,1333.6500,,,,,,,,,,,,,,False,,,,,,,,,0.000,,95.9,13.34,bike_error
2026-10-01T11:41:13.957,1790818872.999,136,st_wokal_ebike,st,False,-37.91103785783031,145.1288575231665,False,1453.0577,1333.4581,1453.0577,1333.4581,,,,,,,,,,,,,,False,,,,,,,,,0.000,,95.9,13.34,bike_error
2026-10-01T11:41:13.957,1790818872.999,136,st_wkal_ebike,st,True,-37.91103785783031,145.1288575231665,False,1453.0577,1333.4581,1453.4719,1333.6500,,,,,,,,,,,,,,False,,,,,,,,,0.000,,95.9,13.34,bike_error
