wall_time,phone_timestamp,fix_seq,vehicle_id,method,kalman,lat,lon,matched,raw_x,raw_y,filt_x,filt_y,match_x,match_y,matched_x,matched_y,matched_lat,matched_lon,actual_x,actual_y,edge_id,lane_index,lane_pos,is_internal_edge,raw_dist,score,components,window_len,correction_m,match_error_raw_m,match_error_filt_m,match_ms,phone_speed_mps,sumo_speed_mps,phone_course_deg,accuracy_m,unmatched_reason
2026-10-01T10:44:44.650,1790815483.083,1,native_wokal_ebike,native,False,-37.908228143019215,145.13237552721085,True,1756.0961,1651.4405,1756.0961,1651.4405,1737.7161,1653.6919,1737.7161,1653.6919,,,1737.7161,1653.6919,1272942443#1,0,52.9825,False,,,,,18.5173,18.5173,18.5173,41.296,0.000,0.000,0.0,7.51,
2026-10-01T10:44:44.650,1790815483.083,1,native_wkal_ebike,native,True,-37.908228143019215,145.13237552721085,True,1756.0961,1651.4405,1756.0961,1651.4405,1737.7161,1653.6919,1737.7161,1653.6919,,,1737.7161,1653.6919,1272942443#1,0,52.9825,False,,,,,18.5173,18.5173,18.5173,13.418,0.000,0.000,0.0,7.51,
2026-10-01T10:44:44.650,1790815483.083,1,topo_wokal_ebike,topo,False,-37.908228143019215,145.13237552721085,True,1756.0961,1651.4405,1756.0961,1651.4405,1737.7162,1653.6929,1737.7162,1653.6929,,,1737.7162,1653.6929,1272942443#1,0,,False,18.5173,0.536696,prox=0.467 head=0.500 conn=0.500 turn=1.000,,18.5173,18.5173,18.5173,730.072,0.000,0.000,0.0,7.51,
2026-10-01T10:44:44.650,1790815483.083,1,topo_wkal_ebike,topo,True,-37.908228143019215,145.13237552721085,True,1756.0961,1651.4405,1756.0961,1651.4405,1737.7162,1653.6929,1737.7162,1653.6929,,,1737.7162,1653.6929,1272942443#1,0,,False,18.5173,0.536696,prox=0.467 head=0.500 conn=0.500 turn=1.000,,18.5173,18.5173,18.5173,644.537,0.000,0.000,0.0,7.51,
2026-10-01T10:44:44.650,1790815483.083,1,fuzzy_wokal_ebike,fuzzy,False,-37.908228143019215,145.13237552721085,True,1756.0961,1651.4405,1756.0961,1651.4405,1735.7215,1653.9353,1735.7215,1653.9353,,,1735.7215,1653.9353,-1272942443#1,0,,False,20.5268,50.000000,short=0.000 small=1.000 angle_diff=6.981 mode=confirmed,,20.5268,20.5268,20.5268,1196.105,0.000,0.000,0.0,7.51,
2026-10-01T10:44:44.650,1790815483.083,1,fuzzy_wkal_ebike,fuzzy,True,-37.908228143019215,145.13237552721085,True,1756.0961,1651.4405,1756.0961,1651.4405,1735.7215,1653.9353,1735.7215,1653.9353,,,1735.7215,1653.9353,-1272942443#1,0,,False,20.5268,50.000000,short=0.000 small=1.000 angle_diff=6.981 mode=confirmed,,20.5268,20.5268,20.5268,663.773,0.000,0.000,0.0,7.51,
2026-10-01T10:44:44.650,1790815483.083,1,hmm_wokal_ebike,hmm,False,-37.908228143019215,145.13237552721085,True,1756.0961,1651.4405,1756.0961,1651.4405,1737.7162,1653.6929,1737.7162,1653.6929,,,1737.7162,1653.6929,1272942443#1,0,,False,18.5173,0.000000,emission=-5.977 transition=-- sigma=7.507 num_candidates=5.000,,18.5173,18.5173,18.5173,636.615,0.000,0.000,0.0,7.51,
2026-10-01T10:44:44.650,1790815483.083,1,hmm_wkal_ebike,hmm,True,-37.908228143019215,145.13237552721085,True,1756.0961,1651.4405,1756.0961,1651.4405,1737.7162,1653.6929,1737.7162,1653.6929,,,1737.7162,1653.6929,1272942443#1,0,,False,18.5173,0.000000,emission=-5.977 transition=-- sigma=7.507 num_candidates=5.000,,18.5173,18.5173,18.5173,647.581,0.000,0.000,0.0,7.51,
2026-10-01T10:44:44.650,1790815483.083,1,st_wokal_ebike,st,False,-37.908228143019215,145.13237552721085,True,1756.0961,1651.4405,1756.0961,1651.4405,1737.7162,1653.6929,1737.7162,1653.6929,,,1737.7162,1653.6929,1272942443#1,0,,False,18.5173,-4.343285,obs=0.013 trans=-- fs=0.013 ft=--,1,18.5173,18.5173,18.5173,653.619,0.000,0.000,0.0,7.51,
2026-10-01T10:44:44.650,1790815483.083,1,st_wkal_ebike,st,True,-37.908228143019215,145.13237552721085,True,1756.0961,1651.4405,1756.0961,1651.4405,1737.7162,1653.6929,1737.7162,1653.6929,,,1737.7162,1653.6929,1272942443#1,0,,False,18.5173,-4.343285,obs=0.013 trans=-- fs=0.013 ft=--,1,18.5173,18.5173,18.5173,631.883,0.000,0.000,0.0,7.51,
2026-10-01T10:44:54.679,1790815494.018,2,native_wokal_ebike,native,False,-37.90822632012103,145.1323754215604,True,1756.0827,1651.6426,1756.0827,1651.6426,1737.7403,1653.8894,1737.7403,1653.8894,,,,,1272942443#1,0,52.7835,False,,,,,18.4795,18.4795,18.4795,23.595,0.000,,0.0,7.03,spawn_failed
2026-10-01T10:44:54.679,1790815494.018,2,native_wkal_ebike,native,True,-37.90822632012103,145.1323754215604,True,1756.0827,1651.6426,1756.0829,1651.6395,1737.7399,1653.8863,1737.7399,1653.8863,,,,,1272942443#1,0,52.7866,False,,,,,18.4795,18.4795,18.4801,19.534,0.000,,0.0,7.03,spawn_failed
2026-10-01T10:44:54.679,1790815494.018,2,topo_wokal_ebike,topo,False,-37.90822632012103,145.1323754215604,True,1756.0827,1651.6426,1756.0827,1651.6426,1737.7404,1653.8904,1737.7404,1653.8904,,,,,1272942443#1,0,,False,18.4795,0.637278,prox=0.468 head=0.500 conn=1.000 turn=1.000,,18.4795,18.4795,18.4795,0.998,0.000,,0.0,7.03,spawn_failed
2026-10-01T10:44:54.679,1790815494.018,2,topo_wkal_ebike,topo,True,-37.90822632012103,145.1323754215604,True,1756.0827,1651.6426,1756.0829,1651.6395,1737.7401,1653.8874,1737.7401,1653.8874,,,,,1272942443#1,0,,False,18.4801,0.637269,prox=0.468 head=0.500 conn=1.000 turn=1.000,,18.4795,18.4795,18.4801,0.905,0.000,,0.0,7.03,spawn_failed
2026-10-01T10:44:54.679,1790815494.018,2,fuzzy_wokal_ebike,fuzzy,False,-37.90822632012103,145.1323754215604,True,1756.0827,1651.6426,1756.0827,1651.6426,1735.7456,1654.1328,1735.7456,1654.1328,,,1735.7456,1654.1328,-1272942443#1,0,,False,20.4890,50.000000,short=0.000 small=1.000 angle_diff=6.981 mode=following,,20.4890,20.4890,20.4890,0.131,0.000,0.000,0.0,7.03,
2026-10-01T10:44:54.679,1790815494.018,2,fuzzy_wkal_ebike,fuzzy,True,-37.90822632012103,145.1323754215604,True,1756.0827,1651.6426,1756.0829,1651.6395,1735.7453,1654.1297,1735.7453,1654.1297,,,1735.7453,1654.1297,-1272942443#1,0,,False,20.4895,50.000000,short=0.000 small=1.000 angle_diff=6.981 mode=following,,20.4890,20.4890,20.4895,0.115,0.000,0.000,0.0,7.03,
2026-10-01T10:44:54.679,1790815494.018,2,hmm_wokal_ebike,hmm,False,-37.90822632012103,145.1323754215604,True,1756.0827,1651.6426,1756.0827,1651.6426,1737.7404,1653.8904,1737.7404,1653.8904,,,,,1272942443#1,0,,False,18.4795,0.000000,emission=-6.325 transition=1.592 sigma=7.029 num_candidates=5.000,,18.4795,18.4795,18.4795,117.521,0.000,,0.0,7.03,spawn_failed
2026-10-01T10:44:54.679,1790815494.018,2,hmm_wkal_ebike,hmm,True,-37.90822632012103,145.1323754215604,True,1756.0827,1651.6426,1756.0829,1651.6395,1737.7401,1653.8874,1737.7401,1653.8874,,,,,1272942443#1,0,,False,18.4801,0.000000,emission=-6.325 transition=1.592 sigma=7.029 num_candidates=5.000,,18.4795,18.4795,18.4801,117.393,0.000,,0.0,7.03,spawn_failed
2026-10-01T10:44:54.679,1790815494.018,2,st_wokal_ebike,st,False,-37.90822632012103,145.1323754215604,True,1756.0827,1651.6426,1756.0827,1651.6426,1737.7404,1653.8904,1737.7404,1653.8904,,,,,1272942443#1,0,,False,18.4795,-8.684820,obs=0.013 trans=1.000 fs=0.013 ft=1.000,2,18.4795,18.4795,18.4795,132.337,0.000,,0.0,7.03,spawn_failed
2026-10-01T10:44:54.679,1790815494.018,2,st_wkal_ebike,st,True,-37.90822632012103,145.1323754215604,True,1756.0827,1651.6426,1756.0829,1651.6395,1737.7401,1653.8874,1737.7401,1653.8874,,,,,1272942443#1,0,,False,18.4801,-8.684847,obs=0.013 trans=1.000 fs=0.013 ft=1.000,2,18.4795,18.4795,18.4801,100.763,0.000,,0.0,7.03,spawn_failed
2026-10-01T10:44:59.295,1790815498.089,3,native_wokal_ebike,native,False,-37.90822632011444,145.13237542156003,True,1756.0827,1651.6426,1756.0827,1651.6426,1737.7403,1653.8894,1737.7403,1653.8894,,,,,1272942443#1,0,52.7835,False,,,,,18.4795,18.4795,18.4795,25.632,0.000,,0.0,7.03,spawn_failed
2026-10-01T10:44:59.295,1790815498.089,3,native_wkal_ebike,native,True,-37.90822632011444,145.13237542156003,True,1756.0827,1651.6426,1756.0813,1651.6637,1737.7428,1653.9100,1737.7428,1653.9100,,,,,1272942443#1,0,52.7627,False,,,,,18.4795,18.4795,18.4755,18.555,0.000,,0.0,7.03,spawn_failed
2026-10-01T10:44:59.295,1790815498.089,3,topo_wokal_ebike,topo,False,-37.90822632011444,145.13237542156003,True,1756.0827,1651.6426,1756.0827,1651.6426,1737.7404,1653.8904,1737.7404,1653.8904,,,,,1272942443#1,0,,False,18.4795,0.637278,prox=0.468 head=0.500 conn=1.000 turn=1.000,,18.4795,18.4795,18.4795,0.997,0.000,,0.0,7.03,spawn_failed
2026-10-01T10:44:59.295,1790815498.089,3,topo_wkal_ebike,topo,True,-37.90822632011444,145.13237542156003,True,1756.0827,1651.6426,1756.0813,1651.6637,1737.7430,1653.9111,1737.7430,1653.9111,,,,,1272942443#1,0,,False,18.4755,0.637339,prox=0.468 head=0.500 conn=1.000 turn=1.000,,18.4795,18.4795,18.4755,0.957,0.000,,0.0,7.03,spawn_failed
2026-10-01T10:44:59.295,1790815498.089,3,fuzzy_wokal_ebike,fuzzy,False,-37.90822632011444,145.13237542156003,True,1756.0827,1651.6426,1756.0827,1651.6426,1735.7456,1654.1328,1735.7456,1654.1328,,,1735.7456,1654.1328,-1272942443#1,0,,False,20.4890,50.000000,short=0.000 small=1.000 angle_diff=6.981 mode=following,,20.4890,20.4890,20.4890,0.127,0.000,0.000,0.0,7.03,
2026-10-01T10:44:59.295,1790815498.089,3,fuzzy_wkal_ebike,fuzzy,True,-37.90822632011444,145.13237542156003,True,1756.0827,1651.6426,1756.0813,1651.6637,1735.7482,1654.1534,1735.7482,1654.1534,,,1735.7482,1654.1534,-1272942443#1,0,,False,20.4850,50.000000,short=0.000 small=1.000 angle_diff=6.981 mode=following,,20.4890,20.4890,20.4850,0.111,0.000,0.000,0.0,7.03,
2026-10-01T10:44:59.295,1790815498.089,3,hmm_wokal_ebike,hmm,False,-37.90822632011444,145.13237542156003,True,1756.0827,1651.6426,1756.0827,1651.6426,1737.7404,1653.8904,1737.7404,1653.8904,,,,,1272942443#1,0,,False,18.4795,0.000000,emission=-6.325 transition=1.609 sigma=7.029 num_candidates=5.000,,18.4795,18.4795,18.4795,1.839,0.000,,0.0,7.03,spawn_failed
2026-10-01T10:44:59.295,1790815498.089,3,hmm_wkal_ebike,hmm,True,-37.90822632011444,145.13237542156003,True,1756.0827,1651.6426,1756.0813,1651.6637,1737.7430,1653.9111,1737.7430,1653.9111,,,,,1272942443#1,0,,False,18.4755,0.000000,emission=-6.324 transition=1.607 sigma=7.029 num_candidates=5.000,,18.4795,18.4795,18.4755,1.416,0.000,,0.0,7.03,spawn_failed
2026-10-01T10:44:59.295,1790815498.089,3,st_wokal_ebike,st,False,-37.90822632011444,145.13237542156003,True,1756.0827,1651.6426,1756.0827,1651.6426,1737.7404,1653.8904,1737.7404,1653.8904,,,,,1272942443#1,0,,False,18.4795,-13.026356,obs=0.013 trans=1.000 fs=0.013 ft=1.000,3,18.4795,18.4795,18.4795,1.977,0.000,,0.0,7.03,spawn_failed
2026-10-01T10:44:59.295,1790815498.089,3,st_wkal_ebike,st,True,-37.90822632011444,145.13237542156003,True,1756.0827,1651.6426,1756.0813,1651.6637,1737.7430,1653.9111,1737.7430,1653.9111,,,,,1272942443#1,0,,False,18.4755,-13.026200,obs=0.013 trans=1.000 fs=0.013 ft=1.000,3,18.4795,18.4795,18.4755,1.805,0.000,,0.0,7.03,spawn_failed
2026-10-01T10:45:07.537,1790815506.019,4,native_wokal_ebike,native,False,-37.90822488766343,145.13237533427173,True,1756.0719,1651.8014,1756.0719,1651.8014,1737.7593,1654.0445,1737.7593,1654.0445,,,,,1272942443#1,0,52.6272,False,,,,,18.4494,18.4494,18.4494,19.004,0.000,,0.0,6.63,spawn_failed
2026-10-01T10:45:07.537,1790815506.019,4,native_wkal_ebike,native,True,-37.90822488766343,145.13237533427173,True,1756.0719,1651.8014,1756.0724,1651.7943,1737.7585,1654.0376,1737.7585,1654.0376,,,,,1272942443#1,0,52.6342,False,,,,,18.4494,18.4494,18.4508,22.351,0.000,,0.0,6.63,spawn_failed
2026-10-01T10:45:07.537,1790815506.019,4,topo_wokal_ebike,topo,False,-37.90822488766343,145.13237533427173,True,1756.0719,1651.8014,1756.0719,1651.8014,1737.7595,1654.0456,1737.7595,1654.0456,,,,,1272942443#1,0,,False,18.4494,0.637741,prox=0.469 head=0.500 conn=1.000 turn=1.000,,18.4494,18.4494,18.4494,0.614,0.000,,0.0,6.63,spawn_failed
2026-10-01T10:45:07.537,1790815506.019,4,topo_wkal_ebike,topo,True,-37.90822488766343,145.13237533427173,True,1756.0719,1651.8014,1756.0724,1651.7943,1737.7586,1654.0386,1737.7586,1654.0386,,,,,1272942443#1,0,,False,18.4508,0.637719,prox=0.469 head=0.500 conn=1.000 turn=1.000,,18.4494,18.4494,18.4508,0.552,0.000,,0.0,6.63,spawn_failed
2026-10-01T10:45:07.537,1790815506.019,4,fuzzy_wokal_ebike,fuzzy,False,-37.90822488766343,145.13237533427173,True,1756.0719,1651.8014,1756.0719,1651.8014,1735.7600,1654.2500,1735.7600,1654.2500,,,1735.7600,1654.2500,-1272942443#1,0,,False,20.4589,50.000000,short=0.000 small=1.000 angle_diff=6.981 mode=following,,20.4589,20.4589,20.4589,0.082,0.000,0.000,0.0,6.63,
2026-10-01T10:45:07.537,1790815506.019,4,fuzzy_wkal_ebike,fuzzy,True,-37.90822488766343,145.13237533427173,True,1756.0719,1651.8014,1756.0724,1651.7943,1735.7600,1654.2500,1735.7600,1654.2500,,,1735.7600,1654.2500,-1272942443#1,0,,False,20.4603,50.000000,short=0.000 small=1.000 angle_diff=6.981 mode=following,,20.4589,20.4589,20.4603,0.079,0.000,0.000,0.0,6.63,
2026-10-01T10:45:07.537,1790815506.019,4,hmm_wokal_ebike,hmm,False,-37.90822488766343,145.13237533427173,True,1756.0719,1651.8014,1756.0719,1651.8014,1737.7595,1654.0456,1737.7595,1654.0456,,,,,1272942443#1,0,,False,18.4494,0.000000,emission=-6.681 transition=1.595 sigma=6.632 num_candidates=5.000,,18.4494,18.4494,18.4494,0.872,0.000,,0.0,6.63,spawn_failed
2026-10-01T10:45:07.537,1790815506.019,4,hmm_wkal_ebike,hmm,True,-37.90822488766343,145.13237533427173,True,1756.0719,1651.8014,1756.0724,1651.7943,1737.7586,1654.0386,1737.7586,1654.0386,,,,,1272942443#1,0,,False,18.4508,0.000000,emission=-6.681 transition=1.598 sigma=6.632 num_candidates=5.000,,18.4494,18.4494,18.4508,0.862,0.000,,0.0,6.63,spawn_failed
2026-10-01T10:45:07.537,1790815506.019,4,st_wokal_ebike,st,False,-37.90822488766343,145.13237533427173,True,1756.0719,1651.8014,1756.0719,1651.8014,1737.7595,1654.0456,1737.7595,1654.0456,,,,,1272942443#1,0,,False,18.4494,-17.366502,obs=0.013 trans=1.000 fs=0.013 ft=1.000,4,18.4494,18.4494,18.4494,1.188,0.000,,0.0,6.63,spawn_failed
2026-10-01T10:45:07.537,1790815506.019,4,st_wkal_ebike,st,True,-37.90822488766343,145.13237533427173,True,1756.0719,1651.8014,1756.0724,1651.7943,1737.7586,1654.0386,1737.7586,1654.0386,,,,,1272942443#1,0,,False,18.4508,-17.366412,obs=0.013 trans=1.000 fs=0.013 ft=1.000,4,18.4494,18.4494,18.4508,1.294,0.000,,0.0,6.63,spawn_failed
2026-10-01T10:45:13.681,1790815513.094,5,native_wokal_ebike,native,False,-37.90822373888181,145.13237526426917,True,1756.0632,1651.9288,1756.0632,1651.9288,1737.7599,1654.0489,1737.7599,1654.0489,,,,,1272942443#1,0,52.6227,False,,,,,18.4257,18.4257,18.4257,25.472,0.000,,0.0,6.29,spawn_failed
2026-10-01T10:45:13.681,1790815513.094,5,native_wkal_ebike,native,True,-37.90822373888181,145.13237526426917,True,1756.0632,1651.9288,1756.0636,1651.9228,1737.7599,1654.0489,1737.7599,1654.0489,,,,,1272942443#1,0,52.6227,False,,,,,18.4257,18.4257,18.4268,18.355,0.000,,0.0,6.29,spawn_failed
2026-10-01T10:45:13.681,1790815513.094,5,topo_wokal_ebike,topo,False,-37.90822373888181,145.13237526426917,True,1756.0632,1651.9288,1756.0632,1651.9288,1737.7600,1654.0500,1737.7600,1654.0500,,,,,1272942443#1,0,,False,18.4257,0.638107,prox=0.470 head=0.500 conn=1.000 turn=1.000,,18.4257,18.4257,18.4257,0.627,0.000,,0.0,6.29,spawn_failed
2026-10-01T10:45:13.681,1790815513.094,5,topo_wkal_ebike,topo,True,-37.90822373888181,145.13237526426917,True,1756.0632,1651.9288,1756.0636,1651.9228,1737.7600,1654.0500,1737.7600,1654.0500,,,,,1272942443#1,0,,False,18.4268,0.638089,prox=0.470 head=0.500 conn=1.000 turn=1.000,,18.4257,18.4257,18.4268,0.612,0.000,,0.0,6.29,spawn_failed
2026-10-01T10:45:13.681,1790815513.094,5,fuzzy_wokal_ebike,fuzzy,False,-37.90822373888181,145.13237526426917,True,1756.0632,1651.9288,1756.0632,1651.9288,1735.7600,1654.2500,1735.7600,1654.2500,,,1735.7600,1654.2500,-1272942443#1,0,,False,20.4354,50.000000,short=0.000 small=1.000 angle_diff=6.981 mode=following,,20.4354,20.4354,20.4354,0.072,0.000,0.000,0.0,6.29,
2026-10-01T10:45:13.681,1790815513.094,5,fuzzy_wkal_ebike,fuzzy,True,-37.90822373888181,145.13237526426917,True,1756.0632,1651.9288,1756.0636,1651.9228,1735.7600,1654.2500,1735.7600,1654.2500,,,1735.7600,1654.2500,-1272942443#1,0,,False,20.4365,50.000000,short=0.000 small=1.000 angle_diff=6.981 mode=following,,20.4354,20.4354,20.4365,0.071,0.000,0.000,0.0,6.29,
2026-10-01T10:45:13.681,1790815513.094,5,hmm_wokal_ebike,hmm,False,-37.90822373888181,145.13237526426917,True,1756.0632,1651.9288,1756.0632,1651.9288,1737.7600,1654.0500,1737.7600,1654.0500,,,,,1272942443#1,0,,False,18.4257,0.000000,emission=-7.043 transition=0.993 sigma=6.295 num_candidates=5.000,,18.4257,18.4257,18.4257,0.899,0.000,,0.0,6.29,spawn_failed
2026-10-01T10:45:13.681,1790815513.094,5,hmm_wkal_ebike,hmm,True,-37.90822373888181,145.13237526426917,True,1756.0632,1651.9288,1756.0636,1651.9228,1737.7600,1654.0500,1737.7600,1654.0500,,,,,1272942443#1,0,,False,18.4268,0.000000,emission=-7.043 transition=1.023 sigma=6.295 num_candidates=5.000,,18.4257,18.4257,18.4268,0.919,0.000,,0.0,6.29,spawn_failed
2026-10-01T10:45:13.681,1790815513.094,5,st_wokal_ebike,st,False,-37.90822373888181,145.13237526426917,True,1756.0632,1651.9288,1756.0632,1651.9288,1737.7600,1654.0500,1737.7600,1654.0500,,,,,1272942443#1,0,,False,18.4257,-21.705554,obs=0.013 trans=1.000 fs=0.013 ft=1.000,5,18.4257,18.4257,18.4257,1.587,0.000,,0.0,6.29,spawn_failed
2026-10-01T10:45:13.681,1790815513.094,5,st_wkal_ebike,st,True,-37.90822373888181,145.13237526426917,True,1756.0632,1651.9288,1756.0636,1651.9228,1737.7600,1654.0500,1737.7600,1654.0500,,,,,1272942443#1,0,,False,18.4268,-21.705515,obs=0.013 trans=1.000 fs=0.013 ft=1.000,5,18.4257,18.4257,18.4268,1.323,0.000,,0.0,6.29,spawn_failed
2026-10-01T10:45:25.855,1790815525.019,6,native_wokal_ebike,native,False,-37.90822278901757,145.13237520309718,True,1756.0557,1652.0341,1756.0557,1652.0341,1737.7599,1654.0489,1737.7599,1654.0489,,,,,1272942443#1,0,52.6227,False,,,,,18.4064,18.4064,18.4064,29.925,0.000,,0.0,6.01,spawn_failed
2026-10-01T10:45:25.855,1790815525.019,6,native_wkal_ebike,native,True,-37.90822278901757,145.13237520309718,True,1756.0557,1652.0341,1756.0549,1652.0453,1737.7599,1654.0489,1737.7599,1654.0489,,,,,1272942443#1,0,52.6227,False,,,,,18.4064,18.4064,18.4045,24.872,0.000,,0.0,6.01,spawn_failed
2026-10-01T10:45:25.855,1790815525.019,6,topo_wokal_ebike,topo,False,-37.90822278901757,145.13237520309718,True,1756.0557,1652.0341,1756.0557,1652.0341,1737.7600,1654.0500,1737.7600,1654.0500,,,,,1272942443#1,0,,False,18.4064,0.638404,prox=0.471 head=0.500 conn=1.000 turn=1.000,,18.4064,18.4064,18.4064,0.610,0.000,,0.0,6.01,spawn_failed
2026-10-01T10:45:25.855,1790815525.019,6,topo_wkal_ebike,topo,True,-37.90822278901757,145.13237520309718,True,1756.0557,1652.0341,1756.0549,1652.0453,1737.7600,1654.0500,1737.7600,1654.0500,,,,,1272942443#1,0,,False,18.4044,0.638434,prox=0.471 head=0.500 conn=1.000 turn=1.000,,18.4064,18.4064,18.4044,0.549,0.000,,0.0,6.01,spawn_failed
2026-10-01T10:45:25.855,1790815525.019,6,fuzzy_wokal_ebike,fuzzy,False,-37.90822278901757,145.13237520309718,True,1756.0557,1652.0341,1756.0557,1652.0341,1735.7600,1654.2500,1735.7600,1654.2500,,,1735.7600,1654.2500,-1272942443#1,0,,False,20.4163,50.000000,short=0.000 small=1.000 angle_diff=6.981 mode=following,,20.4163,20.4163,20.4163,0.089,0.000,0.000,0.0,6.01,
2026-10-01T10:45:25.855,1790815525.019,6,fuzzy_wkal_ebike,fuzzy,True,-37.90822278901757,145.13237520309718,True,1756.0557,1652.0341,1756.0549,1652.0453,1735.7600,1654.2500,1735.7600,1654.2500,,,1735.7600,1654.2500,-1272942443#1,0,,False,20.4143,50.000000,short=0.000 small=1.000 angle_diff=6.981 mode=following,,20.4163,20.4163,20.4143,0.098,0.000,0.000,0.0,6.01,
2026-10-01T10:45:25.855,1790815525.019,6,hmm_wokal_ebike,hmm,False,-37.90822278901757,145.13237520309718,True,1756.0557,1652.0341,1756.0557,1652.0341,1737.7600,1654.0500,1737.7600,1654.0500,,,,,1272942443#1,0,,False,18.4064,0.000000,emission=-7.408 transition=1.082 sigma=6.006 num_candidates=5.000,,18.4064,18.4064,18.4064,0.967,0.000,,0.0,6.01,spawn_failed
2026-10-01T10:45:25.855,1790815525.019,6,hmm_wkal_ebike,hmm,True,-37.90822278901757,145.13237520309718,True,1756.0557,1652.0341,1756.0549,1652.0453,1737.7600,1654.0500,1737.7600,1654.0500,,,,,1272942443#1,0,,False,18.4044,0.000000,emission=-7.407 transition=0.995 sigma=6.006 num_candidates=5.000,,18.4064,18.4064,18.4044,0.987,0.000,,0.0,6.01,spawn_failed
2026-10-01T10:45:25.855,1790815525.019,6,st_wokal_ebike,st,False,-37.90822278901757,145.13237520309718,True,1756.0557,1652.0341,1756.0557,1652.0341,1735.7600,1654.2500,1735.7600,1654.2500,,,,,-1272942443#1,0,,False,20.4163,-32.980942,obs=0.012 trans=0.001 fs=0.000 ft=1.000,6,20.4163,20.4163,20.4163,1.557,0.000,,0.0,6.01,spawn_failed
2026-10-01T10:45:25.855,1790815525.019,6,st_wkal_ebike,st,True,-37.90822278901757,145.13237520309718,True,1756.0557,1652.0341,1756.0549,1652.0453,1735.7600,1654.2500,1735.7600,1654.2500,,,,,-1272942443#1,0,,False,20.4143,-32.829388,obs=0.012 trans=0.001 fs=0.000 ft=1.000,6,20.4163,20.4163,20.4143,1.718,0.000,,0.0,6.01,spawn_failed
2026-10-01T10:45:29.989,1790815528.098,7,native_wokal_ebike,native,False,-37.90822278901553,145.13237520309704,True,1756.0557,1652.0341,1756.0557,1652.0341,1737.7599,1654.0489,1737.7599,1654.0489,,,,,1272942443#1,0,52.6227,False,,,,,18.4064,18.4064,18.4064,24.577,0.000,,0.0,6.01,spawn_failed
2026-10-01T10:45:29.989,1790815528.098,7,native_wkal_ebike,native,True,-37.90822278901553,145.13237520309704,True,1756.0557,1652.0341,1756.0544,1652.0523,1737.7599,1654.0489,1737.7599,1654.0489,,,,,1272942443#1,0,52.6227,False,,,,,18.4064,18.4064,18.4032,15.353,0.000,,0.0,6.01,spawn_failed
2026-10-01T10:45:29.989,1790815528.098,7,topo_wokal_ebike,topo,False,-37.90822278901553,145.13237520309704,True,1756.0557,1652.0341,1756.0557,1652.0341,1737.7600,1654.0500,1737.7600,1654.0500,,,,,1272942443#1,0,,False,18.4064,0.638404,prox=0.471 head=0.500 conn=1.000 turn=1.000,,18.4064,18.4064,18.4064,0.486,0.000,,0.0,6.01,spawn_failed
2026-10-01T10:45:29.989,1790815528.098,7,topo_wkal_ebike,topo,True,-37.90822278901553,145.13237520309704,True,1756.0557,1652.0341,1756.0544,1652.0523,1737.7600,1654.0500,1737.7600,1654.0500,,,,,1272942443#1,0,,False,18.4032,0.638454,prox=0.471 head=0.500 conn=1.000 turn=1.000,,18.4064,18.4064,18.4032,0.367,0.000,,0.0,6.01,spawn_failed
2026-10-01T10:45:29.989,1790815528.098,7,fuzzy_wokal_ebike,fuzzy,False,-37.90822278901553,145.13237520309704,True,1756.0557,1652.0341,1756.0557,1652.0341,1735.7600,1654.2500,1735.7600,1654.2500,,,1735.7600,1654.2500,-1272942443#1,0,,False,20.4163,50.000000,short=0.000 small=1.000 angle_diff=6.981 mode=following,,20.4163,20.4163,20.4163,0.067,0.000,0.000,0.0,6.01,
2026-10-01T10:45:29.989,1790815528.098,7,fuzzy_wkal_ebike,fuzzy,True,-37.90822278901553,145.13237520309704,True,1756.0557,1652.0341,1756.0544,1652.0523,1735.7600,1654.2500,1735.7600,1654.2500,,,1735.7600,1654.2500,-1272942443#1,0,,False,20.4131,50.000000,short=0.000 small=1.000 angle_diff=6.981 mode=following,,20.4163,20.4163,20.4131,0.043,0.000,0.000,0.0,6.01,
2026-10-01T10:45:29.989,1790815528.098,7,hmm_wokal_ebike,hmm,False,-37.90822278901553,145.13237520309704,True,1756.0557,1652.0341,1756.0557,1652.0341,1737.7600,1654.0500,1737.7600,1654.0500,,,,,1272942443#1,0,,False,18.4064,0.000000,emission=-7.408 transition=1.609 sigma=6.006 num_candidates=5.000,,18.4064,18.4064,18.4064,0.497,0.000,,0.0,6.01,spawn_failed
2026-10-01T10:45:29.989,1790815528.098,7,hmm_wkal_ebike,hmm,True,-37.90822278901553,145.13237520309704,True,1756.0557,1652.0341,1756.0544,1652.0523,1737.7600,1654.0500,1737.7600,1654.0500,,,,,1272942443#1,0,,False,18.4032,0.000000,emission=-7.407 transition=1.574 sigma=6.006 num_candidates=5.000,,18.4064,18.4064,18.4032,0.523,0.000,,0.0,6.01,spawn_failed
2026-10-01T10:45:29.989,1790815528.098,7,st_wokal_ebike,st,False,-37.90822278901553,145.13237520309704,True,1756.0557,1652.0341,1756.0557,1652.0341,1737.7600,1654.0500,1737.7600,1654.0500,,,,,1272942443#1,0,,False,18.4064,-57.284071,obs=0.013 trans=0.000 fs=0.000 ft=1.000,7,18.4064,18.4064,18.4064,0.857,0.000,,0.0,6.01,spawn_failed
2026-10-01T10:45:29.989,1790815528.098,7,st_wkal_ebike,st,True,-37.90822278901553,145.13237520309704,True,1756.0557,1652.0341,1756.0544,1652.0523,1737.7600,1654.0500,1737.7600,1654.0500,,,,,1272942443#1,0,,False,18.4032,-46.788275,obs=0.013 trans=0.000 fs=0.000 ft=1.000,7,18.4064,18.4064,18.4032,0.823,0.000,,0.0,6.01,spawn_failed
2026-10-01T10:45:38.138,1790815537.02,8,native_wokal_ebike,native,False,-37.90822198924321,145.13237514875127,True,1756.0491,1652.1227,1756.0491,1652.1227,1737.7599,1654.0489,1737.7599,1654.0489,,,,,1272942443#1,0,52.6227,False,,,,,18.3904,18.3904,18.3904,24.894,0.000,,0.0,5.75,spawn_failed
2026-10-01T10:45:38.138,1790815537.02,8,native_wkal_ebike,native,True,-37.90822198924321,145.13237514875127,True,1756.0491,1652.1227,1756.0491,1652.1239,1737.7599,1654.0489,1737.7599,1654.0489,,,,,1272942443#1,0,52.6227,False,,,,,18.3904,18.3904,18.3903,14.087,0.000,,0.0,5.75,spawn_failed
2026-10-01T10:45:38.138,1790815537.02,8,topo_wokal_ebike,topo,False,-37.90822198924321,145.13237514875127,True,1756.0491,1652.1227,1756.0491,1652.1227,1737.7600,1654.0500,1737.7600,1654.0500,,,,,1272942443#1,0,,False,18.3904,0.638650,prox=0.472 head=0.500 conn=1.000 turn=1.000,,18.3904,18.3904,18.3904,0.635,0.000,,0.0,5.75,spawn_failed
2026-10-01T10:45:38.138,1790815537.02,8,topo_wkal_ebike,topo,True,-37.90822198924321,145.13237514875127,True,1756.0491,1652.1227,1756.0491,1652.1239,1737.7600,1654.0500,1737.7600,1654.0500,,,,,1272942443#1,0,,False,18.3902,0.638653,prox=0.472 head=0.500 conn=1.000 turn=1.000,,18.3904,18.3904,18.3902,0.394,0.000,,0.0,5.75,spawn_failed
2026-10-01T10:45:38.138,1790815537.02,8,fuzzy_wokal_ebike,fuzzy,False,-37.90822198924321,145.13237514875127,True,1756.0491,1652.1227,1756.0491,1652.1227,1735.7600,1654.2500,1735.7600,1654.2500,,,1735.7600,1654.2500,-1272942443#1,0,,False,20.4003,50.000000,short=0.000 small=1.000 angle_diff=6.981 mode=following,,20.4003,20.4003,20.4003,0.065,0.000,0.000,0.0,5.75,
2026-10-01T10:45:38.138,1790815537.02,8,fuzzy_wkal_ebike,fuzzy,True,-37.90822198924321,145.13237514875127,True,1756.0491,1652.1227,1756.0491,1652.1239,1735.7600,1654.2500,1735.7600,1654.2500,,,1735.7600,1654.2500,-1272942443#1,0,,False,20.4002,50.000000,short=0.000 small=1.000 angle_diff=6.981 mode=following,,20.4003,20.4003,20.4002,0.045,0.000,0.000,0.0,5.75,
2026-10-01T10:45:38.138,1790815537.02,8,hmm_wokal_ebike,hmm,False,-37.90822198924321,145.13237514875127,True,1756.0491,1652.1227,1756.0491,1652.1227,1737.7600,1654.0500,1737.7600,1654.0500,,,,,1272942443#1,0,,False,18.3904,0.000000,emission=-7.779 transition=1.165 sigma=5.752 num_candidates=5.000,,18.3904,18.3904,18.3904,0.492,0.000,,0.0,5.75,spawn_failed
2026-10-01T10:45:38.138,1790815537.02,8,hmm_wkal_ebike,hmm,True,-37.90822198924321,145.13237514875127,True,1756.0491,1652.1227,1756.0491,1652.1239,1737.7600,1654.0500,1737.7600,1654.0500,,,,,1272942443#1,0,,False,18.3902,0.000000,emission=-7.779 transition=1.251 sigma=5.752 num_candidates=5.000,,18.3904,18.3904,18.3902,0.554,0.000,,0.0,5.75,spawn_failed
2026-10-01T10:45:38.138,1790815537.02,8,st_wokal_ebike,st,False,-37.90822198924321,145.13237514875127,True,1756.0491,1652.1227,1756.0491,1652.1227,1735.7600,1654.2500,1735.7600,1654.2500,,,,,-1272942443#1,0,,False,20.4003,-68.730490,obs=0.012 trans=0.001 fs=0.000 ft=1.000,8,20.4003,20.4003,20.4003,0.969,0.000,,0.0,5.75,spawn_failed
2026-10-01T10:45:38.138,1790815537.02,8,st_wkal_ebike,st,True,-37.90822198924321,145.13237514875127,True,1756.0491,1652.1227,1756.0491,1652.1239,1735.7600,1654.2500,1735.7600,1654.2500,,,,,-1272942443#1,0,,False,20.4002,-58.449274,obs=0.012 trans=0.001 fs=0.000 ft=1.000,8,20.4003,20.4003,20.4002,1.029,0.000,,0.0,5.75,spawn_failed
2026-10-01T10:45:44.235,1790815543.102,9,native_wokal_ebike,native,False,-37.90822131161589,145.13237510270542,True,1756.0436,1652.1978,1756.0436,1652.1978,1737.7599,1654.0489,1737.7599,1654.0489,,,,,1272942443#1,0,52.6227,False,,,,,18.3772,18.3772,18.3772,20.586,0.000,,0.0,5.53,spawn_failed
2026-10-01T10:45:44.235,1790815543.102,9,native_wkal_ebike,native,True,-37.90822131161589,145.13237510270542,True,1756.0436,1652.1978,1756.0440,1652.1916,1737.7599,1654.0489,1737.7599,1654.0489,,,,,1272942443#1,0,52.6227,False,,,,,18.3772,18.3772,18.3783,14.486,0.000,,0.0,5.53,spawn_failed
2026-10-01T10:45:44.235,1790815543.102,9,topo_wokal_ebike,topo,False,-37.90822131161589,145.13237510270542,True,1756.0436,1652.1978,1756.0436,1652.1978,1737.7600,1654.0500,1737.7600,1654.0500,,,,,1272942443#1,0,,False,18.3771,0.638855,prox=0.472 head=0.500 conn=1.000 turn=1.000,,18.3771,18.3771,18.3771,0.502,0.000,,0.0,5.53,spawn_failed
2026-10-01T10:45:44.235,1790815543.102,9,topo_wkal_ebike,topo,True,-37.90822131161589,145.13237510270542,True,1756.0436,1652.1978,1756.0440,1652.1916,1737.7600,1654.0500,1737.7600,1654.0500,,,,,1272942443#1,0,,False,18.3782,0.638838,prox=0.472 head=0.500 conn=1.000 turn=1.000,,18.3771,18.3771,18.3782,0.407,0.000,,0.0,5.53,spawn_failed
2026-10-01T10:45:44.235,1790815543.102,9,fuzzy_wokal_ebike,fuzzy,False,-37.90822131161589,145.13237510270542,True,1756.0436,1652.1978,1756.0436,1652.1978,1735.7600,1654.2500,1735.7600,1654.2500,,,1735.7600,1654.2500,-1272942443#1,0,,False,20.3871,50.000000,short=0.000 small=1.000 angle_diff=6.981 mode=following,,20.3871,20.3871,20.3871,0.087,0.000,0.000,0.0,5.53,
2026-10-01T10:45:44.235,1790815543.102,9,fuzzy_wkal_ebike,fuzzy,True,-37.90822131161589,145.13237510270542,True,1756.0436,1652.1978,1756.0440,1652.1916,1735.7600,1654.2500,1735.7600,1654.2500,,,1735.7600,1654.2500,-1272942443#1,0,,False,20.3882,50.000000,short=0.000 small=1.000 angle_diff=6.981 mode=following,,20.3871,20.3871,20.3882,0.075,0.000,0.000,0.0,5.53,
2026-10-01T10:45:44.235,1790815543.102,9,hmm_wokal_ebike,hmm,False,-37.90822131161589,145.13237510270542,True,1756.0436,1652.1978,1756.0436,1652.1978,1737.7600,1654.0500,1737.7600,1654.0500,,,,,1272942443#1,0,,False,18.3771,0.000000,emission=-8.153 transition=1.233 sigma=5.529 num_candidates=5.000,,18.3771,18.3771,18.3771,0.632,0.000,,0.0,5.53,spawn_failed
2026-10-01T10:45:44.235,1790815543.102,9,hmm_wkal_ebike,hmm,True,-37.90822131161589,145.13237510270542,True,1756.0436,1652.1978,1756.0440,1652.1916,1737.7600,1654.0500,1737.7600,1654.0500,,,,,1272942443#1,0,,False,18.3782,0.000000,emission=-8.154 transition=1.270 sigma=5.529 num_candidates=5.000,,18.3771,18.3771,18.3782,0.869,0.000,,0.0,5.53,spawn_failed
2026-10-01T10:45:44.235,1790815543.102,9,st_wokal_ebike,st,False,-37.90822131161589,145.13237510270542,True,1756.0436,1652.1978,1756.0436,1652.1978,1737.7600,1654.0500,1737.7600,1654.0500,,,,,1272942443#1,0,,False,18.3771,-75.971970,obs=0.013 trans=0.001 fs=0.000 ft=1.000,8,18.3771,18.3771,18.3771,1.604,0.000,,0.0,5.53,spawn_failed
2026-10-01T10:45:44.235,1790815543.102,9,st_wkal_ebike,st,True,-37.90822131161589,145.13237510270542,True,1756.0436,1652.1978,1756.0440,1652.1916,1737.7600,1654.0500,1737.7600,1654.0500,,,,,1272942443#1,0,,False,18.3782,-65.793768,obs=0.013 trans=0.001 fs=0.000 ft=1.000,8,18.3771,18.3771,18.3782,1.923,0.000,,0.0,5.53,spawn_failed
2026-10-01T10:45:56.431,1790815555.019,10,native_wokal_ebike,native,False,-37.9082207243613,145.13237506050498,True,1756.0385,1652.2629,1756.0385,1652.2629,1737.7599,1654.0489,1737.7599,1654.0489,,,,,1272942443#1,0,52.6227,False,,,,,18.3657,18.3657,18.3657,23.462,0.000,,0.0,5.33,spawn_failed
2026-10-01T10:45:56.431,1790815555.019,10,native_wkal_ebike,native,True,-37.9082207243613,145.13237506050498,True,1756.0385,1652.2629,1756.0382,1652.2680,1737.7599,1654.0489,1737.7599,1654.0489,,,,,1272942443#1,0,52.6227,False,,,,,18.3657,18.3657,18.3649,16.984,0.000,,0.0,5.33,spawn_failed
2026-10-01T10:45:56.431,1790815555.019,10,topo_wokal_ebike,topo,False,-37.9082207243613,145.13237506050498,True,1756.0385,1652.2629,1756.0385,1652.2629,1737.7600,1654.0500,1737.7600,1654.0500,,,,,1272942443#1,0,,False,18.3657,0.639031,prox=0.473 head=0.500 conn=1.000 turn=1.000,,18.3657,18.3657,18.3657,0.755,0.000,,0.0,5.33,spawn_failed
2026-10-01T10:45:56.431,1790815555.019,10,topo_wkal_ebike,topo,True,-37.9082207243613,145.13237506050498,True,1756.0385,1652.2629,1756.0382,1652.2680,1737.7600,1654.0500,1737.7600,1654.0500,,,,,1272942443#1,0,,False,18.3648,0.639044,prox=0.473 head=0.500 conn=1.000 turn=1.000,,18.3657,18.3657,18.3648,0.600,0.000,,0.0,5.33,spawn_failed
2026-10-01T10:45:56.431,1790815555.019,10,fuzzy_wokal_ebike,fuzzy,False,-37.9082207243613,145.13237506050498,True,1756.0385,1652.2629,1756.0385,1652.2629,1735.7600,1654.2500,1735.7600,1654.2500,,,1735.7600,1654.2500,-1272942443#1,0,,False,20.3757,50.000000,short=0.000 small=1.000 angle_diff=6.981 mode=following,,20.3757,20.3757,20.3757,0.087,0.000,0.000,0.0,5.33,
2026-10-01T10:45:56.431,1790815555.019,10,fuzzy_wkal_ebike,fuzzy,True,-37.9082207243613,145.13237506050498,True,1756.0385,1652.2629,1756.0382,1652.2680,1735.7600,1654.2500,1735.7600,1654.2500,,,1735.7600,1654.2500,-1272942443#1,0,,False,20.3748,50.000000,short=0.000 small=1.000 angle_diff=6.981 mode=following,,20.3757,20.3757,20.3748,0.075,0.000,0.000,0.0,5.33,
2026-10-01T10:45:56.431,1790815555.019,10,hmm_wokal_ebike,hmm,False,-37.9082207243613,145.13237506050498,True,1756.0385,1652.2629,1756.0385,1652.2629,1737.7600,1654.0500,1737.7600,1654.0500,,,,,1272942443#1,0,,False,18.3657,0.000000,emission=-8.529 transition=1.283 sigma=5.330 num_candidates=5.000,,18.3657,18.3657,18.3657,0.852,0.000,,0.0,5.33,spawn_failed
2026-10-01T10:45:56.431,1790815555.019,10,hmm_wkal_ebike,hmm,True,-37.9082207243613,145.13237506050498,True,1756.0385,1652.2629,1756.0382,1652.2680,1737.7600,1654.0500,1737.7600,1654.0500,,,,,1272942443#1,0,,False,18.3648,0.000000,emission=-8.528 transition=1.227 sigma=5.330 num_candidates=5.000,,18.3657,18.3657,18.3648,0.651,0.000,,0.0,5.33,spawn_failed
2026-10-01T10:45:56.431,1790815555.019,10,st_wokal_ebike,st,False,-37.9082207243613,145.13237506050498,True,1756.0385,1652.2629,1756.0385,1652.2629,1735.7600,1654.2500,1735.7600,1654.2500,,,,,-1272942443#1,0,,False,20.3757,-83.384294,obs=0.012 trans=0.001 fs=0.000 ft=1.000,8,20.3757,20.3757,20.3757,1.723,0.000,,0.0,5.33,spawn_failed
2026-10-01T10:45:56.431,1790815555.019,10,st_wkal_ebike,st,True,-37.9082207243613,145.13237506050498,True,1756.0385,1652.2629,1756.0382,1652.2680,1735.7600,1654.2500,1735.7600,1654.2500,,,,,-1272942443#1,0,,False,20.3748,-73.046455,obs=0.012 trans=0.001 fs=0.000 ft=1.000,8,20.3757,20.3757,20.3748,1.588,0.000,,0.0,5.33,spawn_failed
2026-10-01T10:45:58.521,1790815558.102,11,native_wokal_ebike,native,False,-37.90822072436002,145.13237506050493,True,1756.0385,1652.2629,1756.0385,1652.2629,1737.7599,1654.0489,1737.7599,1654.0489,,,,,1272942443#1,0,52.6227,False,,,,,18.3657,18.3657,18.3657,18.908,0.000,,0.0,5.33,spawn_failed
2026-10-01T10:45:58.521,1790815558.102,11,native_wkal_ebike,native,True,-37.90822072436002,145.13237506050493,True,1756.0385,1652.2629,1756.0378,1652.2729,1737.7599,1654.0489,1737.7599,1654.0489,,,,,1272942443#1,0,52.6227,False,,,,,18.3657,18.3657,18.3640,11.401,0.000,,0.0,5.33,spawn_failed
2026-10-01T10:45:58.521,1790815558.102,11,topo_wokal_ebike,topo,False,-37.90822072436002,145.13237506050493,True,1756.0385,1652.2629,1756.0385,1652.2629,1737.7600,1654.0500,1737.7600,1654.0500,,,,,1272942443#1,0,,False,18.3657,0.639031,prox=0.473 head=0.500 conn=1.000 turn=1.000,,18.3657,18.3657,18.3657,0.666,0.000,,0.0,5.33,spawn_failed
2026-10-01T10:45:58.521,1790815558.102,11,topo_wkal_ebike,topo,True,-37.90822072436002,145.13237506050493,True,1756.0385,1652.2629,1756.0378,1652.2729,1737.7600,1654.0500,1737.7600,1654.0500,,,,,1272942443#1,0,,False,18.3640,0.639058,prox=0.473 head=0.500 conn=1.000 turn=1.000,,18.3657,18.3657,18.3640,0.570,0.000,,0.0,5.33,spawn_failed
2026-10-01T10:45:58.521,1790815558.102,11,fuzzy_wokal_ebike,fuzzy,False,-37.90822072436002,145.13237506050493,True,1756.0385,1652.2629,1756.0385,1652.2629,1735.7600,1654.2500,1735.7600,1654.2500,,,1735.7600,1654.2500,-1272942443#1,0,,False,20.3757,50.000000,short=0.000 small=1.000 angle_diff=6.981 mode=following,,20.3757,20.3757,20.3757,0.074,0.000,0.000,0.0,5.33,
2026-10-01T10:45:58.521,1790815558.102,11,fuzzy_wkal_ebike,fuzzy,True,-37.90822072436002,145.13237506050493,True,1756.0385,1652.2629,1756.0378,1652.2729,1735.7600,1654.2500,1735.7600,1654.2500,,,1735.7600,1654.2500,-1272942443#1,0,,False,20.3739,50.000000,short=0.000 small=1.000 angle_diff=6.981 mode=following,,20.3757,20.3757,20.3739,0.071,0.000,0.000,0.0,5.33,
2026-10-01T10:45:58.521,1790815558.102,11,hmm_wokal_ebike,hmm,False,-37.90822072436002,145.13237506050493,True,1756.0385,1652.2629,1756.0385,1652.2629,1737.7600,1654.0500,1737.7600,1654.0500,,,,,1272942443#1,0,,False,18.3657,0.000000,emission=-8.529 transition=1.609 sigma=5.330 num_candidates=5.000,,18.3657,18.3657,18.3657,0.747,0.000,,0.0,5.33,spawn_failed
2026-10-01T10:45:58.521,1790815558.102,11,hmm_wkal_ebike,hmm,True,-37.90822072436002,145.13237506050493,True,1756.0385,1652.2629,1756.0378,1652.2729,1737.7600,1654.0500,1737.7600,1654.0500,,,,,1272942443#1,0,,False,18.3640,0.000000,emission=-8.528 transition=1.585 sigma=5.330 num_candidates=5.000,,18.3657,18.3657,18.3640,0.574,0.000,,0.0,5.33,spawn_failed
2026-10-01T10:45:58.521,1790815558.102,11,st_wokal_ebike,st,False,-37.90822072436002,145.13237506050493,True,1756.0385,1652.2629,1756.0385,1652.2629,1737.7600,1654.0500,1737.7600,1654.0500,,,,,1272942443#1,0,,False,18.3657,-103.809212,obs=0.013 trans=0.000 fs=0.000 ft=1.000,8,18.3657,18.3657,18.3657,1.385,0.000,,0.0,5.33,spawn_failed
2026-10-01T10:45:58.521,1790815558.102,11,st_wkal_ebike,st,True,-37.90822072436002,145.13237506050493,True,1756.0385,1652.2629,1756.0378,1652.2729,1737.7600,1654.0500,1737.7600,1654.0500,,,,,1272942443#1,0,,False,18.3640,-83.011381,obs=0.013 trans=0.000 fs=0.000 ft=1.000,8,18.3657,18.3657,18.3640,1.559,0.000,,0.0,5.33,spawn_failed
2026-10-01T10:46:08.735,1790815567.021,12,native_wokal_ebike,native,False,-37.908220209876575,145.1323750215144,True,1756.0340,1652.3199,1756.0340,1652.3199,1737.7599,1654.0489,1737.7599,1654.0489,,,,,1272942443#1,0,52.6227,False,,,,,18.3557,18.3557,18.3557,35.091,0.000,,0.0,5.15,spawn_failed
2026-10-01T10:46:08.735,1790815567.021,12,native_wkal_ebike,native,True,-37.908220209876575,145.1323750215144,True,1756.0340,1652.3199,1756.0340,1652.3197,1737.7599,1654.0489,1737.7599,1654.0489,,,,,1272942443#1,0,52.6227,False,,,,,18.3557,18.3557,18.3558,31.445,0.000,,0.0,5.15,spawn_failed
2026-10-01T10:46:08.735,1790815567.021,12,topo_wokal_ebike,topo,False,-37.908220209876575,145.1323750215144,True,1756.0340,1652.3199,1756.0340,1652.3199,1737.7600,1654.0500,1737.7600,1654.0500,,,,,1272942443#1,0,,False,18.3557,0.639186,prox=0.473 head=0.500 conn=1.000 turn=1.000,,18.3557,18.3557,18.3557,0.720,0.000,,0.0,5.15,spawn_failed
2026-10-01T10:46:08.735,1790815567.021,12,topo_wkal_ebike,topo,True,-37.908220209876575,145.1323750215144,True,1756.0340,1652.3199,1756.0340,1652.3197,1737.7600,1654.0500,1737.7600,1654.0500,,,,,1272942443#1,0,,False,18.3558,0.639185,prox=0.473 head=0.500 conn=1.000 turn=1.000,,18.3557,18.3557,18.3558,0.623,0.000,,0.0,5.15,spawn_failed
2026-10-01T10:46:08.735,1790815567.021,12,fuzzy_wokal_ebike,fuzzy,False,-37.908220209876575,145.1323750215144,True,1756.0340,1652.3199,1756.0340,1652.3199,1735.7600,1654.2500,1735.7600,1654.2500,,,1735.7600,1654.2500,-1272942443#1,0,,False,20.3656,50.000000,short=0.000 small=1.000 angle_diff=6.981 mode=following,,20.3656,20.3656,20.3656,0.085,0.000,0.000,0.0,5.15,
2026-10-01T10:46:08.735,1790815567.021,12,fuzzy_wkal_ebike,fuzzy,True,-37.908220209876575,145.1323750215144,True,1756.0340,1652.3199,1756.0340,1652.3197,1735.7600,1654.2500,1735.7600,1654.2500,,,1735.7600,1654.2500,-1272942443#1,0,,False,20.3657,50.000000,short=0.000 small=1.000 angle_diff=6.981 mode=following,,20.3656,20.3656,20.3657,0.091,0.000,0.000,0.0,5.15,
2026-10-01T10:46:08.735,1790815567.021,12,hmm_wokal_ebike,hmm,False,-37.908220209876575,145.1323750215144,True,1756.0340,1652.3199,1756.0340,1652.3199,1737.7600,1654.0500,1737.7600,1654.0500,,,,,1272942443#1,0,,False,18.3557,0.000000,emission=-8.908 transition=1.323 sigma=5.151 num_candidates=5.000,,18.3557,18.3557,18.3557,1.564,0.000,,0.0,5.15,spawn_failed
2026-10-01T10:46:08.735,1790815567.021,12,hmm_wkal_ebike,hmm,True,-37.908220209876575,145.1323750215144,True,1756.0340,1652.3199,1756.0340,1652.3197,1737.7600,1654.0500,1737.7600,1654.0500,,,,,1272942443#1,0,,False,18.3558,0.000000,emission=-8.908 transition=1.375 sigma=5.151 num_candidates=5.000,,18.3557,18.3557,18.3558,1.748,0.000,,0.0,5.15,spawn_failed
2026-10-01T10:46:08.735,1790815567.021,12,st_wokal_ebike,st,False,-37.908220209876575,145.1323750215144,True,1756.0340,1652.3199,1756.0340,1652.3199,1735.7600,1654.2500,1735.7600,1654.2500,,,,,-1272942443#1,0,,False,20.3656,-111.354528,obs=0.012 trans=0.001 fs=0.000 ft=1.000,8,20.3656,20.3656,20.3656,3.178,0.000,,0.0,5.15,spawn_failed
2026-10-01T10:46:08.735,1790815567.021,12,st_wkal_ebike,st,True,-37.908220209876575,145.1323750215144,True,1756.0340,1652.3199,1756.0340,1652.3197,1735.7600,1654.2500,1735.7600,1654.2500,,,,,-1272942443#1,0,,False,20.3657,-90.754482,obs=0.012 trans=0.000 fs=0.000 ft=1.000,8,20.3656,20.3656,20.3657,3.436,0.000,,0.0,5.15,spawn_failed
2026-10-01T10:46:14.974,1790815573.103,13,native_wokal_ebike,native,False,-37.908219759340085,145.13237498737016,True,1756.0300,1652.3699,1756.0300,1652.3699,1737.7599,1654.0489,1737.7599,1654.0489,,,,,1272942443#1,0,52.6227,False,,,,,18.3471,18.3471,18.3471,42.675,0.000,,0.0,4.99,spawn_failed
2026-10-01T10:46:14.974,1790815573.103,13,native_wkal_ebike,native,True,-37.908219759340085,145.13237498737016,True,1756.0300,1652.3699,1756.0303,1652.3655,1737.7599,1654.0489,1737.7599,1654.0489,,,,,1272942443#1,0,52.6227,False,,,,,18.3471,18.3471,18.3479,44.968,0.000,,0.0,4.99,spawn_failed
2026-10-01T10:46:14.974,1790815573.103,13,topo_wokal_ebike,topo,False,-37.908219759340085,145.13237498737016,True,1756.0300,1652.3699,1756.0300,1652.3699,1737.7600,1654.0500,1737.7600,1654.0500,,,,,1272942443#1,0,,False,18.3471,0.639319,prox=0.473 head=0.500 conn=1.000 turn=1.000,,18.3471,18.3471,18.3471,1.042,0.000,,0.0,4.99,spawn_failed
2026-10-01T10:46:14.974,1790815573.103,13,topo_wkal_ebike,topo,True,-37.908219759340085,145.13237498737016,True,1756.0300,1652.3699,1756.0303,1652.3655,1737.7600,1654.0500,1737.7600,1654.0500,,,,,1272942443#1,0,,False,18.3478,0.639307,prox=0.473 head=0.500 conn=1.000 turn=1.000,,18.3471,18.3471,18.3478,1.078,0.000,,0.0,4.99,spawn_failed
2026-10-01T10:46:14.974,1790815573.103,13,fuzzy_wokal_ebike,fuzzy,False,-37.908219759340085,145.13237498737016,True,1756.0300,1652.3699,1756.0300,1652.3699,1735.7600,1654.2500,1735.7600,1654.2500,,,1735.7600,1654.2500,-1272942443#1,0,,False,20.3570,50.000000,short=0.000 small=1.000 angle_diff=6.981 mode=following,,20.3570,20.3570,20.3570,0.156,0.000,0.000,0.0,4.99,
2026-10-01T10:46:14.974,1790815573.103,13,fuzzy_wkal_ebike,fuzzy,True,-37.908219759340085,145.13237498737016,True,1756.0300,1652.3699,1756.0303,1652.3655,1735.7600,1654.2500,1735.7600,1654.2500,,,1735.7600,1654.2500,-1272942443#1,0,,False,20.3577,50.000000,short=0.000 small=1.000 angle_diff=6.981 mode=following,,20.3570,20.3570,20.3577,0.129,0.000,0.000,0.0,4.99,
2026-10-01T10:46:14.974,1790815573.103,13,hmm_wokal_ebike,hmm,False,-37.908219759340085,145.13237498737016,True,1756.0300,1652.3699,1756.0300,1652.3699,1737.7600,1654.0500,1737.7600,1654.0500,,,,,1272942443#1,0,,False,18.3471,0.000000,emission=-9.290 transition=1.359 sigma=4.988 num_candidates=5.000,,18.3471,18.3471,18.3471,1.411,0.000,,0.0,4.99,spawn_failed
2026-10-01T10:46:14.974,1790815573.103,13,hmm_wkal_ebike,hmm,True,-37.908219759340085,145.13237498737016,True,1756.0300,1652.3699,1756.0303,1652.3655,1737.7600,1654.0500,1737.7600,1654.0500,,,,,1272942443#1,0,,False,18.3478,0.000000,emission=-9.290 transition=1.380 sigma=4.988 num_candidates=5.000,,18.3471,18.3471,18.3478,1.469,0.000,,0.0,4.99,spawn_failed
2026-10-01T10:46:14.974,1790815573.103,13,st_wokal_ebike,st,False,-37.908219759340085,145.13237498737016,True,1756.0300,1652.3699,1756.0300,1652.3699,1735.7600,1654.2500,1735.7600,1654.2500,,,,,-1272942443#1,0,,False,20.3570,-112.096185,obs=0.012 trans=0.001 fs=0.000 ft=1.000,8,20.3570,20.3570,20.3570,2.832,0.000,,0.0,4.99,spawn_failed
2026-10-01T10:46:14.974,1790815573.103,13,st_wkal_ebike,st,True,-37.908219759340085,145.13237498737016,True,1756.0300,1652.3699,1756.0303,1652.3655,1735.7600,1654.2500,1735.7600,1654.2500,,,,,-1272942443#1,0,,False,20.3577,-91.734477,obs=0.012 trans=0.000 fs=0.000 ft=1.000,8,20.3570,20.3570,20.3577,2.876,0.000,,0.0,4.99,spawn_failed
2026-10-01T10:46:25.315,1790815585.019,14,native_wokal_ebike,native,False,-37.908219357191655,145.13237495521074,True,1756.0262,1652.4144,1756.0262,1652.4144,1737.7599,1654.0489,1737.7599,1654.0489,,,,,1272942443#1,0,52.6227,False,,,,,18.3394,18.3394,18.3394,22.940,0.000,,0.0,4.84,spawn_failed
2026-10-01T10:46:25.315,1790815585.019,14,native_wkal_ebike,native,True,-37.908219357191655,145.13237495521074,True,1756.0262,1652.4144,1756.0260,1652.4174,1737.7599,1654.0489,1737.7599,1654.0489,,,,,1272942443#1,0,52.6227,False,,,,,18.3394,18.3394,18.3389,20.897,0.000,,0.0,4.84,spawn_failed
2026-10-01T10:46:25.315,1790815585.019,14,topo_wokal_ebike,topo,False,-37.908219357191655,145.13237495521074,True,1756.0262,1652.4144,1756.0262,1652.4144,1737.7600,1654.0500,1737.7600,1654.0500,,,,,1272942443#1,0,,False,18.3393,0.639438,prox=0.474 head=0.500 conn=1.000 turn=1.000,,18.3393,18.3393,18.3393,0.616,0.000,,0.0,4.84,spawn_failed
2026-10-01T10:46:25.315,1790815585.019,14,topo_wkal_ebike,topo,True,-37.908219357191655,145.13237495521074,True,1756.0262,1652.4144,1756.0260,1652.4174,1737.7600,1654.0500,1737.7600,1654.0500,,,,,1272942443#1,0,,False,18.3388,0.639446,prox=0.474 head=0.500 conn=1.000 turn=1.000,,18.3393,18.3393,18.3388,0.563,0.000,,0.0,4.84,spawn_failed
2026-10-01T10:46:25.315,1790815585.019,14,fuzzy_wokal_ebike,fuzzy,False,-37.908219357191655,145.13237495521074,True,1756.0262,1652.4144,1756.0262,1652.4144,1735.7600,1654.2500,1735.7600,1654.2500,,,1735.7600,1654.2500,-1272942443#1,0,,False,20.3492,50.000000,short=0.000 small=1.000 angle_diff=6.981 mode=following,,20.3492,20.3492,20.3492,0.082,0.000,0.000,0.0,4.84,
2026-10-01T10:46:25.315,1790815585.019,14,fuzzy_wkal_ebike,fuzzy,True,-37.908219357191655,145.13237495521074,True,1756.0262,1652.4144,1756.0260,1652.4174,1735.7600,1654.2500,1735.7600,1654.2500,,,1735.7600,1654.2500,-1272942443#1,0,,False,20.3487,50.000000,short=0.000 small=1.000 angle_diff=6.981 mode=following,,20.3492,20.3492,20.3487,0.099,0.000,0.000,0.0,4.84,
2026-10-01T10:46:25.315,1790815585.019,14,hmm_wokal_ebike,hmm,False,-37.908219357191655,145.13237495521074,True,1756.0262,1652.4144,1756.0262,1652.4144,1737.7600,1654.0500,1737.7600,1654.0500,,,,,1272942443#1,0,,False,18.3393,0.000000,emission=-9.671 transition=1.386 sigma=4.841 num_candidates=5.000,,18.3393,18.3393,18.3393,0.890,0.000,,0.0,4.84,spawn_failed
2026-10-01T10:46:25.315,1790815585.019,14,hmm_wkal_ebike,hmm,True,-37.908219357191655,145.13237495521074,True,1756.0262,1652.4144,1756.0260,1652.4174,1737.7600,1654.0500,1737.7600,1654.0500,,,,,1272942443#1,0,,False,18.3388,0.000000,emission=-9.670 transition=1.349 sigma=4.841 num_candidates=5.000,,18.3393,18.3393,18.3388,0.888,0.000,,0.0,4.84,spawn_failed
2026-10-01T10:46:25.315,1790815585.019,14,st_wokal_ebike,st,False,-37.908219357191655,145.13237495521074,True,1756.0262,1652.4144,1756.0262,1652.4144,1735.7600,1654.2500,1735.7600,1654.2500,,,,,-1272942443#1,0,,False,20.3492,-99.897078,obs=0.012 trans=0.000 fs=0.000 ft=1.000,8,20.3492,20.3492,20.3492,1.612,0.000,,0.0,4.84,spawn_failed
2026-10-01T10:46:25.315,1790815585.019,14,st_wkal_ebike,st,True,-37.908219357191655,145.13237495521074,True,1756.0262,1652.4144,1756.0260,1652.4174,1735.7600,1654.2500,1735.7600,1654.2500,,,,,-1272942443#1,0,,False,20.3487,-89.726952,obs=0.012 trans=0.001 fs=0.000 ft=1.000,8,20.3492,20.3492,20.3487,1.766,0.000,,0.0,4.84,spawn_failed
2026-10-01T10:46:29.450,1790815588.103,15,native_wokal_ebike,native,False,-37.90821935719076,145.13237495521068,True,1756.0262,1652.4144,1756.0262,1652.4144,1737.7599,1654.0489,1737.7599,1654.0489,,,,,1272942443#1,0,52.6227,False,,,,,18.3394,18.3394,18.3394,22.940,0.000,,0.0,4.84,spawn_failed
2026-10-01T10:46:29.450,1790815588.103,15,native_wkal_ebike,native,True,-37.90821935719076,145.13237495521068,True,1756.0262,1652.4144,1756.0257,1652.4208,1737.7599,1654.0489,1737.7599,1654.0489,,,,,1272942443#1,0,52.6227,False,,,,,18.3394,18.3394,18.3383,20.821,0.000,,0.0,4.84,spawn_failed
2026-10-01T10:46:29.450,1790815588.103,15,topo_wokal_ebike,topo,False,-37.90821935719076,145.13237495521068,True,1756.0262,1652.4144,1756.0262,1652.4144,1737.7600,1654.0500,1737.7600,1654.0500,,,,,1272942443#1,0,,False,18.3393,0.639438,prox=0.474 head=0.500 conn=1.000 turn=1.000,,18.3393,18.3393,18.3393,0.621,0.000,,0.0,4.84,spawn_failed
2026-10-01T10:46:29.450,1790815588.103,15,topo_wkal_ebike,topo,True,-37.90821935719076,145.13237495521068,True,1756.0262,1652.4144,1756.0257,1652.4208,1737.7600,1654.0500,1737.7600,1654.0500,,,,,1272942443#1,0,,False,18.3382,0.639455,prox=0.474 head=0.500 conn=1.000 turn=1.000,,18.3393,18.3393,18.3382,0.806,0.000,,0.0,4.84,spawn_failed
2026-10-01T10:46:29.450,1790815588.103,15,fuzzy_wokal_ebike,fuzzy,False,-37.90821935719076,145.13237495521068,True,1756.0262,1652.4144,1756.0262,1652.4144,1735.7600,1654.2500,1735.7600,1654.2500,,,1735.7600,1654.2500,-1272942443#1,0,,False,20.3492,50.000000,short=0.000 small=1.000 angle_diff=6.981 mode=following,,20.3492,20.3492,20.3492,0.080,0.000,0.000,0.0,4.84,
2026-10-01T10:46:29.450,1790815588.103,15,fuzzy_wkal_ebike,fuzzy,True,-37.90821935719076,145.13237495521068,True,1756.0262,1652.4144,1756.0257,1652.4208,1735.7600,1654.2500,1735.7600,1654.2500,,,1735.7600,1654.2500,-1272942443#1,0,,False,20.3481,50.000000,short=0.000 small=1.000 angle_diff=6.981 mode=following,,20.3492,20.3492,20.3481,0.072,0.000,0.000,0.0,4.84,
2026-10-01T10:46:29.450,1790815588.103,15,hmm_wokal_ebike,hmm,False,-37.90821935719076,145.13237495521068,True,1756.0262,1652.4144,1756.0262,1652.4144,1737.7600,1654.0500,1737.7600,1654.0500,,,,,1272942443#1,0,,False,18.3393,0.000000,emission=-9.670 transition=1.609 sigma=4.842 num_candidates=5.000,,18.3393,18.3393,18.3393,0.951,0.000,,0.0,4.84,spawn_failed
2026-10-01T10:46:29.450,1790815588.103,15,hmm_wkal_ebike,hmm,True,-37.90821935719076,145.13237495521068,True,1756.0262,1652.4144,1756.0257,1652.4208,1737.7600,1654.0500,1737.7600,1654.0500,,,,,1272942443#1,0,,False,18.3382,0.000000,emission=-9.669 transition=1.592 sigma=4.842 num_candidates=5.000,,18.3393,18.3393,18.3382,0.969,0.000,,0.0,4.84,spawn_failed
2026-10-01T10:46:29.450,1790815588.103,15,st_wokal_ebike,st,False,-37.90821935719076,145.13237495521068,True,1756.0262,1652.4144,1756.0262,1652.4144,1735.7600,1654.2500,1735.7600,1654.2500,,,,,-1272942443#1,0,,False,20.3492,-113.591278,obs=0.012 trans=0.000 fs=0.000 ft=1.000,8,20.3492,20.3492,20.3492,1.563,0.000,,0.0,4.84,spawn_failed
2026-10-01T10:46:29.450,1790815588.103,15,st_wkal_ebike,st,True,-37.90821935719076,145.13237495521068,True,1756.0262,1652.4144,1756.0257,1652.4208,1735.7600,1654.2500,1735.7600,1654.2500,,,,,-1272942443#1,0,,False,20.3481,-92.767967,obs=0.012 trans=0.000 fs=0.000 ft=1.000,8,20.3492,20.3492,20.3481,1.544,0.000,,0.0,4.84,spawn_failed
2026-10-01T10:46:37.633,1790815597.014,16,native_wokal_ebike,native,False,-37.90821899567666,145.13237492480104,True,1756.0228,1652.4545,1756.0228,1652.4545,1737.7599,1654.0489,1737.7599,1654.0489,,,,,1272942443#1,0,52.6227,False,,,,,18.3324,18.3324,18.3324,23.734,0.000,,0.0,4.71,spawn_failed
2026-10-01T10:46:37.633,1790815597.014,16,native_wkal_ebike,native,True,-37.90821899567666,145.13237492480104,True,1756.0228,1652.4545,1756.0228,1652.4539,1737.7599,1654.0489,1737.7599,1654.0489,,,,,1272942443#1,0,52.6227,False,,,,,18.3324,18.3324,18.3325,20.718,0.000,,0.0,4.71,spawn_failed
2026-10-01T10:46:37.633,1790815597.014,16,topo_wokal_ebike,topo,False,-37.90821899567666,145.13237492480104,True,1756.0228,1652.4545,1756.0228,1652.4545,1737.7600,1654.0500,1737.7600,1654.0500,,,,,1272942443#1,0,,False,18.3323,0.639546,prox=0.474 head=0.500 conn=1.000 turn=1.000,,18.3323,18.3323,18.3323,0.716,0.000,,0.0,4.71,spawn_failed
2026-10-01T10:46:37.633,1790815597.014,16,topo_wkal_ebike,topo,True,-37.90821899567666,145.13237492480104,True,1756.0228,1652.4545,1756.0228,1652.4539,1737.7600,1654.0500,1737.7600,1654.0500,,,,,1272942443#1,0,,False,18.3324,0.639544,prox=0.474 head=0.500 conn=1.000 turn=1.000,,18.3323,18.3323,18.3324,0.640,0.000,,0.0,4.71,spawn_failed
2026-10-01T10:46:37.633,1790815597.014,16,fuzzy_wokal_ebike,fuzzy,False,-37.90821899567666,145.13237492480104,True,1756.0228,1652.4545,1756.0228,1652.4545,1735.7600,1654.2500,1735.7600,1654.2500,,,1735.7600,1654.2500,-1272942443#1,0,,False,20.3422,50.000000,short=0.000 small=1.000 angle_diff=6.981 mode=following,,20.3422,20.3422,20.3422,0.103,0.000,0.000,0.0,4.71,
2026-10-01T10:46:37.633,1790815597.014,16,fuzzy_wkal_ebike,fuzzy,True,-37.90821899567666,145.13237492480104,True,1756.0228,1652.4545,1756.0228,1652.4539,1735.7600,1654.2500,1735.7600,1654.2500,,,1735.7600,1654.2500,-1272942443#1,0,,False,20.3423,50.000000,short=0.000 small=1.000 angle_diff=6.981 mode=following,,20.3422,20.3422,20.3423,0.093,0.000,0.000,0.0,4.71,
2026-10-01T10:46:37.633,1790815597.014,16,hmm_wokal_ebike,hmm,False,-37.90821899567666,145.13237492480104,True,1756.0228,1652.4545,1756.0228,1652.4545,1737.7600,1654.0500,1737.7600,1654.0500,,,,,1272942443#1,0,,False,18.3323,0.000000,emission=-10.054 transition=1.408 sigma=4.706 num_candidates=5.000,,18.3323,18.3323,18.3323,0.976,0.000,,0.0,4.71,spawn_failed
2026-10-01T10:46:37.633,1790815597.014,16,hmm_wkal_ebike,hmm,True,-37.90821899567666,145.13237492480104,True,1756.0228,1652.4545,1756.0228,1652.4539,1737.7600,1654.0500,1737.7600,1654.0500,,,,,1272942443#1,0,,False,18.3324,0.000000,emission=-10.054 transition=1.443 sigma=4.706 num_candidates=5.000,,18.3323,18.3323,18.3324,0.889,0.000,,0.0,4.71,spawn_failed
2026-10-01T10:46:37.633,1790815597.014,16,st_wokal_ebike,st,False,-37.90821899567666,145.13237492480104,True,1756.0228,1652.4545,1756.0228,1652.4545,1735.7600,1654.2500,1735.7600,1654.2500,,,,,-1272942443#1,0,,False,20.3422,-114.215953,obs=0.012 trans=0.000 fs=0.000 ft=1.000,8,20.3422,20.3422,20.3422,1.697,0.000,,0.0,4.71,spawn_failed
2026-10-01T10:46:37.633,1790815597.014,16,st_wkal_ebike,st,True,-37.90821899567666,145.13237492480104,True,1756.0228,1652.4545,1756.0228,1652.4539,1735.7600,1654.2500,1735.7600,1654.2500,,,,,-1272942443#1,0,,False,20.3423,-93.479479,obs=0.012 trans=0.000 fs=0.000 ft=1.000,8,20.3422,20.3422,20.3423,1.595,0.000,,0.0,4.71,spawn_failed
2026-10-01T10:46:43.804,1790815603.104,17,native_wokal_ebike,native,False,-37.90821867204854,145.13237489757825,True,1756.0197,1652.4904,1756.0197,1652.4904,1737.7599,1654.0489,1737.7599,1654.0489,,,,,1272942443#1,0,52.6227,False,,,,,18.3262,18.3262,18.3262,25.835,0.000,,0.0,4.58,spawn_failed
2026-10-01T10:46:43.804,1790815603.104,17,native_wkal_ebike,native,True,-37.90821867204854,145.13237489757825,True,1756.0197,1652.4904,1756.0199,1652.4872,1737.7599,1654.0489,1737.7599,1654.0489,,,,,1272942443#1,0,52.6227,False,,,,,18.3262,18.3262,18.3267,23.051,0.000,,0.0,4.58,spawn_failed
2026-10-01T10:46:43.804,1790815603.104,17,topo_wokal_ebike,topo,False,-37.90821867204854,145.13237489757825,True,1756.0197,1652.4904,1756.0197,1652.4904,1737.7600,1654.0500,1737.7600,1654.0500,,,,,1272942443#1,0,,False,18.3261,0.639642,prox=0.474 head=0.500 conn=1.000 turn=1.000,,18.3261,18.3261,18.3261,0.675,0.000,,0.0,4.58,spawn_failed
2026-10-01T10:46:43.804,1790815603.104,17,topo_wkal_ebike,topo,True,-37.90821867204854,145.13237489757825,True,1756.0197,1652.4904,1756.0199,1652.4872,1737.7600,1654.0500,1737.7600,1654.0500,,,,,1272942443#1,0,,False,18.3267,0.639633,prox=0.474 head=0.500 conn=1.000 turn=1.000,,18.3261,18.3261,18.3267,0.641,0.000,,0.0,4.58,spawn_failed
2026-10-01T10:46:43.804,1790815603.104,17,fuzzy_wokal_ebike,fuzzy,False,-37.90821867204854,145.13237489757825,True,1756.0197,1652.4904,1756.0197,1652.4904,1735.7600,1654.2500,1735.7600,1654.2500,,,1735.7600,1654.2500,-1272942443#1,0,,False,20.3359,50.000000,short=0.000 small=1.000 angle_diff=6.981 mode=following,,20.3359,20.3359,20.3359,0.086,0.000,0.000,0.0,4.58,
2026-10-01T10:46:43.804,1790815603.104,17,fuzzy_wkal_ebike,fuzzy,True,-37.90821867204854,145.13237489757825,True,1756.0197,1652.4904,1756.0199,1652.4872,1735.7600,1654.2500,1735.7600,1654.2500,,,1735.7600,1654.2500,-1272942443#1,0,,False,20.3365,50.000000,short=0.000 small=1.000 angle_diff=6.981 mode=following,,20.3359,20.3359,20.3365,0.080,0.000,0.000,0.0,4.58,
2026-10-01T10:46:43.804,1790815603.104,17,hmm_wokal_ebike,hmm,False,-37.90821867204854,145.13237489757825,True,1756.0197,1652.4904,1756.0197,1652.4904,1737.7600,1654.0500,1737.7600,1654.0500,,,,,1272942443#1,0,,False,18.3261,0.000000,emission=-10.441 transition=1.429 sigma=4.582 num_candidates=5.000,,18.3261,18.3261,18.3261,1.026,0.000,,0.0,4.58,spawn_failed
2026-10-01T10:46:43.804,1790815603.104,17,hmm_wkal_ebike,hmm,True,-37.90821867204854,145.13237489757825,True,1756.0197,1652.4904,1756.0199,1652.4872,1737.7600,1654.0500,1737.7600,1654.0500,,,,,1272942443#1,0,,False,18.3267,0.000000,emission=-10.441 transition=1.443 sigma=4.582 num_candidates=5.000,,18.3261,18.3261,18.3267,1.019,0.000,,0.0,4.58,spawn_failed
2026-10-01T10:46:43.804,1790815603.104,17,st_wokal_ebike,st,False,-37.90821867204854,145.13237489757825,True,1756.0197,1652.4904,1756.0197,1652.4904,1735.7600,1654.2500,1735.7600,1654.2500,,,,,-1272942443#1,0,,False,20.3359,-114.808801,obs=0.012 trans=0.000 fs=0.000 ft=1.000,8,20.3359,20.3359,20.3359,1.679,0.000,,0.0,4.58,spawn_failed
2026-10-01T10:46:43.804,1790815603.104,17,st_wkal_ebike,st,True,-37.90821867204854,145.13237489757825,True,1756.0197,1652.4904,1756.0199,1652.4872,1735.7600,1654.2500,1735.7600,1654.2500,,,,,-1272942443#1,0,,False,20.3365,-94.307910,obs=0.012 trans=0.000 fs=0.000 ft=1.000,8,20.3359,20.3359,20.3365,1.749,0.000,,0.0,4.58,spawn_failed
2026-10-01T10:46:49.993,1790815609.23,18,native_wokal_ebike,native,False,-37.90821871134043,145.13237484240972,True,1756.0149,1652.4859,1756.0149,1652.4859,1737.7599,1654.0489,1737.7599,1654.0489,,,,,1272942443#1,0,52.6227,False,,,,,18.3218,18.3218,18.3218,25.670,0.000,,0.0,4.58,spawn_failed
2026-10-01T10:46:49.993,1790815609.23,18,native_wkal_ebike,native,True,-37.90821871134043,145.13237484240972,True,1756.0149,1652.4859,1756.0155,1652.4931,1737.7599,1654.0489,1737.7599,1654.0489,,,,,1272942443#1,0,52.6227,False,,,,,18.3218,18.3218,18.3218,21.950,0.000,,0.0,4.58,spawn_failed
2026-10-01T10:46:49.993,1790815609.23,18,topo_wokal_ebike,topo,False,-37.90821871134043,145.13237484240972,True,1756.0149,1652.4859,1756.0149,1652.4859,1737.7600,1654.0500,1737.7600,1654.0500,,,,,1272942443#1,0,,False,18.3218,0.639709,prox=0.474 head=0.500 conn=1.000 turn=1.000,,18.3218,18.3218,18.3218,0.602,0.000,,0.0,4.58,spawn_failed
2026-10-01T10:46:49.993,1790815609.23,18,topo_wkal_ebike,topo,True,-37.90821871134043,145.13237484240972,True,1756.0149,1652.4859,1756.0155,1652.4931,1737.7600,1654.0500,1737.7600,1654.0500,,,,,1272942443#1,0,,False,18.3217,0.639710,prox=0.474 head=0.500 conn=1.000 turn=1.000,,18.3218,18.3218,18.3217,0.582,0.000,,0.0,4.58,spawn_failed
2026-10-01T10:46:49.993,1790815609.23,18,fuzzy_wokal_ebike,fuzzy,False,-37.90821871134043,145.13237484240972,True,1756.0149,1652.4859,1756.0149,1652.4859,1735.7600,1654.2500,1735.7600,1654.2500,,,1735.7600,1654.2500,-1272942443#1,0,,False,20.3316,50.000000,short=0.000 small=1.000 angle_diff=6.981 mode=following,,20.3316,20.3316,20.3316,0.083,0.000,0.000,0.0,4.58,
2026-10-01T10:46:49.993,1790815609.23,18,fuzzy_wkal_ebike,fuzzy,True,-37.90821871134043,145.13237484240972,True,1756.0149,1652.4859,1756.0155,1652.4931,1735.7600,1654.2500,1735.7600,1654.2500,,,1735.7600,1654.2500,-1272942443#1,0,,False,20.3315,50.000000,short=0.000 small=1.000 angle_diff=6.981 mode=following,,20.3316,20.3316,20.3315,0.071,0.000,0.000,0.0,4.58,
2026-10-01T10:46:49.993,1790815609.23,18,hmm_wokal_ebike,hmm,False,-37.90821871134043,145.13237484240972,True,1756.0149,1652.4859,1756.0149,1652.4859,1737.7600,1654.0500,1737.7600,1654.0500,,,,,1272942443#1,0,,False,18.3218,0.000000,emission=-10.436 transition=1.577 sigma=4.582 num_candidates=5.000,,18.3218,18.3218,18.3218,0.859,0.000,,0.0,4.58,spawn_failed
2026-10-01T10:46:49.993,1790815609.23,18,hmm_wkal_ebike,hmm,True,-37.90821871134043,145.13237484240972,True,1756.0149,1652.4859,1756.0155,1652.4931,1737.7600,1654.0500,1737.7600,1654.0500,,,,,1272942443#1,0,,False,18.3217,0.000000,emission=-10.436 transition=1.572 sigma=4.582 num_candidates=5.000,,18.3218,18.3218,18.3217,0.884,0.000,,0.0,4.58,spawn_failed
2026-10-01T10:46:49.993,1790815609.23,18,st_wokal_ebike,st,False,-37.90821871134043,145.13237484240972,True,1756.0149,1652.4859,1756.0149,1652.4859,1735.7600,1654.2500,1735.7600,1654.2500,,,,,-1272942443#1,0,,False,20.3316,-104.070756,obs=0.012 trans=0.000 fs=0.000 ft=1.000,8,20.3316,20.3316,20.3316,1.638,0.000,,0.0,4.58,spawn_failed
2026-10-01T10:46:49.993,1790815609.23,18,st_wkal_ebike,st,True,-37.90821871134043,145.13237484240972,True,1756.0149,1652.4859,1756.0155,1652.4931,1735.7600,1654.2500,1735.7600,1654.2500,,,,,-1272942443#1,0,,False,20.3315,-93.897906,obs=0.012 trans=0.000 fs=0.000 ft=1.000,8,20.3316,20.3316,20.3315,2.111,0.000,,0.0,4.58,spawn_failed
2026-10-01T10:46:56.142,1790815615.019,19,native_wokal_ebike,native,False,-37.908218414702965,145.1323748190981,True,1756.0122,1652.5188,1756.0122,1652.5188,1737.7599,1654.0489,1737.7599,1654.0489,,,,,1272942443#1,0,52.6227,False,,,,,18.3163,18.3163,18.3163,24.264,0.000,,0.0,4.47,spawn_failed
2026-10-01T10:46:56.142,1790815615.019,19,native_wkal_ebike,native,True,-37.908218414702965,145.1323748190981,True,1756.0122,1652.5188,1756.0121,1652.5158,1737.7599,1654.0489,1737.7599,1654.0489,,,,,1272942443#1,0,52.6227,False,,,,,18.3163,18.3163,18.3165,20.146,0.000,,0.0,4.47,spawn_failed
2026-10-01T10:46:56.142,1790815615.019,19,topo_wokal_ebike,topo,False,-37.908218414702965,145.1323748190981,True,1756.0122,1652.5188,1756.0122,1652.5188,1737.7600,1654.0500,1737.7600,1654.0500,,,,,1272942443#1,0,,False,18.3163,0.639794,prox=0.474 head=0.500 conn=1.000 turn=1.000,,18.3163,18.3163,18.3163,0.631,0.000,,0.0,4.47,spawn_failed
2026-10-01T10:46:56.142,1790815615.019,19,topo_wkal_ebike,topo,True,-37.908218414702965,145.1323748190981,True,1756.0122,1652.5188,1756.0121,1652.5158,1737.7600,1654.0500,1737.7600,1654.0500,,,,,1272942443#1,0,,False,18.3165,0.639791,prox=0.474 head=0.500 conn=1.000 turn=1.000,,18.3163,18.3163,18.3165,0.568,0.000,,0.0,4.47,spawn_failed
2026-10-01T10:46:56.142,1790815615.019,19,fuzzy_wokal_ebike,fuzzy,False,-37.908218414702965,145.1323748190981,True,1756.0122,1652.5188,1756.0122,1652.5188,1735.7600,1654.2500,1735.7600,1654.2500,,,1735.7600,1654.2500,-1272942443#1,0,,False,20.3260,50.000000,short=0.000 small=1.000 angle_diff=6.981 mode=following,,20.3260,20.3260,20.3260,0.079,0.000,0.000,0.0,4.47,
2026-10-01T10:46:56.142,1790815615.019,19,fuzzy_wkal_ebike,fuzzy,True,-37.908218414702965,145.1323748190981,True,1756.0122,1652.5188,1756.0121,1652.5158,1735.7600,1654.2500,1735.7600,1654.2500,,,1735.7600,1654.2500,-1272942443#1,0,,False,20.3262,50.000000,short=0.000 small=1.000 angle_diff=6.981 mode=following,,20.3260,20.3260,20.3262,0.076,0.000,0.000,0.0,4.47,
2026-10-01T10:46:56.142,1790815615.019,19,hmm_wokal_ebike,hmm,False,-37.908218414702965,145.1323748190981,True,1756.0122,1652.5188,1756.0122,1652.5188,1737.7600,1654.0500,1737.7600,1654.0500,,,,,1272942443#1,0,,False,18.3163,0.000000,emission=-10.824 transition=1.445 sigma=4.467 num_candidates=5.000,,18.3163,18.3163,18.3163,1.037,0.000,,0.0,4.47,spawn_failed
2026-10-01T10:46:56.142,1790815615.019,19,hmm_wkal_ebike,hmm,True,-37.908218414702965,145.1323748190981,True,1756.0122,1652.5188,1756.0121,1652.5158,1737.7600,1654.0500,1737.7600,1654.0500,,,,,1272942443#1,0,,False,18.3165,0.000000,emission=-10.824 transition=1.495 sigma=4.467 num_candidates=5.000,,18.3163,18.3163,18.3165,0.938,0.000,,0.0,4.47,spawn_failed
2026-10-01T10:46:56.142,1790815615.019,19,st_wokal_ebike,st,False,-37.908218414702965,145.1323748190981,True,1756.0122,1652.5188,1756.0122,1652.5188,1735.7600,1654.2500,1735.7600,1654.2500,,,,,-1272942443#1,0,,False,20.3260,-104.618900,obs=0.012 trans=0.000 fs=0.000 ft=1.000,8,20.3260,20.3260,20.3260,1.949,0.000,,0.0,4.47,spawn_failed
2026-10-01T10:46:56.142,1790815615.019,19,st_wkal_ebike,st,True,-37.908218414702965,145.1323748190981,True,1756.0122,1652.5188,1756.0121,1652.5158,1735.7600,1654.2500,1735.7600,1654.2500,,,,,-1272942443#1,0,,False,20.3262,-94.613462,obs=0.012 trans=0.000 fs=0.000 ft=1.000,8,20.3260,20.3260,20.3262,1.649,0.000,,0.0,4.47,spawn_failed
2026-10-01T10:46:58.259,1790815618.105,20,native_wokal_ebike,native,False,-37.9082184147023,145.13237481909803,True,1756.0122,1652.5188,1756.0122,1652.5188,1737.7599,1654.0489,1737.7599,1654.0489,,,,,1272942443#1,0,52.6227,False,,,,,18.3163,18.3163,18.3163,24.545,0.000,,0.0,4.47,spawn_failed
2026-10-01T10:46:58.259,1790815618.105,20,native_wkal_ebike,native,True,-37.9082184147023,145.13237481909803,True,1756.0122,1652.5188,1756.0114,1652.5215,1737.7599,1654.0489,1737.7599,1654.0489,,,,,1272942443#1,0,52.6227,False,,,,,18.3163,18.3163,18.3154,20.597,0.000,,0.0,4.47,spawn_failed
2026-10-01T10:46:58.259,1790815618.105,20,topo_wokal_ebike,topo,False,-37.9082184147023,145.13237481909803,True,1756.0122,1652.5188,1756.0122,1652.5188,1737.7600,1654.0500,1737.7600,1654.0500,,,,,1272942443#1,0,,False,18.3163,0.639794,prox=0.474 head=0.500 conn=1.000 turn=1.000,,18.3163,18.3163,18.3163,0.640,0.000,,0.0,4.47,spawn_failed
2026-10-01T10:46:58.259,1790815618.105,20,topo_wkal_ebike,topo,True,-37.9082184147023,145.13237481909803,True,1756.0122,1652.5188,1756.0114,1652.5215,1737.7600,1654.0500,1737.7600,1654.0500,,,,,1272942443#1,0,,False,18.3153,0.639809,prox=0.475 head=0.500 conn=1.000 turn=1.000,,18.3163,18.3163,18.3153,0.570,0.000,,0.0,4.47,spawn_failed
2026-10-01T10:46:58.259,1790815618.105,20,fuzzy_wokal_ebike,fuzzy,False,-37.9082184147023,145.13237481909803,True,1756.0122,1652.5188,1756.0122,1652.5188,1735.7600,1654.2500,1735.7600,1654.2500,,,1735.7600,1654.2500,-1272942443#1,0,,False,20.3260,50.000000,short=0.000 small=1.000 angle_diff=6.981 mode=following,,20.3260,20.3260,20.3260,0.081,0.000,0.000,0.0,4.47,
2026-10-01T10:46:58.259,1790815618.105,20,fuzzy_wkal_ebike,fuzzy,True,-37.9082184147023,145.13237481909803,True,1756.0122,1652.5188,1756.0114,1652.5215,1735.7600,1654.2500,1735.7600,1654.2500,,,1735.7600,1654.2500,-1272942443#1,0,,False,20.3251,50.000000,short=0.000 small=1.000 angle_diff=6.981 mode=following,,20.3260,20.3260,20.3251,0.077,0.000,0.000,0.0,4.47,
2026-10-01T10:46:58.259,1790815618.105,20,hmm_wokal_ebike,hmm,False,-37.9082184147023,145.13237481909803,True,1756.0122,1652.5188,1756.0122,1652.5188,1737.7600,1654.0500,1737.7600,1654.0500,,,,,1272942443#1,0,,False,18.3163,0.000000,emission=-10.823 transition=1.609 sigma=4.467 num_candidates=5.000,,18.3163,18.3163,18.3163,0.855,0.000,,0.0,4.47,spawn_failed
2026-10-01T10:46:58.259,1790815618.105,20,hmm_wkal_ebike,hmm,True,-37.9082184147023,145.13237481909803,True,1756.0122,1652.5188,1756.0114,1652.5215,1737.7600,1654.0500,1737.7600,1654.0500,,,,,1272942443#1,0,,False,18.3153,0.000000,emission=-10.822 transition=1.580 sigma=4.467 num_candidates=5.000,,18.3163,18.3163,18.3153,0.905,0.000,,0.0,4.47,spawn_failed
2026-10-01T10:46:58.259,1790815618.105,20,st_wokal_ebike,st,False,-37.9082184147023,145.13237481909803,True,1756.0122,1652.5188,1756.0122,1652.5188,1735.7600,1654.2500,1735.7600,1654.2500,,,,,-1272942443#1,0,,False,20.3260,-118.032361,obs=0.012 trans=0.000 fs=0.000 ft=1.000,8,20.3260,20.3260,20.3260,5.007,0.000,,0.0,4.47,spawn_failed
2026-10-01T10:46:58.259,1790815618.105,20,st_wkal_ebike,st,True,-37.9082184147023,145.13237481909803,True,1756.0122,1652.5188,1756.0114,1652.5215,1735.7600,1654.2500,1735.7600,1654.2500,,,,,-1272942443#1,0,,False,20.3251,-96.680489,obs=0.012 trans=0.000 fs=0.000 ft=1.000,8,20.3260,20.3260,20.3251,1.596,0.000,,0.0,4.47,spawn_failed
2026-10-01T10:47:04.452,1790815623.036,21,native_wokal_ebike,native,False,-37.908218422404005,145.13237480306617,True,1756.0108,1652.5179,1756.0108,1652.5179,1737.7599,1654.0489,1737.7599,1654.0489,,,,,1272942443#1,0,52.6227,False,,,,,18.3150,18.3150,18.3150,24.038,0.000,,0.0,4.47,spawn_failed
2026-10-01T10:47:04.452,1790815623.036,21,native_wkal_ebike,native,True,-37.908218422404005,145.13237480306617,True,1756.0108,1652.5179,1756.0103,1652.5231,1737.7599,1654.0489,1737.7599,1654.0489,,,,,1272942443#1,0,52.6227,False,,,,,18.3150,18.3150,18.3141,20.651,0.000,,0.0,4.47,spawn_failed
2026-10-01T10:47:04.452,1790815623.036,21,topo_wokal_ebike,topo,False,-37.908218422404005,145.13237480306617,True,1756.0108,1652.5179,1756.0108,1652.5179,1737.7600,1654.0500,1737.7600,1654.0500,,,,,1272942443#1,0,,False,18.3150,0.639814,prox=0.475 head=0.500 conn=1.000 turn=1.000,,18.3150,18.3150,18.3150,0.701,0.000,,0.0,4.47,spawn_failed
2026-10-01T10:47:04.452,1790815623.036,21,topo_wkal_ebike,topo,True,-37.908218422404005,145.13237480306617,True,1756.0108,1652.5179,1756.0103,1652.5231,1737.7600,1654.0500,1737.7600,1654.0500,,,,,1272942443#1,0,,False,18.3141,0.639828,prox=0.475 head=0.500 conn=1.000 turn=1.000,,18.3150,18.3150,18.3141,0.712,0.000,,0.0,4.47,spawn_failed
2026-10-01T10:47:04.452,1790815623.036,21,fuzzy_wokal_ebike,fuzzy,False,-37.908218422404005,145.13237480306617,True,1756.0108,1652.5179,1756.0108,1652.5179,1735.7600,1654.2500,1735.7600,1654.2500,,,1735.7600,1654.2500,-1272942443#1,0,,False,20.3247,50.000000,short=0.000 small=1.000 angle_diff=6.981 mode=following,,20.3247,20.3247,20.3247,0.084,0.000,0.000,0.0,4.47,
2026-10-01T10:47:04.452,1790815623.036,21,fuzzy_wkal_ebike,fuzzy,True,-37.908218422404005,145.13237480306617,True,1756.0108,1652.5179,1756.0103,1652.5231,1735.7600,1654.2500,1735.7600,1654.2500,,,1735.7600,1654.2500,-1272942443#1,0,,False,20.3238,50.000000,short=0.000 small=1.000 angle_diff=6.981 mode=following,,20.3247,20.3247,20.3238,0.074,0.000,0.000,0.0,4.47,
2026-10-01T10:47:04.452,1790815623.036,21,hmm_wokal_ebike,hmm,False,-37.908218422404005,145.13237480306617,True,1756.0108,1652.5179,1756.0108,1652.5179,1737.7600,1654.0500,1737.7600,1654.0500,,,,,1272942443#1,0,,False,18.3150,0.000000,emission=-10.821 transition=1.601 sigma=4.467 num_candidates=5.000,,18.3150,18.3150,18.3150,1.139,0.000,,0.0,4.47,spawn_failed
2026-10-01T10:47:04.452,1790815623.036,21,hmm_wkal_ebike,hmm,True,-37.908218422404005,145.13237480306617,True,1756.0108,1652.5179,1756.0103,1652.5231,1737.7600,1654.0500,1737.7600,1654.0500,,,,,1272942443#1,0,,False,18.3141,0.000000,emission=-10.820 transition=1.600 sigma=4.467 num_candidates=5.000,,18.3150,18.3150,18.3141,0.879,0.000,,0.0,4.47,spawn_failed
2026-10-01T10:47:04.452,1790815623.036,21,st_wokal_ebike,st,False,-37.908218422404005,145.13237480306617,True,1756.0108,1652.5179,1756.0108,1652.5179,1735.7600,1654.2500,1735.7600,1654.2500,,,,,-1272942443#1,0,,False,20.3247,-121.331333,obs=0.012 trans=0.000 fs=0.000 ft=1.000,8,20.3247,20.3247,20.3247,1.643,0.000,,0.0,4.47,spawn_failed
2026-10-01T10:47:04.452,1790815623.036,21,st_wkal_ebike,st,True,-37.908218422404005,145.13237480306617,True,1756.0108,1652.5179,1756.0103,1652.5231,1735.7600,1654.2500,1735.7600,1654.2500,,,,,-1272942443#1,0,,False,20.3238,-99.980298,obs=0.012 trans=0.000 fs=0.000 ft=1.000,8,20.3247,20.3247,20.3238,1.740,0.000,,0.0,4.47,spawn_failed
2026-10-01T10:47:06.568,1790815624.665,22,native_wokal_ebike,native,False,-37.90821845204921,145.13237476666487,True,1756.0077,1652.5145,1756.0077,1652.5145,1737.7599,1654.0489,1737.7599,1654.0489,,,,,1272942443#1,0,52.6227,False,,,,,18.3122,18.3122,18.3122,21.902,0.000,,0.0,4.47,spawn_failed
2026-10-01T10:47:06.568,1790815624.665,22,native_wkal_ebike,native,True,-37.90821845204921,145.13237476666487,True,1756.0077,1652.5145,1756.0087,1652.5197,1737.7599,1654.0489,1737.7599,1654.0489,,,,,1272942443#1,0,52.6227,False,,,,,18.3122,18.3122,18.3128,20.153,0.000,,0.0,4.47,spawn_failed
2026-10-01T10:47:06.568,1790815624.665,22,topo_wokal_ebike,topo,False,-37.90821845204921,145.13237476666487,True,1756.0077,1652.5145,1756.0077,1652.5145,1737.7600,1654.0500,1737.7600,1654.0500,,,,,1272942443#1,0,,False,18.3121,0.639858,prox=0.475 head=0.500 conn=1.000 turn=1.000,,18.3121,18.3121,18.3121,0.585,0.000,,0.0,4.47,spawn_failed
2026-10-01T10:47:06.568,1790815624.665,22,topo_wkal_ebike,topo,True,-37.90821845204921,145.13237476666487,True,1756.0077,1652.5145,1756.0087,1652.5197,1737.7600,1654.0500,1737.7600,1654.0500,,,,,1272942443#1,0,,False,18.3127,0.639849,prox=0.475 head=0.500 conn=1.000 turn=1.000,,18.3121,18.3121,18.3127,0.316,0.000,,0.0,4.47,spawn_failed
2026-10-01T10:47:06.568,1790815624.665,22,fuzzy_wokal_ebike,fuzzy,False,-37.90821845204921,145.13237476666487,True,1756.0077,1652.5145,1756.0077,1652.5145,1735.7600,1654.2500,1735.7600,1654.2500,,,1735.7600,1654.2500,-1272942443#1,0,,False,20.3219,50.000000,short=0.000 small=1.000 angle_diff=6.981 mode=following,,20.3219,20.3219,20.3219,0.073,0.000,0.000,0.0,4.47,
2026-10-01T10:47:06.568,1790815624.665,22,fuzzy_wkal_ebike,fuzzy,True,-37.90821845204921,145.13237476666487,True,1756.0077,1652.5145,1756.0087,1652.5197,1735.7600,1654.2500,1735.7600,1654.2500,,,1735.7600,1654.2500,-1272942443#1,0,,False,20.3225,50.000000,short=0.000 small=1.000 angle_diff=6.981 mode=following,,20.3219,20.3219,20.3225,0.075,0.000,0.000,0.0,4.47,
2026-10-01T10:47:06.568,1790815624.665,22,hmm_wokal_ebike,hmm,False,-37.90821845204921,145.13237476666487,True,1756.0077,1652.5145,1756.0077,1652.5145,1737.7600,1654.0500,1737.7600,1654.0500,,,,,1272942443#1,0,,False,18.3121,0.000000,emission=-10.818 transition=1.586 sigma=4.467 num_candidates=5.000,,18.3121,18.3121,18.3121,0.905,0.000,,0.0,4.47,spawn_failed
2026-10-01T10:47:06.568,1790815624.665,22,hmm_wkal_ebike,hmm,True,-37.90821845204921,145.13237476666487,True,1756.0077,1652.5145,1756.0087,1652.5197,1737.7600,1654.0500,1737.7600,1654.0500,,,,,1272942443#1,0,,False,18.3127,0.000000,emission=-10.819 transition=1.591 sigma=4.467 num_candidates=5.000,,18.3121,18.3121,18.3127,0.864,0.000,,0.0,4.47,spawn_failed
2026-10-01T10:47:06.568,1790815624.665,22,st_wokal_ebike,st,False,-37.90821845204921,145.13237476666487,True,1756.0077,1652.5145,1756.0077,1652.5145,1735.7600,1654.2500,1735.7600,1654.2500,,,,,-1272942443#1,0,,False,20.3219,-110.596087,obs=0.012 trans=0.000 fs=0.000 ft=1.000,8,20.3219,20.3219,20.3219,2.186,0.000,,0.0,4.47,spawn_failed
2026-10-01T10:47:06.568,1790815624.665,22,st_wkal_ebike,st,True,-37.90821845204921,145.13237476666487,True,1756.0077,1652.5145,1756.0087,1652.5197,1735.7600,1654.2500,1735.7600,1654.2500,,,,,-1272942443#1,0,,False,20.3225,-99.876404,obs=0.012 trans=0.000 fs=0.000 ft=1.000,8,20.3219,20.3219,20.3225,1.624,0.000,,0.0,4.47,spawn_failed
2026-10-01T10:47:08.659,1790815627.022,23,native_wokal_ebike,native,False,-37.908218178829124,145.13237474664706,True,1756.0053,1652.5448,1756.0053,1652.5448,1737.7599,1654.0489,1737.7599,1654.0489,,,,,1272942443#1,0,52.6227,False,,,,,18.3073,18.3073,18.3073,21.479,0.000,,0.0,4.36,spawn_failed
2026-10-01T10:47:08.659,1790815627.022,23,native_wkal_ebike,native,True,-37.908218178829124,145.13237474664706,True,1756.0053,1652.5448,1756.0064,1652.5333,1737.7599,1654.0489,1737.7599,1654.0489,,,,,1272942443#1,0,52.6227,False,,,,,18.3073,18.3073,18.3094,22.955,0.000,,0.0,4.36,spawn_failed
2026-10-01T10:47:08.659,1790815627.022,23,topo_wokal_ebike,topo,False,-37.908218178829124,145.13237474664706,True,1756.0053,1652.5448,1756.0053,1652.5448,1737.7600,1654.0500,1737.7600,1654.0500,,,,,1272942443#1,0,,False,18.3073,0.639933,prox=0.475 head=0.500 conn=1.000 turn=1.000,,18.3073,18.3073,18.3073,1.091,0.000,,0.0,4.36,spawn_failed
2026-10-01T10:47:08.659,1790815627.022,23,topo_wkal_ebike,topo,True,-37.908218178829124,145.13237474664706,True,1756.0053,1652.5448,1756.0064,1652.5333,1737.7600,1654.0500,1737.7600,1654.0500,,,,,1272942443#1,0,,False,18.3093,0.639901,prox=0.475 head=0.500 conn=1.000 turn=1.000,,18.3073,18.3073,18.3093,0.704,0.000,,0.0,4.36,spawn_failed
2026-10-01T10:47:08.659,1790815627.022,23,fuzzy_wokal_ebike,fuzzy,False,-37.908218178829124,145.13237474664706,True,1756.0053,1652.5448,1756.0053,1652.5448,1735.7600,1654.2500,1735.7600,1654.2500,,,1735.7600,1654.2500,-1272942443#1,0,,False,20.3170,50.000000,short=0.000 small=1.000 angle_diff=6.981 mode=following,,20.3170,20.3170,20.3170,0.104,0.000,0.000,0.0,4.36,
2026-10-01T10:47:08.659,1790815627.022,23,fuzzy_wkal_ebike,fuzzy,True,-37.908218178829124,145.13237474664706,True,1756.0053,1652.5448,1756.0064,1652.5333,1735.7600,1654.2500,1735.7600,1654.2500,,,1735.7600,1654.2500,-1272942443#1,0,,False,20.3191,50.000000,short=0.000 small=1.000 angle_diff=6.981 mode=following,,20.3170,20.3170,20.3191,0.068,0.000,0.000,0.0,4.36,
2026-10-01T10:47:08.659,1790815627.022,23,hmm_wokal_ebike,hmm,False,-37.908218178829124,145.13237474664706,True,1756.0053,1652.5448,1756.0053,1652.5448,1737.7600,1654.0500,1737.7600,1654.0500,,,,,1272942443#1,0,,False,18.3073,0.000000,emission=-11.208 transition=1.458 sigma=4.360 num_candidates=5.000,,18.3073,18.3073,18.3073,1.054,0.000,,0.0,4.36,spawn_failed
2026-10-01T10:47:08.659,1790815627.022,23,hmm_wkal_ebike,hmm,True,-37.908218178829124,145.13237474664706,True,1756.0053,1652.5448,1756.0064,1652.5333,1737.7600,1654.0500,1737.7600,1654.0500,,,,,1272942443#1,0,,False,18.3093,0.000000,emission=-11.210 transition=1.540 sigma=4.360 num_candidates=5.000,,18.3073,18.3073,18.3093,1.029,0.000,,0.0,4.36,spawn_failed
2026-10-01T10:47:08.659,1790815627.022,23,st_wokal_ebike,st,False,-37.908218178829124,145.13237474664706,True,1756.0053,1652.5448,1756.0053,1652.5448,1735.7600,1654.2500,1735.7600,1654.2500,,,,,-1272942443#1,0,,False,20.3170,-110.875079,obs=0.012 trans=0.000 fs=0.000 ft=1.000,8,20.3170,20.3170,20.3170,2.704,0.000,,0.0,4.36,spawn_failed
2026-10-01T10:47:08.659,1790815627.022,23,st_wkal_ebike,st,True,-37.908218178829124,145.13237474664706,True,1756.0053,1652.5448,1756.0064,1652.5333,1735.7600,1654.2500,1735.7600,1654.2500,,,,,-1272942443#1,0,,False,20.3191,-100.753620,obs=0.012 trans=0.000 fs=0.000 ft=1.000,8,20.3170,20.3170,20.3191,2.002,0.000,,0.0,4.36,spawn_failed
2026-10-01T10:47:12.809,1790815632.092,24,native_wokal_ebike,native,False,-37.90821855817484,145.13237554598203,True,1756.0764,1652.5041,1756.0764,1652.5041,1737.7599,1654.0489,1737.7599,1654.0489,,,,,1272942443#1,0,52.6227,False,,,,,18.3816,18.3816,18.3816,21.125,0.000,,0.0,4.31,spawn_failed
2026-10-01T10:47:12.809,1790815632.092,24,native_wkal_ebike,native,True,-37.90821855817484,145.13237554598203,True,1756.0764,1652.5041,1756.0546,1652.5164,1737.7599,1654.0489,1737.7599,1654.0489,,,,,1272942443#1,0,52.6227,False,,,,,18.3816,18.3816,18.3588,21.985,0.000,,0.0,4.31,spawn_failed
2026-10-01T10:47:12.809,1790815632.092,24,topo_wokal_ebike,topo,False,-37.90821855817484,145.13237554598203,True,1756.0764,1652.5041,1756.0764,1652.5041,1737.7600,1654.0500,1737.7600,1654.0500,,,,,1272942443#1,0,,False,18.3815,0.638787,prox=0.472 head=0.500 conn=1.000 turn=1.000,,18.3815,18.3815,18.3815,0.622,0.000,,0.0,4.31,spawn_failed
2026-10-01T10:47:12.809,1790815632.092,24,topo_wkal_ebike,topo,True,-37.90821855817484,145.13237554598203,True,1756.0764,1652.5041,1756.0546,1652.5164,1737.7600,1654.0500,1737.7600,1654.0500,,,,,1272942443#1,0,,False,18.3587,0.639139,prox=0.473 head=0.500 conn=1.000 turn=1.000,,18.3815,18.3815,18.3587,0.680,0.000,,0.0,4.31,spawn_failed
2026-10-01T10:47:12.809,1790815632.092,24,fuzzy_wokal_ebike,fuzzy,False,-37.90821855817484,145.13237554598203,True,1756.0764,1652.5041,1756.0764,1652.5041,1735.7600,1654.2500,1735.7600,1654.2500,,,1735.7600,1654.2500,-1272942443#1,0,,False,20.3913,50.000000,short=0.000 small=1.000 angle_diff=6.981 mode=following,,20.3913,20.3913,20.3913,0.074,0.000,0.000,0.0,4.31,
2026-10-01T10:47:12.809,1790815632.092,24,fuzzy_wkal_ebike,fuzzy,True,-37.90821855817484,145.13237554598203,True,1756.0764,1652.5041,1756.0546,1652.5164,1735.7600,1654.2500,1735.7600,1654.2500,,,1735.7600,1654.2500,-1272942443#1,0,,False,20.3685,50.000000,short=0.000 small=1.000 angle_diff=6.981 mode=following,,20.3913,20.3913,20.3685,0.100,0.000,0.000,0.0,4.31,
2026-10-01T10:47:12.809,1790815632.092,24,hmm_wokal_ebike,hmm,False,-37.90821855817484,145.13237554598203,True,1756.0764,1652.5041,1756.0764,1652.5041,1737.7600,1654.0500,1737.7600,1654.0500,,,,,1272942443#1,0,,False,18.3815,0.000000,emission=-11.485 transition=1.200 sigma=4.307 num_candidates=5.000,,18.3815,18.3815,18.3815,0.882,0.000,,0.0,4.31,spawn_failed
2026-10-01T10:47:12.809,1790815632.092,24,hmm_wkal_ebike,hmm,True,-37.90821855817484,145.13237554598203,True,1756.0764,1652.5041,1756.0546,1652.5164,1737.7600,1654.0500,1737.7600,1654.0500,,,,,1272942443#1,0,,False,18.3587,0.000000,emission=-11.462 transition=1.354 sigma=4.307 num_candidates=5.000,,18.3815,18.3815,18.3587,0.876,0.000,,0.0,4.31,spawn_failed
2026-10-01T10:47:12.809,1790815632.092,24,st_wokal_ebike,st,False,-37.90821855817484,145.13237554598203,True,1756.0764,1652.5041,1756.0764,1652.5041,1735.7600,1654.2500,1735.7600,1654.2500,,,,,-1272942443#1,0,,False,20.3913,-110.055222,obs=0.012 trans=0.001 fs=0.000 ft=1.000,8,20.3913,20.3913,20.3913,1.718,0.000,,0.0,4.31,spawn_failed
2026-10-01T10:47:12.809,1790815632.092,24,st_wkal_ebike,st,True,-37.90821855817484,145.13237554598203,True,1756.0764,1652.5041,1756.0546,1652.5164,1735.7600,1654.2500,1735.7600,1654.2500,,,,,-1272942443#1,0,,False,20.3685,-100.329998,obs=0.012 trans=0.001 fs=0.000 ft=1.000,8,20.3913,20.3913,20.3685,1.582,0.000,,0.0,4.31,spawn_failed
2026-10-01T10:47:16.925,1790815636.067,25,native_wokal_ebike,native,False,-37.90821797491233,145.13237511328975,True,1756.0371,1652.5681,1756.0371,1652.5681,1737.7599,1654.0489,1737.7599,1654.0489,,,,,1272942443#1,0,52.6227,False,,,,,18.3371,18.3371,18.3371,22.019,0.000,,0.0,4.22,spawn_failed
2026-10-01T10:47:16.925,1790815636.067,25,native_wkal_ebike,native,True,-37.90821797491233,145.13237511328975,True,1756.0371,1652.5681,1756.0504,1652.5497,1737.7599,1654.0489,1737.7599,1654.0489,,,,,1272942443#1,0,52.6227,False,,,,,18.3371,18.3371,18.3519,20.544,0.000,,0.0,4.22,spawn_failed
2026-10-01T10:47:16.925,1790815636.067,25,topo_wokal_ebike,topo,False,-37.90821797491233,145.13237511328975,True,1756.0371,1652.5681,1756.0371,1652.5681,1737.7600,1654.0500,1737.7600,1654.0500,,,,,1272942443#1,0,,False,18.3370,0.639473,prox=0.474 head=0.500 conn=1.000 turn=1.000,,18.3370,18.3370,18.3370,0.583,0.000,,0.0,4.22,spawn_failed
2026-10-01T10:47:16.925,1790815636.067,25,topo_wkal_ebike,topo,True,-37.90821797491233,145.13237511328975,True,1756.0371,1652.5681,1756.0504,1652.5497,1737.7600,1654.0500,1737.7600,1654.0500,,,,,1272942443#1,0,,False,18.3518,0.639245,prox=0.473 head=0.500 conn=1.000 turn=1.000,,18.3370,18.3370,18.3518,0.556,0.000,,0.0,4.22,spawn_failed
2026-10-01T10:47:16.925,1790815636.067,25,fuzzy_wokal_ebike,fuzzy,False,-37.90821797491233,145.13237511328975,True,1756.0371,1652.5681,1756.0371,1652.5681,1735.7600,1654.2500,1735.7600,1654.2500,,,1735.7600,1654.2500,-1272942443#1,0,,False,20.3467,50.000000,short=0.000 small=1.000 angle_diff=6.981 mode=following,,20.3467,20.3467,20.3467,0.082,0.000,0.000,0.0,4.22,
2026-10-01T10:47:16.925,1790815636.067,25,fuzzy_wkal_ebike,fuzzy,True,-37.90821797491233,145.13237511328975,True,1756.0371,1652.5681,1756.0504,1652.5497,1735.7600,1654.2500,1735.7600,1654.2500,,,1735.7600,1654.2500,-1272942443#1,0,,False,20.3615,50.000000,short=0.000 small=1.000 angle_diff=6.981 mode=following,,20.3467,20.3467,20.3615,0.074,0.000,0.000,0.0,4.22,
2026-10-01T10:47:16.925,1790815636.067,25,hmm_wokal_ebike,hmm,False,-37.90821797491233,145.13237511328975,True,1756.0371,1652.5681,1756.0371,1652.5681,1737.7600,1654.0500,1737.7600,1654.0500,,,,,1272942443#1,0,,False,18.3370,0.000000,emission=-11.810 transition=1.234 sigma=4.218 num_candidates=5.000,,18.3370,18.3370,18.3370,0.865,0.000,,0.0,4.22,spawn_failed
2026-10-01T10:47:16.925,1790815636.067,25,hmm_wkal_ebike,hmm,True,-37.90821797491233,145.13237511328975,True,1756.0371,1652.5681,1756.0504,1652.5497,1737.7600,1654.0500,1737.7600,1654.0500,,,,,1272942443#1,0,,False,18.3518,0.000000,emission=-11.825 transition=1.442 sigma=4.218 num_candidates=5.000,,18.3370,18.3370,18.3518,0.847,0.000,,0.0,4.22,spawn_failed
2026-10-01T10:47:16.925,1790815636.067,25,st_wokal_ebike,st,False,-37.90821797491233,145.13237511328975,True,1756.0371,1652.5681,1756.0371,1652.5681,1735.7600,1654.2500,1735.7600,1654.2500,,,,,-1272942443#1,0,,False,20.3467,-107.612128,obs=0.012 trans=0.001 fs=0.000 ft=1.000,8,20.3467,20.3467,20.3467,1.613,0.000,,0.0,4.22,spawn_failed
2026-10-01T10:47:16.925,1790815636.067,25,st_wkal_ebike,st,True,-37.90821797491233,145.13237511328975,True,1756.0371,1652.5681,1756.0504,1652.5497,1735.7600,1654.2500,1735.7600,1654.2500,,,,,-1272942443#1,0,,False,20.3615,-98.824769,obs=0.012 trans=0.000 fs=0.000 ft=1.000,8,20.3467,20.3467,20.3615,1.345,0.000,,0.0,4.22,spawn_failed
2026-10-01T10:47:29.180,1790815647.019,26,native_wokal_ebike,native,False,-37.90821774532919,145.13237507820935,True,1756.0335,1652.5935,1756.0335,1652.5935,1737.7599,1654.0489,1737.7599,1654.0489,,,,,1272942443#1,0,52.6227,False,,,,,18.3315,18.3315,18.3315,21.016,0.000,,0.0,4.13,spawn_failed
2026-10-01T10:47:29.180,1790815647.019,26,native_wkal_ebike,native,True,-37.90821774532919,145.13237507820935,True,1756.0335,1652.5935,1756.0378,1652.5930,1737.7599,1654.0489,1737.7599,1654.0489,,,,,1272942443#1,0,52.6227,False,,,,,18.3315,18.3315,18.3358,18.202,0.000,,0.0,4.13,spawn_failed
2026-10-01T10:47:29.180,1790815647.019,26,topo_wokal_ebike,topo,False,-37.90821774532919,145.13237507820935,True,1756.0335,1652.5935,1756.0335,1652.5935,1737.7600,1654.0500,1737.7600,1654.0500,,,,,1272942443#1,0,,False,18.3314,0.639560,prox=0.474 head=0.500 conn=1.000 turn=1.000,,18.3314,18.3314,18.3314,0.619,0.000,,0.0,4.13,spawn_failed
2026-10-01T10:47:29.180,1790815647.019,26,topo_wkal_ebike,topo,True,-37.90821774532919,145.13237507820935,True,1756.0335,1652.5935,1756.0378,1652.5930,1737.7600,1654.0500,1737.7600,1654.0500,,,,,1272942443#1,0,,False,18.3358,0.639493,prox=0.474 head=0.500 conn=1.000 turn=1.000,,18.3314,18.3314,18.3358,0.621,0.000,,0.0,4.13,spawn_failed
2026-10-01T10:47:29.180,1790815647.019,26,fuzzy_wokal_ebike,fuzzy,False,-37.90821774532919,145.13237507820935,True,1756.0335,1652.5935,1756.0335,1652.5935,1735.7600,1654.2500,1735.7600,1654.2500,,,1735.7600,1654.2500,-1272942443#1,0,,False,20.3410,50.000000,short=0.000 small=1.000 angle_diff=6.981 mode=following,,20.3410,20.3410,20.3410,0.077,0.000,0.000,0.0,4.13,
2026-10-01T10:47:29.180,1790815647.019,26,fuzzy_wkal_ebike,fuzzy,True,-37.90821774532919,145.13237507820935,True,1756.0335,1652.5935,1756.0378,1652.5930,1735.7600,1654.2500,1735.7600,1654.2500,,,1735.7600,1654.2500,-1272942443#1,0,,False,20.3454,50.000000,short=0.000 small=1.000 angle_diff=6.981 mode=following,,20.3410,20.3410,20.3454,0.090,0.000,0.000,0.0,4.13,
2026-10-01T10:47:29.180,1790815647.019,26,hmm_wokal_ebike,hmm,False,-37.90821774532919,145.13237507820935,True,1756.0335,1652.5935,1756.0335,1652.5935,1737.7600,1654.0500,1737.7600,1654.0500,,,,,1272942443#1,0,,False,18.3314,0.000000,emission=-12.196 transition=1.481 sigma=4.128 num_candidates=5.000,,18.3314,18.3314,18.3314,0.907,0.000,,0.0,4.13,spawn_failed
2026-10-01T10:47:29.180,1790815647.019,26,hmm_wkal_ebike,hmm,True,-37.90821774532919,145.13237507820935,True,1756.0335,1652.5935,1756.0378,1652.5930,1737.7600,1654.0500,1737.7600,1654.0500,,,,,1272942443#1,0,,False,18.3358,0.000000,emission=-12.201 transition=1.384 sigma=4.128 num_candidates=5.000,,18.3314,18.3314,18.3358,0.905,0.000,,0.0,4.13,spawn_failed
2026-10-01T10:47:29.180,1790815647.019,26,st_wokal_ebike,st,False,-37.90821774532919,145.13237507820935,True,1756.0335,1652.5935,1756.0335,1652.5935,1735.7600,1654.2500,1735.7600,1654.2500,,,,,-1272942443#1,0,,False,20.3410,-107.863807,obs=0.012 trans=0.000 fs=0.000 ft=1.000,8,20.3410,20.3410,20.3410,1.671,0.000,,0.0,4.13,spawn_failed
2026-10-01T10:47:29.180,1790815647.019,26,st_wkal_ebike,st,True,-37.90821774532919,145.13237507820935,True,1756.0335,1652.5935,1756.0378,1652.5930,1735.7600,1654.2500,1735.7600,1654.2500,,,,,-1272942443#1,0,,False,20.3454,-98.147747,obs=0.012 trans=0.000 fs=0.000 ft=1.000,8,20.3410,20.3410,20.3454,1.619,0.000,,0.0,4.13,spawn_failed
2026-10-01T10:47:31.285,1790815651.068,27,native_wokal_ebike,native,False,-37.90821774532829,145.1323750782092,True,1756.0335,1652.5935,1756.0335,1652.5935,1737.7599,1654.0489,1737.7599,1654.0489,,,,,1272942443#1,0,52.6227,False,,,,,18.3315,18.3315,18.3315,26.299,0.000,,0.0,4.13,spawn_failed
2026-10-01T10:47:31.285,1790815651.068,27,native_wkal_ebike,native,True,-37.90821774532829,145.1323750782092,True,1756.0335,1652.5935,1756.0336,1652.5983,1737.7599,1654.0489,1737.7599,1654.0489,,,,,1272942443#1,0,52.6227,False,,,,,18.3315,18.3315,18.3312,25.796,0.000,,0.0,4.13,spawn_failed
2026-10-01T10:47:31.285,1790815651.068,27,topo_wokal_ebike,topo,False,-37.90821774532829,145.1323750782092,True,1756.0335,1652.5935,1756.0335,1652.5935,1737.7600,1654.0500,1737.7600,1654.0500,,,,,1272942443#1,0,,False,18.3314,0.639560,prox=0.474 head=0.500 conn=1.000 turn=1.000,,18.3314,18.3314,18.3314,1.281,0.000,,0.0,4.13,spawn_failed
2026-10-01T10:47:31.285,1790815651.068,27,topo_wkal_ebike,topo,True,-37.90821774532829,145.1323750782092,True,1756.0335,1652.5935,1756.0336,1652.5983,1737.7600,1654.0500,1737.7600,1654.0500,,,,,1272942443#1,0,,False,18.3311,0.639565,prox=0.474 head=0.500 conn=1.000 turn=1.000,,18.3314,18.3314,18.3311,0.724,0.000,,0.0,4.13,spawn_failed
2026-10-01T10:47:31.285,1790815651.068,27,fuzzy_wokal_ebike,fuzzy,False,-37.90821774532829,145.1323750782092,True,1756.0335,1652.5935,1756.0335,1652.5935,1735.7600,1654.2500,1735.7600,1654.2500,,,1735.7600,1654.2500,-1272942443#1,0,,False,20.3410,50.000000,short=0.000 small=1.000 angle_diff=6.981 mode=following,,20.3410,20.3410,20.3410,0.105,0.000,0.000,0.0,4.13,
2026-10-01T10:47:31.285,1790815651.068,27,fuzzy_wkal_ebike,fuzzy,True,-37.90821774532829,145.1323750782092,True,1756.0335,1652.5935,1756.0336,1652.5983,1735.7600,1654.2500,1735.7600,1654.2500,,,1735.7600,1654.2500,-1272942443#1,0,,False,20.3407,50.000000,short=0.000 small=1.000 angle_diff=6.981 mode=following,,20.3410,20.3410,20.3407,0.084,0.000,0.000,0.0,4.13,
2026-10-01T10:47:31.285,1790815651.068,27,hmm_wokal_ebike,hmm,False,-37.90821774532829,145.1323750782092,True,1756.0335,1652.5935,1756.0335,1652.5935,1737.7600,1654.0500,1737.7600,1654.0500,,,,,1272942443#1,0,,False,18.3314,0.000000,emission=-12.196 transition=1.609 sigma=4.128 num_candidates=5.000,,18.3314,18.3314,18.3314,0.877,0.000,,0.0,4.13,spawn_failed
2026-10-01T10:47:31.285,1790815651.068,27,hmm_wkal_ebike,hmm,True,-37.90821774532829,145.1323750782092,True,1756.0335,1652.5935,1756.0336,1652.5983,1737.7600,1654.0500,1737.7600,1654.0500,,,,,1272942443#1,0,,False,18.3311,0.000000,emission=-12.195 transition=1.576 sigma=4.128 num_candidates=5.000,,18.3314,18.3314,18.3311,0.932,0.000,,0.0,4.13,spawn_failed
2026-10-01T10:47:31.285,1790815651.068,27,st_wokal_ebike,st,False,-37.90821774532829,145.1323750782092,True,1756.0335,1652.5935,1756.0335,1652.5935,1735.7600,1654.2500,1735.7600,1654.2500,,,,,-1272942443#1,0,,False,20.3410,-107.574020,obs=0.012 trans=0.000 fs=0.000 ft=1.000,8,20.3410,20.3410,20.3410,1.884,0.000,,0.0,4.13,spawn_failed
2026-10-01T10:47:31.285,1790815651.068,27,st_wkal_ebike,st,True,-37.90821774532829,145.1323750782092,True,1756.0335,1652.5935,1756.0336,1652.5983,1735.7600,1654.2500,1735.7600,1654.2500,,,,,-1272942443#1,0,,False,20.3407,-97.993918,obs=0.012 trans=0.000 fs=0.000 ft=1.000,8,20.3410,20.3410,20.3407,1.991,0.000,,0.0,4.13,spawn_failed
2026-10-01T10:47:33.396,1790815652.503,28,native_wokal_ebike,native,False,-37.908222744486736,145.1323804874778,True,1756.5202,1652.0483,1756.5202,1652.0483,1737.7599,1654.0489,1737.7599,1654.0489,,,,,1272942443#1,0,52.6227,False,,,,,18.8667,18.8667,18.8667,21.157,0.000,,0.0,4.22,spawn_failed
2026-10-01T10:47:33.396,1790815652.503,28,native_wkal_ebike,native,True,-37.908222744486736,145.1323804874778,True,1756.5202,1652.0483,1756.2715,1652.3304,1737.7599,1654.0489,1737.7599,1654.0489,,,,,1272942443#1,0,52.6227,False,,,,,18.8667,18.8667,18.5913,21.550,0.000,,0.0,4.22,spawn_failed
2026-10-01T10:47:33.396,1790815652.503,28,topo_wokal_ebike,topo,False,-37.908222744486736,145.1323804874778,True,1756.5202,1652.0483,1756.5202,1652.0483,1737.7600,1654.0500,1737.7600,1654.0500,,,,,1272942443#1,0,,False,18.8666,0.631356,prox=0.453 head=0.500 conn=1.000 turn=1.000,,18.8666,18.8666,18.8666,0.599,0.000,,0.0,4.22,spawn_failed
2026-10-01T10:47:33.396,1790815652.503,28,topo_wkal_ebike,topo,True,-37.908222744486736,145.1323804874778,True,1756.5202,1652.0483,1756.2715,1652.3304,1737.7600,1654.0500,1737.7600,1654.0500,,,,,1272942443#1,0,,False,18.5912,0.635562,prox=0.464 head=0.500 conn=1.000 turn=1.000,,18.8666,18.8666,18.5912,0.579,0.000,,0.0,4.22,spawn_failed
2026-10-01T10:47:33.396,1790815652.503,28,fuzzy_wokal_ebike,fuzzy,False,-37.908222744486736,145.1323804874778,True,1756.5202,1652.0483,1756.5202,1652.0483,1735.7600,1654.2500,1735.7600,1654.2500,,,1735.7600,1654.2500,-1272942443#1,0,,False,20.8766,50.000000,short=0.000 small=1.000 angle_diff=6.981 mode=following,,20.8766,20.8766,20.8766,0.082,0.000,0.000,0.0,4.22,
2026-10-01T10:47:33.396,1790815652.503,28,fuzzy_wkal_ebike,fuzzy,True,-37.908222744486736,145.1323804874778,True,1756.5202,1652.0483,1756.2715,1652.3304,1735.7600,1654.2500,1735.7600,1654.2500,,,1735.7600,1654.2500,-1272942443#1,0,,False,20.6012,50.000000,short=0.000 small=1.000 angle_diff=6.981 mode=following,,20.8766,20.8766,20.6012,0.081,0.000,0.000,0.0,4.22,
2026-10-01T10:47:33.396,1790815652.503,28,hmm_wokal_ebike,hmm,False,-37.908222744486736,145.1323804874778,True,1756.5202,1652.0483,1756.5202,1652.0483,1737.7600,1654.0500,1737.7600,1654.0500,,,,,1272942443#1,0,,False,18.8666,0.000000,emission=-12.360 transition=-2.045 sigma=4.218 num_candidates=5.000,,18.8666,18.8666,18.8666,0.901,0.000,,0.0,4.22,spawn_failed
2026-10-01T10:47:33.396,1790815652.503,28,hmm_wkal_ebike,hmm,True,-37.908222744486736,145.1323804874778,True,1756.5202,1652.0483,1756.2715,1652.3304,1737.7600,1654.0500,1737.7600,1654.0500,,,,,1272942443#1,0,,False,18.5912,0.000000,emission=-12.070 transition=-0.182 sigma=4.218 num_candidates=5.000,,18.8666,18.8666,18.5912,0.893,0.000,,0.0,4.22,spawn_failed
2026-10-01T10:47:33.396,1790815652.503,28,st_wokal_ebike,st,False,-37.908222744486736,145.1323804874778,True,1756.5202,1652.0483,1756.5202,1652.0483,1735.7600,1654.2500,1735.7600,1654.2500,,,,,-1272942443#1,0,,False,20.8766,-101.508430,obs=0.012 trans=0.007 fs=0.000 ft=1.000,8,20.8766,20.8766,20.8766,1.597,0.000,,0.0,4.22,spawn_failed
2026-10-01T10:47:33.396,1790815652.503,28,st_wkal_ebike,st,True,-37.908222744486736,145.1323804874778,True,1756.5202,1652.0483,1756.2715,1652.3304,1735.7600,1654.2500,1735.7600,1654.2500,,,,,-1272942443#1,0,,False,20.6012,-92.778360,obs=0.012 trans=0.004 fs=0.000 ft=1.000,8,20.8766,20.8766,20.6012,1.623,0.000,,0.0,4.22,spawn_failed
2026-10-01T10:47:39.547,1790815659.548,29,native_wokal_ebike,native,False,-37.90822275134609,145.13238047316167,True,1756.5189,1652.0475,1756.5189,1652.0475,1737.7599,1654.0489,1737.7599,1654.0489,,,,,1272942443#1,0,52.6227,False,,,,,18.8655,18.8655,18.8655,22.902,0.000,,0.0,4.22,spawn_failed
2026-10-01T10:47:39.547,1790815659.548,29,native_wkal_ebike,native,True,-37.90822275134609,145.13238047316167,True,1756.5189,1652.0475,1756.5147,1652.0550,1737.7599,1654.0489,1737.7599,1654.0489,,,,,1272942443#1,0,52.6227,False,,,,,18.8655,18.8655,18.8606,19.973,0.000,,0.0,4.22,spawn_failed
2026-10-01T10:47:39.547,1790815659.548,29,topo_wokal_ebike,topo,False,-37.90822275134609,145.13238047316167,True,1756.5189,1652.0475,1756.5189,1652.0475,1737.7600,1654.0500,1737.7600,1654.0500,,,,,1272942443#1,0,,False,18.8655,0.631374,prox=0.453 head=0.500 conn=1.000 turn=1.000,,18.8655,18.8655,18.8655,0.599,0.000,,0.0,4.22,spawn_failed
2026-10-01T10:47:39.547,1790815659.548,29,topo_wkal_ebike,topo,True,-37.90822275134609,145.13238047316167,True,1756.5189,1652.0475,1756.5147,1652.0550,1737.7600,1654.0500,1737.7600,1654.0500,,,,,1272942443#1,0,,False,18.8605,0.631449,prox=0.454 head=0.500 conn=1.000 turn=1.000,,18.8655,18.8655,18.8605,0.592,0.000,,0.0,4.22,spawn_failed
2026-10-01T10:47:39.547,1790815659.548,29,fuzzy_wokal_ebike,fuzzy,False,-37.90822275134609,145.13238047316167,True,1756.5189,1652.0475,1756.5189,1652.0475,1735.7600,1654.2500,1735.7600,1654.2500,,,1735.7600,1654.2500,-1272942443#1,0,,False,20.8754,50.000000,short=0.000 small=1.000 angle_diff=6.981 mode=following,,20.8754,20.8754,20.8754,0.085,0.000,0.000,0.0,4.22,
2026-10-01T10:47:39.547,1790815659.548,29,fuzzy_wkal_ebike,fuzzy,True,-37.90822275134609,145.13238047316167,True,1756.5189,1652.0475,1756.5147,1652.0550,1735.7600,1654.2500,1735.7600,1654.2500,,,1735.7600,1654.2500,-1272942443#1,0,,False,20.8705,50.000000,short=0.000 small=1.000 angle_diff=6.981 mode=following,,20.8754,20.8754,20.8705,0.075,0.000,0.000,0.0,4.22,
2026-10-01T10:47:39.547,1790815659.548,29,hmm_wokal_ebike,hmm,False,-37.90822275134609,145.13238047316167,True,1756.5189,1652.0475,1756.5189,1652.0475,1737.7600,1654.0500,1737.7600,1654.0500,,,,,1272942443#1,0,,False,18.8655,0.000000,emission=-12.356 transition=1.602 sigma=4.219 num_candidates=5.000,,18.8655,18.8655,18.8655,0.861,0.000,,0.0,4.22,spawn_failed
2026-10-01T10:47:39.547,1790815659.548,29,hmm_wkal_ebike,hmm,True,-37.90822275134609,145.13238047316167,True,1756.5189,1652.0475,1756.5147,1652.0550,1737.7600,1654.0500,1737.7600,1654.0500,,,,,1272942443#1,0,,False,18.8605,0.000000,emission=-12.351 transition=-0.228 sigma=4.219 num_candidates=5.000,,18.8655,18.8655,18.8605,0.876,0.000,,0.0,4.22,spawn_failed
2026-10-01T10:47:39.547,1790815659.548,29,st_wokal_ebike,st,False,-37.90822275134609,145.13238047316167,True,1756.5189,1652.0475,1756.5189,1652.0475,1735.7600,1654.2500,1735.7600,1654.2500,,,,,-1272942443#1,0,,False,20.8754,-102.671650,obs=0.012 trans=0.000 fs=0.000 ft=1.000,8,20.8754,20.8754,20.8754,1.578,0.000,,0.0,4.22,spawn_failed
2026-10-01T10:47:39.547,1790815659.548,29,st_wkal_ebike,st,True,-37.90822275134609,145.13238047316167,True,1756.5189,1652.0475,1756.5147,1652.0550,1735.7600,1654.2500,1735.7600,1654.2500,,,,,-1272942443#1,0,,False,20.8705,-88.229832,obs=0.012 trans=0.004 fs=0.000 ft=1.000,8,20.8754,20.8754,20.8705,1.569,0.000,,0.0,4.22,spawn_failed
2026-10-01T10:47:45.687,1790815664.019,30,native_wokal_ebike,native,False,-37.908226888818795,145.1323853580742,True,1756.9576,1651.5970,1756.9576,1651.5970,1737.7478,1653.9501,1737.7478,1653.9501,,,,,1272942443#1,0,52.7223,False,,,,,19.3534,19.3534,19.3534,19.921,0.000,,0.0,4.13,spawn_failed
2026-10-01T10:47:45.687,1790815664.019,30,native_wkal_ebike,native,True,-37.908226888818795,145.1323853580742,True,1756.9576,1651.5970,1756.8754,1651.6780,1737.7563,1654.0200,1737.7563,1654.0200,,,,,1272942443#1,0,52.6519,False,,,,,19.3535,19.3535,19.2620,19.131,0.000,,0.0,4.13,spawn_failed
2026-10-01T10:47:45.687,1790815664.019,30,topo_wokal_ebike,topo,False,-37.908226888818795,145.1323853580742,True,1756.9576,1651.5970,1756.9576,1651.5970,1737.7479,1653.9511,1737.7479,1653.9511,,,,,1272942443#1,0,,False,19.3534,0.624011,prox=0.435 head=0.500 conn=1.000 turn=1.000,,19.3534,19.3534,19.3534,0.366,0.000,,0.0,4.13,spawn_failed
2026-10-01T10:47:45.687,1790815664.019,30,topo_wkal_ebike,topo,True,-37.908226888818795,145.1323853580742,True,1756.9576,1651.5970,1756.8754,1651.6780,1737.7564,1654.0210,1737.7564,1654.0210,,,,,1272942443#1,0,,False,19.2620,0.625381,prox=0.438 head=0.500 conn=1.000 turn=1.000,,19.3535,19.3535,19.2620,0.580,0.000,,0.0,4.13,spawn_failed
2026-10-01T10:47:45.687,1790815664.019,30,fuzzy_wokal_ebike,fuzzy,False,-37.908226888818795,145.1323853580742,True,1756.9576,1651.5970,1756.9576,1651.5970,1735.7531,1654.1934,1735.7531,1654.1934,,,1735.7531,1654.1934,-1272942443#1,0,,False,21.3629,50.000000,short=0.000 small=1.000 angle_diff=6.981 mode=following,,21.3629,21.3629,21.3629,0.080,0.000,0.000,0.0,4.13,
2026-10-01T10:47:45.687,1790815664.019,30,fuzzy_wkal_ebike,fuzzy,True,-37.908226888818795,145.1323853580742,True,1756.9576,1651.5970,1756.8754,1651.6780,1735.7600,1654.2500,1735.7600,1654.2500,,,1735.7600,1654.2500,-1272942443#1,0,,False,21.2715,50.000000,short=0.000 small=1.000 angle_diff=6.981 mode=following,,21.3630,21.3630,21.2715,0.080,0.000,0.000,0.0,4.13,
2026-10-01T10:47:45.687,1790815664.019,30,hmm_wokal_ebike,hmm,False,-37.908226888818795,145.1323853580742,True,1756.9576,1651.5970,1756.9576,1651.5970,1737.7479,1653.9511,1737.7479,1653.9511,,,,,1272942443#1,0,,False,19.3534,0.000000,emission=-13.325 transition=-1.037 sigma=4.128 num_candidates=5.000,,19.3534,19.3534,19.3534,0.890,0.000,,0.0,4.13,spawn_failed
2026-10-01T10:47:45.687,1790815664.019,30,hmm_wkal_ebike,hmm,True,-37.908226888818795,145.1323853580742,True,1756.9576,1651.5970,1756.8754,1651.6780,1737.7564,1654.0210,1737.7564,1654.0210,,,,,1272942443#1,0,,False,19.2620,0.000000,emission=-13.221 transition=-0.853 sigma=4.128 num_candidates=5.000,,19.3535,19.3535,19.2620,0.885,0.000,,0.0,4.13,spawn_failed
2026-10-01T10:47:45.687,1790815664.019,30,st_wokal_ebike,st,False,-37.908226888818795,145.1323853580742,True,1756.9576,1651.5970,1756.9576,1651.5970,1737.7479,1653.9511,1737.7479,1653.9511,,,,,1272942443#1,0,,False,19.3534,-94.538534,obs=0.012 trans=1.000 fs=0.012 ft=1.000,8,19.3534,19.3534,19.3534,1.601,0.000,,0.0,4.13,spawn_failed
2026-10-01T10:47:45.687,1790815664.019,30,st_wkal_ebike,st,True,-37.908226888818795,145.1323853580742,True,1756.9576,1651.5970,1756.8754,1651.6780,1737.7564,1654.0210,1737.7564,1654.0210,,,,,1272942443#1,0,,False,19.2620,-79.302884,obs=0.013 trans=1.000 fs=0.013 ft=1.000,8,19.3535,19.3535,19.2620,1.582,0.000,,0.0,4.13,spawn_failed
2026-10-01T10:47:47.778,1790815667.504,31,native_wokal_ebike,native,False,-37.90822688883079,145.13238535808836,True,1756.9576,1651.5970,1756.9576,1651.5970,1737.7478,1653.9501,1737.7478,1653.9501,,,,,1272942443#1,0,52.7223,False,,,,,19.3534,19.3534,19.3534,21.405,0.000,,0.0,4.13,spawn_failed
2026-10-01T10:47:47.778,1790815667.504,31,native_wkal_ebike,native,True,-37.90822688883079,145.13238535808836,True,1756.9576,1651.5970,1757.0018,1651.5475,1737.7424,1653.9066,1737.7424,1653.9066,,,,,1272942443#1,0,52.7661,False,,,,,19.3535,19.3535,19.4033,20.322,0.000,,0.0,4.13,spawn_failed
2026-10-01T10:47:47.778,1790815667.504,31,topo_wokal_ebike,topo,False,-37.90822688883079,145.13238535808836,True,1756.9576,1651.5970,1756.9576,1651.5970,1737.7479,1653.9511,1737.7479,1653.9511,,,,,1272942443#1,0,,False,19.3534,0.624011,prox=0.435 head=0.500 conn=1.000 turn=1.000,,19.3534,19.3534,19.3534,0.596,0.000,,0.0,4.13,spawn_failed
2026-10-01T10:47:47.778,1790815667.504,31,topo_wkal_ebike,topo,True,-37.90822688883079,145.13238535808836,True,1756.9576,1651.5970,1757.0018,1651.5475,1737.7426,1653.9077,1737.7426,1653.9077,,,,,1272942443#1,0,,False,19.4033,0.623265,prox=0.433 head=0.500 conn=1.000 turn=1.000,,19.3535,19.3535,19.4033,0.555,0.000,,0.0,4.13,spawn_failed
2026-10-01T10:47:47.778,1790815667.504,31,fuzzy_wokal_ebike,fuzzy,False,-37.90822688883079,145.13238535808836,True,1756.9576,1651.5970,1756.9576,1651.5970,1735.7531,1654.1934,1735.7531,1654.1934,,,1735.7531,1654.1934,-1272942443#1,0,,False,21.3629,50.000000,short=0.000 small=1.000 angle_diff=6.981 mode=following,,21.3629,21.3629,21.3629,0.079,0.000,0.000,0.0,4.13,
2026-10-01T10:47:47.778,1790815667.504,31,fuzzy_wkal_ebike,fuzzy,True,-37.90822688883079,145.13238535808836,True,1756.9576,1651.5970,1757.0018,1651.5475,1735.7477,1654.1499,1735.7477,1654.1499,,,1735.7477,1654.1499,-1272942443#1,0,,False,21.4128,50.000000,short=0.000 small=1.000 angle_diff=6.981 mode=following,,21.3629,21.3629,21.4128,0.055,0.000,0.000,0.0,4.13,
2026-10-01T10:47:47.778,1790815667.504,31,hmm_wokal_ebike,hmm,False,-37.90822688883079,145.13238535808836,True,1756.9576,1651.5970,1756.9576,1651.5970,1737.7479,1653.9511,1737.7479,1653.9511,,,,,1272942443#1,0,,False,19.3534,0.000000,emission=-13.324 transition=1.609 sigma=4.129 num_candidates=5.000,,19.3534,19.3534,19.3534,0.844,0.000,,0.0,4.13,spawn_failed
2026-10-01T10:47:47.778,1790815667.504,31,hmm_wkal_ebike,hmm,True,-37.90822688883079,145.13238535808836,True,1756.9576,1651.5970,1757.0018,1651.5475,1737.7426,1653.9077,1737.7426,1653.9077,,,,,1272942443#1,0,,False,19.4033,0.000000,emission=-13.381 transition=1.272 sigma=4.129 num_candidates=5.000,,19.3535,19.3535,19.4033,0.862,0.000,,0.0,4.13,spawn_failed
2026-10-01T10:47:47.778,1790815667.504,31,st_wokal_ebike,st,False,-37.90822688883079,145.13238535808836,True,1756.9576,1651.5970,1756.9576,1651.5970,1737.7479,1653.9511,1737.7479,1653.9511,,,,,1272942443#1,0,,False,19.3534,-87.494742,obs=0.012 trans=1.000 fs=0.012 ft=1.000,8,19.3534,19.3534,19.3534,1.406,0.000,,0.0,4.13,spawn_failed
2026-10-01T10:47:47.778,1790815667.504,31,st_wkal_ebike,st,True,-37.90822688883079,145.13238535808836,True,1756.9576,1651.5970,1757.0018,1651.5475,1737.7426,1653.9077,1737.7426,1653.9077,,,,,1272942443#1,0,,False,19.4033,-71.787954,obs=0.012 trans=1.000 fs=0.012 ft=1.000,8,19.3535,19.3535,19.4033,1.609,0.000,,0.0,4.13,spawn_failed
2026-10-01T10:47:51.887,1790815671.084,32,native_wokal_ebike,native,False,-37.90822688876342,145.13238535801244,True,1756.9576,1651.5970,1756.9576,1651.5970,1737.7478,1653.9501,1737.7478,1653.9501,,,,,1272942443#1,0,52.7223,False,,,,,19.3534,19.3534,19.3534,21.175,0.000,,0.0,4.13,spawn_failed
2026-10-01T10:47:51.887,1790815671.084,32,native_wkal_ebike,native,True,-37.90822688876342,145.13238535801244,True,1756.9576,1651.5970,1757.0364,1651.5128,1737.7388,1653.8767,1737.7388,1653.8767,,,,,1272942443#1,0,52.7963,False,,,,,19.3536,19.3536,19.4419,20.453,0.000,,0.0,4.13,spawn_failed
2026-10-01T10:47:51.887,1790815671.084,32,topo_wokal_ebike,topo,False,-37.90822688876342,145.13238535801244,True,1756.9576,1651.5970,1756.9576,1651.5970,1737.7479,1653.9511,1737.7479,1653.9511,,,,,1272942443#1,0,,False,19.3534,0.624012,prox=0.435 head=0.500 conn=1.000 turn=1.000,,19.3534,19.3534,19.3534,0.633,0.000,,0.0,4.13,spawn_failed
2026-10-01T10:47:51.887,1790815671.084,32,topo_wkal_ebike,topo,True,-37.90822688876342,145.13238535801244,True,1756.9576,1651.5970,1757.0364,1651.5128,1737.7389,1653.8777,1737.7389,1653.8777,,,,,1272942443#1,0,,False,19.4419,0.622689,prox=0.432 head=0.500 conn=1.000 turn=1.000,,19.3535,19.3535,19.4419,0.572,0.000,,0.0,4.13,spawn_failed
2026-10-01T10:47:51.887,1790815671.084,32,fuzzy_wokal_ebike,fuzzy,False,-37.90822688876342,145.13238535801244,True,1756.9576,1651.5970,1756.9576,1651.5970,1735.7531,1654.1934,1735.7531,1654.1934,,,1735.7531,1654.1934,-1272942443#1,0,,False,21.3629,50.000000,short=0.000 small=1.000 angle_diff=6.981 mode=following,,21.3629,21.3629,21.3629,0.093,0.000,0.000,0.0,4.13,
2026-10-01T10:47:51.887,1790815671.084,32,fuzzy_wkal_ebike,fuzzy,True,-37.90822688876342,145.13238535801244,True,1756.9576,1651.5970,1757.0364,1651.5128,1735.7441,1654.1200,1735.7441,1654.1200,,,1735.7441,1654.1200,-1272942443#1,0,,False,21.4513,50.000000,short=0.000 small=1.000 angle_diff=6.981 mode=following,,21.3630,21.3630,21.4513,0.096,0.000,0.000,0.0,4.13,
2026-10-01T10:47:51.887,1790815671.084,32,hmm_wokal_ebike,hmm,False,-37.90822688876342,145.13238535801244,True,1756.9576,1651.5970,1756.9576,1651.5970,1737.7479,1653.9511,1737.7479,1653.9511,,,,,1272942443#1,0,,False,19.3534,0.000000,emission=-13.325 transition=1.609 sigma=4.128 num_candidates=5.000,,19.3534,19.3534,19.3534,0.881,0.000,,0.0,4.13,spawn_failed
2026-10-01T10:47:51.887,1790815671.084,32,hmm_wkal_ebike,hmm,True,-37.90822688876342,145.13238535801244,True,1756.9576,1651.5970,1757.0364,1651.5128,1737.7389,1653.8777,1737.7389,1653.8777,,,,,1272942443#1,0,,False,19.4419,0.000000,emission=-13.426 transition=1.516 sigma=4.128 num_candidates=5.000,,19.3535,19.3535,19.4419,0.866,0.000,,0.0,4.13,spawn_failed
2026-10-01T10:47:51.887,1790815671.084,32,st_wokal_ebike,st,False,-37.90822688876342,145.13238535801244,True,1756.9576,1651.5970,1756.9576,1651.5970,1737.7479,1653.9511,1737.7479,1653.9511,,,,,1272942443#1,0,,False,19.3534,-80.192201,obs=0.012 trans=1.000 fs=0.012 ft=1.000,8,19.3534,19.3534,19.3534,1.753,0.000,,0.0,4.13,spawn_failed
2026-10-01T10:47:51.887,1790815671.084,32,st_wkal_ebike,st,True,-37.90822688876342,145.13238535801244,True,1756.9576,1651.5970,1757.0364,1651.5128,1737.7389,1653.8777,1737.7389,1653.8777,,,,,1272942443#1,0,,False,19.4419,-63.685953,obs=0.012 trans=1.000 fs=0.012 ft=1.000,8,19.3535,19.3535,19.4419,1.337,0.000,,0.0,4.13,spawn_failed
2026-10-01T10:47:58.038,1790815677.151,33,native_wokal_ebike,native,False,-37.90822692059673,145.13238531312874,True,1756.9537,1651.5934,1756.9537,1651.5934,1737.7473,1653.9461,1737.7473,1653.9461,,,,,1272942443#1,0,52.7264,False,,,,,19.3500,19.3500,19.3500,21.511,0.000,,0.0,4.13,spawn_failed
2026-10-01T10:47:58.038,1790815677.151,33,native_wkal_ebike,native,True,-37.90822692059673,145.13238531312874,True,1756.9537,1651.5934,1757.0137,1651.5320,1737.7407,1653.8928,1737.7407,1653.8928,,,,,1272942443#1,0,52.7800,False,,,,,19.3501,19.3501,19.4170,20.070,0.000,,0.0,4.13,spawn_failed
2026-10-01T10:47:58.038,1790815677.151,33,topo_wokal_ebike,topo,False,-37.90822692059673,145.13238531312874,True,1756.9537,1651.5934,1756.9537,1651.5934,1737.7474,1653.9471,1737.7474,1653.9471,,,,,1272942443#1,0,,False,19.3500,0.624063,prox=0.435 head=0.500 conn=1.000 turn=1.000,,19.3500,19.3500,19.3500,0.604,0.000,,0.0,4.13,spawn_failed
2026-10-01T10:47:58.038,1790815677.151,33,topo_wkal_ebike,topo,True,-37.90822692059673,145.13238531312874,True,1756.9537,1651.5934,1757.0137,1651.5320,1737.7409,1653.8939,1737.7409,1653.8939,,,,,1272942443#1,0,,False,19.4170,0.623061,prox=0.433 head=0.500 conn=1.000 turn=1.000,,19.3501,19.3501,19.4170,0.717,0.000,,0.0,4.13,spawn_failed
2026-10-01T10:47:58.038,1790815677.151,33,fuzzy_wokal_ebike,fuzzy,False,-37.90822692059673,145.13238531312874,True,1756.9537,1651.5934,1756.9537,1651.5934,1735.7526,1654.1894,1735.7526,1654.1894,,,1735.7526,1654.1894,-1272942443#1,0,,False,21.3595,50.000000,short=0.000 small=1.000 angle_diff=6.981 mode=following,,21.3595,21.3595,21.3595,0.078,0.000,0.000,0.0,4.13,
2026-10-01T10:47:58.038,1790815677.151,33,fuzzy_wkal_ebike,fuzzy,True,-37.90822692059673,145.13238531312874,True,1756.9537,1651.5934,1757.0137,1651.5320,1735.7461,1654.1361,1735.7461,1654.1361,,,1735.7461,1654.1361,-1272942443#1,0,,False,21.4265,50.000000,short=0.000 small=1.000 angle_diff=6.981 mode=following,,21.3595,21.3595,21.4265,0.076,0.000,0.000,0.0,4.13,
2026-10-01T10:47:58.038,1790815677.151,33,hmm_wokal_ebike,hmm,False,-37.90822692059673,145.13238531312874,True,1756.9537,1651.5934,1756.9537,1651.5934,1737.7474,1653.9471,1737.7474,1653.9471,,,,,1272942443#1,0,,False,19.3500,0.000000,emission=-13.319 transition=1.603 sigma=4.129 num_candidates=5.000,,19.3500,19.3500,19.3500,0.911,0.000,,0.0,4.13,spawn_failed
2026-10-01T10:47:58.038,1790815677.151,33,hmm_wkal_ebike,hmm,True,-37.90822692059673,145.13238531312874,True,1756.9537,1651.5934,1757.0137,1651.5320,1737.7409,1653.8939,1737.7409,1653.8939,,,,,1272942443#1,0,,False,19.4170,0.000000,emission=-13.395 transition=1.542 sigma=4.129 num_candidates=5.000,,19.3501,19.3501,19.4170,0.867,0.000,,0.0,4.13,spawn_failed
2026-10-01T10:47:58.038,1790815677.151,33,st_wokal_ebike,st,False,-37.90822692059673,145.13238531312874,True,1756.9537,1651.5934,1756.9537,1651.5934,1737.7474,1653.9471,1737.7474,1653.9471,,,,,1272942443#1,0,,False,19.3500,-71.986155,obs=0.012 trans=1.000 fs=0.012 ft=1.000,8,19.3500,19.3500,19.3500,1.754,0.000,,0.0,4.13,spawn_failed
2026-10-01T10:47:58.038,1790815677.151,33,st_wkal_ebike,st,True,-37.90822692059673,145.13238531312874,True,1756.9537,1651.5934,1757.0137,1651.5320,1737.7409,1653.8939,1737.7409,1653.8939,,,,,1272942443#1,0,,False,19.4170,-56.046033,obs=0.012 trans=1.000 fs=0.012 ft=1.000,8,19.3501,19.3501,19.4170,1.410,0.000,,0.0,4.13,spawn_failed
2026-10-01T10:48:02.151,1790815682.019,34,native_wokal_ebike,native,False,-37.90823071973111,145.13238980195277,True,1757.3568,1651.1797,1757.3568,1651.1797,1737.7033,1653.5872,1737.7033,1653.5872,,,,,1272942443#1,0,53.0879,False,,,,,19.8004,19.8004,19.8004,26.152,0.000,,0.0,4.04,spawn_failed
2026-10-01T10:48:02.151,1790815682.019,34,native_wkal_ebike,native,True,-37.90823071973111,145.13238980195277,True,1757.3568,1651.1797,1757.2731,1651.2648,1737.7123,1653.6609,1737.7123,1653.6609,,,,,1272942443#1,0,53.0137,False,,,,,19.8006,19.8006,19.7070,23.951,0.000,,0.0,4.04,spawn_failed
2026-10-01T10:48:02.151,1790815682.019,34,topo_wokal_ebike,topo,False,-37.90823071973111,145.13238980195277,True,1757.3568,1651.1797,1757.3568,1651.1797,1737.7034,1653.5882,1737.7034,1653.5882,,,,,1272942443#1,0,,False,19.8004,0.617373,prox=0.418 head=0.500 conn=1.000 turn=1.000,,19.8004,19.8004,19.8004,0.596,0.000,,0.0,4.04,spawn_failed
2026-10-01T10:48:02.151,1790815682.019,34,topo_wkal_ebike,topo,True,-37.90823071973111,145.13238980195277,True,1757.3568,1651.1797,1757.2731,1651.2648,1737.7124,1653.6619,1737.7124,1653.6619,,,,,1272942443#1,0,,False,19.7070,0.618752,prox=0.422 head=0.500 conn=1.000 turn=1.000,,19.8006,19.8006,19.7070,0.624,0.000,,0.0,4.04,spawn_failed
2026-10-01T10:48:02.151,1790815682.019,34,fuzzy_wokal_ebike,fuzzy,False,-37.90823071973111,145.13238980195277,True,1757.3568,1651.1797,1757.3568,1651.1797,1735.7086,1653.8304,1735.7086,1653.8304,,,1735.7086,1653.8304,-1272942443#1,0,,False,21.8099,50.000000,short=0.000 small=1.000 angle_diff=6.981 mode=following,,21.8099,21.8099,21.8099,0.091,0.000,0.000,0.0,4.04,
2026-10-01T10:48:02.151,1790815682.019,34,fuzzy_wkal_ebike,fuzzy,True,-37.90823071973111,145.13238980195277,True,1757.3568,1651.1797,1757.2731,1651.2648,1735.7177,1653.9041,1735.7177,1653.9041,,,1735.7177,1653.9041,-1272942443#1,0,,False,21.7165,50.000000,short=0.000 small=1.000 angle_diff=6.981 mode=following,,21.8100,21.8100,21.7165,0.114,0.000,0.000,0.0,4.04,
2026-10-01T10:48:02.151,1790815682.019,34,hmm_wokal_ebike,hmm,False,-37.90823071973111,145.13238980195277,True,1757.3568,1651.1797,1757.3568,1651.1797,1737.7034,1653.5882,1737.7034,1653.5882,,,,,1272942443#1,0,,False,19.8004,0.000000,emission=-14.304 transition=0.529 sigma=4.044 num_candidates=5.000,,19.8004,19.8004,19.8004,1.619,0.000,,0.0,4.04,spawn_failed
2026-10-01T10:48:02.151,1790815682.019,34,hmm_wkal_ebike,hmm,True,-37.90823071973111,145.13238980195277,True,1757.3568,1651.1797,1757.2731,1651.2648,1737.7124,1653.6619,1737.7124,1653.6619,,,,,1272942443#1,0,,False,19.7070,0.000000,emission=-14.191 transition=0.916 sigma=4.044 num_candidates=5.000,,19.8006,19.8006,19.7070,1.266,0.000,,0.0,4.04,spawn_failed
2026-10-01T10:48:02.151,1790815682.019,34,st_wokal_ebike,st,False,-37.90823071973111,145.13238980195277,True,1757.3568,1651.1797,1757.3568,1651.1797,1737.7034,1653.5882,1737.7034,1653.5882,,,,,1272942443#1,0,,False,19.8004,-51.178129,obs=0.012 trans=1.000 fs=0.012 ft=1.000,8,19.8004,19.8004,19.8004,2.190,0.000,,0.0,4.04,spawn_failed
2026-10-01T10:48:02.151,1790815682.019,34,st_wkal_ebike,st,True,-37.90823071973111,145.13238980195277,True,1757.3568,1651.1797,1757.2731,1651.2648,1737.7124,1653.6619,1737.7124,1653.6619,,,,,1272942443#1,0,,False,19.7070,-46.356809,obs=0.012 trans=1.000 fs=0.012 ft=1.000,8,19.8006,19.8006,19.7070,1.736,0.000,,0.0,4.04,spawn_failed
2026-10-01T10:48:06.296,1790815686.094,35,native_wokal_ebike,native,False,-37.9082307197462,145.1323898019706,True,1757.3568,1651.1797,1757.3568,1651.1797,1737.7033,1653.5872,1737.7033,1653.5872,,,,,1272942443#1,0,53.0879,False,,,,,19.8004,19.8004,19.8004,26.000,0.000,,0.0,4.04,spawn_failed
2026-10-01T10:48:06.296,1790815686.094,35,native_wkal_ebike,native,True,-37.9082307197462,145.1323898019706,True,1757.3568,1651.1797,1757.3736,1651.1618,1737.7014,1653.5715,1737.7014,1653.5715,,,,,1272942443#1,0,53.1037,False,,,,,19.8004,19.8004,19.8193,20.723,0.000,,0.0,4.04,spawn_failed
2026-10-01T10:48:06.296,1790815686.094,35,topo_wokal_ebike,topo,False,-37.9082307197462,145.1323898019706,True,1757.3568,1651.1797,1757.3568,1651.1797,1737.7034,1653.5882,1737.7034,1653.5882,,,,,1272942443#1,0,,False,19.8004,0.617373,prox=0.418 head=0.500 conn=1.000 turn=1.000,,19.8004,19.8004,19.8004,0.649,0.000,,0.0,4.04,spawn_failed
2026-10-01T10:48:06.296,1790815686.094,35,topo_wkal_ebike,topo,True,-37.9082307197462,145.1323898019706,True,1757.3568,1651.1797,1757.3736,1651.1618,1737.7015,1653.5726,1737.7015,1653.5726,,,,,1272942443#1,0,,False,19.8193,0.617096,prox=0.418 head=0.500 conn=1.000 turn=1.000,,19.8004,19.8004,19.8193,0.678,0.000,,0.0,4.04,spawn_failed
2026-10-01T10:48:06.296,1790815686.094,35,fuzzy_wokal_ebike,fuzzy,False,-37.9082307197462,145.1323898019706,True,1757.3568,1651.1797,1757.3568,1651.1797,1735.7086,1653.8304,1735.7086,1653.8304,,,1735.7086,1653.8304,-1272942443#1,0,,False,21.8099,50.000000,short=0.000 small=1.000 angle_diff=6.981 mode=following,,21.8099,21.8099,21.8099,0.112,0.000,0.000,0.0,4.04,
2026-10-01T10:48:06.296,1790815686.094,35,fuzzy_wkal_ebike,fuzzy,True,-37.9082307197462,145.1323898019706,True,1757.3568,1651.1797,1757.3736,1651.1618,1735.7067,1653.8148,1735.7067,1653.8148,,,1735.7067,1653.8148,-1272942443#1,0,,False,21.8287,50.000000,short=0.000 small=1.000 angle_diff=6.981 mode=following,,21.8099,21.8099,21.8287,0.077,0.000,0.000,0.0,4.04,
2026-10-01T10:48:06.296,1790815686.094,35,hmm_wokal_ebike,hmm,False,-37.9082307197462,145.1323898019706,True,1757.3568,1651.1797,1757.3568,1651.1797,1737.7034,1653.5882,1737.7034,1653.5882,,,,,1272942443#1,0,,False,19.8004,0.000000,emission=-14.303 transition=1.609 sigma=4.044 num_candidates=5.000,,19.8004,19.8004,19.8004,0.880,0.000,,0.0,4.04,spawn_failed
2026-10-01T10:48:06.296,1790815686.094,35,hmm_wkal_ebike,hmm,True,-37.9082307197462,145.1323898019706,True,1757.3568,1651.1797,1757.3736,1651.1618,1737.7015,1653.5726,1737.7015,1653.5726,,,,,1272942443#1,0,,False,19.8193,0.000000,emission=-14.326 transition=1.340 sigma=4.044 num_candidates=5.000,,19.8004,19.8004,19.8193,0.953,0.000,,0.0,4.04,spawn_failed
2026-10-01T10:48:06.296,1790815686.094,35,st_wokal_ebike,st,False,-37.9082307197462,145.1323898019706,True,1757.3568,1651.1797,1757.3568,1651.1797,1737.7034,1653.5882,1737.7034,1653.5882,,,,,1272942443#1,0,,False,19.8004,-46.343362,obs=0.012 trans=1.000 fs=0.012 ft=1.000,8,19.8004,19.8004,19.8004,1.710,0.000,,0.0,4.04,spawn_failed
2026-10-01T10:48:06.296,1790815686.094,35,st_wkal_ebike,st,True,-37.9082307197462,145.1323898019706,True,1757.3568,1651.1797,1757.3736,1651.1618,1737.7015,1653.5726,1737.7015,1653.5726,,,,,1272942443#1,0,,False,19.8193,-40.810221,obs=0.012 trans=1.000 fs=0.012 ft=1.000,8,19.8004,19.8004,19.8193,1.832,0.000,,0.0,4.04,spawn_failed
2026-10-01T10:48:14.477,1790815694.018,36,native_wokal_ebike,native,False,-37.90823422208039,145.13239394011376,True,1757.7284,1650.7984,1757.7284,1650.7984,1737.6627,1653.2563,1737.6627,1653.2563,,,,,1272942443#1,0,53.4213,False,,,,,20.2157,20.2157,20.2157,20.099,0.000,,0.0,3.96,spawn_failed
2026-10-01T10:48:14.477,1790815694.018,36,native_wkal_ebike,native,True,-37.90823422208039,145.13239394011376,True,1757.7284,1650.7984,1757.7090,1650.8180,1737.6648,1653.2733,1737.6648,1653.2733,,,,,1272942443#1,0,53.4042,False,,,,,20.2157,20.2157,20.1940,18.898,0.000,,0.0,3.96,spawn_failed
2026-10-01T10:48:14.477,1790815694.018,36,topo_wokal_ebike,topo,False,-37.90823422208039,145.13239394011376,True,1757.7284,1650.7984,1757.7284,1650.7984,1737.6629,1653.2574,1737.6629,1653.2574,,,,,1272942443#1,0,,False,20.2157,0.611306,prox=0.403 head=0.500 conn=1.000 turn=1.000,,20.2157,20.2157,20.2157,0.695,0.000,,0.0,3.96,spawn_failed
2026-10-01T10:48:14.477,1790815694.018,36,topo_wkal_ebike,topo,True,-37.90823422208039,145.13239394011376,True,1757.7284,1650.7984,1757.7090,1650.8180,1737.6649,1653.2744,1737.6649,1653.2744,,,,,1272942443#1,0,,False,20.1940,0.611620,prox=0.404 head=0.500 conn=1.000 turn=1.000,,20.2157,20.2157,20.1940,0.891,0.000,,0.0,3.96,spawn_failed
2026-10-01T10:48:14.477,1790815694.018,36,fuzzy_wokal_ebike,fuzzy,False,-37.90823422208039,145.13239394011376,True,1757.7284,1650.7984,1757.7284,1650.7984,1735.6681,1653.4996,1735.6681,1653.4996,,,1735.6681,1653.4996,-1272942443#1,0,,False,22.2250,50.000000,short=0.000 small=1.000 angle_diff=6.981 mode=following,,22.2250,22.2250,22.2250,0.082,0.000,0.000,0.0,3.96,
2026-10-01T10:48:14.477,1790815694.018,36,fuzzy_wkal_ebike,fuzzy,True,-37.90823422208039,145.13239394011376,True,1757.7284,1650.7984,1757.7090,1650.8180,1735.6702,1653.5165,1735.6702,1653.5165,,,1735.6702,1653.5165,-1272942443#1,0,,False,22.2034,50.000000,short=0.000 small=1.000 angle_diff=6.981 mode=following,,22.2251,22.2251,22.2034,0.102,0.000,0.000,0.0,3.96,
2026-10-01T10:48:14.477,1790815694.018,36,hmm_wokal_ebike,hmm,False,-37.90823422208039,145.13239394011376,True,1757.7284,1650.7984,1757.7284,1650.7984,1737.6629,1653.2574,1737.6629,1653.2574,,,,,1272942443#1,0,,False,20.2157,0.000000,emission=-15.297 transition=0.614 sigma=3.964 num_candidates=5.000,,20.2157,20.2157,20.2157,7.531,0.000,,0.0,3.96,spawn_failed
2026-10-01T10:48:14.477,1790815694.018,36,hmm_wkal_ebike,hmm,True,-37.90823422208039,145.13239394011376,True,1757.7284,1650.7984,1757.7090,1650.8180,1737.6649,1653.2744,1737.6649,1653.2744,,,,,1272942443#1,0,,False,20.1940,0.000000,emission=-15.269 transition=0.710 sigma=3.964 num_candidates=5.000,,20.2157,20.2157,20.1940,7.291,0.000,,0.0,3.96,spawn_failed
2026-10-01T10:48:14.477,1790815694.018,36,st_wokal_ebike,st,False,-37.90823422208039,145.13239394011376,True,1757.7284,1650.7984,1757.7284,1650.7984,1737.6629,1653.2574,1737.6629,1653.2574,,,,,1272942443#1,0,,False,20.2157,-35.125839,obs=0.012 trans=1.000 fs=0.012 ft=1.000,8,20.2157,20.2157,20.2157,7.145,0.000,,0.0,3.96,spawn_failed
2026-10-01T10:48:14.477,1790815694.018,36,st_wkal_ebike,st,True,-37.90823422208039,145.13239394011376,True,1757.7284,1650.7984,1757.7090,1650.8180,1737.6649,1653.2744,1737.6649,1653.2744,,,,,1272942443#1,0,,False,20.1940,-35.126375,obs=0.012 trans=1.000 fs=0.012 ft=1.000,8,20.2157,20.2157,20.1940,7.618,0.000,,0.0,3.96,spawn_failed
2026-10-01T10:48:22.688,1790815701.099,37,native_wokal_ebike,native,False,-37.908237460572224,145.132397766517,True,1758.0720,1650.4458,1758.0720,1650.4458,1737.6252,1652.9504,1737.6252,1652.9504,,,,,1272942443#1,0,53.7295,False,,,,,20.5996,20.5996,20.5996,48.127,0.000,,0.0,3.89,spawn_failed
2026-10-01T10:48:22.688,1790815701.099,37,native_wkal_ebike,native,True,-37.908237460572224,145.132397766517,True,1758.0720,1650.4458,1758.0584,1650.4597,1737.6267,1652.9625,1737.6267,1652.9625,,,,,1272942443#1,0,53.7173,False,,,,,20.5996,20.5996,20.5844,21.282,0.000,,0.0,3.89,spawn_failed
2026-10-01T10:48:22.688,1790815701.099,37,topo_wokal_ebike,topo,False,-37.908237460572224,145.132397766517,True,1758.0720,1650.4458,1758.0720,1650.4458,1737.6254,1652.9515,1737.6254,1652.9515,,,,,1272942443#1,0,,False,20.5996,0.605785,prox=0.389 head=0.500 conn=1.000 turn=1.000,,20.5996,20.5996,20.5996,0.702,0.000,,0.0,3.89,spawn_failed
2026-10-01T10:48:22.688,1790815701.099,37,topo_wkal_ebike,topo,True,-37.908237460572224,145.132397766517,True,1758.0720,1650.4458,1758.0584,1650.4597,1737.6269,1652.9636,1737.6269,1652.9636,,,,,1272942443#1,0,,False,20.5844,0.606003,prox=0.390 head=0.500 conn=1.000 turn=1.000,,20.5996,20.5996,20.5844,0.429,0.000,,0.0,3.89,spawn_failed
2026-10-01T10:48:22.688,1790815701.099,37,fuzzy_wokal_ebike,fuzzy,False,-37.908237460572224,145.132397766517,True,1758.0720,1650.4458,1758.0720,1650.4458,1735.6306,1653.1936,1735.6306,1653.1936,,,1735.6306,1653.1936,-1272942443#1,0,,False,22.6090,50.000000,short=0.000 small=1.000 angle_diff=6.981 mode=following,,22.6090,22.6090,22.6090,0.046,0.000,0.000,0.0,3.89,
2026-10-01T10:48:22.688,1790815701.099,37,fuzzy_wkal_ebike,fuzzy,True,-37.908237460572224,145.132397766517,True,1758.0720,1650.4458,1758.0584,1650.4597,1735.6321,1653.2057,1735.6321,1653.2057,,,1735.6321,1653.2057,-1272942443#1,0,,False,22.5937,50.000000,short=0.000 small=1.000 angle_diff=6.981 mode=following,,22.6090,22.6090,22.5937,0.074,0.000,0.000,0.0,3.89,
2026-10-01T10:48:22.688,1790815701.099,37,hmm_wokal_ebike,hmm,False,-37.908237460572224,145.132397766517,True,1758.0720,1650.4458,1758.0720,1650.4458,1737.6254,1652.9515,1737.6254,1652.9515,,,,,1272942443#1,0,,False,20.5996,0.000000,emission=-16.303 transition=0.689 sigma=3.889 num_candidates=5.000,,20.5996,20.5996,20.5996,131.892,0.000,,0.0,3.89,spawn_failed
2026-10-01T10:48:22.688,1790815701.099,37,hmm_wkal_ebike,hmm,True,-37.908237460572224,145.132397766517,True,1758.0720,1650.4458,1758.0584,1650.4597,1737.6269,1652.9636,1737.6269,1652.9636,,,,,1272942443#1,0,,False,20.5844,0.000000,emission=-16.282 transition=0.673 sigma=3.889 num_candidates=5.000,,20.5996,20.5996,20.5844,40.958,0.000,,0.0,3.89,spawn_failed
2026-10-01T10:48:22.688,1790815701.099,37,st_wokal_ebike,st,False,-37.908237460572224,145.132397766517,True,1758.0720,1650.4458,1758.0720,1650.4458,1737.6254,1652.9515,1737.6254,1652.9515,,,,,1272942443#1,0,,False,20.5996,-35.211385,obs=0.012 trans=1.000 fs=0.012 ft=1.000,8,20.5996,20.5996,20.5996,38.962,0.000,,0.0,3.89,spawn_failed
2026-10-01T10:48:22.688,1790815701.099,37,st_wkal_ebike,st,True,-37.908237460572224,145.132397766517,True,1758.0720,1650.4458,1758.0584,1650.4597,1737.6269,1652.9636,1737.6269,1652.9636,,,,,1272942443#1,0,,False,20.5844,-35.211370,obs=0.012 trans=1.000 fs=0.012 ft=1.000,8,20.5996,20.5996,20.5844,45.765,0.000,,0.0,3.89,spawn_failed
2026-10-01T10:48:33.712,1790815713.019,38,native_wokal_ebike,native,False,-37.908240465724376,145.13240131722037,True,1758.3909,1650.1186,1758.3909,1650.1186,1737.5905,1652.6665,1737.5905,1652.6665,,,,,1272942443#1,0,54.0155,False,,,,,20.9559,20.9559,20.9559,34.353,0.000,,0.0,3.82,spawn_failed
2026-10-01T10:48:33.712,1790815713.019,38,native_wkal_ebike,native,True,-37.908240465724376,145.13240131722037,True,1758.3909,1650.1186,1758.4080,1650.1010,1737.5886,1652.6513,1737.5886,1652.6513,,,,,1272942443#1,0,54.0308,False,,,,,20.9559,20.9559,20.9750,35.148,0.000,,0.0,3.82,spawn_failed
2026-10-01T10:48:33.712,1790815713.019,38,topo_wokal_ebike,topo,False,-37.908240465724376,145.13240131722037,True,1758.3909,1650.1186,1758.3909,1650.1186,1737.5906,1652.6676,1737.5906,1652.6676,,,,,1272942443#1,0,,False,20.9559,0.600743,prox=0.377 head=0.500 conn=1.000 turn=1.000,,20.9559,20.9559,20.9559,0.944,0.000,,0.0,3.82,spawn_failed
2026-10-01T10:48:33.712,1790815713.019,38,topo_wkal_ebike,topo,True,-37.908240465724376,145.13240131722037,True,1758.3909,1650.1186,1758.4080,1650.1010,1737.5887,1652.6524,1737.5887,1652.6524,,,,,1272942443#1,0,,False,20.9750,0.600475,prox=0.376 head=0.500 conn=1.000 turn=1.000,,20.9559,20.9559,20.9750,1.069,0.000,,0.0,3.82,spawn_failed
2026-10-01T10:48:33.712,1790815713.019,38,fuzzy_wokal_ebike,fuzzy,False,-37.908240465724376,145.13240131722037,True,1758.3909,1650.1186,1758.3909,1650.1186,1735.5959,1652.9097,1735.5959,1652.9097,,,1735.5959,1652.9097,-1272942443#1,0,,False,22.9652,50.000000,short=0.000 small=1.000 angle_diff=6.981 mode=following,,22.9652,22.9652,22.9652,0.115,0.000,0.000,0.0,3.82,
2026-10-01T10:48:33.712,1790815713.019,38,fuzzy_wkal_ebike,fuzzy,True,-37.908240465724376,145.13240131722037,True,1758.3909,1650.1186,1758.4080,1650.1010,1735.5940,1652.8945,1735.5940,1652.8945,,,1735.5940,1652.8945,-1272942443#1,0,,False,22.9843,50.000000,short=0.000 small=1.000 angle_diff=6.981 mode=following,,22.9652,22.9652,22.9843,0.100,0.000,0.000,0.0,3.82,
2026-10-01T10:48:33.712,1790815713.019,38,hmm_wokal_ebike,hmm,False,-37.908240465724376,145.13240131722037,True,1758.3909,1650.1186,1758.3909,1650.1186,1737.5906,1652.6676,1737.5906,1652.6676,,,,,1272942443#1,0,,False,20.9559,0.000000,emission=-17.310 transition=0.755 sigma=3.820 num_candidates=5.000,,20.9559,20.9559,20.9559,1.351,0.000,,0.0,3.82,spawn_failed
2026-10-01T10:48:33.712,1790815713.019,38,hmm_wkal_ebike,hmm,True,-37.908240465724376,145.13240131722037,True,1758.3909,1650.1186,1758.4080,1650.1010,1737.5887,1652.6524,1737.5887,1652.6524,,,,,1272942443#1,0,,False,20.9750,0.000000,emission=-17.337 transition=0.673 sigma=3.820 num_candidates=5.000,,20.9559,20.9559,20.9750,1.971,0.000,,0.0,3.82,spawn_failed
2026-10-01T10:48:33.712,1790815713.019,38,st_wokal_ebike,st,False,-37.908240465724376,145.13240131722037,True,1758.3909,1650.1186,1758.3909,1650.1186,1737.5906,1652.6676,1737.5906,1652.6676,,,,,1272942443#1,0,,False,20.9559,-35.292129,obs=0.012 trans=1.000 fs=0.012 ft=1.000,8,20.9559,20.9559,20.9559,2.039,0.000,,0.0,3.82,spawn_failed
2026-10-01T10:48:33.712,1790815713.019,38,st_wkal_ebike,st,True,-37.908240465724376,145.13240131722037,True,1758.3909,1650.1186,1758.4080,1650.1010,1737.5887,1652.6524,1737.5887,1652.6524,,,,,1272942443#1,0,,False,20.9750,-35.297525,obs=0.012 trans=1.000 fs=0.012 ft=1.000,8,20.9559,20.9559,20.9750,3.464,0.000,,0.0,3.82,spawn_failed
2026-10-01T10:48:35.887,1790815713.963,39,native_wokal_ebike,native,False,-37.908240471309135,145.1324013054429,True,1758.3898,1650.1179,1758.3898,1650.1179,1737.5904,1652.6658,1737.5904,1652.6658,,,,,1272942443#1,0,54.0162,False,,,,,20.9549,20.9549,20.9549,41.822,0.000,,0.0,3.82,spawn_failed
2026-10-01T10:48:35.887,1790815713.963,39,native_wkal_ebike,native,True,-37.908240471309135,145.1324013054429,True,1758.3898,1650.1179,1758.4116,1650.0964,1737.5881,1652.6472,1737.5881,1652.6472,,,,,1272942443#1,0,54.0349,False,,,,,20.9550,20.9550,20.9791,37.375,0.000,,0.0,3.82,spawn_failed
2026-10-01T10:48:35.887,1790815713.963,39,topo_wokal_ebike,topo,False,-37.908240471309135,145.1324013054429,True,1758.3898,1650.1179,1758.3898,1650.1179,1737.5905,1652.6669,1737.5905,1652.6669,,,,,1272942443#1,0,,False,20.9549,0.600756,prox=0.377 head=0.500 conn=1.000 turn=1.000,,20.9549,20.9549,20.9549,1.114,0.000,,0.0,3.82,spawn_failed
2026-10-01T10:48:35.887,1790815713.963,39,topo_wkal_ebike,topo,True,-37.908240471309135,145.1324013054429,True,1758.3898,1650.1179,1758.4116,1650.0964,1737.5882,1652.6483,1737.5882,1652.6483,,,,,1272942443#1,0,,False,20.9791,0.600417,prox=0.376 head=0.500 conn=1.000 turn=1.000,,20.9550,20.9550,20.9791,0.959,0.000,,0.0,3.82,spawn_failed
2026-10-01T10:48:35.887,1790815713.963,39,fuzzy_wokal_ebike,fuzzy,False,-37.908240471309135,145.1324013054429,True,1758.3898,1650.1179,1758.3898,1650.1179,1735.5958,1652.9089,1735.5958,1652.9089,,,1735.5958,1652.9089,-1272942443#1,0,,False,22.9643,50.000000,short=0.000 small=1.000 angle_diff=6.981 mode=following,,22.9643,22.9643,22.9643,0.123,0.000,0.000,0.0,3.82,
2026-10-01T10:48:35.887,1790815713.963,39,fuzzy_wkal_ebike,fuzzy,True,-37.908240471309135,145.1324013054429,True,1758.3898,1650.1179,1758.4116,1650.0964,1735.5935,1652.8904,1735.5935,1652.8904,,,1735.5935,1652.8904,-1272942443#1,0,,False,22.9885,50.000000,short=0.000 small=1.000 angle_diff=6.981 mode=following,,22.9643,22.9643,22.9885,0.116,0.000,0.000,0.0,3.82,
2026-10-01T10:48:35.887,1790815713.963,39,hmm_wokal_ebike,hmm,False,-37.908240471309135,145.1324013054429,True,1758.3898,1650.1179,1758.3898,1650.1179,1737.5905,1652.6669,1737.5905,1652.6669,,,,,1272942443#1,0,,False,20.9549,0.000000,emission=-17.308 transition=1.607 sigma=3.820 num_candidates=5.000,,20.9549,20.9549,20.9549,2.046,0.000,,0.0,3.82,spawn_failed
2026-10-01T10:48:35.887,1790815713.963,39,hmm_wkal_ebike,hmm,True,-37.908240471309135,145.1324013054429,True,1758.3898,1650.1179,1758.4116,1650.0964,1737.5882,1652.6483,1737.5882,1652.6483,,,,,1272942443#1,0,,False,20.9791,0.000000,emission=-17.343 transition=1.601 sigma=3.820 num_candidates=5.000,,20.9550,20.9550,20.9791,1.478,0.000,,0.0,3.82,spawn_failed
2026-10-01T10:48:35.887,1790815713.963,39,st_wokal_ebike,st,False,-37.908240471309135,145.1324013054429,True,1758.3898,1650.1179,1758.3898,1650.1179,1737.5905,1652.6669,1737.5905,1652.6669,,,,,1272942443#1,0,,False,20.9549,-35.372823,obs=0.012 trans=1.000 fs=0.012 ft=1.000,8,20.9549,20.9549,20.9549,3.241,0.000,,0.0,3.82,spawn_failed
2026-10-01T10:48:35.887,1790815713.963,39,st_wkal_ebike,st,True,-37.908240471309135,145.1324013054429,True,1758.3898,1650.1179,1758.4116,1650.0964,1737.5882,1652.6483,1737.5882,1652.6483,,,,,1272942443#1,0,,False,20.9791,-35.377069,obs=0.012 trans=1.000 fs=0.012 ft=1.000,8,20.9550,20.9550,20.9791,5.070,0.000,,0.0,3.82,spawn_failed
2026-10-01T10:48:38.074,1790815716.1,40,native_wokal_ebike,native,False,-37.90824047131598,145.13240130545097,True,1758.3898,1650.1179,1758.3898,1650.1179,1737.5904,1652.6658,1737.5904,1652.6658,,,,,1272942443#1,0,54.0162,False,,,,,20.9550,20.9550,20.9550,23.071,0.000,,0.0,3.82,spawn_failed
2026-10-01T10:48:38.074,1790815716.1,40,native_wkal_ebike,native,True,-37.90824047131598,145.13240130545097,True,1758.3898,1650.1179,1758.4300,1650.0770,1737.5860,1652.6303,1737.5860,1652.6303,,,,,1272942443#1,0,54.0519,False,,,,,20.9550,20.9550,20.9998,20.856,0.000,,0.0,3.82,spawn_failed
2026-10-01T10:48:38.074,1790815716.1,40,topo_wokal_ebike,topo,False,-37.90824047131598,145.13240130545097,True,1758.3898,1650.1179,1758.3898,1650.1179,1737.5905,1652.6669,1737.5905,1652.6669,,,,,1272942443#1,0,,False,20.9550,0.600756,prox=0.377 head=0.500 conn=1.000 turn=1.000,,20.9550,20.9550,20.9550,1.429,0.000,,0.0,3.82,spawn_failed
2026-10-01T10:48:38.074,1790815716.1,40,topo_wkal_ebike,topo,True,-37.90824047131598,145.13240130545097,True,1758.3898,1650.1179,1758.4300,1650.0770,1737.5862,1652.6314,1737.5862,1652.6314,,,,,1272942443#1,0,,False,20.9998,0.600128,prox=0.375 head=0.500 conn=1.000 turn=1.000,,20.9550,20.9550,20.9998,0.848,0.000,,0.0,3.82,spawn_failed
2026-10-01T10:48:38.074,1790815716.1,40,fuzzy_wokal_ebike,fuzzy,False,-37.90824047131598,145.13240130545097,True,1758.3898,1650.1179,1758.3898,1650.1179,1735.5958,1652.9089,1735.5958,1652.9089,,,1735.5958,1652.9089,-1272942443#1,0,,False,22.9643,50.000000,short=0.000 small=1.000 angle_diff=6.981 mode=following,,22.9643,22.9643,22.9643,0.121,0.000,0.000,0.0,3.82,
2026-10-01T10:48:38.074,1790815716.1,40,fuzzy_wkal_ebike,fuzzy,True,-37.90824047131598,145.13240130545097,True,1758.3898,1650.1179,1758.4300,1650.0770,1735.5915,1652.8735,1735.5915,1652.8735,,,1735.5915,1652.8735,-1272942443#1,0,,False,23.0091,50.000000,short=0.000 small=1.000 angle_diff=6.981 mode=following,,22.9643,22.9643,23.0091,0.111,0.000,0.000,0.0,3.82,
2026-10-01T10:48:38.074,1790815716.1,40,hmm_wokal_ebike,hmm,False,-37.90824047131598,145.13240130545097,True,1758.3898,1650.1179,1758.3898,1650.1179,1737.5905,1652.6669,1737.5905,1652.6669,,,,,1272942443#1,0,,False,20.9550,0.000000,emission=-17.308 transition=1.609 sigma=3.820 num_candidates=5.000,,20.9550,20.9550,20.9550,1.417,0.000,,0.0,3.82,spawn_failed
2026-10-01T10:48:38.074,1790815716.1,40,hmm_wkal_ebike,hmm,True,-37.90824047131598,145.13240130545097,True,1758.3898,1650.1179,1758.4300,1650.0770,1737.5862,1652.6314,1737.5862,1652.6314,,,,,1272942443#1,0,,False,20.9998,0.000000,emission=-17.372 transition=1.561 sigma=3.820 num_candidates=5.000,,20.9550,20.9550,20.9998,1.362,0.000,,0.0,3.82,spawn_failed
2026-10-01T10:48:38.074,1790815716.1,40,st_wokal_ebike,st,False,-37.90824047131598,145.13240130545097,True,1758.3898,1650.1179,1758.3898,1650.1179,1737.5905,1652.6669,1737.5905,1652.6669,,,,,1272942443#1,0,,False,20.9550,-35.453517,obs=0.012 trans=1.000 fs=0.012 ft=1.000,8,20.9550,20.9550,20.9550,3.230,0.000,,0.0,3.82,spawn_failed
2026-10-01T10:48:38.074,1790815716.1,40,st_wkal_ebike,st,True,-37.90824047131598,145.13240130545097,True,1758.3898,1650.1179,1758.4300,1650.0770,1737.5862,1652.6314,1737.5862,1652.6314,,,,,1272942443#1,0,,False,20.9998,-35.455823,obs=0.011 trans=1.000 fs=0.011 ft=1.000,8,20.9550,20.9550,20.9998,3.779,0.000,,0.0,3.82,spawn_failed
2026-10-01T10:48:46.297,1790815725.019,41,native_wokal_ebike,native,False,-37.90824326632217,145.13240460850577,True,1758.6865,1649.8136,1758.6865,1649.8136,1737.5580,1652.4017,1737.5580,1652.4017,,,,,1272942443#1,0,54.2822,False,,,,,21.2864,21.2864,21.2864,11.814,0.000,,0.0,3.75,spawn_failed
2026-10-01T10:48:46.297,1790815725.019,41,native_wkal_ebike,native,True,-37.90824326632217,145.13240460850577,True,1758.6865,1649.8136,1758.6774,1649.8228,1737.5590,1652.4097,1737.5590,1652.4097,,,,,1272942443#1,0,54.2742,False,,,,,21.2864,21.2864,21.2763,11.124,0.000,,0.0,3.75,spawn_failed
2026-10-01T10:48:46.297,1790815725.019,41,topo_wokal_ebike,topo,False,-37.90824326632217,145.13240460850577,True,1758.6865,1649.8136,1758.6865,1649.8136,1737.5581,1652.4028,1737.5581,1652.4028,,,,,1272942443#1,0,,False,21.2864,0.596138,prox=0.365 head=0.500 conn=1.000 turn=1.000,,21.2864,21.2864,21.2864,0.402,0.000,,0.0,3.75,spawn_failed
2026-10-01T10:48:46.297,1790815725.019,41,topo_wkal_ebike,topo,True,-37.90824326632217,145.13240460850577,True,1758.6865,1649.8136,1758.6774,1649.8228,1737.5591,1652.4108,1737.5591,1652.4108,,,,,1272942443#1,0,,False,21.2763,0.596278,prox=0.366 head=0.500 conn=1.000 turn=1.000,,21.2864,21.2864,21.2763,0.807,0.000,,0.0,3.75,spawn_failed
2026-10-01T10:48:46.297,1790815725.019,41,fuzzy_wokal_ebike,fuzzy,False,-37.90824326632217,145.13240460850577,True,1758.6865,1649.8136,1758.6865,1649.8136,1735.5635,1652.6449,1735.5635,1652.6449,,,1735.5635,1652.6449,-1272942443#1,0,,False,23.2957,50.000000,short=0.000 small=1.000 angle_diff=6.981 mode=following,,23.2957,23.2957,23.2957,0.047,0.000,0.000,0.0,3.75,
2026-10-01T10:48:46.297,1790815725.019,41,fuzzy_wkal_ebike,fuzzy,True,-37.90824326632217,145.13240460850577,True,1758.6865,1649.8136,1758.6774,1649.8228,1735.5644,1652.6528,1735.5644,1652.6528,,,1735.5644,1652.6528,-1272942443#1,0,,False,23.2856,50.000000,short=0.000 small=1.000 angle_diff=6.981 mode=following,,23.2957,23.2957,23.2856,0.040,0.000,0.000,0.0,3.75,
2026-10-01T10:48:46.297,1790815725.019,41,hmm_wokal_ebike,hmm,False,-37.90824326632217,145.13240460850577,True,1758.6865,1649.8136,1758.6865,1649.8136,1737.5581,1652.4028,1737.5581,1652.4028,,,,,1272942443#1,0,,False,21.2864,0.000000,emission=-18.328 transition=0.815 sigma=3.753 num_candidates=5.000,,21.2864,21.2864,21.2864,0.864,0.000,,0.0,3.75,spawn_failed
2026-10-01T10:48:46.297,1790815725.019,41,hmm_wkal_ebike,hmm,True,-37.90824326632217,145.13240460850577,True,1758.6865,1649.8136,1758.6774,1649.8228,1737.5591,1652.4108,1737.5591,1652.4108,,,,,1272942443#1,0,,False,21.2763,0.000000,emission=-18.313 transition=0.947 sigma=3.753 num_candidates=5.000,,21.2864,21.2864,21.2763,0.843,0.000,,0.0,3.75,spawn_failed
2026-10-01T10:48:46.297,1790815725.019,41,st_wokal_ebike,st,False,-37.90824326632217,145.13240460850577,True,1758.6865,1649.8136,1758.6865,1649.8136,1737.5581,1652.4028,1737.5581,1652.4028,,,,,1272942443#1,0,,False,21.2864,-35.551877,obs=0.011 trans=1.000 fs=0.011 ft=1.000,8,21.2864,21.2864,21.2864,2.077,0.000,,0.0,3.75,spawn_failed
2026-10-01T10:48:46.297,1790815725.019,41,st_wkal_ebike,st,True,-37.90824326632217,145.13240460850577,True,1758.6865,1649.8136,1758.6774,1649.8228,1737.5591,1652.4108,1737.5591,1652.4108,,,,,1272942443#1,0,,False,21.2763,-35.550397,obs=0.011 trans=1.000 fs=0.011 ft=1.000,8,21.2864,21.2864,21.2763,1.509,0.000,,0.0,3.75,spawn_failed
