wall_time,phone_timestamp,fix_seq,vehicle_id,method,kalman,lat,lon,matched,raw_x,raw_y,filt_x,filt_y,match_x,match_y,matched_x,matched_y,matched_lat,matched_lon,actual_x,actual_y,edge_id,lane_index,lane_pos,is_internal_edge,raw_dist,score,components,window_len,correction_m,match_error_raw_m,match_error_filt_m,match_ms,phone_speed_mps,sumo_speed_mps,phone_course_deg,accuracy_m,unmatched_reason
2026-10-01T12:02:49.571,1790820170.805,1,native_wokal_ebike,native,False,-37.90818868812099,145.1322946867181,True,1748.9010,1655.6762,1748.9010,1655.6762,1737.9528,1656.5271,1737.9528,1656.5271,-37.90817905,145.13217040,1735.9494,1656.6831,1272942443#1,0,50.1370,False,,,,,10.9813,10.9813,10.9813,43.897,0.000,0.000,0.0,33.98,
2026-10-01T12:02:49.571,1790820170.805,1,native_wkal_ebike,native,True,-37.90818868812099,145.1322946867181,True,1748.9010,1655.6762,1748.9010,1655.6762,1737.9528,1656.5271,1737.9528,1656.5271,-37.90817905,145.13217040,1735.9494,1656.6831,1272942443#1,0,50.1370,False,,,,,10.9813,10.9813,10.9813,19.255,0.000,0.000,0.0,33.98,
2026-10-01T12:02:49.571,1790820170.805,1,topo_wokal_ebike,topo,False,-37.90818868812099,145.1322946867181,True,1748.9010,1655.6762,1748.9010,1655.6762,1737.9528,1656.5282,1737.9528,1656.5282,-37.90817904,145.13217040,1737.9528,1656.5282,1272942443#1,0,,False,10.9813,0.655971,prox=0.765 head=0.500 conn=0.500 turn=1.000,,10.9813,10.9813,10.9813,66.813,0.000,0.000,0.0,33.98,
2026-10-01T12:02:49.571,1790820170.805,1,topo_wkal_ebike,topo,True,-37.90818868812099,145.1322946867181,True,1748.9010,1655.6762,1748.9010,1655.6762,1737.9528,1656.5282,1737.9528,1656.5282,-37.90817904,145.13217040,1737.9528,1656.5282,1272942443#1,0,,False,10.9813,0.655971,prox=0.765 head=0.500 conn=0.500 turn=1.000,,10.9813,10.9813,10.9813,62.554,0.000,0.000,0.0,33.98,
2026-10-01T12:02:49.571,1790820170.805,1,fuzzy_wokal_ebike,fuzzy,False,-37.90818868812099,145.1322946867181,True,1748.9010,1655.6762,1748.9010,1655.6762,1735.9495,1656.6846,1735.9495,1656.6846,-37.90817727,145.13214766,1735.9495,1656.6846,-1272942443#1,0,,False,12.9906,50.000003,short=0.000 small=1.000 angle_diff=4.452 mode=confirmed,,12.9906,12.9906,12.9906,64.069,0.000,0.000,0.0,33.98,
2026-10-01T12:02:49.571,1790820170.805,1,fuzzy_wkal_ebike,fuzzy,True,-37.90818868812099,145.1322946867181,True,1748.9010,1655.6762,1748.9010,1655.6762,1735.9495,1656.6846,1735.9495,1656.6846,-37.90817727,145.13214766,1735.9495,1656.6846,-1272942443#1,0,,False,12.9906,50.000003,short=0.000 small=1.000 angle_diff=4.452 mode=confirmed,,12.9906,12.9906,12.9906,64.977,0.000,0.000,0.0,33.98,
2026-10-01T12:02:49.571,1790820170.805,1,hmm_wokal_ebike,hmm,False,-37.90818868812099,145.1322946867181,True,1748.9010,1655.6762,1748.9010,1655.6762,1737.9528,1656.5282,1737.9528,1656.5282,-37.90817904,145.13217040,1737.9528,1656.5282,1272942443#1,0,,False,10.9813,0.000000,emission=-4.497 transition=-- sigma=33.983 num_candidates=5.000,,10.9813,10.9813,10.9813,60.974,0.000,0.000,0.0,33.98,
2026-10-01T12:02:49.571,1790820170.805,1,hmm_wkal_ebike,hmm,True,-37.90818868812099,145.1322946867181,True,1748.9010,1655.6762,1748.9010,1655.6762,1737.9528,1656.5282,1737.9528,1656.5282,-37.90817904,145.13217040,1737.9528,1656.5282,1272942443#1,0,,False,10.9813,0.000000,emission=-4.497 transition=-- sigma=33.983 num_candidates=5.000,,10.9813,10.9813,10.9813,64.869,0.000,0.000,0.0,33.98,
2026-10-01T12:02:49.571,1790820170.805,1,st_wokal_ebike,st,False,-37.90818868812099,145.1322946867181,True,1748.9010,1655.6762,1748.9010,1655.6762,1737.9528,1656.5282,1737.9528,1656.5282,-37.90817904,145.13217040,1737.9528,1656.5282,1272942443#1,0,,False,10.9813,-4.065406,obs=0.017 trans=-- fs=0.017 ft=--,1,10.9813,10.9813,10.9813,60.761,0.000,0.000,0.0,33.98,
2026-10-01T12:02:49.571,1790820170.805,1,st_wkal_ebike,st,True,-37.90818868812099,145.1322946867181,True,1748.9010,1655.6762,1748.9010,1655.6762,1737.9528,1656.5282,1737.9528,1656.5282,-37.90817904,145.13217040,1737.9528,1656.5282,1272942443#1,0,,False,10.9813,-4.065406,obs=0.017 trans=-- fs=0.017 ft=--,1,10.9813,10.9813,10.9813,61.893,0.000,0.000,0.0,33.98,
2026-10-01T12:02:56.253,1790820176.551,2,native_wokal_ebike,native,False,-37.90822109886316,145.1323023337656,True,1749.6454,1652.0932,1749.6454,1652.0932,1737.6995,1653.5561,1737.6995,1653.5561,-37.90820576,145.13216685,1735.7049,1653.8003,1272942443#1,0,53.1192,False,,,,,12.0351,12.0351,12.0351,16.959,0.000,0.000,0.0,28.09,
2026-10-01T12:02:56.253,1790820176.551,2,native_wkal_ebike,native,True,-37.90822109886316,145.1323023337656,True,1749.6454,1652.0932,1749.3040,1653.7364,1737.8051,1654.6302,1737.8051,1654.6302,-37.90819611,145.13216829,1735.8017,1654.7861,1272942443#1,0,52.0397,False,,,,,12.1090,12.1090,11.5335,15.865,0.000,0.000,0.0,28.09,
2026-10-01T12:02:56.253,1790820176.551,2,topo_wokal_ebike,topo,False,-37.90822109886316,145.1323023337656,True,1749.6454,1652.0932,1749.6454,1652.0932,1737.6996,1653.5572,1737.6996,1653.5572,-37.90820576,145.13216685,1737.6996,1653.5572,1272942443#1,0,,False,12.0351,0.739915,prox=0.725 head=0.500 conn=1.000 turn=1.000,,12.0351,12.0351,12.0351,46.273,0.000,0.000,0.0,28.09,
2026-10-01T12:02:56.253,1790820176.551,2,topo_wkal_ebike,topo,True,-37.90822109886316,145.1323023337656,True,1749.6454,1652.0932,1749.3040,1653.7364,1737.8052,1654.6312,1737.8052,1654.6312,-37.90819610,145.13216829,1737.8052,1654.6312,1272942443#1,0,,False,11.5335,0.747633,prox=0.744 head=0.500 conn=1.000 turn=1.000,,12.1091,12.1091,11.5335,41.636,0.000,0.000,0.0,28.09,
2026-10-01T12:02:56.253,1790820176.551,2,fuzzy_wokal_ebike,fuzzy,False,-37.90822109886316,145.1323023337656,True,1749.6454,1652.0932,1749.6454,1652.0932,1735.7049,1653.8002,1735.7049,1653.8002,-37.90820321,145.13214422,1735.7049,1653.8002,-1272942443#1,0,,False,14.0446,50.000000,short=0.000 small=1.000 angle_diff=6.981 mode=following,,14.0446,14.0446,14.0446,0.093,0.000,0.000,0.0,28.09,
2026-10-01T12:02:56.253,1790820176.551,2,fuzzy_wkal_ebike,fuzzy,True,-37.90822109886316,145.1323023337656,True,1749.6454,1652.0932,1749.3040,1653.7364,1735.8019,1654.7876,1735.8019,1654.7876,-37.90819433,145.13214555,1735.8019,1654.7876,-1272942443#1,0,,False,13.5430,50.000001,short=0.000 small=1.000 angle_diff=4.452 mode=following,,14.1033,14.1033,13.5430,0.080,0.000,0.000,0.0,28.09,
2026-10-01T12:02:56.253,1790820176.551,2,hmm_wokal_ebike,hmm,False,-37.90822109886316,145.1323023337656,True,1749.6454,1652.0932,1749.6454,1652.0932,1720.7114,1655.8836,1720.7114,1655.8836,-37.90818173,145.13197423,1720.7114,1655.8836,1013649078#1,0,,False,29.1812,0.000000,emission=-4.794 transition=0.592 sigma=28.094 num_candidates=5.000,,29.1812,29.1812,29.1812,112.635,0.000,0.000,0.0,28.09,
2026-10-01T12:02:56.253,1790820176.551,2,hmm_wkal_ebike,hmm,True,-37.90822109886316,145.1323023337656,True,1749.6454,1652.0932,1749.3040,1653.7364,1737.8052,1654.6312,1737.8052,1654.6312,-37.90819610,145.13216829,1737.8052,1654.6312,1272942443#1,0,,False,11.5335,0.000000,emission=-4.339 transition=1.217 sigma=28.094 num_candidates=5.000,,12.1091,12.1091,11.5335,120.607,0.000,0.000,0.0,28.09,
2026-10-01T12:02:56.253,1790820176.551,2,st_wokal_ebike,st,False,-37.90822109886316,145.1323023337656,True,1749.6454,1652.0932,1749.6454,1652.0932,1737.6996,1653.5572,1737.6996,1653.5572,-37.90820576,145.13216685,1737.6996,1653.5572,1272942443#1,0,,False,12.0351,-8.161132,obs=0.017 trans=1.000 fs=0.017 ft=1.000,2,12.0351,12.0351,12.0351,540.573,0.000,0.000,0.0,28.09,
2026-10-01T12:02:56.253,1790820176.551,2,st_wkal_ebike,st,True,-37.90822109886316,145.1323023337656,True,1749.6454,1652.0932,1749.3040,1653.7364,1737.8052,1654.6312,1737.8052,1654.6312,-37.90819610,145.13216829,1737.8052,1654.6312,1272942443#1,0,,False,11.5335,-8.146354,obs=0.017 trans=1.000 fs=0.017 ft=1.000,2,12.1091,12.1091,11.5335,65.946,0.000,0.000,0.0,28.09,
2026-10-01T12:03:03.312,1790820183.551,3,native_wokal_ebike,native,False,-37.90828684530779,145.13227455343988,True,1747.3491,1644.7488,1747.3491,1644.7488,1736.7787,1646.0429,1736.7787,1646.0429,-37.90827328,145.13215467,1734.7850,1646.2870,1272942443#1,0,60.6886,False,,,,,10.6493,10.6493,10.6493,20.806,0.000,0.000,0.0,18.44,
2026-10-01T12:03:03.312,1790820183.551,3,native_wkal_ebike,native,True,-37.90828684530779,145.13227455343988,True,1747.3491,1644.7488,1747.6936,1645.7371,1736.9032,1647.0582,1736.9032,1647.0582,-37.90826416,145.13215631,1734.9093,1647.3024,1272942443#1,0,59.6657,False,,,,,10.6982,10.6982,10.8711,20.837,0.000,0.000,0.0,18.44,
2026-10-01T12:03:03.312,1790820183.551,3,topo_wokal_ebike,topo,False,-37.90828684530779,145.13227455343988,True,1747.3491,1644.7488,1747.3491,1644.7488,1736.7789,1646.0441,1736.7789,1646.0441,-37.90827327,145.13215467,1736.7789,1646.0441,1272942443#1,0,,False,10.6493,0.760892,prox=0.777 head=0.500 conn=1.000 turn=1.000,,10.6493,10.6493,10.6493,39.715,0.000,0.000,0.0,18.44,
2026-10-01T12:03:03.312,1790820183.551,3,topo_wkal_ebike,topo,True,-37.90828684530779,145.13227455343988,True,1747.3491,1644.7488,1747.6936,1645.7371,1736.9033,1647.0594,1736.9033,1647.0594,-37.90826414,145.13215631,1736.9033,1647.0594,1272942443#1,0,,False,10.8711,0.757613,prox=0.769 head=0.500 conn=1.000 turn=1.000,,10.6983,10.6983,10.8711,37.650,0.000,0.000,0.0,18.44,
2026-10-01T12:03:03.312,1790820183.551,3,fuzzy_wokal_ebike,fuzzy,False,-37.90828684530779,145.13227455343988,True,1747.3491,1644.7488,1747.3491,1644.7488,1734.7850,1646.2872,1734.7850,1646.2872,-37.90827072,145.13213205,1734.7850,1646.2872,-1272942443#1,0,,False,12.6580,50.000004,short=0.000 small=1.000 angle_diff=6.981 mode=following,,12.6580,12.6580,12.6580,0.098,0.000,0.000,0.0,18.44,
2026-10-01T12:03:03.312,1790820183.551,3,fuzzy_wkal_ebike,fuzzy,True,-37.90828684530779,145.13227455343988,True,1747.3491,1644.7488,1747.6936,1645.7371,1734.9093,1647.3025,1734.9093,1647.3025,-37.90826160,145.13213370,1734.9093,1647.3025,-1272942443#1,0,,False,12.8798,50.000003,short=0.000 small=1.000 angle_diff=6.981 mode=following,,12.6992,12.6992,12.8798,0.053,0.000,0.000,0.0,18.44,
2026-10-01T12:03:03.312,1790820183.551,3,hmm_wokal_ebike,hmm,False,-37.90828684530779,145.13227455343988,True,1747.3491,1644.7488,1747.3491,1644.7488,1719.7267,1648.3673,1719.7267,1648.3673,-37.90824926,145.13196132,1719.7267,1648.3673,1013649078#1,0,,False,27.8584,0.000000,emission=-4.975 transition=1.037 sigma=18.440 num_candidates=5.000,,27.8584,27.8584,27.8584,40.209,0.000,0.000,0.0,18.44,
2026-10-01T12:03:03.312,1790820183.551,3,hmm_wkal_ebike,hmm,True,-37.90828684530779,145.13227455343988,True,1747.3491,1644.7488,1747.6936,1645.7371,1719.8598,1649.3834,1719.8598,1649.3834,-37.90824013,145.13196307,1719.6641,1648.0652,1013649078#1,0,,False,28.0716,0.000000,emission=-4.992 transition=1.514 sigma=18.440 num_candidates=5.000,,27.8773,27.8773,28.0716,46.482,0.000,0.000,0.0,18.44,
2026-10-01T12:03:03.312,1790820183.551,3,st_wokal_ebike,st,False,-37.90828684530779,145.13227455343988,True,1747.3491,1644.7488,1747.3491,1644.7488,1736.7789,1646.0441,1736.7789,1646.0441,-37.90827327,145.13215467,1736.7789,1646.0441,1272942443#1,0,,False,10.6493,-12.217563,obs=0.017 trans=1.000 fs=0.017 ft=1.000,3,10.6493,10.6493,10.6493,42.681,0.000,0.000,0.0,18.44,
2026-10-01T12:03:03.312,1790820183.551,3,st_wkal_ebike,st,True,-37.90828684530779,145.13227455343988,True,1747.3491,1644.7488,1747.6936,1645.7371,1736.9033,1647.0594,1736.9033,1647.0594,-37.90826414,145.13215631,1736.9033,1647.0594,1272942443#1,0,,False,10.8711,-12.208750,obs=0.017 trans=1.000 fs=0.017 ft=1.000,3,10.6983,10.6983,10.8711,43.518,0.000,0.000,0.0,18.44,
2026-10-01T12:03:05.670,1790820186.551,4,native_wokal_ebike,native,False,-37.908302201493,145.1322730819099,True,1747.2539,1643.0422,1747.2539,1643.0422,1736.5713,1644.3500,1736.5713,1644.3500,-37.90828849,145.13215192,1734.5777,1644.5942,1272942443#1,0,62.3942,False,,,,,10.7624,10.7624,10.7624,23.482,0.000,0.000,0.0,18.24,
2026-10-01T12:03:05.670,1790820186.551,4,native_wkal_ebike,native,True,-37.908302201493,145.1322730819099,True,1747.2539,1643.0422,1747.3108,1643.1990,1736.5911,1644.5114,1736.5911,1644.5114,-37.90828704,145.13215218,1734.5975,1644.7555,1272942443#1,0,62.2316,False,,,,,10.7636,10.7636,10.7998,15.668,0.000,0.000,0.0,18.24,
2026-10-01T12:03:05.670,1790820186.551,4,topo_wokal_ebike,topo,False,-37.908302201493,145.1322730819099,True,1747.2539,1643.0422,1747.2539,1643.0422,1736.5714,1644.3513,1736.5714,1644.3513,-37.90828848,145.13215192,1736.5714,1644.3513,1272942443#1,0,,False,10.7624,0.759224,prox=0.773 head=0.500 conn=1.000 turn=1.000,,10.7624,10.7624,10.7624,40.189,0.000,0.000,0.0,18.24,
2026-10-01T12:03:05.670,1790820186.551,4,topo_wkal_ebike,topo,True,-37.908302201493,145.1322730819099,True,1747.2539,1643.0422,1747.3108,1643.1990,1736.5912,1644.5127,1736.5912,1644.5127,-37.90828703,145.13215219,1736.5912,1644.5127,1272942443#1,0,,False,10.7998,0.758671,prox=0.772 head=0.500 conn=1.000 turn=1.000,,10.7636,10.7636,10.7998,40.455,0.000,0.000,0.0,18.24,
2026-10-01T12:03:05.670,1790820186.551,4,fuzzy_wokal_ebike,fuzzy,False,-37.908302201493,145.1322730819099,True,1747.2539,1643.0422,1747.2539,1643.0422,1734.5777,1644.5943,1734.5777,1644.5943,-37.90828593,145.13212931,1734.5777,1644.5943,-1272942443#1,0,,False,12.7709,50.000004,short=0.000 small=1.000 angle_diff=6.981 mode=following,,12.7709,12.7709,12.7709,0.077,0.000,0.000,0.0,18.24,
2026-10-01T12:03:05.670,1790820186.551,4,fuzzy_wkal_ebike,fuzzy,True,-37.908302201493,145.1322730819099,True,1747.2539,1643.0422,1747.3108,1643.1990,1734.5975,1644.7557,1734.5975,1644.7557,-37.90828448,145.13212957,1734.5975,1644.7557,-1272942443#1,0,,False,12.8083,50.000003,short=0.000 small=1.000 angle_diff=6.981 mode=following,,12.7719,12.7719,12.8083,0.069,0.000,0.000,0.0,18.24,
2026-10-01T12:03:05.670,1790820186.551,4,hmm_wokal_ebike,hmm,False,-37.908302201493,145.1322730819099,True,1747.2539,1643.0422,1747.2539,1643.0422,1736.5714,1644.3513,1736.5714,1644.3513,-37.90828848,145.13215192,1736.5714,1644.3513,1272942443#1,0,,False,10.7624,0.000000,emission=-3.996 transition=1.591 sigma=18.236 num_candidates=5.000,,10.7624,10.7624,10.7624,38.917,0.000,0.000,0.0,18.24,
2026-10-01T12:03:05.670,1790820186.551,4,hmm_wkal_ebike,hmm,True,-37.908302201493,145.1322730819099,True,1747.2539,1643.0422,1747.3108,1643.1990,1736.5912,1644.5127,1736.5912,1644.5127,-37.90828703,145.13215219,1736.5912,1644.5127,1272942443#1,0,,False,10.7998,0.000000,emission=-3.998 transition=1.604 sigma=18.236 num_candidates=5.000,,10.7636,10.7636,10.7998,38.438,0.000,0.000,0.0,18.24,
2026-10-01T12:03:05.670,1790820186.551,4,st_wokal_ebike,st,False,-37.908302201493,145.1322730819099,True,1747.2539,1643.0422,1747.2539,1643.0422,1736.5714,1644.3513,1736.5714,1644.3513,-37.90828848,145.13215192,1736.5714,1644.3513,1272942443#1,0,,False,10.7624,-16.277020,obs=0.017 trans=1.000 fs=0.017 ft=1.000,4,10.7624,10.7624,10.7624,38.402,0.000,0.000,0.0,18.24,
2026-10-01T12:03:05.670,1790820186.551,4,st_wkal_ebike,st,True,-37.908302201493,145.1322730819099,True,1747.2539,1643.0422,1747.3108,1643.1990,1736.5912,1644.5127,1736.5912,1644.5127,-37.90828703,145.13215219,1736.5912,1644.5127,1272942443#1,0,,False,10.7998,-16.269214,obs=0.017 trans=1.000 fs=0.017 ft=1.000,4,10.7636,10.7636,10.7998,39.341,0.000,0.000,0.0,18.24,
2026-10-01T12:03:07.989,1790820188.551,5,native_wokal_ebike,native,False,-37.90831376353976,145.1322696914472,True,1746.9815,1641.7532,1746.9815,1641.7532,1736.4116,1643.0473,1736.4116,1643.0473,-37.90830020,145.13214981,1734.4182,1643.2913,1272942443#1,0,63.7067,False,,,,,10.6488,10.6488,10.6488,23.645,0.000,0.000,0.0,19.02,
2026-10-01T12:03:07.989,1790820188.551,5,native_wkal_ebike,native,True,-37.90831376353976,145.1322696914472,True,1746.9815,1641.7532,1747.0491,1641.6753,1736.4032,1642.9786,1736.4032,1642.9786,-37.90830082,145.13214970,1734.4098,1643.2227,1272942443#1,0,63.7759,False,,,,,10.6491,10.6491,10.7253,19.156,0.000,0.000,0.0,19.02,
2026-10-01T12:03:07.989,1790820188.551,5,topo_wokal_ebike,topo,False,-37.90831376353976,145.1322696914472,True,1746.9815,1641.7532,1746.9815,1641.7532,1736.4118,1643.0485,1736.4118,1643.0485,-37.90830019,145.13214981,1736.4118,1643.0485,1272942443#1,0,,False,10.6488,0.760900,prox=0.777 head=0.500 conn=1.000 turn=1.000,,10.6488,10.6488,10.6488,37.933,0.000,0.000,0.0,19.02,
2026-10-01T12:03:07.989,1790820188.551,5,topo_wkal_ebike,topo,True,-37.90831376353976,145.1322696914472,True,1746.9815,1641.7532,1747.0491,1641.6753,1736.4034,1642.9799,1736.4034,1642.9799,-37.90830080,145.13214970,1736.4034,1642.9799,1272942443#1,0,,False,10.7253,0.759772,prox=0.774 head=0.500 conn=1.000 turn=1.000,,10.6490,10.6490,10.7253,38.395,0.000,0.000,0.0,19.02,
2026-10-01T12:03:07.989,1790820188.551,5,fuzzy_wokal_ebike,fuzzy,False,-37.90831376353976,145.1322696914472,True,1746.9815,1641.7532,1746.9815,1641.7532,1734.4182,1643.2915,1734.4182,1643.2915,-37.90829764,145.13212720,1734.4182,1643.2915,-1272942443#1,0,,False,12.6572,50.000004,short=0.000 small=1.000 angle_diff=6.981 mode=following,,12.6572,12.6572,12.6572,0.077,0.000,0.000,0.0,19.02,
2026-10-01T12:03:07.989,1790820188.551,5,fuzzy_wkal_ebike,fuzzy,True,-37.90831376353976,145.1322696914472,True,1746.9815,1641.7532,1747.0491,1641.6753,1734.4098,1643.2229,1734.4098,1643.2229,-37.90829826,145.13212709,1734.4098,1643.2229,-1272942443#1,0,,False,12.7337,50.000004,short=0.000 small=1.000 angle_diff=6.981 mode=following,,12.6574,12.6574,12.7337,0.069,0.000,0.000,0.0,19.02,
2026-10-01T12:03:07.989,1790820188.551,5,hmm_wokal_ebike,hmm,False,-37.90831376353976,145.1322696914472,True,1746.9815,1641.7532,1746.9815,1641.7532,1736.4118,1643.0485,1736.4118,1643.0485,-37.90830019,145.13214981,1736.4118,1643.0485,1272942443#1,0,,False,10.6488,0.000000,emission=-4.021 transition=1.585 sigma=19.018 num_candidates=5.000,,10.6488,10.6488,10.6488,37.825,0.000,0.000,0.0,19.02,
2026-10-01T12:03:07.989,1790820188.551,5,hmm_wkal_ebike,hmm,True,-37.90831376353976,145.1322696914472,True,1746.9815,1641.7532,1747.0491,1641.6753,1736.4034,1642.9799,1736.4034,1642.9799,-37.90830080,145.13214970,1736.4034,1642.9799,1272942443#1,0,,False,10.7253,0.000000,emission=-4.023 transition=1.600 sigma=19.018 num_candidates=5.000,,10.6490,10.6490,10.7253,43.846,0.000,0.000,0.0,19.02,
2026-10-01T12:03:07.989,1790820188.551,5,st_wokal_ebike,st,False,-37.90831376353976,145.1322696914472,True,1746.9815,1641.7532,1746.9815,1641.7532,1736.4118,1643.0485,1736.4118,1643.0485,-37.90830019,145.13214981,1736.4118,1643.0485,1272942443#1,0,,False,10.6488,-20.333438,obs=0.017 trans=1.000 fs=0.017 ft=1.000,5,10.6488,10.6488,10.6488,46.062,0.000,0.000,0.0,19.02,
2026-10-01T12:03:07.989,1790820188.551,5,st_wkal_ebike,st,True,-37.90831376353976,145.1322696914472,True,1746.9815,1641.7532,1747.0491,1641.6753,1736.4034,1642.9799,1736.4034,1642.9799,-37.90830080,145.13214970,1736.4034,1642.9799,1272942443#1,0,,False,10.7253,-20.327676,obs=0.017 trans=1.000 fs=0.017 ft=1.000,5,10.6490,10.6490,10.7253,37.811,0.000,0.000,0.0,19.02,
2026-10-01T12:03:10.311,1790820191.551,6,native_wokal_ebike,native,False,-37.90841496486563,145.1322680920534,True,1747.0659,1630.5206,1747.0659,1630.5206,1735.0567,1631.9908,1735.0567,1631.9908,-37.90839955,145.13213189,1733.0643,1632.2347,1272942443#1,0,74.8459,False,,,,,12.0989,12.0989,12.0989,25.325,0.000,0.000,0.0,18.99,
2026-10-01T12:03:10.311,1790820191.551,6,native_wkal_ebike,native,True,-37.90841496486563,145.1322680920534,True,1747.0659,1630.5206,1746.8520,1635.9298,1735.7066,1637.2942,1735.7066,1637.2942,-37.90835190,145.13214048,1733.7137,1637.5382,1272942443#1,0,69.5028,False,,,,,13.2256,13.2256,11.2287,24.319,0.000,0.000,0.0,18.99,
2026-10-01T12:03:10.311,1790820191.551,6,topo_wokal_ebike,topo,False,-37.90841496486563,145.1322680920534,True,1747.0659,1630.5206,1747.0659,1630.5206,1735.0569,1631.9923,1735.0569,1631.9923,-37.90839954,145.13213189,1735.0569,1631.9923,1272942443#1,0,,False,12.0989,0.738925,prox=0.722 head=0.500 conn=1.000 turn=1.000,,12.0989,12.0989,12.0989,45.496,0.000,0.000,0.0,18.99,
2026-10-01T12:03:10.311,1790820191.551,6,topo_wkal_ebike,topo,True,-37.90841496486563,145.1322680920534,True,1747.0659,1630.5206,1746.8520,1635.9298,1735.7068,1637.2956,1735.7068,1637.2956,-37.90835188,145.13214049,1735.7068,1637.2956,1272942443#1,0,,False,11.2287,0.752258,prox=0.756 head=0.500 conn=1.000 turn=1.000,,13.2261,13.2261,11.2287,45.584,0.000,0.000,0.0,18.99,
2026-10-01T12:03:10.311,1790820191.551,6,fuzzy_wokal_ebike,fuzzy,False,-37.90841496486563,145.1322680920534,True,1747.0659,1630.5206,1747.0659,1630.5206,1733.0644,1632.2350,1733.0644,1632.2350,-37.90839699,145.13210929,1733.0644,1632.2350,-1272942443#1,0,,False,14.1061,50.000000,short=0.000 small=1.000 angle_diff=6.981 mode=following,,14.1061,14.1061,14.1061,0.075,0.000,0.000,0.0,18.99,
2026-10-01T12:03:10.311,1790820191.551,6,fuzzy_wkal_ebike,fuzzy,True,-37.90841496486563,145.1322680920534,True,1747.0659,1630.5206,1746.8520,1635.9298,1733.7138,1637.5385,1733.7138,1637.5385,-37.90834934,145.13211788,1733.7138,1637.5385,-1272942443#1,0,,False,13.2364,50.000002,short=0.000 small=1.000 angle_diff=6.981 mode=following,,15.0841,15.0841,13.2364,0.071,0.000,0.000,0.0,18.99,
2026-10-01T12:03:10.311,1790820191.551,6,hmm_wokal_ebike,hmm,False,-37.90841496486563,145.1322680920534,True,1747.0659,1630.5206,1747.0659,1630.5206,1735.0569,1631.9923,1735.0569,1631.9923,-37.90839954,145.13213189,1735.0569,1631.9923,1272942443#1,0,,False,12.0989,0.000000,emission=-4.066 transition=1.139 sigma=18.992 num_candidates=5.000,,12.0989,12.0989,12.0989,62.328,0.000,0.000,0.0,18.99,
2026-10-01T12:03:10.311,1790820191.551,6,hmm_wkal_ebike,hmm,True,-37.90841496486563,145.1322680920534,True,1747.0659,1630.5206,1746.8520,1635.9298,1735.7068,1637.2956,1735.7068,1637.2956,-37.90835188,145.13214049,1735.7068,1637.2956,1272942443#1,0,,False,11.2287,0.000000,emission=-4.038 transition=1.499 sigma=18.992 num_candidates=5.000,,13.2261,13.2261,11.2287,44.360,0.000,0.000,0.0,18.99,
2026-10-01T12:03:10.311,1790820191.551,6,st_wokal_ebike,st,False,-37.90841496486563,145.1322680920534,True,1747.0659,1630.5206,1747.0659,1630.5206,1735.0569,1631.9923,1735.0569,1631.9923,-37.90839954,145.13213189,1735.0569,1631.9923,1272942443#1,0,,False,12.0989,-24.431087,obs=0.017 trans=1.000 fs=0.017 ft=1.000,6,12.0989,12.0989,12.0989,63.417,0.000,0.000,0.0,18.99,
2026-10-01T12:03:10.311,1790820191.551,6,st_wkal_ebike,st,True,-37.90841496486563,145.1322680920534,True,1747.0659,1630.5206,1746.8520,1635.9298,1735.7068,1637.2956,1735.7068,1637.2956,-37.90835188,145.13214049,1735.7068,1637.2956,1272942443#1,0,,False,11.2287,-24.399951,obs=0.017 trans=1.000 fs=0.017 ft=1.000,6,13.2261,13.2261,11.2287,44.189,0.000,0.000,0.0,18.99,
2026-10-01T12:03:12.729,1790820193.551,7,native_wokal_ebike,native,False,-37.90849826577675,145.13226123047946,True,1746.6478,1621.2650,1746.6478,1621.2650,1733.9330,1622.8215,1733.9330,1622.8215,-37.90848195,145.13211702,1731.9416,1623.0654,1272942443#1,0,84.0838,False,,,,,12.8098,12.8098,12.8098,20.728,1.901,1.901,0.0,18.26,
2026-10-01T12:03:12.729,1790820193.551,7,native_wkal_ebike,native,True,-37.90849826577675,145.13226123047946,True,1746.6478,1621.2650,1746.6490,1629.4241,1734.9181,1630.8602,1734.9181,1630.8602,-37.90840971,145.13213005,1732.9259,1631.1041,1272942443#1,0,75.9849,False,,,,,15.1543,15.1543,11.8184,17.198,1.901,1.901,0.0,18.26,
2026-10-01T12:03:12.729,1790820193.551,7,topo_wokal_ebike,topo,False,-37.90849826577675,145.13226123047946,True,1746.6478,1621.2650,1746.6478,1621.2650,1731.9416,1623.0657,1731.9416,1623.0657,-37.90847939,145.13209444,1733.9330,1622.8217,-1272942443#1,0,,False,14.8160,0.824476,prox=0.614 head=0.996 conn=0.900 turn=1.000,,14.8160,14.8160,14.8160,39.354,1.901,1.901,0.0,18.26,
2026-10-01T12:03:12.729,1790820193.551,7,topo_wkal_ebike,topo,True,-37.90849826577675,145.13226123047946,True,1746.6478,1621.2650,1746.6490,1629.4241,1732.9259,1631.1045,1732.9259,1631.1045,-37.90840715,145.13210746,1734.9181,1630.8603,-1272942443#1,0,,False,13.8255,0.840457,prox=0.654 head=0.996 conn=0.900 turn=1.000,,16.8850,16.8850,13.8255,40.432,1.901,1.901,0.0,18.26,
2026-10-01T12:03:12.729,1790820193.551,7,fuzzy_wokal_ebike,fuzzy,False,-37.90849826577675,145.13226123047946,True,1746.6478,1621.2650,1746.6478,1621.2650,1731.9416,1623.0657,1731.9416,1623.0657,-37.90847939,145.13209444,1731.9416,1623.0657,-1272942443#1,0,,False,14.8160,50.000000,short=0.000 small=1.000 angle_diff=6.981 mode=following,,14.8160,14.8160,14.8160,0.077,1.901,1.901,0.0,18.26,
2026-10-01T12:03:12.729,1790820193.551,7,fuzzy_wkal_ebike,fuzzy,True,-37.90849826577675,145.13226123047946,True,1746.6478,1621.2650,1746.6490,1629.4241,1732.9259,1631.1045,1732.9259,1631.1045,-37.90840715,145.13210746,1732.9259,1631.1045,-1272942443#1,0,,False,13.8255,50.000001,short=0.000 small=1.000 angle_diff=6.981 mode=following,,16.8850,16.8850,13.8255,0.072,1.901,1.901,0.0,18.26,
2026-10-01T12:03:12.729,1790820193.551,7,hmm_wokal_ebike,hmm,False,-37.90849826577675,145.13226123047946,True,1746.6478,1621.2650,1746.6478,1621.2650,1733.9332,1622.8232,1733.9332,1622.8232,-37.90848193,145.13211702,1733.9332,1622.8232,1272942443#1,0,,False,12.8098,0.000000,emission=-4.070 transition=1.473 sigma=18.257 num_candidates=5.000,,12.8098,12.8098,12.8098,38.536,1.901,1.901,0.0,18.26,
2026-10-01T12:03:12.729,1790820193.551,7,hmm_wkal_ebike,hmm,True,-37.90849826577675,145.13226123047946,True,1746.6478,1621.2650,1746.6490,1629.4241,1734.9183,1630.8617,1734.9183,1630.8617,-37.90840970,145.13213006,1734.9183,1630.8617,1272942443#1,0,,False,11.8184,0.000000,emission=-4.033 transition=1.476 sigma=18.257 num_candidates=5.000,,15.1552,15.1552,11.8184,69.287,1.901,1.901,0.0,18.26,
2026-10-01T12:03:12.729,1790820193.551,7,st_wokal_ebike,st,False,-37.90849826577675,145.13226123047946,True,1746.6478,1621.2650,1746.6478,1621.2650,1733.9332,1622.8232,1733.9332,1622.8232,-37.90848193,145.13211702,1733.9332,1622.8232,1272942443#1,0,,False,12.8098,-28.550871,obs=0.016 trans=1.000 fs=0.016 ft=1.000,7,12.8098,12.8098,12.8098,46.910,1.901,1.901,0.0,18.26,
2026-10-01T12:03:12.729,1790820193.551,7,st_wkal_ebike,st,True,-37.90849826577675,145.13226123047946,True,1746.6478,1621.2650,1746.6490,1629.4241,1734.9183,1630.8617,1734.9183,1630.8617,-37.90840970,145.13213006,1734.9183,1630.8617,1272942443#1,0,,False,11.8184,-28.489216,obs=0.017 trans=1.000 fs=0.017 ft=1.000,7,15.1552,15.1552,11.8184,68.237,1.901,1.901,0.0,18.26,
2026-10-01T12:03:15.119,1790820195.551,8,native_wokal_ebike,native,False,-37.908763501571556,145.13233331229418,True,1753.5748,1591.9601,1753.5748,1591.9601,1749.8273,1595.9497,1749.8273,1595.9497,-37.90872689,145.13229161,1730.9388,1598.1870,988784686#1,0,7.8152,False,,,,,5.4736,5.4736,5.4736,20.626,3.607,3.607,201.3,14.38,
2026-10-01T12:03:15.119,1790820195.551,8,native_wkal_ebike,native,True,-37.908763501571556,145.13233331229418,True,1753.5748,1591.9601,1749.5127,1611.8016,1757.5686,1603.2186,1757.5686,1603.2186,-37.90866280,145.13238129,1731.9159,1606.3624,988784686#1,0,18.4344,False,,,,,11.9459,11.9459,11.7713,12.538,3.607,3.607,201.3,14.38,
2026-10-01T12:03:15.119,1790820195.551,8,topo_wokal_ebike,topo,False,-37.908763501571556,145.13233331229418,True,1753.5748,1591.9601,1753.5748,1591.9601,1731.7600,1605.0900,1731.7600,1605.0900,-37.90864129,145.13208828,1731.7601,1605.0910,1272942443#1,0,,False,25.4613,0.670080,prox=0.237 head=0.985 conn=0.900 turn=1.000,,25.4613,25.4613,25.4613,40.353,3.607,3.607,201.3,14.38,
2026-10-01T12:03:15.119,1790820195.551,8,topo_wkal_ebike,topo,True,-37.908763501571556,145.13233331229418,True,1753.5748,1591.9601,1749.5127,1611.8016,1732.8330,1613.8456,1732.8330,1613.8456,-37.90856261,145.13210247,1732.8330,1613.8456,1272942443#1,0,,False,16.8045,0.788930,prox=0.534 head=0.985 conn=0.900 turn=1.000,,30.1529,30.1529,16.8045,43.720,3.607,3.607,201.3,14.38,
2026-10-01T12:03:15.119,1790820195.551,8,fuzzy_wokal_ebike,fuzzy,False,-37.908763501571556,145.13233331229418,True,1753.5748,1591.9601,1753.5748,1591.9601,1729.7700,1605.3300,1729.7700,1605.3300,-37.90863877,145.13206570,1729.7700,1605.3300,-1272942443#1,0,,False,27.3024,10.000000,short=0.000 small=0.000 angle_diff=165.717 mode=entering_pending,,27.3024,27.3024,27.3024,0.288,3.607,3.607,201.3,14.38,
2026-10-01T12:03:15.119,1790820195.551,8,fuzzy_wkal_ebike,fuzzy,True,-37.908763501571556,145.13233331229418,True,1753.5748,1591.9601,1749.5127,1611.8016,1730.8423,1614.0876,1730.8423,1614.0876,-37.90856007,145.13207989,1730.8423,1614.0876,-1272942443#1,0,,False,18.8098,10.000000,short=0.000 small=0.000 angle_diff=165.717 mode=following,,31.7237,31.7237,18.8098,0.059,3.607,3.607,201.3,14.38,
2026-10-01T12:03:15.119,1790820195.551,8,hmm_wokal_ebike,hmm,False,-37.908763501571556,145.13233331229418,True,1753.5748,1591.9601,1753.5748,1591.9601,1749.8280,1595.9504,1749.8280,1595.9504,-37.90872688,145.13229162,1730.9389,1598.1878,988784686#1,0,,False,5.4736,0.000000,emission=-3.657 transition=-- sigma=14.378 num_candidates=5.000,,5.4736,5.4736,5.4736,227.758,3.607,3.607,201.3,14.38,
2026-10-01T12:03:15.119,1790820195.551,8,hmm_wkal_ebike,hmm,True,-37.908763501571556,145.13233331229418,True,1753.5748,1591.9601,1749.5127,1611.8016,1732.8330,1613.8456,1732.8330,1613.8456,-37.90856261,145.13210247,1732.8330,1613.8456,1272942443#1,0,,False,16.8045,0.000000,emission=-4.268 transition=-1.942 sigma=14.378 num_candidates=5.000,,30.1529,30.1529,16.8045,55.455,3.607,3.607,201.3,14.38,
2026-10-01T12:03:15.119,1790820195.551,8,st_wokal_ebike,st,False,-37.908763501571556,145.13233331229418,True,1753.5748,1591.9601,1753.5748,1591.9601,1749.8280,1595.9504,1749.8280,1595.9504,-37.90872688,145.13229162,1730.9389,1598.1878,988784686#1,0,,False,5.4736,-3.952121,obs=0.019 trans=-- fs=0.019 ft=--,8,5.4736,5.4736,5.4736,222.938,3.607,3.607,201.3,14.38,
2026-10-01T12:03:15.119,1790820195.551,8,st_wkal_ebike,st,True,-37.908763501571556,145.13233331229418,True,1753.5748,1591.9601,1749.5127,1611.8016,1732.8330,1613.8456,1732.8330,1613.8456,-37.90856261,145.13210247,1732.8330,1613.8456,1272942443#1,0,,False,16.8045,-32.756874,obs=0.014 trans=1.000 fs=0.014 ft=1.000,8,30.1529,30.1529,16.8045,66.277,3.607,3.607,201.3,14.38,
2026-10-01T12:03:17.877,1790820198.999,9,native_wokal_ebike,native,False,-37.908730574755424,145.13227396443273,True,1748.2839,1595.5093,1748.2839,1595.5093,1748.7867,1594.9726,1748.7867,1594.9726,-37.90873550,145.13227956,1730.8103,1597.1019,988784686#1,0,6.3878,False,,,,,0.7355,0.7355,0.7355,20.970,2.854,2.854,213.2,5.50,
2026-10-01T12:03:17.877,1790820198.999,9,native_wkal_ebike,native,True,-37.908730574755424,145.13227396443273,True,1748.2839,1595.5093,1748.5596,1596.8852,1749.6197,1595.7547,1749.6197,1595.7547,-37.90872861,145.13228921,1730.9132,1597.9705,988784686#1,0,7.5304,False,,,,,1.3581,1.3581,1.5497,21.316,2.854,2.854,213.2,5.50,
2026-10-01T12:03:17.877,1790820198.999,9,topo_wokal_ebike,topo,False,-37.908730574755424,145.13227396443273,True,1748.2839,1595.5093,1748.2839,1595.5093,1730.8660,1597.5725,1730.8660,1597.5725,-37.90870885,145.13207640,1730.8660,1597.5725,1272942443#2,0,,False,17.5396,0.766249,prox=0.505 head=0.948 conn=0.900 turn=1.000,,17.5396,17.5396,17.5396,38.002,2.854,2.854,213.2,5.50,
2026-10-01T12:03:17.877,1790820198.999,9,topo_wkal_ebike,topo,True,-37.908730574755424,145.13227396443273,True,1748.2839,1595.5093,1748.5596,1596.8852,1731.7600,1605.0900,1731.7600,1605.0900,-37.90864129,145.13208828,1731.7601,1605.0910,1272942443#1,0,,False,18.6961,0.768563,prox=0.460 head=0.949 conn=1.000 turn=1.000,,19.1005,19.1005,18.6961,38.300,2.854,2.854,213.2,5.50,
2026-10-01T12:03:17.877,1790820198.999,9,fuzzy_wokal_ebike,fuzzy,False,-37.908730574755424,145.13227396443273,True,1748.2839,1595.5093,1748.2839,1595.5093,1731.7600,1605.0900,1731.7600,1605.0900,-37.90864129,145.13208828,1729.7704,1605.3336,1272942443#1,0,,False,19.1005,48.815848,short=0.000 small=0.970 angle_diff=26.184 mode=confirmed,,19.1005,19.1005,19.1005,0.196,2.854,2.854,213.2,5.50,
2026-10-01T12:03:17.877,1790820198.999,9,fuzzy_wkal_ebike,fuzzy,True,-37.908730574755424,145.13227396443273,True,1748.2839,1595.5093,1748.5596,1596.8852,1729.7700,1605.3300,1729.7700,1605.3300,-37.90863877,145.13206570,1729.7700,1605.3300,-1272942443#1,0,,False,20.6001,10.000000,short=0.000 small=0.000 angle_diff=153.810 mode=entering_pending,,20.9573,20.9573,20.6001,0.325,2.854,2.854,213.2,5.50,
2026-10-01T12:03:17.877,1790820198.999,9,hmm_wokal_ebike,hmm,False,-37.908730574755424,145.13227396443273,True,1748.2839,1595.5093,1748.2839,1595.5093,1743.8000,1586.8200,1743.8000,1586.8200,-37.90880804,145.13222100,1729.7890,1588.4796,988784684#1,0,,False,9.0361,0.000000,emission=-3.974 transition=-19.818 sigma=5.498 num_candidates=5.000,,9.7780,9.7780,9.7780,40.765,2.854,2.854,213.2,5.50,
2026-10-01T12:03:17.877,1790820198.999,9,hmm_wkal_ebike,hmm,True,-37.908730574755424,145.13227396443273,True,1748.2839,1595.5093,1748.5596,1596.8852,1731.0306,1598.9615,1731.0306,1598.9615,-37.90869636,145.13207859,1731.0306,1598.9615,1272942443#2,0,,False,17.6515,0.000000,emission=-7.776 transition=-27.757 sigma=5.498 num_candidates=5.000,,17.5953,17.5953,17.6515,135.941,2.854,2.854,213.2,5.50,
2026-10-01T12:03:17.877,1790820198.999,9,st_wokal_ebike,st,False,-37.908730574755424,145.13227396443273,True,1748.2839,1595.5093,1748.2839,1595.5093,1748.7873,1594.9732,1748.7873,1594.9732,-37.90873550,145.13227957,1730.8104,1597.1025,988784686#1,0,,False,0.7355,-7.867468,obs=0.020 trans=1.000 fs=0.020 ft=1.000,8,0.7355,0.7355,0.7355,48.715,2.854,2.854,213.2,5.50,
2026-10-01T12:03:17.877,1790820198.999,9,st_wkal_ebike,st,True,-37.908730574755424,145.13227396443273,True,1748.2839,1595.5093,1748.5596,1596.8852,1731.0306,1598.9615,1731.0306,1598.9615,-37.90869636,145.13207859,1731.0306,1598.9615,1272942443#2,0,,False,17.6515,-32.995610,obs=0.014 trans=1.000 fs=0.014 ft=1.000,8,17.5953,17.5953,17.6515,133.417,2.854,2.854,213.2,5.50,
2026-10-01T12:03:20.403,1790820200.999,10,native_wokal_ebike,native,False,-37.90870908257554,145.13220502594874,True,1742.1752,1597.7728,1742.1752,1597.7728,1737.9160,1594.6026,1737.9160,1594.6026,-37.90873687,145.13215588,1730.6167,1595.4672,988784684#2,0,4.6005,False,,,,,5.3095,5.3095,5.3095,22.940,2.445,2.445,235.3,4.75,
2026-10-01T12:03:20.403,1790820200.999,10,native_wkal_ebike,native,True,-37.90870908257554,145.13220502594874,True,1742.1752,1597.7728,1744.6311,1595.2291,1746.7059,1593.0188,1746.7059,1593.0188,-37.90875273,145.13225546,1730.5533,1594.9320,988784686#1,0,3.5335,False,,,,,6.5672,6.5672,3.0316,17.048,2.445,2.445,235.3,4.75,
2026-10-01T12:03:20.403,1790820200.999,10,topo_wokal_ebike,topo,False,-37.90870908257554,145.13220502594874,True,1742.1752,1597.7728,1742.1752,1597.7728,1731.0459,1599.0910,1731.0459,1599.0910,-37.90869520,145.13207879,1731.0459,1599.0910,1272942443#2,0,,False,11.2071,0.851874,prox=0.756 head=0.831 conn=1.000 turn=1.000,,11.2071,11.2071,11.2071,42.044,2.445,2.445,235.3,4.75,
2026-10-01T12:03:20.403,1790820200.999,10,topo_wkal_ebike,topo,True,-37.90870908257554,145.13220502594874,True,1742.1752,1597.7728,1744.6311,1595.2291,1730.7828,1596.8694,1730.7828,1596.8694,-37.90871516,145.13207529,1730.7828,1596.8694,1272942443#2,0,,False,13.9452,0.788935,prox=0.649 head=0.831 conn=0.900 turn=1.000,,11.4282,11.4282,13.9452,44.142,2.445,2.445,235.3,4.75,
2026-10-01T12:03:20.403,1790820200.999,10,fuzzy_wokal_ebike,fuzzy,False,-37.90870908257554,145.13220502594874,True,1742.1752,1597.7728,1742.1752,1597.7728,1731.7600,1605.0900,1731.7600,1605.0900,-37.90864129,145.13208828,1729.7704,1605.3336,1272942443#1,0,,False,12.7286,26.679250,short=0.000 small=0.417 angle_diff=48.321 mode=confirmed,,12.7286,12.7286,12.7286,0.218,2.445,2.445,235.3,4.75,
2026-10-01T12:03:20.403,1790820200.999,10,fuzzy_wkal_ebike,fuzzy,True,-37.90870908257554,145.13220502594874,True,1742.1752,1597.7728,1744.6311,1595.2291,1731.7600,1605.0900,1731.7600,1605.0900,-37.90864129,145.13208828,1729.7704,1605.3336,1272942443#1,0,,False,16.2143,26.679242,short=0.000 small=0.417 angle_diff=48.321 mode=confirmed,,12.7286,12.7286,16.2143,0.174,2.445,2.445,235.3,4.75,
2026-10-01T12:03:20.403,1790820200.999,10,hmm_wokal_ebike,hmm,False,-37.90870908257554,145.13220502594874,True,1742.1752,1597.7728,1742.1752,1597.7728,1737.9135,1594.6059,1737.9135,1594.6059,-37.90873684,145.13215585,1730.6170,1595.4702,988784684#2,0,,False,5.3095,0.000000,emission=-3.102 transition=-7.940 sigma=4.749 num_candidates=5.000,,5.3095,5.3095,5.3095,37.944,2.445,2.445,235.3,4.75,
2026-10-01T12:03:20.403,1790820200.999,10,hmm_wkal_ebike,hmm,True,-37.90870908257554,145.13220502594874,True,1742.1752,1597.7728,1744.6311,1595.2291,1730.7828,1596.8694,1730.7828,1596.8694,-37.90871516,145.13207529,1730.7828,1596.8694,1272942443#2,0,,False,13.9452,0.000000,emission=-6.789 transition=-9.173 sigma=4.749 num_candidates=5.000,,11.4282,11.4282,13.9452,86.343,2.445,2.445,235.3,4.75,
2026-10-01T12:03:20.403,1790820200.999,10,st_wokal_ebike,st,False,-37.90870908257554,145.13220502594874,True,1742.1752,1597.7728,1742.1752,1597.7728,1746.6704,1592.9854,1746.6704,1592.9854,-37.90875302,145.13225505,1730.5489,1594.8950,988784686#1,0,,False,6.5670,-11.836046,obs=0.019 trans=1.000 fs=0.019 ft=1.000,8,6.5670,6.5670,6.5670,37.865,2.445,2.445,235.3,4.75,
2026-10-01T12:03:20.403,1790820200.999,10,st_wkal_ebike,st,True,-37.90870908257554,145.13220502594874,True,1742.1752,1597.7728,1744.6311,1595.2291,1730.7828,1596.8694,1730.7828,1596.8694,-37.90871516,145.13207529,1730.7828,1596.8694,1272942443#2,0,,False,13.9452,-33.072417,obs=0.016 trans=1.000 fs=0.016 ft=1.000,8,11.4282,11.4282,13.9452,79.332,2.445,2.445,235.3,4.75,
2026-10-01T12:03:22.808,1790820203.999,11,native_wokal_ebike,native,False,-37.90865649002819,145.13212150249916,True,1734.7151,1603.4616,1734.7151,1603.4616,1733.8734,1599.9368,1733.8734,1599.9368,-37.90868809,145.13211113,1731.0600,1599.2100,:9139137375_w0,0,0.9368,True,,,,,3.6238,3.6238,3.6238,16.875,1.818,1.818,272.6,4.85,
2026-10-01T12:03:22.808,1790820203.999,11,native_wkal_ebike,native,True,-37.90865649002819,145.13212150249916,True,1734.7151,1603.4616,1738.4703,1596.7492,1737.0887,1595.7158,1737.0887,1595.7158,-37.90872669,145.13214673,1730.7353,1596.4684,988784684#2,0,5.9875,False,,,,,8.1013,8.1013,1.7253,13.222,1.818,1.818,272.6,4.85,
2026-10-01T12:03:22.808,1790820203.999,11,topo_wokal_ebike,topo,False,-37.90865649002819,145.13212150249916,True,1734.7151,1603.4616,1734.7151,1603.4616,1731.0600,1599.2100,1731.0600,1599.2100,-37.90869413,145.13207898,1731.0600,1599.2100,1272942443#2,0,,False,3.9727,0.846960,prox=0.966 head=0.536 conn=1.000 turn=1.000,,5.6067,5.6067,5.6067,41.749,1.818,1.818,272.6,4.85,
2026-10-01T12:03:22.808,1790820203.999,11,topo_wkal_ebike,topo,True,-37.90865649002819,145.13212150249916,True,1734.7151,1603.4616,1738.4703,1596.7492,1730.8751,1597.6488,1730.8751,1597.6488,-37.90870816,145.13207652,1730.8751,1597.6488,1272942443#2,0,,False,7.6483,0.811986,prox=0.878 head=0.536 conn=1.000 turn=1.000,,6.9666,6.9666,7.6483,37.003,1.818,1.818,272.6,4.85,
2026-10-01T12:03:22.808,1790820203.999,11,fuzzy_wokal_ebike,fuzzy,False,-37.90865649002819,145.13212150249916,True,1734.7151,1603.4616,1734.7151,1603.4616,1731.7600,1605.0900,1731.7600,1605.0900,-37.90864129,145.13208828,1729.7704,1605.3336,1272942443#1,0,,False,3.3740,17.922306,short=0.198 small=0.000 angle_diff=85.661 mode=confirmed,,3.3740,3.3740,3.3740,0.179,1.818,1.818,272.6,4.85,
2026-10-01T12:03:22.808,1790820203.999,11,fuzzy_wkal_ebike,fuzzy,True,-37.90865649002819,145.13212150249916,True,1734.7151,1603.4616,1738.4703,1596.7492,1731.7600,1605.0900,1731.7600,1605.0900,-37.90864129,145.13208828,1729.7704,1605.3336,1272942443#1,0,,False,10.7050,10.000080,short=0.000 small=0.000 angle_diff=85.661 mode=entering_pending,,3.3740,3.3740,10.7050,0.179,1.818,1.818,272.6,4.85,
2026-10-01T12:03:22.808,1790820203.999,11,hmm_wokal_ebike,hmm,False,-37.90865649002819,145.13212150249916,True,1734.7151,1603.4616,1734.7151,1603.4616,1733.9200,1599.9800,1733.9200,1599.9800,-37.90868771,145.13211167,1731.0600,1599.2100,988784684#2,0,,False,2.7140,0.000000,emission=-2.654 transition=-11.822 sigma=4.845 num_candidates=5.000,,3.5712,3.5712,3.5712,37.910,1.818,1.818,272.6,4.85,
2026-10-01T12:03:22.808,1790820203.999,11,hmm_wkal_ebike,hmm,True,-37.90865649002819,145.13212150249916,True,1734.7151,1603.4616,1738.4703,1596.7492,1730.8751,1597.6488,1730.8751,1597.6488,-37.90870816,145.13207652,1730.8751,1597.6488,1272942443#2,0,,False,7.6483,0.000000,emission=-3.743 transition=-26.194 sigma=4.845 num_candidates=5.000,,6.9666,6.9666,7.6483,40.200,1.818,1.818,272.6,4.85,
2026-10-01T12:03:22.808,1790820203.999,11,st_wokal_ebike,st,False,-37.90865649002819,145.13212150249916,True,1734.7151,1603.4616,1734.7151,1603.4616,1733.9200,1599.9800,1733.9200,1599.9800,-37.90868771,145.13211167,1731.0600,1599.2100,988784684#2,0,,False,2.7140,-43.605902,obs=0.020 trans=1.000 fs=0.020 ft=1.000,8,3.5712,3.5712,3.5712,38.124,1.818,1.818,272.6,4.85,
2026-10-01T12:03:22.808,1790820203.999,11,st_wkal_ebike,st,True,-37.90865649002819,145.13212150249916,True,1734.7151,1603.4616,1738.4703,1596.7492,1730.8751,1597.6488,1730.8751,1597.6488,-37.90870816,145.13207652,1730.8751,1597.6488,1272942443#2,0,,False,7.6483,-32.997813,obs=0.019 trans=1.000 fs=0.019 ft=1.000,8,6.9666,6.9666,7.6483,39.824,1.818,1.818,272.6,4.85,
2026-10-01T12:03:25.112,1790820205.999,12,native_wokal_ebike,native,False,-37.90856591587581,145.13212340142525,True,1734.6806,1613.5155,1734.6806,1613.5155,1732.8202,1613.7415,1732.8202,1613.7415,-37.90856354,145.13210230,1730.8298,1613.9853,1272942443#1,0,93.2317,False,,,,,1.8741,1.8741,1.8741,20.357,3.687,3.687,357.4,4.89,
2026-10-01T12:03:25.112,1790820205.999,12,native_wkal_ebike,native,True,-37.90856591587581,145.13212340142525,True,1734.6806,1613.5155,1735.4676,1604.0076,1733.8708,1599.9350,1733.8708,1599.9350,-37.90868811,145.13211110,1731.0600,1599.2100,:9139137375_w0,0,0.9337,True,,,,,13.6046,13.6046,4.3745,20.811,3.687,3.687,357.4,4.89,
2026-10-01T12:03:25.112,1790820205.999,12,topo_wokal_ebike,topo,False,-37.90856591587581,145.13212340142525,True,1734.6806,1613.5155,1734.6806,1613.5155,1729.0700,1599.4500,1729.0700,1599.4500,-37.90869161,145.13205641,1729.0699,1599.4490,-1272942443#2,0,,False,9.9902,0.898452,prox=0.801 head=0.993 conn=0.900 turn=1.000,,15.1432,15.1432,15.1432,37.357,3.687,3.687,357.4,4.89,
2026-10-01T12:03:25.112,1790820205.999,12,topo_wkal_ebike,topo,True,-37.90856591587581,145.13212340142525,True,1734.6806,1613.5155,1735.4676,1604.0076,1729.0700,1599.4500,1729.0700,1599.4500,-37.90869161,145.13205641,1729.0699,1599.4490,-1272942443#2,0,,False,4.8212,0.957881,prox=0.950 head=0.993 conn=0.900 turn=1.000,,15.1432,15.1432,7.8550,48.594,3.687,3.687,357.4,4.89,
2026-10-01T12:03:25.112,1790820205.999,12,fuzzy_wokal_ebike,fuzzy,False,-37.90856591587581,145.13212340142525,True,1734.6806,1613.5155,1734.6806,1613.5155,1732.8205,1613.7434,1732.8205,1613.7434,-37.90856353,145.13210230,1730.8300,1613.9871,1272942443#1,0,,False,1.8741,39.253992,short=0.731 small=0.000 angle_diff=170.409 mode=following,,1.8741,1.8741,1.8741,0.063,3.687,3.687,357.4,4.89,
2026-10-01T12:03:25.112,1790820205.999,12,fuzzy_wkal_ebike,fuzzy,True,-37.90856591587581,145.13212340142525,True,1734.6806,1613.5155,1735.4676,1604.0076,1731.7600,1605.0900,1731.7600,1605.0900,-37.90864129,145.13208828,1729.7704,1605.3336,1272942443#1,0,,False,3.8623,14.063400,short=0.102 small=0.000 angle_diff=170.409 mode=entering_pending,,8.9173,8.9173,3.8623,0.208,3.687,3.687,357.4,4.89,
2026-10-01T12:03:25.112,1790820205.999,12,hmm_wokal_ebike,hmm,False,-37.90856591587581,145.13212340142525,True,1734.6806,1613.5155,1734.6806,1613.5155,1733.9200,1599.9800,1733.9200,1599.9800,-37.90868771,145.13211167,1731.0600,1599.2100,988784684#2,0,,False,9.9902,0.000000,emission=-4.593 transition=-48.660 sigma=4.890 num_candidates=5.000,,13.5568,13.5568,13.5568,39.487,3.687,3.687,357.4,4.89,
2026-10-01T12:03:25.112,1790820205.999,12,hmm_wkal_ebike,hmm,True,-37.90856591587581,145.13212340142525,True,1734.6806,1613.5155,1735.4676,1604.0076,1731.0600,1599.2100,1731.0600,1599.2100,-37.90869413,145.13207898,1731.0600,1599.2100,1272942443#2,0,,False,4.7652,0.000000,emission=-2.981 transition=-29.805 sigma=4.890 num_candidates=5.000,,14.7565,14.7565,6.5149,42.973,3.687,3.687,357.4,4.89,
2026-10-01T12:03:25.112,1790820205.999,12,st_wokal_ebike,st,False,-37.90856591587581,145.13212340142525,True,1734.6806,1613.5155,1734.6806,1613.5155,1733.9200,1599.9800,1733.9200,1599.9800,-37.90868771,145.13211167,1731.0600,1599.2100,988784684#2,0,,False,9.9902,-75.276350,obs=0.018 trans=1.000 fs=0.018 ft=0.000,8,13.5568,13.5568,13.5568,41.533,3.687,3.687,357.4,4.89,
2026-10-01T12:03:25.112,1790820205.999,12,st_wkal_ebike,st,True,-37.90856591587581,145.13212340142525,True,1734.6806,1613.5155,1735.4676,1604.0076,1731.0600,1599.2100,1731.0600,1599.2100,-37.90869413,145.13207898,1731.0600,1599.2100,1272942443#2,0,,False,4.7652,-32.880403,obs=0.019 trans=1.000 fs=0.019 ft=1.000,8,14.7565,14.7565,6.5149,41.014,3.687,3.687,357.4,4.89,
2026-10-01T12:03:27.452,1790820207.999,13,native_wokal_ebike,native,False,-37.9084213429161,145.13211368629678,True,1733.5050,1629.5409,1733.5050,1629.5409,1732.7456,1629.6317,1732.7456,1629.6317,-37.90842039,145.13210507,1732.7456,1629.6317,-1272942443#1,0,24.4832,False,,,,,0.7648,0.7648,0.7648,14.249,4.857,4.857,3.3,12.34,
2026-10-01T12:03:27.452,1790820207.999,13,native_wkal_ebike,native,True,-37.9084213429161,145.13211368629678,True,1733.5050,1629.5409,1733.0856,1607.7046,1732.0950,1607.8240,1732.0950,1607.8240,-37.90861672,145.13209271,1730.1052,1608.0676,1272942443#1,0,99.1935,False,,,,,21.7626,21.7626,0.9978,12.424,4.857,4.857,3.3,12.34,
2026-10-01T12:03:27.452,1790820207.999,13,topo_wokal_ebike,topo,False,-37.9084213429161,145.13211368629678,True,1733.5050,1629.5409,1733.5050,1629.5409,1732.7459,1629.6338,1732.7459,1629.6338,-37.90842037,145.13210508,1732.7459,1629.6338,-1272942443#1,0,,False,0.7648,0.979163,prox=0.999 head=0.999 conn=0.900 turn=1.000,,0.7648,0.7648,0.7648,52.038,4.857,4.857,3.3,12.34,
2026-10-01T12:03:27.452,1790820207.999,13,topo_wkal_ebike,topo,True,-37.9084213429161,145.13211368629678,True,1733.5050,1629.5409,1733.0856,1607.7046,1729.0700,1599.4500,1729.0700,1599.4500,-37.90869161,145.13205641,1729.0699,1599.4490,-1272942443#2,0,,False,4.1235,0.984893,prox=0.963 head=0.999 conn=1.000 turn=1.000,,30.4160,30.4160,9.1796,43.813,4.857,4.857,3.3,12.34,
2026-10-01T12:03:27.452,1790820207.999,13,fuzzy_wokal_ebike,fuzzy,False,-37.9084213429161,145.13211368629678,True,1733.5050,1629.5409,1733.5050,1629.5409,1734.7379,1629.3898,1734.7379,1629.3898,-37.90842293,145.13212767,1732.7459,1629.6337,1272942443#1,0,,False,1.2421,45.284770,short=0.882 small=0.000 angle_diff=176.266 mode=following,,1.2421,1.2421,1.2421,0.094,4.857,4.857,3.3,12.34,
2026-10-01T12:03:27.452,1790820207.999,13,fuzzy_wkal_ebike,fuzzy,True,-37.9084213429161,145.13211368629678,True,1733.5050,1629.5409,1733.0856,1607.7046,1730.1054,1608.0695,1730.1054,1608.0695,-37.90861415,145.13207014,1730.1054,1608.0695,-1272942443#1,0,,False,3.0025,65.459290,short=0.309 small=1.000 angle_diff=3.728 mode=confirmed,,21.7388,21.7388,3.0025,0.268,4.857,4.857,3.3,12.34,
2026-10-01T12:03:27.452,1790820207.999,13,hmm_wokal_ebike,hmm,False,-37.9084213429161,145.13211368629678,True,1733.5050,1629.5409,1733.5050,1629.5409,1732.7459,1629.6338,1732.7459,1629.6338,-37.90842037,145.13210508,1732.7459,1629.6338,-1272942443#1,0,,False,0.7648,0.000000,emission=-3.434 transition=-- sigma=12.345 num_candidates=5.000,,0.7648,0.7648,0.7648,55.841,4.857,4.857,3.3,12.34,
2026-10-01T12:03:27.452,1790820207.999,13,hmm_wkal_ebike,hmm,True,-37.9084213429161,145.13211368629678,True,1733.5050,1629.5409,1733.0856,1607.7046,1731.0600,1599.2100,1731.0600,1599.2100,-37.90869413,145.13207898,1731.0600,1599.2100,1272942443#2,0,,False,4.1235,0.000000,emission=-3.488 transition=-20.380 sigma=12.345 num_candidates=5.000,,30.4293,30.4293,8.7328,42.285,4.857,4.857,3.3,12.34,
2026-10-01T12:03:27.452,1790820207.999,13,st_wokal_ebike,st,False,-37.9084213429161,145.13211368629678,True,1733.5050,1629.5409,1733.5050,1629.5409,1734.7379,1629.3898,1734.7379,1629.3898,-37.90842293,145.13212767,1734.7379,1629.3898,1272942443#1,0,,False,1.2421,-11.764561,obs=0.020 trans=1.000 fs=0.020 ft=1.000,8,1.2421,1.2421,1.2421,93.361,4.857,4.857,3.3,12.34,
2026-10-01T12:03:27.452,1790820207.999,13,st_wkal_ebike,st,True,-37.9084213429161,145.13211368629678,True,1733.5050,1629.5409,1733.0856,1607.7046,1730.1054,1608.0695,1730.1054,1608.0695,-37.90861415,145.13207014,1730.1054,1608.0695,-1272942443#1,0,,False,3.0025,-34.252072,obs=0.020 trans=1.000 fs=0.020 ft=1.000,8,21.7388,21.7388,3.0025,56.473,4.857,4.857,3.3,12.34,
2026-10-01T12:03:29.881,1790820210.999,14,native_wokal_ebike,native,False,-37.90827020720304,145.13213682916881,True,1735.2037,1646.3524,1735.2037,1646.3524,1734.7986,1646.3984,1734.7986,1646.3984,-37.90826972,145.13213223,1734.7986,1646.3984,-1272942443#1,0,41.3751,False,,,,,0.4077,0.4077,0.4077,22.215,5.233,5.233,7.0,12.43,
2026-10-01T12:03:29.881,1790820210.999,14,native_wkal_ebike,native,True,-37.90827020720304,145.13213682916881,True,1735.2037,1646.3524,1730.7612,1618.2251,1731.3401,1618.1531,1731.3401,1618.1531,-37.90852354,145.13208648,1731.3401,1618.1531,-1272942443#1,0,12.9189,False,,,,,28.4628,28.4628,0.5834,17.504,5.233,5.233,7.0,12.43,
2026-10-01T12:03:29.881,1790820210.999,14,topo_wokal_ebike,topo,False,-37.90827020720304,145.13213682916881,True,1735.2037,1646.3524,1735.2037,1646.3524,1734.7990,1646.4020,1734.7990,1646.4020,-37.90826969,145.13213224,1734.7990,1646.4020,-1272942443#1,0,,False,0.4077,0.999852,prox=1.000 head=1.000 conn=1.000 turn=1.000,,0.4077,0.4077,0.4077,41.929,5.233,5.233,7.0,12.43,
2026-10-01T12:03:29.881,1790820210.999,14,topo_wkal_ebike,topo,True,-37.90827020720304,145.13213682916881,True,1735.2037,1646.3524,1730.7612,1618.2251,1731.3403,1618.1542,1731.3403,1618.1542,-37.90852353,145.13208648,1731.3403,1618.1542,-1272942443#1,0,,False,0.5834,0.979698,prox=0.999 head=1.000 conn=0.900 turn=1.000,,28.4616,28.4616,0.5834,36.914,5.233,5.233,7.0,12.43,
2026-10-01T12:03:29.881,1790820210.999,14,fuzzy_wokal_ebike,fuzzy,False,-37.90827020720304,145.13213682916881,True,1735.2037,1646.3524,1735.2037,1646.3524,1736.7928,1646.1577,1736.7928,1646.1577,-37.90827225,145.13215485,1734.7990,1646.4018,1272942443#1,0,,False,1.6010,42.328251,short=0.808 small=0.000 angle_diff=179.952 mode=following,,1.6010,1.6010,1.6010,0.085,5.233,5.233,7.0,12.43,
2026-10-01T12:03:29.881,1790820210.999,14,fuzzy_wkal_ebike,fuzzy,True,-37.90827020720304,145.13213682916881,True,1735.2037,1646.3524,1730.7612,1618.2251,1731.3403,1618.1542,1731.3403,1618.1542,-37.90852353,145.13208648,1731.3403,1618.1542,-1272942443#1,0,,False,0.5834,97.774674,short=0.955 small=1.000 angle_diff=0.054 mode=following,,28.4616,28.4616,0.5834,0.058,5.233,5.233,7.0,12.43,
2026-10-01T12:03:29.881,1790820210.999,14,hmm_wokal_ebike,hmm,False,-37.90827020720304,145.13213682916881,True,1735.2037,1646.3524,1735.2037,1646.3524,1734.7990,1646.4020,1734.7990,1646.4020,-37.90826969,145.13213224,1734.7990,1646.4020,-1272942443#1,0,,False,0.4077,0.000000,emission=-3.439 transition=1.591 sigma=12.428 num_candidates=5.000,,0.4077,0.4077,0.4077,38.970,5.233,5.233,7.0,12.43,
2026-10-01T12:03:29.881,1790820210.999,14,hmm_wkal_ebike,hmm,True,-37.90827020720304,145.13213682916881,True,1735.2037,1646.3524,1730.7612,1618.2251,1731.3403,1618.1542,1731.3403,1618.1542,-37.90852353,145.13208648,1731.3403,1618.1542,-1272942443#1,0,,False,0.5834,0.000000,emission=-3.440 transition=-1.462 sigma=12.428 num_candidates=5.000,,28.4616,28.4616,0.5834,68.843,5.233,5.233,7.0,12.43,
2026-10-01T12:03:29.881,1790820210.999,14,st_wokal_ebike,st,False,-37.90827020720304,145.13213682916881,True,1735.2037,1646.3524,1735.2037,1646.3524,1736.7928,1646.1577,1736.7928,1646.1577,-37.90827225,145.13215485,1736.7928,1646.1577,1272942443#1,0,,False,1.6010,-15.682436,obs=0.020 trans=1.000 fs=0.020 ft=1.000,8,1.6010,1.6010,1.6010,38.177,5.233,5.233,7.0,12.43,
2026-10-01T12:03:29.881,1790820210.999,14,st_wkal_ebike,st,True,-37.90827020720304,145.13213682916881,True,1735.2037,1646.3524,1730.7612,1618.2251,1731.3403,1618.1542,1731.3403,1618.1542,-37.90852353,145.13208648,1731.3403,1618.1542,-1272942443#1,0,,False,0.5834,-34.094894,obs=0.020 trans=1.000 fs=0.020 ft=1.000,8,28.4616,28.4616,0.5834,91.125,5.233,5.233,7.0,12.43,
2026-10-01T12:03:32.276,1790820212.999,15,native_wokal_ebike,native,False,-37.90815144112011,145.1321435089422,True,1735.5269,1659.5430,1735.5269,1659.5430,1736.1678,1659.4884,1736.1678,1659.4884,-37.90815205,145.13215078,1736.1678,1659.4884,-1272942443#1,0,54.5396,False,,,,,0.6433,0.6433,0.6433,21.781,5.151,5.151,7.4,13.64,
2026-10-01T12:03:32.276,1790820212.999,15,native_wkal_ebike,native,True,-37.90815144112011,145.1321435089422,True,1735.5269,1659.5430,1730.2951,1630.7566,1732.8448,1630.4421,1732.8448,1630.4421,-37.90841311,145.13210639,1732.8448,1630.4421,-1272942443#1,0,25.2997,False,,,,,29.2243,29.2243,2.5691,19.715,5.151,5.151,7.4,13.64,
2026-10-01T12:03:32.276,1790820212.999,15,topo_wokal_ebike,topo,False,-37.90815144112011,145.1321435089422,True,1735.5269,1659.5430,1735.5269,1659.5430,1736.1682,1659.4931,1736.1682,1659.4931,-37.90815201,145.13215079,1736.1682,1659.4931,-1272942443#1,0,,False,0.6432,0.999436,prox=0.999 head=0.999 conn=1.000 turn=1.000,,0.6432,0.6432,0.6432,37.313,5.151,5.151,7.4,13.64,
2026-10-01T12:03:32.276,1790820212.999,15,topo_wkal_ebike,topo,True,-37.90815144112011,145.1321435089422,True,1735.5269,1659.5430,1730.2951,1630.7566,1732.8451,1630.4443,1732.8451,1630.4443,-37.90841309,145.13210639,1732.8451,1630.4443,-1272942443#1,0,,False,2.5691,0.994172,prox=0.985 head=1.000 conn=1.000 turn=1.000,,29.2220,29.2220,2.5691,37.513,5.151,5.151,7.4,13.64,
2026-10-01T12:03:32.276,1790820212.999,15,fuzzy_wokal_ebike,fuzzy,False,-37.90815144112011,145.1321435089422,True,1735.5269,1659.5430,1735.5269,1659.5430,1738.1714,1659.3373,1738.1714,1659.3373,-37.90815377,145.13217353,1736.1682,1659.4932,1272942443#1,0,,False,2.6525,27.571720,short=0.439 small=0.000 angle_diff=177.067 mode=following,,2.6525,2.6525,2.6525,0.081,5.151,5.151,7.4,13.64,
2026-10-01T12:03:32.276,1790820212.999,15,fuzzy_wkal_ebike,fuzzy,True,-37.90815144112011,145.1321435089422,True,1735.5269,1659.5430,1730.2951,1630.7566,1732.8451,1630.4443,1732.8451,1630.4443,-37.90841309,145.13210639,1732.8451,1630.4443,-1272942443#1,0,,False,2.5691,73.619395,short=0.472 small=1.000 angle_diff=0.401 mode=following,,29.2220,29.2220,2.5691,0.044,5.151,5.151,7.4,13.64,
2026-10-01T12:03:32.276,1790820212.999,15,hmm_wokal_ebike,hmm,False,-37.90815144112011,145.1321435089422,True,1735.5269,1659.5430,1735.5269,1659.5430,1736.1682,1659.4931,1736.1682,1659.4931,-37.90815201,145.13215079,1736.1682,1659.4931,-1272942443#1,0,,False,0.6432,0.000000,emission=-3.533 transition=1.465 sigma=13.641 num_candidates=5.000,,0.6432,0.6432,0.6432,39.655,5.151,5.151,7.4,13.64,
2026-10-01T12:03:32.276,1790820212.999,15,hmm_wkal_ebike,hmm,True,-37.90815144112011,145.1321435089422,True,1735.5269,1659.5430,1730.2951,1630.7566,1732.8451,1630.4443,1732.8451,1630.4443,-37.90841309,145.13210639,1732.8451,1630.4443,-1272942443#1,0,,False,2.5691,0.000000,emission=-3.550 transition=0.818 sigma=13.641 num_candidates=5.000,,29.2220,29.2220,2.5691,37.908,5.151,5.151,7.4,13.64,
2026-10-01T12:03:32.276,1790820212.999,15,st_wokal_ebike,st,False,-37.90815144112011,145.1321435089422,True,1735.5269,1659.5430,1735.5269,1659.5430,1736.1682,1659.4931,1736.1682,1659.4931,-37.90815201,145.13215079,1738.1714,1659.3372,-1272942443#1,0,,False,0.6432,-11.745469,obs=0.020 trans=1.000 fs=0.020 ft=1.000,8,0.6432,0.6432,0.6432,38.842,5.151,5.151,7.4,13.64,
2026-10-01T12:03:32.276,1790820212.999,15,st_wkal_ebike,st,True,-37.90815144112011,145.1321435089422,True,1735.5269,1659.5430,1730.2951,1630.7566,1732.8451,1630.4443,1732.8451,1630.4443,-37.90841309,145.13210639,1732.8451,1630.4443,-1272942443#1,0,,False,2.5691,-33.928550,obs=0.020 trans=1.000 fs=0.020 ft=1.000,8,29.2220,29.2220,2.5691,40.637,5.151,5.151,7.4,13.64,
2026-10-01T12:03:34.587,1790820214.999,16,native_wokal_ebike,native,False,-37.90805247958924,145.13214737338288,True,1735.6466,1670.5311,1735.6466,1670.5311,1734.7124,1670.3903,1734.7124,1670.3903,-37.90805358,145.13213672,1734.7124,1670.3903,-1272942443#1,0,65.5508,False,,,,,0.9448,0.9448,0.9448,17.061,5.210,5.210,7.2,13.91,
2026-10-01T12:03:34.587,1790820214.999,16,native_wkal_ebike,native,True,-37.90805247958924,145.13214737338288,True,1735.6466,1670.5311,1730.4329,1645.3640,1734.6089,1644.8492,1734.6089,1644.8492,-37.90828364,145.13212972,1734.6089,1644.8492,-1272942443#1,0,39.8143,False,,,,,25.7029,25.7029,4.2077,13.950,5.210,5.210,7.2,13.91,
2026-10-01T12:03:34.587,1790820214.999,16,topo_wokal_ebike,topo,False,-37.90805247958924,145.13214737338288,True,1735.6466,1670.5311,1735.6466,1670.5311,1734.7115,1670.3959,1734.7115,1670.3959,-37.90805353,145.13213671,1734.7115,1670.3959,-1272942443#1,0,,False,0.9448,0.993807,prox=0.998 head=0.982 conn=1.000 turn=1.000,,0.9448,0.9448,0.9448,37.659,5.210,5.210,7.2,13.91,
2026-10-01T12:03:34.587,1790820214.999,16,topo_wkal_ebike,topo,True,-37.90805247958924,145.13214737338288,True,1735.6466,1670.5311,1730.4329,1645.3640,1734.6093,1644.8526,1734.6093,1644.8526,-37.90828361,145.13212973,1734.6093,1644.8526,-1272942443#1,0,,False,4.2077,0.984567,prox=0.961 head=1.000 conn=1.000 turn=1.000,,25.6994,25.6994,4.2077,38.073,5.210,5.210,7.2,13.91,
2026-10-01T12:03:34.587,1790820214.999,16,fuzzy_wokal_ebike,fuzzy,False,-37.90805247958924,145.13214737338288,True,1735.6466,1670.5311,1735.6466,1670.5311,1736.6875,1670.6827,1736.6875,1670.6827,-37.90805130,145.13215924,1734.7114,1670.3970,1272942443#1,0,,False,1.0518,46.411289,short=0.910 small=0.000 angle_diff=164.519 mode=following,,1.0518,1.0518,1.0518,0.080,5.210,5.210,7.2,13.91,
2026-10-01T12:03:34.587,1790820214.999,16,fuzzy_wkal_ebike,fuzzy,True,-37.90805247958924,145.13214737338288,True,1735.6466,1670.5311,1730.4329,1645.3640,1734.6093,1644.8526,1734.6093,1644.8526,-37.90828361,145.13212973,1734.6093,1644.8526,-1272942443#1,0,,False,4.2077,53.054825,short=0.061 small=1.000 angle_diff=0.215 mode=following,,25.6994,25.6994,4.2077,0.051,5.210,5.210,7.2,13.91,
2026-10-01T12:03:34.587,1790820214.999,16,hmm_wokal_ebike,hmm,False,-37.90805247958924,145.13214737338288,True,1735.6466,1670.5311,1735.6466,1670.5311,1734.7115,1670.3959,1734.7115,1670.3959,-37.90805353,145.13213671,1734.7115,1670.3959,-1272942443#1,0,,False,0.9448,0.000000,emission=-3.554 transition=1.492 sigma=13.907 num_candidates=5.000,,0.9448,0.9448,0.9448,52.905,5.210,5.210,7.2,13.91,
2026-10-01T12:03:34.587,1790820214.999,16,hmm_wkal_ebike,hmm,True,-37.90805247958924,145.13214737338288,True,1735.6466,1670.5311,1730.4329,1645.3640,1734.6093,1644.8526,1734.6093,1644.8526,-37.90828361,145.13212973,1734.6093,1644.8526,-1272942443#1,0,,False,4.2077,0.000000,emission=-3.597 transition=1.148 sigma=13.907 num_candidates=5.000,,25.6994,25.6994,4.2077,74.178,5.210,5.210,7.2,13.91,
2026-10-01T12:03:34.587,1790820214.999,16,st_wokal_ebike,st,False,-37.90805247958924,145.13214737338288,True,1735.6466,1670.5311,1735.6466,1670.5311,1734.7115,1670.3959,1734.7115,1670.3959,-37.90805353,145.13213671,1736.6873,1670.6837,-1272942443#1,0,,False,0.9448,-33.270217,obs=0.020 trans=0.998 fs=0.020 ft=1.000,8,0.9448,0.9448,0.9448,68.279,5.210,5.210,7.2,13.91,
2026-10-01T12:03:34.587,1790820214.999,16,st_wkal_ebike,st,True,-37.90805247958924,145.13214737338288,True,1735.6466,1670.5311,1730.4329,1645.3640,1734.6093,1644.8526,1734.6093,1644.8526,-37.90828361,145.13212973,1734.6093,1644.8526,-1272942443#1,0,,False,4.2077,-33.597693,obs=0.020 trans=1.000 fs=0.020 ft=1.000,8,25.6994,25.6994,4.2077,47.961,5.210,5.210,7.2,13.91,
2026-10-01T12:03:36.997,1790820217.999,17,native_wokal_ebike,native,False,-37.90797428127081,145.13216836861906,True,1737.3186,1679.2454,1737.3186,1679.2454,1737.9595,1679.1425,1737.9595,1679.1425,-37.90797532,145.13217563,1735.9850,1679.4574,1272942443#1,0,27.2926,False,,,,,0.6490,0.6490,0.6490,20.811,3.883,3.883,359.6,14.90,
2026-10-01T12:03:36.997,1790820217.999,17,native_wkal_ebike,native,True,-37.90797428127081,145.13216836861906,True,1737.3186,1679.2454,1731.0596,1663.3463,1735.6357,1664.0025,1735.6357,1664.0025,-37.90811129,145.13214576,1735.6357,1664.0025,-1272942443#1,0,59.0967,False,,,,,15.3354,15.3354,4.6229,18.492,3.883,3.883,359.6,14.90,
2026-10-01T12:03:36.997,1790820217.999,17,topo_wokal_ebike,topo,False,-37.90797428127081,145.13216836861906,True,1737.3186,1679.2454,1737.3186,1679.2454,1735.9851,1679.4580,1735.9851,1679.4580,-37.90797213,145.13215326,1735.9851,1679.4580,-1272942443#1,0,,False,1.3504,0.996359,prox=0.996 head=0.993 conn=1.000 turn=1.000,,1.3504,1.3504,1.3504,38.157,3.883,3.883,359.6,14.90,
2026-10-01T12:03:36.997,1790820217.999,17,topo_wkal_ebike,topo,True,-37.90797428127081,145.13216836861906,True,1737.3186,1679.2454,1731.0596,1663.3463,1735.6350,1664.0077,1735.6350,1664.0077,-37.90811124,145.13214576,1735.6350,1664.0077,-1272942443#1,0,,False,4.6229,0.980037,prox=0.954 head=0.995 conn=1.000 turn=1.000,,15.3304,15.3304,4.6229,37.649,3.883,3.883,359.6,14.90,
2026-10-01T12:03:36.997,1790820217.999,17,fuzzy_wokal_ebike,fuzzy,False,-37.90797428127081,145.13216836861906,True,1737.3186,1679.2454,1737.3186,1679.2454,1737.9595,1679.1430,1737.9595,1679.1430,-37.90797532,145.13217563,1735.9851,1679.4579,1272942443#1,0,,False,0.6490,48.032278,short=0.951 small=0.000 angle_diff=170.568 mode=following,,0.6490,0.6490,0.6490,0.081,3.883,3.883,359.6,14.90,
2026-10-01T12:03:36.997,1790820217.999,17,fuzzy_wkal_ebike,fuzzy,True,-37.90797428127081,145.13216836861906,True,1737.3186,1679.2454,1731.0596,1663.3463,1735.6350,1664.0077,1735.6350,1664.0077,-37.90811124,145.13214576,1735.6350,1664.0077,-1272942443#1,0,,False,4.6229,51.619977,short=0.032 small=1.000 angle_diff=7.864 mode=following,,15.3304,15.3304,4.6229,0.060,3.883,3.883,359.6,14.90,
2026-10-01T12:03:36.997,1790820217.999,17,hmm_wokal_ebike,hmm,False,-37.90797428127081,145.13216836861906,True,1737.3186,1679.2454,1737.3186,1679.2454,1735.9851,1679.4580,1735.9851,1679.4580,-37.90797213,145.13215326,1735.9851,1679.4580,-1272942443#1,0,,False,1.3504,0.000000,emission=-3.624 transition=0.099 sigma=14.898 num_candidates=5.000,,1.3504,1.3504,1.3504,39.978,3.883,3.883,359.6,14.90,
2026-10-01T12:03:36.997,1790820217.999,17,hmm_wkal_ebike,hmm,True,-37.90797428127081,145.13216836861906,True,1737.3186,1679.2454,1731.0596,1663.3463,1735.6350,1664.0077,1735.6350,1664.0077,-37.90811124,145.13214576,1735.6350,1664.0077,-1272942443#1,0,,False,4.6229,0.000000,emission=-3.668 transition=-4.845 sigma=14.898 num_candidates=5.000,,15.3304,15.3304,4.6229,37.886,3.883,3.883,359.6,14.90,
2026-10-01T12:03:36.997,1790820217.999,17,st_wokal_ebike,st,False,-37.90797428127081,145.13216836861906,True,1737.3186,1679.2454,1737.3186,1679.2454,1735.9851,1679.4580,1735.9851,1679.4580,-37.90797213,145.13215326,1737.9595,1679.1428,-1272942443#1,0,,False,1.3504,-32.921428,obs=0.020 trans=0.967 fs=0.019 ft=1.000,8,1.3504,1.3504,1.3504,38.608,3.883,3.883,359.6,14.90,
2026-10-01T12:03:36.997,1790820217.999,17,st_wkal_ebike,st,True,-37.90797428127081,145.13216836861906,True,1737.3186,1679.2454,1731.0596,1663.3463,1735.6350,1664.0077,1735.6350,1664.0077,-37.90811124,145.13214576,1735.6350,1664.0077,-1272942443#1,0,,False,4.6229,-33.304222,obs=0.019 trans=0.933 fs=0.018 ft=1.000,8,15.3304,15.3304,4.6229,39.037,3.883,3.883,359.6,14.90,
2026-10-01T12:03:39.311,1790820219.999,18,native_wokal_ebike,native,False,-37.907885364591195,145.1321719355353,True,1737.4345,1689.1183,1737.4345,1689.1183,1737.5221,1689.0968,1737.5221,1689.0968,-37.90788557,145.13217293,1737.5221,1689.0968,-1272942443#1,0,84.4924,False,,,,,0.0901,0.0901,0.0901,20.060,4.550,4.550,4.1,16.18,
2026-10-01T12:03:39.311,1790820219.999,18,native_wkal_ebike,native,True,-37.907885364591195,145.1321719355353,True,1737.4345,1689.1183,1732.1389,1676.6577,1735.4533,1676.1229,1735.4533,1676.1229,-37.90800207,145.13214645,1735.4533,1676.1229,-1272942443#1,0,71.3546,False,,,,,13.1455,13.1455,3.3572,15.042,4.550,4.550,4.1,16.18,
2026-10-01T12:03:39.311,1790820219.999,18,topo_wokal_ebike,topo,False,-37.907885364591195,145.1321719355353,True,1737.4345,1689.1183,1737.4345,1689.1183,1737.5232,1689.1041,1737.5232,1689.1041,-37.90788551,145.13217294,1737.5232,1689.1041,-1272942443#1,0,,False,0.0898,0.999429,prox=1.000 head=0.998 conn=1.000 turn=1.000,,0.0898,0.0898,0.0898,50.385,4.550,4.550,4.1,16.18,
2026-10-01T12:03:39.311,1790820219.999,18,topo_wkal_ebike,topo,True,-37.907885364591195,145.1321719355353,True,1737.4345,1689.1183,1732.1389,1676.6577,1735.4543,1676.1291,1735.4543,1676.1291,-37.90800202,145.13214646,1735.4543,1676.1291,-1272942443#1,0,,False,3.3572,0.989542,prox=0.975 head=0.998 conn=1.000 turn=1.000,,13.1393,13.1393,3.3572,46.925,4.550,4.550,4.1,16.18,
2026-10-01T12:03:39.311,1790820219.999,18,fuzzy_wokal_ebike,fuzzy,False,-37.907885364591195,145.1321719355353,True,1737.4345,1689.1183,1737.4345,1689.1183,1739.4994,1688.7886,1739.4994,1688.7886,-37.90788871,145.13219534,1737.5232,1689.1038,1272942443#1,0,,False,2.0910,36.320281,short=0.658 small=0.000 angle_diff=175.021 mode=following,,2.0910,2.0910,2.0910,0.099,4.550,4.550,4.1,16.18,
2026-10-01T12:03:39.311,1790820219.999,18,fuzzy_wkal_ebike,fuzzy,True,-37.907885364591195,145.1321719355353,True,1737.4345,1689.1183,1732.1389,1676.6577,1735.4543,1676.1291,1735.4543,1676.1291,-37.90800202,145.13214646,1735.4543,1676.1291,-1272942443#1,0,,False,3.3572,60.118339,short=0.202 small=1.000 angle_diff=4.969 mode=following,,13.1393,13.1393,3.3572,0.080,4.550,4.550,4.1,16.18,
2026-10-01T12:03:39.311,1790820219.999,18,hmm_wokal_ebike,hmm,False,-37.907885364591195,145.1321719355353,True,1737.4345,1689.1183,1737.4345,1689.1183,1737.5232,1689.1041,1737.5232,1689.1041,-37.90788551,145.13217294,1737.5232,1689.1041,-1272942443#1,0,,False,0.0898,0.000000,emission=-3.703 transition=1.081 sigma=16.183 num_candidates=5.000,,0.0898,0.0898,0.0898,44.885,4.550,4.550,4.1,16.18,
2026-10-01T12:03:39.311,1790820219.999,18,hmm_wkal_ebike,hmm,True,-37.907885364591195,145.1321719355353,True,1737.4345,1689.1183,1732.1389,1676.6577,1735.4543,1676.1291,1735.4543,1676.1291,-37.90800202,145.13214646,1735.4543,1676.1291,-1272942443#1,0,,False,3.3572,0.000000,emission=-3.724 transition=-3.871 sigma=16.183 num_candidates=5.000,,13.1393,13.1393,3.3572,54.727,4.550,4.550,4.1,16.18,
2026-10-01T12:03:39.311,1790820219.999,18,st_wokal_ebike,st,False,-37.907885364591195,145.1321719355353,True,1737.4345,1689.1183,1737.4345,1689.1183,1737.5232,1689.1041,1737.5232,1689.1041,-37.90788551,145.13217294,1739.4994,1688.7887,-1272942443#1,0,,False,0.0898,-31.390883,obs=0.020 trans=1.000 fs=0.020 ft=1.000,8,0.0898,0.0898,0.0898,43.759,4.550,4.550,4.1,16.18,
2026-10-01T12:03:39.311,1790820219.999,18,st_wkal_ebike,st,True,-37.907885364591195,145.1321719355353,True,1737.4345,1689.1183,1732.1389,1676.6577,1735.4543,1676.1291,1735.4543,1676.1291,-37.90800202,145.13214646,1735.4543,1676.1291,-1272942443#1,0,,False,3.3572,-33.075227,obs=0.020 trans=1.000 fs=0.020 ft=1.000,8,13.1393,13.1393,3.3572,60.608,4.550,4.550,4.1,16.18,
2026-10-01T12:03:41.711,1790820221.999,19,native_wokal_ebike,native,False,-37.90781355254292,145.13219486620147,True,1739.2909,1697.1273,1739.2909,1697.1273,1738.8134,1697.1952,1738.8134,1697.1952,-37.90781285,145.13218945,1738.8134,1697.1952,-1272942443#1,0,92.6931,False,,,,,0.4823,0.4823,0.4823,21.352,4.147,4.147,14.2,17.50,
2026-10-01T12:03:41.711,1790820221.999,19,native_wkal_ebike,native,True,-37.90781355254292,145.13219486620147,True,1739.2909,1697.1273,1733.5108,1688.9232,1737.3945,1688.2965,1737.3945,1688.2965,-37.90789276,145.13217129,1737.3945,1688.2965,-1272942443#1,0,83.6820,False,,,,,9.0321,9.0321,3.9339,19.810,4.147,4.147,14.2,17.50,
2026-10-01T12:03:41.711,1790820221.999,19,topo_wokal_ebike,topo,False,-37.90781355254292,145.13219486620147,True,1739.2909,1697.1273,1739.2909,1697.1273,1738.8147,1697.2032,1738.8147,1697.2032,-37.90781278,145.13218947,1738.8147,1697.2032,-1272942443#1,0,,False,0.4822,0.999196,prox=0.999 head=0.998 conn=1.000 turn=1.000,,0.4822,0.4822,0.4822,43.825,4.147,4.147,14.2,17.50,
2026-10-01T12:03:41.711,1790820221.999,19,topo_wkal_ebike,topo,True,-37.90781355254292,145.13219486620147,True,1739.2909,1697.1273,1733.5108,1688.9232,1737.3956,1688.3037,1737.3956,1688.3037,-37.90789270,145.13217131,1737.3956,1688.3037,-1272942443#1,0,,False,3.9339,0.985881,prox=0.966 head=0.998 conn=1.000 turn=1.000,,9.0248,9.0248,3.9339,40.529,4.147,4.147,14.2,17.50,
2026-10-01T12:03:41.711,1790820221.999,19,fuzzy_wokal_ebike,fuzzy,False,-37.90781355254292,145.13219486620147,True,1739.2909,1697.1273,1739.2909,1697.1273,1740.7923,1696.8876,1740.7923,1696.8876,-37.90781598,145.13221188,1738.8147,1697.2030,1272942443#1,0,,False,1.5204,43.096232,short=0.827 small=0.000 angle_diff=174.896 mode=following,,1.5204,1.5204,1.5204,0.079,4.147,4.147,14.2,17.50,
2026-10-01T12:03:41.711,1790820221.999,19,fuzzy_wkal_ebike,fuzzy,True,-37.90781355254292,145.13219486620147,True,1739.2909,1697.1273,1733.5108,1688.9232,1737.3956,1688.3037,1737.3956,1688.3037,-37.90789270,145.13217131,1737.3956,1688.3037,-1272942443#1,0,,False,3.9339,54.580380,short=0.092 small=1.000 angle_diff=5.114 mode=following,,9.0248,9.0248,3.9339,0.074,4.147,4.147,14.2,17.50,
2026-10-01T12:03:41.711,1790820221.999,19,hmm_wokal_ebike,hmm,False,-37.90781355254292,145.13219486620147,True,1739.2909,1697.1273,1739.2909,1697.1273,1738.8147,1697.2032,1738.8147,1697.2032,-37.90781278,145.13218947,1738.8147,1697.2032,-1272942443#1,0,,False,0.4822,0.000000,emission=-3.782 transition=1.510 sigma=17.503 num_candidates=5.000,,0.4822,0.4822,0.4822,90.689,4.147,4.147,14.2,17.50,
2026-10-01T12:03:41.711,1790820221.999,19,hmm_wkal_ebike,hmm,True,-37.90781355254292,145.13219486620147,True,1739.2909,1697.1273,1733.5108,1688.9232,1737.3956,1688.3037,1737.3956,1688.3037,-37.90789270,145.13217131,1737.3956,1688.3037,-1272942443#1,0,,False,3.9339,0.000000,emission=-3.807 transition=1.542 sigma=17.503 num_candidates=5.000,,9.0248,9.0248,3.9339,37.720,4.147,4.147,14.2,17.50,
2026-10-01T12:03:41.711,1790820221.999,19,st_wokal_ebike,st,False,-37.90781355254292,145.13219486620147,True,1739.2909,1697.1273,1739.2909,1697.1273,1738.8147,1697.2032,1738.8147,1697.2032,-37.90781278,145.13218947,1740.7923,1696.8875,-1272942443#1,0,,False,0.4822,-31.376943,obs=0.020 trans=1.000 fs=0.020 ft=1.000,8,0.4822,0.4822,0.4822,87.789,4.147,4.147,14.2,17.50,
2026-10-01T12:03:41.711,1790820221.999,19,st_wkal_ebike,st,True,-37.90781355254292,145.13219486620147,True,1739.2909,1697.1273,1733.5108,1688.9232,1737.3956,1688.3037,1737.3956,1688.3037,-37.90789270,145.13217131,1737.3956,1688.3037,-1272942443#1,0,,False,3.9339,-31.507521,obs=0.020 trans=1.000 fs=0.020 ft=1.000,8,9.0248,9.0248,3.9339,43.527,4.147,4.147,14.2,17.50,
2026-10-01T12:03:44.169,1790820224.999,20,native_wokal_ebike,native,False,-37.90772075063844,145.13224012194954,True,1743.0634,1707.5048,1743.0634,1707.5048,1743.2400,1707.4427,1743.2400,1707.4427,-37.90772134,145.13224212,1743.2400,1707.4427,:9237673999_0,0,3.3172,True,,,,,0.1872,0.1872,0.1872,21.137,2.367,2.367,27.7,17.97,
2026-10-01T12:03:44.169,1790820224.999,20,native_wkal_ebike,native,True,-37.90772075063844,145.13224012194954,True,1743.0634,1707.5048,1735.9697,1705.0013,1739.9554,1704.3569,1739.9554,1704.3569,-37.90774855,145.13220407,1739.9554,1704.3569,-1272942443#1,0,99.9453,False,,,,,4.4237,4.4237,4.0375,14.013,2.367,2.367,27.7,17.97,
2026-10-01T12:03:44.169,1790820224.999,20,topo_wokal_ebike,topo,False,-37.90772075063844,145.13224012194954,True,1743.0634,1707.5048,1743.0634,1707.5048,1740.8100,1706.7600,1740.8100,1706.7600,-37.90772705,145.13221433,1740.8096,1706.7591,-1272942443#1,0,,False,0.8783,0.998767,prox=0.998 head=0.998 conn=1.000 turn=1.000,,2.3733,2.3733,2.3733,39.009,2.367,2.367,27.7,17.97,
2026-10-01T12:03:44.169,1790820224.999,20,topo_wkal_ebike,topo,True,-37.90772075063844,145.13224012194954,True,1743.0634,1707.5048,1735.9697,1705.0013,1739.9568,1704.3655,1739.9568,1704.3655,-37.90774847,145.13220409,1739.9568,1704.3655,-1272942443#1,0,,False,4.0375,0.977923,prox=0.964 head=0.974 conn=1.000 turn=1.000,,4.4166,4.4166,4.0375,37.889,2.367,2.367,27.7,17.97,
2026-10-01T12:03:44.169,1790820224.999,20,fuzzy_wokal_ebike,fuzzy,False,-37.90772075063844,145.13224012194954,True,1743.0634,1707.5048,1743.0634,1707.5048,1742.6600,1705.9800,1742.6600,1705.9800,-37.90773441,145.13223519,1740.8089,1706.7573,1272942443#1,0,,False,1.5772,42.561283,short=0.814 small=0.000 angle_diff=175.176 mode=entering_pending,,1.5772,1.5772,1.5772,0.208,2.367,2.367,27.7,17.97,
2026-10-01T12:03:44.169,1790820224.999,20,fuzzy_wkal_ebike,fuzzy,True,-37.90772075063844,145.13224012194954,True,1743.0634,1707.5048,1735.9697,1705.0013,1739.9568,1704.3655,1739.9568,1704.3655,-37.90774847,145.13220409,1739.9568,1704.3655,-1272942443#1,0,,False,4.0375,53.935657,short=0.079 small=1.000 angle_diff=18.614 mode=confirmed,,4.4166,4.4166,4.0375,0.194,2.367,2.367,27.7,17.97,
2026-10-01T12:03:44.169,1790820224.999,20,hmm_wokal_ebike,hmm,False,-37.90772075063844,145.13224012194954,True,1743.0634,1707.5048,1743.0634,1707.5048,1740.8100,1706.7600,1740.8100,1706.7600,-37.90772705,145.13221433,1740.8096,1706.7591,-1272942443#1,0,,False,0.8783,0.000000,emission=-3.809 transition=-4.561 sigma=17.970 num_candidates=5.000,,2.3733,2.3733,2.3733,57.072,2.367,2.367,27.7,17.97,
2026-10-01T12:03:44.169,1790820224.999,20,hmm_wkal_ebike,hmm,True,-37.90772075063844,145.13224012194954,True,1743.0634,1707.5048,1735.9697,1705.0013,1739.9568,1704.3655,1739.9568,1704.3655,-37.90774847,145.13220409,1739.9568,1704.3655,-1272942443#1,0,,False,4.0375,0.000000,emission=-3.833 transition=1.608 sigma=17.970 num_candidates=5.000,,4.4166,4.4166,4.0375,82.052,2.367,2.367,27.7,17.97,
2026-10-01T12:03:44.169,1790820224.999,20,st_wokal_ebike,st,False,-37.90772075063844,145.13224012194954,True,1743.0634,1707.5048,1743.0634,1707.5048,1742.6600,1705.9800,1742.6600,1705.9800,-37.90773441,145.13223519,1742.6600,1705.9800,1272942443#1,0,,False,0.5202,-31.358469,obs=0.020 trans=1.000 fs=0.020 ft=1.000,8,1.5772,1.5772,1.5772,57.308,2.367,2.367,27.7,17.97,
2026-10-01T12:03:44.169,1790820224.999,20,st_wkal_ebike,st,True,-37.90772075063844,145.13224012194954,True,1743.0634,1707.5048,1735.9697,1705.0013,1739.9568,1704.3655,1739.9568,1704.3655,-37.90774847,145.13220409,1739.9568,1704.3655,-1272942443#1,0,,False,4.0375,-31.509251,obs=0.020 trans=1.000 fs=0.020 ft=1.000,8,4.4166,4.4166,4.0375,97.798,2.367,2.367,27.7,17.97,
2026-10-01T12:03:46.638,1790820226.999,21,native_wokal_ebike,native,False,-37.90764941876619,145.13224401995078,True,1743.2475,1715.4270,1743.2475,1715.4270,1743.3071,1715.4066,1743.3071,1715.4066,-37.90764961,145.13224469,1743.3071,1715.4066,-1272942443#0,0,4.4248,False,,,,,0.0630,0.0630,0.0630,21.596,3.295,3.295,354.0,17.86,
2026-10-01T12:03:46.638,1790820226.999,21,native_wkal_ebike,native,True,-37.90764941876619,145.13224401995078,True,1743.2475,1715.4270,1738.1927,1715.2905,1738.5887,1714.7950,1738.5887,1714.7950,-37.90765427,145.13219091,1737.0300,1716.1000,1013649078#1,0,2.2968,False,,,,,4.7015,4.7015,0.6343,15.509,3.295,3.295,354.0,17.86,
2026-10-01T12:03:46.638,1790820226.999,21,topo_wokal_ebike,topo,False,-37.90764941876619,145.13224401995078,True,1743.2475,1715.4270,1743.2475,1715.4270,1743.3083,1715.4114,1743.3083,1715.4114,-37.90764957,145.13224471,1743.3083,1715.4114,-1272942443#0,0,,False,0.0628,0.970651,prox=1.000 head=0.969 conn=0.900 turn=1.000,,0.0628,0.0628,0.0628,45.718,3.295,3.295,354.0,17.86,
2026-10-01T12:03:46.638,1790820226.999,21,topo_wkal_ebike,topo,True,-37.90764941876619,145.13224401995078,True,1743.2475,1715.4270,1738.1927,1715.2905,1742.9648,1714.0692,1742.9648,1714.0692,-37.90766160,145.13224050,1742.9648,1714.0692,-1272942443#0,0,,False,4.9259,0.949657,prox=0.948 head=0.969 conn=0.900 turn=1.000,,1.3869,1.3869,4.9259,40.086,3.295,3.295,354.0,17.86,
2026-10-01T12:03:46.638,1790820226.999,21,fuzzy_wokal_ebike,fuzzy,False,-37.90764941876619,145.13224401995078,True,1743.2475,1715.4270,1743.2475,1715.4270,1740.8100,1706.7600,1740.8100,1706.7600,-37.90772705,145.13221433,1740.8096,1706.7591,-1272942443#1,0,,False,9.0032,46.248752,short=0.000 small=0.906 angle_diff=28.753 mode=confirmed,,9.0032,9.0032,9.0032,0.191,3.295,3.295,354.0,17.86,
2026-10-01T12:03:46.638,1790820226.999,21,fuzzy_wkal_ebike,fuzzy,True,-37.90764941876619,145.13224401995078,True,1743.2475,1715.4270,1738.1927,1715.2905,1740.8100,1706.7600,1740.8100,1706.7600,-37.90772705,145.13221433,1740.8096,1706.7591,-1272942443#1,0,,False,8.9230,46.248991,short=0.000 small=0.906 angle_diff=28.753 mode=entering_pending,,9.0032,9.0032,8.9230,0.216,3.295,3.295,354.0,17.86,
2026-10-01T12:03:46.638,1790820226.999,21,hmm_wokal_ebike,hmm,False,-37.90764941876619,145.13224401995078,True,1743.2475,1715.4270,1743.2475,1715.4270,1745.2463,1714.9157,1745.2463,1714.9157,-37.90765439,145.13226663,1745.2463,1714.9157,996237862#1,0,,False,2.0632,0.000000,emission=-3.808 transition=-3.081 sigma=17.860 num_candidates=5.000,,2.0632,2.0632,2.0632,111.051,3.295,3.295,354.0,17.86,
2026-10-01T12:03:46.638,1790820226.999,21,hmm_wkal_ebike,hmm,True,-37.90764941876619,145.13224401995078,True,1743.2475,1715.4270,1738.1927,1715.2905,1738.0800,1722.4500,1738.0800,1722.4500,-37.90758522,145.13218687,1738.0800,1722.4500,-1013649078#0,0,,False,4.4321,0.000000,emission=-3.832 transition=-2.344 sigma=17.860 num_candidates=5.000,,8.7193,8.7193,7.1604,111.254,3.295,3.295,354.0,17.86,
2026-10-01T12:03:46.638,1790820226.999,21,st_wokal_ebike,st,False,-37.90764941876619,145.13224401995078,True,1743.2475,1715.4270,1743.2475,1715.4270,1743.3083,1715.4114,1743.3083,1715.4114,-37.90764957,145.13224471,1743.3083,1715.4114,-1272942443#0,0,,False,0.0628,-31.358369,obs=0.020 trans=1.000 fs=0.020 ft=1.000,8,0.0628,0.0628,0.0628,121.584,3.295,3.295,354.0,17.86,
2026-10-01T12:03:46.638,1790820226.999,21,st_wkal_ebike,st,True,-37.90764941876619,145.13224401995078,True,1743.2475,1715.4270,1738.1927,1715.2905,1738.0800,1722.4500,1738.0800,1722.4500,-37.90758522,145.13218687,1738.0800,1722.4500,-1013649078#0,0,,False,4.4321,-31.580293,obs=0.019 trans=1.000 fs=0.019 ft=0.944,8,8.7193,8.7193,7.1604,119.104,3.295,3.295,354.0,17.86,
2026-10-01T12:03:49.288,1790820229.999,22,native_wokal_ebike,native,False,-37.90759332444733,145.13224255883267,True,1742.9944,1721.6489,1742.9944,1721.6489,1743.1351,1722.5741,1743.1351,1722.5741,-37.90758502,145.13224437,1743.1351,1722.5741,:cluster_11820724987_9351956751_11,0,1.4918,True,,,,,0.9358,0.9358,0.9358,20.463,2.149,2.149,336.9,17.33,
2026-10-01T12:03:49.288,1790820229.999,22,native_wkal_ebike,native,True,-37.90759332444733,145.13224255883267,True,1742.9944,1721.6489,1740.3247,1727.7688,1740.1344,1726.2200,1740.1344,1726.2200,-37.90755163,145.13221108,1740.1344,1726.2200,:cluster_11820724987_9351956751_2,0,9.4571,True,,,,,5.3921,5.3921,1.5604,22.534,2.149,2.149,336.9,17.33,
2026-10-01T12:03:49.288,1790820229.999,22,topo_wokal_ebike,topo,False,-37.90759332444733,145.13224255883267,True,1742.9944,1721.6489,1742.9944,1721.6489,1743.6100,1716.5900,1743.6100,1716.5900,-37.90763901,145.13224841,1743.6098,1716.5890,-1272942443#0,0,,False,3.3745,0.959135,prox=0.975 head=0.897 conn=1.000 turn=1.000,,5.0962,5.0962,5.0962,38.763,2.149,2.149,336.9,17.33,
2026-10-01T12:03:49.288,1790820229.999,22,topo_wkal_ebike,topo,True,-37.90759332444733,145.13224255883267,True,1742.9944,1721.6489,1740.3247,1727.7688,1744.6100,1722.3500,1744.6100,1722.3500,-37.90758730,145.13226109,1744.6098,1722.3490,-996237862#0,0,,False,2.9700,0.949519,prox=0.981 head=0.924 conn=0.900 turn=1.000,,1.7612,1.7612,6.9085,39.497,2.149,2.149,336.9,17.33,
2026-10-01T12:03:49.288,1790820229.999,22,fuzzy_wokal_ebike,fuzzy,False,-37.90759332444733,145.13224255883267,True,1742.9944,1721.6489,1742.9944,1721.6489,1740.8100,1706.7600,1740.8100,1706.7600,-37.90772705,145.13221433,1740.8096,1706.7591,-1272942443#1,0,,False,15.0483,29.158754,short=0.000 small=0.479 angle_diff=45.841 mode=entering_pending,,15.0483,15.0483,15.0483,0.428,2.149,2.149,336.9,17.33,
2026-10-01T12:03:49.288,1790820229.999,22,fuzzy_wkal_ebike,fuzzy,True,-37.90759332444733,145.13224255883267,True,1742.9944,1721.6489,1740.3247,1727.7688,1743.6100,1716.5900,1743.6100,1716.5900,-37.90763901,145.13224841,1743.6098,1716.5890,-1272942443#0,0,,False,11.6515,37.579620,short=0.000 small=0.689 angle_diff=37.420 mode=confirmed,,5.0962,5.0962,11.6515,0.150,2.149,2.149,336.9,17.33,
2026-10-01T12:03:49.288,1790820229.999,22,hmm_wokal_ebike,hmm,False,-37.90759332444733,145.13224255883267,True,1742.9944,1721.6489,1742.9944,1721.6489,1744.5100,1721.7100,1744.5100,1721.7100,-37.90759305,145.13225980,1744.5100,1721.7100,-996237862#0,0,,False,1.5169,0.000000,emission=-3.775 transition=-17.623 sigma=17.330 num_candidates=5.000,,1.5169,1.5169,1.5169,59.077,2.149,2.149,336.9,17.33,
2026-10-01T12:03:49.288,1790820229.999,22,hmm_wkal_ebike,hmm,True,-37.90759332444733,145.13224255883267,True,1742.9944,1721.6489,1740.3247,1727.7688,1736.1700,1726.7100,1736.1700,1726.7100,-37.90754650,145.13216612,1736.1700,1726.7100,1209653411,0,,False,1.1858,0.000000,emission=-3.774 transition=-57.236 sigma=17.330 num_candidates=5.000,,8.4963,8.4963,4.2874,38.507,2.149,2.149,336.9,17.33,
2026-10-01T12:03:49.288,1790820229.999,22,st_wokal_ebike,st,False,-37.90759332444733,145.13224255883267,True,1742.9944,1721.6489,1742.9944,1721.6489,1744.5100,1721.7100,1744.5100,1721.7100,-37.90759305,145.13225980,1744.5100,1721.7100,-996237862#0,0,,False,1.5169,-31.361037,obs=0.020 trans=1.000 fs=0.020 ft=1.000,8,1.5169,1.5169,1.5169,89.147,2.149,2.149,336.9,17.33,
2026-10-01T12:03:49.288,1790820229.999,22,st_wkal_ebike,st,True,-37.90759332444733,145.13224255883267,True,1742.9944,1721.6489,1740.3247,1727.7688,1738.2200,1723.3200,1738.2200,1723.3200,-37.90757741,145.13218866,1738.2198,1723.3190,-1013649078#0,0,,False,2.5423,-31.587947,obs=0.020 trans=1.000 fs=0.020 ft=1.000,8,5.0584,5.0584,4.9215,44.847,2.149,2.149,336.9,17.33,
2026-10-01T12:03:51.707,1790820231.999,23,native_wokal_ebike,native,False,-37.90757218151795,145.1322216579689,True,1741.1098,1723.9582,1741.1098,1723.9582,1741.0669,1724.0951,1741.0669,1724.0951,-37.90757094,145.13222120,1741.0669,1724.0951,:cluster_11820724987_9351956751_1,0,8.4859,True,,,,,0.1435,0.1435,0.1435,19.102,1.527,1.527,313.2,17.11,
2026-10-01T12:03:51.707,1790820231.999,23,native_wkal_ebike,native,True,-37.90757218151795,145.1322216579689,True,1741.1098,1723.9582,1741.1016,1733.3751,1741.0554,1733.0342,1741.0554,1733.0342,-37.90749041,145.13222311,1741.0554,1733.0342,1209653412#1,0,12.5908,False,,,,,9.0761,9.0761,0.3440,16.873,1.527,1.527,313.2,17.11,
2026-10-01T12:03:51.707,1790820231.999,23,topo_wokal_ebike,topo,False,-37.90757218151795,145.1322216579689,True,1741.1098,1723.9582,1741.1098,1723.9582,1744.6100,1722.3500,1744.6100,1722.3500,-37.90758730,145.13226109,1744.6098,1722.3490,-996237862#0,0,,False,2.6874,0.908198,prox=0.984 head=0.782 conn=0.900 turn=1.000,,3.8520,3.8520,3.8520,43.308,1.527,1.527,313.2,17.11,
2026-10-01T12:03:51.707,1790820231.999,23,topo_wkal_ebike,topo,True,-37.90757218151795,145.1322216579689,True,1741.1098,1723.9582,1741.1016,1733.3751,1736.1700,1726.7100,1736.1700,1726.7100,-37.90754650,145.13216612,1736.1700,1726.7100,1209653411,0,,False,6.8133,0.911310,prox=0.902 head=0.902 conn=0.900 turn=1.000,,5.6545,5.6545,8.2912,41.072,1.527,1.527,313.2,17.11,
2026-10-01T12:03:51.707,1790820231.999,23,fuzzy_wokal_ebike,fuzzy,False,-37.90757218151795,145.1322216579689,True,1741.1098,1723.9582,1741.1098,1723.9582,1743.6100,1716.5900,1743.6100,1716.5900,-37.90763901,145.13224841,1743.6098,1716.5890,-1272942443#0,0,,False,7.7808,13.868027,short=0.000 small=0.096 angle_diff=61.158 mode=confirmed,,7.7808,7.7808,7.7808,0.190,1.527,1.527,313.2,17.11,
2026-10-01T12:03:51.707,1790820231.999,23,fuzzy_wkal_ebike,fuzzy,True,-37.90757218151795,145.1322216579689,True,1741.1098,1723.9582,1741.1016,1733.3751,1743.6100,1716.5900,1743.6100,1716.5900,-37.90763901,145.13224841,1743.6098,1716.5890,-1272942443#0,0,,False,16.9715,13.841864,short=0.000 small=0.096 angle_diff=61.158 mode=entering_pending,,7.7808,7.7808,16.9715,0.125,1.527,1.527,313.2,17.11,
2026-10-01T12:03:51.707,1790820231.999,23,hmm_wokal_ebike,hmm,False,-37.90757218151795,145.1322216579689,True,1741.1098,1723.9582,1741.1098,1723.9582,1738.2200,1723.3200,1738.2200,1723.3200,-37.90757741,145.13218866,1738.2198,1723.3190,-1013649078#0,0,,False,1.0666,0.000000,emission=-3.761 transition=-1.138 sigma=17.114 num_candidates=5.000,,2.9594,2.9594,2.9594,41.644,1.527,1.527,313.2,17.11,
2026-10-01T12:03:51.707,1790820231.999,23,hmm_wkal_ebike,hmm,True,-37.90757218151795,145.1322216579689,True,1741.1098,1723.9582,1741.1016,1733.3751,1736.1700,1726.7100,1736.1700,1726.7100,-37.90754650,145.13216612,1736.1700,1726.7100,1209653411,0,,False,6.8133,0.000000,emission=-3.838 transition=-17.690 sigma=17.114 num_candidates=5.000,,5.6545,5.6545,8.2912,44.197,1.527,1.527,313.2,17.11,
2026-10-01T12:03:51.707,1790820231.999,23,st_wokal_ebike,st,False,-37.90757218151795,145.1322216579689,True,1741.1098,1723.9582,1741.1098,1723.9582,1744.6100,1722.3500,1744.6100,1722.3500,-37.90758730,145.13226109,1744.6098,1722.3490,-996237862#0,0,,False,2.6874,-31.367414,obs=0.020 trans=1.000 fs=0.020 ft=1.000,8,3.8520,3.8520,3.8520,42.778,1.527,1.527,313.2,17.11,
2026-10-01T12:03:51.707,1790820231.999,23,st_wkal_ebike,st,True,-37.90757218151795,145.1322216579689,True,1741.1098,1723.9582,1741.1016,1733.3751,1738.2200,1723.3200,1738.2200,1723.3200,-37.90757741,145.13218866,1738.2198,1723.3190,-1013649078#0,0,,False,7.1350,-31.645667,obs=0.019 trans=1.000 fs=0.019 ft=1.000,8,2.9594,2.9594,10.4598,44.351,1.527,1.527,313.2,17.11,
2026-10-01T12:03:54.064,1790820234.999,24,native_wokal_ebike,native,False,-37.907540442461766,145.13210890781005,True,1731.1263,1727.2815,1731.1263,1727.2815,1731.1262,1727.2988,1731.1262,1727.2988,-37.90754029,145.13210891,1731.1262,1727.2988,1209653411,0,5.0781,False,,,,,0.0172,0.0172,0.0172,21.030,3.718,3.718,284.2,16.34,
2026-10-01T12:03:54.064,1790820234.999,24,native_wkal_ebike,native,True,-37.907540442461766,145.13210890781005,True,1731.1263,1727.2815,1738.3921,1740.2329,1737.4903,1733.5124,1737.4903,1733.5124,-37.90748546,145.13218268,1737.4903,1733.5124,1209653412#1,0,8.9939,False,,,,,8.9064,8.9064,6.7807,16.565,3.718,3.718,284.2,16.34,
2026-10-01T12:03:54.064,1790820234.999,24,topo_wokal_ebike,topo,False,-37.907540442461766,145.13210890781005,True,1731.1263,1727.2815,1731.1263,1727.2815,1731.1283,1727.2985,1731.1283,1727.2985,-37.90754029,145.13210893,1731.1283,1727.2985,1209653411,0,,False,0.0171,0.978715,prox=1.000 head=0.996 conn=0.900 turn=1.000,,0.0171,0.0171,0.0171,40.824,3.718,3.718,284.2,16.34,
2026-10-01T12:03:54.064,1790820234.999,24,topo_wkal_ebike,topo,True,-37.907540442461766,145.13210890781005,True,1731.1263,1727.2815,1738.3921,1740.2329,1736.1700,1726.7100,1736.1700,1726.7100,-37.90754650,145.13216612,1736.1700,1726.7100,1209653411,0,,False,13.5847,0.864150,prox=0.664 head=0.996 conn=1.000 turn=1.000,,5.0759,5.0759,13.7042,42.950,3.718,3.718,284.2,16.34,
2026-10-01T12:03:54.064,1790820234.999,24,fuzzy_wokal_ebike,fuzzy,False,-37.907540442461766,145.13210890781005,True,1731.1263,1727.2815,1731.1263,1727.2815,1743.6100,1716.5900,1743.6100,1716.5900,-37.90763901,145.13224841,1743.6098,1716.5890,-1272942443#0,0,,False,16.4362,10.000000,short=0.000 small=0.000 angle_diff=90.195 mode=entering_pending,,16.4362,16.4362,16.4362,0.137,3.718,3.718,284.2,16.34,
2026-10-01T12:03:54.064,1790820234.999,24,fuzzy_wkal_ebike,fuzzy,True,-37.907540442461766,145.13210890781005,True,1731.1263,1727.2815,1738.3921,1740.2329,1744.6100,1722.3500,1744.6100,1722.3500,-37.90758730,145.13226109,1744.6098,1722.3490,-996237862#0,0,,False,18.9330,10.000000,short=0.000 small=0.000 angle_diff=84.719 mode=confirmed,,14.3572,14.3572,18.9330,0.126,3.718,3.718,284.2,16.34,
2026-10-01T12:03:54.064,1790820234.999,24,hmm_wokal_ebike,hmm,False,-37.907540442461766,145.13210890781005,True,1731.1263,1727.2815,1731.1263,1727.2815,1731.1283,1727.2985,1731.1283,1727.2985,-37.90754029,145.13210893,1731.1283,1727.2985,1209653411,0,,False,0.0171,0.000000,emission=-3.713 transition=-16.621 sigma=16.339 num_candidates=5.000,,0.0171,0.0171,0.0171,144.132,3.718,3.718,284.2,16.34,
2026-10-01T12:03:54.064,1790820234.999,24,hmm_wkal_ebike,hmm,True,-37.907540442461766,145.13210890781005,True,1731.1263,1727.2815,1738.3921,1740.2329,1736.1700,1726.7100,1736.1700,1726.7100,-37.90754650,145.13216612,1736.1700,1726.7100,1209653411,0,,False,13.5847,0.000000,emission=-4.058 transition=-35.259 sigma=16.339 num_candidates=5.000,,5.0759,5.0759,13.7042,117.183,3.718,3.718,284.2,16.34,
2026-10-01T12:03:54.064,1790820234.999,24,st_wokal_ebike,st,False,-37.907540442461766,145.13210890781005,True,1731.1263,1727.2815,1731.1263,1727.2815,1731.1283,1727.2985,1731.1283,1727.2985,-37.90754029,145.13210893,1731.1283,1727.2985,1209653411,0,,False,0.0171,-31.416255,obs=0.020 trans=1.000 fs=0.020 ft=0.949,8,0.0171,0.0171,0.0171,163.200,3.718,3.718,284.2,16.34,
2026-10-01T12:03:54.064,1790820234.999,24,st_wkal_ebike,st,True,-37.907540442461766,145.13210890781005,True,1731.1263,1727.2815,1738.3921,1740.2329,1736.1700,1726.7100,1736.1700,1726.7100,-37.90754650,145.13216612,1736.1700,1726.7100,1209653411,0,,False,13.5847,-31.837491,obs=0.016 trans=1.000 fs=0.016 ft=0.949,8,5.0759,5.0759,13.7042,113.034,3.718,3.718,284.2,16.34,
2026-10-01T12:03:56.766,1790820236.999,25,native_wokal_ebike,native,False,-37.90752896665894,145.13200434076003,True,1721.9074,1728.3707,1721.9074,1728.3707,1721.9055,1728.3560,1721.9055,1728.3560,-37.90752910,145.13200432,1721.9055,1728.3560,:cluster_579289_605155831_9106614572_9106614573_#2more_0,0,5.9928,True,,,,,0.0149,0.0149,0.0149,22.724,4.562,4.562,276.1,15.61,
2026-10-01T12:03:56.766,1790820236.999,25,native_wkal_ebike,native,True,-37.90752896665894,145.13200434076003,True,1721.9074,1728.3707,1732.9213,1741.5781,1732.1667,1734.2011,1732.1667,1734.2011,-37.90747830,145.13212231,1732.1667,1734.2011,1209653412#1,0,3.6255,False,,,,,11.8003,11.8003,7.4154,15.710,4.562,4.562,276.1,15.61,
2026-10-01T12:03:56.766,1790820236.999,25,topo_wokal_ebike,topo,False,-37.90752896665894,145.13200434076003,True,1721.9074,1728.3707,1721.9074,1728.3707,1727.8600,1727.6800,1727.8600,1727.6800,-37.90753626,145.13207186,1727.8610,1727.6799,1209653411,0,,False,3.0135,0.992001,prox=0.980 head=1.000 conn=1.000 turn=1.000,,5.9925,5.9925,5.9925,37.515,4.562,4.562,276.1,15.61,
2026-10-01T12:03:56.766,1790820236.999,25,topo_wkal_ebike,topo,True,-37.90752896665894,145.13200434076003,True,1721.9074,1728.3707,1732.9213,1741.5781,1731.2528,1727.2840,1731.2528,1727.2840,-37.90754044,145.13211035,1731.2528,1727.2840,1209653411,0,,False,14.1598,0.856180,prox=0.640 head=1.000 conn=1.000 turn=1.000,,9.4084,9.4084,14.3912,43.990,4.562,4.562,276.1,15.61,
2026-10-01T12:03:56.766,1790820236.999,25,fuzzy_wokal_ebike,fuzzy,False,-37.90752896665894,145.13200434076003,True,1721.9074,1728.3707,1721.9074,1728.3707,1744.6100,1722.3500,1744.6100,1722.3500,-37.90758730,145.13226109,1744.6098,1722.3490,-996237862#0,0,,False,23.4874,10.000000,short=0.000 small=0.000 angle_diff=92.789 mode=confirmed,,23.4874,23.4874,23.4874,0.139,4.562,4.562,276.1,15.61,
2026-10-01T12:03:56.766,1790820236.999,25,fuzzy_wkal_ebike,fuzzy,True,-37.90752896665894,145.13200434076003,True,1721.9074,1728.3707,1732.9213,1741.5781,1744.6100,1722.3500,1744.6100,1722.3500,-37.90758730,145.13226109,1744.6098,1722.3490,-996237862#0,0,,False,22.5021,10.000000,short=0.000 small=0.000 angle_diff=92.789 mode=entering_pending,,23.4874,23.4874,22.5021,0.177,4.562,4.562,276.1,15.61,
2026-10-01T12:03:56.766,1790820236.999,25,hmm_wokal_ebike,hmm,False,-37.90752896665894,145.13200434076003,True,1721.9074,1728.3707,1721.9074,1728.3707,1727.8600,1727.6800,1727.8600,1727.6800,-37.90753626,145.13207186,1727.8610,1727.6799,1209653411,0,,False,3.0135,0.000000,emission=-3.686 transition=-28.353 sigma=15.613 num_candidates=5.000,,5.9925,5.9925,5.9925,55.095,4.562,4.562,276.1,15.61,
2026-10-01T12:03:56.766,1790820236.999,25,hmm_wkal_ebike,hmm,True,-37.90752896665894,145.13200434076003,True,1721.9074,1728.3707,1732.9213,1741.5781,1732.1669,1734.2011,1732.1669,1734.2011,-37.90747830,145.13212231,1732.1669,1734.2011,1209653412#1,0,,False,7.4154,0.000000,emission=-3.780 transition=0.283 sigma=15.613 num_candidates=5.000,,11.8004,11.8004,7.4154,108.461,4.562,4.562,276.1,15.61,
2026-10-01T12:03:56.766,1790820236.999,25,st_wokal_ebike,st,False,-37.90752896665894,145.13200434076003,True,1721.9074,1728.3707,1721.9074,1728.3707,1727.8600,1727.6800,1727.8600,1727.6800,-37.90753626,145.13207186,1727.8610,1727.6799,1209653411,0,,False,3.0135,-31.425327,obs=0.020 trans=1.000 fs=0.020 ft=1.000,8,5.9925,5.9925,5.9925,61.929,4.562,4.562,276.1,15.61,
2026-10-01T12:03:56.766,1790820236.999,25,st_wkal_ebike,st,True,-37.90752896665894,145.13200434076003,True,1721.9074,1728.3707,1732.9213,1741.5781,1732.1669,1734.2011,1732.1669,1734.2011,-37.90747830,145.13212231,1732.1669,1734.2011,1209653412#1,0,,False,7.4154,-32.549145,obs=0.019 trans=1.000 fs=0.019 ft=1.000,8,11.8004,11.8004,7.4154,106.991,4.562,4.562,276.1,15.61,
2026-10-01T12:03:59.270,1790820239.999,26,native_wokal_ebike,native,False,-37.907504796586345,145.1318082471477,True,1704.6133,1730.7073,1704.6133,1730.7073,1704.5681,1730.3395,1704.5681,1730.3395,-37.90750810,145.13180765,1704.5681,1730.3395,1209653410,0,1.6342,False,,,,,0.3705,0.3705,0.3705,20.259,5.929,5.929,278.9,14.50,
2026-10-01T12:03:59.270,1790820239.999,26,native_wkal_ebike,native,True,-37.907504796586345,145.1318082471477,True,1704.6133,1730.7073,1721.4468,1743.9824,1723.7724,1741.5667,1723.7724,1741.5667,-37.90741043,145.13202855,1721.1231,1736.7626,:cluster_579289_605155831_9106614572_9106614573_#2more_w1,0,1.0229,True,,,,,22.0227,22.0227,3.3531,17.665,5.929,5.929,278.9,14.50,
2026-10-01T12:03:59.270,1790820239.999,26,topo_wokal_ebike,topo,False,-37.907504796586345,145.1318082471477,True,1704.6133,1730.7073,1704.6133,1730.7073,1704.5680,1730.3395,1704.5680,1730.3395,-37.90750810,145.13180765,1704.5680,1730.3395,1209653410,0,,False,0.3705,0.979795,prox=1.000 head=1.000 conn=0.900 turn=1.000,,0.3705,0.3705,0.3705,45.684,5.929,5.929,278.9,14.50,
2026-10-01T12:03:59.270,1790820239.999,26,topo_wkal_ebike,topo,True,-37.907504796586345,145.1318082471477,True,1704.6133,1730.7073,1721.4468,1743.9824,1727.8600,1727.6800,1727.8600,1727.6800,-37.90753626,145.13207186,1727.8610,1727.6799,1209653411,0,,False,9.3564,0.929169,prox=0.823 head=1.000 conn=1.000 turn=1.000,,23.4430,23.4430,17.5185,39.706,5.929,5.929,278.9,14.50,
2026-10-01T12:03:59.270,1790820239.999,26,fuzzy_wokal_ebike,fuzzy,False,-37.907504796586345,145.1318082471477,True,1704.6133,1730.7073,1704.6133,1730.7073,1744.6100,1722.3500,1744.6100,1722.3500,-37.90758730,145.13226109,1744.6098,1722.3490,-996237862#0,0,,False,40.8605,10.000000,short=0.000 small=0.000 angle_diff=89.963 mode=entering_pending,,40.8605,40.8605,40.8605,0.193,5.929,5.929,278.9,14.50,
2026-10-01T12:03:59.270,1790820239.999,26,fuzzy_wkal_ebike,fuzzy,True,-37.907504796586345,145.1318082471477,True,1704.6133,1730.7073,1721.4468,1743.9824,1727.8600,1727.6800,1727.8600,1727.6800,-37.90753626,145.13207186,1727.8610,1727.6799,1209653411,0,,False,17.5185,50.000000,short=0.000 small=1.000 angle_diff=2.259 mode=confirmed,,23.4430,23.4430,17.5185,0.166,5.929,5.929,278.9,14.50,
2026-10-01T12:03:59.270,1790820239.999,26,hmm_wokal_ebike,hmm,False,-37.907504796586345,145.1318082471477,True,1704.6133,1730.7073,1704.6133,1730.7073,1705.1031,1734.8629,1705.1031,1734.8629,-37.90746745,145.13181476,1705.1031,1734.8629,-1209653413,0,,False,4.1844,0.000000,emission=-3.635 transition=-77.387 sigma=14.502 num_candidates=5.000,,4.1844,4.1844,4.1844,94.110,5.929,5.929,278.9,14.50,
2026-10-01T12:03:59.270,1790820239.999,26,hmm_wkal_ebike,hmm,True,-37.907504796586345,145.1318082471477,True,1704.6133,1730.7073,1721.4468,1743.9824,1711.2200,1745.5900,1711.2200,1745.5900,-37.90737192,145.13188675,1711.2200,1745.5900,985091884#1,0,,False,7.9188,0.000000,emission=-3.742 transition=-38.970 sigma=14.502 num_candidates=5.000,,16.2833,16.2833,10.3524,38.624,5.929,5.929,278.9,14.50,
2026-10-01T12:03:59.270,1790820239.999,26,st_wokal_ebike,st,False,-37.907504796586345,145.1318082471477,True,1704.6133,1730.7073,1704.6133,1730.7073,1704.5680,1730.3395,1704.5680,1730.3395,-37.90750810,145.13180765,1704.5680,1730.3395,1209653410,0,,False,0.3705,-31.425489,obs=0.020 trans=1.000 fs=0.020 ft=1.000,8,0.3705,0.3705,0.3705,80.742,5.929,5.929,278.9,14.50,
2026-10-01T12:03:59.270,1790820239.999,26,st_wkal_ebike,st,True,-37.907504796586345,145.1318082471477,True,1704.6133,1730.7073,1721.4468,1743.9824,1711.2200,1745.5900,1711.2200,1745.5900,-37.90737192,145.13188675,1711.2200,1745.5900,985091884#1,0,,False,7.9188,-35.103306,obs=0.018 trans=1.000 fs=0.018 ft=0.949,8,16.2833,16.2833,10.3524,42.272,5.929,5.929,278.9,14.50,
2026-10-01T12:04:01.717,1790820241.999,27,native_wokal_ebike,native,False,-37.90749073725979,145.13166885370796,True,1692.3267,1732.0217,1692.3267,1732.0217,1692.3054,1731.8480,1692.3054,1731.8480,-37.90749230,145.13166857,1692.3054,1731.8480,1209653410,0,13.9893,False,,,,,0.1751,0.1751,0.1751,23.823,6.152,6.152,276.7,14.06,
2026-10-01T12:04:01.717,1790820241.999,27,native_wkal_ebike,native,True,-37.90749073725979,145.13166885370796,True,1692.3267,1732.0217,1709.5822,1743.4659,1710.8054,1743.2502,1710.8054,1743.2502,-37.90739292,145.13188151,1710.8054,1743.2502,:cluster_579289_605155831_9106614572_9106614573_#2more_14,0,7.9824,True,,,,,21.6227,21.6227,1.2420,17.644,6.152,6.152,276.7,14.06,
2026-10-01T12:04:01.717,1790820241.999,27,topo_wokal_ebike,topo,False,-37.90749073725979,145.13166885370796,True,1692.3267,1732.0217,1692.3267,1732.0217,1692.3053,1731.8480,1692.3053,1731.8480,-37.90749230,145.13166857,1692.3053,1731.8480,1209653410,0,,False,0.1751,0.999971,prox=1.000 head=1.000 conn=1.000 turn=1.000,,0.1751,0.1751,0.1751,37.894,6.152,6.152,276.7,14.06,
2026-10-01T12:04:01.717,1790820241.999,27,topo_wkal_ebike,topo,True,-37.90749073725979,145.13166885370796,True,1692.3267,1732.0217,1709.5822,1743.4659,1706.7400,1734.6700,1706.7400,1734.6700,-37.90746948,145.13183333,1706.7400,1734.6700,-1209653413,0,,False,8.5043,0.920613,prox=0.852 head=1.000 conn=0.900 turn=1.000,,14.6546,14.6546,9.2437,38.018,6.152,6.152,276.7,14.06,
2026-10-01T12:04:01.717,1790820241.999,27,fuzzy_wokal_ebike,fuzzy,False,-37.90749073725979,145.13166885370796,True,1692.3267,1732.0217,1692.3267,1732.0217,1727.8600,1727.6800,1727.8600,1727.6800,-37.90753626,145.13207186,1727.8610,1727.6799,1209653411,0,,False,35.7976,50.000000,short=0.000 small=1.000 angle_diff=0.066 mode=confirmed,,35.7976,35.7976,35.7976,0.173,6.152,6.152,276.7,14.06,
2026-10-01T12:04:01.717,1790820241.999,27,fuzzy_wkal_ebike,fuzzy,True,-37.90749073725979,145.13166885370796,True,1692.3267,1732.0217,1709.5822,1743.4659,1727.8600,1727.6800,1727.8600,1727.6800,-37.90753626,145.13207186,1727.8610,1727.6799,1209653411,0,,False,24.1510,50.000000,short=0.000 small=1.000 angle_diff=0.066 mode=entering_pending,,35.7976,35.7976,24.1510,0.214,6.152,6.152,276.7,14.06,
2026-10-01T12:04:01.717,1790820241.999,27,hmm_wokal_ebike,hmm,False,-37.90749073725979,145.13166885370796,True,1692.3267,1732.0217,1692.3267,1732.0217,1692.3053,1731.8480,1692.3053,1731.8480,-37.90749230,145.13166857,1692.3053,1731.8480,1209653410,0,,False,0.1751,0.000000,emission=-3.563 transition=1.602 sigma=14.063 num_candidates=5.000,,0.1751,0.1751,0.1751,95.469,6.152,6.152,276.7,14.06,
2026-10-01T12:04:01.717,1790820241.999,27,hmm_wkal_ebike,hmm,True,-37.90749073725979,145.13166885370796,True,1692.3267,1732.0217,1709.5822,1743.4659,1711.2200,1745.5900,1711.2200,1745.5900,-37.90737192,145.13188675,1711.2200,1745.5900,985091884#1,0,,False,2.5007,0.000000,emission=-3.578 transition=-57.770 sigma=14.063 num_candidates=5.000,,23.2606,23.2606,2.6822,71.767,6.152,6.152,276.7,14.06,
2026-10-01T12:04:01.717,1790820241.999,27,st_wokal_ebike,st,False,-37.90749073725979,145.13166885370796,True,1692.3267,1732.0217,1692.3267,1732.0217,1692.3053,1731.8480,1692.3053,1731.8480,-37.90749230,145.13166857,1692.3053,1731.8480,1209653410,0,,False,0.1751,-31.425237,obs=0.020 trans=1.000 fs=0.020 ft=1.000,8,0.1751,0.1751,0.1751,107.846,6.152,6.152,276.7,14.06,
2026-10-01T12:04:01.717,1790820241.999,27,st_wkal_ebike,st,True,-37.90749073725979,145.13166885370796,True,1692.3267,1732.0217,1709.5822,1743.4659,1711.2200,1745.5900,1711.2200,1745.5900,-37.90737192,145.13188675,1711.2200,1745.5900,985091884#1,0,,False,2.5007,-35.619373,obs=0.020 trans=1.000 fs=0.020 ft=1.000,8,23.2606,23.2606,2.6822,70.494,6.152,6.152,276.7,14.06,
2026-10-01T12:04:04.241,1790820244.999,28,native_wokal_ebike,native,False,-37.90746505323536,145.13145259992768,True,1673.2567,1734.4907,1673.2567,1734.4907,1673.2206,1734.1956,1673.2206,1734.1956,-37.90746770,145.13145212,1673.2206,1734.1956,1209653410,0,33.2179,False,,,,,0.2973,0.2973,0.2973,20.316,6.350,6.350,278.1,12.90,
2026-10-01T12:04:04.241,1790820244.999,28,native_wkal_ebike,native,True,-37.90746505323536,145.13145259992768,True,1673.2567,1734.4907,1691.4494,1744.1331,1690.8111,1738.7829,1690.8111,1738.7829,-37.90742956,145.13165316,1690.5512,1736.5780,1209653414#2,0,68.1871,False,,,,,18.0715,18.0715,5.3881,17.397,6.350,6.350,278.1,12.90,
2026-10-01T12:04:04.241,1790820244.999,28,topo_wokal_ebike,topo,False,-37.90746505323536,145.13145259992768,True,1673.2567,1734.4907,1673.2567,1734.4907,1673.2204,1734.1957,1673.2204,1734.1957,-37.90746770,145.13145212,1673.2204,1734.1957,1209653410,0,,False,0.2973,0.999892,prox=1.000 head=1.000 conn=1.000 turn=1.000,,0.2973,0.2973,0.2973,43.684,6.350,6.350,278.1,12.90,
2026-10-01T12:04:04.241,1790820244.999,28,topo_wkal_ebike,topo,True,-37.90746505323536,145.13145259992768,True,1673.2567,1734.4907,1691.4494,1744.1331,1690.5589,1736.5770,1690.5589,1736.5770,-37.90744938,145.13164979,1690.5589,1736.5770,-1209653413,0,,False,7.6083,0.951672,prox=0.879 head=1.000 conn=1.000 turn=1.000,,17.4275,17.4275,7.6083,43.646,6.350,6.350,278.1,12.90,
2026-10-01T12:04:04.241,1790820244.999,28,fuzzy_wokal_ebike,fuzzy,False,-37.90746505323536,145.13145259992768,True,1673.2567,1734.4907,1673.2567,1734.4907,1727.8600,1727.6800,1727.8600,1727.6800,-37.90753626,145.13207186,1727.8610,1727.6799,1209653411,0,,False,55.0264,50.000000,short=0.000 small=1.000 angle_diff=1.481 mode=entering_pending,,55.0264,55.0264,55.0264,0.243,6.350,6.350,278.1,12.90,
2026-10-01T12:04:04.241,1790820244.999,28,fuzzy_wkal_ebike,fuzzy,True,-37.90746505323536,145.13145259992768,True,1673.2567,1734.4907,1691.4494,1744.1331,1690.5589,1736.5770,1690.5589,1736.5770,-37.90744938,145.13164979,1690.5589,1736.5770,-1209653413,0,,False,7.6083,50.014101,short=0.000 small=1.000 angle_diff=1.417 mode=confirmed,,17.4275,17.4275,7.6083,0.200,6.350,6.350,278.1,12.90,
2026-10-01T12:04:04.241,1790820244.999,28,hmm_wokal_ebike,hmm,False,-37.90746505323536,145.13145259992768,True,1673.2567,1734.4907,1673.2567,1734.4907,1673.2204,1734.1957,1673.2204,1734.1957,-37.90746770,145.13145212,1673.2204,1734.1957,1209653410,0,,False,0.2973,0.000000,emission=-3.477 transition=1.607 sigma=12.904 num_candidates=5.000,,0.2973,0.2973,0.2973,38.029,6.350,6.350,278.1,12.90,
2026-10-01T12:04:04.241,1790820244.999,28,hmm_wkal_ebike,hmm,True,-37.90746505323536,145.13145259992768,True,1673.2567,1734.4907,1691.4494,1744.1331,1690.5589,1736.5770,1690.5589,1736.5770,-37.90744938,145.13164979,1690.5589,1736.5770,-1209653413,0,,False,7.6083,0.000000,emission=-3.650 transition=-7.611 sigma=12.904 num_candidates=5.000,,17.4275,17.4275,7.6083,101.226,6.350,6.350,278.1,12.90,
2026-10-01T12:04:04.241,1790820244.999,28,st_wokal_ebike,st,False,-37.90746505323536,145.13145259992768,True,1673.2567,1734.4907,1673.2567,1734.4907,1673.2204,1734.1957,1673.2204,1734.1957,-37.90746770,145.13145212,1673.2204,1734.1957,1209653410,0,,False,0.2973,-31.424383,obs=0.020 trans=1.000 fs=0.020 ft=1.000,8,0.2973,0.2973,0.2973,47.588,6.350,6.350,278.1,12.90,
2026-10-01T12:04:04.241,1790820244.999,28,st_wkal_ebike,st,True,-37.90746505323536,145.13145259992768,True,1673.2567,1734.4907,1691.4494,1744.1331,1690.5589,1736.5770,1690.5589,1736.5770,-37.90744938,145.13164979,1690.5589,1736.5770,-1209653413,0,,False,7.6083,-35.726700,obs=0.019 trans=1.000 fs=0.019 ft=1.000,8,17.4275,17.4275,7.6083,107.775,6.350,6.350,278.1,12.90,
2026-10-01T12:04:06.707,1790820246.999,29,native_wokal_ebike,native,False,-37.90743889080509,145.13132662288436,True,1662.1227,1737.1718,1662.1227,1737.1718,1661.9278,1735.5848,1661.9278,1735.5848,-37.90745315,145.13132404,1661.9278,1735.5848,1209653410,0,44.5958,False,,,,,1.5989,1.5989,1.5989,22.055,5.712,5.712,278.1,11.85,
2026-10-01T12:04:06.707,1790820246.999,29,native_wkal_ebike,native,True,-37.90743889080509,145.13132662288436,True,1662.1227,1737.1718,1676.2301,1743.6128,1675.8628,1740.5471,1675.8628,1740.5471,-37.90741097,145.13148361,1675.6027,1738.3397,1209653414#2,0,53.1352,False,,,,,14.1486,14.1486,3.0877,17.920,5.712,5.712,278.1,11.85,
2026-10-01T12:04:06.707,1790820246.999,29,topo_wokal_ebike,topo,False,-37.90743889080509,145.13132662288436,True,1662.1227,1737.1718,1662.1227,1737.1718,1661.9275,1735.5848,1661.9275,1735.5848,-37.90745315,145.13132404,1661.9275,1735.5848,1209653410,0,,False,1.5989,0.997705,prox=0.994 head=1.000 conn=1.000 turn=1.000,,1.5989,1.5989,1.5989,37.741,5.712,5.712,278.1,11.85,
2026-10-01T12:04:06.707,1790820246.999,29,topo_wkal_ebike,topo,True,-37.90743889080509,145.13132662288436,True,1662.1227,1737.1718,1676.2301,1743.6128,1675.6085,1738.3390,1675.6085,1738.3390,-37.90743081,145.13148022,1675.6085,1738.3390,-1209653413,0,,False,5.3103,0.975657,prox=0.939 head=1.000 conn=1.000 turn=1.000,,13.5362,13.5362,5.3103,40.474,5.712,5.712,278.1,11.85,
2026-10-01T12:04:06.707,1790820246.999,29,fuzzy_wokal_ebike,fuzzy,False,-37.90743889080509,145.13132662288436,True,1662.1227,1737.1718,1662.1227,1737.1718,1661.9275,1735.5848,1661.9275,1735.5848,-37.90745315,145.13132404,1661.9275,1735.5848,1209653410,0,,False,1.5989,90.435936,short=0.809 small=1.000 angle_diff=1.126 mode=confirmed,,1.5989,1.5989,1.5989,0.211,5.712,5.712,278.1,11.85,
2026-10-01T12:04:06.707,1790820246.999,29,fuzzy_wkal_ebike,fuzzy,True,-37.90743889080509,145.13132662288436,True,1662.1227,1737.1718,1676.2301,1743.6128,1675.6085,1738.3390,1675.6085,1738.3390,-37.90743081,145.13148022,1675.6085,1738.3390,-1209653413,0,,False,5.3103,50.551281,short=0.011 small=1.000 angle_diff=1.417 mode=following,,13.5362,13.5362,5.3103,0.076,5.712,5.712,278.1,11.85,
2026-10-01T12:04:06.707,1790820246.999,29,hmm_wokal_ebike,hmm,False,-37.90743889080509,145.13132662288436,True,1662.1227,1737.1718,1662.1227,1737.1718,1661.9275,1735.5848,1661.9275,1735.5848,-37.90745315,145.13132404,1661.9275,1735.5848,1209653410,0,,False,1.5989,0.000000,emission=-3.401 transition=1.238 sigma=11.853 num_candidates=5.000,,1.5989,1.5989,1.5989,55.179,5.712,5.712,278.1,11.85,
2026-10-01T12:04:06.707,1790820246.999,29,hmm_wkal_ebike,hmm,True,-37.90743889080509,145.13132662288436,True,1662.1227,1737.1718,1676.2301,1743.6128,1675.6085,1738.3390,1675.6085,1738.3390,-37.90743081,145.13148022,1675.6085,1738.3390,-1209653413,0,,False,5.3103,0.000000,emission=-3.492 transition=0.737 sigma=11.853 num_candidates=5.000,,13.5362,13.5362,5.3103,57.837,5.712,5.712,278.1,11.85,
2026-10-01T12:04:06.707,1790820246.999,29,st_wokal_ebike,st,False,-37.90743889080509,145.13132662288436,True,1662.1227,1737.1718,1662.1227,1737.1718,1661.9275,1735.5848,1661.9275,1735.5848,-37.90745315,145.13132404,1661.9275,1735.5848,1209653410,0,,False,1.5989,-31.397331,obs=0.020 trans=1.000 fs=0.020 ft=1.000,8,1.5989,1.5989,1.5989,40.586,5.712,5.712,278.1,11.85,
2026-10-01T12:04:06.707,1790820246.999,29,st_wkal_ebike,st,True,-37.90743889080509,145.13132662288436,True,1662.1227,1737.1718,1676.2301,1743.6128,1675.6085,1738.3390,1675.6085,1738.3390,-37.90743081,145.13148022,1675.6085,1738.3390,-1209653413,0,,False,5.3103,-35.759440,obs=0.019 trans=1.000 fs=0.019 ft=1.000,8,13.5362,13.5362,5.3103,59.677,5.712,5.712,278.1,11.85,
2026-10-01T12:04:09.084,1790820249.999,30,native_wokal_ebike,native,False,-37.90742948559265,145.13115694452804,True,1647.1838,1737.9164,1647.1838,1737.9164,1647.1214,1737.4062,1647.1214,1737.4062,-37.90743407,145.13115612,1647.1214,1737.4062,1209653410,0,59.5138,False,,,,,0.5140,0.5140,0.5140,14.853,4.941,4.941,271.6,11.09,
2026-10-01T12:04:09.084,1790820249.999,30,native_wkal_ebike,native,True,-37.90742948559265,145.13115694452804,True,1647.1838,1737.9164,1657.3963,1743.7544,1657.2798,1742.7238,1657.2798,1742.7238,-37.90738800,145.13127283,1657.0384,1740.5107,1209653414#2,0,34.4250,False,,,,,11.1821,11.1821,1.0372,11.809,4.941,4.941,271.6,11.09,
2026-10-01T12:04:09.084,1790820249.999,30,topo_wokal_ebike,topo,False,-37.90742948559265,145.13115694452804,True,1647.1838,1737.9164,1647.1838,1737.9164,1647.1211,1737.4062,1647.1211,1737.4062,-37.90743407,145.13115611,1647.1211,1737.4062,1209653410,0,,False,0.5140,0.999107,prox=0.999 head=0.998 conn=1.000 turn=1.000,,0.5140,0.5140,0.5140,38.818,4.941,4.941,271.6,11.09,
2026-10-01T12:04:09.084,1790820249.999,30,topo_wkal_ebike,topo,True,-37.90742948559265,145.13115694452804,True,1647.1838,1737.9164,1657.3963,1743.7544,1657.0425,1740.5102,1657.0425,1740.5102,-37.90740790,145.13126962,1657.0425,1740.5102,-1209653413,0,,False,3.2635,0.990165,prox=0.977 head=0.998 conn=1.000 turn=1.000,,10.1941,10.1941,3.2635,38.243,4.941,4.941,271.6,11.09,
2026-10-01T12:04:09.084,1790820249.999,30,fuzzy_wokal_ebike,fuzzy,False,-37.90742948559265,145.13115694452804,True,1647.1838,1737.9164,1647.1838,1737.9164,1647.1211,1737.4062,1647.1211,1737.4062,-37.90743407,145.13115611,1647.1211,1737.4062,1209653410,0,,False,0.5140,97.998999,short=0.960 small=1.000 angle_diff=5.370 mode=following,,0.5140,0.5140,0.5140,0.063,4.941,4.941,271.6,11.09,
2026-10-01T12:04:09.084,1790820249.999,30,fuzzy_wkal_ebike,fuzzy,True,-37.90742948559265,145.13115694452804,True,1647.1838,1737.9164,1657.3963,1743.7544,1657.0425,1740.5102,1657.0425,1740.5102,-37.90740790,145.13126962,1657.0425,1740.5102,-1209653413,0,,False,3.2635,61.383256,short=0.228 small=1.000 angle_diff=4.581 mode=following,,10.1941,10.1941,3.2635,0.067,4.941,4.941,271.6,11.09,
2026-10-01T12:04:09.084,1790820249.999,30,hmm_wokal_ebike,hmm,False,-37.90742948559265,145.13115694452804,True,1647.1838,1737.9164,1647.1838,1737.9164,1647.1211,1737.4062,1647.1211,1737.4062,-37.90743407,145.13115611,1647.1211,1737.4062,1209653410,0,,False,0.5140,0.000000,emission=-3.326 transition=1.412 sigma=11.090 num_candidates=5.000,,0.5140,0.5140,0.5140,37.315,4.941,4.941,271.6,11.09,
2026-10-01T12:04:09.084,1790820249.999,30,hmm_wkal_ebike,hmm,True,-37.90742948559265,145.13115694452804,True,1647.1838,1737.9164,1657.3963,1743.7544,1657.0425,1740.5102,1657.0425,1740.5102,-37.90740790,145.13126962,1657.0425,1740.5102,-1209653413,0,,False,3.2635,0.000000,emission=-3.368 transition=0.901 sigma=11.090 num_candidates=5.000,,10.1941,10.1941,3.2635,56.811,4.941,4.941,271.6,11.09,
2026-10-01T12:04:09.084,1790820249.999,30,st_wokal_ebike,st,False,-37.90742948559265,145.13115694452804,True,1647.1838,1737.9164,1647.1838,1737.9164,1647.1211,1737.4062,1647.1211,1737.4062,-37.90743407,145.13115611,1647.1211,1737.4062,1209653410,0,,False,0.5140,-31.341008,obs=0.020 trans=1.000 fs=0.020 ft=1.000,8,0.5140,0.5140,0.5140,38.449,4.941,4.941,271.6,11.09,
2026-10-01T12:04:09.084,1790820249.999,30,st_wkal_ebike,st,True,-37.90742948559265,145.13115694452804,True,1647.1838,1737.9164,1657.3963,1743.7544,1657.0425,1740.5102,1657.0425,1740.5102,-37.90740790,145.13126962,1657.0425,1740.5102,-1209653413,0,,False,3.2635,-33.276340,obs=0.020 trans=1.000 fs=0.020 ft=1.000,8,10.1941,10.1941,3.2635,61.685,4.941,4.941,271.6,11.09,
2026-10-01T12:04:11.440,1790820251.999,31,native_wokal_ebike,native,False,-37.907412707112464,145.13102084861075,True,1635.1811,1739.5384,1635.1811,1739.5384,1635.1011,1738.8848,1635.1011,1738.8848,-37.90741858,145.13101979,1635.1011,1738.8848,1209653410,0,71.6247,False,,,,,0.6584,0.6584,0.6584,18.984,5.689,5.689,276.8,10.63,
2026-10-01T12:04:11.440,1790820251.999,31,native_wkal_ebike,native,True,-37.907412707112464,145.13102084861075,True,1635.1811,1739.5384,1643.2642,1743.4354,1643.1084,1742.8649,1643.1084,1742.8649,-37.90738417,145.13111174,1643.1084,1742.8649,-1209653413,0,64.1860,False,,,,,8.5970,8.5970,0.5914,11.489,5.689,5.689,276.8,10.63,
2026-10-01T12:04:11.440,1790820251.999,31,topo_wokal_ebike,topo,False,-37.907412707112464,145.13102084861075,True,1635.1811,1739.5384,1635.1811,1739.5384,1635.1007,1738.8849,1635.1007,1738.8849,-37.90741858,145.13101979,1635.1007,1738.8849,1209653410,0,,False,0.6584,0.999614,prox=0.999 head=1.000 conn=1.000 turn=1.000,,0.6584,0.6584,0.6584,38.747,5.689,5.689,276.8,10.63,
2026-10-01T12:04:11.440,1790820251.999,31,topo_wkal_ebike,topo,True,-37.907412707112464,145.13102084861075,True,1635.1811,1739.5384,1643.2642,1743.4354,1643.1107,1742.8643,1643.1107,1742.8643,-37.90738418,145.13111176,1643.1107,1742.8643,-1209653413,0,,False,0.5914,0.998154,prox=0.999 head=0.995 conn=1.000 turn=1.000,,8.5989,8.5989,0.5914,55.640,5.689,5.689,276.8,10.63,
2026-10-01T12:04:11.440,1790820251.999,31,fuzzy_wokal_ebike,fuzzy,False,-37.907412707112464,145.13102084861075,True,1635.1811,1739.5384,1635.1811,1739.5384,1635.1007,1738.8849,1635.1007,1738.8849,-37.90741858,145.13101979,1635.1007,1738.8849,1209653410,0,,False,0.6584,97.505005,short=0.950 small=1.000 angle_diff=0.176 mode=following,,0.6584,0.6584,0.6584,0.063,5.689,5.689,276.8,10.63,
2026-10-01T12:04:11.440,1790820251.999,31,fuzzy_wkal_ebike,fuzzy,True,-37.907412707112464,145.13102084861075,True,1635.1811,1739.5384,1643.2642,1743.4354,1643.1107,1742.8643,1643.1107,1742.8643,-37.90738418,145.13111176,1643.1107,1742.8643,-1209653413,0,,False,0.5914,97.747273,short=0.955 small=1.000 angle_diff=8.205 mode=following,,8.5989,8.5989,0.5914,0.066,5.689,5.689,276.8,10.63,
2026-10-01T12:04:11.440,1790820251.999,31,hmm_wokal_ebike,hmm,False,-37.907412707112464,145.13102084861075,True,1635.1811,1739.5384,1635.1811,1739.5384,1635.1007,1738.8849,1635.1007,1738.8849,-37.90741858,145.13101979,1635.1007,1738.8849,1209653410,0,,False,0.6584,0.000000,emission=-3.285 transition=1.605 sigma=10.632 num_candidates=5.000,,0.6584,0.6584,0.6584,40.238,5.689,5.689,276.8,10.63,
2026-10-01T12:04:11.440,1790820251.999,31,hmm_wkal_ebike,hmm,True,-37.907412707112464,145.13102084861075,True,1635.1811,1739.5384,1643.2642,1743.4354,1643.1107,1742.8643,1643.1107,1742.8643,-37.90738418,145.13111176,1643.1107,1742.8643,-1209653413,0,,False,0.5914,0.000000,emission=-3.284 transition=1.568 sigma=10.632 num_candidates=5.000,,8.5989,8.5989,0.5914,62.812,5.689,5.689,276.8,10.63,
2026-10-01T12:04:11.440,1790820251.999,31,st_wokal_ebike,st,False,-37.907412707112464,145.13102084861075,True,1635.1811,1739.5384,1635.1811,1739.5384,1635.1007,1738.8849,1635.1007,1738.8849,-37.90741858,145.13101979,1635.1007,1738.8849,1209653410,0,,False,0.6584,-31.333107,obs=0.020 trans=1.000 fs=0.020 ft=1.000,8,0.6584,0.6584,0.6584,46.977,5.689,5.689,276.8,10.63,
2026-10-01T12:04:11.440,1790820251.999,31,st_wkal_ebike,st,True,-37.907412707112464,145.13102084861075,True,1635.1811,1739.5384,1643.2642,1743.4354,1643.1107,1742.8643,1643.1107,1742.8643,-37.90738418,145.13111176,1643.1107,1742.8643,-1209653413,0,,False,0.5914,-33.269113,obs=0.020 trans=0.999 fs=0.020 ft=1.000,8,8.5989,8.5989,0.5914,41.380,5.689,5.689,276.8,10.63,
2026-10-01T12:04:13.825,1790820254.999,32,native_wokal_ebike,native,False,-37.907397113019826,145.13083308975476,True,1618.6388,1740.9378,1618.6388,1740.9378,1619.0971,1739.9256,1619.0971,1739.9256,-37.90740631,145.13083807,1619.0971,1739.9256,:cluster_605155297_605155316_0,0,3.5394,True,,,,,1.1111,1.1111,1.1111,13.010,5.537,5.537,277.0,10.11,
2026-10-01T12:04:13.825,1790820254.999,32,native_wkal_ebike,native,True,-37.907397113019826,145.13083308975476,True,1618.6388,1740.9378,1624.3383,1743.8920,1622.9515,1744.0510,1622.9515,1744.0510,-37.90736985,145.13088283,1622.9515,1744.0510,:cluster_605155297_605155316_3,0,3.2401,True,,,,,5.3190,5.3190,1.3959,9.202,5.537,5.537,277.0,10.11,
2026-10-01T12:04:13.825,1790820254.999,32,topo_wokal_ebike,topo,False,-37.907397113019826,145.13083308975476,True,1618.6388,1740.9378,1618.6388,1740.9378,1622.5400,1740.4300,1622.5400,1740.4300,-37.90740239,145.13087733,1622.5410,1740.4299,1209653410,0,,False,1.7425,0.997310,prox=0.993 head=1.000 conn=1.000 turn=1.000,,3.9341,3.9341,3.9341,41.450,5.537,5.537,277.0,10.11,
2026-10-01T12:04:13.825,1790820254.999,32,topo_wkal_ebike,topo,True,-37.907397113019826,145.13083308975476,True,1618.6388,1740.9378,1624.3383,1743.8920,1624.7111,1747.1088,1624.7111,1747.1088,-37.90734262,145.13090354,1624.7111,1747.1088,-1209653413,0,,False,3.2383,0.990784,prox=0.977 head=1.000 conn=1.000 turn=1.000,,8.6576,8.6576,3.2383,38.667,5.537,5.537,277.0,10.11,
2026-10-01T12:04:13.825,1790820254.999,32,fuzzy_wokal_ebike,fuzzy,False,-37.907397113019826,145.13083308975476,True,1618.6388,1740.9378,1618.6388,1740.9378,1622.5400,1740.4300,1622.5400,1740.4300,-37.90740239,145.13087733,1622.5410,1740.4299,1209653410,0,,False,3.9341,54.578542,short=0.092 small=1.000 angle_diff=0.052 mode=confirmed,,3.9341,3.9341,3.9341,0.146,5.537,5.537,277.0,10.11,
2026-10-01T12:04:13.825,1790820254.999,32,fuzzy_wkal_ebike,fuzzy,True,-37.907397113019826,145.13083308975476,True,1618.6388,1740.9378,1624.3383,1743.8920,1624.7111,1747.1088,1624.7111,1747.1088,-37.90734262,145.13090354,1624.7111,1747.1088,-1209653413,0,,False,3.2383,61.741694,short=0.235 small=1.000 angle_diff=0.350 mode=confirmed,,8.6576,8.6576,3.2383,0.225,5.537,5.537,277.0,10.11,
2026-10-01T12:04:13.825,1790820254.999,32,hmm_wokal_ebike,hmm,False,-37.907397113019826,145.13083308975476,True,1618.6388,1740.9378,1618.6388,1740.9378,1622.7900,1742.6400,1622.7900,1742.6400,-37.90738253,145.13088068,1622.7900,1742.6400,-1209653410,0,,False,3.0962,0.000000,emission=-3.280 transition=-13.839 sigma=10.114 num_candidates=5.000,,4.4867,4.4867,4.4867,47.553,5.537,5.537,277.0,10.11,
2026-10-01T12:04:13.825,1790820254.999,32,hmm_wkal_ebike,hmm,True,-37.907397113019826,145.13083308975476,True,1618.6388,1740.9378,1624.3383,1743.8920,1624.7111,1747.1088,1624.7111,1747.1088,-37.90734262,145.13090354,1624.7111,1747.1088,-1209653413,0,,False,3.2383,0.000000,emission=-3.284 transition=1.467 sigma=10.114 num_candidates=5.000,,8.6576,8.6576,3.2383,50.806,5.537,5.537,277.0,10.11,
2026-10-01T12:04:13.825,1790820254.999,32,st_wokal_ebike,st,False,-37.907397113019826,145.13083308975476,True,1618.6388,1740.9378,1618.6388,1740.9378,1622.5400,1740.4300,1622.5400,1740.4300,-37.90740239,145.13087733,1622.5410,1740.4299,1209653410,0,,False,1.7425,-31.336902,obs=0.020 trans=1.000 fs=0.020 ft=1.000,8,3.9341,3.9341,3.9341,39.168,5.537,5.537,277.0,10.11,
2026-10-01T12:04:13.825,1790820254.999,32,st_wkal_ebike,st,True,-37.907397113019826,145.13083308975476,True,1618.6388,1740.9378,1624.3383,1743.8920,1624.7111,1747.1088,1624.7111,1747.1088,-37.90734262,145.13090354,1624.7111,1747.1088,-1209653413,0,,False,3.2383,-33.180838,obs=0.020 trans=1.000 fs=0.020 ft=1.000,8,8.6576,8.6576,3.2383,44.869,5.537,5.537,277.0,10.11,
2026-10-01T12:04:16.183,1790820256.999,33,native_wokal_ebike,native,False,-37.90738374921531,145.13068586924544,True,1605.6655,1742.1612,1605.6655,1742.1612,1605.6979,1742.4385,1605.6979,1742.4385,-37.90738126,145.13068630,1605.6979,1742.4385,1147258794#0,0,2.5596,False,,,,,0.2792,0.2792,0.2792,21.615,6.298,6.298,276.8,9.48,
2026-10-01T12:04:16.183,1790820256.999,33,native_wkal_ebike,native,True,-37.90738374921531,145.13068586924544,True,1605.6655,1742.1612,1610.3980,1743.9760,1610.4150,1744.1208,1610.4150,1744.1208,-37.90736695,145.13074032,1610.4150,1744.1208,:cluster_605155297_605155316_13,0,1.9287,True,,,,,5.1379,5.1379,0.1458,15.907,6.298,6.298,276.8,9.48,
2026-10-01T12:04:16.183,1790820256.999,33,topo_wokal_ebike,topo,False,-37.90738374921531,145.13068586924544,True,1605.6655,1742.1612,1605.6655,1742.1612,1605.6981,1742.4385,1605.6981,1742.4385,-37.90738126,145.13068630,1605.6981,1742.4385,1147258794#0,0,,False,0.2792,0.979930,prox=1.000 head=1.000 conn=0.900 turn=1.000,,0.2792,0.2792,0.2792,42.833,6.298,6.298,276.8,9.48,
2026-10-01T12:04:16.183,1790820256.999,33,topo_wkal_ebike,topo,True,-37.90738374921531,145.13068586924544,True,1605.6655,1742.1612,1610.3980,1743.9760,1623.3200,1747.2700,1623.3200,1747.2700,-37.90734092,145.13088776,1623.3210,1747.2699,-1209653413,0,,False,4.2984,0.983908,prox=0.960 head=1.000 conn=1.000 turn=1.000,,18.3788,18.3788,13.3353,38.120,6.298,6.298,276.8,9.48,
2026-10-01T12:04:16.183,1790820256.999,33,fuzzy_wokal_ebike,fuzzy,False,-37.90738374921531,145.13068586924544,True,1605.6655,1742.1612,1605.6655,1742.1612,1622.5400,1740.4300,1622.5400,1740.4300,-37.90740239,145.13087733,1622.5410,1740.4299,1209653410,0,,False,16.9630,50.000000,short=0.000 small=1.000 angle_diff=0.172 mode=entering_pending,,16.9630,16.9630,16.9630,0.161,6.298,6.298,276.8,9.48,
2026-10-01T12:04:16.183,1790820256.999,33,fuzzy_wkal_ebike,fuzzy,True,-37.90738374921531,145.13068586924544,True,1605.6655,1742.1612,1610.3980,1743.9760,1623.3200,1747.2700,1623.3200,1747.2700,-37.90734092,145.13088776,1623.3210,1747.2699,-1209653413,0,,False,13.3353,50.000001,short=0.000 small=1.000 angle_diff=0.229 mode=entering_pending,,18.3788,18.3788,13.3353,0.302,6.298,6.298,276.8,9.48,
2026-10-01T12:04:16.183,1790820256.999,33,hmm_wokal_ebike,hmm,False,-37.90738374921531,145.13068586924544,True,1605.6655,1742.1612,1605.6655,1742.1612,1613.0300,1735.9000,1613.0300,1735.9000,-37.90744148,145.13076817,1613.0299,1735.8990,-47528871#0,0,,False,8.0308,0.000000,emission=-3.527 transition=-18.031 sigma=9.480 num_candidates=5.000,,9.6663,9.6663,9.6663,90.867,6.298,6.298,276.8,9.48,
2026-10-01T12:04:16.183,1790820256.999,33,hmm_wkal_ebike,hmm,True,-37.90738374921531,145.13068586924544,True,1605.6655,1742.1612,1610.3980,1743.9760,1613.0300,1735.9000,1613.0300,1735.9000,-37.90744148,145.13076817,1613.0299,1735.8990,-47528871#0,0,,False,3.5363,0.000000,emission=-3.238 transition=-20.499 sigma=9.480 num_candidates=5.000,,9.6663,9.6663,8.4941,38.590,6.298,6.298,276.8,9.48,
2026-10-01T12:04:16.183,1790820256.999,33,st_wokal_ebike,st,False,-37.90738374921531,145.13068586924544,True,1605.6655,1742.1612,1605.6655,1742.1612,1605.6981,1742.4385,1605.6981,1742.4385,-37.90738126,145.13068630,1605.6981,1742.4385,1147258794#0,0,,False,0.2792,-31.325647,obs=0.020 trans=1.000 fs=0.020 ft=1.000,8,0.2792,0.2792,0.2792,95.355,6.298,6.298,276.8,9.48,
2026-10-01T12:04:16.183,1790820256.999,33,st_wkal_ebike,st,True,-37.90738374921531,145.13068586924544,True,1605.6655,1742.1612,1610.3980,1743.9760,1608.2400,1742.1400,1608.2400,1742.1400,-37.90738440,145.13071513,1608.2400,1742.1400,1147258794#0,0,,False,0.3658,-31.621480,obs=0.020 trans=1.000 fs=0.020 ft=1.000,8,2.5745,2.5745,2.8333,39.025,6.298,6.298,276.8,9.48,
2026-10-01T12:04:18.632,1790820258.999,34,native_wokal_ebike,native,False,-37.90737094096772,145.13055843954157,True,1594.4335,1743.3578,1594.4335,1743.3578,1594.4406,1743.3097,1594.4406,1743.3097,-37.90737137,145.13055851,1594.4406,1743.3097,:cluster_9106614563_9109971234_0,0,3.7527,True,,,,,0.0485,0.0485,0.0485,20.035,5.571,5.571,276.1,9.02,
2026-10-01T12:04:18.632,1790820258.999,34,native_wkal_ebike,native,True,-37.90737094096772,145.13055843954157,True,1594.4335,1743.3578,1597.2762,1744.4042,1597.2694,1743.3251,1597.2694,1743.3251,-37.90737175,145.13059068,1597.2694,1743.3251,:cluster_9106614563_9109971234_0,0,0.9206,True,,,,,2.8361,2.8361,1.0792,14.288,5.571,5.571,276.1,9.02,
2026-10-01T12:04:18.632,1790820258.999,34,topo_wokal_ebike,topo,False,-37.90737094096772,145.13055843954157,True,1594.4335,1743.3578,1594.4335,1743.3578,1598.1900,1743.3200,1598.1900,1743.3200,-37.90737196,145.13060114,1598.1910,1743.3199,1147258794#0,0,,False,0.9132,0.999252,prox=0.998 head=1.000 conn=1.000 turn=1.000,,3.7567,3.7567,3.7567,38.704,5.571,5.571,276.1,9.02,
2026-10-01T12:04:18.632,1790820258.999,34,topo_wkal_ebike,topo,True,-37.90737094096772,145.13055843954157,True,1594.4335,1743.3578,1597.2762,1744.4042,1598.1900,1743.3200,1598.1900,1743.3200,-37.90737196,145.13060114,1598.1910,1743.3199,1147258794#0,0,,False,0.8180,0.979398,prox=0.999 head=1.000 conn=0.900 turn=1.000,,3.7567,3.7567,1.4179,40.250,5.571,5.571,276.1,9.02,
2026-10-01T12:04:18.632,1790820258.999,34,fuzzy_wokal_ebike,fuzzy,False,-37.90737094096772,145.13055843954157,True,1594.4335,1743.3578,1594.4335,1743.3578,1598.1900,1743.3200,1598.1900,1743.3200,-37.90737196,145.13060114,1598.1910,1743.3199,1147258794#0,0,,False,3.7567,55.904325,short=0.118 small=1.000 angle_diff=0.571 mode=confirmed,,3.7567,3.7567,3.7567,0.149,5.571,5.571,276.1,9.02,
2026-10-01T12:04:18.632,1790820258.999,34,fuzzy_wkal_ebike,fuzzy,True,-37.90737094096772,145.13055843954157,True,1594.4335,1743.3578,1597.2762,1744.4042,1598.1900,1743.3200,1598.1900,1743.3200,-37.90737196,145.13060114,1598.1910,1743.3199,1147258794#0,0,,False,1.4179,92.478880,short=0.850 small=1.000 angle_diff=0.571 mode=confirmed,,3.7567,3.7567,1.4179,0.277,5.571,5.571,276.1,9.02,
2026-10-01T12:04:18.632,1790820258.999,34,hmm_wokal_ebike,hmm,False,-37.90737094096772,145.13055843954157,True,1594.4335,1743.3578,1594.4335,1743.3578,1584.9100,1739.1500,1584.9100,1739.1500,-37.90740713,145.13044920,1584.9100,1739.1500,985415977,0,,False,0.8258,0.000000,emission=-3.122 transition=-4.263 sigma=9.015 num_candidates=5.000,,10.4117,10.4117,10.4117,101.768,5.571,5.571,276.1,9.02,
2026-10-01T12:04:18.632,1790820258.999,34,hmm_wkal_ebike,hmm,True,-37.90737094096772,145.13055843954157,True,1594.4335,1743.3578,1597.2762,1744.4042,1598.4500,1745.5300,1598.4500,1745.5300,-37.90735210,145.13060460,1598.4500,1745.5300,-1147258794#0,0,,False,0.7321,0.000000,emission=-3.121 transition=-13.428 sigma=9.015 num_candidates=5.000,,4.5663,4.5663,1.6264,149.407,5.571,5.571,276.1,9.02,
2026-10-01T12:04:18.632,1790820258.999,34,st_wokal_ebike,st,False,-37.90737094096772,145.13055843954157,True,1594.4335,1743.3578,1594.4335,1743.3578,1598.1900,1743.3200,1598.1900,1743.3200,-37.90737196,145.13060114,1598.1910,1743.3199,1147258794#0,0,,False,0.9132,-31.326518,obs=0.020 trans=1.000 fs=0.020 ft=1.000,8,3.7567,3.7567,3.7567,94.668,5.571,5.571,276.1,9.02,
2026-10-01T12:04:18.632,1790820258.999,34,st_wkal_ebike,st,True,-37.90737094096772,145.13055843954157,True,1594.4335,1743.3578,1597.2762,1744.4042,1598.4500,1745.5300,1598.4500,1745.5300,-37.90735210,145.13060460,1598.4500,1745.5300,-1147258794#0,0,,False,0.7321,-31.543659,obs=0.020 trans=1.000 fs=0.020 ft=1.000,8,4.5663,4.5663,1.6264,169.028,5.571,5.571,276.1,9.02,
2026-10-01T12:04:21.315,1790820261.998,35,native_wokal_ebike,native,False,-37.90741297648547,145.13043035002764,True,1583.2655,1738.4675,1583.2655,1738.4675,1583.5755,1738.0972,1583.5755,1738.0972,-37.90741637,145.13043379,1583.5755,1738.0972,985415977,0,1.7001,False,,,,,0.4829,0.4829,0.4829,20.856,4.050,4.050,242.6,8.52,
2026-10-01T12:04:21.315,1790820261.998,35,native_wkal_ebike,native,True,-37.90741297648547,145.13043035002764,True,1583.2655,1738.4675,1581.4854,1742.4820,1581.4999,1742.4094,1581.4999,1742.4094,-37.90737715,145.13041117,1581.4999,1742.4094,1147258794#2,0,2.2834,False,,,,,4.3193,4.3193,0.0740,18.724,4.050,4.050,242.6,8.52,
2026-10-01T12:04:21.315,1790820261.998,35,topo_wokal_ebike,topo,False,-37.90741297648547,145.13043035002764,True,1583.2655,1738.4675,1583.2655,1738.4675,1583.5751,1738.0969,1583.5751,1738.0969,-37.90741637,145.13043378,1583.5751,1738.0969,985415977,0,,False,0.4829,0.976280,prox=0.999 head=0.988 conn=0.900 turn=1.000,,0.4829,0.4829,0.4829,39.170,4.050,4.050,242.6,8.52,
2026-10-01T12:04:21.315,1790820261.998,35,topo_wkal_ebike,topo,True,-37.90741297648547,145.13043035002764,True,1583.2655,1738.4675,1581.4854,1742.4820,1581.5002,1742.4095,1581.5002,1742.4095,-37.90737715,145.13041118,1581.5002,1742.4095,1147258794#2,0,,False,0.0740,0.974264,prox=1.000 head=0.981 conn=0.900 turn=1.000,,4.3193,4.3193,0.0740,41.905,4.050,4.050,242.6,8.52,
2026-10-01T12:04:21.315,1790820261.998,35,fuzzy_wokal_ebike,fuzzy,False,-37.90741297648547,145.13043035002764,True,1583.2655,1738.4675,1583.2655,1738.4675,1598.1900,1743.3200,1598.1900,1743.3200,-37.90737196,145.13060114,1598.1910,1743.3199,1147258794#0,0,,False,15.6935,40.858067,short=0.000 small=0.771 angle_diff=34.142 mode=entering_pending,,15.6935,15.6935,15.6935,0.231,4.050,4.050,242.6,8.52,
2026-10-01T12:04:21.315,1790820261.998,35,fuzzy_wkal_ebike,fuzzy,True,-37.90741297648547,145.13043035002764,True,1583.2655,1738.4675,1581.4854,1742.4820,1598.1900,1743.3200,1598.1900,1743.3200,-37.90737196,145.13060114,1598.1910,1743.3199,1147258794#0,0,,False,16.7256,40.858067,short=0.000 small=0.771 angle_diff=34.142 mode=entering_pending,,15.6935,15.6935,16.7256,0.216,4.050,4.050,242.6,8.52,
2026-10-01T12:04:21.315,1790820261.998,35,hmm_wokal_ebike,hmm,False,-37.90741297648547,145.13043035002764,True,1583.2655,1738.4675,1583.2655,1738.4675,1582.4210,1742.5978,1582.4210,1742.5978,-37.90737562,145.13042169,1582.4210,1742.5978,1147258794#2,0,,False,4.2158,0.000000,emission=-3.183 transition=-45.348 sigma=8.515 num_candidates=5.000,,4.2158,4.2158,4.2158,95.097,4.050,4.050,242.6,8.52,
2026-10-01T12:04:21.315,1790820261.998,35,hmm_wkal_ebike,hmm,True,-37.90741297648547,145.13043035002764,True,1583.2655,1738.4675,1581.4854,1742.4820,1584.3729,1738.7360,1584.3729,1738.7360,-37.90741076,145.13044300,1584.3729,1738.7360,985415977,0,,False,4.7297,0.000000,emission=-3.215 transition=-23.444 sigma=8.515 num_candidates=5.000,,1.1395,1.1395,4.7297,42.612,4.050,4.050,242.6,8.52,
2026-10-01T12:04:21.315,1790820261.998,35,st_wokal_ebike,st,False,-37.90741297648547,145.13043035002764,True,1583.2655,1738.4675,1583.2655,1738.4675,1583.5751,1738.0969,1583.5751,1738.0969,-37.90741637,145.13043378,1583.5751,1738.0969,985415977,0,,False,0.4829,-31.332726,obs=0.020 trans=1.000 fs=0.020 ft=1.000,8,0.4829,0.4829,0.4829,96.408,4.050,4.050,242.6,8.52,
2026-10-01T12:04:21.315,1790820261.998,35,st_wkal_ebike,st,True,-37.90741297648547,145.13043035002764,True,1583.2655,1738.4675,1581.4854,1742.4820,1581.5002,1742.4095,1581.5002,1742.4095,-37.90737715,145.13041118,1581.5002,1742.4095,1147258794#2,0,,False,0.0740,-31.453429,obs=0.020 trans=1.000 fs=0.020 ft=1.000,8,4.3193,4.3193,0.0740,39.656,4.050,4.050,242.6,8.52,
2026-10-01T12:04:23.757,1790820263.998,36,native_wokal_ebike,native,False,-37.90746136840208,145.13037515428525,True,1578.5205,1733.0003,1578.5205,1733.0003,1578.2275,1733.3256,1578.2275,1733.3256,-37.90745839,145.13037190,1578.2275,1733.3256,985415977,0,8.8686,False,,,,,0.4378,0.4378,0.4378,15.550,3.565,3.565,223.9,8.77,
2026-10-01T12:04:23.757,1790820263.998,36,native_wkal_ebike,native,True,-37.90746136840208,145.13037515428525,True,1578.5205,1733.0003,1573.5503,1738.8808,1573.1018,1740.2540,1573.1018,1740.2540,-37.90739505,145.13031520,1573.1018,1740.2540,1147258794#2,0,10.9598,False,,,,,9.0541,9.0541,1.4446,13.128,3.565,3.565,223.9,8.77,
2026-10-01T12:04:23.757,1790820263.998,36,topo_wokal_ebike,topo,False,-37.90746136840208,145.13037515428525,True,1578.5205,1733.0003,1578.5205,1733.0003,1578.2254,1733.3238,1578.2254,1733.3238,-37.90745840,145.13037187,1578.2254,1733.3238,985415977,0,,False,0.4378,0.999512,prox=1.000 head=0.999 conn=1.000 turn=1.000,,0.4378,0.4378,0.4378,44.611,3.565,3.565,223.9,8.77,
2026-10-01T12:04:23.757,1790820263.998,36,topo_wkal_ebike,topo,True,-37.90746136840208,145.13037515428525,True,1578.5205,1733.0003,1573.5503,1738.8808,1573.1031,1740.2544,1573.1031,1740.2544,-37.90739504,145.13031522,1573.1031,1740.2544,1147258794#2,0,,False,1.4446,0.980508,prox=0.995 head=0.941 conn=1.000 turn=1.000,,9.0537,9.0537,1.4446,40.574,3.565,3.565,223.9,8.77,
2026-10-01T12:04:23.757,1790820263.998,36,fuzzy_wokal_ebike,fuzzy,False,-37.90746136840208,145.13037515428525,True,1578.5205,1733.0003,1578.5205,1733.0003,1578.2254,1733.3238,1578.2254,1733.3238,-37.90745840,145.13037187,1578.2254,1733.3238,985415977,0,,False,0.4378,98.220708,short=0.964 small=1.000 angle_diff=3.729 mode=confirmed,,0.4378,0.4378,0.4378,0.350,3.565,3.565,223.9,8.77,
2026-10-01T12:04:23.757,1790820263.998,36,fuzzy_wkal_ebike,fuzzy,True,-37.90746136840208,145.13037515428525,True,1578.5205,1733.0003,1573.5503,1738.8808,1573.1031,1740.2544,1573.1031,1740.2544,-37.90739504,145.13031522,1573.1031,1740.2544,1147258794#2,0,,False,1.4446,83.930539,short=0.844 small=0.923 angle_diff=28.068 mode=confirmed,,9.0537,9.0537,1.4446,0.351,3.565,3.565,223.9,8.77,
2026-10-01T12:04:23.757,1790820263.998,36,hmm_wokal_ebike,hmm,False,-37.90746136840208,145.13037515428525,True,1578.5205,1733.0003,1578.5205,1733.0003,1578.2254,1733.3238,1578.2254,1733.3238,-37.90745840,145.13037187,1578.2254,1733.3238,985415977,0,,False,0.4378,0.000000,emission=-3.091 transition=1.267 sigma=8.766 num_candidates=5.000,,0.4378,0.4378,0.4378,86.011,3.565,3.565,223.9,8.77,
2026-10-01T12:04:23.757,1790820263.998,36,hmm_wkal_ebike,hmm,True,-37.90746136840208,145.13037515428525,True,1578.5205,1733.0003,1573.5503,1738.8808,1578.4403,1733.5197,1578.4403,1733.5197,-37.90745668,145.13037436,1578.4403,1733.5197,985415977,0,,False,7.2562,0.000000,emission=-3.432 transition=-2.449 sigma=8.766 num_candidates=5.000,,0.5255,0.5255,7.2562,46.778,3.565,3.565,223.9,8.77,
2026-10-01T12:04:23.757,1790820263.998,36,st_wokal_ebike,st,False,-37.90746136840208,145.13037515428525,True,1578.5205,1733.0003,1578.5205,1733.0003,1578.2254,1733.3238,1578.2254,1733.3238,-37.90745840,145.13037187,1578.2254,1733.3238,985415977,0,,False,0.4378,-31.332855,obs=0.020 trans=1.000 fs=0.020 ft=1.000,8,0.4378,0.4378,0.4378,76.918,3.565,3.565,223.9,8.77,
2026-10-01T12:04:23.757,1790820263.998,36,st_wkal_ebike,st,True,-37.90746136840208,145.13037515428525,True,1578.5205,1733.0003,1573.5503,1738.8808,1573.1031,1740.2544,1573.1031,1740.2544,-37.90739504,145.13031522,1573.1031,1740.2544,1147258794#2,0,,False,1.4446,-31.383679,obs=0.020 trans=1.000 fs=0.020 ft=1.000,8,9.0537,9.0537,1.4446,40.440,3.565,3.565,223.9,8.77,
2026-10-01T12:04:26.172,1790820266.998,37,native_wokal_ebike,native,False,-37.90751491761252,145.1302974827248,True,1571.8108,1726.9213,1571.8108,1726.9213,1571.6672,1727.0724,1571.6672,1727.0724,-37.90751353,145.13029588,1571.6672,1727.0724,985415977,0,17.9333,False,,,,,0.2085,0.2085,0.2085,19.917,3.441,3.441,224.0,9.71,
2026-10-01T12:04:26.172,1790820266.998,37,native_wkal_ebike,native,True,-37.90751491761252,145.1302974827248,True,1571.8108,1726.9213,1563.1321,1733.8156,1562.3920,1735.3418,1562.3920,1735.3418,-37.90743736,145.13019232,1562.3920,1735.3418,:579291_0,0,1.4872,True,,,,,12.6340,12.6340,1.6961,16.128,3.441,3.441,224.0,9.71,
2026-10-01T12:04:26.172,1790820266.998,37,topo_wokal_ebike,topo,False,-37.90751491761252,145.1302974827248,True,1571.8108,1726.9213,1571.8108,1726.9213,1571.6633,1727.0685,1571.6633,1727.0685,-37.90751357,145.13029584,1571.6633,1727.0685,985415977,0,,False,0.2084,0.999942,prox=1.000 head=1.000 conn=1.000 turn=1.000,,0.2084,0.2084,0.2084,39.986,3.441,3.441,224.0,9.71,
2026-10-01T12:04:26.172,1790820266.998,37,topo_wkal_ebike,topo,True,-37.90751491761252,145.1302974827248,True,1571.8108,1726.9213,1563.1321,1733.8156,1563.7400,1735.9700,1563.7400,1735.9700,-37.90743195,145.13020778,1563.7409,1735.9705,1147258794#2,0,,False,1.7986,0.990086,prox=0.993 head=0.977 conn=1.000 turn=1.000,,12.1251,12.1251,2.2385,40.553,3.441,3.441,224.0,9.71,
2026-10-01T12:04:26.172,1790820266.998,37,fuzzy_wokal_ebike,fuzzy,False,-37.90751491761252,145.1302974827248,True,1571.8108,1726.9213,1571.8108,1726.9213,1571.6633,1727.0685,1571.6633,1727.0685,-37.90751357,145.13029584,1571.6633,1727.0685,985415977,0,,False,0.2084,98.753668,short=0.975 small=1.000 angle_diff=0.921 mode=following,,0.2084,0.2084,0.2084,0.091,3.441,3.441,224.0,9.71,
2026-10-01T12:04:26.172,1790820266.998,37,fuzzy_wkal_ebike,fuzzy,True,-37.90751491761252,145.1302974827248,True,1571.8108,1726.9213,1563.1321,1733.8156,1563.7400,1735.9700,1563.7400,1735.9700,-37.90743195,145.13020778,1563.7409,1735.9705,1147258794#2,0,,False,2.2385,80.155494,short=0.603 small=1.000 angle_diff=17.635 mode=confirmed,,12.1251,12.1251,2.2385,0.162,3.441,3.441,224.0,9.71,
2026-10-01T12:04:26.172,1790820266.998,37,hmm_wokal_ebike,hmm,False,-37.90751491761252,145.1302974827248,True,1571.8108,1726.9213,1571.8108,1726.9213,1571.6633,1727.0685,1571.6633,1727.0685,-37.90751357,145.13029584,1571.6633,1727.0685,985415977,0,,False,0.2084,0.000000,emission=-3.193 transition=1.542 sigma=9.714 num_candidates=5.000,,0.2084,0.2084,0.2084,38.028,3.441,3.441,224.0,9.71,
2026-10-01T12:04:26.172,1790820266.998,37,hmm_wkal_ebike,hmm,True,-37.90751491761252,145.1302974827248,True,1571.8108,1726.9213,1563.1321,1733.8156,1562.6800,1737.9300,1562.6800,1737.9300,-37.90741410,145.13019618,1562.6800,1737.9300,-1147258794#2,0,,False,3.1394,0.000000,emission=-3.245 transition=-2.704 sigma=9.714 num_candidates=5.000,,14.3026,14.3026,4.1391,38.726,3.441,3.441,224.0,9.71,
2026-10-01T12:04:26.172,1790820266.998,37,st_wokal_ebike,st,False,-37.90751491761252,145.1302974827248,True,1571.8108,1726.9213,1571.8108,1726.9213,1571.6633,1727.0685,1571.6633,1727.0685,-37.90751357,145.13029584,1571.6633,1727.0685,985415977,0,,False,0.2084,-31.331209,obs=0.020 trans=0.999 fs=0.020 ft=1.000,8,0.2084,0.2084,0.2084,40.778,3.441,3.441,224.0,9.71,
2026-10-01T12:04:26.172,1790820266.998,37,st_wkal_ebike,st,True,-37.90751491761252,145.1302974827248,True,1571.8108,1726.9213,1563.1321,1733.8156,1563.7400,1735.9700,1563.7400,1735.9700,-37.90743195,145.13020778,1563.7409,1735.9705,1147258794#2,0,,False,1.7986,-31.352474,obs=0.020 trans=1.000 fs=0.020 ft=1.000,8,12.1251,12.1251,2.2385,39.451,3.441,3.441,224.0,9.71,
2026-10-01T12:04:28.511,1790820268.998,38,native_wokal_ebike,native,False,-37.907594345103284,145.13024630927976,True,1567.4885,1718.0174,1567.4885,1718.0174,1565.9807,1718.7238,1565.9807,1718.7238,-37.90758771,145.13022933,1565.9807,1718.7238,:12594385116_0,0,3.3963,True,,,,,1.6651,1.6651,1.6651,18.614,4.684,4.684,205.0,10.00,
2026-10-01T12:04:28.511,1790820268.998,38,native_wkal_ebike,native,True,-37.907594345103284,145.13024630927976,True,1567.4885,1718.0174,1558.6347,1727.2683,1556.8903,1728.1762,1556.8903,1728.1762,-37.90750092,145.13012813,1556.8903,1728.1762,5094886#1,0,0.4327,False,,,,,14.6807,14.6807,1.9665,17.322,4.684,4.684,205.0,10.00,
2026-10-01T12:04:28.511,1790820268.998,38,topo_wokal_ebike,topo,False,-37.907594345103284,145.13024630927976,True,1567.4885,1718.0174,1567.4885,1718.0174,1567.4200,1721.8000,1567.4200,1721.8000,-37.90756026,145.13024639,1567.4205,1721.8009,985415977,0,,False,1.1259,0.998472,prox=0.997 head=0.999 conn=1.000 turn=1.000,,3.7832,3.7832,3.7832,39.462,4.684,4.684,205.0,10.00,
2026-10-01T12:04:28.511,1790820268.998,38,topo_wkal_ebike,topo,True,-37.907594345103284,145.13024630927976,True,1567.4885,1718.0174,1558.6347,1727.2683,1559.8200,1733.2300,1559.8200,1733.2300,-37.90745592,145.13016259,1559.8201,1733.2310,5094886#0,0,,False,6.0784,0.940033,prox=0.921 head=0.972 conn=0.900 turn=1.000,,17.0361,17.0361,6.0784,38.583,4.684,4.684,205.0,10.00,
2026-10-01T12:04:28.511,1790820268.998,38,fuzzy_wokal_ebike,fuzzy,False,-37.907594345103284,145.13024630927976,True,1567.4885,1718.0174,1567.4885,1718.0174,1567.4200,1721.8000,1567.4200,1721.8000,-37.90756026,145.13024639,1567.4205,1721.8009,985415977,0,,False,3.7832,55.686662,short=0.114 small=1.000 angle_diff=4.200 mode=confirmed,,3.7832,3.7832,3.7832,1.120,4.684,4.684,205.0,10.00,
2026-10-01T12:04:28.511,1790820268.998,38,fuzzy_wkal_ebike,fuzzy,True,-37.907594345103284,145.13024630927976,True,1567.4885,1718.0174,1558.6347,1727.2683,1563.7400,1735.9700,1563.7400,1735.9700,-37.90743195,145.13020778,1563.7409,1735.9705,1147258794#2,0,,False,10.0888,38.383921,short=0.000 small=0.710 angle_diff=36.616 mode=entering_pending,,18.3398,18.3398,10.0888,0.157,4.684,4.684,205.0,10.00,
2026-10-01T12:04:28.511,1790820268.998,38,hmm_wokal_ebike,hmm,False,-37.907594345103284,145.13024630927976,True,1567.4885,1718.0174,1567.4885,1718.0174,1567.4200,1721.8000,1567.4200,1721.8000,-37.90756026,145.13024639,1567.4205,1721.8009,985415977,0,,False,1.1259,0.000000,emission=-3.228 transition=-13.884 sigma=10.000 num_candidates=5.000,,3.7832,3.7832,3.7832,57.545,4.684,4.684,205.0,10.00,
2026-10-01T12:04:28.511,1790820268.998,38,hmm_wkal_ebike,hmm,True,-37.907594345103284,145.13024630927976,True,1567.4885,1718.0174,1558.6347,1727.2683,1554.9232,1729.2033,1554.9232,1729.2033,-37.90749131,145.13010600,1554.9232,1729.2033,-5094886#1,0,,False,4.1480,0.000000,emission=-3.308 transition=-30.621 sigma=10.000 num_candidates=5.000,,16.8229,16.8229,4.1856,39.808,4.684,4.684,205.0,10.00,
2026-10-01T12:04:28.511,1790820268.998,38,st_wokal_ebike,st,False,-37.907594345103284,145.13024630927976,True,1567.4885,1718.0174,1567.4885,1718.0174,1567.4200,1721.8000,1567.4200,1721.8000,-37.90756026,145.13024639,1567.4205,1721.8009,985415977,0,,False,1.1259,-31.332463,obs=0.020 trans=1.000 fs=0.020 ft=1.000,8,3.7832,3.7832,3.7832,53.541,4.684,4.684,205.0,10.00,
2026-10-01T12:04:28.511,1790820268.998,38,st_wkal_ebike,st,True,-37.907594345103284,145.13024630927976,True,1567.4885,1718.0174,1558.6347,1727.2683,1556.8902,1728.1760,1556.8902,1728.1760,-37.90750092,145.13012813,1556.8902,1728.1760,5094886#1,0,,False,1.9665,-31.343408,obs=0.020 trans=1.000 fs=0.020 ft=1.000,8,14.6806,14.6806,1.9665,40.088,4.684,4.684,205.0,10.00,
2026-10-01T12:04:30.878,1790820271.998,39,native_wokal_ebike,native,False,-37.90775803559545,145.13024654367402,True,1567.8734,1699.8539,1567.8734,1699.8539,1564.0700,1700.0204,1564.0700,1700.0204,-37.90775585,145.13020334,1564.0700,1700.0204,:26582327_0,0,3.8535,True,,,,,3.8070,3.8070,3.8070,18.579,5.769,5.769,179.7,10.13,
2026-10-01T12:04:30.878,1790820271.998,39,native_wkal_ebike,native,True,-37.90775803559545,145.13024654367402,True,1567.8734,1699.8539,1554.6797,1714.1792,1556.0036,1716.0152,1556.0036,1716.0152,-37.90761031,145.13011527,1556.0036,1716.0152,985461730,0,14.8634,False,,,,,20.0519,20.0519,2.2635,16.496,5.769,5.769,179.7,10.13,
2026-10-01T12:04:30.878,1790820271.998,39,topo_wokal_ebike,topo,False,-37.90775803559545,145.13024654367402,True,1567.8734,1699.8539,1567.8734,1699.8539,1563.9100,1703.8700,1563.9100,1703.8700,-37.90772114,145.13020240,1563.9099,1703.8710,985461729#1,0,,False,5.1154,0.957175,prox=0.944 head=0.999 conn=0.900 turn=1.000,,5.6425,5.6425,5.6425,37.624,5.769,5.769,179.7,10.13,
2026-10-01T12:04:30.878,1790820271.998,39,topo_wkal_ebike,topo,True,-37.90775803559545,145.13024654367402,True,1567.8734,1699.8539,1554.6797,1714.1792,1563.0700,1722.4300,1563.0700,1722.4300,-37.90755380,145.13019708,1563.0698,1722.4310,985461729#0,0,,False,8.9037,0.911164,prox=0.838 head=0.986 conn=0.900 turn=1.000,,23.0814,23.0814,11.7674,37.633,5.769,5.769,179.7,10.13,
2026-10-01T12:04:30.878,1790820271.998,39,fuzzy_wokal_ebike,fuzzy,False,-37.90775803559545,145.13024654367402,True,1567.8734,1699.8539,1567.8734,1699.8539,1567.4200,1721.8000,1567.4200,1721.8000,-37.90756026,145.13024639,1567.4205,1721.8009,985415977,0,,False,21.9508,45.489880,short=0.000 small=0.887 angle_diff=29.510 mode=entering_pending,,21.9508,21.9508,21.9508,0.220,5.769,5.769,179.7,10.13,
2026-10-01T12:04:30.878,1790820271.998,39,fuzzy_wkal_ebike,fuzzy,True,-37.90775803559545,145.13024654367402,True,1567.8734,1699.8539,1554.6797,1714.1792,1559.8200,1733.2300,1559.8200,1733.2300,-37.90745592,145.13016259,1559.8201,1733.2310,5094886#0,0,,False,19.7321,50.000000,short=0.000 small=1.000 angle_diff=6.001 mode=confirmed,,34.3340,34.3340,19.7321,0.124,5.769,5.769,179.7,10.13,
2026-10-01T12:04:30.878,1790820271.998,39,hmm_wokal_ebike,hmm,False,-37.90775803559545,145.13024654367402,True,1567.8734,1699.8539,1567.8734,1699.8539,1563.7200,1696.1800,1563.7200,1696.1800,-37.90779038,145.13019848,1563.7200,1696.1800,5094887#0,0,,False,4.9928,0.000000,emission=-3.356 transition=-67.867 sigma=10.128 num_candidates=5.000,,5.5451,5.5451,5.5451,66.866,5.769,5.769,179.7,10.13,
2026-10-01T12:04:30.878,1790820271.998,39,hmm_wkal_ebike,hmm,True,-37.90775803559545,145.13024654367402,True,1567.8734,1699.8539,1554.6797,1714.1792,1552.2300,1722.4000,1552.2300,1722.4000,-37.90755211,145.13007383,1552.2308,1722.4006,5094886#1,0,,False,8.4472,0.000000,emission=-3.582 transition=-24.933 sigma=10.128 num_candidates=5.000,,27.4416,27.4416,8.5780,38.382,5.769,5.769,179.7,10.13,
2026-10-01T12:04:30.878,1790820271.998,39,st_wokal_ebike,st,False,-37.90775803559545,145.13024654367402,True,1567.8734,1699.8539,1567.8734,1699.8539,1563.7200,1696.1800,1563.7200,1696.1800,-37.90779038,145.13019848,1563.7200,1696.1800,5094887#0,0,,False,4.9928,-31.363081,obs=0.019 trans=1.000 fs=0.019 ft=1.000,8,5.5451,5.5451,5.5451,72.093,5.769,5.769,179.7,10.13,
2026-10-01T12:04:30.878,1790820271.998,39,st_wkal_ebike,st,True,-37.90775803559545,145.13024654367402,True,1567.8734,1699.8539,1554.6797,1714.1792,1552.2300,1722.4000,1552.2300,1722.4000,-37.90755211,145.13007383,1552.2308,1722.4006,5094886#1,0,,False,8.4472,-31.432165,obs=0.018 trans=1.000 fs=0.018 ft=1.000,8,27.4416,27.4416,8.5780,39.464,5.769,5.769,179.7,10.13,
2026-10-01T12:04:33.266,1790820273.998,40,native_wokal_ebike,native,False,-37.90785588027068,145.13019094145568,True,1563.2027,1688.8985,1563.2027,1688.8985,1562.8182,1688.9518,1562.8182,1688.9518,-37.90785533,145.13018658,1562.8182,1688.9518,5094887#0,0,7.2850,False,,,,,0.3882,0.3882,0.3882,15.707,5.573,5.573,188.9,9.97,
2026-10-01T12:04:33.266,1790820273.998,40,native_wkal_ebike,native,True,-37.90785588027068,145.13019094145568,True,1563.2027,1688.8985,1553.8144,1701.8448,1548.3099,1701.8592,1548.3099,1701.8592,-37.90773644,145.13002457,1548.3099,1701.8592,35177167,0,14.8516,False,,,,,19.7427,19.7427,5.5045,12.403,5.573,5.573,188.9,9.97,
2026-10-01T12:04:33.266,1790820273.998,40,topo_wokal_ebike,topo,False,-37.90785588027068,145.13019094145568,True,1563.2027,1688.8985,1563.2027,1688.8985,1562.8183,1688.9525,1562.8183,1688.9525,-37.90785532,145.13018658,1562.8183,1688.9525,5094887#0,0,,False,0.3882,0.979847,prox=1.000 head=1.000 conn=0.900 turn=1.000,,0.3882,0.3882,0.3882,49.705,5.573,5.573,188.9,9.97,
2026-10-01T12:04:33.266,1790820273.998,40,topo_wkal_ebike,topo,True,-37.90785588027068,145.13019094145568,True,1563.2027,1688.8985,1553.8144,1701.8448,1563.9100,1703.8700,1563.9100,1703.8700,-37.90772114,145.13020240,1563.9099,1703.8710,985461729#1,0,,False,8.8961,0.912015,prox=0.839 head=0.988 conn=0.900 turn=1.000,,14.9882,14.9882,10.2968,38.527,5.573,5.573,188.9,9.97,
2026-10-01T12:04:33.266,1790820273.998,40,fuzzy_wokal_ebike,fuzzy,False,-37.90785588027068,145.13019094145568,True,1563.2027,1688.8985,1563.2027,1688.8985,1563.9100,1703.8700,1563.9100,1703.8700,-37.90772114,145.13020240,1563.9099,1703.8710,985461729#1,0,,False,14.9882,50.000000,short=0.000 small=1.000 angle_diff=12.359 mode=confirmed,,14.9882,14.9882,14.9882,0.189,5.573,5.573,188.9,9.97,
2026-10-01T12:04:33.266,1790820273.998,40,fuzzy_wkal_ebike,fuzzy,True,-37.90785588027068,145.13019094145568,True,1563.2027,1688.8985,1553.8144,1701.8448,1559.8200,1733.2300,1559.8200,1733.2300,-37.90745592,145.13016259,1559.8201,1733.2310,5094886#0,0,,False,31.9546,50.000000,short=0.000 small=1.000 angle_diff=3.198 mode=entering_pending,,44.4603,44.4603,31.9546,0.182,5.573,5.573,188.9,9.97,
2026-10-01T12:04:33.266,1790820273.998,40,hmm_wokal_ebike,hmm,False,-37.90785588027068,145.13019094145568,True,1563.2027,1688.8985,1563.2027,1688.8985,1562.8183,1688.9525,1562.8183,1688.9525,-37.90785532,145.13018658,1562.8183,1688.9525,5094887#0,0,,False,0.3882,0.000000,emission=-3.219 transition=-21.517 sigma=9.966 num_candidates=5.000,,0.3882,0.3882,0.3882,555.559,5.573,5.573,188.9,9.97,
2026-10-01T12:04:33.266,1790820273.998,40,hmm_wkal_ebike,hmm,True,-37.90785588027068,145.13019094145568,True,1563.2027,1688.8985,1553.8144,1701.8448,1562.4700,1703.0800,1562.4700,1703.0800,-37.90772800,145.13018585,1562.4700,1703.0800,985461730,0,,False,8.6941,0.000000,emission=-3.599 transition=-22.044 sigma=9.966 num_candidates=5.000,,14.2004,14.2004,8.7433,44.516,5.573,5.573,188.9,9.97,
2026-10-01T12:04:33.266,1790820273.998,40,st_wokal_ebike,st,False,-37.90785588027068,145.13019094145568,True,1563.2027,1688.8985,1563.2027,1688.8985,1562.8183,1688.9525,1562.8183,1688.9525,-37.90785532,145.13018658,1562.8183,1688.9525,5094887#0,0,,False,0.3882,-31.359474,obs=0.020 trans=1.000 fs=0.020 ft=1.000,8,0.3882,0.3882,0.3882,65.238,5.573,5.573,188.9,9.97,
2026-10-01T12:04:33.266,1790820273.998,40,st_wkal_ebike,st,True,-37.90785588027068,145.13019094145568,True,1563.2027,1688.8985,1553.8144,1701.8448,1562.4700,1703.0800,1562.4700,1703.0800,-37.90772800,145.13018585,1562.4700,1703.0800,985461730,0,,False,8.6941,-31.533874,obs=0.018 trans=1.000 fs=0.018 ft=1.000,8,14.2004,14.2004,8.7433,43.684,5.573,5.573,188.9,9.97,
2026-10-01T12:04:36.162,1790820276.998,41,native_wokal_ebike,native,False,-37.908012134328004,145.13017644874665,True,1562.2763,1671.5342,1562.2763,1671.5342,1560.4083,1671.7940,1560.4083,1671.7940,-37.90800946,145.13015527,1560.4083,1671.7940,5094887#0,0,24.6112,False,,,,,1.8860,1.8860,1.8860,20.674,5.927,5.927,189.8,10.36,
2026-10-01T12:04:36.162,1790820276.998,41,native_wkal_ebike,native,True,-37.908012134328004,145.13017644874665,True,1562.2763,1671.5342,1552.1541,1684.4893,1545.8787,1685.4153,1545.8787,1685.4153,-37.90788413,145.12999318,1545.8787,1685.4153,35177167,0,31.4743,False,,,,,21.4840,21.4840,6.3433,17.747,5.927,5.927,189.8,10.36,
2026-10-01T12:04:36.162,1790820276.998,41,topo_wokal_ebike,topo,False,-37.908012134328004,145.13017644874665,True,1562.2763,1671.5342,1562.2763,1671.5342,1560.4086,1671.7966,1560.4086,1671.7966,-37.90800943,145.13015527,1560.4086,1671.7966,5094887#0,0,,False,1.8860,0.996775,prox=0.992 head=1.000 conn=1.000 turn=1.000,,1.8860,1.8860,1.8860,37.750,5.927,5.927,189.8,10.36,
2026-10-01T12:04:36.162,1790820276.998,41,topo_wkal_ebike,topo,True,-37.908012134328004,145.13017644874665,True,1562.2763,1671.5342,1552.1541,1684.4893,1561.9972,1683.1068,1561.9972,1683.1068,-37.90790784,145.13017591,1561.9972,1683.1068,5094887#0,0,,False,9.9397,0.901075,prox=0.803 head=1.000 conn=0.900 turn=1.000,,11.5759,11.5759,9.9397,37.628,5.927,5.927,189.8,10.36,
2026-10-01T12:04:36.162,1790820276.998,41,fuzzy_wokal_ebike,fuzzy,False,-37.908012134328004,145.13017644874665,True,1562.2763,1671.5342,1562.2763,1671.5342,1563.9100,1703.8700,1563.9100,1703.8700,-37.90772114,145.13020240,1563.9099,1703.8710,985461729#1,0,,False,32.3770,50.000000,short=0.000 small=1.000 angle_diff=13.269 mode=entering_pending,,32.3770,32.3770,32.3770,0.219,5.927,5.927,189.8,10.36,
2026-10-01T12:04:36.162,1790820276.998,41,fuzzy_wkal_ebike,fuzzy,True,-37.908012134328004,145.13017644874665,True,1562.2763,1671.5342,1552.1541,1684.4893,1563.0700,1722.4300,1563.0700,1722.4300,-37.90755380,145.13019708,1563.0698,1722.4310,985461729#0,0,,False,39.4798,50.000000,short=0.000 small=1.000 angle_diff=23.743 mode=confirmed,,50.9020,50.9020,39.4798,0.200,5.927,5.927,189.8,10.36,
2026-10-01T12:04:36.162,1790820276.998,41,hmm_wokal_ebike,hmm,False,-37.908012134328004,145.13017644874665,True,1562.2763,1671.5342,1562.2763,1671.5342,1560.4086,1671.7966,1560.4086,1671.7966,-37.90800943,145.13015527,1560.4086,1671.7966,5094887#0,0,,False,1.8860,0.000000,emission=-3.273 transition=1.286 sigma=10.358 num_candidates=5.000,,1.8860,1.8860,1.8860,43.728,5.927,5.927,189.8,10.36,
2026-10-01T12:04:36.162,1790820276.998,41,hmm_wkal_ebike,hmm,True,-37.908012134328004,145.13017644874665,True,1562.2763,1671.5342,1552.1541,1684.4893,1561.9972,1683.1068,1561.9972,1683.1068,-37.90790784,145.13017591,1561.9972,1683.1068,5094887#0,0,,False,9.9397,0.000000,emission=-3.717 transition=-19.622 sigma=10.358 num_candidates=5.000,,11.5759,11.5759,9.9397,105.327,5.927,5.927,189.8,10.36,
2026-10-01T12:04:36.162,1790820276.998,41,st_wokal_ebike,st,False,-37.908012134328004,145.13017644874665,True,1562.2763,1671.5342,1562.2763,1671.5342,1560.4086,1671.7966,1560.4086,1671.7966,-37.90800943,145.13015527,1560.4086,1671.7966,5094887#0,0,,False,1.8860,-31.357678,obs=0.020 trans=1.000 fs=0.020 ft=1.000,8,1.8860,1.8860,1.8860,42.426,5.927,5.927,189.8,10.36,
2026-10-01T12:04:36.162,1790820276.998,41,st_wkal_ebike,st,True,-37.908012134328004,145.13017644874665,True,1562.2763,1671.5342,1552.1541,1684.4893,1561.9972,1683.1068,1561.9972,1683.1068,-37.90790784,145.13017591,1561.9972,1683.1068,5094887#0,0,,False,9.9397,-31.661647,obs=0.018 trans=1.000 fs=0.018 ft=1.000,8,11.5759,11.5759,9.9397,109.846,5.927,5.927,189.8,10.36,
2026-10-01T12:04:38.637,1790820278.998,42,native_wokal_ebike,native,False,-37.90812207966968,145.13015526959018,True,1560.6589,1659.2968,1560.6589,1659.2968,1558.6913,1659.5693,1558.6913,1659.5693,-37.90811927,145.13013296,1558.6913,1659.5693,5094887#0,0,36.9559,False,,,,,1.9865,1.9865,1.9865,21.873,6.105,6.105,189.3,10.48,
2026-10-01T12:04:38.637,1790820278.998,42,native_wkal_ebike,native,True,-37.90812207966968,145.13015526959018,True,1560.6589,1659.2968,1552.5843,1670.4728,1556.9028,1669.8652,1556.9028,1669.8652,-37.90802620,145.13011497,1560.0748,1669.4197,-5094887#0,0,40.5893,False,,,,,11.2160,11.2160,4.3610,18.937,6.105,6.105,189.3,10.48,
2026-10-01T12:04:38.637,1790820278.998,42,topo_wokal_ebike,topo,False,-37.90812207966968,145.13015526959018,True,1560.6589,1659.2968,1560.6589,1659.2968,1558.6918,1659.5731,1558.6918,1659.5731,-37.90811924,145.13013297,1558.6918,1659.5731,5094887#0,0,,False,1.9864,0.996471,prox=0.991 head=1.000 conn=1.000 turn=1.000,,1.9864,1.9864,1.9864,38.623,6.105,6.105,189.3,10.48,
2026-10-01T12:04:38.637,1790820278.998,42,topo_wkal_ebike,topo,True,-37.90812207966968,145.13015526959018,True,1560.6589,1659.2968,1552.5843,1670.4728,1560.0749,1669.4207,1560.0749,1669.4207,-37.90803078,145.13015094,1560.0749,1669.4207,5094887#0,0,,False,7.5642,0.952204,prox=0.881 head=1.000 conn=1.000 turn=1.000,,10.1407,10.1407,7.5642,38.103,6.105,6.105,189.3,10.48,
2026-10-01T12:04:38.637,1790820278.998,42,fuzzy_wokal_ebike,fuzzy,False,-37.90812207966968,145.13015526959018,True,1560.6589,1659.2968,1560.6589,1659.2968,1558.6918,1659.5731,1558.6918,1659.5731,-37.90811924,145.13013297,1558.6918,1659.5731,5094887#0,0,,False,1.9864,84.729670,short=0.695 small=1.000 angle_diff=1.262 mode=confirmed,,1.9864,1.9864,1.9864,0.208,6.105,6.105,189.3,10.48,
2026-10-01T12:04:38.637,1790820278.998,42,fuzzy_wkal_ebike,fuzzy,True,-37.90812207966968,145.13015526959018,True,1560.6589,1659.2968,1552.5843,1670.4728,1563.0700,1722.4300,1563.0700,1722.4300,-37.90755380,145.13019708,1563.0698,1722.4310,985461729#0,0,,False,53.0047,50.000000,short=0.000 small=1.000 angle_diff=23.182 mode=entering_pending,,63.1792,63.1792,53.0047,0.108,6.105,6.105,189.3,10.48,
2026-10-01T12:04:38.637,1790820278.998,42,hmm_wokal_ebike,hmm,False,-37.90812207966968,145.13015526959018,True,1560.6589,1659.2968,1560.6589,1659.2968,1558.6918,1659.5731,1558.6918,1659.5731,-37.90811924,145.13013297,1558.6918,1659.5731,5094887#0,0,,False,1.9864,0.000000,emission=-3.287 transition=1.607 sigma=10.482 num_candidates=5.000,,1.9864,1.9864,1.9864,74.120,6.105,6.105,189.3,10.48,
2026-10-01T12:04:38.637,1790820278.998,42,hmm_wkal_ebike,hmm,True,-37.90812207966968,145.13015526959018,True,1560.6589,1659.2968,1552.5843,1670.4728,1560.0749,1669.4207,1560.0749,1669.4207,-37.90803078,145.13015094,1560.0749,1669.4207,5094887#0,0,,False,7.5642,0.000000,emission=-3.529 transition=0.596 sigma=10.482 num_candidates=5.000,,10.1407,10.1407,7.5642,40.870,6.105,6.105,189.3,10.48,
2026-10-01T12:04:38.637,1790820278.998,42,st_wokal_ebike,st,False,-37.90812207966968,145.13015526959018,True,1560.6589,1659.2968,1560.6589,1659.2968,1558.6918,1659.5731,1558.6918,1659.5731,-37.90811924,145.13013297,1558.6918,1659.5731,5094887#0,0,,False,1.9864,-31.361758,obs=0.020 trans=1.000 fs=0.020 ft=1.000,8,1.9864,1.9864,1.9864,74.705,6.105,6.105,189.3,10.48,
2026-10-01T12:04:38.637,1790820278.998,42,st_wkal_ebike,st,True,-37.90812207966968,145.13015526959018,True,1560.6589,1659.2968,1552.5843,1670.4728,1560.0749,1669.4207,1560.0749,1669.4207,-37.90803078,145.13015094,1560.0749,1669.4207,5094887#0,0,,False,7.5642,-31.732332,obs=0.019 trans=1.000 fs=0.019 ft=1.000,8,10.1407,10.1407,7.5642,39.495,6.105,6.105,189.3,10.48,
2026-10-01T12:04:41.044,1790820281.998,43,native_wokal_ebike,native,False,-37.90825594690804,145.13012111039606,True,1557.9537,1644.3820,1557.9537,1644.3820,1556.5844,1644.5688,1556.5844,1644.5688,-37.90825402,145.13010558,1556.5844,1644.5688,5094887#0,0,52.1036,False,,,,,1.3820,1.3820,1.3820,18.723,4.950,4.950,189.3,10.13,
2026-10-01T12:04:41.044,1790820281.998,43,native_wkal_ebike,native,True,-37.90825594690804,145.13012111039606,True,1557.9537,1644.3820,1551.9282,1651.8570,1554.3273,1651.5195,1554.3273,1651.5195,-37.90819100,145.13008151,1557.4981,1651.0741,-5094887#0,0,22.0637,False,,,,,8.0059,8.0059,2.4227,14.014,4.950,4.950,189.3,10.13,
2026-10-01T12:04:41.044,1790820281.998,43,topo_wokal_ebike,topo,False,-37.90825594690804,145.13012111039606,True,1557.9537,1644.3820,1557.9537,1644.3820,1556.5852,1644.5742,1556.5852,1644.5742,-37.90825397,145.13010559,1556.5852,1644.5742,5094887#0,0,,False,1.3820,0.998270,prox=0.996 head=1.000 conn=1.000 turn=1.000,,1.3820,1.3820,1.3820,38.233,4.950,4.950,189.3,10.13,
2026-10-01T12:04:41.044,1790820281.998,43,topo_wkal_ebike,topo,True,-37.90825594690804,145.13012111039606,True,1557.9537,1644.3820,1551.9282,1651.8570,1557.4982,1651.0747,1557.4982,1651.0747,-37.90819558,145.13011746,1557.4982,1651.0747,5094887#0,0,,False,5.6246,0.972808,prox=0.932 head=1.000 conn=1.000 turn=1.000,,6.7082,6.7082,5.6246,38.855,4.950,4.950,189.3,10.13,
2026-10-01T12:04:41.044,1790820281.998,43,fuzzy_wokal_ebike,fuzzy,False,-37.90825594690804,145.13012111039606,True,1557.9537,1644.3820,1557.9537,1644.3820,1556.5852,1644.5742,1556.5852,1644.5742,-37.90825397,145.13010559,1556.5852,1644.5742,5094887#0,0,,False,1.3820,92.839354,short=0.857 small=1.000 angle_diff=1.262 mode=following,,1.3820,1.3820,1.3820,0.077,4.950,4.950,189.3,10.13,
2026-10-01T12:04:41.044,1790820281.998,43,fuzzy_wkal_ebike,fuzzy,True,-37.90825594690804,145.13012111039606,True,1557.9537,1644.3820,1551.9282,1651.8570,1563.0700,1722.4300,1563.0700,1722.4300,-37.90755380,145.13019708,1563.0698,1722.4310,985461729#0,0,,False,71.4471,50.000000,short=0.000 small=1.000 angle_diff=23.182 mode=entering_pending,,78.2155,78.2155,71.4471,38.370,4.950,4.950,189.3,10.13,
2026-10-01T12:04:41.044,1790820281.998,43,hmm_wokal_ebike,hmm,False,-37.90825594690804,145.13012111039606,True,1557.9537,1644.3820,1557.9537,1644.3820,1556.5852,1644.5742,1556.5852,1644.5742,-37.90825397,145.13010559,1556.5852,1644.5742,5094887#0,0,,False,1.3820,0.000000,emission=-3.244 transition=1.549 sigma=10.134 num_candidates=5.000,,1.3820,1.3820,1.3820,52.032,4.950,4.950,189.3,10.13,
2026-10-01T12:04:41.044,1790820281.998,43,hmm_wkal_ebike,hmm,True,-37.90825594690804,145.13012111039606,True,1557.9537,1644.3820,1551.9282,1651.8570,1557.4982,1651.0747,1557.4982,1651.0747,-37.90819558,145.13011746,1557.4982,1651.0747,5094887#0,0,,False,5.6246,0.000000,emission=-3.389 transition=1.103 sigma=10.134 num_candidates=5.000,,6.7082,6.7082,5.6246,71.916,4.950,4.950,189.3,10.13,
2026-10-01T12:04:41.044,1790820281.998,43,st_wokal_ebike,st,False,-37.90825594690804,145.13012111039606,True,1557.9537,1644.3820,1557.9537,1644.3820,1556.5852,1644.5742,1556.5852,1644.5742,-37.90825397,145.13010559,1556.5852,1644.5742,5094887#0,0,,False,1.3820,-31.363854,obs=0.020 trans=1.000 fs=0.020 ft=1.000,8,1.3820,1.3820,1.3820,53.523,4.950,4.950,189.3,10.13,
2026-10-01T12:04:41.044,1790820281.998,43,st_wkal_ebike,st,True,-37.90825594690804,145.13012111039606,True,1557.9537,1644.3820,1551.9282,1651.8570,1557.4982,1651.0747,1557.4982,1651.0747,-37.90819558,145.13011746,1557.4982,1651.0747,5094887#0,0,,False,5.6246,-31.771871,obs=0.019 trans=1.000 fs=0.019 ft=1.000,8,6.7082,6.7082,5.6246,74.776,4.950,4.950,189.3,10.13,
2026-10-01T12:04:43.500,1790820283.998,44,native_wokal_ebike,native,False,-37.90833600396374,145.13010170565582,True,1556.4258,1635.4642,1556.4258,1635.4642,1555.3264,1635.6122,1555.3264,1635.6122,-37.90833447,145.13008924,1555.3264,1635.6122,5094887#0,0,61.1481,False,,,,,1.1094,1.1094,1.1094,21.932,4.567,4.567,189.3,9.82,
2026-10-01T12:04:43.500,1790820283.998,44,native_wkal_ebike,native,True,-37.90833600396374,145.13010170565582,True,1556.4258,1635.4642,1552.2229,1639.3817,1552.6156,1639.3262,1552.6156,1639.3262,-37.90830053,145.13005927,1555.7855,1638.8810,-5094887#0,0,9.7509,False,,,,,5.4252,5.4252,0.3966,18.961,4.567,4.567,189.3,9.82,
2026-10-01T12:04:43.500,1790820283.998,44,topo_wokal_ebike,topo,False,-37.90833600396374,145.13010170565582,True,1556.4258,1635.4642,1556.4258,1635.4642,1555.3273,1635.6185,1555.3273,1635.6185,-37.90833442,145.13008925,1555.3273,1635.6185,5094887#0,0,,False,1.1093,0.998871,prox=0.997 head=1.000 conn=1.000 turn=1.000,,1.1093,1.1093,1.1093,40.563,4.567,4.567,189.3,9.82,
2026-10-01T12:04:43.500,1790820283.998,44,topo_wkal_ebike,topo,True,-37.90833600396374,145.13010170565582,True,1556.4258,1635.4642,1552.2229,1639.3817,1555.7856,1638.8813,1555.7856,1638.8813,-37.90830511,145.13009521,1555.7856,1638.8813,5094887#0,0,,False,3.5976,0.988623,prox=0.972 head=1.000 conn=1.000 turn=1.000,,3.4765,3.4765,3.5976,38.615,4.567,4.567,189.3,9.82,
2026-10-01T12:04:43.500,1790820283.998,44,fuzzy_wokal_ebike,fuzzy,False,-37.90833600396374,145.13010170565582,True,1556.4258,1635.4642,1556.4258,1635.4642,1555.3273,1635.6185,1555.3273,1635.6185,-37.90833442,145.13008925,1555.3273,1635.6185,5094887#0,0,,False,1.1093,95.123889,short=0.902 small=1.000 angle_diff=1.262 mode=following,,1.1093,1.1093,1.1093,0.073,4.567,4.567,189.3,9.82,
2026-10-01T12:04:43.500,1790820283.998,44,fuzzy_wkal_ebike,fuzzy,True,-37.90833600396374,145.13010170565582,True,1556.4258,1635.4642,1552.2229,1639.3817,1555.7856,1638.8813,1555.7856,1638.8813,-37.90830511,145.13009521,1555.7856,1638.8813,5094887#0,0,,False,3.5976,57.363141,short=0.147 small=1.000 angle_diff=1.262 mode=confirmed,,3.4765,3.4765,3.5976,38.868,4.567,4.567,189.3,9.82,
2026-10-01T12:04:43.500,1790820283.998,44,hmm_wokal_ebike,hmm,False,-37.90833600396374,145.13010170565582,True,1556.4258,1635.4642,1556.4258,1635.4642,1555.3273,1635.6185,1555.3273,1635.6185,-37.90833442,145.13008925,1555.3273,1635.6185,5094887#0,0,,False,1.1093,0.000000,emission=-3.210 transition=1.589 sigma=9.820 num_candidates=5.000,,1.1093,1.1093,1.1093,37.853,4.567,4.567,189.3,9.82,
2026-10-01T12:04:43.500,1790820283.998,44,hmm_wkal_ebike,hmm,True,-37.90833600396374,145.13010170565582,True,1556.4258,1635.4642,1552.2229,1639.3817,1555.7856,1638.8813,1555.7856,1638.8813,-37.90830511,145.13009521,1555.7856,1638.8813,5094887#0,0,,False,3.5976,0.000000,emission=-3.271 transition=0.781 sigma=9.820 num_candidates=5.000,,3.4765,3.4765,3.5976,60.328,4.567,4.567,189.3,9.82,
2026-10-01T12:04:43.500,1790820283.998,44,st_wokal_ebike,st,False,-37.90833600396374,145.13010170565582,True,1556.4258,1635.4642,1556.4258,1635.4642,1555.3273,1635.6185,1555.3273,1635.6185,-37.90833442,145.13008925,1555.3273,1635.6185,5094887#0,0,,False,1.1093,-31.363658,obs=0.020 trans=1.000 fs=0.020 ft=1.000,8,1.1093,1.1093,1.1093,41.766,4.567,4.567,189.3,9.82,
2026-10-01T12:04:43.500,1790820283.998,44,st_wkal_ebike,st,True,-37.90833600396374,145.13010170565582,True,1556.4258,1635.4642,1552.2229,1639.3817,1555.7856,1638.8813,1555.7856,1638.8813,-37.90830511,145.13009521,1555.7856,1638.8813,5094887#0,0,,False,3.5976,-31.785441,obs=0.020 trans=1.000 fs=0.020 ft=1.000,8,3.4765,3.4765,3.5976,57.999,4.567,4.567,189.3,9.82,
2026-10-01T12:04:45.909,1790820286.998,45,native_wokal_ebike,native,False,-37.908473584589416,145.13007256751203,True,1554.1703,1620.1462,1554.1703,1620.1462,1554.6438,1619.0465,1554.6438,1619.0465,-37.90848358,145.13007770,1554.6438,1619.0465,:2567269450_0,0,4.2456,True,,,,,1.1973,1.1973,1.1973,20.127,5.179,5.179,187.6,9.64,
2026-10-01T12:04:45.909,1790820286.998,45,native_wkal_ebike,native,True,-37.908473584589416,145.13007256751203,True,1554.1703,1620.1462,1551.4105,1622.2129,1552.2301,1621.5621,1552.2301,1621.5621,-37.90846048,145.13005083,1552.2301,1621.5621,:2567269450_10,0,2.8129,True,,,,,2.4019,2.4019,1.0466,17.546,5.179,5.179,187.6,9.64,
2026-10-01T12:04:45.909,1790820286.998,45,topo_wokal_ebike,topo,False,-37.908473584589416,145.13007256751203,True,1554.1703,1620.1462,1554.1703,1620.1462,1554.4300,1629.2300,1554.4300,1629.2300,-37.90839180,145.13007759,1554.4301,1629.2310,5094887#0,0,,False,3.1868,0.991070,prox=0.978 head=1.000 conn=1.000 turn=1.000,,9.0875,9.0875,9.0875,41.843,5.179,5.179,187.6,9.64,
2026-10-01T12:04:45.909,1790820286.998,45,topo_wkal_ebike,topo,True,-37.908473584589416,145.13007256751203,True,1554.1703,1620.1462,1551.4105,1622.2129,1554.4300,1629.2300,1554.4300,1629.2300,-37.90839180,145.13007759,1554.4301,1629.2310,5094887#0,0,,False,0.4426,0.999822,prox=1.000 head=1.000 conn=1.000 turn=1.000,,9.0875,9.0875,7.6392,56.951,5.179,5.179,187.6,9.64,
2026-10-01T12:04:45.909,1790820286.998,45,fuzzy_wokal_ebike,fuzzy,False,-37.908473584589416,145.13007256751203,True,1554.1703,1620.1462,1554.1703,1620.1462,1554.4300,1629.2300,1554.4300,1629.2300,-37.90839180,145.13007759,1554.4301,1629.2310,5094887#0,0,,False,9.0875,50.001323,short=0.000 small=1.000 angle_diff=0.418 mode=entering_pending,,9.0875,9.0875,9.0875,0.224,5.179,5.179,187.6,9.64,
2026-10-01T12:04:45.909,1790820286.998,45,fuzzy_wkal_ebike,fuzzy,True,-37.908473584589416,145.13007256751203,True,1554.1703,1620.1462,1551.4105,1622.2129,1554.4300,1629.2300,1554.4300,1629.2300,-37.90839180,145.13007759,1554.4301,1629.2310,5094887#0,0,,False,7.6392,50.013421,short=0.000 small=1.000 angle_diff=0.418 mode=entering_pending,,9.0875,9.0875,7.6392,0.208,5.179,5.179,187.6,9.64,
2026-10-01T12:04:45.909,1790820286.998,45,hmm_wokal_ebike,hmm,False,-37.908473584589416,145.13007256751203,True,1554.1703,1620.1462,1554.1703,1620.1462,1558.7500,1619.7300,1558.7500,1619.7300,-37.90847816,145.13012454,1558.7510,1619.7299,-250248463#0,0,,False,1.2176,0.000000,emission=-3.193 transition=-38.637 sigma=9.639 num_candidates=5.000,,4.5986,4.5986,4.5986,61.083,5.179,5.179,187.6,9.64,
2026-10-01T12:04:45.909,1790820286.998,45,hmm_wkal_ebike,hmm,True,-37.908473584589416,145.13007256751203,True,1554.1703,1620.1462,1551.4105,1622.2129,1552.4600,1614.9600,1552.4600,1614.9600,-37.90851999,145.13005194,1552.4600,1614.9600,5094887#1,0,,False,0.4369,0.000000,emission=-3.186 transition=-35.565 sigma=9.639 num_candidates=5.000,,5.4610,5.4610,7.3284,41.742,5.179,5.179,187.6,9.64,
2026-10-01T12:04:45.909,1790820286.998,45,st_wokal_ebike,st,False,-37.908473584589416,145.13007256751203,True,1554.1703,1620.1462,1554.1703,1620.1462,1552.4600,1614.9600,1552.4600,1614.9600,-37.90851999,145.13005194,1552.4600,1614.9600,5094887#1,0,,False,2.1396,-31.369326,obs=0.020 trans=1.000 fs=0.020 ft=1.000,8,5.4610,5.4610,5.4610,62.842,5.179,5.179,187.6,9.64,
2026-10-01T12:04:45.909,1790820286.998,45,st_wkal_ebike,st,True,-37.908473584589416,145.13007256751203,True,1554.1703,1620.1462,1551.4105,1622.2129,1552.4600,1614.9600,1552.4600,1614.9600,-37.90851999,145.13005194,1552.4600,1614.9600,5094887#1,0,,False,0.4369,-31.775744,obs=0.020 trans=1.000 fs=0.020 ft=1.000,8,5.4610,5.4610,7.3284,41.232,5.179,5.179,187.6,9.64,
2026-10-01T12:04:48.294,1790820288.998,46,native_wokal_ebike,native,False,-37.908563824819765,145.13006258071746,True,1553.4932,1610.1151,1553.4932,1610.1151,1551.8875,1610.3127,1551.8875,1610.3127,-37.90856175,145.13004437,1551.8875,1610.3127,5094887#1,0,4.6824,False,,,,,1.6178,1.6178,1.6178,18.109,4.923,4.923,185.9,9.38,
2026-10-01T12:04:48.294,1790820288.998,46,native_wkal_ebike,native,True,-37.908563824819765,145.13006258071746,True,1553.4932,1610.1151,1551.3429,1610.9383,1551.9552,1610.8627,1551.9552,1610.8627,-37.90855681,145.13004527,1551.9552,1610.8627,5094887#1,0,4.1283,False,,,,,1.7100,1.7100,0.6170,13.505,4.923,4.923,185.9,9.38,
2026-10-01T12:04:48.294,1790820288.998,46,topo_wokal_ebike,topo,False,-37.908563824819765,145.13006258071746,True,1553.4932,1610.1151,1553.4932,1610.1151,1551.8875,1610.3129,1551.8875,1610.3129,-37.90856175,145.13004437,1551.8875,1610.3129,5094887#1,0,,False,1.6178,0.977652,prox=0.994 head=1.000 conn=0.900 turn=1.000,,1.6178,1.6178,1.6178,39.716,4.923,4.923,185.9,9.38,
2026-10-01T12:04:48.294,1790820288.998,46,topo_wkal_ebike,topo,True,-37.908563824819765,145.13006258071746,True,1553.4932,1610.1151,1551.3429,1610.9383,1551.9553,1610.8629,1551.9553,1610.8629,-37.90855681,145.13004527,1551.9553,1610.8629,5094887#1,0,,False,0.6170,0.979634,prox=0.999 head=1.000 conn=0.900 turn=1.000,,1.7100,1.7100,0.6170,38.004,4.923,4.923,185.9,9.38,
2026-10-01T12:04:48.294,1790820288.998,46,fuzzy_wokal_ebike,fuzzy,False,-37.908563824819765,145.13006258071746,True,1553.4932,1610.1151,1553.4932,1610.1151,1551.8875,1610.3129,1551.8875,1610.3129,-37.90856175,145.13004437,1551.8875,1610.3129,5094887#1,0,,False,1.6178,90.200451,short=0.804 small=1.000 angle_diff=1.107 mode=confirmed,,1.6178,1.6178,1.6178,0.168,4.923,4.923,185.9,9.38,
2026-10-01T12:04:48.294,1790820288.998,46,fuzzy_wkal_ebike,fuzzy,True,-37.908563824819765,145.13006258071746,True,1553.4932,1610.1151,1551.3429,1610.9383,1551.9553,1610.8629,1551.9553,1610.8629,-37.90855681,145.13004527,1551.9553,1610.8629,5094887#1,0,,False,0.6170,97.657399,short=0.953 small=1.000 angle_diff=1.107 mode=confirmed,,1.7100,1.7100,0.6170,0.162,4.923,4.923,185.9,9.38,
2026-10-01T12:04:48.294,1790820288.998,46,hmm_wokal_ebike,hmm,False,-37.908563824819765,145.13006258071746,True,1553.4932,1610.1151,1553.4932,1610.1151,1551.8875,1610.3129,1551.8875,1610.3129,-37.90856175,145.13004437,1551.8875,1610.3129,5094887#1,0,,False,1.6178,0.000000,emission=-3.173 transition=-25.220 sigma=9.382 num_candidates=5.000,,1.6178,1.6178,1.6178,104.963,4.923,4.923,185.9,9.38,
2026-10-01T12:04:48.294,1790820288.998,46,hmm_wkal_ebike,hmm,True,-37.908563824819765,145.13006258071746,True,1553.4932,1610.1151,1551.3429,1610.9383,1558.7500,1619.7300,1558.7500,1619.7300,-37.90847816,145.13012454,1558.7510,1619.7299,-250248463#0,0,,False,10.8321,0.000000,emission=-3.824 transition=-27.388 sigma=9.382 num_candidates=5.000,,10.9581,10.9581,11.4961,103.553,4.923,4.923,185.9,9.38,
2026-10-01T12:04:48.294,1790820288.998,46,st_wokal_ebike,st,False,-37.908563824819765,145.13006258071746,True,1553.4932,1610.1151,1553.4932,1610.1151,1551.8875,1610.3129,1551.8875,1610.3129,-37.90856175,145.13004437,1551.8875,1610.3129,5094887#1,0,,False,1.6178,-31.371013,obs=0.020 trans=1.000 fs=0.020 ft=1.000,8,1.6178,1.6178,1.6178,98.401,4.923,4.923,185.9,9.38,
2026-10-01T12:04:48.294,1790820288.998,46,st_wkal_ebike,st,True,-37.908563824819765,145.13006258071746,True,1553.4932,1610.1151,1551.3429,1610.9383,1551.9553,1610.8629,1551.9553,1610.8629,-37.90855681,145.13004527,1551.9553,1610.8629,5094887#1,0,,False,0.6170,-31.766846,obs=0.020 trans=1.000 fs=0.020 ft=1.000,8,1.7100,1.7100,0.6170,104.928,4.923,4.923,185.9,9.38,
2026-10-01T12:04:50.866,1790820291.998,47,native_wokal_ebike,native,False,-37.90867703567456,145.13008787074762,True,1555.9686,1597.5973,1555.9686,1597.5973,1555.9442,1597.5447,1555.9442,1597.5447,-37.90867751,145.13008758,1555.9442,1597.5447,:cluster_313428767_33776544_585124792_585124793_4,0,6.9540,True,,,,,0.0580,0.0580,0.0580,19.106,3.999,3.999,163.7,8.96,
2026-10-01T12:04:50.866,1790820291.998,47,native_wkal_ebike,native,True,-37.90867703567456,145.13008787074762,True,1555.9686,1597.5973,1552.3958,1595.9874,1552.5165,1596.1792,1552.5165,1596.1792,-37.90868919,145.13004830,1552.5165,1596.1792,:cluster_313428767_33776544_585124792_585124793_16,0,12.9699,True,,,,,3.7320,3.7320,0.2266,18.160,3.999,3.999,163.7,8.96,
2026-10-01T12:04:50.866,1790820291.998,47,topo_wokal_ebike,topo,False,-37.90867703567456,145.13008787074762,True,1555.9686,1597.5973,1555.9686,1597.5973,1550.8400,1601.8100,1550.8400,1601.8100,-37.90863816,145.13003052,1550.8401,1601.8110,5094887#1,0,,False,4.4801,0.970247,prox=0.956 head=0.959 conn=1.000 turn=1.000,,6.6370,6.6370,6.6370,37.105,3.999,3.999,163.7,8.96,
2026-10-01T12:04:50.866,1790820291.998,47,topo_wkal_ebike,topo,True,-37.90867703567456,145.13008787074762,True,1555.9686,1597.5973,1552.3958,1595.9874,1550.8400,1601.8100,1550.8400,1601.8100,-37.90863816,145.13003052,1550.8401,1601.8110,5094887#1,0,,False,0.7152,0.987241,prox=0.999 head=0.959 conn=1.000 turn=1.000,,6.6370,6.6370,6.0269,37.478,3.999,3.999,163.7,8.96,
2026-10-01T12:04:50.866,1790820291.998,47,fuzzy_wokal_ebike,fuzzy,False,-37.90867703567456,145.13008787074762,True,1555.9686,1597.5973,1555.9686,1597.5973,1550.8400,1601.8100,1550.8400,1601.8100,-37.90863816,145.13003052,1550.8401,1601.8110,5094887#1,0,,False,6.6370,50.066638,short=0.001 small=1.000 angle_diff=23.369 mode=confirmed,,6.6370,6.6370,6.6370,0.165,3.999,3.999,163.7,8.96,
2026-10-01T12:04:50.866,1790820291.998,47,fuzzy_wkal_ebike,fuzzy,True,-37.90867703567456,145.13008787074762,True,1555.9686,1597.5973,1552.3958,1595.9874,1550.8400,1601.8100,1550.8400,1601.8100,-37.90863816,145.13003052,1550.8401,1601.8110,5094887#1,0,,False,6.0269,50.176484,short=0.004 small=1.000 angle_diff=23.369 mode=confirmed,,6.6370,6.6370,6.0269,0.154,3.999,3.999,163.7,8.96,
2026-10-01T12:04:50.866,1790820291.998,47,hmm_wokal_ebike,hmm,False,-37.90867703567456,145.13008787074762,True,1555.9686,1597.5973,1555.9686,1597.5973,1550.8400,1601.8100,1550.8400,1601.8100,-37.90863816,145.13003052,1550.8401,1601.8110,5094887#1,0,,False,4.4801,0.000000,emission=-3.237 transition=-0.866 sigma=8.962 num_candidates=5.000,,6.6370,6.6370,6.6370,70.649,3.999,3.999,163.7,8.96,
2026-10-01T12:04:50.866,1790820291.998,47,hmm_wkal_ebike,hmm,True,-37.90867703567456,145.13008787074762,True,1555.9686,1597.5973,1552.3958,1595.9874,1550.8400,1601.8100,1550.8400,1601.8100,-37.90863816,145.13003052,1550.8401,1601.8110,5094887#1,0,,False,0.7152,0.000000,emission=-3.115 transition=-7.054 sigma=8.962 num_candidates=5.000,,6.6370,6.6370,6.0269,71.717,3.999,3.999,163.7,8.96,
2026-10-01T12:04:50.866,1790820291.998,47,st_wokal_ebike,st,False,-37.90867703567456,145.13008787074762,True,1555.9686,1597.5973,1555.9686,1597.5973,1550.8400,1601.8100,1550.8400,1601.8100,-37.90863816,145.13003052,1550.8401,1601.8110,5094887#1,0,,False,4.4801,-31.364942,obs=0.019 trans=1.000 fs=0.019 ft=1.000,8,6.6370,6.6370,6.6370,71.603,3.999,3.999,163.7,8.96,
2026-10-01T12:04:50.866,1790820291.998,47,st_wkal_ebike,st,True,-37.90867703567456,145.13008787074762,True,1555.9686,1597.5973,1552.3958,1595.9874,1550.8400,1601.8100,1550.8400,1601.8100,-37.90863816,145.13003052,1550.8401,1601.8110,5094887#1,0,,False,0.7152,-31.658576,obs=0.020 trans=1.000 fs=0.020 ft=1.000,8,6.6370,6.6370,6.0269,67.951,3.999,3.999,163.7,8.96,
2026-10-01T12:04:53.312,1790820293.998,48,native_wokal_ebike,native,False,-37.90869988663966,145.13016928953942,True,1563.1776,1595.2052,1563.1776,1595.2052,1563.2058,1593.8418,1563.2058,1593.8418,-37.90871217,145.13016930,1563.2058,1593.8418,:cluster_313428767_33776544_585124792_585124793_14,0,20.1890,True,,,,,1.3637,1.3637,1.3637,20.667,3.501,3.501,112.6,8.88,
2026-10-01T12:04:53.312,1790820293.998,48,native_wkal_ebike,native,True,-37.90869988663966,145.13016928953942,True,1563.1776,1595.2052,1556.3947,1589.3920,1556.4307,1590.9159,1556.4307,1590.9159,-37.90873731,145.13009160,1556.4307,1590.9159,:cluster_313428767_33776544_585124792_585124793_0,0,21.7305,True,,,,,7.9949,7.9949,1.5243,18.862,3.501,3.501,112.6,8.88,
2026-10-01T12:04:53.312,1790820293.998,48,topo_wokal_ebike,topo,False,-37.90869988663966,145.13016928953942,True,1563.1776,1595.2052,1563.1776,1595.2052,1578.5400,1592.3600,1578.5400,1592.3600,-37.90872829,145.13034331,1578.5400,1592.3600,-1272942442#0,0,,False,3.9774,0.961677,prox=0.965 head=0.985 conn=0.900 turn=1.000,,15.6237,15.6237,15.6237,37.759,3.501,3.501,112.6,8.88,
2026-10-01T12:04:53.312,1790820293.998,48,topo_wkal_ebike,topo,True,-37.90869988663966,145.13016928953942,True,1563.1776,1595.2052,1556.3947,1589.3920,1578.5400,1592.3600,1578.5400,1592.3600,-37.90872829,145.13034331,1578.5400,1592.3600,-1272942442#0,0,,False,1.3164,0.973957,prox=0.996 head=0.985 conn=0.900 turn=1.000,,15.6237,15.6237,22.3433,38.087,3.501,3.501,112.6,8.88,
2026-10-01T12:04:53.312,1790820293.998,48,fuzzy_wokal_ebike,fuzzy,False,-37.90869988663966,145.13016928953942,True,1563.1776,1595.2052,1563.1776,1595.2052,1550.8400,1601.8100,1550.8400,1601.8100,-37.90863816,145.13003052,1550.8401,1601.8110,5094887#1,0,,False,13.9943,10.000000,short=0.000 small=0.000 angle_diff=74.452 mode=entering_pending,,13.9943,13.9943,13.9943,0.202,3.501,3.501,112.6,8.88,
2026-10-01T12:04:53.312,1790820293.998,48,fuzzy_wkal_ebike,fuzzy,True,-37.90869988663966,145.13016928953942,True,1563.1776,1595.2052,1556.3947,1589.3920,1550.8400,1601.8100,1550.8400,1601.8100,-37.90863816,145.13003052,1550.8401,1601.8110,5094887#1,0,,False,13.6038,10.000001,short=0.000 small=0.000 angle_diff=74.452 mode=entering_pending,,13.9943,13.9943,13.6038,0.168,3.501,3.501,112.6,8.88,
2026-10-01T12:04:53.312,1790820293.998,48,hmm_wokal_ebike,hmm,False,-37.90869988663966,145.13016928953942,True,1563.1776,1595.2052,1563.1776,1595.2052,1578.5400,1592.3600,1578.5400,1592.3600,-37.90872829,145.13034331,1578.5400,1592.3600,-1272942442#0,0,,False,3.9774,0.000000,emission=-3.203 transition=-36.365 sigma=8.881 num_candidates=5.000,,15.6237,15.6237,15.6237,111.332,3.501,3.501,112.6,8.88,
2026-10-01T12:04:53.312,1790820293.998,48,hmm_wkal_ebike,hmm,True,-37.90869988663966,145.13016928953942,True,1563.1776,1595.2052,1556.3947,1589.3920,1578.5400,1592.3600,1578.5400,1592.3600,-37.90872829,145.13034331,1578.5400,1592.3600,-1272942442#0,0,,False,1.3164,0.000000,emission=-3.114 transition=-36.953 sigma=8.881 num_candidates=5.000,,15.6237,15.6237,22.3433,99.799,3.501,3.501,112.6,8.88,
2026-10-01T12:04:53.312,1790820293.998,48,st_wokal_ebike,st,False,-37.90869988663966,145.13016928953942,True,1563.1776,1595.2052,1563.1776,1595.2052,1578.5400,1592.3600,1578.5400,1592.3600,-37.90872829,145.13034331,1578.5400,1592.3600,-1272942442#0,0,,False,3.9774,-31.384528,obs=0.020 trans=1.000 fs=0.020 ft=1.000,8,15.6237,15.6237,15.6237,109.941,3.501,3.501,112.6,8.88,
2026-10-01T12:04:53.312,1790820293.998,48,st_wkal_ebike,st,True,-37.90869988663966,145.13016928953942,True,1563.1776,1595.2052,1556.3947,1589.3920,1578.5400,1592.3600,1578.5400,1592.3600,-37.90872829,145.13034331,1578.5400,1592.3600,-1272942442#0,0,,False,1.3164,-31.571630,obs=0.020 trans=1.000 fs=0.020 ft=1.000,8,15.6237,15.6237,22.3433,100.236,3.501,3.501,112.6,8.88,
2026-10-01T12:04:55.907,1790820296.998,49,native_wokal_ebike,native,False,-37.908704166879154,145.1303279639899,True,1577.1374,1595.0101,1577.1374,1595.0101,1578.5820,1593.9800,1578.5820,1593.9800,-37.90871371,145.13034415,1578.4098,1592.3740,:cluster_313428767_33776544_585124792_585124793_w0,0,0.2020,True,,,,,1.7742,1.7742,1.7742,19.329,4.555,4.555,91.6,8.58,
2026-10-01T12:04:55.907,1790820296.998,49,native_wkal_ebike,native,True,-37.908704166879154,145.1303279639899,True,1577.1374,1595.0101,1565.9678,1583.8541,1566.7604,1590.5411,1566.7604,1590.5411,-37.90874255,145.13020896,1566.7604,1590.5411,:cluster_313428767_33776544_585124792_585124793_0,0,11.3888,True,,,,,11.2984,11.2984,6.7338,18.111,4.555,4.555,91.6,8.58,
2026-10-01T12:04:55.907,1790820296.998,49,topo_wokal_ebike,topo,False,-37.908704166879154,145.1303279639899,True,1577.1374,1595.0101,1577.1374,1595.0101,1578.5400,1592.3600,1578.5400,1592.3600,-37.90872829,145.13034331,1578.5400,1592.3600,-1272942442#0,0,,False,2.7468,0.992276,prox=0.983 head=0.996 conn=1.000 turn=1.000,,2.9983,2.9983,2.9983,38.017,4.555,4.555,91.6,8.58,
2026-10-01T12:04:55.907,1790820296.998,49,topo_wkal_ebike,topo,True,-37.908704166879154,145.1303279639899,True,1577.1374,1595.0101,1565.9678,1583.8541,1578.5400,1592.3600,1578.5400,1592.3600,-37.90872829,145.13034331,1578.5400,1592.3600,-1272942442#0,0,,False,7.5495,0.951342,prox=0.881 head=0.996 conn=1.000 turn=1.000,,2.9983,2.9983,15.1793,37.295,4.555,4.555,91.6,8.58,
2026-10-01T12:04:55.907,1790820296.998,49,fuzzy_wokal_ebike,fuzzy,False,-37.908704166879154,145.1303279639899,True,1577.1374,1595.0101,1577.1374,1595.0101,1578.5400,1592.3600,1578.5400,1592.3600,-37.90872829,145.13034331,1578.5400,1592.3600,-1272942442#0,0,,False,2.9983,65.529760,short=0.311 small=1.000 angle_diff=6.858 mode=confirmed,,2.9983,2.9983,2.9983,0.176,4.555,4.555,91.6,8.58,
2026-10-01T12:04:55.907,1790820296.998,49,fuzzy_wkal_ebike,fuzzy,True,-37.908704166879154,145.1303279639899,True,1577.1374,1595.0101,1565.9678,1583.8541,1578.5400,1592.3600,1578.5400,1592.3600,-37.90872829,145.13034331,1578.5400,1592.3600,-1272942442#0,0,,False,15.1793,50.000000,short=0.000 small=1.000 angle_diff=6.858 mode=confirmed,,2.9983,2.9983,15.1793,0.175,4.555,4.555,91.6,8.58,
2026-10-01T12:04:55.907,1790820296.998,49,hmm_wokal_ebike,hmm,False,-37.908704166879154,145.1303279639899,True,1577.1374,1595.0101,1577.1374,1595.0101,1581.0500,1591.9900,1581.0500,1591.9900,-37.90873208,145.13037176,1581.0500,1591.9900,-250248456,0,,False,4.9426,0.000000,emission=-3.234 transition=-57.046 sigma=8.580 num_candidates=5.000,,4.9426,4.9426,4.9426,56.427,4.555,4.555,91.6,8.58,
2026-10-01T12:04:55.907,1790820296.998,49,hmm_wkal_ebike,hmm,True,-37.908704166879154,145.1303279639899,True,1577.1374,1595.0101,1565.9678,1583.8541,1578.5400,1592.3600,1578.5400,1592.3600,-37.90872829,145.13034331,1578.5400,1592.3600,-1272942442#0,0,,False,7.5495,0.000000,emission=-3.455 transition=-53.688 sigma=8.580 num_candidates=5.000,,2.9983,2.9983,15.1793,83.263,4.555,4.555,91.6,8.58,
2026-10-01T12:04:55.907,1790820296.998,49,st_wokal_ebike,st,False,-37.908704166879154,145.1303279639899,True,1577.1374,1595.0101,1577.1374,1595.0101,1581.0500,1591.9900,1581.0500,1591.9900,-37.90873208,145.13037176,1581.0500,1591.9900,-250248456,0,,False,4.9426,-31.494823,obs=0.019 trans=1.000 fs=0.019 ft=0.919,8,4.9426,4.9426,4.9426,54.543,4.555,4.555,91.6,8.58,
2026-10-01T12:04:55.907,1790820296.998,49,st_wkal_ebike,st,True,-37.908704166879154,145.1303279639899,True,1577.1374,1595.0101,1565.9678,1583.8541,1578.5400,1592.3600,1578.5400,1592.3600,-37.90872829,145.13034331,1578.5400,1592.3600,-1272942442#0,0,,False,7.5495,-33.931630,obs=0.019 trans=1.000 fs=0.019 ft=1.000,8,2.9983,2.9983,15.1793,92.072,4.555,4.555,91.6,8.58,
2026-10-01T12:04:58.369,1790820298.998,50,native_wokal_ebike,native,False,-37.90871915722462,145.1304429701553,True,1587.2818,1593.5494,1587.2818,1593.5494,1586.9134,1591.1059,1586.9134,1591.1059,-37.90874110,145.13043822,1586.9134,1591.1059,-250248456,0,5.9297,False,,,,,2.4712,2.4712,2.4712,20.624,4.860,4.860,100.2,8.59,
2026-10-01T12:04:58.369,1790820298.998,50,native_wkal_ebike,native,True,-37.90871915722462,145.1304429701553,True,1587.2818,1593.5494,1575.9239,1583.1121,1571.8319,1584.2990,1571.8319,1584.2990,-37.90879970,145.13026520,1572.4915,1589.8615,:cluster_313428767_33776544_585124792_585124793_w1,0,0.5069,True,,,,,18.0075,18.0075,4.2607,15.628,4.860,4.860,100.2,8.59,
2026-10-01T12:04:58.369,1790820298.998,50,topo_wokal_ebike,topo,False,-37.90871915722462,145.1304429701553,True,1587.2818,1593.5494,1587.2818,1593.5494,1586.9134,1591.1059,1586.9134,1591.1059,-37.90874110,145.13043822,1586.9134,1591.1059,-250248456,0,,False,2.4712,0.974547,prox=0.987 head=1.000 conn=0.900 turn=1.000,,2.4712,2.4712,2.4712,43.458,4.860,4.860,100.2,8.59,
2026-10-01T12:04:58.369,1790820298.998,50,topo_wkal_ebike,topo,True,-37.90871915722462,145.1304429701553,True,1587.2818,1593.5494,1575.9239,1583.1121,1578.5400,1592.3600,1578.5400,1592.3600,-37.90872829,145.13034331,1578.5400,1592.3600,-1272942442#0,0,,False,8.7167,0.937788,prox=0.845 head=1.000 conn=1.000 turn=1.000,,8.8224,8.8224,9.6108,37.416,4.860,4.860,100.2,8.59,
2026-10-01T12:04:58.369,1790820298.998,50,fuzzy_wokal_ebike,fuzzy,False,-37.90871915722462,145.1304429701553,True,1587.2818,1593.5494,1587.2818,1593.5494,1580.7500,1592.0300,1580.7500,1592.0300,-37.90873166,145.13036836,1580.7490,1592.0301,-1272942442#0,0,,False,6.7062,50.059657,short=0.001 small=1.000 angle_diff=1.720 mode=entering_pending,,6.7062,6.7062,6.7062,0.142,4.860,4.860,100.2,8.59,
2026-10-01T12:04:58.369,1790820298.998,50,fuzzy_wkal_ebike,fuzzy,True,-37.90871915722462,145.1304429701553,True,1587.2818,1593.5494,1575.9239,1583.1121,1578.5400,1592.3600,1578.5400,1592.3600,-37.90872829,145.13034331,1578.5400,1592.3600,-1272942442#0,0,,False,9.6108,50.000573,short=0.000 small=1.000 angle_diff=1.720 mode=confirmed,,8.8224,8.8224,9.6108,0.125,4.860,4.860,100.2,8.59,
2026-10-01T12:04:58.369,1790820298.998,50,hmm_wokal_ebike,hmm,False,-37.90871915722462,145.1304429701553,True,1587.2818,1593.5494,1587.2818,1593.5494,1586.9134,1591.1059,1586.9134,1591.1059,-37.90874110,145.13043822,1586.9134,1591.1059,-250248456,0,,False,2.4712,0.000000,emission=-3.111 transition=-8.837 sigma=8.587 num_candidates=5.000,,2.4712,2.4712,2.4712,52.354,4.860,4.860,100.2,8.59,
2026-10-01T12:04:58.369,1790820298.998,50,hmm_wkal_ebike,hmm,True,-37.90871915722462,145.1304429701553,True,1587.2818,1593.5494,1575.9239,1583.1121,1581.0500,1591.9900,1581.0500,1591.9900,-37.90873208,145.13037176,1581.0500,1591.9900,-250248456,0,,False,8.7167,0.000000,emission=-3.584 transition=-37.159 sigma=8.587 num_candidates=5.000,,6.4240,6.4240,10.2515,54.646,4.860,4.860,100.2,8.59,
2026-10-01T12:04:58.369,1790820298.998,50,st_wokal_ebike,st,False,-37.90871915722462,145.1304429701553,True,1587.2818,1593.5494,1587.2818,1593.5494,1586.9134,1591.1059,1586.9134,1591.1059,-37.90874110,145.13043822,1586.9134,1591.1059,-250248456,0,,False,2.4712,-31.497524,obs=0.020 trans=1.000 fs=0.020 ft=1.000,8,2.4712,2.4712,2.4712,56.546,4.860,4.860,100.2,8.59,
2026-10-01T12:04:58.369,1790820298.998,50,st_wkal_ebike,st,True,-37.90871915722462,145.1304429701553,True,1587.2818,1593.5494,1575.9239,1583.1121,1581.0500,1591.9900,1581.0500,1591.9900,-37.90873208,145.13037176,1581.0500,1591.9900,-250248456,0,,False,8.7167,-34.039290,obs=0.018 trans=1.000 fs=0.018 ft=0.919,8,6.4240,6.4240,10.2515,53.644,4.860,4.860,100.2,8.59,
2026-10-01T12:05:00.770,1790820301.998,51,native_wokal_ebike,native,False,-37.90874474283837,145.1305862574138,True,1599.9363,1590.9630,1599.9363,1590.9630,1599.6680,1589.1826,1599.6680,1589.1826,-37.90876073,145.13058280,1599.6680,1589.1826,-250248456,0,18.8284,False,,,,,1.8005,1.8005,1.8005,21.065,4.228,4.228,97.0,8.48,
2026-10-01T12:05:00.770,1790820301.998,51,native_wkal_ebike,native,True,-37.90874474283837,145.1305862574138,True,1599.9363,1590.9630,1589.7482,1581.2542,1590.6538,1587.3102,1590.6538,1587.3102,-37.90877597,145.13047989,1591.1303,1590.4700,250248456,0,115.6146,False,,,,,9.9753,9.9753,6.1233,18.767,4.228,4.228,97.0,8.48,
2026-10-01T12:05:00.770,1790820301.998,51,topo_wokal_ebike,topo,False,-37.90874474283837,145.1305862574138,True,1599.9363,1590.9630,1599.9363,1590.9630,1599.6678,1589.1826,1599.6678,1589.1826,-37.90876073,145.13058280,1599.6678,1589.1826,-250248456,0,,False,1.8005,0.997075,prox=0.993 head=1.000 conn=1.000 turn=1.000,,1.8005,1.8005,1.8005,38.582,4.228,4.228,97.0,8.48,
2026-10-01T12:05:00.770,1790820301.998,51,topo_wkal_ebike,topo,True,-37.90874474283837,145.1305862574138,True,1599.9363,1590.9630,1589.7482,1581.2542,1591.1377,1590.4689,1591.1377,1590.4689,-37.90874760,145.13048611,1591.1377,1590.4689,-250248456,0,,False,9.3189,0.909745,prox=0.824 head=1.000 conn=0.900 turn=1.000,,8.8124,8.8124,9.3189,47.434,4.228,4.228,97.0,8.48,
2026-10-01T12:05:00.770,1790820301.998,51,fuzzy_wokal_ebike,fuzzy,False,-37.90874474283837,145.1305862574138,True,1599.9363,1590.9630,1599.9363,1590.9630,1599.6678,1589.1826,1599.6678,1589.1826,-37.90876073,145.13058280,1599.6678,1589.1826,-250248456,0,,False,1.8005,87.692556,short=0.754 small=1.000 angle_diff=1.539 mode=confirmed,,1.8005,1.8005,1.8005,0.146,4.228,4.228,97.0,8.48,
2026-10-01T12:05:00.770,1790820301.998,51,fuzzy_wkal_ebike,fuzzy,True,-37.90874474283837,145.1305862574138,True,1599.9363,1590.9630,1589.7482,1581.2542,1580.7500,1592.0300,1580.7500,1592.0300,-37.90873166,145.13036836,1580.7490,1592.0301,-1272942442#0,0,,False,14.0387,50.000000,short=0.000 small=1.000 angle_diff=1.456 mode=entering_pending,,19.2159,19.2159,14.0387,0.205,4.228,4.228,97.0,8.48,
2026-10-01T12:05:00.770,1790820301.998,51,hmm_wokal_ebike,hmm,False,-37.90874474283837,145.1305862574138,True,1599.9363,1590.9630,1599.9363,1590.9630,1599.6678,1589.1826,1599.6678,1589.1826,-37.90876073,145.13058280,1599.6678,1589.1826,-250248456,0,,False,1.8005,0.000000,emission=-3.079 transition=1.522 sigma=8.482 num_candidates=5.000,,1.8005,1.8005,1.8005,54.515,4.228,4.228,97.0,8.48,
2026-10-01T12:05:00.770,1790820301.998,51,hmm_wkal_ebike,hmm,True,-37.90874474283837,145.1305862574138,True,1599.9363,1590.9630,1589.7482,1581.2542,1591.1377,1590.4689,1591.1377,1590.4689,-37.90874760,145.13048611,1591.1377,1590.4689,-250248456,0,,False,9.3189,0.000000,emission=-3.660 transition=-17.125 sigma=8.482 num_candidates=5.000,,8.8124,8.8124,9.3189,83.593,4.228,4.228,97.0,8.48,
2026-10-01T12:05:00.770,1790820301.998,51,st_wokal_ebike,st,False,-37.90874474283837,145.1305862574138,True,1599.9363,1590.9630,1599.9363,1590.9630,1599.6678,1589.1826,1599.6678,1589.1826,-37.90876073,145.13058280,1599.6678,1589.1826,-250248456,0,,False,1.8005,-31.499189,obs=0.020 trans=1.000 fs=0.020 ft=1.000,8,1.8005,1.8005,1.8005,55.056,4.228,4.228,97.0,8.48,
2026-10-01T12:05:00.770,1790820301.998,51,st_wkal_ebike,st,True,-37.90874474283837,145.1305862574138,True,1599.9363,1590.9630,1589.7482,1581.2542,1591.1377,1590.4689,1591.1377,1590.4689,-37.90874760,145.13048611,1591.1377,1590.4689,-250248456,0,,False,9.3189,-34.108297,obs=0.018 trans=1.000 fs=0.018 ft=1.000,8,8.8124,8.8124,9.3189,84.807,4.228,4.228,97.0,8.48,
2026-10-01T12:05:03.221,1790820303.998,52,native_wokal_ebike,native,False,-37.908751716052954,145.130678550611,True,1608.0660,1590.3519,1608.0660,1590.3519,1607.7071,1587.9704,1607.7071,1587.9704,-37.90877310,145.13067393,1607.7071,1587.9704,-250248456,0,26.9585,False,,,,,2.4084,2.4084,2.4084,18.631,4.048,4.048,94.6,8.25,
2026-10-01T12:05:03.221,1790820303.998,52,native_wkal_ebike,native,True,-37.908751716052954,145.130678550611,True,1608.0660,1590.3519,1600.6334,1582.3017,1601.1434,1585.7292,1601.1434,1585.7292,-37.90879211,145.13059879,1601.6198,1588.8883,250248456,0,105.0064,False,,,,,8.3241,8.3241,3.4652,15.897,4.048,4.048,94.6,8.25,
2026-10-01T12:05:03.221,1790820303.998,52,topo_wokal_ebike,topo,False,-37.908751716052954,145.130678550611,True,1608.0660,1590.3519,1608.0660,1590.3519,1607.7069,1587.9704,1607.7069,1587.9704,-37.90877310,145.13067392,1607.7069,1587.9704,-250248456,0,,False,2.4084,0.994508,prox=0.987 head=0.999 conn=1.000 turn=1.000,,2.4084,2.4084,2.4084,49.497,4.048,4.048,94.6,8.25,
2026-10-01T12:05:03.221,1790820303.998,52,topo_wkal_ebike,topo,True,-37.908751716052954,145.130678550611,True,1608.0660,1590.3519,1600.6334,1582.3017,1601.6264,1588.8873,1601.6264,1588.8873,-37.90876375,145.13060500,1601.6264,1588.8873,-250248456,0,,False,6.6601,0.962084,prox=0.906 head=0.999 conn=1.000 turn=1.000,,6.6040,6.6040,6.6601,61.906,4.048,4.048,94.6,8.25,
2026-10-01T12:05:03.221,1790820303.998,52,fuzzy_wokal_ebike,fuzzy,False,-37.908751716052954,145.130678550611,True,1608.0660,1590.3519,1608.0660,1590.3519,1607.7069,1587.9704,1607.7069,1587.9704,-37.90877310,145.13067392,1607.7069,1587.9704,-250248456,0,,False,2.4084,76.828679,short=0.537 small=1.000 angle_diff=4.021 mode=following,,2.4084,2.4084,2.4084,0.075,4.048,4.048,94.6,8.25,
2026-10-01T12:05:03.221,1790820303.998,52,fuzzy_wkal_ebike,fuzzy,True,-37.908751716052954,145.130678550611,True,1608.0660,1590.3519,1600.6334,1582.3017,1601.6264,1588.8873,1601.6264,1588.8873,-37.90876375,145.13060500,1601.6264,1588.8873,-250248456,0,,False,6.6601,50.064226,short=0.001 small=1.000 angle_diff=4.021 mode=confirmed,,6.6040,6.6040,6.6601,0.128,4.048,4.048,94.6,8.25,
2026-10-01T12:05:03.221,1790820303.998,52,hmm_wokal_ebike,hmm,False,-37.908751716052954,145.130678550611,True,1608.0660,1590.3519,1608.0660,1590.3519,1607.7069,1587.9704,1607.7069,1587.9704,-37.90877310,145.13067392,1607.7069,1587.9704,-250248456,0,,False,2.4084,0.000000,emission=-3.071 transition=1.496 sigma=8.246 num_candidates=5.000,,2.4084,2.4084,2.4084,98.635,4.048,4.048,94.6,8.25,
2026-10-01T12:05:03.221,1790820303.998,52,hmm_wkal_ebike,hmm,True,-37.908751716052954,145.130678550611,True,1608.0660,1590.3519,1600.6334,1582.3017,1601.6264,1588.8873,1601.6264,1588.8873,-37.90876375,145.13060500,1601.6264,1588.8873,-250248456,0,,False,6.6601,0.000000,emission=-3.355 transition=-0.031 sigma=8.246 num_candidates=5.000,,6.6040,6.6040,6.6601,39.130,4.048,4.048,94.6,8.25,
2026-10-01T12:05:03.221,1790820303.998,52,st_wokal_ebike,st,False,-37.908751716052954,145.130678550611,True,1608.0660,1590.3519,1608.0660,1590.3519,1607.7069,1587.9704,1607.7069,1587.9704,-37.90877310,145.13067392,1607.7069,1587.9704,-250248456,0,,False,2.4084,-31.501032,obs=0.020 trans=1.000 fs=0.020 ft=1.000,8,2.4084,2.4084,2.4084,110.319,4.048,4.048,94.6,8.25,
2026-10-01T12:05:03.221,1790820303.998,52,st_wkal_ebike,st,True,-37.908751716052954,145.130678550611,True,1608.0660,1590.3519,1600.6334,1582.3017,1601.6264,1588.8873,1601.6264,1588.8873,-37.90876375,145.13060500,1601.6264,1588.8873,-250248456,0,,False,6.6601,-34.147492,obs=0.019 trans=1.000 fs=0.019 ft=1.000,8,6.6040,6.6040,6.6601,38.288,4.048,4.048,94.6,8.25,
2026-10-01T12:05:05.704,1790820305.998,53,native_wokal_ebike,native,False,-37.90876647090075,145.13076046598016,True,1615.3006,1588.8590,1615.3006,1588.8590,1615.0011,1586.8705,1615.0011,1586.8705,-37.90878433,145.13075661,1615.0011,1586.8705,-250248456,0,34.3349,False,,,,,2.0109,2.0109,2.0109,18.977,3.686,3.686,100.7,8.47,
2026-10-01T12:05:05.704,1790820305.998,53,native_wkal_ebike,native,True,-37.90876647090075,145.13076046598016,True,1615.3006,1588.8590,1610.3550,1582.6268,1610.6018,1584.3036,1610.6018,1584.3036,-37.90880666,145.13070600,1611.0781,1587.4621,250248456,0,95.4413,False,,,,,6.5445,6.5445,1.6948,19.549,3.686,3.686,100.7,8.47,
2026-10-01T12:05:05.704,1790820305.998,53,topo_wokal_ebike,topo,False,-37.90876647090075,145.13076046598016,True,1615.3006,1588.8590,1615.3006,1588.8590,1615.0008,1586.8706,1615.0008,1586.8706,-37.90878433,145.13075660,1615.0008,1586.8706,-250248456,0,,False,2.0109,0.996319,prox=0.991 head=1.000 conn=1.000 turn=1.000,,2.0109,2.0109,2.0109,38.315,3.686,3.686,100.7,8.47,
2026-10-01T12:05:05.704,1790820305.998,53,topo_wkal_ebike,topo,True,-37.90876647090075,145.13076046598016,True,1615.3006,1588.8590,1610.3550,1582.6268,1611.0840,1587.4612,1611.0840,1587.4612,-37.90877830,145.13071221,1611.0840,1587.4612,-250248456,0,,False,4.8890,0.979205,prox=0.948 head=1.000 conn=1.000 turn=1.000,,4.4423,4.4423,4.8890,37.527,3.686,3.686,100.7,8.47,
2026-10-01T12:05:05.704,1790820305.998,53,fuzzy_wokal_ebike,fuzzy,False,-37.90876647090075,145.13076046598016,True,1615.3006,1588.8590,1615.3006,1588.8590,1615.0008,1586.8706,1615.0008,1586.8706,-37.90878433,145.13075660,1615.0008,1586.8706,-250248456,0,,False,2.0109,84.310781,short=0.686 small=1.000 angle_diff=2.119 mode=following,,2.0109,2.0109,2.0109,0.072,3.686,3.686,100.7,8.47,
2026-10-01T12:05:05.704,1790820305.998,53,fuzzy_wkal_ebike,fuzzy,True,-37.90876647090075,145.13076046598016,True,1615.3006,1588.8590,1610.3550,1582.6268,1611.0840,1587.4612,1611.0840,1587.4612,-37.90877830,145.13071221,1611.0840,1587.4612,-250248456,0,,False,4.8890,51.070368,short=0.021 small=1.000 angle_diff=2.119 mode=following,,4.4423,4.4423,4.8890,0.103,3.686,3.686,100.7,8.47,
2026-10-01T12:05:05.704,1790820305.998,53,hmm_wokal_ebike,hmm,False,-37.90876647090075,145.13076046598016,True,1615.3006,1588.8590,1615.3006,1588.8590,1615.0008,1586.8706,1615.0008,1586.8706,-37.90878433,145.13075660,1615.0008,1586.8706,-250248456,0,,False,2.0109,0.000000,emission=-3.084 transition=1.556 sigma=8.471 num_candidates=5.000,,2.0109,2.0109,2.0109,40.374,3.686,3.686,100.7,8.47,
2026-10-01T12:05:05.704,1790820305.998,53,hmm_wkal_ebike,hmm,True,-37.90876647090075,145.13076046598016,True,1615.3006,1588.8590,1610.3550,1582.6268,1611.0840,1587.4612,1611.0840,1587.4612,-37.90877830,145.13071221,1611.0840,1587.4612,-250248456,0,,False,4.8890,0.000000,emission=-3.222 transition=0.796 sigma=8.471 num_candidates=5.000,,4.4423,4.4423,4.8890,107.791,3.686,3.686,100.7,8.47,
2026-10-01T12:05:05.704,1790820305.998,53,st_wokal_ebike,st,False,-37.90876647090075,145.13076046598016,True,1615.3006,1588.8590,1615.3006,1588.8590,1615.0008,1586.8706,1615.0008,1586.8706,-37.90878433,145.13075660,1615.0008,1586.8706,-250248456,0,,False,2.0109,-31.504234,obs=0.020 trans=1.000 fs=0.020 ft=1.000,8,2.0109,2.0109,2.0109,40.949,3.686,3.686,100.7,8.47,
2026-10-01T12:05:05.704,1790820305.998,53,st_wkal_ebike,st,True,-37.90876647090075,145.13076046598016,True,1615.3006,1588.8590,1610.3550,1582.6268,1611.0840,1587.4612,1611.0840,1587.4612,-37.90877830,145.13071221,1611.0840,1587.4612,-250248456,0,,False,4.8890,-34.177202,obs=0.019 trans=1.000 fs=0.019 ft=1.000,8,4.4423,4.4423,4.8890,103.015,3.686,3.686,100.7,8.47,
2026-10-01T12:05:08.173,1790820308.998,54,native_wokal_ebike,native,False,-37.90879831536005,145.130897117427,True,1627.3855,1585.5663,1627.3855,1585.5663,1627.3142,1585.0510,1627.3142,1585.0510,-37.90880294,145.13089619,1627.3142,1585.0510,-250248456,0,46.7819,False,,,,,0.5202,0.5202,0.5202,21.046,4.043,4.043,104.2,9.20,
2026-10-01T12:05:08.173,1790820308.998,54,native_wkal_ebike,native,True,-37.90879831536005,145.130897117427,True,1627.3855,1585.5663,1623.7028,1581.3139,1623.8364,1582.3113,1623.8364,1582.3113,-37.90882700,145.13085602,1624.2768,1585.4740,250248456,0,82.0575,False,,,,,4.8157,4.8157,1.0063,20.446,4.043,4.043,104.2,9.20,
2026-10-01T12:05:08.173,1790820308.998,54,topo_wokal_ebike,topo,False,-37.90879831536005,145.130897117427,True,1627.3855,1585.5663,1627.3855,1585.5663,1627.3138,1585.0511,1627.3138,1585.0511,-37.90880294,145.13089618,1627.3138,1585.0511,-250248456,0,,False,0.5202,0.998854,prox=0.999 head=0.997 conn=1.000 turn=1.000,,0.5202,0.5202,0.5202,41.267,4.043,4.043,104.2,9.20,
2026-10-01T12:05:08.173,1790820308.998,54,topo_wkal_ebike,topo,True,-37.90879831536005,145.130897117427,True,1627.3855,1585.5663,1623.7028,1581.3139,1624.2820,1585.4733,1624.2820,1585.4733,-37.90879859,145.13086181,1624.2820,1585.4733,-250248456,0,,False,4.1995,0.983722,prox=0.962 head=0.997 conn=1.000 turn=1.000,,3.1049,3.1049,4.1995,38.284,4.043,4.043,104.2,9.20,
2026-10-01T12:05:08.173,1790820308.998,54,fuzzy_wokal_ebike,fuzzy,False,-37.90879831536005,145.130897117427,True,1627.3855,1585.5663,1627.3855,1585.5663,1627.3138,1585.0511,1627.3138,1585.0511,-37.90880294,145.13089618,1627.3138,1585.0511,-250248456,0,,False,0.5202,97.979938,short=0.960 small=1.000 angle_diff=6.297 mode=following,,0.5202,0.5202,0.5202,0.079,4.043,4.043,104.2,9.20,
2026-10-01T12:05:08.173,1790820308.998,54,fuzzy_wkal_ebike,fuzzy,True,-37.90879831536005,145.130897117427,True,1627.3855,1585.5663,1623.7028,1581.3139,1624.2820,1585.4733,1624.2820,1585.4733,-37.90879859,145.13086181,1624.2820,1585.4733,-250248456,0,,False,4.1995,53.092414,short=0.062 small=1.000 angle_diff=6.297 mode=following,,3.1049,3.1049,4.1995,0.075,4.043,4.043,104.2,9.20,
2026-10-01T12:05:08.173,1790820308.998,54,hmm_wokal_ebike,hmm,False,-37.90879831536005,145.130897117427,True,1627.3855,1585.5663,1627.3855,1585.5663,1627.3138,1585.0511,1627.3138,1585.0511,-37.90880294,145.13089618,1627.3138,1585.0511,-250248456,0,,False,0.5202,0.000000,emission=-3.140 transition=1.216 sigma=9.198 num_candidates=5.000,,0.5202,0.5202,0.5202,42.087,4.043,4.043,104.2,9.20,
2026-10-01T12:05:08.173,1790820308.998,54,hmm_wkal_ebike,hmm,True,-37.90879831536005,145.130897117427,True,1627.3855,1585.5663,1623.7028,1581.3139,1624.2820,1585.4733,1624.2820,1585.4733,-37.90879859,145.13086181,1624.2820,1585.4733,-250248456,0,,False,4.1995,0.000000,emission=-3.242 transition=1.283 sigma=9.198 num_candidates=5.000,,3.1049,3.1049,4.1995,36.999,4.043,4.043,104.2,9.20,
2026-10-01T12:05:08.173,1790820308.998,54,st_wokal_ebike,st,False,-37.90879831536005,145.130897117427,True,1627.3855,1585.5663,1627.3855,1585.5663,1627.3138,1585.0511,1627.3138,1585.0511,-37.90880294,145.13089618,1627.3138,1585.0511,-250248456,0,,False,0.5202,-31.501300,obs=0.020 trans=1.000 fs=0.020 ft=1.000,8,0.5202,0.5202,0.5202,37.869,4.043,4.043,104.2,9.20,
2026-10-01T12:05:08.173,1790820308.998,54,st_wkal_ebike,st,True,-37.90879831536005,145.130897117427,True,1627.3855,1585.5663,1623.7028,1581.3139,1624.2820,1585.4733,1624.2820,1585.4733,-37.90879859,145.13086181,1624.2820,1585.4733,-250248456,0,,False,4.1995,-34.198771,obs=0.020 trans=1.000 fs=0.020 ft=1.000,8,3.1049,3.1049,4.1995,40.384,4.043,4.043,104.2,9.20,
2026-10-01T12:05:10.506,1790820310.997,55,native_wokal_ebike,native,False,-37.9088167687089,145.13097639186037,True,1634.3962,1583.6584,1634.3962,1583.6584,1634.4522,1584.0570,1634.4522,1584.0570,-37.90881319,145.13097712,1634.4522,1584.0570,-250248456,0,53.9887,False,,,,,0.4025,0.4025,0.4025,19.504,3.767,3.767,105.4,9.24,
2026-10-01T12:05:10.506,1790820310.997,55,native_wkal_ebike,native,True,-37.9088167687089,145.13097639186037,True,1634.3962,1583.6584,1632.6143,1580.8842,1632.6380,1581.0873,1632.6380,1581.0873,-37.90883961,145.13095582,1633.0782,1584.2483,250248456,0,73.1712,False,,,,,3.1147,3.1147,0.2045,14.862,3.767,3.767,105.4,9.24,
2026-10-01T12:05:10.506,1790820310.997,55,topo_wokal_ebike,topo,False,-37.9088167687089,145.13097639186037,True,1634.3962,1583.6584,1634.3962,1583.6584,1634.4517,1584.0570,1634.4517,1584.0570,-37.90881319,145.13097711,1634.4517,1584.0570,-250248456,0,,False,0.4025,0.998578,prox=1.000 head=0.996 conn=1.000 turn=1.000,,0.4025,0.4025,0.4025,40.272,3.767,3.767,105.4,9.24,
2026-10-01T12:05:10.506,1790820310.997,55,topo_wkal_ebike,topo,True,-37.9088167687089,145.13097639186037,True,1634.3962,1583.6584,1632.6143,1580.8842,1633.0827,1584.2477,1633.0827,1584.2477,-37.90881122,145.13096159,1633.0827,1584.2477,-250248456,0,,False,3.3960,0.988601,prox=0.975 head=0.996 conn=1.000 turn=1.000,,1.4396,1.4396,3.3960,38.431,3.767,3.767,105.4,9.24,
2026-10-01T12:05:10.506,1790820310.997,55,fuzzy_wokal_ebike,fuzzy,False,-37.9088167687089,145.13097639186037,True,1634.3962,1583.6584,1634.3962,1583.6584,1634.4517,1584.0570,1634.4517,1584.0570,-37.90881319,145.13097711,1634.4517,1584.0570,-250248456,0,,False,0.4025,98.314981,short=0.966 small=1.000 angle_diff=7.484 mode=following,,0.4025,0.4025,0.4025,0.078,3.767,3.767,105.4,9.24,
2026-10-01T12:05:10.506,1790820310.997,55,fuzzy_wkal_ebike,fuzzy,True,-37.9088167687089,145.13097639186037,True,1634.3962,1583.6584,1632.6143,1580.8842,1633.0827,1584.2477,1633.0827,1584.2477,-37.90881122,145.13096159,1633.0827,1584.2477,-250248456,0,,False,3.3960,59.627507,short=0.193 small=1.000 angle_diff=7.484 mode=following,,1.4396,1.4396,3.3960,0.068,3.767,3.767,105.4,9.24,
2026-10-01T12:05:10.506,1790820310.997,55,hmm_wokal_ebike,hmm,False,-37.9088167687089,145.13097639186037,True,1634.3962,1583.6584,1634.3962,1583.6584,1634.4517,1584.0570,1634.4517,1584.0570,-37.90881319,145.13097711,1634.4517,1584.0570,-250248456,0,,False,0.4025,0.000000,emission=-3.144 transition=1.315 sigma=9.242 num_candidates=5.000,,0.4025,0.4025,0.4025,37.159,3.767,3.767,105.4,9.24,
2026-10-01T12:05:10.506,1790820310.997,55,hmm_wkal_ebike,hmm,True,-37.9088167687089,145.13097639186037,True,1634.3962,1583.6584,1632.6143,1580.8842,1633.0827,1584.2477,1633.0827,1584.2477,-37.90881122,145.13096159,1633.0827,1584.2477,-250248456,0,,False,3.3960,0.000000,emission=-3.210 transition=1.428 sigma=9.242 num_candidates=5.000,,1.4396,1.4396,3.3960,37.563,3.767,3.767,105.4,9.24,
2026-10-01T12:05:10.506,1790820310.997,55,st_wokal_ebike,st,False,-37.9088167687089,145.13097639186037,True,1634.3962,1583.6584,1634.3962,1583.6584,1634.4517,1584.0570,1634.4517,1584.0570,-37.90881319,145.13097711,1634.4517,1584.0570,-250248456,0,,False,0.4025,-31.466233,obs=0.020 trans=1.000 fs=0.020 ft=1.000,8,0.4025,0.4025,0.4025,42.228,3.767,3.767,105.4,9.24,
2026-10-01T12:05:10.506,1790820310.997,55,st_wkal_ebike,st,True,-37.9088167687089,145.13097639186037,True,1634.3962,1583.6584,1632.6143,1580.8842,1633.0827,1584.2477,1633.0827,1584.2477,-37.90881122,145.13096159,1633.0827,1584.2477,-250248456,0,,False,3.3960,-31.818702,obs=0.020 trans=1.000 fs=0.020 ft=1.000,8,1.4396,1.4396,3.3960,39.909,3.767,3.767,105.4,9.24,
2026-10-01T12:05:12.832,1790820313.0,56,native_wokal_ebike,native,False,-37.90884830490014,145.13109482401484,True,1644.8786,1580.3677,1644.8786,1580.3677,1644.7334,1579.3788,1644.7334,1579.3788,-37.90885719,145.13109295,1645.1842,1582.5397,250248456,0,60.9557,False,,,,,0.9995,0.9995,0.9995,20.582,5.293,5.293,104.4,9.12,
2026-10-01T12:05:12.832,1790820313.0,56,native_wkal_ebike,native,True,-37.90884830490014,145.13109482401484,True,1644.8786,1580.3677,1642.2605,1579.6091,1642.2739,1579.7304,1642.2739,1579.7304,-37.90885358,145.13106506,1642.7245,1582.8904,250248456,0,63.4402,False,,,,,2.6815,2.6815,0.1221,16.635,5.293,5.293,104.4,9.12,
2026-10-01T12:05:12.832,1790820313.0,56,topo_wokal_ebike,topo,False,-37.90884830490014,145.13109482401484,True,1644.8786,1580.3677,1644.8786,1580.3677,1645.1882,1582.5391,1645.1882,1582.5391,-37.90882880,145.13109884,1645.1882,1582.5391,-250248456,0,,False,2.1933,0.994840,prox=0.989 head=0.997 conn=1.000 turn=1.000,,2.1933,2.1933,2.1933,37.966,5.293,5.293,104.4,9.12,
2026-10-01T12:05:12.832,1790820313.0,56,topo_wkal_ebike,topo,True,-37.90884830490014,145.13109482401484,True,1644.8786,1580.3677,1642.2605,1579.6091,1642.7284,1582.8899,1642.7284,1582.8899,-37.90882520,145.13107095,1642.7284,1582.8899,-250248456,0,,False,3.3140,0.989449,prox=0.976 head=0.997 conn=1.000 turn=1.000,,3.3143,3.3143,3.3140,46.553,5.293,5.293,104.4,9.12,
2026-10-01T12:05:12.832,1790820313.0,56,fuzzy_wokal_ebike,fuzzy,False,-37.90884830490014,145.13109482401484,True,1644.8786,1580.3677,1644.8786,1580.3677,1645.1882,1582.5391,1645.1882,1582.5391,-37.90882880,145.13109884,1645.1882,1582.5391,-250248456,0,,False,2.1933,81.013092,short=0.620 small=1.000 angle_diff=6.303 mode=following,,2.1933,2.1933,2.1933,0.080,5.293,5.293,104.4,9.12,
2026-10-01T12:05:12.832,1790820313.0,56,fuzzy_wkal_ebike,fuzzy,True,-37.90884830490014,145.13109482401484,True,1644.8786,1580.3677,1642.2605,1579.6091,1642.7284,1582.8899,1642.7284,1582.8899,-37.90882520,145.13107095,1642.7284,1582.8899,-250248456,0,,False,3.3140,60.688077,short=0.214 small=1.000 angle_diff=6.303 mode=following,,3.3143,3.3143,3.3140,0.062,5.293,5.293,104.4,9.12,
2026-10-01T12:05:12.832,1790820313.0,56,hmm_wokal_ebike,hmm,False,-37.90884830490014,145.13109482401484,True,1644.8786,1580.3677,1644.8786,1580.3677,1645.1882,1582.5391,1645.1882,1582.5391,-37.90882880,145.13109884,1645.1882,1582.5391,-250248456,0,,False,2.1933,0.000000,emission=-3.158 transition=0.892 sigma=9.119 num_candidates=5.000,,2.1933,2.1933,2.1933,38.430,5.293,5.293,104.4,9.12,
2026-10-01T12:05:12.832,1790820313.0,56,hmm_wkal_ebike,hmm,True,-37.90884830490014,145.13109482401484,True,1644.8786,1580.3677,1642.2605,1579.6091,1642.7284,1582.8899,1642.7284,1582.8899,-37.90882520,145.13107095,1642.7284,1582.8899,-250248456,0,,False,3.3140,0.000000,emission=-3.195 transition=1.556 sigma=9.119 num_candidates=5.000,,3.3143,3.3143,3.3140,37.122,5.293,5.293,104.4,9.12,
2026-10-01T12:05:12.832,1790820313.0,56,st_wokal_ebike,st,False,-37.90884830490014,145.13109482401484,True,1644.8786,1580.3677,1644.8786,1580.3677,1645.1882,1582.5391,1645.1882,1582.5391,-37.90882880,145.13109884,1645.1882,1582.5391,-250248456,0,,False,2.1933,-31.378448,obs=0.020 trans=1.000 fs=0.020 ft=1.000,8,2.1933,2.1933,2.1933,47.330,5.293,5.293,104.4,9.12,
2026-10-01T12:05:12.832,1790820313.0,56,st_wkal_ebike,st,True,-37.90884830490014,145.13109482401484,True,1644.8786,1580.3677,1642.2605,1579.6091,1642.7284,1582.8899,1642.7284,1582.8899,-37.90882520,145.13107095,1642.7284,1582.8899,-250248456,0,,False,3.3140,-31.760076,obs=0.020 trans=0.999 fs=0.020 ft=1.000,8,3.3143,3.3143,3.3140,45.078,5.293,5.293,104.4,9.12,
2026-10-01T12:05:15.163,1790820316.0,57,native_wokal_ebike,native,False,-37.908844904215925,145.1313133623982,True,1664.0844,1581.1302,1664.0844,1581.1302,1663.9054,1579.8699,1663.9054,1579.8699,-37.90885623,145.13131104,1663.9054,1579.8699,-250248456,0,83.7381,False,,,,,1.2730,1.2730,1.2730,23.401,5.827,5.827,98.0,8.70,
2026-10-01T12:05:15.163,1790820316.0,57,native_wkal_ebike,native,True,-37.908844904215925,145.1313133623982,True,1664.0844,1581.1302,1658.9226,1578.9082,1658.7014,1577.3819,1658.7014,1577.3819,-37.90887770,145.13125131,1659.1529,1580.5476,250248456,0,46.8457,False,,,,,6.5594,6.5594,1.5423,20.074,5.827,5.827,98.0,8.70,
2026-10-01T12:05:15.163,1790820316.0,57,topo_wokal_ebike,topo,False,-37.908844904215925,145.1313133623982,True,1664.0844,1581.1302,1664.0844,1581.1302,1663.9046,1579.8700,1663.9046,1579.8700,-37.90885622,145.13131103,1663.9046,1579.8700,-250248456,0,,False,1.2730,0.998562,prox=0.996 head=1.000 conn=1.000 turn=1.000,,1.2730,1.2730,1.2730,53.218,5.827,5.827,98.0,8.70,
2026-10-01T12:05:15.163,1790820316.0,57,topo_wkal_ebike,topo,True,-37.908844904215925,145.1313133623982,True,1664.0844,1581.1302,1658.9226,1578.9082,1659.1563,1580.5471,1659.1563,1580.5471,-37.90884927,145.13125720,1659.1563,1580.5471,-250248456,0,,False,1.6555,0.997571,prox=0.994 head=1.000 conn=1.000 turn=1.000,,4.9625,4.9625,1.6555,39.749,5.827,5.827,98.0,8.70,
2026-10-01T12:05:15.163,1790820316.0,57,fuzzy_wokal_ebike,fuzzy,False,-37.908844904215925,145.1313133623982,True,1664.0844,1581.1302,1664.0844,1581.1302,1663.9046,1579.8700,1663.9046,1579.8700,-37.90885622,145.13131103,1663.9046,1579.8700,-250248456,0,,False,1.2730,93.843685,short=0.877 small=1.000 angle_diff=0.081 mode=following,,1.2730,1.2730,1.2730,0.080,5.827,5.827,98.0,8.70,
2026-10-01T12:05:15.163,1790820316.0,57,fuzzy_wkal_ebike,fuzzy,True,-37.908844904215925,145.1313133623982,True,1664.0844,1581.1302,1658.9226,1578.9082,1659.1563,1580.5471,1659.1563,1580.5471,-37.90884927,145.13125720,1659.1563,1580.5471,-250248456,0,,False,1.6555,89.716889,short=0.794 small=1.000 angle_diff=0.081 mode=following,,4.9625,4.9625,1.6555,0.102,5.827,5.827,98.0,8.70,
2026-10-01T12:05:15.163,1790820316.0,57,hmm_wokal_ebike,hmm,False,-37.908844904215925,145.1313133623982,True,1664.0844,1581.1302,1664.0844,1581.1302,1663.9046,1579.8700,1663.9046,1579.8700,-37.90885622,145.13131103,1663.9046,1579.8700,-250248456,0,,False,1.2730,0.000000,emission=-3.093 transition=0.034 sigma=8.699 num_candidates=5.000,,1.2730,1.2730,1.2730,40.316,5.827,5.827,98.0,8.70,
2026-10-01T12:05:15.163,1790820316.0,57,hmm_wkal_ebike,hmm,True,-37.908844904215925,145.1313133623982,True,1664.0844,1581.1302,1658.9226,1578.9082,1659.1563,1580.5471,1659.1563,1580.5471,-37.90884927,145.13125720,1659.1563,1580.5471,-250248456,0,,False,1.6555,0.000000,emission=-3.100 transition=1.196 sigma=8.699 num_candidates=5.000,,4.9625,4.9625,1.6555,37.488,5.827,5.827,98.0,8.70,
2026-10-01T12:05:15.163,1790820316.0,57,st_wokal_ebike,st,False,-37.908844904215925,145.1313133623982,True,1664.0844,1581.1302,1664.0844,1581.1302,1663.9046,1579.8700,1663.9046,1579.8700,-37.90885622,145.13131103,1663.9046,1579.8700,-250248456,0,,False,1.2730,-31.349937,obs=0.020 trans=1.000 fs=0.020 ft=1.000,8,1.2730,1.2730,1.2730,38.909,5.827,5.827,98.0,8.70,
2026-10-01T12:05:15.163,1790820316.0,57,st_wkal_ebike,st,True,-37.908844904215925,145.1313133623982,True,1664.0844,1581.1302,1658.9226,1578.9082,1658.7043,1577.3815,1658.7043,1577.3815,-37.90887770,145.13125134,1658.7043,1577.3815,250248456,0,,False,1.5423,-31.455024,obs=0.020 trans=1.000 fs=0.020 ft=1.000,8,6.5573,6.5573,1.5423,37.826,5.827,5.827,98.0,8.70,
2026-10-01T12:05:17.520,1790820318.0,58,native_wokal_ebike,native,False,-37.90885921085407,145.13143443507823,True,1674.7606,1579.7561,1674.7606,1579.7561,1674.5610,1578.3503,1674.5610,1578.3503,-37.90887184,145.13143185,1674.5610,1578.3503,-250248456,0,94.5015,False,,,,,1.4199,1.4199,1.4199,21.673,5.256,5.256,99.1,8.20,
2026-10-01T12:05:17.520,1790820318.0,58,native_wkal_ebike,native,True,-37.90885921085407,145.13143443507823,True,1674.7606,1579.7561,1671.0174,1578.5557,1671.0602,1578.8495,1671.0602,1578.8495,-37.90886671,145.13139216,1671.0602,1578.8495,-250248456,0,90.9653,False,,,,,3.8098,3.8098,0.2969,25.359,5.256,5.256,99.1,8.20,
2026-10-01T12:05:17.520,1790820318.0,58,topo_wokal_ebike,topo,False,-37.90885921085407,145.13143443507823,True,1674.7606,1579.7561,1674.7606,1579.7561,1674.5601,1578.3504,1674.5601,1578.3504,-37.90887184,145.13143184,1674.5601,1578.3504,-250248456,0,,False,1.4199,0.998192,prox=0.996 head=1.000 conn=1.000 turn=1.000,,1.4199,1.4199,1.4199,43.123,5.256,5.256,99.1,8.20,
2026-10-01T12:05:17.520,1790820318.0,58,topo_wkal_ebike,topo,True,-37.90885921085407,145.13143443507823,True,1674.7606,1579.7561,1671.0174,1578.5557,1671.0594,1578.8496,1671.0594,1578.8496,-37.90886671,145.13139215,1671.0594,1578.8496,-250248456,0,,False,0.2969,0.999901,prox=1.000 head=1.000 conn=1.000 turn=1.000,,3.8106,3.8106,0.2969,40.066,5.256,5.256,99.1,8.20,
2026-10-01T12:05:17.520,1790820318.0,58,fuzzy_wokal_ebike,fuzzy,False,-37.90885921085407,145.13143443507823,True,1674.7606,1579.7561,1674.7606,1579.7561,1674.5601,1578.3504,1674.5601,1578.3504,-37.90887184,145.13143184,1674.5601,1578.3504,-250248456,0,,False,1.4199,92.458842,short=0.849 small=1.000 angle_diff=0.939 mode=following,,1.4199,1.4199,1.4199,0.081,5.256,5.256,99.1,8.20,
2026-10-01T12:05:17.520,1790820318.0,58,fuzzy_wkal_ebike,fuzzy,True,-37.90885921085407,145.13143443507823,True,1674.7606,1579.7561,1671.0174,1578.5557,1671.0594,1578.8496,1671.0594,1578.8496,-37.90886671,145.13139215,1671.0594,1578.8496,-250248456,0,,False,0.2969,98.569394,short=0.971 small=1.000 angle_diff=0.939 mode=following,,3.8106,3.8106,0.2969,0.079,5.256,5.256,99.1,8.20,
2026-10-01T12:05:17.520,1790820318.0,58,hmm_wokal_ebike,hmm,False,-37.90885921085407,145.13143443507823,True,1674.7606,1579.7561,1674.7606,1579.7561,1674.5601,1578.3504,1674.5601,1578.3504,-37.90887184,145.13143184,1674.5601,1578.3504,-250248456,0,,False,1.4199,0.000000,emission=-3.038 transition=1.604 sigma=8.200 num_candidates=5.000,,1.4199,1.4199,1.4199,42.695,5.256,5.256,99.1,8.20,
2026-10-01T12:05:17.520,1790820318.0,58,hmm_wkal_ebike,hmm,True,-37.90885921085407,145.13143443507823,True,1674.7606,1579.7561,1671.0174,1578.5557,1671.0594,1578.8496,1671.0594,1578.8496,-37.90886671,145.13139215,1671.0594,1578.8496,-250248456,0,,False,0.2969,0.000000,emission=-3.024 transition=1.227 sigma=8.200 num_candidates=5.000,,3.8106,3.8106,0.2969,39.398,5.256,5.256,99.1,8.20,
2026-10-01T12:05:17.520,1790820318.0,58,st_wokal_ebike,st,False,-37.90885921085407,145.13143443507823,True,1674.7606,1579.7561,1674.7606,1579.7561,1674.5601,1578.3504,1674.5601,1578.3504,-37.90887184,145.13143184,1674.5601,1578.3504,-250248456,0,,False,1.4199,-31.344824,obs=0.020 trans=1.000 fs=0.020 ft=1.000,8,1.4199,1.4199,1.4199,42.302,5.256,5.256,99.1,8.20,
2026-10-01T12:05:17.520,1790820318.0,58,st_wkal_ebike,st,True,-37.90885921085407,145.13143443507823,True,1674.7606,1579.7561,1671.0174,1578.5557,1670.6063,1575.6799,1670.6063,1575.6799,-37.90889518,145.13138627,1670.6063,1575.6799,250248456,0,,False,2.9050,-31.397723,obs=0.020 trans=1.000 fs=0.020 ft=1.000,8,5.8201,5.8201,2.9050,43.187,5.256,5.256,99.1,8.20,
