gps_x,gps_y,gt_x,gt_y,lon,lat,method,kalman,matched,edge_id,lane_index,lane_pos,is_internal_edge,raw_x,raw_y,filt_x,filt_y,matched_x,matched_y,matched_lat,matched_lon,match_error_raw_m,match_error_filt_m,raw_dist,score,components,window_len,match_ms,phone_speed_mps,phone_course_deg,accuracy_m,unmatched_reason
473.7291117,1267.162459,476.93,1284.79,145.13198726173027,-37.90901455454441,hmm,False,True,28533357#0,0,,False,473.72911169938743,1267.162459000945,473.72911169938743,1267.162459000945,479.12,1271.94,-37.908972490431125,145.13204964333025,7.2032336257636835,7.2032336257636835,7.2032336257636835,0.0,emission=-3.889 transition=-- sigma=4.070 num_candidates=5.000,,13.447500008624047,0.0,,,
473.0268462,1272.159309,476.93,1284.79,145.1319804155997,-37.90896941496369,hmm,False,True,28533357#0,0,,False,473.02684620110085,1272.1593089997768,473.02684620110085,1272.1593089997768,478.7409522515944,1273.525440101504,-37.90895813998841,145.13204569485606,5.875144435960158,5.875144435960158,5.875144435960158,0.0,emission=-3.364 transition=-15.470 sigma=4.070 num_candidates=5.000,,10.85419999435544,0.0,,,
471.7866339,1275.069598,476.93,1284.79,145.1319669777577,-37.90894297451234,hmm,False,True,28533357#0,0,,False,471.78663390059955,1275.069597998634,471.78663390059955,1275.069597998634,478.08,1276.29,-37.908933116867765,145.13203880983528,6.41060355239822,6.41060355239822,6.405008113490382,0.0,emission=-3.561 transition=0.004 sigma=4.070 num_candidates=5.000,,5.413100006990135,0.0,,,
477.7709816,1282.304613,476.93,1284.79,145.1320366666742,-37.90887888002193,hmm,False,True,-1272942443#2,0,,False,477.7709816005081,1282.3046129988506,477.7709816005081,1282.3046129988506,476.93,1284.79,-37.908856339259714,145.13202767117173,2.623813750607149,2.623813750607149,0.6597096222202685,0.0,emission=-2.336 transition=-10.576 sigma=4.070 num_candidates=5.000,,9.19479998992756,0.0,,,
475.7362837,1288.214475,477.3118565,1288.028709,145.1320148791262,-37.9088252752965,hmm,False,True,-1272942443#2,0,,False,475.7362836992834,1288.2144750002772,475.7362836992834,1288.2144750002772,477.3118564932009,1288.0287087756667,-37.90882723312846,145.1320327506526,1.5864862807913047,1.5864862807913047,1.5864862807913047,0.0,emission=-2.399 transition=-13.336 sigma=4.070 num_candidates=5.000,,5.681000009644777,0.0,,,
478.0171809,1294.462773,478.0697274,1294.456577,145.1320422358616,-37.90876940086211,hmm,False,True,-1272942443#2,0,,False,478.01718090078793,1294.4627729998901,478.01718090078793,1294.4627729998901,478.0697274842015,1294.4565775511908,-37.90876946615723,145.13204283189052,0.05291055672572481,0.05291055672572481,0.05291055672572481,0.0,emission=-2.323 transition=0.713 sigma=4.070 num_candidates=5.000,,11.499000014737248,0.0,,,
479.4925256,1302.843308,479.064506,1302.893773,145.1320609194223,-37.9086941733143,hmm,False,True,-1272942443#2,0,,False,479.49252560094465,1302.843307999894,479.49252560094465,1302.843307999894,479.0645060095248,1302.8937731918954,-37.90869364145195,145.1320560644576,0.43098434570522204,0.43098434570522204,0.43098434570522204,0.0,emission=-2.328 transition=1.541 sigma=4.070 num_candidates=5.000,,5.855499999597669,0.0,,,
480.8408586,1312.132408,480.1834854,1312.212917,145.13207836584652,-37.908610738265224,hmm,False,True,-1272942443#1,0,,False,480.84085859777406,1312.1324079986662,480.84085859777406,1312.1324079986662,480.1834853650777,1312.2129163949828,-37.908609894368176,145.13207091004844,0.6622848095367848,0.6622848095367848,0.6622848095367848,0.0,emission=-2.336 transition=-28.084 sigma=4.070 num_candidates=5.000,,8.623400004580617,0.0,,,
482.7968747,1319.726018,481.1286354,1319.930327,145.1321023351348,-37.908542686277684,hmm,False,True,-1272942443#1,0,,False,482.7968747005798,1319.726018000394,482.7968747005798,1319.726018000394,481.12863542710045,1319.9303270015828,-37.908540544693686,145.1320834143095,1.68070355552239,1.68070355552239,1.6807035555223901,0.0,emission=-2.408 transition=1.277 sigma=4.070 num_candidates=5.000,,8.365700021386147,0.0,,,
484.386391,1329.440501,482.3242743,1329.693048,145.1321226205554,-37.908455462799694,hmm,False,True,-1272942443#1,0,,False,484.3863910001237,1329.4405010007322,484.3863910001237,1329.4405010007322,482.32427434343026,1329.6930481030342,-37.90845281558415,145.13209923248098,2.0775238012339763,2.0775238012339763,2.0775238012339763,0.0,emission=-2.453 transition=1.569 sigma=4.070 num_candidates=5.000,,8.072800002992153,0.0,,,
485.8438453,1338.927075,483.4904622,1339.215293,145.13214135250252,-37.908370268537865,hmm,False,True,-1272942443#1,0,,False,485.84384530066745,1338.9270750004798,485.84384530066745,1338.9270750004798,483.49046223249843,1339.2152934543406,-37.90836724741746,145.13211466097826,2.370966415344283,2.370966415344283,2.370966415344283,0.0,emission=-2.492 transition=1.587 sigma=4.070 num_candidates=5.000,,7.639700022991747,0.0,,,
488.5022528,1349.223895,484.7721613,1349.680719,145.1321739234061,-37.90827799214462,hmm,False,True,-1272942443#1,0,,False,488.5022527994006,1349.2238949993625,488.5022527994006,1349.2238949993625,484.77216121818014,1349.6807187280788,-37.90827320370542,145.1321316176247,3.7579610327157313,3.7579610327157313,3.7579610327157313,0.0,emission=-2.749 transition=1.155 sigma=4.070 num_candidates=5.000,,5.301599972881377,0.0,,,
492.4236756,1357.199581,485.78,1357.91,145.1322203254982,-37.90820685303073,hmm,False,True,-1272942443#1,0,,False,492.4236756002065,1357.199581000954,492.4236756002065,1357.199581000954,485.78,1357.91,-37.90819925427911,145.13214495111632,6.68155076572685,6.68155076572685,6.68155076572685,0.0,emission=-3.670 transition=-1.375 sigma=4.070 num_candidates=5.000,,5.537699966225773,0.0,,,
495.9601828,1366.703132,486.0039295,1365.263893,145.1322626991894,-37.90812188104937,hmm,False,True,-1272942443#1,0,,False,495.96018280024873,1366.7031320007518,495.96018280024873,1366.7031320007518,486.00392943965636,1365.2638931800989,-37.90813304906464,145.13214917239742,10.059741018693337,10.059741018693337,10.059741018693337,0.0,emission=-5.377 transition=-12.154 sigma=4.070 num_candidates=5.000,,5.316900031175464,0.0,,,
496.0361873,1377.028582,485.3053289,1378.73971,145.1322659154094,-37.908028880630525,hmm,False,True,-1272942443#1,0,,False,496.036187299178,1377.028582001105,496.036187299178,1377.028582001105,485.3053289222976,1378.7397103448147,-37.90801152957792,145.1321442994788,10.866429115091645,10.866429115091645,10.866429115091645,0.0,emission=-5.887 transition=-14.887 sigma=4.070 num_candidates=5.000,,6.922499975189567,0.0,,,
501.9220752,1387.699555,487.1106644,1390.061362,145.13233526638675,-37.90793381621671,hmm,False,True,-1272942443#1,0,,False,501.92207520036027,1387.6995550012216,501.92207520036027,1387.6995550012216,487.1106644956408,1390.061362768788,-37.90790986726552,145.13216740457756,14.998534028191436,14.998534028191436,14.998534028191436,0.0,emission=-9.113 transition=-2.000 sigma=4.070 num_candidates=5.000,,8.439800003543496,0.0,,,
500.604022,1395.907974,488.3544285,1397.861278,145.13232215040708,-37.90785963492252,hmm,False,True,-1272942443#1,0,,False,500.60402200114913,1395.9079740010202,500.60402200114913,1395.9079740010202,488.3544285305407,1397.861277814221,-37.90783982824452,145.13218332251463,12.404351493804002,12.404351493804002,12.404351493804002,0.0,emission=-6.967 transition=-0.466 sigma=4.070 num_candidates=5.000,,8.226600009948015,0.0,,,
504.0006814,1405.973356,491.1787143,1411.264962,145.13236306172985,-37.907769576543465,hmm,False,True,1272942443#1,0,,False,504.00068140093936,1405.9733560001478,504.00068140093936,1405.9733560001478,492.68,1409.65,-37.90773441330905,145.13223518789505,11.902753399244407,11.902753399244407,11.902753399244407,0.0,emission=-6.599 transition=-9.569 sigma=4.070 num_candidates=5.000,,5.540299986023456,0.0,,,
503.9163697,1412.936043,492.5040034,1415.852281,145.13236368909813,-37.90770683976173,hmm,False,True,996237862#1,0,,False,503.9163697005715,1412.9360429998487,503.9163697005715,1412.9360429998487,494.44220103282345,1415.3557717362087,-37.90768333239065,145.13225652309552,9.778290193203793,9.778290193203793,9.778290193203793,0.0,emission=-5.209 transition=-9.942 sigma=4.070 num_candidates=5.000,,8.146200038027018,0.0,,,
497.0367919,1417.84959,493.2609351,1418.814447,145.13228659052356,-37.90766133574821,hmm,False,True,-1272942443#0,0,,False,497.0367918970878,1417.8495899988338,497.0367918970878,1417.8495899988338,493.26093508974196,1418.8144467685177,-37.90765196261421,145.13224388048087,3.8971840109988096,3.8971840109988096,3.8971840109988096,0.0,emission=-2.781 transition=-14.308 sigma=4.070 num_candidates=5.000,,5.625199992209673,0.0,,,
495.2116133,1426.083739,493.1417578,1425.231445,145.1322677147041,-37.90758683113957,hmm,False,True,-1209653409#1,0,,False,495.21161330107134,1426.0837390003726,495.21161330107134,1426.0837390003726,499.49,1429.99,-37.907552414753724,145.13231724781298,5.793398634892992,5.793398634892992,1.6601945369188396,0.0,emission=-2.406 transition=-2.645 sigma=4.070 num_candidates=5.000,,4.989899985957891,0.0,,,
489.4098469,1433.965083,488.1451384,1428.846025,145.13220354659035,-37.907514786968015,hmm,False,True,1209653411,0,,False,489.4098469010205,1433.9650830011815,489.4098469010205,1433.9650830011815,485.66,1429.46,-37.907554693035046,145.13215988629872,5.861495084756696,5.861495084756696,5.606524002383724,0.0,emission=-3.271 transition=-1.358 sigma=4.070 num_candidates=5.000,,5.401600035838783,0.0,,,
481.3095856,1438.204802,480.3647901,1430.075408,145.13211241621408,-37.9074751325339,hmm,False,True,1209653412#1,0,,False,481.30958559940336,1438.2048019999638,481.30958559940336,1438.2048019999638,481.3843455471781,1438.9274814951195,-37.90746863595695,145.1321134308315,0.7265360985593234,0.7265360985593234,0.7265360985593234,0.0,emission=-2.339 transition=-5.319 sigma=4.070 num_candidates=5.000,,11.67350000469014,0.0,,,
466.7370764,1433.414382,466.537183,1431.647844,145.13194564224543,-37.90751565539891,hmm,False,True,1209653411,0,,False,466.7370763994986,1433.4143820004538,466.7370763994986,1433.4143820004538,477.83,1430.37,-37.90754508225759,145.13207107009063,11.503095921153042,11.503095921153042,4.826708825346128,0.0,emission=-3.026 transition=-62.330 sigma=4.070 num_candidates=5.000,,8.604099974036217,0.0,,,
454.5943196,1434.911206,454.3642938,1433.042414,145.13180792579166,-37.907499979661004,hmm,False,True,1209653410,0,,False,454.5943195998552,1434.9112060004845,454.5943195998552,1434.9112060004845,454.36429377264324,1433.0424136489216,-37.90751677266367,145.13180488470962,1.8828958373857299,1.8828958373857299,1.8828958373857299,0.0,emission=-2.430 transition=-50.870 sigma=4.070 num_candidates=5.000,,10.05119999172166,0.0,,,
442.4691842,1436.462887,442.2319776,1434.535756,145.13167042224978,-37.90748381277975,hmm,False,True,1209653410,0,,False,442.4691841993481,1436.4628870012239,442.4691841993481,1436.4628870012239,442.2319775418561,1434.5357556323959,-37.90750113001345,145.13166728620152,1.9416751301593542,1.9416751301593542,1.9416751301593542,0.0,emission=-2.436 transition=1.609 sigma=4.070 num_candidates=5.000,,7.868799963034689,0.0,,,
430.4012506,1436.268973,430.3676643,1435.99611,145.1315331713487,-37.9074833808017,hmm,False,True,1209653410,0,,False,430.40125060104765,1436.268973001279,430.40125060104765,1436.268973001279,430.3676644109392,1435.9961096626114,-37.90748583275544,145.1315327273099,0.2749225959334776,0.2749225959334776,0.2749225959334776,0.0,emission=-2.325 transition=1.031 sigma=4.070 num_candidates=5.000,,4.944199987221509,0.0,,,
415.104785,1440.120866,414.8324458,1437.908308,145.13136013561203,-37.907445920111996,hmm,False,True,1209653410,0,,False,415.10478499985766,1440.1208660006523,415.10478499985766,1440.1208660006523,414.83244575526396,1437.908307943604,-37.907465802183005,145.13135653500382,2.229255889294652,2.229255889294652,2.2292558892946523,0.0,emission=-2.473 transition=1.002 sigma=4.070 num_candidates=5.000,,5.454400030430406,0.0,,,
404.4142589,1439.37781,404.3915669,1439.193454,145.13123842010341,-37.90745068330738,hmm,False,True,1209653410,0,,False,404.4142588976538,1439.377810000442,404.4142588976538,1439.377810000442,404.3915669385837,1439.193454356269,-37.90745233992883,145.13123812008945,0.18574694760573243,0.18574694760573243,0.18574694760573243,0.0,emission=-2.324 transition=0.626 sigma=4.070 num_candidates=5.000,,4.92640002630651,0.0,,,
395.9850461,1442.126178,395.754914,1440.256522,145.13114321041883,-37.907424403177245,hmm,False,True,1209653410,0,,False,395.9850460991729,1442.1261780010536,395.9850460991729,1442.1261780010536,395.7549140035956,1440.2565222964026,-37.90744120391713,145.13114016778516,1.8837657060655935,1.8837657060655935,1.8837657060655935,0.0,emission=-2.430 transition=0.789 sigma=4.070 num_candidates=5.000,,4.877100000157952,0.0,,,
375.4958763,1443.386937,375.4186672,1442.759669,145.1309105458845,-37.90740934562029,hmm,False,True,1209653410,0,,False,375.4958762989845,1443.386936998926,375.4958762989845,1443.386936998926,375.4186672024077,1442.7596693094551,-37.9074149822499,145.13090952506658,0.6320015813654595,0.6320015813654595,0.6320015813654595,0.0,emission=-2.335 transition=1.418 sigma=4.070 num_candidates=5.000,,5.212000047322363,0.0,,,
363.839385,1444.867675,363.7555832,1444.170951,145.1307783548315,-37.90739390141891,hmm,False,True,-47528871#0,0,,False,363.83938500029035,1444.8676750008017,363.83938500029035,1444.8676750008017,362.91,1438.61,-37.90745010414845,145.13076636160946,6.32631432150065,6.32631432150065,0.192528176194831,0.0,emission=-2.324 transition=-29.831 sigma=4.070 num_candidates=5.000,,5.532999988645315,0.0,,,
352.7059294,1447.383398,352.4865019,1445.507949,145.1306523464585,-37.90736922816335,hmm,False,True,-1147258794#0,0,,False,352.705929400865,1447.383398000151,352.705929400865,1447.383398000151,352.74509121125647,1447.718114328283,-37.907366220034625,145.13065286801913,0.33699950698982506,0.33699950698982506,0.33699950698982506,0.0,emission=-2.326 transition=-13.652 sigma=4.070 num_candidates=5.000,,14.160100021399558,0.0,,,
340.6594751,1448.35672,340.6960473,1446.219859,145.13051560616665,-37.90735828414997,hmm,False,True,1147258794#2,0,,False,340.659475101158,1448.3567199995741,340.659475101158,1448.3567199995741,332.18,1445.21,-37.90738509868467,145.1304184812662,9.044520150172605,9.044520150172605,1.2176556810824548,0.0,emission=-2.367 transition=-16.637 sigma=4.070 num_candidates=5.000,,5.430000019259751,0.0,,,
330.0232991,1448.921344,330.8540458,1444.93376,145.1303948068907,-37.90735127640804,hmm,False,True,1147258794#2,0,,False,330.02329909952823,1448.9213440008461,330.02329909952823,1448.9213440008461,330.8540458592845,1444.9337595540176,-37.90738734757669,145.13040334283625,4.073201431237438,4.073201431237438,4.073201431237438,0.0,emission=-2.823 transition=-44.874 sigma=4.070 num_candidates=5.000,,5.81090000923723,0.0,,,
316.5734906,1441.69195,317.2628533,1440.413953,145.13024024074323,-37.90741397050802,hmm,False,True,1147258794#2,0,,False,316.5734906006837,1441.6919500008225,316.5734906006837,1441.6919500008225,317.26285351310145,1440.4139530033724,-37.90742560755133,145.1302477870334,1.4520666480945803,1.4520666480945803,1.4520666480945803,0.0,emission=-2.386 transition=-2.865 sigma=4.070 num_candidates=5.000,,5.409599980339408,0.0,,,
305.4285499,1433.311363,307.976275,1431.575725,145.13011161704304,-37.907487451075255,hmm,False,True,-5094886#1,0,,False,305.42854990053456,1433.3113630004227,305.42854990053456,1433.3113630004227,305.59,1432.0,-37.90749929330733,145.13011315359455,1.3212641876229978,1.3212641876229978,0.8530136785880676,0.0,emission=-2.345 transition=-11.214 sigma=4.070 num_candidates=5.000,,5.370700033381581,0.0,,,
297.0604525,1420.276327,296.5019474,1421.425252,145.13001350297813,-37.90760336161484,hmm,False,True,5094886#2,0,,False,297.06045249977615,1420.2763269999996,297.06045249977615,1420.2763269999996,296.45,1421.4,-37.90759312900237,145.13000681868724,1.2787858559638134,1.2787858559638134,1.2787858559638134,0.0,emission=-2.372 transition=-41.630 sigma=4.070 num_candidates=5.000,,5.878600000869483,0.0,,,
287.927023,1419.860716,288.1086715,1418.600529,145.1299095653306,-37.90760545509013,hmm,False,True,5094886#2,0,,False,287.92702299921075,1419.8607160001993,287.92702299921075,1419.8607160001993,288.10867154246876,1418.6005292313469,-37.90761683996666,145.12991134317036,1.2732112494235073,1.2732112494235073,1.273211249423507,0.0,emission=-2.372 transition=0.020 sigma=4.070 num_candidates=5.000,,6.1978999874554574,0.0,,,
278.1815983,1420.716308,277.7489454,1418.869619,145.1297989595295,-37.907595986587154,hmm,False,True,5094886#2,0,,False,278.18159829918295,1420.7163080004975,278.18159829918295,1420.7163080004975,277.74894533550764,1418.8696185213953,-37.90761254379903,145.12979361925272,1.8966946562912737,1.8966946562912737,1.8966946562912737,0.0,emission=-2.431 transition=-1.725 sigma=4.070 num_candidates=5.000,,5.561999976634979,0.0,,,
268.9183396,1424.977404,267.9475504,1423.445485,145.1296946125698,-37.907555927566094,hmm,False,True,5094886#2,0,,False,268.91833960078657,1424.9774040002376,268.91833960078657,1424.9774040002376,267.94755041976714,1423.4454849025296,-37.90756955199205,145.12968322571803,1.8136173124192114,1.8136173124192114,1.1971882933242872,0.0,emission=-2.366 transition=-1.821 sigma=4.070 num_candidates=5.000,,6.1487999628297985,0.0,,,
261.8516459,1430.831872,261.5907685,1426.625224,145.12961560308494,-37.90750191200004,hmm,False,True,-5094886#3,0,,False,261.8516458970844,1430.831872000359,261.8516458970844,1430.831872000359,263.02,1432.44,-37.90748763678035,145.1296292535396,1.9877441920501895,1.9877441920501895,1.871925016503778,0.0,emission=-2.428 transition=-3.080 sigma=4.070 num_candidates=5.000,,5.833100003656,0.0,,,
251.4426413,1421.91827,251.4359245,1421.924408,145.12949522428613,-37.90758032640258,hmm,False,True,985461732,0,,False,251.44264130061492,1421.918270001188,251.44264130061492,1421.918270001188,252.3,1422.87,-37.907571907968645,145.12950518916614,1.2809582077686699,1.2809582077686699,0.19144553067724446,0.0,emission=-2.324 transition=-1.910 sigma=4.070 num_candidates=5.000,,12.998600024729967,0.0,,,
251.7787016,1410.822969,248.9720735,1411.222061,145.12949651398677,-37.90768033613389,hmm,False,True,-10539447#0,0,,False,251.778701600153,1410.8229689998552,251.778701600153,1410.8229689998552,248.01,1404.52,-37.9077364335103,145.12945222764392,7.343740869892673,7.343740869892673,6.124600588552816,0.0,emission=-3.455 transition=-10.193 sigma=4.070 num_candidates=5.000,,11.111499974504113,0.0,,,
248.7183179,1400.988832,247.5246329,1401.161334,145.12945947532455,-37.90776837110208,hmm,False,True,-10539447#0,0,,False,248.71831789950375,1400.9888319997117,248.71831789950375,1400.9888319997117,247.5246328813092,1401.1613336405098,-37.90776660140557,145.1294459430069,1.2060848804044262,1.2060848804044262,1.2060848804044262,0.0,emission=-2.366 transition=-24.662 sigma=4.070 num_candidates=5.000,,8.630500000435859,0.0,,,
248.9675343,1387.39599,245.6055873,1387.881831,145.1294592078159,-37.90789086354684,hmm,False,True,-10539447#0,0,,False,248.96753430075478,1387.3959900001064,248.96753430075478,1387.3959900001064,245.605587301197,1387.8818312101914,-37.907885879290106,145.1294210947401,3.3968705169983147,3.3968705169983147,3.3968705169983147,0.0,emission=-2.671 transition=0.721 sigma=4.070 num_candidates=5.000,,9.512500022538006,0.0,,,
247.1318233,1375.931151,243.9451223,1376.391667,145.12943572099513,-37.907993809596185,hmm,False,True,-10539447#0,0,,False,247.13182329956908,1375.9311510007828,247.13182329956908,1375.9311510007828,243.945122325147,1376.3916670820286,-37.90798908514246,145.12939959456645,3.2198040563780506,3.2198040563780506,3.2198040563780506,0.0,emission=-2.636 transition=1.603 sigma=4.070 num_candidates=5.000,,5.995300016365945,0.0,,,
244.6890716,1363.55454,242.143173,1363.922453,145.12940512427363,-37.90810485935731,hmm,False,True,-10539447#0,0,,False,244.68907160073286,1363.554540000856,244.68907160073286,1363.554540000856,242.14317295486913,1363.92245254648,-37.90810108491945,145.12937626233787,2.572345147183461,2.572345147183461,2.572345147183461,0.0,emission=-2.522 transition=1.526 sigma=4.070 num_candidates=5.000,,6.519199989270419,0.0,,,
240.9224136,1348.967768,240.0012804,1349.100883,145.1293589708858,-37.90823557942028,hmm,False,True,-10539447#0,0,,False,240.9224135974655,1348.9677680004388,240.9224135974655,1348.9677680004388,240.00128034305533,1349.1008826792338,-37.90823421378473,145.1293485283122,0.93070188035211,0.93070188035211,0.93070188035211,0.0,emission=-2.349 transition=1.161 sigma=4.070 num_candidates=5.000,,9.830700000748038,0.0,,,
238.6681106,1332.424314,237.6133457,1332.57674,145.1293295658462,-37.908384199075805,hmm,False,True,-10539447#0,0,,False,238.668110603292,1332.4243139997125,238.668110603292,1332.4243139997125,237.61334577318655,1332.5767400259053,-37.90838263531974,145.12931760831387,1.0657216054337733,1.0657216054337733,1.0657216054337733,0.0,emission=-2.357 transition=1.607 sigma=4.070 num_candidates=5.000,,5.9566000127233565,0.0,,,
236.7243891,1322.123897,236.1155017,1322.211888,145.12930511628906,-37.90847663618215,hmm,False,True,-10539447#0,0,,False,236.72438909701305,1322.123897000216,236.72438909701305,1322.123897000216,236.11550180359296,1322.2118884347863,-37.90847573346646,145.12929821351977,0.6152123443545122,0.6152123443545122,0.6152123443545122,0.0,emission=-2.334 transition=1.561 sigma=4.070 num_candidates=5.000,,5.917400005273521,0.0,,,
235.2652209,1309.831686,234.3699324,1309.955195,145.1292857214317,-37.90858710340184,hmm,False,True,-10539447#0,0,,False,235.26522089913487,1309.831686001271,235.26522089913487,1309.831686001271,234.91,1313.87,-37.90855066114896,145.1292826040717,4.053906984565857,4.053906984565857,1.7534235358824937,0.0,emission=-2.415 transition=-18.140 sigma=4.070 num_candidates=5.000,,6.484100013040006,0.0,,,
231.7416228,1293.572242,232.1363466,1293.519982,145.12924194936596,-37.908732935138026,hmm,False,True,-4577073#9,0,,False,231.7416228003567,1293.5722420001402,231.7416228003567,1293.5722420001402,232.13634662094265,1293.519981674847,-37.9087334772679,145.12924642533537,0.3981683515018649,0.3981683515018649,0.3981683515018649,0.0,emission=-2.327 transition=-50.968 sigma=4.070 num_candidates=5.000,,6.753300025593489,0.0,,,
231.7991545,1282.376961,230.6806482,1282.525048,145.1292400490734,-37.908833795135365,hmm,False,True,-4577073#9,0,,False,231.7991544995457,1282.3769610002637,231.7991544995457,1282.3769610002637,230.68064829156137,1282.5250480809598,-37.90883225893152,145.12922736575925,1.12826677730427,1.12826677730427,1.1282667773042698,0.0,emission=-2.361 transition=1.087 sigma=4.070 num_candidates=5.000,,12.289000034797937,0.0,,,
229.9978889,1269.091913,228.8316693,1269.256672,145.12921653790673,-37.90895314418582,hmm,False,True,-4577073#9,0,,False,229.99788890237687,1269.0919129997492,229.99788890237687,1269.0919129997492,228.83166928857509,1269.2566721705666,-37.9089514491673,145.12920331588796,1.1778003956462382,1.1778003956462382,1.1778003956462382,0.0,emission=-2.364 transition=1.560 sigma=4.070 num_candidates=5.000,,5.699700035620481,0.0,,,
227.4317213,1257.723872,227.2068464,1257.755641,145.1291847673245,-37.90905508611837,hmm,False,True,-4577073#9,0,,False,227.4317213020404,1257.7238720003515,227.4317213020404,1257.7238720003515,227.20684643631597,1257.7556414852547,-37.90905475927784,145.1291822178016,0.22710791577042763,0.22710791577042763,0.22710791577042763,0.0,emission=-2.324 transition=1.415 sigma=4.070 num_candidates=5.000,,5.548100045416504,0.0,,,
228.2622209,1244.995171,225.4600236,1245.391055,145.1291913055021,-37.909169899237305,hmm,False,True,-4577073#9,0,,False,228.26222090038937,1244.995171001181,228.26222090038937,1244.995171001181,225.46002363319684,1245.3910550120017,-37.90916582642826,145.12915953549128,2.830023617266254,2.830023617266254,2.830023617266254,0.0,emission=-2.564 transition=0.267 sigma=4.070 num_candidates=5.000,,8.688499976415187,0.0,,,
226.0159884,1232.237242,223.6489456,1232.571649,145.12916285522604,-37.90928441941698,hmm,False,True,-4577073#9,0,,False,226.01598839927465,1232.2372420001775,226.01598839927465,1232.2372420001775,223.6489456172161,1232.5716490033233,-37.90928097906937,145.12913601875456,2.39054796560295,2.39054796560295,2.3905479656029502,0.0,emission=-2.495 transition=1.572 sigma=4.070 num_candidates=5.000,,5.550500005483627,0.0,,,
222.2310967,1219.606263,221.8253425,1219.663586,145.12911693956494,-37.90939751781488,hmm,False,True,-4577073#9,0,,False,222.23109669983387,1219.6062629986554,222.23109669983387,1219.6062629986554,221.8253425326565,1219.6635864387251,-37.909396928075246,145.12911233929907,0.4097833829759709,0.4097833829759709,0.4097833829759709,0.0,emission=-2.328 transition=0.861 sigma=4.070 num_candidates=5.000,,5.877699994016439,0.0,,,
220.1764105,1201.975983,219.3431351,1202.093705,145.12908955508246,-37.90955596381664,hmm,False,True,-4577073#9,0,,False,220.17641050019301,1201.975982999429,220.17641050019301,1201.975982999429,219.34313501968984,1202.093705061042,-37.9095547526972,145.12908010774464,0.8415500639880028,0.8415500639880028,0.8415500639880028,0.0,emission=-2.344 transition=1.583 sigma=4.070 num_candidates=5.000,,5.919300019741058,0.0,,,
218.1049826,1188.239862,217.4082027,1188.33771,145.12906286875648,-37.90967932733121,hmm,False,True,-35177168#0,0,,False,218.10498260013992,1188.2398619996384,218.10498260013992,1188.2398619996384,223.23,1188.88,-37.90967448740864,145.12912128550934,5.164840753438153,5.164840753438153,1.9344341852180822,0.0,emission=-2.436 transition=-33.895 sigma=4.070 num_candidates=5.000,,10.534000000916421,0.0,,,
216.3818146,1175.192081,215.5780334,1175.304955,145.12904029908242,-37.90979655308191,hmm,False,True,-5045577#0,0,,False,216.38181459892076,1175.1920809997246,216.38181459892076,1175.1920809997246,221.37,1173.66,-37.90981125626436,145.12909666447925,5.218166898946117,5.218166898946117,3.5773019620229385,0.0,emission=-2.709 transition=-32.009 sigma=4.070 num_candidates=5.000,,9.691799990832806,0.0,,,
215.3275147,1162.865344,213.9109307,1163.051299,145.1290254988281,-37.90990740443432,hmm,False,True,-1037064066#0,0,,False,215.3275147015229,1162.865344000049,215.3275147015229,1162.865344000049,219.3,1162.91,-37.90990772039305,145.12907067571902,3.9727362868618057,3.9727362868618057,3.9727362868618057,0.0,emission=-2.799 transition=-10.627 sigma=4.070 num_candidates=5.000,,6.152399990241975,0.0,,,
215.2371577,1149.079267,212.1303632,1149.487095,145.12902132542894,-37.91003157612402,hmm,False,True,-4577073#4,0,,False,215.23715769918635,1149.0792670007795,215.23715769918635,1149.0792670007795,212.13036313100073,1149.4870946576534,-37.91002734059566,145.12898609454456,3.133447923074346,3.133447923074346,3.133447923074346,0.0,emission=-2.619 transition=1.080 sigma=4.070 num_candidates=5.000,,6.1849000048823655,0.0,,,
211.4575709,1135.481743,210.311623,1135.632173,145.1289752487797,-37.91015338224462,hmm,False,True,-4577073#4,0,,False,211.45757090079132,1135.4817430004478,211.45757090079132,1135.4817430004478,210.3116229940337,1135.6321726169704,-37.910151819942904,145.12896225377133,1.15577924991293,1.15577924991293,1.15577924991293,0.0,emission=-2.363 transition=0.913 sigma=4.070 num_candidates=5.000,,8.21100000757724,0.0,,,
208.4431729,1122.593368,208.5973505,1122.573129,145.1289380339624,-37.91026893852722,hmm,False,True,-4577073#4,0,,False,208.44317290035542,1122.593368000351,208.44317290035542,1122.593368000351,208.59735054102927,1122.5731289622356,-37.91026914872228,145.12893978233396,0.15550036510435172,0.15550036510435172,0.15550036510435172,0.0,emission=-2.323 transition=1.284 sigma=4.070 num_candidates=5.000,,5.7360000209882855,0.0,,,
210.1700179,1109.071683,206.9073084,1109.489282,145.1289545822211,-37.91039105707487,hmm,False,True,-4577073#3,0,,False,210.1700179008767,1109.0716829998419,210.1700179008767,1109.0716829998419,206.90730831990157,1109.4892814342452,-37.91038670531318,145.1289175806535,3.2893255026225345,3.2893255026225345,3.2893255026225345,0.0,emission=-2.649 transition=-0.280 sigma=4.070 num_candidates=5.000,,6.413399998564273,0.0,,,
208.7476217,1093.240803,204.8908256,1093.734439,145.12893479672013,-37.910533407931894,hmm,False,True,-4577073#3,0,,False,208.7476216998184,1093.2408029995859,208.7476216998184,1093.2408029995859,204.8908256291654,1093.7344393349522,-37.91052826377433,145.12889105768556,3.8882583198905976,3.8882583198905976,3.8882583198905976,0.0,emission=-2.779 transition=1.553 sigma=4.070 num_candidates=5.000,,6.735600007232279,0.0,,,
206.2121928,1081.706447,203.3978563,1082.066381,145.1289033365223,-37.910636853494346,hmm,False,True,-4577073#3,0,,False,206.21219280082732,1081.7064469987527,206.21219280082732,1081.7064469987527,203.39785620532416,1082.0663804244869,-37.910633102248006,145.12887141967371,2.83725968916296,2.83725968916296,2.8372596891629596,0.0,emission=-2.566 transition=1.377 sigma=4.070 num_candidates=5.000,,6.506800011266023,0.0,,,
204.0740031,1068.301282,201.6766121,1068.607891,145.1288759658718,-37.91075722353065,hmm,False,True,-4577073#3,0,,False,204.07400310004596,1068.301282000728,204.07400310004596,1068.301282000728,201.67661213525523,1068.6078910766148,-37.9107540280268,145.1288487774803,2.416917988570655,2.416917988570655,2.416917988570655,0.0,emission=-2.499 transition=1.577 sigma=4.070 num_candidates=5.000,,12.742799997795373,0.0,,,
203.6367728,1054.885652,199.9814254,1055.353145,145.1288679327,-37.910877995400135,hmm,False,True,-4577073#3,0,,False,203.6367727991892,1054.8856520010158,203.6367727991892,1054.8856520010158,199.98142532377702,1055.353144674485,-37.91087312314782,145.128826477978,3.685120698939132,3.685120698939132,3.6851206989391323,0.0,emission=-2.732 transition=1.309 sigma=4.070 num_candidates=5.000,,6.1703999526798725,0.0,,,
201.8868718,1040.448844,198.1320436,1040.933338,145.12884474129154,-37.91100772889753,hmm,False,True,-4577073#2,0,,False,201.88687179901171,1040.4488440006971,201.88687179901171,1040.4488440006971,198.08,1040.53,-37.91100630944027,145.1288014754819,3.8077367543375993,3.8077367543375993,3.8077367543375997,0.0,emission=-2.760 transition=-21.382 sigma=4.070 num_candidates=5.000,,9.749099961481988,0.0,,,
197.6288879,1027.363995,196.3907349,1027.528904,145.12879334128223,-37.91112483010925,hmm,False,True,-4577073#1,0,,False,197.62888789980207,1027.3639949997887,197.62888789980207,1027.3639949997887,195.97,1024.37,-37.911151500689016,145.1287737962461,3.422851899055832,3.422851899055832,2.223414905076387,0.0,emission=-2.472 transition=-32.692 sigma=4.070 num_candidates=5.000,,6.23910001013428,0.0,,,
195.8074354,1015.421907,194.7513822,1015.568117,145.1287699055111,-37.911232077661744,hmm,False,True,-4577073#1,0,,False,195.80743540078402,1015.4219070002437,195.80743540078402,1015.4219070002437,194.7513822141055,1015.5681172177591,-37.91123056959806,145.12875793146682,1.0661265219474554,1.0661265219474554,1.0661265219474554,0.0,emission=-2.357 transition=-14.362 sigma=4.070 num_candidates=5.000,,7.180899963714182,0.0,,,
196.6879654,1001.584737,192.8882225,1002.11081,145.12877675894052,-37.911356885128505,hmm,False,True,-4577073#1,0,,False,196.6879654005752,1001.5847369991243,196.6879654005752,1001.5847369991243,192.88822246377546,1002.1108101631471,-37.911351459019656,145.12873367553786,3.835987403480938,3.835987403480938,3.835987403480938,0.0,emission=-2.767 transition=0.212 sigma=4.070 num_candidates=5.000,,6.733699992764741,0.0,,,
193.5816436,989.8197648,191.2688934,990.1289573,145.1287387543634,-37.91146230482216,hmm,False,True,-4577073#1,0,,False,193.58164359949296,989.8197647994384,193.58164359949296,989.8197647994384,191.26889336800713,990.1289573057062,-37.911459101314605,145.1287125286859,2.3333267321937443,2.3333267321937443,2.3333267321937443,0.0,emission=-2.487 transition=1.223 sigma=4.070 num_candidates=5.000,,6.108100002165884,0.0,,,
191.5594067,976.3335609,189.4620673,976.6139551,145.12871268298574,-37.91158342577397,hmm,False,True,-4577073#1,0,,False,191.55940669728443,976.3335609007627,191.55940669728443,976.3335609007627,189.46206729413936,976.6139550469718,-37.9115805206369,145.12868889994456,2.1159993972620272,2.1159993972620272,2.1159993972620272,0.0,emission=-2.458 transition=1.601 sigma=4.070 num_candidates=5.000,,6.016200000885874,0.0,,,
190.2846077,964.3413904,187.8645964,964.6649227,145.12869545102893,-37.911691223307834,hmm,False,True,-4577073#1,0,,False,190.2846076998394,964.3413904001936,190.2846076998394,964.3413904001936,187.86459636420102,964.6649226865061,-37.911687871215186,145.1286680089705,2.441542136622838,2.441542136622838,2.441542136622838,0.0,emission=-2.503 transition=1.587 sigma=4.070 num_candidates=5.000,,6.443699996452779,0.0,,,
188.5870044,950.8163628,186.0583714,951.1544168,145.12867306176307,-37.911812752682295,hmm,False,True,-4577073#1,0,,False,188.587004399742,950.8163627991453,188.587004399742,950.8163627991453,186.05837140658255,951.1544167584282,-37.91180925012498,145.1286443879285,2.5511301992413764,2.5511301992413764,2.5511301992413764,0.0,emission=-2.519 transition=1.607 sigma=4.070 num_candidates=5.000,,5.6992999743670225,0.0,,,
185.1537997,938.3974825,184.3669551,938.502676,145.12863119078943,-37.911924003753406,hmm,False,True,-4577073#1,0,,False,185.1537997032283,938.3974825004116,185.1537997032283,938.3974825004116,184.3669551181884,938.502676068649,-37.91192291384623,145.12862226822762,0.7938451283500485,0.7938451283500485,0.7938451283500484,0.0,emission=-2.342 transition=1.007 sigma=4.070 num_candidates=5.000,,7.942500000353903,0.0,,,
184.1232992,925.5835417,182.6658402,925.77839,145.1286165487521,-37.91203924812998,hmm,False,True,-4577073#1,0,,False,184.12329919985496,925.5835416996852,184.12329919985496,925.5835416996852,182.66584020595198,925.7783899772779,-37.91203722931003,145.12860002161594,1.4704259825606798,1.4704259825606798,1.4704259825606798,0.0,emission=-2.388 transition=1.520 sigma=4.070 num_candidates=5.000,,6.252699997276068,0.0,,,
182.5205476,913.6550178,181.0709702,913.8488124,145.12859560215475,-37.91214641298163,hmm,False,True,-4577073#1,0,,False,182.52054759883322,913.6550178006291,182.52054759883322,913.6550178006291,181.0709701918713,913.8488123857019,-37.91214440507548,145.12857916437028,1.462474273270447,1.462474273270447,1.4624742732704468,0.0,emission=-2.387 transition=1.609 sigma=4.070 num_candidates=5.000,,13.769799959845841,0.0,,,
180.7248878,902.7748729,179.6485474,902.7784135,145.12857270139958,-37.91224409891392,hmm,False,True,-4577073#1,0,,False,180.72488780075219,902.7748728999868,180.72488780075219,902.7748728999868,179.64854741280715,902.7784134933682,-37.912243872355745,145.12856046395794,1.0763462112736624,1.0763462112736624,1.0763462112736624,0.0,emission=-2.358 transition=0.921 sigma=4.070 num_candidates=5.000,,6.046099995728582,0.0,,,
181.0314062,889.8981747,179.7545015,889.8472118,145.12857324711186,-37.91236015041537,hmm,False,True,-4577073#0,0,,False,181.0314061989775,889.8981746993959,181.0314061989775,889.8981746993959,179.7545015260708,889.8472117634484,-37.91236037856257,145.12855871674094,1.277921266953214,1.277921266953214,1.2680008221244374,0.0,emission=-2.371 transition=-1.128 sigma=4.070 num_candidates=5.000,,6.104899977799505,0.0,,,
179.7614997,874.1097759,179.304569,874.1361298,145.12855520373995,-37.91250214602923,hmm,False,True,1162333280#0,0,,False,179.76149969990365,874.1097758989781,179.76149969990365,874.1097758989781,183.28865499971567,874.0025754784501,-37.91250374962525,145.12859528401583,3.5287839887351304,3.5287839887351304,3.5287839887351304,0.0,emission=-2.698 transition=1.511 sigma=4.070 num_candidates=5.000,,5.968500045128167,0.0,,,
178.4770128,866.1653713,178.843628,866.1442264,145.1285387851755,-37.91257347861732,hmm,False,True,1162333280#0,0,,False,178.47701279912144,866.1653713006526,178.47701279912144,866.1653713006526,183.0462390458885,866.0264993391127,-37.91257555598938,145.12859070691079,4.571336119325188,4.571336119325188,4.571336119325188,0.0,emission=-2.953 transition=1.270 sigma=4.070 num_candidates=5.000,,6.525199976749718,0.0,,,
178.8677529,852.4028305,178.3683069,852.4140408,145.12854008621645,-37.91269752520376,hmm,False,True,491516483#0,0,,False,178.86775289999787,852.4028305001557,178.86775289999787,852.4028305001557,178.36830688033365,852.4140407474961,-37.91269733388879,145.12853440991907,0.4995718128596373,0.4995718128596373,0.4995718128596373,0.0,emission=-2.330 transition=1.471 sigma=4.070 num_candidates=5.000,,14.548100007232279,0.0,,,
185.7690031,833.117535,185.0792351,831.827511,145.1286141531786,-37.912872499425305,hmm,False,True,491516483#1,0,,False,185.76900309685152,833.1175349997357,185.76900309685152,833.1175349997357,186.87,830.87,-37.91289294482245,145.12862615882503,2.5027200713981728,2.5027200713981728,1.5635118400210586,0.0,emission=-2.396 transition=-23.792 sigma=4.070 num_candidates=5.000,,5.789200018625706,0.0,,,
200.7170259,830.5796513,201.003162,829.203238,145.12878353797433,-37.91289806452941,hmm,False,True,1470433047#2,0,,False,200.7170258971164,830.5796513007954,200.7170258971164,830.5796513007954,201.18,829.24,-37.912910216120075,145.1287884963633,1.4173957202078746,1.4173957202078746,1.4173957202078746,0.0,emission=-2.383 transition=-36.681 sigma=4.070 num_candidates=5.000,,6.570599973201752,0.0,,,
213.6206251,829.0900828,213.8564537,826.5018637,145.12892991635678,-37.91291381626294,hmm,False,True,1470433046#0,0,,False,213.6206251005642,829.0900828009471,213.6206251005642,829.0900828009471,213.8564537234291,826.501863665005,-37.91293717414323,145.12893200707433,2.5989408294571654,2.5989408294571654,2.5989408294571654,0.0,emission=-2.526 transition=-45.868 sigma=4.070 num_candidates=5.000,,6.655799981672317,0.0,,,
226.3660422,826.9315027,226.082292,825.0177656,145.12907434353951,-37.9129355658163,hmm,False,True,1470433046#0,0,,False,226.36604219989385,826.9315027007833,226.36604219989385,826.9315027007833,225.73,825.07,-37.912952219632196,145.12906668667694,1.9671659780174136,1.9671659780174136,1.6659878349992923,0.0,emission=-2.406 transition=-2.856 sigma=4.070 num_candidates=5.000,,6.1295999912545085,0.0,,,
239.2908637,824.8796445,239.0267709,823.0984854,145.12922083506078,-37.91295638625615,hmm,False,True,-725249377#2,0,,False,239.29086370114237,824.8796444991603,239.29086370114237,824.8796444991603,244.7,828.03,-37.91292898510609,145.12928305776688,6.25967213848214,6.25967213848214,2.772861107798275,0.0,emission=-2.555 transition=-61.657 sigma=4.070 num_candidates=5.000,,13.511700031813234,0.0,,,
250.4410127,822.5648999,250.3157184,821.5662212,145.12934708802013,-37.91297925382192,hmm,False,True,1470433046#2,0,,False,250.4410126983421,822.5648998999968,250.4410126983421,822.5648998999968,250.31571834930267,821.5662212255016,-37.91298822748575,145.12934543548954,1.0065077092564492,1.0065077092564492,1.0065077092564492,0.0,emission=-2.353 transition=-48.658 sigma=4.070 num_candidates=5.000,,12.166299973614514,0.0,,,
261.3573332,819.603221,261.4286906,820.1719864,145.12947053473357,-37.913007906709886,hmm,False,True,1470433046#2,0,,False,261.35733319912106,819.6032210011035,261.35733319912106,819.6032210011035,261.42869057170407,820.1719863669242,-37.91300279604666,145.12947147587104,0.5732241411342511,0.5732241411342511,0.5732241411342511,0.0,emission=-2.332 transition=1.055 sigma=4.070 num_candidates=5.000,,10.567199962679297,0.0,,,
272.3272402,819.9039277,272.1914622,818.8216877,145.12959533519268,-37.91300718087267,hmm,False,True,1470433046#2,0,,False,272.3272402002476,819.9039276996627,272.3272402002476,819.9039276996627,272.1914622387299,818.8216877129937,-37.91301690538428,145.12959354442347,1.090724091408685,1.090724091408685,1.090724091408685,0.0,emission=-2.358 transition=0.975 sigma=4.070 num_candidates=5.000,,9.827300033066422,0.0,,,
283.3237689,817.156136,283.3569812,817.4208603,145.12971974285392,-37.91303392125836,hmm,False,True,1470433046#2,0,,False,283.32376890059095,817.1561359995976,283.32376890059095,817.1561359995976,283.35698124733534,817.4208603281717,-37.913031542566536,145.12972018088615,0.26679960666248626,0.26679960666248626,0.26679960666248626,0.0,emission=-2.325 transition=1.202 sigma=4.070 num_candidates=5.000,,5.709499993827194,0.0,,,
294.5708206,815.7153717,294.6077023,816.0093435,145.12984729732273,-37.91304893280257,hmm,False,True,1470433046#2,0,,False,294.57082060328685,815.7153717009351,294.57082060328685,815.7153717009351,294.60770233870727,816.0093434795916,-37.91304629130586,145.1298477837455,0.29627633900485667,0.29627633900485667,0.29627633900485667,0.0,emission=-2.325 transition=1.609 sigma=4.070 num_candidates=5.000,,5.879300006199628,0.0,,,
305.2803713,815.5376825,305.1732418,814.6837896,145.12996902838645,-37.91305246901049,hmm,False,True,1470433046#2,0,,False,305.280371296918,815.5376824997365,305.280371296918,815.5376824997365,305.17324178941175,814.683789603721,-37.913060141705444,145.129967615498,0.8605868981365503,0.8605868981365503,0.8605868981365503,0.0,emission=-2.345 transition=1.296 sigma=4.070 num_candidates=5.000,,5.951899976935238,0.0,,,
316.4872991,814.5747151,316.3143736,813.2714029,145.13009623571045,-37.91306316893522,hmm,False,True,1470433046#2,0,,False,316.4872991006123,814.5747151011601,316.4872991006123,814.5747151011601,314.29,813.54,-37.91307209279584,145.13007101556977,2.4287360247915664,2.4287360247915664,2.4022200330634744,0.0,emission=-2.497 transition=-8.691 sigma=4.070 num_candidates=5.000,,9.287799999583513,0.0,,,
326.9801326,812.9475787,326.8138136,811.807504,145.1302151720666,-37.91307972266792,hmm,False,True,1470433046#3,0,,False,326.9801325989538,812.947578699328,326.9801325989538,812.947578699328,326.81381362741257,811.8075039614451,-37.913089962660486,145.13021302092227,1.1521425294872112,1.1521425294872112,1.1521425294872112,0.0,emission=-2.363 transition=-24.384 sigma=4.070 num_candidates=5.000,,7.701300026383251,0.0,,,
338.3398423,811.7332669,338.11744,810.1731309,145.130344059349,-37.91309271410091,hmm,False,True,1470433046#3,0,,False,338.3398422995815,811.7332669002935,338.3398422995815,811.7332669002935,333.72,810.8,-37.913100286411705,145.1302913171159,4.713165600759839,4.713165600759839,4.271933996920347,0.0,emission=-2.873 transition=-20.616 sigma=4.070 num_candidates=5.000,,7.0025999448262155,0.0,,,
350.5821083,810.7296699,350.2604905,808.4518121,145.1304830297427,-37.91310396668441,hmm,False,True,1360476884,0,,False,350.5821083005285,810.7296699015424,350.5821083005285,810.7296699015424,350.26049054337193,808.4518121364812,-37.91312442802788,145.13047885335203,2.3004508209409633,2.3004508209409633,2.3004508209409633,0.0,emission=-2.482 transition=-23.700 sigma=4.070 num_candidates=5.000,,6.517100031487644,0.0,,,
361.9218378,808.3952312,361.7017398,806.8363869,145.13061143451355,-37.91312704457076,hmm,False,True,1360476884,0,,False,361.92183780216146,808.3952312003821,361.92183780216146,808.3952312003821,361.7017397719269,806.8363869012458,-37.91314104722605,145.13060857643808,1.5743057809279128,1.5743057809279128,1.5743057809279128,0.0,emission=-2.397 transition=1.495 sigma=4.070 num_candidates=5.000,,6.459500000346452,0.0,,,
372.7158251,806.7776112,372.4451416,805.2801202,145.13073379751663,-37.91314356646606,hmm,False,True,1360476884,0,,False,372.7158250999055,806.7776111997664,372.7158250999055,806.7776111997664,372.44514159173406,805.2801201787537,-37.913157007302416,145.1307303782765,1.5217584958230628,1.5217584958230628,1.5217584958230628,0.0,emission=-2.392 transition=1.318 sigma=4.070 num_candidates=5.000,,6.964100000914186,0.0,,,
385.3227822,804.3996266,385.1189043,803.2770699,145.1308766013995,-37.91316726526346,hmm,False,True,1470433048,0,,False,385.3227821966866,804.3996266014874,385.3227821966866,804.3996266014874,385.118904283783,803.2770699003195,-37.91317734067929,145.13087402727734,1.1409205716030058,1.1409205716030058,1.1409205716030058,0.0,emission=-2.362 transition=0.062 sigma=4.070 num_candidates=5.000,,6.397199991624802,0.0,,,
396.6316222,803.121653,396.2913205,801.247944,145.13100489605768,-37.91318082027007,hmm,False,True,1470433048,0,,False,396.6316221989691,803.1216529998928,396.6316221989691,803.1216529998928,396.2913205587035,801.2479439685505,-37.91319763759756,145.1310005995043,1.9043609795679846,1.9043609795679846,1.9043609795679846,0.0,emission=-2.432 transition=1.481 sigma=4.070 num_candidates=5.000,,12.83059996785596,0.0,,,
405.9829333,800.4300335,405.42,799.59,145.13111061059553,-37.91320675602353,hmm,False,True,-45897759#2,0,,False,405.98293330078013,800.4300335012376,405.98293330078013,800.4300335012376,411.38,798.11,-37.913228630187795,145.13117144853962,5.874596531055802,5.874596531055802,4.060390034777497,0.0,emission=-2.820 transition=1.550 sigma=4.070 num_candidates=5.000,,6.632799981161952,0.0,,,
409.0103619,795.4063401,408.5519489,795.2690907,145.1311438884221,-37.9132525573874,hmm,False,True,711979119,0,,False,409.0103619011352,795.4063401008025,409.0103619011352,795.4063401008025,408.86,792.52,-37.91327853103622,145.13114152073592,2.890253947114953,2.890253947114953,0.6074461739490689,0.0,emission=-2.334 transition=-25.394 sigma=4.070 num_candidates=5.000,,6.477800023276359,0.0,,,
404.3935659,796.3727691,406.5874438,798.3535275,145.13109161387075,-37.913243017715125,hmm,False,True,1470433048,0,,False,404.39356590108946,796.3727690996602,404.39356590108946,796.3727690996602,405.76,799.27,-37.913217165603044,145.13110781129214,3.2032934671286357,3.2032934671286357,3.037395413729575,0.0,emission=-2.601 transition=-21.975 sigma=4.070 num_candidates=5.000,,5.673400009982288,0.0,,,
392.9754148,797.5923992,391.9501521,795.8214909,145.1309620628712,-37.91322996862659,hmm,False,True,1470433048,0,,False,392.9754147994099,797.5923992004246,392.9754147994099,797.5923992004246,393.72401608140734,801.7142158976875,-37.91319297358981,145.13097151452294,4.189245369424401,4.189245369424401,4.1892453694244,0.0,emission=-2.852 transition=-2.746 sigma=4.070 num_candidates=5.000,,5.600599979516119,0.0,,,
382.7327321,801.5956452,383.1045556,803.6429144,145.13084651216585,-37.91319205629564,hmm,False,True,1470433048,0,,False,382.7327320992481,801.5956452023238,382.7327320992481,801.5956452023238,383.1045556092414,803.6429144079495,-37.91317368119963,145.1308512067431,2.0807604193869227,2.0807604193869227,2.080760419386923,0.0,emission=-2.453 transition=0.589 sigma=4.070 num_candidates=5.000,,6.291099998634309,0.0,,,
371.1628423,802.5232803,371.1168083,802.2697163,145.13071516939826,-37.913181609885015,hmm,False,True,1470433048,0,,False,371.1628423008369,802.5232803011313,371.1628423008369,802.5232803011313,375.18,804.77,-37.913162096632384,145.1307613583825,4.60274976348158,4.60274976348158,3.611039477695075,0.0,emission=-2.716 transition=-16.402 sigma=4.070 num_candidates=5.000,,9.050099994055927,0.0,,,
358.5470888,805.5203538,358.3436752,804.0786151,145.13057240670764,-37.91315233241163,hmm,False,True,-1360476884,0,,False,358.5470888009295,805.5203537996858,358.5470888009295,805.5203537996858,358.3436751775649,804.0786151358386,-37.91316528316624,145.13056976503697,1.4560176774346805,1.4560176774346805,1.4560176774346807,0.0,emission=-2.387 transition=1.279 sigma=4.070 num_candidates=5.000,,11.394099972676486,0.0,,,
346.5860028,807.3497602,346.3629694,805.7689622,145.1304368216647,-37.91313369165923,hmm,False,True,-1360476884,0,,False,346.58600280224346,807.3497602008283,346.58600280224346,807.3497602008283,346.362969425803,805.7689622344783,-37.91314789154257,145.13043392517318,1.5964542265354156,1.5964542265354156,1.5964542265354158,0.0,emission=-2.400 transition=1.605 sigma=4.070 num_candidates=5.000,,7.61249999050051,0.0,,,
336.2649652,807.7142809,336.1937946,807.2171491,145.13031955058074,-37.91312854311266,hmm,False,True,-1470433046#3,0,,False,336.26496519963257,807.7142808986828,336.26496519963257,807.7142808986828,333.31,807.63,-37.91312876839262,145.13028593225536,2.956166876365798,2.956166876365798,1.3572912038392442,0.0,emission=-2.378 transition=-31.405 sigma=4.070 num_candidates=5.000,,9.98309999704361,0.0,,,
325.1356265,808.2738985,325.214163,808.811874,145.1301931333208,-37.91312149091093,hmm,False,True,-1470433046#3,0,,False,325.13562650146196,808.2738985000178,325.13562650146196,808.2738985000178,325.2141630714117,808.8118740041734,-37.91311665889995,145.1301941490177,0.5436778787949286,0.5436778787949286,0.5436778787949286,0.0,emission=-2.332 transition=-13.199 sigma=4.070 num_candidates=5.000,,12.271100014913827,0.0,,,
315.3874308,809.7530623,315.4421564,810.1652504,145.13008262996829,-37.913106404691185,hmm,False,True,-1470433046#2,0,,False,315.38743080117274,809.753062300384,315.38743080117274,809.753062300384,313.9,810.37,-37.913100578378916,145.13006585803484,1.6102988894875638,1.6102988894875638,0.15108915265091485,0.0,emission=-2.323 transition=-26.348 sigma=4.070 num_candidates=5.000,,10.504300007596612,0.0,,,
298.3471588,812.4139252,298.3353974,812.3200506,145.1298894825581,-37.91307935547542,hmm,False,True,-1470433046#2,0,,False,298.3471587988897,812.4139252007008,298.3471587988897,812.4139252007008,298.33539748737127,812.320050644505,-37.91308019899246,145.12988932741243,0.0946084602431335,0.0946084602431335,0.0946084602431335,0.0,emission=-2.323 transition=-6.193 sigma=4.070 num_candidates=5.000,,5.652700026985258,0.0,,,
286.1174895,812.6529236,286.2652493,813.8322897,145.12975048112287,-37.913074992143265,hmm,False,True,-1470433046#2,0,,False,286.1174894993892,812.6529235988855,286.1174894993892,812.6529235988855,286.26524937072037,813.8322897200002,-37.91306439486093,145.12975243027054,1.188586314580812,1.188586314580812,1.188586314580812,0.0,emission=-2.365 transition=1.272 sigma=4.070 num_candidates=5.000,,5.607300030533224,0.0,,,
271.3041648,815.6676387,271.3089864,815.706123,145.12958273589282,-37.91304515735956,hmm,False,True,-1470433046#2,0,,False,271.30416479933774,815.6676387013867,271.30416479933774,815.6676387013867,271.3089864026545,815.7061230039919,-37.91304481155609,145.12958279949692,0.03878516991778769,0.03878516991778769,0.03878516991778769,0.0,emission=-2.323 transition=1.390 sigma=4.070 num_candidates=5.000,,5.711500009056181,0.0,,,
259.2989387,817.7011737,259.2384544,817.2184102,145.12944669603183,-37.91302466866332,hmm,False,True,-1470433046#2,0,,False,259.2989386994159,817.7011736985296,259.2989386994159,817.7011736985296,259.2384544480529,817.2184101695967,-37.91302900656854,145.12944589814748,0.4865377370057411,0.4865377370057411,0.4865377370057411,0.0,emission=-2.330 transition=1.553 sigma=4.070 num_candidates=5.000,,5.440999986603856,0.0,,,
246.444607,823.6927127,246.2428174,822.0751931,145.1293019048132,-37.91296837174133,hmm,False,True,1470433046#1,0,,False,246.44460700033233,823.6927127009258,246.44460700033233,823.6927127009258,244.04,822.35,-37.912980032459984,145.12927425716657,2.754090089898036,2.754090089898036,2.5644973234469717,0.0,emission=-2.521 transition=-15.086 sigma=4.070 num_candidates=5.000,,8.640100015327334,0.0,,,
233.2570808,823.6989819,233.2940729,823.9484735,145.12915195936458,-37.91296593101295,hmm,False,True,-1470433046#0,0,,False,233.25708079861943,823.6989818997681,233.25708079861943,823.6989818997681,225.16,821.92,-37.91298049245128,145.12905948666673,8.290204705498784,8.290204705498784,2.175243675886729,0.0,emission=-2.465 transition=-63.728 sigma=4.070 num_candidates=5.000,,5.730200035031885,0.0,,,
221.3905087,825.2800275,221.4905183,825.8345718,145.1290173930622,-37.912949543018435,hmm,False,True,-725249377#0,0,,False,221.39050869987113,825.2800275022164,221.39050869987113,825.2800275022164,222.1057044236617,830.9212030755259,-37.91289885540716,145.1290268125684,5.686331574242941,5.686331574242941,5.68633157424294,0.0,emission=-3.299 transition=-35.143 sigma=4.070 num_candidates=5.000,,10.060400003567338,0.0,,,
210.0871015,826.4139925,210.0866106,826.3967513,145.12888912816348,-37.91293728410649,hmm,False,True,-725249377#0,0,,False,210.08710150263505,826.4139924999326,210.08710150263505,826.4139924999326,210.8396171476303,832.3495325680154,-37.912883951557255,145.1288990392826,5.9830523728092855,5.9830523728092855,5.9830523728092855,0.0,emission=-3.403 transition=1.590 sigma=4.070 num_candidates=5.000,,6.074699980672449,0.0,,,
202.7718656,823.0651723,205.5709419,819.0065116,145.12880518698515,-37.91296612816567,hmm,False,True,1470433047#3,0,,False,202.77186559856636,823.0651722997427,202.77186559856636,823.0651722997427,205.29,818.84,-37.91300464479543,145.12883285465767,4.918646340833647,4.918646340833647,3.8352869203798856,0.0,emission=-2.767 transition=-37.627 sigma=4.070 num_candidates=5.000,,6.192800006829202,0.0,,,
199.7637971,807.6942707,200.3532979,807.5745675,145.12876747560472,-37.91310404857515,hmm,False,True,-93686025#2,0,,False,199.76379709911998,807.6942707002163,199.76379709911998,807.6942707002163,200.3532978993253,807.5745674791041,-37.91310523349325,145.12877415112632,0.6015314244387792,0.6015314244387792,0.6015314244387792,0.0,emission=-2.334 transition=-40.105 sigma=4.070 num_candidates=5.000,,14.253199973609298,0.0,,,
197.7677255,795.4688699,198.2271966,795.4043757,145.12874198888932,-37.9132138166344,hmm,False,True,-93686025#2,0,,False,197.7677255005692,795.4688699012622,197.7677255005692,795.4688699012622,198.22719658953332,795.4043757030728,-37.91321448070443,145.12874719853383,0.46397541227306577,0.46397541227306577,0.4639754122730658,0.0,emission=-2.329 transition=1.474 sigma=4.070 num_candidates=5.000,,10.815399989951402,0.0,,,
197.2650441,782.3833155,196.5292868,782.4742281,145.1287332862028,-37.91333160320586,hmm,False,True,-93686025#0,0,,False,197.265044099011,782.3833155008033,197.265044099011,782.3833155008033,195.67,775.52,-37.913393140963535,145.12871358320635,7.046223480798549,7.046223480798549,3.4975993399628735,0.0,emission=-2.692 transition=-33.716 sigma=4.070 num_candidates=5.000,,7.813700009137392,0.0,,,
196.1310093,770.720468,195.1382413,770.8331039,145.1287177294846,-37.91343645954719,hmm,False,True,-93686025#0,0,,False,196.13100930070505,770.7204680005088,196.13100930070505,770.7204680005088,195.1382413444312,770.8331039427774,-37.91343526535864,145.12870646700188,0.9991371630035843,0.9991371630035843,0.9991371630035843,0.0,emission=-2.353 transition=-33.358 sigma=4.070 num_candidates=5.000,,13.514499994926155,0.0,,,
198.5381926,760.3973765,193.9619037,760.9528433,145.12874274375508,-37.913529887494285,hmm,False,True,-93686025#0,0,,False,198.53819260036107,760.3973765000701,198.53819260036107,760.3973765000701,193.96190373681574,760.952843286266,-37.91352405611941,145.12869083613555,4.6098766917538905,4.6098766917538905,4.6098766917538905,0.0,emission=-2.964 transition=-1.640 sigma=4.070 num_candidates=5.000,,9.317199990618974,0.0,,,
206.4965897,753.816161,206.1368573,751.4502051,145.1288317320254,-37.91359061169752,hmm,False,True,-93686025#0,0,,False,206.49658970080782,753.8161610001698,206.49658970080782,753.8161610001698,206.13685728037865,751.4502051317974,-37.913611859682035,145.12882710165616,2.3931474224113054,2.3931474224113054,2.3931474224113054,0.0,emission=-2.495 transition=-50.781 sigma=4.070 num_candidates=5.000,,7.832499977666885,0.0,,,
223.113888,751.6948366,222.6939304,748.9327803,145.12902019404294,-37.913612725912614,hmm,False,True,-93686025#0,0,,False,223.113888000953,751.694836601615,223.113888000953,751.694836601615,222.69393038415703,748.9327803300652,-37.91363753117366,145.12901478853354,2.793800144447079,2.793800144447079,2.793800144447079,0.0,emission=-2.558 transition=1.585 sigma=4.070 num_candidates=5.000,,6.086200010031462,0.0,,,
229.0058979,751.5818403,228.4696003,748.054617,145.12908716308874,-37.913614809174334,hmm,False,True,-93686025#0,0,,False,229.00589789962396,751.5818403000012,229.00589789962396,751.5818403000012,228.46960024741514,748.0546169935111,-37.913646486192825,145.1290802601293,3.567761122274254,3.567761122274254,3.567761122274254,0.0,emission=-2.707 transition=1.354 sigma=4.070 num_candidates=5.000,,8.32199997967109,0.0,,,
234.511181,747.1423585,234.5131402,747.1559408,145.129148747491,-37.91365579639093,hmm,False,True,-93686034#0,0,,False,234.51118099980522,747.1423585005105,234.51118099980522,747.1423585005105,237.05,746.79,-37.913659429543785,145.1291775346233,2.5631540001787023,2.5631540001787023,1.3174839284200757,0.0,emission=-2.375 transition=-16.261 sigma=4.070 num_candidates=5.000,,11.145500000566244,0.0,,,
249.3159205,745.262967,249.2947576,745.1088279,145.12931665535953,-37.91367540302938,hmm,False,True,-93686034#0,0,,False,249.31592050055042,745.2629670007154,249.31592050055042,745.2629670007154,249.29475761496295,745.1088278734051,-37.91367678772198,145.12931637955316,0.1555851480520931,0.1555851480520931,0.1555851480520931,0.0,emission=-2.323 transition=-11.210 sigma=4.070 num_candidates=5.000,,8.61120002809912,0.0,,,
258.0677465,744.9883474,257.9235267,743.9273653,145.12941610504285,-37.91367945906591,hmm,False,True,-93686034#0,0,,False,258.0677465002518,744.9883473999798,258.0677465002518,744.9883473999798,257.92352668639785,743.9273653467201,-37.91368899055049,145.12941422309308,1.070739124178876,1.070739124178876,1.0707391241788762,0.0,emission=-2.357 transition=1.375 sigma=4.070 num_candidates=5.000,,5.903400015085936,0.0,,,
265.944776,742.1757009,266.0330403,742.8250352,145.12950502877567,-37.913706219978934,hmm,False,True,-93686034#0,0,,False,265.9447759978939,742.1757009001449,265.9447759978939,742.1757009001449,266.03304032383295,742.8250351577749,-37.913700386590364,145.12950618054566,0.6553057068005758,0.6553057068005758,0.6553057068005758,0.0,emission=-2.336 transition=0.709 sigma=4.070 num_candidates=5.000,,6.139500008430332,0.0,,,
282.0065001,740.8262855,281.9834734,740.6568849,145.12968735030478,-37.91372127918038,hmm,False,True,-93686034#0,0,,False,282.00650009990204,740.8262854991481,282.00650009990204,740.8262854991481,281.983473395938,740.6568849223571,-37.9137228010156,145.12968704983066,0.17095842919422916,0.17095842919422916,0.17095842919422916,0.0,emission=-2.323 transition=1.503 sigma=4.070 num_candidates=5.000,,9.493499994277954,0.0,,,
286.83428,738.2785148,287.0637051,739.9663265,145.12974166319214,-37.91374510268744,hmm,False,True,-93686034#0,0,,False,286.83427999948617,738.2785147996619,286.83427999948617,738.2785147996619,287.06370507967966,739.9663265236421,-37.9137299399786,145.129744656936,1.7033332859504537,1.7033332859504537,1.7033332859504537,0.0,emission=-2.410 transition=-0.050 sigma=4.070 num_candidates=5.000,,5.654499982483685,0.0,,,
290.0587716,727.982122,292.0526697,727.6743082,145.12977597814654,-37.91383843766726,hmm,False,True,114900092#4,0,,False,290.0587715989095,727.9821220012382,290.0587715989095,727.9821220012382,286.5872253820338,728.4578770873896,-37.913833524484595,145.12973661349312,3.5039942976413427,3.5039942976413427,2.5597907923933056,0.0,emission=-2.520 transition=-11.648 sigma=4.070 num_candidates=5.000,,5.904100020416081,0.0,,,
287.1489565,717.8110655,290.5440251,717.4073523,145.12974057159016,-37.91392953482339,hmm,False,True,114900092#4,0,,False,287.1489564992371,717.8110654996708,287.1489564992371,717.8110654996708,285.16539563258397,718.082900904429,-37.91392672753912,145.12971807951493,2.002100946255661,2.002100946255661,2.002100946255661,0.0,emission=-2.444 transition=1.074 sigma=4.070 num_candidates=5.000,,5.89079997735098,0.0,,,
288.1787959,707.9462955,289.4017033,707.8008775,145.12975003075073,-37.914018584970066,hmm,False,True,114900092#4,0,,False,288.1787959006615,707.946295500733,288.1787959006615,707.946295500733,283.8573938775198,708.5385183499696,-37.91401246899443,145.12970102927324,4.36179359309573,4.36179359309573,4.36179359309573,0.0,emission=-2.897 transition=0.186 sigma=4.070 num_candidates=5.000,,5.703200004063547,0.0,,,
287.9241018,693.0776585,287.6547496,693.1096877,145.1297437424579,-37.914152478861666,hmm,False,True,114900092#4,0,,False,287.92410180112347,693.0776585005224,287.92410180112347,693.0776585005224,281.85260295924445,693.9097218734785,-37.91414388600388,145.12967489606632,6.12824833403097,6.12824833403097,6.12824833403097,0.0,emission=-3.456 transition=1.083 sigma=4.070 num_candidates=5.000,,5.4644999909214675,0.0,,,
286.1041282,679.3031664,285.9113863,679.3292798,145.12971990565757,-37.91427623352487,hmm,False,True,46129059#2,0,,False,286.10412820085185,679.3031664006412,286.10412820085185,679.3031664006412,282.7413176314339,679.7587729939172,-37.91427152147453,145.12968177256462,3.393533894574446,3.393533894574446,3.393533894574446,0.0,emission=-2.670 transition=-33.492 sigma=4.070 num_candidates=5.000,,5.632799991872162,0.0,,,
284.4818691,667.3711116,284.3035853,667.3950745,145.12969873726576,-37.91438342684081,hmm,False,True,-46129059#1,0,,False,284.48186910059303,667.3711115987971,284.48186910059303,667.3711115987971,283.94,664.69,-37.914407480930905,145.1296919641796,2.7353211013301126,2.7353211013301126,1.8913562056863862,0.0,emission=-2.431 transition=-41.129 sigma=4.070 num_candidates=5.000,,5.776000034529716,0.0,,,
284.9163935,656.2858912,282.8657939,656.5567252,145.1297011488702,-37.91448336346033,hmm,False,True,-46129059#1,0,,False,284.9163934972603,656.2858912004158,284.9163934972603,656.2858912004158,282.86579388268717,656.5567251117745,-37.9144805530682,145.1296778941301,2.0684075485332407,2.0684075485332407,2.0684075485332407,0.0,emission=-2.452 transition=-12.840 sigma=4.070 num_candidates=5.000,,5.845899984706193,0.0,,,
283.9464184,649.0339867,281.9077864,649.30324,145.12968846507647,-37.91454851486233,hmm,False,True,-46129059#1,0,,False,283.94641839992255,649.0339867006987,283.94641839992255,649.0339867006987,281.90778641272055,649.3032399820273,-37.914545720869135,145.12966534603504,2.056335991210913,2.056335991210913,2.056335991210913,0.0,emission=-2.450 transition=1.609 sigma=4.070 num_candidates=5.000,,5.910599953494966,0.0,,,
283.4028585,640.9332605,280.8469033,641.2708395,145.12968043619074,-37.914621389710334,hmm,False,True,-46129059#1,0,,False,283.4028584997868,640.9332605013624,283.4028584997868,640.9332605013624,280.8469033283747,641.2708394862659,-37.91461788671012,145.12965145043447,2.578151742880314,2.578151742880314,2.5781517428803133,0.0,emission=-2.523 transition=1.526 sigma=4.070 num_candidates=5.000,,5.803000007290393,0.0,,,
280.2674891,635.713388,280.1155507,635.7334553,145.12964359410938,-37.91466784470238,hmm,False,True,1011594504#2,0,,False,280.26748910022434,635.7133880006149,280.26748910022434,635.7133880006149,282.83,632.64,-37.91469599365126,145.12967203021327,4.001521699777846,4.001521699777846,3.247453873904961,0.0,emission=-2.641 transition=0.051 sigma=4.070 num_candidates=5.000,,5.423900031019002,0.0,,,
282.1081738,632.9473917,279.7742538,633.2723679,145.12966389273382,-37.91469309412247,hmm,False,True,1011594504#2,0,,False,282.10817379970104,632.9473916999996,282.10817379970104,632.9473916999996,282.83,632.64,-37.91469599365126,145.12967203021327,0.7845525608056181,0.7845525608056181,0.35783091711544385,0.0,emission=-2.326 transition=-14.043 sigma=4.070 num_candidates=5.000,,5.58430003002286,0.0,,,
292.8086317,620.4655582,292.8469274,620.8919426,145.12978271589122,-37.91480746735421,hmm,False,True,1011594504#2,0,,False,292.8086316998815,620.4655582001433,292.8086316998815,620.4655582001433,294.1696408256617,631.1842611818432,-37.91471115694742,145.1298006369081,10.804764664274753,10.804764664274753,10.804764664274753,0.0,emission=-5.846 transition=-17.530 sigma=4.070 num_candidates=5.000,,5.840900004841387,0.0,,,
298.6623078,620.0498728,298.6888592,620.2982525,145.1298491811225,-37.91481226997112,hmm,False,True,1011594504#2,0,,False,298.6623077971162,620.0498728007078,298.6623077971162,620.0498728007078,299.9823816081438,630.4461874368892,-37.914718856297796,145.12986656304417,10.479787826146106,10.479787826146106,10.479787826146106,0.0,emission=-5.638 transition=1.564 sigma=4.070 num_candidates=5.000,,6.0205000336281955,0.0,,,
302.6970354,619.7120896,302.7137023,619.8680034,145.129894981517,-37.914816042037494,hmm,False,True,1011594504#2,0,,False,302.69703540112823,619.7120895981789,302.69703540112823,619.7120895981789,303.9953002339623,629.9366464149879,-37.914724171646185,145.12991207621621,10.306650943751292,10.306650943751292,10.306650943751292,0.0,emission=-5.529 transition=1.591 sigma=4.070 num_candidates=5.000,,5.6656000087969005,0.0,,,
312.5510877,618.8871119,312.5436145,618.8172018,145.13000684026264,-37.9148252545756,hmm,False,True,1011594504#2,0,,False,312.55108770006336,618.8871119013056,312.55108770006336,618.8871119013056,313.79608909952464,628.6921895895074,-37.914737153298184,145.13002323349448,9.883803769618902,9.883803769618902,9.883803769618904,0.0,emission=-5.271 transition=1.564 sigma=4.070 num_candidates=5.000,,5.892099987249821,0.0,,,
319.5424719,618.240974,319.5053427,617.951813,145.13008618943977,-37.914832338641254,hmm,False,True,1038136215,0,,False,319.54247190232854,618.2409740006551,319.54247190232854,618.2409740006551,319.09720803285353,614.7718611948085,-37.91486350870007,145.1300803351405,3.4975710962250606,3.4975710962250606,3.497571096225061,0.0,emission=-2.692 transition=-0.165 sigma=4.070 num_candidates=5.000,,5.826000007800758,0.0,,,
323.5294835,617.8137988,323.4816462,617.4412433,145.1301314269095,-37.914836907255626,hmm,False,True,1038136215,0,,False,323.5294835001114,617.8137988010421,323.5294835001114,617.8137988010421,323.0735419908183,614.2614950166131,-37.914868824790084,145.13012543224022,3.5814445181749033,3.5814445181749033,3.5814445181749033,0.0,emission=-2.710 transition=1.605 sigma=4.070 num_candidates=5.000,,5.62860001809895,0.0,,,
326.9278754,617.4496895,326.8709109,617.0060513,145.1301699857817,-37.91484080137048,hmm,False,True,1038136215,0,,False,326.9278754006373,617.4496895000339,326.9278754006373,617.4496895000339,326.46283261429085,613.8264763988157,-37.91487335602928,145.1301638714663,3.6529355277601114,3.6529355277601114,3.6529355277601114,0.0,emission=-2.725 transition=1.606 sigma=4.070 num_candidates=5.000,,5.804800020996481,0.0,,,
338.6262534,616.196293,338.9508196,615.9338305,145.13030271808117,-37.91485420621083,hmm,False,True,1038136215,0,,False,338.62625340081286,616.1962930001318,338.62625340081286,616.1962930001318,338.12988268305037,612.3289996231341,-37.91488895394578,145.13029619193117,3.8990180755188355,3.8990180755188355,3.899018075518835,0.0,emission=-2.781 transition=1.597 sigma=4.070 num_candidates=5.000,,4.934299970045686,0.0,,,
345.8802975,615.3017446,345.9895033,616.1900179,145.13038499728418,-37.914863575275476,hmm,False,True,139327110#0,0,,False,345.8802975001745,615.3017445998266,345.8802975001745,615.3017445998266,345.98950328262146,616.1900179017848,-37.9148555932464,145.13038644162188,0.8949610951832153,0.8949610951832153,0.8949610951832153,0.0,emission=-2.347 transition=-13.285 sigma=4.070 num_candidates=5.000,,5.487999995239079,0.0,,,
354.8797255,614.1207238,354.9979682,615.0825024,145.13048705733976,-37.914875840250986,hmm,False,True,139327110#0,0,,False,354.87972550292034,614.1207238007337,354.87972550292034,614.1207238007337,354.9979681473185,615.0825023972361,-37.91486719770126,145.13048862118592,0.9690198097275646,0.9690198097275646,0.9690198097275646,0.0,emission=-2.351 transition=1.608 sigma=4.070 num_candidates=5.000,,5.537699966225773,0.0,,,
363.6137419,612.9745239,363.740756,614.0076497,145.13058610746845,-37.914887743511876,hmm,False,True,139327110#0,0,,False,363.61374189914204,612.9745239000767,363.61374189914204,612.9745239000767,363.7407560803327,614.0076496521542,-37.91487845983436,145.13058778731255,1.0409041367144056,1.0409041367144056,1.0409041367144056,0.0,emission=-2.355 transition=1.608 sigma=4.070 num_candidates=5.000,,5.62569999601692,0.0,,,
370.1722122,612.1138224,370.3058139,613.2005306,145.13066048533616,-37.9148966818139,hmm,False,True,139327110#0,0,,False,370.17221220303327,612.1138224005699,370.17221220303327,612.1138224005699,370.305813902582,613.2005306329199,-37.914886916642345,145.1306622522949,1.0948900384877047,1.0948900384877047,1.0948900384877047,0.0,emission=-2.359 transition=1.608 sigma=4.070 num_candidates=5.000,,5.487099988386035,0.0,,,
383.7027489,610.3381257,383.849943,611.5353931,145.13081393161434,-37.914915122084444,hmm,False,True,139327110#0,0,,False,383.70274889678694,610.3381257010624,383.70274889678694,610.3381257010624,383.849942923343,611.5353931082253,-37.91490436342391,145.13081587831766,1.206281611278418,1.206281611278418,1.206281611278418,0.0,emission=-2.367 transition=1.607 sigma=4.070 num_candidates=5.000,,5.77829999383539,0.0,,,
391.6091474,609.3342066,391.7602041,610.5628926,145.1309036037325,-37.91492559387337,hmm,False,True,139327110#0,0,,False,391.60914739902364,609.3342065997422,391.60914739902364,609.3342065997422,391.76020407624947,610.5628925763972,-37.91491455288331,145.130905601508,1.2379367305978102,1.2379367305978102,1.2379367305978102,0.0,emission=-2.369 transition=1.609 sigma=4.070 num_candidates=5.000,,5.7425000122748315,0.0,,,
402.4882483,607.9984402,402.6390957,609.2254237,145.13102700183995,-37.914939591913786,hmm,False,True,139327110#0,0,,False,402.4882483005058,607.9984402004629,402.4882483005058,607.9984402004629,402.6390956759623,609.2254237290464,-37.914928566219416,145.13102899682949,1.2362214648262686,1.2362214648262686,1.2362214648262686,0.0,emission=-2.369 transition=1.609 sigma=4.070 num_candidates=5.000,,5.637299967929721,0.0,,,
410.3984391,607.0271961,410.5487578,608.2581517,145.1311167245953,-37.91494976988305,hmm,False,True,139327110#0,0,,False,410.3984391009435,607.0271960990503,410.3984391009435,607.0271960990503,410.5487577178137,608.258151701767,-37.914938708310004,145.1311187144651,1.2400997469709236,1.2400997469709236,1.2400997469709236,0.0,emission=-2.369 transition=1.604 sigma=4.070 num_candidates=5.000,,5.830400041304529,0.0,,,
420.3874833,605.80069,420.5455439,606.9414261,145.1312300271541,-37.914962622707336,hmm,False,True,139327110#0,0,,False,420.3874833006412,605.8006900008768,420.3874833006412,605.8006900008768,414.71,607.75,-37.91494403745404,145.1311659147391,6.0028015211017465,6.0028015211017465,1.9629455712716866,0.0,emission=-2.439 transition=-27.750 sigma=4.070 num_candidates=5.000,,5.844699975568801,0.0,,,
432.3615568,604.3304261,432.4939411,605.2858543,145.13136584532236,-37.91497802974231,hmm,False,True,1460051656#1,0,,False,432.3615567990346,604.3304260997102,432.3615567990346,604.3304260997102,436.62,592.48,-37.915085550106376,145.13141156535582,12.592336448830299,12.592336448830299,3.3988140719811235,0.0,emission=-2.671 transition=-6.021 sigma=4.070 num_candidates=5.000,,6.658500002231449,0.0,,,
445.0737543,602.6028394,445.2015411,603.5250872,145.13150999787334,-37.91499588793729,hmm,False,True,1209622645,0,,False,445.07375429954845,602.6028394000605,445.07375429954845,602.6028394000605,455.27,602.13,-37.91500198860085,145.1316258283926,10.20720350939599,10.20720350939599,2.359093152728018,0.0,emission=-2.491 transition=-49.495 sigma=4.070 num_candidates=5.000,,6.156699964776635,0.0,,,
459.1254683,600.6928887,459.2473944,601.5885712,145.13166934016007,-37.91501563060899,hmm,False,True,52631734#4,0,,False,459.12546829809435,600.692888699472,459.12546829809435,600.692888699472,460.6353967693137,610.6358803636808,-37.91492633452808,145.1316887753022,10.056985990977909,10.056985990977909,10.056985990977909,0.0,emission=-5.376 transition=-13.565 sigma=4.070 num_candidates=5.000,,7.209900009911507,0.0,,,
472.8766868,598.7654706,473.0060322,599.7156559,145.13182526171812,-37.915035476161876,hmm,False,True,52631734#4,0,,False,472.87668679922353,598.7654705988243,472.87668679922353,598.7654705988243,474.3627435415323,608.5512651466848,-37.91494759180803,145.1318443894157,9.897986642459065,9.897986642459065,9.897986642459065,0.0,emission=-5.280 transition=1.605 sigma=4.070 num_candidates=5.000,,5.883199977688491,0.0,,,
484.7584873,597.0927234,484.8952261,598.0972214,145.13195998482104,-37.91505268987284,hmm,False,True,1209622645,0,,False,484.7584872995503,597.0927234012634,484.7584872995503,597.0927234012634,484.89522610734593,598.0972214216442,-37.91504366581232,145.13196176854964,1.0137621883392918,1.0137621883392918,1.0137621883392918,0.0,emission=-2.354 transition=1.609 sigma=4.070 num_candidates=5.000,,5.754900048486888,0.0,,,
499.8681458,594.8345249,500.0317981,596.0367327,145.13213127759045,-37.91507576002207,hmm,False,True,1209622645,0,,False,499.8681458005449,594.8345248997211,499.8681458005449,594.8345248997211,500.03179815381856,596.0367327260452,-37.915064959801775,145.13213341237633,1.21329540937352,1.21329540937352,1.21329540937352,0.0,emission=-2.367 transition=1.603 sigma=4.070 num_candidates=5.000,,5.960999988019466,0.0,,,
513.5289575,592.779289,513.7187568,594.1735748,145.13228614231247,-37.91509674006181,hmm,False,True,1209622645,0,,False,513.5289574987255,592.7792889997363,513.5289574987255,592.7792889997363,513.7187567620772,594.1735748457231,-37.915084214274984,145.13228861815,1.4071449039413144,1.4071449039413144,1.4071449039413144,0.0,emission=-2.382 transition=1.603 sigma=4.070 num_candidates=5.000,,6.2621000106446445,0.0,,,
526.8795719,590.7495688,526.8656885,590.6561407,145.13243748578088,-37.915117434059695,hmm,False,True,569766862#0,0,,False,526.8795718972106,590.7495688004419,526.8795718972106,590.7495688004419,526.395505664009,587.4876669594611,-37.91514673065183,145.13243123844055,3.297623953442868,3.297623953442868,3.297623953442868,0.0,emission=-2.651 transition=-13.412 sigma=4.070 num_candidates=5.000,,5.53379999473691,0.0,,,
540.3967226,588.6807569,540.3915863,588.6461923,145.132590714073,-37.91513851006854,hmm,False,True,569766862#0,0,,False,540.3967226010282,588.6807569004595,540.3967226010282,588.6807569004595,539.9217847607982,585.4803671414975,-37.91516725420269,145.13258458460064,3.2354382332771263,3.2354382332771263,3.2354382332771268,0.0,emission=-2.639 transition=1.609 sigma=4.070 num_candidates=5.000,,7.236900040879846,0.0,,,
553.6025149,586.6595761,553.6059275,586.6825412,145.13274041294244,-37.915159100618574,hmm,False,True,569766862#0,0,,False,553.6025149006164,586.6595761002973,553.6025149006164,586.6595761002973,553.1364984656818,583.5193036276928,-37.91518730482147,145.13273439866325,3.17466258361837,3.17466258361837,3.17466258361837,0.0,emission=-2.627 transition=1.609 sigma=4.070 num_candidates=5.000,,6.104000029154122,0.0,,,
568.2650039,584.4355105,568.274991,584.5027183,145.13290662938343,-37.91518178147514,hmm,False,True,569766862#0,0,,False,568.2650039001601,584.4355105003342,568.2650039001601,584.4355105003342,567.8059792788825,581.3423526750138,-37.915209562530016,145.1329007053987,3.127031969021091,3.127031969021091,3.127031969021091,0.0,emission=-2.618 transition=1.609 sigma=4.070 num_candidates=5.000,,7.368499995209277,0.0,,,
581.9230015,582.3854331,581.9353177,582.4683274,145.13306146376615,-37.9152027135285,hmm,False,True,569766862#0-AddedOffRampEdge,0,,False,581.9230014997302,582.3854331010953,581.9230014997302,582.3854331010953,581.7005608190727,580.8882912504373,-37.91521615999597,145.13305859347153,1.513576419412929,1.513576419412929,1.513576419412929,0.0,emission=-2.392 transition=-38.420 sigma=4.070 num_candidates=5.000,,7.691200007684529,0.0,,,
602.0353522,579.409638,602.0458607,579.4803654,145.13328947814267,-37.91523314893289,hmm,False,True,569766862#0-AddedOffRampEdge,0,,False,602.0353521994548,579.4096379987895,602.0353521994548,579.4096379987895,601.8111038076659,577.9003293089503,-37.915246704682524,145.13328658456217,1.525876817585293,1.525876817585293,1.525876817585293,0.0,emission=-2.393 transition=1.609 sigma=4.070 num_candidates=5.000,,5.95299998531118,0.0,,,
618.082871,577.0688559,618.0870548,577.0970147,145.13347141718273,-37.915257130285646,hmm,False,True,569766862#0-AddedOffRampEdge,0,,False,618.082871000981,577.0688559012488,618.082871000981,577.0688559012488,617.8522978933295,575.5169785734104,-37.915271068367915,145.13346844202454,1.5689127441100292,1.5689127441100292,1.5689127441100292,0.0,emission=-2.397 transition=1.609 sigma=4.070 num_candidates=5.000,,53.937099990434945,0.0,,,
632.9228195,574.9159474,632.9194492,574.8932637,145.1336396681585,-37.915279201130474,hmm,False,True,569766862#0-AddedOffRampEdge,0,,False,632.9228194992756,574.9159474009648,632.9228194992756,574.9159474009648,632.6846923640389,573.3132275257763,-37.915293595856866,145.13363659555978,1.6203134051350725,1.6203134051350725,1.6203134051350725,0.0,emission=-2.402 transition=1.609 sigma=4.070 num_candidates=5.000,,6.000099994707853,0.0,,,
648.2830212,572.7384706,648.2644318,572.6133539,145.1338138293183,-37.915301586888525,hmm,False,True,569766862#0-AddedOffRampEdge,0,,False,648.2830211989349,572.7384705999866,648.2830211989349,572.7384705999866,648.0296748891877,571.0333177389577,-37.91531690161595,145.13381056037844,1.723870828147346,1.723870828147346,1.723870828147346,0.0,emission=-2.412 transition=1.608 sigma=4.070 num_candidates=5.000,,6.037099985405803,0.0,,,
664.001647,570.5101537,663.9674875,570.2802427,145.1339920545719,-37.91532449501125,hmm,False,True,569766862#0-AddedOffRampEdge,0,,False,664.001646999619,570.5101536996663,664.001646999619,570.5101536996663,663.7327306788433,568.7002065399637,-37.91534075094855,145.1339885847691,1.8298154848221597,1.8298154848221597,1.8298154848221597,0.0,emission=-2.424 transition=1.608 sigma=4.070 num_candidates=5.000,,6.578599975910038,0.0,,,
679.9349614,568.2513561,679.9898599,572.1172718,145.13417271418058,-37.91534771615853,hmm,False,True,44348588#0,0,,False,679.9349614001112,568.2513560997322,679.9349614001112,568.2513560997322,679.9898598823689,572.1172718019453,-37.91531290096514,145.13417421838037,3.866305479391407,3.866305479391407,3.866305479391407,0.0,emission=-2.774 transition=-8.448 sigma=4.070 num_candidates=5.000,,7.1007999940775335,0.0,,,
695.3315718,566.1292524,695.29,571.9,145.1343473022933,-37.915369608886195,hmm,False,True,569766862#1,0,,False,695.3315717993537,566.1292524002492,695.3315717993537,566.1292524002492,695.2893659850392,565.0062235648198,-37.91537971778924,145.13434656677975,1.1238216477572769,1.1238216477572769,1.1238216477572769,0.0,emission=-2.361 transition=1.226 sigma=4.070 num_candidates=5.000,,5.781800020486116,0.0,,,
712.1816256,583.009249,712.4920248,582.644695,145.13454274170095,-37.915220587903775,hmm,False,True,-668801471#5,0,,False,712.1816255993908,583.0092489998788,712.1816255993908,583.0092489998788,707.91,574.98,-37.91529214716452,145.1344923428595,9.094813069185378,9.094813069185378,7.249067306007296,0.0,emission=-3.909 transition=-8.390 sigma=4.070 num_candidates=5.000,,5.999299988616258,0.0,,,
721.9415524,590.9549606,720.9977609,591.3118565,145.1346555274121,-37.91515077059315,hmm,False,True,139332152#1,0,,False,721.941552399192,590.9549605995417,721.941552399192,590.9549605995417,720.105,582.435,-37.91522718936124,145.13463270564208,8.715655645602409,8.715655645602409,0.5986191299686159,0.0,emission=-2.333 transition=1.421 sigma=4.070 num_candidates=5.000,,12.587899982463568,0.0,,,
726.2816467,608.5926976,725.52978,608.7869759,145.1347088909765,-37.91499266800909,hmm,False,True,139332152#2,0,,False,726.2816467004595,608.5926975999027,726.2816467004595,608.5926975999027,727.0796560575268,608.3864963363374,-37.9149946693806,145.13471791798347,0.8242195672652172,0.8242195672652172,0.8242195672652172,0.0,emission=-2.343 transition=0.266 sigma=4.070 num_candidates=5.000,,9.723399998620152,0.0,,,
730.5125743,622.1027676,729.067024,622.4762899,145.1347600737684,-37.914871728738284,hmm,False,True,139332152#2,0,,False,730.5125743003446,622.1027676006779,730.5125743003446,622.1027676006779,730.6169001113971,622.0758103803508,-37.914871990382196,145.13476125389045,0.10775233909072093,0.10775233909072093,0.10775233909072093,0.0,emission=-2.323 transition=1.519 sigma=4.070 num_candidates=5.000,,5.625799996778369,0.0,,,
735.4029871,635.3939309,736.0502533,635.1871314,145.13481870536287,-37.914752880284354,hmm,False,True,139332152#3,0,,False,735.40298709739,635.3939308989793,735.40298709739,635.3939308989793,737.5550000000001,645.22,-37.91466475258695,145.13484541095104,10.05896582711336,10.05896582711336,0.8578993433779266,0.0,emission=-2.345 transition=-32.576 sigma=4.070 num_candidates=5.000,,10.005899996031076,0.0,,,
739.5314507,648.1933462,739.7104541,648.1926244,145.1348685610165,-37.914638324232854,hmm,False,True,5322853#3,0,,False,739.5314507009462,648.1933462005109,739.5314507009462,648.1933462005109,746.19,653.95,-37.914587667120976,145.1349455828158,8.802007824076533,8.802007824076533,8.616751860171691,0.0,emission=-4.564 transition=-35.095 sigma=4.070 num_candidates=5.000,,5.714300030376762,0.0,,,
741.5581955,659.7459804,736.416157,659.6874151,145.13489423495955,-37.91453462061989,hmm,False,True,5322853#3,0,,False,741.5581955002854,659.7459803996608,741.5581955002854,659.7459803996608,746.19,653.95,-37.914587667120976,145.1349455828158,7.419366665479507,7.419366665479507,1.7938131675288536,0.0,emission=-2.420 transition=-16.744 sigma=4.070 num_candidates=5.000,,6.39009999576956,0.0,,,
740.9206198,671.4137913,738.2192184,673.375758,145.13488964005703,-37.91442939920476,hmm,False,True,988996003,0,,False,740.9206198001048,671.4137912997976,740.9206198001048,671.4137912997976,734.5849999999999,677.7775,-37.914370931315986,145.1348190481055,8.979803264688634,8.979803264688634,5.186514504784246,0.0,emission=-3.135 transition=-11.108 sigma=4.070 num_candidates=5.000,,5.419199995230883,0.0,,,
743.9278008,684.2524706,746.3076762,680.7210426,145.13492675463834,-37.914314287297366,hmm,False,True,5322853#5,0,,False,743.9278008010006,684.2524706013501,743.9278008010006,684.2524706013501,736.76,670.07,-37.91444075442277,145.13484202548122,15.890872873476207,15.890872873476207,8.557134577450729,0.0,emission=-4.533 transition=-9.450 sigma=4.070 num_candidates=5.000,,11.131800012663007,0.0,,,
760.7876972,676.5072715,760.5121466,676.2929544,145.13511669979687,-37.914387096807715,hmm,False,True,5322853#1,0,,False,760.7876972001977,676.5072715003043,760.7876972001977,676.5072715003043,763.93,668.41,-37.91446060535837,145.13515058762712,8.68561296831066,8.68561296831066,4.3522920434077745,0.0,emission=-2.894 transition=-63.042 sigma=4.070 num_candidates=5.000,,5.346699967049062,0.0,,,
774.5191335,670.0097849,774.343402,669.3966897,145.13527135661963,-37.91444810251886,hmm,False,True,988996006,0,,False,774.5191334992414,670.009784899652,774.5191334992414,670.009784899652,775.1267469269883,662.587671510085,-37.91451507224562,145.13527657718706,7.4469430805645525,7.4469430805645525,7.4469430805645525,0.0,emission=-3.997 transition=-15.970 sigma=4.070 num_candidates=5.000,,12.373599980492145,0.0,,,
791.1169344,662.0290637,791.3832449,665.2913678,145.13545826871618,-37.914522985900604,hmm,False,True,988996006,0,,False,791.1169343995862,662.0290637016296,791.1169343995862,662.0290637016296,782.24,663.17,-37.914511108394926,145.13535759185177,8.94995530555852,8.94995530555852,1.4607316645118074,0.0,emission=-2.387 transition=-54.789 sigma=4.070 num_candidates=5.000,,10.463899991009384,0.0,,,
801.7602221,664.6676477,801.6942605,664.2400343,145.13557988980702,-37.91450113474505,hmm,False,True,-630680457#0,0,,False,801.7602220993722,664.6676476998255,801.7602220993722,664.6676476998255,801.212526713067,661.0757849338231,-37.914533392445456,145.1355728452176,3.6333797442565916,3.6333797442565916,3.6333797442565916,0.0,emission=-2.721 transition=-10.784 sigma=4.070 num_candidates=5.000,,10.197499999776483,0.0,,,
815.2859447,662.5860856,815.223308,662.1742497,145.1357332124636,-37.914522323053475,hmm,False,True,-630680457#1,0,,False,815.2859446998336,662.5860855998471,815.2859446998336,662.5860855998471,814.7258563307761,659.0069843146496,-37.91455446357317,145.13572602992446,3.6226599330956284,3.6226599330956284,3.256416957376476,0.0,emission=-2.643 transition=0.893 sigma=4.070 num_candidates=5.000,,16.05609996477142,0.0,,,
827.672594,659.9903737,827.7129742,660.2571715,145.13587346629953,-37.91454793753859,hmm,False,True,46129098#1,0,,False,827.6725940002361,659.9903736989945,827.6725940002361,659.9903736989945,824.57,662.13,-37.91452810428254,145.13583867438535,3.76883141547288,3.76883141547288,3.76883141547288,0.0,emission=-2.751 transition=-32.001 sigma=4.070 num_candidates=5.000,,9.683199983555824,0.0,,,
839.3732142,658.9479749,839.3032356,658.4912227,145.1360062728534,-37.91455943564031,hmm,False,True,630680457#4,0,,False,839.3732142006047,658.9479748997837,839.3732142006047,658.9479748997837,842.64,657.98,-37.91456874389785,145.13604319821422,3.4071784317440645,3.4071784317440645,0.10968170572684711,0.0,emission=-2.323 transition=-29.087 sigma=4.070 num_candidates=5.000,,11.58630003919825,0.0,,,
853.6474069,657.189423,853.5139988,656.3135296,145.1361681798109,-37.91457784846603,hmm,False,True,-46129091#1,0,,False,853.6474068973912,657.1894230013713,853.6474068973912,657.1894230013713,852.34,658.15,-37.91456895984105,145.13615353215437,1.6223504447684578,1.6223504447684578,0.9862932818345624,0.0,emission=-2.352 transition=-15.822 sigma=4.070 num_candidates=5.000,,13.679500028956681,0.0,,,
869.6045601,656.4155765,869.2419402,653.947541,145.1363494470917,-37.91458769372445,hmm,False,True,-630680457#5,0,,False,869.6045600994257,656.4155764998868,869.6045600994257,656.4155764998868,862.95,651.64,-37.914629514708885,145.13627269463404,8.190805883619731,8.190805883619731,3.1447179263771945,0.0,emission=-2.621 transition=-14.020 sigma=4.070 num_candidates=5.000,,10.391800024081022,0.0,,,
877.0090071,653.4704876,876.9153799,652.8204993,145.13643297095422,-37.91461555744553,hmm,False,True,630680457#7,0,,False,877.009007102577,653.4704876001924,877.009007102577,653.4704876001924,876.9153799765768,652.8204992831525,-37.91462139584109,145.13643175858422,0.6566969247769591,0.6566969247769591,0.6566969247769591,0.0,emission=-2.336 transition=-12.931 sigma=4.070 num_candidates=5.000,,7.658799993805587,0.0,,,
882.8800578,654.4327002,883.6030617,652.6203704,145.13649994740268,-37.91460794698781,hmm,False,True,630680457#7,0,,False,882.880057800212,654.4327002000064,882.880057800212,654.4327002000064,880.39,652.32,-37.91462653026061,145.13647115352074,3.265561204985008,3.265561204985008,2.872347968913787,0.0,emission=-2.572 transition=-10.585 sigma=4.070 num_candidates=5.000,,6.5058000036515296,0.0,,,
890.466649,664.6364724,888.4043261,665.0390306,145.13658853145176,-37.91451739514357,hmm,False,True,-630680455#1,0,,False,890.4666489999508,664.6364724012092,890.4666489999508,664.6364724012092,888.4043260668171,665.0390306331353,-37.914513397388816,145.13656517302417,2.101244633692316,2.101244633692316,2.101244633692316,0.0,emission=-2.456 transition=-20.132 sigma=4.070 num_candidates=5.000,,7.030299981124699,0.0,,,
890.9195791,671.180511,889.6514398,671.4280473,145.13659516914035,-37.914458526357805,hmm,False,True,-630680455#1,0,,False,890.9195790995145,671.1805110014975,890.9195790995145,671.1805110014975,889.65143981223,671.4280473601946,-37.91445606810724,145.13658080586242,1.2920725602037353,1.2920725602037353,1.2920725602037353,0.0,emission=-2.373 transition=1.359 sigma=4.070 num_candidates=5.000,,6.1989999958314,0.0,,,
893.7737588,682.7329692,891.974759,683.1072709,145.13663024900706,-37.91435497289545,hmm,False,True,-630680455#1,0,,False,893.7737587976153,682.7329692002386,893.7737587976153,682.7329692002386,891.27,679.72,-37.91438166358791,145.13660109482265,3.9174981197471284,3.9174981197471284,0.7034249770979129,0.0,emission=-2.338 transition=-15.647 sigma=4.070 num_candidates=5.000,,6.438399956095964,0.0,,,
897.6162096,696.2133029,894.9374622,696.8085801,145.13667700422675,-37.914234230596804,hmm,False,True,-10585186,0,,False,897.6162095995387,696.2133029000834,897.6162095995387,696.2133029000834,895.62,699.89,-37.91420075049443,145.13665514187227,4.183653227721649,4.183653227721649,3.2305144697582295,0.0,emission=-2.638 transition=-13.638 sigma=4.070 num_candidates=5.000,,6.74129999242723,0.0,,,
899.1797822,703.8550323,896.5932676,704.4117564,145.13669651998111,-37.914165673527975,hmm,False,True,-10585186,0,,False,899.1797821989749,703.8550323005766,899.1797821989749,703.8550323005766,896.5932676360413,704.4117564304521,-37.91416019263426,145.1366672363327,2.645751186535291,2.645751186535291,2.645751186535291,0.0,emission=-2.534 transition=0.078 sigma=4.070 num_candidates=5.000,,11.26160001149401,0.0,,,
901.5697744,713.2001936,898.6214904,713.8347854,145.1367258197555,-37.914081920325685,hmm,False,True,-10585186,0,,False,901.5697744010249,713.2001935997978,901.5697744010249,713.2001935997978,898.6214903516495,713.8347853765218,-37.91407567284133,145.13669244030964,3.0158059551116887,3.0158059551116887,3.0158059551116887,0.0,emission=-2.597 transition=1.574 sigma=4.070 num_candidates=5.000,,5.615099973510951,0.0,,,
903.8173563,724.565789,901.0590325,725.1594936,145.13675395940905,-37.91397994088452,hmm,False,True,-10585186,0,,False,903.8173563001328,724.5657889991999,903.8173563001328,724.5657889991999,901.0590325106845,725.1594935286861,-37.91397409593923,145.13672273066723,2.82149520569665,2.82149520569665,2.82149520569665,0.0,emission=-2.563 transition=1.601 sigma=4.070 num_candidates=5.000,,5.743600020650774,0.0,,,
906.4685024,734.4785329,903.19,735.03,145.13678635750557,-37.91389112175903,hmm,False,True,-46129071#0,0,,False,906.4685023993952,734.4785329010338,906.4685023993952,734.4785329010338,909.71,732.83,-37.91390655585289,145.13682284042218,3.6366148298269683,3.6366148298269683,2.905682702357212,0.0,emission=-2.577 transition=-3.927 sigma=4.070 num_candidates=5.000,,5.547199980355799,0.0,,,
908.7032693,747.6259153,902.58,744.72,145.1368147562543,-37.91377308919684,hmm,False,True,10585197#1,0,,False,908.7032693001674,747.6259153010324,908.7032693001674,747.6259153010324,910.84,750.08,-37.913751366926306,145.13683960978673,3.2539437292790283,3.2539437292790283,1.1697344507691874,0.0,emission=-2.364 transition=-65.070 sigma=4.070 num_candidates=5.000,,13.821000000461936,0.0,,,
898.480271,749.6977424,897.9719468,749.1799609,145.13669898627555,-37.91375258477584,hmm,False,True,-10585181#7,0,,False,898.4802709980868,749.6977424006909,898.4802709980868,749.6977424006909,899.51,747.67,-37.913771036625945,145.1367102339333,2.2742209789158774,2.2742209789158774,0.23957660915326556,0.0,emission=-2.324 transition=-17.466 sigma=4.070 num_candidates=5.000,,6.057900027371943,0.0,,,
886.7105609,756.1438954,886.4763463,755.3649646,145.1365666237979,-37.91369239665781,hmm,False,True,-10585181#6,0,,False,886.7105609008577,756.143895400688,886.7105609008577,756.143895400688,886.4763463120844,755.3649645968819,-37.91369937128453,145.1365637835938,0.8133816267363727,0.8133816267363727,0.8133816267363726,0.0,emission=-2.343 transition=-12.037 sigma=4.070 num_candidates=5.000,,5.560300021898001,0.0,,,
879.7532188,758.3085604,879.4870625,757.3614182,145.13648800731247,-37.91367164383246,hmm,False,True,-10585181#6,0,,False,879.7532187988982,758.3085604002699,879.7532187988982,758.3085604002699,884.83,755.86,-37.91369461538749,145.13654517631548,5.636413345171857,5.636413345171857,1.112493471045338,0.0,emission=-2.360 transition=-26.226 sigma=4.070 num_candidates=5.000,,6.20929995784536,0.0,,,
872.2421782,760.1186026,872.0484145,759.3687637,145.13640301442138,-37.91365398576357,hmm,False,True,46129076,0,,False,872.2421782003948,760.1186025999486,872.2421782003948,760.1186025999486,866.23,757.62,-37.91367541096035,145.1363340848546,6.510706694804559,6.510706694804559,6.116790509815649,0.0,emission=-3.452 transition=-7.821 sigma=4.070 num_candidates=5.000,,5.551400012336671,0.0,,,
862.0762073,762.6195013,861.9354893,762.1050544,145.13628799073868,-37.91362962603101,hmm,False,True,-10585181#4,0,,False,862.0762073030928,762.6195013010874,862.0762073030928,762.6195013010874,861.04,762.35,-37.913631867128004,145.13627614726752,1.070680403421474,1.070680403421474,0.21920768521418954,0.0,emission=-2.324 transition=-40.497 sigma=4.070 num_candidates=5.000,,5.48200000775978,0.0,,,
853.3216574,763.389862,853.6220987,764.4626978,145.13618862224223,-37.913621109545346,hmm,False,True,46129075,0,,False,853.3216574009275,763.3898620009422,853.3216574009275,763.3898620009422,851.7,761.73,-37.91363576989605,145.13616980579067,2.320541873820572,2.320541873820572,1.6864494611098235,0.0,emission=-2.408 transition=-13.832 sigma=4.070 num_candidates=5.000,,5.391300015617162,0.0,,,
845.168955,768.2360461,844.8107341,766.9155455,145.136097023808,-37.91357598534744,hmm,False,True,-10585181#3,0,,False,845.1689549993025,768.2360461009666,845.1689549993025,768.2360461009666,844.8107341014437,766.9155455363106,-37.91358781622069,145.13609265041362,1.3682265722166707,1.3682265722166707,1.3682265722166707,0.0,emission=-2.379 transition=-37.115 sigma=4.070 num_candidates=5.000,,5.726900009904057,0.0,,,
837.498473,769.5230725,837.3408114,768.9417755,145.1360100992797,-37.91356300973656,hmm,False,True,-10585181#3,0,,False,837.4984729993157,769.5230724997818,837.4984729993157,769.5230724997818,840.85,767.99,-37.91357742378788,145.1360478592066,3.685518216737414,3.685518216737414,0.6205370269297923,0.0,emission=-2.334 transition=-16.760 sigma=4.070 num_candidates=5.000,,5.860799981746823,0.0,,,
827.8713806,773.6724414,827.3254937,771.6557888,145.13590157804921,-37.91352389687467,hmm,False,True,46129080,0,,False,827.8713805997977,773.6724413987249,827.8713805997977,773.6724413987249,822.14,769.81,-37.913557658167356,145.13583553113642,6.911380262894101,6.911380262894101,5.90380689146429,0.0,emission=-3.375 transition=-20.776 sigma=4.070 num_candidates=5.000,,5.949900019913912,0.0,,,
815.9660618,775.6707325,815.7392977,774.8700591,145.1357666632318,-37.9135037509053,hmm,False,True,-10585181#1,0,,False,815.9660618008347,775.6707325000316,815.9660618008347,775.6707325000316,815.7392976443897,774.8700590587567,-37.91351092271656,145.1357639027314,0.8321658141327007,0.8321658141327007,0.8321658141327007,0.0,emission=-2.343 transition=-45.534 sigma=4.070 num_candidates=5.000,,5.983100039884448,0.0,,,
809.8181155,777.3286818,809.6131789,776.6050787,145.13569713517236,-37.91348770800912,hmm,False,True,-10585181#1,0,,False,809.8181154988706,777.3286818005145,809.8181154988706,777.3286818005145,809.613178953053,776.6050786881214,-37.91349418948259,145.1356946403837,0.7520641276358415,0.7520641276358415,0.7520641276358416,0.0,emission=-2.340 transition=1.607 sigma=4.070 num_candidates=5.000,,13.137099973391742,0.0,,,
802.8747846,779.2540613,802.6814084,778.5866013,145.13561862406468,-37.91346911268202,hmm,False,True,-10585181#1,0,,False,802.8747845989419,779.2540613012388,802.8747845989419,779.2540613012388,802.681408343036,778.5866013211765,-37.9134750904853,145.13561627348452,0.6949080524306468,0.6949080524306468,0.6949080524306468,0.0,emission=-2.337 transition=1.589 sigma=4.070 num_candidates=5.000,,9.239800041541457,0.0,,,
795.1016599,781.7436347,794.9118586,781.3965207,145.1355308061714,-37.91344528538498,hmm,False,True,10585181#1,0,,False,795.1016599017894,781.7436346998438,795.1016599017894,781.7436346998438,801.04,782.39,-37.9134405327698,145.1355984749032,5.973413699323155,5.973413699323155,2.9928168767177445,0.0,emission=-2.593 transition=-24.023 sigma=4.070 num_candidates=5.000,,8.477900002617389,0.0,,,
790.3101545,784.4668214,790.0457271,784.1919364,145.1354769438764,-37.91341989085235,hmm,False,True,10585181#0,0,,False,790.3101545011159,784.4668213995174,790.3101545011159,784.4668213995174,797.76,783.48,-37.91343012277366,145.13556142766384,7.514919456107887,7.514919456107887,3.9163400467889184,0.0,emission=-2.786 transition=-25.947 sigma=4.070 num_candidates=5.000,,6.084399996325374,0.0,,,
782.776669,789.0221753,785.7858295,790.0548094,145.13539232077449,-37.9133774975718,hmm,False,True,-1209653402#0,0,,False,782.7766690008575,789.0221753008664,782.7766690008575,789.0221753008664,786.54,795.1,-37.91332342516832,145.1354364939851,7.148609185184603,7.148609185184603,1.649305277584198,0.0,emission=-2.405 transition=-42.394 sigma=4.070 num_candidates=5.000,,10.016900021582842,0.0,,,
793.3967388,809.4368589,794.5041432,808.7699824,145.1355177189837,-37.91319551071329,hmm,False,True,-1209653401,0,,False,793.3967388027231,809.4368588998914,793.3967388027231,809.4368588998914,795.01,809.61,-37.9131942417061,145.13553610184067,1.6225256642611325,1.6225256642611325,1.6143942184108515,0.0,emission=-2.401 transition=-56.000 sigma=4.070 num_candidates=5.000,,8.4449999849312,0.0,,,
800.2845003,819.6270833,801.0512319,819.1410947,145.13559835337153,-37.913104955701634,hmm,False,True,-1209653401,0,,False,800.2845002997201,819.6270832996815,800.2845002997201,819.6270832996815,801.0512319239715,819.1410946780145,-37.91310947175887,145.1356069609044,0.9077787858377371,0.9077787858377371,0.9077787858377371,0.0,emission=-2.347 transition=-3.467 sigma=4.070 num_candidates=5.000,,15.284900029655546,0.0,,,
805.4369479,827.3882689,806.037415,827.0076662,145.13565870392196,-37.91303596935927,hmm,False,True,-1209653401,0,,False,805.4369479007437,827.3882688991725,805.4369479007437,827.3882688991725,806.0374149715609,827.007666149954,-37.9130395061131,145.13566544492159,0.7109283760326962,0.7109283760326962,0.7109283760326962,0.0,emission=-2.338 transition=1.599 sigma=4.070 num_candidates=5.000,,6.625299982260913,0.0,,,
808.7954472,835.198677,810.5316909,834.0981685,145.13569866764436,-37.91296621635803,hmm,False,True,-1209653401,0,,False,808.795447198092,835.1986770005897,808.795447198092,835.1986770005897,810.5316908749533,834.0981684983876,-37.912976442833454,145.13571815915734,2.055641279226428,2.055641279226428,2.0556412792264274,0.0,emission=-2.450 transition=1.074 sigma=4.070 num_candidates=5.000,,5.645599972922355,0.0,,,
816.0292122,847.2270003,818.0439072,845.949997,145.13578365373797,-37.9128591654869,hmm,False,True,-1209653401,0,,False,816.0292122003739,847.2270002998412,816.0292122003739,847.2270002998412,818.0439071562861,845.9499969863816,-37.912871032023475,145.13580627119862,2.38531616939238,2.38531616939238,2.38531616939238,0.0,emission=-2.494 transition=1.590 sigma=4.070 num_candidates=5.000,,6.5388999646529555,0.0,,,
822.5772049,856.0953716,820.4189502,856.9715699,145.13586012354418,-37.91278045664447,hmm,False,True,-73530943#10,0,,False,822.5772048988729,856.0953715993091,822.5772048988729,856.0953715993091,821.4495933365074,856.5531541492326,-37.91277612967899,145.13584740628005,1.2169933026088082,1.2169933026088082,1.2169933026088082,0.0,emission=-2.367 transition=-3.181 sigma=4.070 num_candidates=5.000,,5.738499981816858,0.0,,,
824.7399559,865.214302,823.9031444,865.5540168,145.13588678838676,-37.912698700649365,hmm,False,True,1003898198#1,0,,False,824.7399558995385,865.2143019996583,824.7399558995385,865.2143019996583,821.99,866.67,-37.91268509194188,145.13585585141905,3.1114810167515032,3.1114810167515032,0.6242502049446511,0.0,emission=-2.334 transition=-1.616 sigma=4.070 num_candidates=5.000,,5.728399963118136,0.0,,,
828.850454,874.3713899,827.6849977,874.8463133,145.13593560840246,-37.912616951795364,hmm,False,True,-73530943#9,0,,False,828.8504540002323,874.3713899012655,828.8504540002323,874.3713899012655,828.717276576132,874.4256073937453,-37.91261643939904,145.1359341064572,0.1437906908696716,0.1437906908696716,0.1437906908696716,0.0,emission=-2.323 transition=-15.116 sigma=4.070 num_candidates=5.000,,14.71820002188906,0.0,,,
828.9681083,878.5281864,829.0866496,878.4851237,145.13593789135882,-37.912579527518446,hmm,False,True,-73530943#9,0,,False,828.9681082997704,878.528186400421,828.9681082997704,878.528186400421,830.1336093126906,878.1049430325862,-37.91258355016147,145.13595104726483,1.2399707897907033,1.2399707897907033,1.239970789790703,0.0,emission=-2.369 transition=0.533 sigma=4.070 num_candidates=5.000,,11.097900045569986,0.0,,,
833.6325484,890.9675075,833.6224824,890.9711641,145.1359937560366,-37.9124683112392,hmm,False,True,-73530943#9,0,,False,833.6325483994442,890.9675075020641,833.6325483994442,890.9675075020641,834.668008737831,890.5914874763242,-37.912471885050365,145.13600544405904,1.1016211563552423,1.1016211563552423,1.1016211563552423,0.0,emission=-2.359 transition=1.606 sigma=4.070 num_candidates=5.000,,5.742300010751933,0.0,,,
838.1765216,900.0909357,837.1026682,900.4850986,145.1360474968666,-37.9123869436299,hmm,False,True,10670468#0,0,,False,838.1765216001659,900.0909356996417,838.1765216001659,900.0909356996417,832.96,899.26,-37.912393489216306,145.1359879944564,5.282286601646655,5.282286601646655,1.2640999635960883,0.0,emission=-2.371 transition=-32.537 sigma=4.070 num_candidates=5.000,,6.312999990768731,0.0,,,
844.011745,909.452055,840.8558474,910.6282608,145.13611597351843,-37.91230366740132,hmm,False,True,-73530943#7,0,,False,844.0117449978716,909.4520550007,844.0117449978716,909.4520550007,845.5350000000001,920.255,-37.91220662610928,145.13613574950364,10.909808726985505,10.909808726985505,7.909033934147018,0.0,emission=-4.211 transition=1.605 sigma=4.070 num_candidates=5.000,,15.61460003722459,0.0,,,
848.5066586,919.0572531,844.4392609,920.494727,145.1361692657982,-37.912217950984896,hmm,False,True,-73530943#7,0,,False,848.5066585998866,919.0572531009093,848.5066585998866,919.0572531009093,845.5350000000001,920.255,-37.91220662610928,145.13613574950364,3.2039588743554064,3.2039588743554064,2.185637871056623,0.0,emission=-2.467 transition=-24.697 sigma=4.070 num_candidates=5.000,,7.791600015480071,0.0,,,
851.6565402,932.2482302,848.7071639,933.2357,145.13620807978316,-37.91209969066598,hmm,False,True,-73530943#7,0,,False,851.6565401992993,932.2482302002609,851.6565401992993,932.2482302002609,849.7624056132674,932.8823516987586,-37.91209363716802,145.13618668713102,1.9974623663186333,1.9974623663186333,1.9974623663186333,0.0,emission=-2.443 transition=0.381 sigma=4.070 num_candidates=5.000,,11.496499995701015,0.0,,,
856.5206012,940.5459321,851.695542,942.1613924,145.13626527185667,-37.91202581894555,hmm,False,True,-73530943#7,0,,False,856.5206012006965,940.5459320992231,856.5206012006965,940.5459320992231,852.7505718722008,941.8080687313272,-37.91201377026036,145.13622269259153,3.975689879230675,3.975689879230675,3.9756898792306754,0.0,emission=-2.800 transition=0.581 sigma=4.070 num_candidates=5.000,,6.6627999767661095,0.0,,,
859.8890609,955.4278488,856.515406,956.5573697,145.13630695526635,-37.911892365536616,hmm,False,True,-73530943#7,0,,False,859.8890609004302,955.4278488000855,859.8890609004302,955.4278488000855,857.5701274569744,956.2041851601966,-37.911884954439444,145.13628076493183,2.4454346156068496,2.4454346156068496,2.4454346156068496,0.0,emission=-2.503 transition=1.225 sigma=4.070 num_candidates=5.000,,5.418099986854941,0.0,,,
864.3422803,967.4502074,860.5837142,968.708599,145.13636032242033,-37.91178486710512,hmm,False,True,-73530943#7,0,,False,864.3422803007998,967.4502074001357,864.3422803007998,967.4502074001357,861.6381633682656,968.3554961235542,-37.91177622501125,145.13632978181127,2.851630420928789,2.851630420928789,2.851630420928789,0.0,emission=-2.568 transition=1.577 sigma=4.070 num_candidates=5.000,,6.8592000170610845,0.0,,,
867.8318063,977.4898228,863.9579628,978.78681,145.1364022813064,-37.911695056143635,hmm,False,True,-73530943#7,0,,False,867.8318063010811,977.4898228012025,867.8318063010811,977.4898228012025,865.0121876475881,978.4337793811259,-37.91168604492945,145.13637043624044,2.973432927763136,2.973432927763136,2.973432927763136,0.0,emission=-2.589 transition=1.606 sigma=4.070 num_candidates=5.000,,6.848099990747869,0.0,,,
866.9945742,983.6768763,865.736241,984.0981742,145.13639416824526,-37.91163917079684,hmm,False,True,-73530943#7,0,,False,866.9945742011187,983.6768763000146,866.9945742011187,983.6768763000146,866.7903675068449,983.7452409536834,-37.91163851817319,145.13639186191517,0.2153464646969956,0.2153464646969956,0.2153464646969956,0.0,emission=-2.324 transition=-1.602 sigma=4.070 num_candidates=5.000,,7.0263000088743865,0.0,,,
867.7545691,987.1500302,866.8584701,987.4500498,145.13640359905085,-37.91160802061004,hmm,False,True,-73530943#7,0,,False,867.7545690987026,987.1500302003697,867.7545690987026,987.1500302003697,867.9125249659373,987.0971494748045,-37.91160852542058,145.13640538301897,0.16657258817153994,0.16657258817153994,0.16657258817153994,0.0,emission=-2.323 transition=1.507 sigma=4.070 num_candidates=5.000,,8.2894999650307,0.0,,,
870.3571849,1000.11233,869.4582502,1000.24184,145.13643613781218,-37.911491721608755,hmm,False,True,-73530943#6,0,,False,870.3571848995052,1000.1123299989849,870.3571848995052,1000.1123299989849,870.5579163837638,1000.0834055642099,-37.91149201831795,145.1364384135897,0.20280471320877094,0.20280471320877094,0.20280471320877094,0.0,emission=-2.324 transition=-25.706 sigma=4.070 num_candidates=5.000,,5.681199952960014,0.0,,,
871.471699,1011.031408,871.0220437,1011.09619,145.13645129206495,-37.91139356046671,hmm,False,True,-73530943#6,0,,False,871.4716990001034,1011.0314079988748,871.4716990001034,1011.0314079988748,872.1219686962631,1010.9377072847977,-37.91139452165491,145.13645866443736,0.6569859218904374,0.6569859218904374,0.6569859218904374,0.0,emission=-2.336 transition=1.562 sigma=4.070 num_candidates=5.000,,14.776600000914186,0.0,,,
873.2308034,1022.866075,872.7281718,1022.93849,145.1364739834782,-37.91128726754305,hmm,False,True,-73530943#6,0,,False,873.2308034006273,1022.8660749997944,873.2308034006273,1022.8660749997944,873.8283809664586,1022.7799669665192,-37.9112881508435,145.1364807584491,0.6037495677673677,0.6037495677673677,0.6037495677673678,0.0,emission=-2.334 transition=1.609 sigma=4.070 num_candidates=5.000,,6.038400053512305,0.0,,,
875.7222179,1035.867199,874.6026408,1036.028038,145.13650526641888,-37.91117059874551,hmm,False,True,-73530943#5,0,,False,875.7222179000382,1035.8671989999712,875.7222179000382,1035.8671989999712,875.7071136935257,1035.8693688713654,-37.91117057647868,145.13650509517535,0.015259272467624893,0.015259272467624893,0.015259272467624893,0.0,emission=-2.323 transition=-27.921 sigma=4.070 num_candidates=5.000,,6.302099965978414,0.0,,,
876.9572472,1049.467435,876.5419172,1049.527101,145.1365224001935,-37.91104830672589,hmm,False,True,-73530943#5,0,,False,876.9572472008877,1049.4674350013956,876.9572472008877,1049.4674350013956,877.6463901703979,1049.368432672817,-37.911049322667516,145.13653021332107,0.696217992793498,0.696217992793498,0.6962179927934982,0.0,emission=-2.337 transition=1.517 sigma=4.070 num_candidates=5.000,,18.731400021351874,0.0,,,
878.3798339,1062.245585,878.3692734,1062.247102,145.1365414795907,-37.910933454038314,hmm,False,True,-73530943#5,0,,False,878.3798339002533,1062.2455850010738,878.3798339002533,1062.2455850010738,879.4737463975881,1062.0884334530078,-37.9109350666926,145.13655388175604,1.105143049964501,1.105143049964501,1.105143049964501,0.0,emission=-2.359 transition=1.577 sigma=4.070 num_candidates=5.000,,5.402499984484166,0.0,,,
880.4344303,1075.276387,880.2449715,1075.303604,145.13656780234388,-37.91081643920095,hmm,False,True,-73530943#5,0,,False,880.4344303017715,1075.2763870013878,880.4344303017715,1075.2763870013878,881.349444492366,1075.1449359969386,-37.91081778811936,145.13657817624494,0.9244081001160165,0.9244081001160165,0.9244081001160166,0.0,emission=-2.348 transition=1.603 sigma=4.070 num_candidates=5.000,,8.328799973241985,0.0,,,
882.0412909,1087.735292,882.0320761,1087.736617,145.13658890423963,-37.91070449552311,hmm,False,True,-73530943#5,0,,False,882.0412909002043,1087.7352919997647,882.0412909002043,1087.7352919997647,883.1367965913165,1087.5777857118258,-37.91070611165398,145.13660132440208,1.1067705046663894,1.1067705046663894,1.1067705046663894,0.0,emission=-2.360 transition=1.602 sigma=4.070 num_candidates=5.000,,5.770800053142011,0.0,,,
884.2992268,1099.614785,883.7508936,1099.693608,145.13661727712514,-37.91059788857222,hmm,False,True,-73530943#5,0,,False,884.2992267986992,1099.6147849997506,884.2992267986992,1099.6147849997506,884.8559083951171,1099.5347481249746,-37.9105987098081,145.1366235884262,0.5624058153275701,0.5624058153275701,0.5624058153275378,0.0,emission=-2.332 transition=1.548 sigma=4.070 num_candidates=5.000,,5.345699959434569,0.0,,,
887.112898,1112.484404,885.6357201,1112.699935,145.13665219368102,-37.91048246236958,hmm,False,True,-73530943#5,0,,False,887.1128979990026,1112.4844040004537,887.1128979990026,1112.4844040004537,886.7405446916688,1112.5387331307052,-37.91048190590938,145.1366479723634,0.3762959471962372,0.3762959471962372,0.3762959471962372,0.0,emission=-2.327 transition=1.441 sigma=4.070 num_candidates=5.000,,5.5528999655507505,0.0,,,
886.5541439,1125.619056,887.4956957,1125.482232,145.13664882586465,-37.91036404140346,hmm,False,True,-36667190#0,0,,False,886.5541438990622,1125.6190560003743,886.5541438990622,1125.6190560003743,896.59,1118.61,-37.91042898789057,145.13676134068606,12.241130409203034,12.241130409203034,6.34289565596039,0.0,emission=-3.537 transition=-37.566 sigma=4.070 num_candidates=5.000,,10.960399988107383,0.0,,,
889.6955381,1138.410757,889.1246755,1138.479482,145.13668745074332,-37.91024937609986,hmm,False,True,-73530943#3,0,,False,889.6955380996224,1138.4107569996268,889.6955380996224,1138.4107569996268,890.125,1137.4899999999998,-37.9102577478489,145.13669212445717,1.0159876850818845,1.0159876850818845,0.9943388859636277,0.0,emission=-2.352 transition=-31.887 sigma=4.070 num_candidates=5.000,,12.286200013477355,0.0,,,
890.010864,1151.335179,890.7432041,1151.239905,145.13669397334854,-37.91013300632584,hmm,False,True,-73530943#2,0,,False,890.0108639992541,1151.3351789992303,890.0108639992541,1151.3351789992303,891.8433383923006,1151.0968052945116,-37.910135483617964,145.13671475435115,1.8479135326828442,1.8479135326828442,1.8479135326828442,0.0,emission=-2.426 transition=-20.289 sigma=4.070 num_candidates=5.000,,13.303500018082559,0.0,,,
891.8387706,1163.221826,892.2942979,1163.162564,145.13671745804234,-37.91002625745365,hmm,False,True,-73530943#2,0,,False,891.8387705995701,1163.2218260001391,891.8387705995701,1163.2218260001391,893.39427545522,1163.01948131442,-37.91002836031128,145.13673509807344,1.5686104448808305,1.5686104448808305,1.5686104448808307,0.0,emission=-2.397 transition=1.593 sigma=4.070 num_candidates=5.000,,9.266699955333024,0.0,,,
895.7977194,1178.422826,894.3048679,1178.61704,145.13676592569783,-37.90989003572587,hmm,False,True,-73530943#2,0,,False,895.7977193999104,1178.4228260004893,895.7977193999104,1178.4228260004893,895.4046397509343,1178.4739589672208,-37.90988950433054,145.13676146802942,0.3963914614695599,0.3963914614695599,0.3963914614695599,0.0,emission=-2.327 transition=0.992 sigma=4.070 num_candidates=5.000,,8.104700013063848,0.0,,,
896.984067,1190.925514,895.9240949,1191.063413,145.1367822557242,-37.909777621857536,hmm,False,True,-73530943#2,0,,False,896.9840669983532,1190.925514000468,896.9840669983532,1190.925514000468,897.0237042400416,1190.920357870493,-37.90977767544212,145.1367827052245,0.0399711971922752,0.0399711971922752,0.0399711971922752,0.0,emission=-2.323 transition=1.572 sigma=4.070 num_candidates=5.000,,5.128999997396022,0.0,,,
897.2836667,1201.277417,897.2570679,1201.280887,145.1367880146827,-37.90968442315602,hmm,False,True,-73530943#2,0,,False,897.2836667003576,1201.2774170003831,897.2836667003576,1201.2774170003831,898.3620373582714,1201.136090504165,-37.909685890424775,145.136800243533,1.08759204409691,1.08759204409691,1.08759204409691,0.0,emission=-2.358 transition=1.343 sigma=4.070 num_candidates=5.000,,5.996699968818575,0.0,,,
898.7930569,1205.550843,896.8581486,1203.102592,145.1368061474505,-37.90964619878614,hmm,False,True,298236188#0,0,,False,898.7930569008458,1205.5508430013433,898.7930569008458,1205.5508430013433,895.56,1204.75,-37.90965283086934,145.13676920593596,3.330766644018735,3.330766644018735,0.012221506192036432,0.0,emission=-2.323 transition=-20.528 sigma=4.070 num_candidates=5.000,,5.6028999970294535,0.0,,,
885.7958086,1208.22582,885.904876,1206.000162,145.13665897805657,-37.909619761640556,hmm,False,True,298236188#1,0,,False,885.7958085996797,1208.2258200012147,885.7958085996797,1208.2258200012147,885.9048760482373,1206.0001623790865,-37.909639830583686,145.1366597123141,2.228328422668492,2.228328422668492,2.2283284226684925,0.0,emission=-2.472 transition=-41.455 sigma=4.070 num_candidates=5.000,,14.153600030113012,0.0,,,
879.229121,1205.123524,879.3952242,1204.86104,145.13658361045307,-37.909646525477626,hmm,False,True,298236188#1,0,,False,879.2291210004478,1205.1235240008682,879.2291210004478,1205.1235240008682,879.3952240275588,1204.8610402049396,-37.90964891991049,145.13658543936944,0.31062510964267287,0.31062510964267287,0.31062510964267287,0.0,emission=-2.325 transition=-0.837 sigma=4.070 num_candidates=5.000,,8.255900000222027,0.0,,,
874.592923,1203.096833,875.319585,1202.110929,145.1365304367361,-37.90966394757507,hmm,False,True,988580231,0,,False,874.5929230009206,1203.096833000891,874.5929230009206,1203.096833000891,866.35,1200.78,-37.90968333380678,145.1364361889505,8.562329983895868,8.562329983895868,0.8650896569723525,0.0,emission=-2.345 transition=-9.241 sigma=4.070 num_candidates=5.000,,9.72670002374798,0.0,,,
870.1261329,1201.943404,871.9540451,1199.367709,145.1364793876321,-37.90967353358433,hmm,False,True,988580231,0,,False,870.1261328994296,1201.9434040011838,870.1261328994296,1201.9434040011838,866.35,1200.78,-37.90968333380678,145.1364361889505,3.95128947865445,3.95128947865445,0.49683192222766026,0.0,emission=-2.330 transition=-21.457 sigma=4.070 num_candidates=5.000,,5.904399964492768,0.0,,,
864.2337142,1199.465221,864.2466492,1196.998342,145.13641182814504,-37.909694796559876,hmm,False,True,299173863,0,,False,864.2337142007891,1199.4652210008353,864.2337142007891,1199.4652210008353,864.2466491469629,1196.9983419805458,-37.90971702117506,145.13641141448792,2.466912931900339,2.466912931900339,2.466912931900339,0.0,emission=-2.506 transition=-11.323 sigma=4.070 num_candidates=5.000,,5.604400008451194,0.0,,,
856.0975097,1200.295892,856.1150238,1196.955704,145.13631950914032,-37.909685848383866,hmm,False,True,299173863,0,,False,856.0975096991751,1200.295891999267,856.0975096991751,1200.295891999267,856.1150237922707,1196.9557042446038,-37.90971594081378,145.1363189490054,3.340233671445647,3.340233671445647,3.3402336714456475,0.0,emission=-2.659 transition=1.376 sigma=4.070 num_candidates=5.000,,5.319599993526936,0.0,,,
852.7936667,1199.902876,853.12,1196.94,145.13628185544394,-37.90968879375274,hmm,False,True,299173863,0,,False,852.7936666989699,1199.9028760008514,852.7936666989699,1199.9028760008514,853.12,1196.94,-37.909715542879006,145.13628489230751,2.980793119252328,2.980793119252328,2.9642182190247994,0.0,emission=-2.588 transition=-0.051 sigma=4.070 num_candidates=5.000,,5.320099997334182,0.0,,,
849.6290163,1198.990335,851.1345276,1196.394626,145.13624566625128,-37.90969644419423,hmm,False,True,299173863,0,,False,849.6290163000813,1198.9903349997476,849.6290163000813,1198.9903349997476,853.12,1196.94,-37.909715542879006,145.13628489230751,4.0485603372418595,4.0485603372418595,2.064954096916226,0.0,emission=-2.451 transition=-14.859 sigma=4.070 num_candidates=5.000,,5.156600032933056,0.0,,,
849.2285998,1187.74114,849.8203458,1187.732482,145.13623855635373,-37.909797707731386,hmm,False,True,988580230#0,0,,False,849.2285998005536,1187.7411399986595,849.2285998005536,1187.7411399986595,849.8203458244535,1187.7324819251528,-37.90979789230242,145.13624528248732,0.5918093603840313,0.5918093603840313,0.5918093603840313,0.0,emission=-2.333 transition=-23.994 sigma=4.070 num_candidates=5.000,,5.370399972889572,0.0,,,
849.5777129,1184.682391,849.7756763,1184.679494,145.13624183041466,-37.909825324609514,hmm,False,True,988580230#0,0,,False,849.5777128989575,1184.6823909999803,849.5777128989575,1184.6823909999803,849.7756763407165,1184.6794945174333,-37.90982538635612,145.13624408058448,0.1979846304241462,0.1979846304241462,0.1979846304241462,0.0,emission=-2.324 transition=1.483 sigma=4.070 num_candidates=5.000,,5.795299948658794,0.0,,,
849.6205898,1182.268737,849.7403779,1182.266985,145.13624176924102,-37.90984707515027,hmm,False,True,988580230#0,0,,False,849.6205897999462,1182.2687370004132,849.6205897999462,1182.2687370004132,849.7403779362045,1182.266984332128,-37.909847112513305,145.1362431308244,0.11980095756861428,0.11980095756861428,0.11980095756861428,0.0,emission=-2.323 transition=1.603 sigma=4.070 num_candidates=5.000,,5.567500018514693,0.0,,,
849.4400157,1179.803328,849.7042746,1179.799462,145.13623915568067,-37.90986925166844,hmm,False,True,988580230#0,0,,False,849.4400156998308,1179.8033280009404,849.4400156998308,1179.8033280009404,849.7042746199149,1179.7994615226498,-37.90986933409332,145.13624215940598,0.26428720456803734,0.26428720456803734,0.26428720456803734,0.0,emission=-2.325 transition=1.588 sigma=4.070 num_candidates=5.000,,5.628000013530254,0.0,,,
848.2961606,1176.670533,849.6582024,1176.650604,145.1362254379677,-37.909897266677895,hmm,False,True,988580230#0,0,,False,848.2961606006138,1176.6705329995602,848.2961606006138,1176.6705329995602,849.6582024281913,1176.650604419078,-37.90989769151295,145.13624091975754,1.362187611304232,1.362187611304232,1.362187611304232,0.0,emission=-2.379 transition=0.680 sigma=4.070 num_candidates=5.000,,5.777999991551042,0.0,,,
849.0235496,1171.127123,849.5772676,1171.119021,145.1362324481717,-37.909947334153465,hmm,False,True,988580230#0,0,,False,849.0235496000387,1171.1271230001003,849.0235496000387,1171.1271230001003,849.577267616528,1171.1190213296284,-37.909947506863865,145.13623874206928,0.5537772827133278,0.5537772827133278,0.5537772827133279,0.0,emission=-2.332 transition=1.316 sigma=4.070 num_candidates=5.000,,5.555100040510297,0.0,,,
849.9416077,1163.76567,849.4697788,1163.772574,145.1362412129943,-37.910013813369474,hmm,False,True,988580230#0,0,,False,849.9416077000787,1163.7656699996442,849.9416077000787,1163.7656699996442,849.4697787909178,1163.7725735177298,-37.91001366620114,145.13623584989358,0.47187941052986115,0.47187941052986115,0.47187941052986115,0.0,emission=-2.329 transition=1.253 sigma=4.070 num_candidates=5.000,,5.543200008105487,0.0,,,
847.8332104,1156.616768,849.0717248,1156.410349,145.13621561547845,-37.910077832782235,hmm,False,True,988580230#0,0,,False,847.8332104004221,1156.6167680006474,847.8332104004221,1156.6167680006474,849.39,1158.32,-37.91006277002045,145.13623370330006,2.3075079850289177,2.3075079850289177,0.8455803552382349,0.0,emission=-2.344 transition=-8.391 sigma=4.070 num_candidates=5.000,,5.4558999836444855,0.0,,,
842.4430905,1155.626758,842.1014957,1153.129657,145.13615410498033,-37.910085780219795,hmm,False,True,E9,0,,False,842.4430905011832,1155.626757999882,842.4430905011832,1155.626757999882,842.1014957136831,1153.1296568634095,-37.910108213222806,145.13614965337845,2.5203573327248256,2.5203573327248256,2.5203573327248256,0.0,emission=-2.514 transition=-22.135 sigma=4.070 num_candidates=5.000,,5.146200011949986,0.0,,,
837.5843969,1155.212322,837.387706,1153.774487,145.13609876761848,-37.91008863842736,hmm,False,True,E9,0,,False,837.5843969002599,1155.2123220004141,837.5843969002599,1155.2123220004141,837.3877060469317,1153.7744869650085,-37.9101015553868,145.13609620436924,1.4512259923330286,1.4512259923330286,1.4512259923330286,0.0,emission=-2.386 transition=1.016 sigma=4.070 num_candidates=5.000,,4.98130003688857,0.0,,,
832.7815976,1154.968875,832.7058229,1154.414952,145.1360441046436,-37.91008996636399,hmm,False,True,E9,0,,False,832.7815976007842,1154.9688750002533,832.7815976007842,1154.9688750002533,832.7058229026062,1154.4149523648382,-37.91009494259231,145.13604311715417,0.5590814707260394,0.5590814707260394,0.5590814707260394,0.0,emission=-2.332 transition=1.192 sigma=4.070 num_candidates=5.000,,12.408900016453117,0.0,,,
830.3571006,1155.828107,829.9562282,1155.777203,145.13601673356322,-37.91008178946336,hmm,False,True,E10,0,,False,830.3571006026468,1155.8281070003286,830.3571006026468,1155.8281070003286,829.9,1156.22,-37.91007817685364,145.13601162544742,0.6020972381032647,0.6020972381032647,0.3861490754201513,0.0,emission=-2.327 transition=-4.044 sigma=4.070 num_candidates=5.000,,5.508399975951761,0.0,,,
829.3268714,1167.364716,830.0071426,1167.358172,145.13600764279505,-37.90997767915402,hmm,False,True,E10,0,,False,829.3268714002334,1167.3647159999236,829.3268714002334,1167.3647159999236,830.0071426016245,1167.3581721949752,-37.90997786063868,145.1360153759506,0.6803026744217616,0.6803026744217616,0.6803026744217616,0.0,emission=-2.337 transition=-0.610 sigma=4.070 num_candidates=5.000,,9.155199979431927,0.0,,,
829.2738282,1174.819517,830.0788418,1174.811774,145.13600873456866,-37.90991051483753,hmm,False,True,E10,0,,False,829.2738282008795,1174.8195170005783,829.2738282008795,1174.8195170005783,830.0788418171044,1174.8117732476828,-37.909910729600966,145.13601788575698,0.805050860515252,0.805050860515252,0.805050860515252,0.0,emission=-2.342 transition=1.604 sigma=4.070 num_candidates=5.000,,5.668400030117482,0.0,,,
829.1520637,1185.60326,830.1825542,1185.593348,145.13600980182332,-37.909813350176535,hmm,False,True,E10,0,,False,829.1520636997884,1185.6032600011677,829.1520636997884,1185.6032600011677,830.1825541563297,1185.5933472949775,-37.909813625092575,145.13602151615913,1.030538132611666,1.030538132611666,1.030538132611666,0.0,emission=-2.355 transition=1.598 sigma=4.070 num_candidates=5.000,,5.462899978738278,0.0,,,
831.6995503,1197.209406,830.2944238,1197.222923,145.13604140516068,-37.90970925789834,hmm,False,True,E10,0,,False,831.6995502992067,1197.2094059996307,831.6995502992067,1197.2094059996307,830.2944237629007,1197.222922482414,-37.90970888303922,145.13602543208597,1.4051915450707388,1.4051915450707388,1.4051915450707388,0.0,emission=-2.382 transition=0.348 sigma=4.070 num_candidates=5.000,,5.467999959364533,0.0,,,
831.2091802,1208.774557,830.405618,1208.782287,145.13603845900568,-37.90960498771334,hmm,False,True,E10,0,,False,831.2091802002979,1208.7745570009574,831.2091802002979,1208.7745570009574,830.405617982527,1208.7822867922619,-37.90960477333969,145.13602932435415,0.8035993949116611,0.8035993949116611,0.8035993949116612,0.0,emission=-2.342 transition=1.531 sigma=4.070 num_candidates=5.000,,5.513700016308576,0.0,,,
828.5238291,1220.12277,830.5145225,1220.103621,145.13601050688916,-37.90950227638759,hmm,False,True,E10,0,,False,828.5238290998386,1220.1227700011805,828.5238290998386,1220.1227700011805,830.5145224911751,1220.1036207130162,-37.90950280746461,145.1360331364562,1.9907854915956558,1.9907854915956558,1.9907854915956558,0.0,emission=-2.442 transition=-0.089 sigma=4.070 num_candidates=5.000,,5.941900017205626,0.0,,,
828.4349328,1230.303409,830.6124369,1230.282463,145.1360118107052,-37.909410550556615,hmm,False,True,E10,0,,False,828.4349328003591,1230.3034089999273,828.4349328003591,1230.3034089999273,830.6124369059739,1230.2824627036375,-37.90941113146969,145.13603656384612,2.1776048487495987,2.1776048487495987,2.1776048487495983,0.0,emission=-2.466 transition=1.601 sigma=4.070 num_candidates=5.000,,4.997299984097481,0.0,,,
828.3468629,1240.389507,830.7094421,1240.36678,145.1360131024156,-37.90931967652275,hmm,False,True,E10,0,,False,828.3468628990813,1240.3895069994032,828.3468628990813,1240.3895069994032,830.7094420531135,1240.3667803910625,-37.90932030680864,145.13603995939502,2.3626884597412183,2.3626884597412183,2.3626884597412183,0.0,emission=-2.491 transition=1.601 sigma=4.070 num_candidates=5.000,,6.233600026462227,0.0,,,
829.9217173,1245.618166,830.7598797,1245.610103,145.13603219696628,-37.90927285908465,hmm,False,True,E10,0,,False,829.9217172986828,1245.6181659987196,829.9217172986828,1245.6181659987196,830.759879706234,1245.6101033741384,-37.90927308268756,145.13604172489948,0.8382011854842072,0.8382011854842072,0.8382011854842072,0.0,emission=-2.344 transition=0.524 sigma=4.070 num_candidates=5.000,,5.357500049285591,0.0,,,
829.4256701,1252.476518,830.7291223,1252.630296,145.13602811620427,-37.90921098793038,hmm,False,True,E10,0,,False,829.4256700990954,1252.476518000476,829.4256700990954,1252.476518000476,830.82,1251.86,-37.90921679283494,145.13604382932758,1.524549217791207,1.524549217791207,1.5175626341021118,0.0,emission=-2.392 transition=-1.521 sigma=4.070 num_candidates=5.000,,5.562799982726574,0.0,,,
826.9442524,1259.554966,826.1693555,1257.554781,145.1360015121933,-37.90914677647853,hmm,False,True,E12,0,,False,826.9442523973994,1259.5549659989774,826.9442523973994,1259.5549659989774,817.91,1258.4,-37.909155553357735,145.1358985318454,9.107780346424205,9.107780346424205,9.107780346424205,0.0,emission=-4.826 transition=0.736 sigma=4.070 num_candidates=5.000,,5.396799999289215,0.0,,,
818.9946828,1260.161677,819.0113796,1260.0986,145.1359112650186,-37.90913987910779,hmm,False,True,E11,0,,False,818.9946828001412,1260.1616769991815,818.9946828001412,1260.1616769991815,820.09,1259.91,-37.909142343583405,145.13592366134796,1.123859902400491,1.123859902400491,0.5088927997417366,0.0,emission=-2.330 transition=-5.656 sigma=4.070 num_candidates=5.000,,5.3860999760217965,0.0,,,
812.0925553,1252.307614,817.9651341,1252.36123,145.13583100337016,-37.90920938718518,hmm,False,True,E12,0,,False,812.0925553014968,1252.3076140005141,812.0925553014968,1252.3076140005141,817.9651341086736,1252.3612307867693,-37.90920996207694,145.13589778573441,5.87282356335274,5.87282356335274,5.872823563352741,0.0,emission=-3.364 transition=-20.464 sigma=4.070 num_candidates=5.000,,5.703100003302097,0.0,,,
811.7846158,1241.152758,818.0669441,1241.210116,145.13582496587802,-37.909309817520786,hmm,False,True,E12,0,,False,811.7846158019966,1241.1527580013499,811.7846158019966,1241.1527580013499,818.0669440575646,1241.2101158099588,-37.909310432529445,145.13589640796803,6.282590089200211,6.282590089200211,6.282590089200211,0.0,emission=-3.514 transition=1.572 sigma=4.070 num_candidates=5.000,,7.2546000010333955,0.0,,,
812.0069873,1230.741789,818.1620071,1230.797984,145.13582512705975,-37.90940364226173,hmm,False,True,E12,0,,False,812.0069872994209,1230.7417890001088,812.0069872994209,1230.7417890001088,818.1620070679309,1230.797984479158,-37.90940424481019,145.1358951214976,6.155276296204282,6.155276296204282,6.155276296204282,0.0,emission=-3.466 transition=1.606 sigma=4.070 num_candidates=5.000,,5.809199996292591,0.0,,,
812.4125671,1220.175358,818.2585046,1220.228731,145.13582733594305,-37.909498900446856,hmm,False,True,E12,0,,False,812.4125670990907,1220.1753580002114,812.4125670990907,1220.1753580002114,818.2585046022759,1220.228731550718,-37.909499472739554,145.13589381560558,5.846181149010155,5.846181149010155,5.846181149010155,0.0,emission=-3.354 transition=1.587 sigma=4.070 num_candidates=5.000,,7.140000001527369,0.0,,,
812.8273218,1210.233641,818.3492997,1210.284057,145.13582979118686,-37.909588532699516,hmm,False,True,E12,0,,False,812.8273218002869,1210.2336410004646,812.8273218002869,1210.2336410004646,818.3492997228544,1210.2840567921808,-37.90958907327959,145.13589258687603,5.522208066469221,5.522208066469221,5.522208066469222,0.0,emission=-3.243 transition=1.583 sigma=4.070 num_candidates=5.000,,5.55750000057742,0.0,,,
813.2983138,1199.478144,818.4475287,1199.525156,145.13583270081324,-37.90968550582066,hmm,False,True,E12,0,,False,813.2983138003619,1199.4781440002844,813.2983138003619,1199.4781440002844,818.4475287426006,1199.5251564569928,-37.90968600991033,145.13589125753512,5.149429550198747,5.149429550198747,5.149429550198747,0.0,emission=-3.123 transition=1.577 sigma=4.070 num_candidates=5.000,,5.966300028376281,0.0,,,
813.7009164,1188.132659,818.5511382,1188.176941,145.13583469871335,-37.90978778138347,hmm,False,True,E12,0,,False,813.7009163997136,1188.1326590003446,813.7009163997136,1188.1326590003446,818.551138217766,1188.1769416426125,-37.90978825620462,145.13588985537055,4.8504239646362945,4.8504239646362945,4.8504239646362945,0.0,emission=-3.033 transition=1.590 sigma=4.070 num_candidates=5.000,,10.677199985366315,0.0,,,
813.8710182,1177.788976,818.6455826,1177.832567,145.13583428087966,-37.909880990571864,hmm,False,True,E12,0,,False,813.8710182007635,1177.7889759996906,813.8710182007635,1177.7889759996906,818.6455825998271,1177.8325678878969,-37.909881457988575,145.1358885772302,4.774763392412536,4.774763392412536,4.774763392412536,0.0,emission=-3.011 transition=1.608 sigma=4.070 num_candidates=5.000,,6.694799987599254,0.0,,,
813.9949188,1170.254743,818.7143749,1170.297832,145.13583397653224,-37.909948883191355,hmm,False,True,E12,0,,False,813.9949188008322,1170.2547429995611,813.9949188008322,1170.2547429995611,818.7143749226503,1170.2978317478662,-37.9099493452147,145.1358876462407,4.7196528183751845,4.7196528183751845,4.7196528183751845,0.0,emission=-2.995 transition=1.608 sigma=4.070 num_candidates=5.000,,5.143699992913753,0.0,,,
813.2260583,1162.228629,812.5449217,1157.05785,145.13582340969447,-37.91002104597208,hmm,False,True,E13,0,,False,813.2260583003517,1162.228629000485,813.2260583003517,1162.228629000485,812.5449217233407,1157.057850254574,-37.910067502964004,145.13581448949017,5.215448195093668,5.215448195093668,5.036253231569597,0.0,emission=-3.088 transition=-0.136 sigma=4.070 num_candidates=5.000,,5.465399997774512,0.0,,,
812.7144719,1153.629472,813.0609996,1156.990036,145.1358156377315,-37.910098417215785,hmm,False,True,-988580237#0,0,,False,812.7144719001371,1153.6294720005244,812.7144719001371,1153.6294720005244,800.22,1152.86,-37.91010309787413,145.13567340114315,12.518143441537452,12.518143441537452,12.518143441537452,0.0,emission=-7.053 transition=-8.510 sigma=4.070 num_candidates=5.000,,9.916100010741502,0.0,,,
814.4679131,1141.492714,813.9155436,1157.020434,145.13583281467805,-37.91020806411145,hmm,False,True,-988580237#0,0,,False,814.4679131001467,1141.4927139999345,814.4679131001467,1141.4927139999345,800.19,1144.6,-37.9101775006538,145.13567118175692,14.612119243338435,14.612119243338435,14.612119243338434,0.0,emission=-8.767 transition=-18.404 sigma=4.070 num_candidates=5.000,,9.696200024336576,0.0,,,
814.5028272,1139.369672,799.7982714,1143.023531,145.13583272892043,-37.91022719530587,hmm,False,True,-988580237#0,0,,False,814.5028271999909,1139.3696720004082,814.5028271999909,1139.3696720004082,800.19,1144.6,-37.9101775006538,145.13567118175692,15.238548272066797,15.238548272066797,15.238548272066797,0.0,emission=-9.332 transition=-9.007 sigma=4.070 num_candidates=5.000,,5.502299987711012,0.0,,,
814.4671013,1141.542095,813.9164872,1157.020468,145.135832816676,-37.91020761912855,hmm,False,True,-988580237#0,0,,False,814.4671013014158,1141.5420949999243,814.4671013014158,1141.5420949999243,800.19,1144.6,-37.9101775006538,145.13567118175692,14.600904237764702,14.600904237764702,14.600904237764702,0.0,emission=-8.757 transition=-9.254 sigma=4.070 num_candidates=5.000,,5.423399969004095,0.0,,,
798.7481492,1158.568039,801.5010893,1156.77121,145.13565796425183,-37.91005141323176,hmm,False,True,-988580237#0,0,,False,798.7481492029619,1158.568038999103,798.7481492029619,1158.568038999103,800.22,1152.86,-37.91010309787413,145.13567340114315,5.89474800004408,5.89474800004408,0.28535422195106747,0.0,emission=-2.325 transition=-72.953 sigma=4.070 num_candidates=5.000,,5.589599953964353,0.0,,,
788.8824222,1160.392223,800.58,1155.36,145.13554620627346,-37.910033203024234,hmm,False,True,988580237#1,0,,False,788.8824222033145,1160.392222999595,788.8824222033145,1160.392222999595,797.05,1164.09,-37.910001364054565,145.1356399120672,8.965650105242352,8.965650105242352,8.965348858229657,0.0,emission=-4.749 transition=-30.776 sigma=4.070 num_candidates=5.000,,16.784399980679154,0.0,,,
778.2961923,1161.708944,776.0260217,1143.923575,145.13542614086816,-37.91001943424352,hmm,False,True,E2,0,,False,778.2961923021358,1161.7089440003037,778.2961923021358,1161.7089440003037,776.0260215772435,1143.923575227476,-37.91017924029847,145.13539628425366,17.92966863903607,17.92966863903607,17.92966863903607,0.0,emission=-12.026 transition=-1125.868 sigma=4.070 num_candidates=5.000,,6.933500000741333,0.0,,,
768.5836525,1162.916983,766.3174625,1145.162801,145.13531598459878,-37.91000680181228,hmm,False,True,998107635#2,0,,False,768.5836524996557,1162.9169830009341,768.5836524996557,1162.9169830009341,768.5535827661932,1156.671499360779,-37.91006305729129,145.13531422224568,6.2455560271536115,6.2455560271536115,6.2455560271536115,0.0,emission=-3.500 transition=-- sigma=4.070 num_candidates=5.000,,9.295899944845587,0.0,,,
756.2481108,1152.533583,755.9,1146.45,145.1351733684663,-37.91009811520066,hmm,False,True,998107635#2,0,,False,756.2481108008651,1152.5335830012336,756.2481108008651,1152.5335830012336,758.48,1156.72,-37.91006080510589,145.13519969715588,4.7441982130572145,4.7441982130572145,4.195310993209142,0.0,emission=-2.854 transition=-28.642 sigma=4.070 num_candidates=5.000,,5.090299993753433,0.0,,,
744.8305426,1149.213335,744.8861091,1146.286286,145.1350427959852,-37.91012596719644,hmm,False,True,998107635#1,0,,False,744.8305425993167,1149.2133350009099,744.8305425993167,1149.2133350009099,750.69,1156.76,-37.910059040926164,145.13511113436,9.554338995394453,9.554338995394453,9.554338995394453,0.0,emission=-5.078 transition=-43.843 sigma=4.070 num_candidates=5.000,,5.500700033735484,0.0,,,
736.3175453,1147.910883,736.3514621,1146.124266,145.13494570728568,-37.91013616573417,hmm,False,True,E3,0,,False,736.3175452999421,1147.9108830001205,736.3175452999421,1147.9108830001205,736.3514621012763,1146.124265612196,-37.91015226614504,145.13494568649114,1.786939293945609,1.786939293945609,1.786939293945609,0.0,emission=-2.419 transition=-- sigma=4.070 num_candidates=5.000,,5.18410000950098,0.0,,,
732.6217412,1147.331709,732.7977029,1146.018764,145.13490355439205,-37.91014071696799,hmm,False,True,E3,0,,False,732.6217411989346,1147.331709000282,732.6217411989346,1147.331709000282,735.6,1146.11,-37.91015225921513,145.13493713915133,3.219098999330997,3.219098999330997,0.11161921411963792,0.0,emission=-2.323 transition=-13.337 sigma=4.070 num_candidates=5.000,,12.119000020902604,0.0,,,
726.0313468,1168.968573,725.3958995,1168.967131,145.1348335442107,-37.909944618821534,hmm,False,True,E7,0,,False,726.0313467966625,1168.968573000282,726.0313467966625,1168.968573000282,725.395899540357,1168.9671311426503,-37.90994451727538,145.1348263188931,0.6354488921224226,0.6354488921224226,0.6354488921224226,0.0,emission=-2.335 transition=-57.312 sigma=4.070 num_candidates=5.000,,9.615200047846884,0.0,,,
725.5347475,1176.791918,725.3781456,1176.791562,145.13482967769613,-37.90987405465921,hmm,False,True,E7,0,,False,725.5347475002054,1176.791917999275,725.5347475002054,1176.791917999275,725.37814556284,1176.7915626626261,-37.90987402963383,145.13482789706427,0.1566023405020786,0.1566023405020786,0.1566023405020786,0.0,emission=-2.323 transition=1.536 sigma=4.070 num_candidates=5.000,,11.211799981538206,0.0,,,
725.5830166,1187.132291,725.3546832,1187.131773,145.13483257890044,-37.90978091468443,hmm,False,True,E7,0,,False,725.5830165995285,1187.1322910003364,725.5830165995285,1187.1322910003364,725.3546831733184,1187.1317729018003,-37.90978087819633,145.1348299826537,0.22833401400341125,0.22833401400341125,0.22833401400341125,0.0,emission=-2.324 transition=1.608 sigma=4.070 num_candidates=5.000,,7.327000028453767,0.0,,,
727.7217225,1196.542365,725.3333424,1196.536946,145.13485903649152,-37.90969653185559,hmm,False,True,E7,0,,False,727.7217224976048,1196.5423649987206,727.7217224976048,1196.5423649987206,725.3333424247589,1196.5369456598194,-37.90969615019214,145.13483187964005,2.3883862211964932,2.3883862211964932,2.3883862211964937,0.0,emission=-2.495 transition=0.385 sigma=4.070 num_candidates=5.000,,7.917299983091652,0.0,,,
727.8760272,1205.946002,725.3025015,1205.939414,145.13486293015615,-37.90961184934137,hmm,False,True,E0,0,,False,727.8760272015352,1205.9460019990802,727.8760272015352,1205.9460019990802,725.3025014987817,1205.9394144759503,-37.9096114448321,145.134833667987,2.5735341338699746,2.5735341338699746,2.573534133869975,0.0,emission=-2.522 transition=-23.453 sigma=4.070 num_candidates=5.000,,4.972899972926825,0.0,,,
727.6913585,1214.755338,725.28,1214.73,145.13486283452923,-37.90953245934277,hmm,False,True,E0,0,,False,727.6913585009752,1214.7553380001336,727.6913585009752,1214.7553380001336,725.28,1214.73,-37.909532252972426,145.13483541194506,2.411491620237605,2.411491620237605,2.347947961449863,0.0,emission=-2.489 transition=1.506 sigma=4.070 num_candidates=5.000,,6.5679000108502805,0.0,,,
726.5059775,1218.496322,724.747526,1217.445293,145.13485020794673,-37.909498545966585,hmm,False,True,E0,0,,False,726.5059774988913,1218.496321999468,726.5059774988913,1218.496321999468,725.28,1214.73,-37.909532252972426,145.13483541194506,3.9608335273605784,3.9608335273605784,0.3762162538964193,0.0,emission=-2.327 transition=-18.012 sigma=4.070 num_candidates=5.000,,9.591400041244924,0.0,,,
725.9585812,1224.274734,727.1350569,1223.514927,145.1348452986645,-37.90944639391534,hmm,False,True,-11294993,0,,False,725.9585811993456,1224.2747339988127,725.9585811993456,1224.2747339988127,719.76,1220.32,-37.90948090190391,145.13477392201878,7.352709016835038,7.352709016835038,2.597326948684985,0.0,emission=-2.526 transition=-27.362 sigma=4.070 num_candidates=5.000,,5.304999998770654,0.0,,,
724.0085814,1224.370014,725.4163945,1221.713015,145.13482314913216,-37.909445184140516,hmm,False,True,-11294993,0,,False,724.0085814003833,1224.3700139988214,724.0085814003833,1224.3700139988214,719.76,1220.32,-37.90948090190391,145.13477392201878,5.869672674547733,5.869672674547733,3.0910768168523943,0.0,emission=-2.611 transition=-8.152 sigma=4.070 num_candidates=5.000,,4.87439997959882,0.0,,,
699.4878782,1221.703883,699.4718489,1220.620052,145.134543745799,-37.909464781339466,hmm,False,True,-11294993,0,,False,699.4878782010055,1221.7038830006495,699.4878782010055,1221.7038830006495,699.4718488503703,1220.6200522923152,-37.90947454186787,145.13454331694612,1.0839492351628812,1.0839492351628812,1.0839492351628812,0.0,emission=-2.358 transition=-20.265 sigma=4.070 num_candidates=5.000,,8.93710000673309,0.0,,,
689.2405191,1221.349407,689.231972,1220.771495,145.13442715418614,-37.90946612721436,hmm,False,True,-11294993,0,,False,689.240519099636,1221.3494069995359,689.240519099636,1221.3494069995359,689.2319720550694,1220.7714952938386,-37.90947133164629,145.1344269255084,0.5779749056427462,0.5779749056427462,0.5779749056427462,0.0,emission=-2.333 transition=1.547 sigma=4.070 num_candidates=5.000,,7.5600999989546835,0.0,,,
676.7248935,1223.630426,676.6808189,1220.971257,145.1342853724523,-37.909443322828245,hmm,False,True,-11294993,0,,False,676.7248934992822,1223.6304259998724,676.7248934992822,1223.6304259998724,676.6808188773895,1220.9712571456785,-37.90946726933629,145.13428426621235,2.6595340884090963,2.6595340884090963,2.6595340884090963,0.0,emission=-2.536 transition=0.764 sigma=4.070 num_candidates=5.000,,9.428300021681935,0.0,,,
669.4719493,1223.153789,669.4377645,1221.091308,145.13420279911855,-37.9094463088063,hmm,False,True,-11294993,0,,False,669.4719493009616,1223.1537890005857,669.4719493009616,1223.1537890005857,669.4377645291878,1221.0913077702344,-37.90946488198575,145.13420194108568,2.0627645101107923,2.0627645101107923,2.0627645101107923,0.0,emission=-2.451 transition=1.487 sigma=4.070 num_candidates=5.000,,9.646899998188019,0.0,,,
661.5176567,1223.511634,661.479727,1221.223209,145.13411244146783,-37.90944165104562,hmm,False,True,-11294993,0,,False,661.51765670022,1223.5116339996457,661.51765670022,1223.5116339996457,661.4797270031767,1221.2232089446986,-37.909462258906544,145.1341114894128,2.288739367867682,2.288739367867682,2.2887393678676826,0.0,emission=-2.481 transition=1.593 sigma=4.070 num_candidates=5.000,,5.490100011229515,0.0,,,
647.6812683,1222.294521,647.666953,1221.448149,145.1339548468582,-37.90945012015541,hmm,False,True,-11294994,0,,False,647.6812683009775,1222.2945210002363,647.6812683009775,1222.2945210002363,647.6669530322038,1221.4481491814954,-37.90945774190041,145.1339544914621,0.846492872077953,0.846492872077953,0.8464928720779531,0.0,emission=-2.344 transition=-23.756 sigma=4.070 num_candidates=5.000,,5.528800014872104,0.0,,,
635.7345897,1222.443792,635.7211671,1221.650196,145.13381904894257,-37.90944662111878,hmm,False,True,-11294994,0,,False,635.7345896997722,1222.4437920013443,635.7345896997722,1222.4437920013443,635.7211670727645,1221.650196476712,-37.909453767602145,145.13381871569442,0.7937090295771255,0.7937090295771255,0.7937090295771255,0.0,emission=-2.342 transition=1.609 sigma=4.070 num_candidates=5.000,,5.460899963509291,0.0,,,
628.3073766,1223.781186,628.2734643,1221.776165,145.13373490711035,-37.909433234102764,hmm,False,True,-11294994,0,,False,628.3073765995214,1223.781186000444,628.3073765995214,1223.781186000444,628.2734642933073,1221.7761645969572,-37.90945128971264,145.1337340651375,2.0053081740602785,2.0053081740602785,2.0053081740602785,0.0,emission=-2.444 transition=1.120 sigma=4.070 num_candidates=5.000,,5.389800004195422,0.0,,,
621.6715909,1224.174766,621.6329214,1221.888481,145.13365954886856,-37.90942849187275,hmm,False,True,-11294994,0,,False,621.6715908980696,1224.1747660003603,621.6715908980696,1224.1747660003603,621.6329213815354,1221.8884806671301,-37.90944908031819,145.133658588763,2.2866123319120297,2.2866123319120297,2.2866123319120293,0.0,emission=-2.480 transition=1.580 sigma=4.070 num_candidates=5.000,,11.118600028567016,0.0,,,
611.8931419,1224.301407,611.8551276,1222.053859,145.1335483982923,-37.909425587427336,hmm,False,True,-11294994,0,,False,611.8931418997236,1224.3014070009813,611.8931418997236,1224.3014070009813,611.8551275780522,1222.0538592196913,-37.90944582703186,145.1335474544239,2.247869239487411,2.247869239487411,2.247869239487411,0.0,emission=-2.475 transition=1.609 sigma=4.070 num_candidates=5.000,,7.019700016826391,0.0,,,
601.1625045,1223.473858,601.1415519,1222.235065,145.13342620426639,-37.90943110670212,hmm,False,True,-11294994,0,,False,601.1625044991961,1223.4738579997793,601.1625044991961,1223.4738579997793,601.1415519460212,1222.2350652940256,-37.909442262270154,145.13342568401106,1.2389698855553504,1.2389698855553504,1.2389698855553504,0.0,emission=-2.369 transition=1.372 sigma=4.070 num_candidates=5.000,,6.278099957853556,0.0,,,
593.4147238,1222.97243,593.4044656,1222.365928,145.13333799908074,-37.909434226138984,hmm,False,True,-11294994,0,,False,593.4147237997386,1222.9724300000817,593.4147237997386,1222.9724300000817,593.4044656134886,1222.3659279573656,-37.909439687806874,145.1333377443618,0.606588788392881,0.606588788392881,0.606588788392881,0.0,emission=-2.334 transition=1.480 sigma=4.070 num_candidates=5.000,,7.122999988496304,0.0,,,
587.4162457,1224.687147,587.3786769,1222.467906,145.13327018775857,-37.909417697496494,hmm,False,True,-11294994,0,,False,587.4162457010243,1224.6871470008045,587.4162457010243,1224.6871470008045,587.3786769348884,1222.4679063154917,-37.90943768217996,145.1332692553251,2.2195586569263246,2.2195586569263246,2.2195586569263246,0.0,emission=-2.471 transition=0.549 sigma=4.070 num_candidates=5.000,,6.759900017641485,0.0,,,
571.3463292,1224.501005,571.3209014,1222.707262,145.1330874330573,-37.90941647529387,hmm,False,True,-11294994,0,,False,571.3463292004308,1224.5010050004348,571.3463292004308,1224.5010050004348,571.3209013873395,1222.7072621429031,-37.9094326291773,145.13308673550318,1.7939230787925613,1.7939230787925613,1.7939230787925613,0.0,emission=-2.420 transition=1.552 sigma=4.070 num_candidates=5.000,,5.347600032109767,0.0,,,
562.0878347,1223.363308,562.0803917,1222.838254,145.13298190642865,-37.90942505358151,hmm,False,True,-11294994,0,,False,562.0878346998943,1223.3633080003783,562.0878346998943,1223.3633080003783,562.0803916199542,1222.8382541377957,-37.90942978205093,145.13298170223797,0.5251066158904142,0.5251066158904142,0.5251066158904142,0.0,emission=-2.331 transition=1.176 sigma=4.070 num_candidates=5.000,,6.759400013834238,0.0,,,
550.0817973,1223.51306,550.0746439,1223.008446,145.13284543386197,-37.9094215383808,hmm,False,True,-11294994,0,,False,550.081797299441,1223.5130599997938,550.081797299441,1223.5130599997938,550.0746439675528,1223.008445704577,-37.90942608277748,145.13284523761175,0.5046649949165748,0.5046649949165748,0.5046649949165748,0.0,emission=-2.330 transition=1.609 sigma=4.070 num_candidates=5.000,,6.969599984586239,0.0,,,
542.4814669,1225.4309,542.4486591,1223.11655,145.13275945614268,-37.9094028906388,hmm,False,True,-11294994,0,,False,542.4814668993931,1225.4309000000358,542.4814668993931,1225.4309000000358,542.4486590487696,1223.1165504523324,-37.90942373293728,145.13275855604178,2.314582075454963,2.314582075454963,2.314582075454963,0.0,emission=-2.484 transition=0.550 sigma=4.070 num_candidates=5.000,,5.433399986941367,0.0,,,
530.0951917,1223.84098,530.0874063,1223.291782,145.13261826416823,-37.909414977949204,hmm,False,True,-11294994,0,,False,530.0951917001512,1223.840980000794,530.0951917001512,1223.840980000794,530.0874063511111,1223.2917816020201,-37.90941992385539,145.13261805056356,0.5492535779358914,0.5492535779358914,0.5492535779358914,0.0,emission=-2.332 transition=0.982 sigma=4.070 num_candidates=5.000,,5.60500001301989,0.0,,,
521.3714493,1223.23833,521.3739581,1223.415302,145.13251893941668,-37.90941883248653,hmm,False,True,-11294994,0,,False,521.3714492997387,1223.2383300000802,521.3714492997387,1223.2383300000802,521.3739580274462,1223.4153020578224,-37.90941723873255,145.13251900825014,0.1769898385111992,0.1769898385111992,0.1769898385111992,0.0,emission=-2.324 transition=1.458 sigma=4.070 num_candidates=5.000,,5.700499983504415,0.0,,,
513.1443258,1224.430901,513.0866,1224.060888,145.13242567005713,-37.90940660478588,hmm,False,True,-11294994,0,,False,513.1443258001236,1224.4309010012075,513.1443258001236,1224.4309010012075,516.81,1223.48,-37.90941583227704,145.1324671315525,3.787001459431506,3.787001459431506,0.09700165288855456,0.0,emission=-2.323 transition=-17.134 sigma=4.070 num_candidates=5.000,,5.059999995864928,0.0,,,
507.0588925,1232.091763,508.3542546,1232.199983,145.13235822481306,-37.90933649563473,hmm,False,True,310292423,0,,False,507.0588924982585,1232.091763000004,507.0588924982585,1232.091763000004,508.32,1232.61,-37.90933205483457,145.13237268142632,1.36343746432076,1.36343746432076,1.3263700275465078,0.0,emission=-2.376 transition=-47.309 sigma=4.070 num_candidates=5.000,,10.839700000360608,0.0,,,
509.4046489,1242.891108,508.9215485,1242.919297,145.13238735561256,-37.90923963590851,hmm,False,True,310292423,0,,False,509.40464890020667,1242.8911080015823,509.40464890020667,1242.8911080015823,508.92154851463334,1242.9192969576823,-37.90923929478755,145.13238186927714,0.4839221009492102,0.4839221009492102,0.4839221009492102,0.0,emission=-2.330 transition=-2.012 sigma=4.070 num_candidates=5.000,,5.6856999872252345,0.0,,,
508.2870912,1254.578535,509.5974049,1254.502078,145.13237731147603,-37.90913415107617,hmm,False,True,310292423,0,,False,508.28709120093845,1254.5785350007936,508.28709120093845,1254.5785350007936,509.59740495729847,1254.5020780612876,-37.90913507629838,145.13239219204908,1.312542495961529,1.312542495961529,1.312542495961529,0.0,emission=-2.375 transition=0.918 sigma=4.070 num_candidates=5.000,,10.73129998985678,0.0,,,
509.1746692,1266.055512,510.2678271,1265.991726,145.1323900173584,-37.90903092390455,hmm,False,True,310292423,0,,False,509.1746691968292,1266.0555119998753,509.1746691968292,1266.0555119998753,510.2678270778646,1265.9917261275411,-37.90903169578976,145.13240243178444,1.0950172557449471,1.0950172557449471,1.0950172557449471,0.0,emission=-2.359 transition=1.599 sigma=4.070 num_candidates=5.000,,5.427700001746416,0.0,,,
515.705781,1277.538452,515.9707484,1277.244538,145.1324668901605,-37.90892866150155,hmm,False,True,63906910#0,0,,False,515.7057810032275,1277.5384520012885,515.7057810032275,1277.5384520012885,515.970748527354,1277.2445384451146,-37.908931356963286,145.13246983583022,0.395718292911199,0.395718292911199,0.395718292911199,0.0,emission=-2.327 transition=-21.393 sigma=4.070 num_candidates=5.000,,7.0597000303678215,0.0,,,
529.8902091,1277.034165,529.8942374,1277.855375,145.1326280488079,-37.90893576395031,hmm,False,True,63906910#0,0,,False,529.8902091007913,1277.0341649986804,529.8902091007913,1277.0341649986804,529.8942374617253,1277.8553751491015,-37.90892836701828,145.13262828164562,0.8212200307144055,0.8212200307144055,0.8212200307144055,0.0,emission=-2.343 transition=1.558 sigma=4.070 num_candidates=5.000,,8.388000016566366,0.0,,,
536.7816661,1278.172637,531.1330572,1278.924608,145.1327066622962,-37.9089267518667,hmm,False,True,63906910#0,0,,False,536.7816660992103,1278.1726369988173,536.7816660992103,1278.1726369988173,531.1330571978295,1278.9246080588136,-37.90891895865629,145.1326426102487,5.698442155170969,5.698442155170969,5.698442155170969,0.0,emission=-3.303 transition=-22.416 sigma=4.070 num_candidates=5.000,,5.537100019864738,0.0,,,
534.2652591,1303.832253,534.4456897,1303.808233,145.13268389532098,-37.90869514977643,hmm,False,True,63906910#0,0,,False,534.2652590998914,1303.8322529997677,534.2652590998914,1303.8322529997677,534.4456897899775,1303.80823316415,-37.90869539871072,145.13268594129727,0.1820224887974819,0.1820224887974819,0.1820224887974819,0.0,emission=-2.324 transition=-1.788 sigma=4.070 num_candidates=5.000,,8.665599976666272,0.0,,,
536.279163,1315.572535,536.0164681,1315.607507,145.13270946663556,-37.90858975387339,hmm,False,True,63906910#0,0,,False,536.2791629994172,1315.5725349998102,536.2791629994172,1315.5725349998102,536.0164680220175,1315.6075062686764,-37.90858939144245,145.1327064878355,0.2650125295096588,0.2650125295096588,0.2650125295096588,0.0,emission=-2.325 transition=1.567 sigma=4.070 num_candidates=5.000,,8.106999972369522,0.0,,,
536.9007279,1326.917798,537.5014935,1326.844398,145.13271911744627,-37.90848766515421,hmm,False,True,63906910#0,0,,False,536.900727899163,1326.9177980003878,536.900727899163,1326.9177980003878,537.5014934761724,1326.844397690846,-37.9084884347644,145.1327259312485,0.6052329171155849,0.6052329171155849,0.6052329171155849,0.0,emission=-2.334 transition=1.471 sigma=4.070 num_candidates=5.000,,8.903499983716756,0.0,,,
540.0240194,1338.869703,539.8687462,1338.935543,145.13275735019653,-37.908380563060376,hmm,False,True,63906910#0,0,,False,540.0240194002981,1338.8697030004114,540.0240194002981,1338.8697030004114,539.8687462377447,1338.9355432106813,-37.90837994193882,145.13275559978553,0.1686555314767885,0.1686555314767885,0.1686555314767885,0.0,emission=-2.323 transition=1.360 sigma=4.070 num_candidates=5.000,,6.002300011459738,0.0,,,
543.4999511,1342.565006,542.8702765,1343.267768,145.1327977119443,-37.90834790205289,hmm,False,True,63906910#0,0,,False,543.4999511006754,1342.5650059999898,543.4999511006754,1342.5650059999898,541.32,1341.22,-37.908359624856324,145.13277262031752,2.561489399030207,2.561489399030207,0.4364662563412825,0.0,emission=-2.328 transition=-10.213 sigma=4.070 num_candidates=5.000,,5.405600008089095,0.0,,,
546.1168119,1347.233256,546.8544496,1346.047361,145.1328285278752,-37.90830632148605,hmm,False,True,63906910#1,0,,False,546.1168119002832,1347.2332560010254,546.1168119002832,1347.2332560010254,547.55,1346.48,-37.9083133655875,145.1328446512055,1.61908082943703,1.61908082943703,1.5961817809094325,0.0,emission=-2.399 transition=-25.149 sigma=4.070 num_candidates=5.000,,5.417299980763346,0.0,,,
555.4482429,1350.779773,555.5769266,1348.006417,145.1329354306973,-37.908276057214835,hmm,False,True,63906910#1,0,,False,555.4482428980409,1350.7797730006278,555.4482428980409,1350.7797730006278,555.5769265981812,1348.0064173941557,-37.90830106349465,145.13293626225527,2.776339463147762,2.776339463147762,2.776339463147762,0.0,emission=-2.555 transition=-7.268 sigma=4.070 num_candidates=5.000,,7.249900023452938,0.0,,,
567.4114536,1349.423539,567.4417827,1348.445096,145.13307113951973,-37.9082904328147,hmm,False,True,63906910#1,0,,False,567.4114535998087,1349.423538999632,567.4114535998087,1349.423538999632,567.4417827050839,1348.4450956903192,-37.90829925234259,145.13307126156224,0.978913256711586,0.978913256711586,0.978913256711586,0.0,emission=-2.352 transition=0.777 sigma=4.070 num_candidates=5.000,,4.946300003211945,0.0,,,
575.8258606,1349.592048,575.5980931,1350.598463,145.13316684685478,-37.908290432815114,hmm,False,True,-63906910#1,0,,False,575.8258605999872,1349.5920480005443,575.8258605999872,1349.5920480005443,575.65,1347.49,-37.908309336853236,145.13316436877162,2.1093915585353424,2.1093915585353424,1.2222706705953679,0.0,emission=-2.368 transition=-6.423 sigma=4.070 num_candidates=5.000,,6.469600019045174,0.0,,,
577.5166641,1352.228443,576.9988867,1350.356478,145.1331866709839,-37.90826698853727,hmm,False,True,5094896#0,0,,False,577.5166641003452,1352.2284429995343,577.5166641003452,1352.2284429995343,579.5,1355.38,-37.9082389563208,145.13320993838516,3.723698808717538,3.723698808717538,1.3705239883626024,0.0,emission=-2.379 transition=-14.030 sigma=4.070 num_candidates=5.000,,5.462000030092895,0.0,,,
588.1666384,1341.176154,586.8998709,1340.028893,145.13330524130353,-37.90836847140645,hmm,False,True,4577074#1,0,,False,588.1666383983102,1341.1761539997533,588.1666383983102,1341.1761539997533,585.32,1342.0,-37.908360536508034,145.1332730635167,2.963456158416401,2.963456158416401,1.7769004831333206,0.0,emission=-2.418 transition=-67.062 sigma=4.070 num_candidates=5.000,,18.26979999896139,0.0,,,
596.2341539,1334.891626,595.2545432,1333.181134,145.13339553561295,-37.90842653919188,hmm,False,True,4577074#2,0,,False,596.2341538998298,1334.8916260004044,596.2341538998298,1334.8916260004044,595.2545432930442,1333.1811340424624,-37.90844177102562,145.13338400833723,1.971146792887571,1.971146792887571,1.971146792887571,0.0,emission=-2.440 transition=-17.916 sigma=4.070 num_candidates=5.000,,10.752300033345819,0.0,,,
607.0798435,1331.053967,607.1041432,1329.917665,145.13351797407358,-37.90846306599856,hmm,False,True,4577074#2,0,,False,607.0798435010947,1331.0539669999853,607.0798435010947,1331.0539669999853,607.104143238844,1329.9176649776127,-37.908473306469816,145.13351799168117,1.1365618167537674,1.1365618167537674,1.1365618167537674,0.0,emission=-2.362 transition=-3.747 sigma=4.070 num_candidates=5.000,,6.2562000239267945,0.0,,,
613.9119401,1332.060595,613.8916655,1330.058667,145.13359588205077,-37.90845523028068,hmm,False,True,4577074#2,0,,False,613.9119401007192,1332.060595001094,613.9119401007192,1332.060595001094,613.8916655065376,1330.0586665533847,-37.90847326048936,145.13359519582576,2.002031110876462,2.002031110876462,2.002031110876462,0.0,emission=-2.444 transition=1.025 sigma=4.070 num_candidates=5.000,,4.968900000676513,0.0,,,
621.800886,1331.590248,621.7845654,1329.978731,145.1336854698677,-37.90846089006715,hmm,False,True,4577074#2,0,,False,621.8008859992842,1331.5902479998767,621.8008859992842,1331.5902479998767,621.7845653090726,1329.9787309589854,-37.90847540406754,145.13368491748622,1.6115996829275907,1.6115996829275907,1.6115996829275905,0.0,emission=-2.401 transition=1.561 sigma=4.070 num_candidates=5.000,,4.980700032319874,0.0,,,
632.2841424,1330.965214,632.273076,1329.872508,145.1338045190092,-37.90846841109546,hmm,False,True,4577074#2,0,,False,632.2841423990903,1330.9652139991522,632.2841423990903,1330.9652139991522,632.2730759866018,1329.8725082326937,-37.908478252464064,145.13380414447707,1.0927618027443171,1.0927618027443171,1.0927618027443171,0.0,emission=-2.359 transition=1.545 sigma=4.070 num_candidates=5.000,,5.029699997976422,0.0,,,
641.7599075,1330.08593,641.7327295,1329.698025,145.13391205544363,-37.90847804067523,hmm,False,True,4577074#2,0,,False,641.759907499305,1330.0859300000593,641.759907499305,1330.0859300000593,641.7327294646858,1329.6980253241302,-37.90848153011597,145.13391165815182,0.38885560710042155,0.38885560710042155,0.38885560710042155,0.0,emission=-2.327 transition=1.344 sigma=4.070 num_candidates=2.000,,6.23749999795109,0.0,,,
653.1914125,1328.119874,652.9590954,1327.349523,145.13404158075502,-37.90849781271761,hmm,False,True,4577074#2,0,,False,653.1914124996401,1328.1198740005493,653.1914124996401,1328.1198740005493,652.9590954101232,1327.3495226485502,-37.90850471034449,145.13403876406176,0.8046194352664625,0.8046194352664625,0.8046194352664625,0.0,emission=-2.342 transition=1.195 sigma=4.070 num_candidates=1.000,,5.3813999984413385,0.0,,,
664.9830615,1325.106695,664.6006794,1323.838736,145.1341749625838,-37.90852708229857,hmm,False,True,4577074#2,0,,False,664.9830614971579,1325.1066950010136,664.9830614971579,1325.1066950010136,664.600679543648,1323.8387363868671,-37.908538435442495,145.13417032646987,1.32436211270114,1.32436211270114,1.3243621127011398,0.0,emission=-2.376 transition=1.554 sigma=4.070 num_candidates=1.000,,5.020399985369295,0.0,,,
675.9872792,1321.478352,675.6905274,1320.494339,145.13429925167736,-37.90856175131771,hmm,False,True,4577074#2,0,,False,675.9872792011593,1321.4783520000055,675.9872792011593,1321.4783520000055,675.6905274907261,1320.4943388057309,-37.90857056205374,145.1342956537832,1.027785748174984,1.027785748174984,1.027785748174984,0.0,emission=-2.354 transition=1.590 sigma=4.070 num_candidates=2.000,,5.343800003174692,0.0,,,
686.9851517,1317.960237,686.7167492,1317.112809,145.13442349382998,-37.908595426103034,hmm,False,True,4577074#2,0,,False,686.985151700268,1317.9602370001376,686.985151700268,1317.9602370001376,686.7167492261736,1317.1128089639521,-37.90860301156052,145.13442024934957,0.8889174115816751,0.8889174115816751,0.8889174115816751,0.0,emission=-2.346 transition=1.542 sigma=4.070 num_candidates=3.000,,4.906399990431964,0.0,,,
696.4741185,1315.859614,695.7424255,1314.103874,145.13453090277096,-37.908616059632095,hmm,False,True,4577074#2,0,,False,696.4741184993181,1315.8596139997244,696.4741184993181,1315.8596139997244,695.7424256239301,1314.1038741420052,-37.908631743877926,145.1345221841548,1.9021032863326108,1.9021032863326108,1.9021032863326108,0.0,emission=-2.432 transition=0.612 sigma=4.070 num_candidates=5.000,,9.141899994574487,0.0,,,
709.7516888,1306.701494,709.1198669,1306.364074,145.1346797815466,-37.90870095168637,hmm,False,True,4577074#2,0,,False,709.7516887993552,1306.701494000852,709.7516887993552,1306.701494000852,709.1198667802074,1306.364074156584,-37.90870387736174,145.1346725211323,0.7162759350878191,0.7162759350878191,0.7162759350878192,0.0,emission=-2.338 transition=-0.534 sigma=4.070 num_candidates=5.000,,7.214399985969067,0.0,,,
711.4656255,1296.617364,712.4024921,1296.633277,145.13469697438478,-37.9087921010092,hmm,False,True,405414870#0,0,,False,711.4656254997244,1296.617364000529,711.4656254997244,1296.617364000529,712.4024921136431,1296.633276809258,-37.908792126533235,145.13470762994407,0.9370017447994168,0.9370017447994168,0.9370017447994169,0.0,emission=-2.349 transition=-0.149 sigma=4.070 num_candidates=5.000,,6.863199989311397,0.0,,,
712.5467599,1285.935521,712.459598,1285.935811,145.13470683646656,-37.908888520615854,hmm,False,True,405414870#0,0,,False,712.5467599005206,1285.935521000065,712.5467599005206,1285.935521000065,712.4595980406721,1285.9358108953859,-37.90888850229344,145.13470584552266,0.08716234193472225,0.08716234193472225,0.08716234193472225,0.0,emission=-2.323 transition=1.418 sigma=4.070 num_candidates=5.000,,5.426499992609024,0.0,,,
713.3845928,1276.175214,711.9704438,1276.275317,145.13471414193654,-37.90897659493757,hmm,False,True,405414870#0,0,,False,713.3845928009832,1276.1752140000463,713.3845928009832,1276.1752140000463,711.970443765314,1276.2753166845937,-37.90897543828587,145.13469808614943,1.4176875687321677,1.4176875687321677,1.4176875687321677,0.0,emission=-2.383 transition=1.016 sigma=4.070 num_candidates=5.000,,5.369200021959841,0.0,,,
714.941501,1266.359988,712.6818887,1265.315835,145.134729610662,-37.90906529359502,hmm,False,True,405414870#2,0,,False,714.9415010010125,1266.3599880011752,714.9415010010125,1266.3599880011752,713.35,1263.87,-37.90908743716542,145.1347109491443,2.955150703808672,2.955150703808672,2.283488903660733,0.0,emission=-2.480 transition=-37.416 sigma=4.070 num_candidates=5.000,,5.482600012328476,0.0,,,
717.9600232,1259.827657,716.0612726,1258.812588,145.13476244454094,-37.90912468255735,hmm,False,True,405414870#2,0,,False,717.9600231994409,1259.827657001093,717.9600231994409,1259.827657001093,714.94,1260.91,-37.90911438818735,145.13472835371283,3.2081157230443074,3.2081157230443074,2.15467558617206,0.0,emission=-2.463 transition=-17.571 sigma=4.070 num_candidates=5.000,,5.444999958854169,0.0,,,
721.5383195,1252.138904,720.0531771,1251.345249,145.13480137991772,-37.909194589747074,hmm,False,True,46129139,0,,False,721.5383194998722,1252.1389040006325,721.5383194998722,1252.1389040006325,712.78,1257.19,-37.909147509541526,145.13470294862563,10.110476312057145,10.110476312057145,5.242163556184364,0.0,emission=-3.152 transition=-2.495 sigma=4.070 num_candidates=5.000,,5.469699972309172,0.0,,,
723.7494414,1246.428928,722.9179115,1245.984561,145.13482522098974,-37.9092464251844,hmm,False,True,405414870#3,0,,False,723.7494414009852,1246.4289279989898,723.7494414009852,1246.4289279989898,722.917911523621,1245.9845610854632,-37.90925027827779,145.13481566555404,0.9428169975061914,0.9428169975061914,0.9428169975061914,0.0,emission=-2.349 transition=-1.586 sigma=4.070 num_candidates=5.000,,5.398600012995303,0.0,,,
725.2766641,1242.081372,725.0643857,1241.967931,145.134841596214,-37.9092858643298,hmm,False,True,405414870#3,0,,False,725.2766640994232,1242.081372000277,725.2766640994232,1242.081372000277,725.0643857564789,1241.9679311310665,-37.909286847972865,145.13483915683935,0.24068844112339155,0.24068844112339155,0.24068844112339155,0.0,emission=-2.324 transition=1.340 sigma=4.070 num_candidates=5.000,,10.064100031740963,0.0,,,
728.2778641,1232.363302,727.9010508,1232.306834,145.13487350861175,-37.909373948080955,hmm,False,True,E14,0,,False,728.2778640998295,1232.363301999867,728.2778640998295,1232.363301999867,728.22,1228.14,-37.90941198221971,145.13487188995995,4.223698383659575,4.223698383659575,0.9676903198778766,0.0,emission=-2.351 transition=-48.985 sigma=4.070 num_candidates=5.000,,5.989400029648095,0.0,,,
726.8981161,1236.810886,727.0232343,1236.845144,145.13485883287078,-37.90933363444266,hmm,False,True,E14,0,,False,726.8981161009287,1236.8108860012144,726.8981161009287,1236.8108860012144,728.22,1228.14,-37.90941198221971,145.13487188995995,8.771068412039536,8.771068412039536,0.5800166015930036,0.0,emission=-2.333 transition=-21.674 sigma=4.070 num_candidates=5.000,,5.44629996875301,0.0,,,
706.8863259,1221.61327,706.8700185,1220.510637,145.13462784444374,-37.90946693128084,hmm,False,True,-46129150,0,,False,706.8863258995116,1221.6132699996233,706.8863258995116,1221.6132699996233,707.95,1235.31,-37.90934373944194,145.13464305447692,13.737969838926988,13.737969838926988,13.73796983892699,0.0,emission=-8.019 transition=-51.683 sigma=4.070 num_candidates=5.000,,5.642300006002188,0.0,,,
700.6271128,1221.689931,700.6110407,1220.603204,145.1345566955538,-37.909465112389924,hmm,False,True,-11294993,0,,False,700.62711280043,1221.6899310005829,700.62711280043,1221.6899310005829,700.6110406176077,1220.6032041774415,-37.90947489899963,145.1345562655567,1.0868456666866693,1.0868456666866693,1.0868456666866693,0.0,emission=-2.358 transition=1.609 sigma=4.070 num_candidates=5.000,,5.284000013489276,0.0,,,
690.1642921,1221.818065,690.1486133,1220.757939,145.13443776398702,-37.90946207196325,hmm,False,True,-11294993,0,,False,690.1642921022722,1221.818065000698,690.1642921022722,1221.818065000698,690.1486133272456,1220.7579385969805,-37.90947161901982,145.1344373444999,1.060242338262976,1.060242338262976,1.0602423382629758,0.0,emission=-2.357 transition=1.609 sigma=4.070 num_candidates=5.000,,4.947999957948923,0.0,,,
682.0441876,1221.9175,682.0270353,1220.882646,145.13434546223664,-37.90945971230999,hmm,False,True,-11294993,0,,False,682.0441876003752,1221.9175000013784,682.0441876003752,1221.9175000013784,682.0270353211822,1220.8826458234057,-37.909469031441766,145.13434503173482,1.034996314171677,1.034996314171677,1.034996314171677,0.0,emission=-2.355 transition=1.600 sigma=4.070 num_candidates=5.000,,6.515299959573895,0.0,,,
669.150472,1223.153314,669.1163834,1221.096635,145.13419914386265,-37.909446255122376,hmm,False,True,-11294993,0,,False,669.1504720010562,1223.1533139999956,669.1504720010562,1223.1533139999956,669.1163833910468,1221.09663452943,-37.90946477605542,145.13419828824252,2.056961953459063,2.056961953459063,2.056961953459063,0.0,emission=-2.450 transition=1.408 sigma=4.070 num_candidates=5.000,,5.111699982080609,0.0,,,
658.4045439,1223.489343,658.3691025,1221.274254,145.1340770407821,-37.90944129051766,hmm,False,True,-11294993,0,,False,658.4045438991161,1223.4893429996446,658.4045438991161,1223.4893429996446,659.26,1221.26,-37.909461527241454,145.13408625982487,2.3878390545855015,2.3878390545855015,1.4191229668268626,0.0,emission=-2.383 transition=-2.858 sigma=4.070 num_candidates=5.000,,5.426699994131923,0.0,,,
648.7117446,1223.967317,648.6688496,1221.431203,145.13396694394007,-37.90943523701606,hmm,False,True,-11294994,0,,False,648.7117445998592,1223.9673169991001,648.7117445998592,1223.9673169991001,648.6688495662867,1221.4312034162285,-37.90945807521886,145.13396587901607,2.536476313536384,2.536476313536384,2.536476313536384,0.0,emission=-2.517 transition=-18.941 sigma=4.070 num_candidates=5.000,,5.605200014542788,0.0,,,
638.871186,1223.634478,638.8367332,1221.597501,145.13385498257017,-37.90943646076913,hmm,False,True,-11294994,0,,False,638.8711860014009,1223.6344779999927,638.8711860014009,1223.6344779999927,638.8367332042028,1221.5975007635907,-37.90945480414918,145.13385412720777,2.0372685774965036,2.0372685774965036,2.0372685774965036,0.0,emission=-2.448 transition=1.546 sigma=4.070 num_candidates=5.000,,5.383800016716123,0.0,,,
631.7368793,1223.305749,631.7100253,1221.71804,145.13377379179613,-37.90943813544853,hmm,False,True,-11294994,0,,False,631.7368793000933,1223.3057490009815,631.7368793000933,1223.3057490009815,631.7100252801417,1221.7180396770405,-37.90945243308193,145.1337731250735,1.5879364079574285,1.5879364079574285,1.5879364079574285,0.0,emission=-2.399 transition=1.539 sigma=4.070 num_candidates=5.000,,5.377000023145229,0.0,,,
620.5731795,1224.1306,620.5355709,1221.907041,145.1336470500518,-37.90942869162767,hmm,False,True,-11294994,0,,False,620.5731794992462,1224.1306000007316,620.5731794992462,1224.1306000007316,620.5355709148067,1221.9070409104208,-37.90944871521084,145.13364611628424,2.223877117497128,2.223877117497128,2.223877117497128,0.0,emission=-2.472 transition=1.519 sigma=4.070 num_candidates=5.000,,6.493400025647134,0.0,,,
614.6769853,1222.706861,614.6651367,1222.006332,145.13357968715613,-37.90944045359073,hmm,False,True,-11294994,0,,False,614.6769852999132,1222.706861000508,614.6769852999132,1222.706861000508,614.6651367643044,1222.0063316013711,-37.909446761994246,145.1335793929681,0.7006295931883232,0.7006295931883232,0.7006295931883231,0.0,emission=-2.337 transition=0.638 sigma=4.070 num_candidates=5.000,,5.47149998601526,0.0,,,
597.9896941,1223.894351,597.9625389,1222.288834,145.1333902256533,-37.909426746493224,hmm,False,True,-11294994,0,,False,597.9896940991748,1223.8943510008976,597.9896940991748,1223.8943510008976,597.9625388879094,1222.2888341286614,-37.909441204482945,145.13338955137797,1.6057465031984217,1.6057465031984217,1.6057465031984217,0.0,emission=-2.400 transition=1.487 sigma=4.070 num_candidates=5.000,,5.800099985208362,0.0,,,
590.0937314,1224.671235,590.0556648,1222.422589,145.13330062671167,-37.90941832382687,hmm,False,True,-11294994,0,,False,590.0937314004404,1224.6712350007147,590.0937314004404,1224.6712350007147,590.0556648333763,1222.4225885034255,-37.90943857331573,145.13329968193145,2.2489686821516743,2.2489686821516743,2.2489686821516743,0.0,emission=-2.475 transition=1.479 sigma=4.070 num_candidates=5.000,,7.148400007281452,0.0,,,
579.9361089,1224.715529,579.9059148,1222.585562,145.13318514628867,-37.90941609244219,hmm,False,True,-11294994,0,,False,579.93610889907,1224.7155290003866,579.93610889907,1224.7155290003866,579.9059148311702,1222.585562359504,-37.90943527425252,145.1331843180085,2.130180643281082,2.130180643281082,2.130180643281082,0.0,emission=-2.460 transition=1.576 sigma=4.070 num_candidates=5.000,,5.140999972354621,0.0,,,
571.0061391,1224.939701,570.974562,1222.712172,145.13308366504523,-37.909412462040464,hmm,False,True,-11294994,0,,False,571.0061390998308,1224.9397010011598,571.0061390998308,1224.9397010011598,570.9745620005413,1222.712171794895,-37.90943252246712,145.13308279879843,2.2277530109870933,2.2277530109870933,2.2277530109870933,0.0,emission=-2.472 transition=1.607 sigma=4.070 num_candidates=5.000,,5.653500033076853,0.0,,,
559.3527669,1223.397423,559.3453898,1222.877025,145.1329508169251,-37.90942425280254,hmm,False,True,-11294994,0,,False,559.3527669005562,1223.397423000075,559.3527669005562,1223.397423000075,559.3453898226251,1222.8770250877203,-37.90942893934183,145.1329506145431,0.5204501978689589,0.5204501978689589,0.5204501978689587,0.0,emission=-2.331 transition=0.986 sigma=4.070 num_candidates=5.000,,4.940200014971197,0.0,,,
547.3520755,1224.861407,547.3263605,1223.047405,145.13281470444667,-37.90940889961157,hmm,False,True,-11294994,0,,False,547.3520755006466,1224.8614069977775,547.3520755006466,1224.8614069977775,547.3263604962654,1223.0474049333964,-37.90942523593984,145.13281399895394,1.8141843211287618,1.8141843211287618,1.8141843211287618,0.0,emission=-2.422 transition=1.262 sigma=4.070 num_candidates=5.000,,5.6446000235155225,0.0,,,
535.6991098,1225.376456,535.6684363,1223.212666,145.13268232948937,-37.909402157245744,hmm,False,True,-11294994,0,,False,535.6991097988794,1225.3764559999108,535.6991097988794,1225.3764559999108,535.668436253748,1223.2126658109105,-37.909421643653275,145.13268148792397,2.164007589724454,2.164007589724454,2.164007589724454,0.0,emission=-2.464 transition=1.583 sigma=4.070 num_candidates=5.000,,5.489800008945167,0.0,,,
524.5302938,1225.130849,524.5053452,1223.370912,145.1325552860074,-37.909402354273226,hmm,False,True,-11294994,0,,False,524.5302938017994,1225.1308489991352,524.5302938017994,1225.1308489991352,524.5053452153394,1223.3709120117264,-37.90941820370558,145.1325546014859,1.7601138121200544,1.7601138121200544,1.7601138121200544,0.0,emission=-2.416 transition=1.573 sigma=4.070 num_candidates=5.000,,4.976900003384799,0.0,,,
515.7750314,1225.534144,515.4867702,1223.686437,145.13245583203062,-37.909397141275946,hmm,False,True,-11294994,0,,False,515.7750313967699,1225.5341440010816,515.7750313967699,1225.5341440010816,516.81,1223.48,-37.90941583227704,145.1324671315525,2.300145122997961,2.300145122997961,1.766762414195794,0.0,emission=-2.417 transition=-3.733 sigma=4.070 num_candidates=5.000,,5.691399972420186,0.0,,,
509.1019043,1224.977098,510.18,1225.82,145.13237983283278,-37.90940095495651,hmm,False,True,-5094894,0,,False,509.1019043009728,1224.9770979993045,509.1019043009728,1224.9770979993045,511.0,1220.47,-37.90944189853399,145.13240038719024,4.890470290064153,4.890470290064153,0.43151167674585145,0.0,emission=-2.328 transition=-31.872 sigma=4.070 num_candidates=5.000,,5.890400032512844,0.0,,,
509.1524885,1243.660553,508.9654378,1243.671468,145.13238466386943,-37.90923265905492,hmm,False,True,310292423,0,,False,509.15248850081116,1243.6605530008674,509.15248850081116,1243.6605530008674,508.9654377374649,1243.6714674317266,-37.90923252697691,145.13238253962535,0.187368921834411,0.187368921834411,0.187368921834411,0.0,emission=-2.324 transition=-36.441 sigma=4.070 num_candidates=5.000,,6.401900027412921,0.0,,,
509.4475381,1253.316124,509.5279307,1253.311433,145.13239021794917,-37.90914573260932,hmm,False,True,310292423,0,,False,509.4475380994845,1253.3161239996552,509.4475380994845,1253.3161239996552,509.52793070304097,1253.31143308315,-37.909145789375096,145.1323911309276,0.08052934498829457,0.08052934498829457,0.08052934498829457,0.0,emission=-2.323 transition=1.591 sigma=4.070 num_candidates=5.000,,5.44340000487864,0.0,,,
507.9509424,1264.460007,510.1708928,1264.330472,145.13237574042662,-37.90904507574316,hmm,False,True,310292423,0,,False,507.9509423993295,1264.4600069997832,507.9509423993295,1264.4600069997832,510.17089277161875,1264.3304726722251,-37.90904664326495,145.13240095125423,2.223726331508239,2.223726331508239,2.223726331508239,0.0,emission=-2.472 transition=0.579 sigma=4.070 num_candidates=5.000,,5.475499958265573,0.0,,,
508.0175776,1266.363277,510.281798,1266.231159,145.13237693159653,-37.909027942657126,hmm,False,True,310292423,0,,False,508.0175776029937,1266.3632769994438,508.0175776029937,1266.3632769994438,510.2817980397704,1266.2311595091692,-37.909029541437846,145.13240264517043,2.268071695858365,2.268071695858365,2.268071695858365,0.0,emission=-2.478 transition=1.607 sigma=4.070 num_candidates=5.000,,5.377399967983365,0.0,,,
