gps_x,gps_y,gt_x,gt_y,lon,lat,method,kalman,matched,edge_id,lane_index,lane_pos,is_internal_edge,raw_x,raw_y,filt_x,filt_y,matched_x,matched_y,matched_lat,matched_lon,match_error_raw_m,match_error_filt_m,raw_dist,score,components,window_len,match_ms,phone_speed_mps,phone_course_deg,accuracy_m,unmatched_reason
473.7291117,1267.162459,476.93,1284.79,145.13198726173027,-37.90901455454441,topo,False,True,28533357#0,0,,False,473.72911169938743,1267.162459000945,473.72911169938743,1267.162459000945,479.12,1271.94,-37.908972490431125,145.13204964333025,7.2032336257636835,7.2032336257636835,7.2032336257636835,0.7064382623958502,prox=0.891 head=0.500 conn=0.500 turn=1.000,,13.905600004363805,0.0,,,
473.0268462,1272.159309,476.93,1284.79,145.1319804155997,-37.90896941496369,topo,False,True,28533357#0,0,,False,473.02684620110085,1272.1593089997768,473.02684620110085,1272.1593089997768,478.7409522515944,1273.525440101504,-37.90895813998841,145.13204569485606,5.875144435960158,5.875144435960158,5.875144435960158,0.8204651531695425,prox=0.926 head=0.500 conn=1.000 turn=1.000,,5.221600004006177,0.0,,,
471.7866339,1275.069598,476.93,1284.79,145.1319669777577,-37.90894297451234,topo,False,True,28533357#0,0,,False,471.78663390059955,1275.069597998634,471.78663390059955,1275.069597998634,478.08,1276.29,-37.908933116867765,145.13203880983528,6.41060355239822,6.41060355239822,6.405008113490382,0.8151469283994878,prox=0.913 head=0.500 conn=1.000 turn=1.000,,6.41669996548444,0.0,,,
477.7709816,1282.304613,476.93,1284.79,145.1320366666742,-37.90887888002193,topo,False,True,28533357#0,0,,False,477.7709816005081,1282.3046129988506,477.7709816005081,1282.3046129988506,478.08,1276.29,-37.908933116867765,145.13203880983528,6.022546130762977,6.022546130762977,2.812646676957153,0.8430294669591306,prox=0.983 head=0.500 conn=1.000 turn=1.000,,5.284699960611761,0.0,,,
475.7362837,1288.214475,477.3118565,1288.028709,145.1320148791262,-37.9088252752965,topo,False,True,28533357#0,0,,False,475.7362836992834,1288.2144750002772,475.7362836992834,1288.2144750002772,478.08,1276.29,-37.908933116867765,145.13203880983528,12.152617418913533,12.152617418913533,8.825910096164629,0.7864201393970577,prox=0.841 head=0.500 conn=1.000 turn=1.000,,5.397100001573563,0.0,,,
478.0171809,1294.462773,478.0697274,1294.456577,145.1320422358616,-37.90876940086211,topo,False,True,28533357#0,0,,False,478.01718090078793,1294.4627729998901,478.01718090078793,1294.4627729998901,478.08,1276.29,-37.908933116867765,145.13203880983528,18.172881575159277,18.172881575159277,14.949508831151888,0.6934289125834735,prox=0.609 head=0.500 conn=1.000 turn=1.000,,5.498400016222149,0.0,,,
479.4925256,1302.843308,479.064506,1302.893773,145.1320609194223,-37.9086941733143,topo,False,True,-1272942443#2,0,,False,479.49252560094465,1302.843307999894,479.49252560094465,1302.843307999894,479.0645060095248,1302.8937731918954,-37.90869364145195,145.1320560644576,0.43098434570522204,0.43098434570522204,0.43098434570522204,0.6198349251770576,prox=1.000 head=0.500 conn=0.100 turn=0.500,,5.156700033694506,0.0,,,
480.8408586,1312.132408,480.1834854,1312.212917,145.13207836584652,-37.908610738265224,topo,False,True,-1272942443#2,0,,False,480.84085859777406,1312.1324079986662,480.84085859777406,1312.1324079986662,479.09,1303.11,-37.9086916982311,145.13205640357884,9.190720968661624,9.190720968661624,4.10556048256486,0.8352943541875014,prox=0.963 head=0.500 conn=1.000 turn=1.000,,5.16040000366047,0.0,,,
482.7968747,1319.726018,481.1286354,1319.930327,145.1321023351348,-37.908542686277684,topo,False,True,-1272942443#1,0,,False,482.7968747005798,1319.726018000394,482.7968747005798,1319.726018000394,481.12863542710045,1319.9303270015828,-37.908540544693686,145.1320834143095,1.68070355552239,1.68070355552239,1.6807035555223901,0.8274969625944771,prox=0.994 head=0.500 conn=0.900 turn=1.000,,5.497499951161444,0.0,,,
484.386391,1329.440501,482.3242743,1329.693048,145.1321226205554,-37.908455462799694,topo,False,True,-1272942443#1,0,,False,484.3863910001237,1329.4405010007322,484.3863910001237,1329.4405010007322,482.32427434343026,1329.6930481030342,-37.90845281558415,145.13209923248098,2.0775238012339763,2.0775238012339763,2.0775238012339763,0.8461818021902568,prox=0.990 head=0.500 conn=1.000 turn=1.000,,5.468000017572194,0.0,,,
485.8438453,1338.927075,483.4904622,1339.215293,145.13214135250252,-37.908370268537865,topo,False,True,-1272942443#1,0,,False,485.84384530066745,1338.9270750004798,485.84384530066745,1338.9270750004798,483.49046223249843,1339.2152934543406,-37.90836724741746,145.13211466097826,2.370966415344283,2.370966415344283,2.370966415344283,0.8450342087010175,prox=0.988 head=0.500 conn=1.000 turn=1.000,,5.221999948844314,0.0,,,
488.5022528,1349.223895,484.7721613,1349.680719,145.1321739234061,-37.90827799214462,topo,False,True,-1272942443#1,0,,False,488.5022527994006,1349.2238949993625,488.5022527994006,1349.2238949993625,484.77216121818014,1349.6807187280788,-37.90827320370542,145.1321316176247,3.7579610327157313,3.7579610327157313,3.7579610327157313,0.8376418019576223,prox=0.969 head=0.500 conn=1.000 turn=1.000,,5.554800038225949,0.0,,,
492.4236756,1357.199581,485.78,1357.91,145.1322203254982,-37.90820685303073,topo,False,True,-1272942443#1,0,,False,492.4236756002065,1357.199581000954,492.4236756002065,1357.199581000954,485.78,1357.91,-37.90819925427911,145.13214495111632,6.68155076572685,6.68155076572685,6.68155076572685,0.8122221191117102,prox=0.906 head=0.500 conn=1.000 turn=1.000,,5.437899962998927,0.0,,,
495.9601828,1366.703132,486.0039295,1365.263893,145.1322626991894,-37.90812188104937,topo,False,True,1272942443#1,0,,False,495.96018280024873,1366.7031320007518,495.96018280024873,1366.7031320007518,487.99042008747085,1365.5425582600892,-37.9081308973311,145.1321718215466,8.05382201848912,8.05382201848912,8.05382201848912,0.7763058055444705,prox=0.866 head=0.500 conn=0.900 turn=1.000,,5.610499996691942,0.0,,,
496.0361873,1377.028582,485.3053289,1378.73971,145.1322659154094,-37.908028880630525,topo,False,True,1272942443#1,0,,False,496.036187299178,1377.028582001105,496.036187299178,1377.028582001105,487.2792781901661,1378.4265459664898,-37.908014706922515,145.132166671178,8.867793434220808,8.867793434220808,8.867793434220808,0.785866570154966,prox=0.840 head=0.500 conn=1.000 turn=1.000,,5.116899963468313,0.0,,,
501.9220752,1387.699555,487.1106644,1390.061362,145.13233526638675,-37.90793381621671,topo,False,True,1272942443#1,0,,False,501.92207520036027,1387.6995550012216,501.92207520036027,1387.6995550012216,489.0867456122285,1389.7486031327799,-37.90791304134375,145.13218980057775,12.997856895712177,12.997856895712177,12.997856895712175,0.7247970444872339,prox=0.687 head=0.500 conn=1.000 turn=1.000,,5.001200013794005,0.0,,,
500.604022,1395.907974,488.3544285,1397.861278,145.13232215040708,-37.90785963492252,topo,False,True,1272942443#1,0,,False,500.60402200114913,1395.9079740010202,500.60402200114913,1395.9079740010202,490.33182563074456,1397.5478403274167,-37.90784300866297,145.13220573330233,10.402268014265061,10.402268014265061,10.402268014265061,0.764506312494026,prox=0.786 head=0.500 conn=1.000 turn=1.000,,5.482300010044128,0.0,,,
504.0006814,1405.973356,491.1787143,1411.264962,145.13236306172985,-37.907769576543465,topo,False,True,1272942443#1,0,,False,504.00068140093936,1405.9733560001478,504.00068140093936,1405.9733560001478,492.68,1409.65,-37.90773441330905,145.13223518789505,11.902753399244407,11.902753399244407,11.902753399244407,0.7419638569811081,prox=0.730 head=0.500 conn=1.000 turn=1.000,,4.9638000200502574,0.0,,,
503.9163697,1412.936043,492.5040034,1415.852281,145.13236368909813,-37.90770683976173,topo,False,True,1272942443#1,0,,False,503.9163697005715,1412.9360429998487,503.9163697005715,1412.9360429998487,492.68,1409.65,-37.90773441330905,145.13223518789505,11.707009978844974,11.707009978844974,11.459869146880814,0.7487548124859235,prox=0.747 head=0.500 conn=1.000 turn=1.000,,5.111800041049719,0.0,,,
497.0367919,1417.84959,493.2609351,1418.814447,145.13228659052356,-37.90766133574821,topo,False,True,1272942443#1,0,,False,497.0367918970878,1417.8495899988338,497.0367918970878,1417.8495899988338,492.68,1409.65,-37.90773441330905,145.13223518789505,9.28519853226114,9.28519853226114,7.531753357193879,0.8026245387433079,prox=0.882 head=0.500 conn=1.000 turn=1.000,,5.0620000110939145,0.0,,,
495.2116133,1426.083739,493.1417578,1425.231445,145.1322677147041,-37.90758683113957,topo,False,True,1272942443#1,0,,False,495.21161330107134,1426.0837390003726,495.21161330107134,1426.0837390003726,492.68,1409.65,-37.90773441330905,145.13223518789505,16.627592833556076,16.627592833556076,14.507508053393257,0.7005750176345799,prox=0.626 head=0.500 conn=1.000 turn=1.000,,5.272200040053576,0.0,,,
489.4098469,1433.965083,488.1451384,1428.846025,145.13220354659035,-37.907514786968015,topo,False,True,-1272942443#0,0,,False,489.4098469010205,1433.9650830011815,489.4098469010205,1433.9650830011815,493.5,1419.75,-37.90764357807244,145.13224681165565,14.791819938857097,14.791819938857097,7.971692514234847,0.6473201692764646,prox=0.868 head=0.500 conn=0.500 turn=0.500,,5.149900040123612,0.0,,,
481.3095856,1438.204802,480.3647901,1430.075408,145.13211241621408,-37.9074751325339,topo,False,True,1209653411,0,,False,481.30958559940336,1438.2048019999638,481.30958559940336,1438.2048019999638,480.36479007459207,1430.0754075392235,-37.907548193542425,145.13209982237933,8.184112223205295,8.184112223205295,8.184112223205295,0.7746814941139594,prox=0.862 head=0.500 conn=0.900 turn=1.000,,5.453200021293014,0.0,,,
466.7370764,1433.414382,466.537183,1431.647844,145.13194564224543,-37.90751565539891,topo,False,True,1209653411,0,,False,466.7370763994986,1433.4143820004538,466.7370763994986,1433.4143820004538,477.83,1430.37,-37.90754508225759,145.13207107009063,11.503095921153042,11.503095921153042,4.826708825346128,0.8298183733485155,prox=0.950 head=0.500 conn=1.000 turn=1.000,,4.949100024532527,0.0,,,
454.5943196,1434.911206,454.3642938,1433.042414,145.13180792579166,-37.907499979661004,topo,False,True,1209653410,0,,False,454.5943195998552,1434.9112060004845,454.5943195998552,1434.9112060004845,454.36429377264324,1433.0424136489216,-37.90751677266367,145.13180488470962,1.8828958373857299,1.8828958373857299,1.8828958373857299,0.8268610065426986,prox=0.992 head=0.500 conn=0.900 turn=1.000,,4.861499997787178,0.0,,,
442.4691842,1436.462887,442.2319776,1434.535756,145.13167042224978,-37.90748381277975,topo,False,True,1209653410,0,,False,442.4691841993481,1436.4628870012239,442.4691841993481,1436.4628870012239,442.2319775418561,1434.5357556323959,-37.90750113001345,145.13166728620152,1.9416751301593542,1.9416751301593542,1.9416751301593542,0.8466627970176731,prox=0.992 head=0.500 conn=1.000 turn=1.000,,5.018900032155216,0.0,,,
430.4012506,1436.268973,430.3676643,1435.99611,145.1315331713487,-37.9074833808017,topo,False,True,1209653410,0,,False,430.40125060104765,1436.268973001279,430.40125060104765,1436.268973001279,430.3676644109392,1435.9961096626114,-37.90748583275544,145.1315327273099,0.2749225959334776,0.2749225959334776,0.2749225959334776,0.8499328212563014,prox=1.000 head=0.500 conn=1.000 turn=1.000,,5.170100019313395,0.0,,,
415.104785,1440.120866,414.8324458,1437.908308,145.13136013561203,-37.907445920111996,topo,False,True,1209653410,0,,False,415.10478499985766,1440.1208660006523,415.10478499985766,1440.1208660006523,414.83244575526396,1437.908307943604,-37.907465802183005,145.13135653500382,2.229255889294652,2.229255889294652,2.2292558892946523,0.8456068962399986,prox=0.989 head=0.500 conn=1.000 turn=1.000,,5.1318000187166035,0.0,,,
404.4142589,1439.37781,404.3915669,1439.193454,145.13123842010341,-37.90745068330738,topo,False,True,1209653410,0,,False,404.4142588976538,1439.377810000442,404.4142588976538,1439.377810000442,404.3915669385837,1439.193454356269,-37.90745233992883,145.13123812008945,0.18574694760573243,0.18574694760573243,0.18574694760573243,0.8499693327947283,prox=1.000 head=0.500 conn=1.000 turn=1.000,,5.15149999409914,0.0,,,
395.9850461,1442.126178,395.754914,1440.256522,145.13114321041883,-37.907424403177245,topo,False,True,1209653410,0,,False,395.9850460991729,1442.1261780010536,395.9850460991729,1442.1261780010536,395.7549140035956,1440.2565222964026,-37.90744120391713,145.13114016778516,1.8837657060655935,1.8837657060655935,1.8837657060655935,0.8468581169633363,prox=0.992 head=0.500 conn=1.000 turn=1.000,,5.195499979890883,0.0,,,
375.4958763,1443.386937,375.4186672,1442.759669,145.1309105458845,-37.90740934562029,topo,False,True,1209653410,0,,False,375.4958762989845,1443.386936998926,375.4958762989845,1443.386936998926,375.4186672024077,1442.7596693094551,-37.9074149822499,145.13090952506658,0.6320015813654595,0.6320015813654595,0.6320015813654595,0.8496451121925649,prox=0.999 head=0.500 conn=1.000 turn=1.000,,5.2281999960541725,0.0,,,
363.839385,1444.867675,363.7555832,1444.170951,145.1307783548315,-37.90739390141891,topo,False,True,1209653410,0,,False,363.83938500029035,1444.8676750008017,363.83938500029035,1444.8676750008017,372.41,1443.13,-37.90741110282,145.13087540240497,8.744996048121418,8.744996048121418,3.9855387553740313,0.8361267238122047,prox=0.965 head=0.500 conn=1.000 turn=1.000,,5.2770000183954835,0.0,,,
352.7059294,1447.383398,352.4865019,1445.507949,145.1306523464585,-37.90736922816335,topo,False,True,1147258794#0,0,,False,352.705929400865,1447.383398000151,352.705929400865,1447.383398000151,352.4865019003336,1445.5079492776608,-37.9073860830063,145.13064942410173,1.8882415996580413,1.8882415996580413,1.8882415996580413,0.8268432279168726,prox=0.992 head=0.500 conn=0.900 turn=1.000,,5.3032999858260155,0.0,,,
340.6594751,1448.35672,340.6960473,1446.219859,145.13051560616665,-37.90735828414997,topo,False,True,1147258794#0,0,,False,340.659475101158,1448.3567199995741,340.659475101158,1448.3567199995741,348.11,1446.02,-37.90738067976846,145.13059978217592,7.80836613029091,7.80836613029091,3.821174723142051,0.8372293078492455,prox=0.968 head=0.500 conn=1.000 turn=1.000,,5.251599999610335,0.0,,,
330.0232991,1448.921344,330.8540458,1444.93376,145.1303948068907,-37.90735127640804,topo,False,True,1147258794#2,0,,False,330.02329909952823,1448.9213440008461,330.02329909952823,1448.9213440008461,330.8540458592845,1444.9337595540176,-37.90738734757669,145.13040334283625,4.073201431237438,4.073201431237438,4.073201431237438,0.8155210227000076,prox=0.964 head=0.500 conn=0.900 turn=1.000,,5.339199968148023,0.0,,,
316.5734906,1441.69195,317.2628533,1440.413953,145.13024024074323,-37.90741397050802,topo,False,True,1147258794#2,0,,False,316.5734906006837,1441.6919500008225,316.5734906006837,1441.6919500008225,317.26285351310145,1440.4139530033724,-37.90742560755133,145.1302477870334,1.4520666480945803,1.4520666480945803,1.4520666480945803,0.8481301639812103,prox=0.995 head=0.500 conn=1.000 turn=1.000,,5.32639998709783,0.0,,,
305.4285499,1433.311363,307.976275,1431.575725,145.13011161704304,-37.907487451075255,topo,False,True,1147258794#2,0,,False,305.42854990053456,1433.3113630004227,305.42854990053456,1433.3113630004227,313.9,1438.6,-37.90744134046812,145.13020913938215,9.98674862510464,9.98674862510464,6.013773823693152,0.8191107828643515,prox=0.923 head=0.500 conn=1.000 turn=1.000,,5.356899986509234,0.0,,,
297.0604525,1420.276327,296.5019474,1421.425252,145.13001350297813,-37.90760336161484,topo,False,True,5094886#1,0,,False,297.06045249977615,1420.2763269999996,297.06045249977615,1420.2763269999996,303.28,1425.66,-37.90755598809257,145.13008544413069,8.225977515072286,8.225977515072286,3.3561863604122095,0.690111839179,prox=0.975 head=0.500 conn=0.500 turn=0.500,,6.512199994176626,0.0,,,
287.927023,1419.860716,288.1086715,1418.600529,145.1299095653306,-37.90760545509013,topo,False,True,5094886#2,0,,False,287.92702299921075,1419.8607160001993,287.92702299921075,1419.8607160001993,288.10867154246876,1418.6005292313469,-37.90761683996666,145.12991134317036,1.2732112494235073,1.2732112494235073,1.273211249423507,0.8285616439586062,prox=0.996 head=0.500 conn=0.900 turn=1.000,,5.311399989295751,0.0,,,
278.1815983,1420.716308,277.7489454,1418.869619,145.1297989595295,-37.907595986587154,topo,False,True,5094886#2,0,,False,278.18159829918295,1420.7163080004975,278.18159829918295,1420.7163080004975,277.74894533550764,1418.8696185213953,-37.90761254379903,145.12979361925272,1.8966946562912737,1.8966946562912737,1.8966946562912737,0.846815014000848,prox=0.992 head=0.500 conn=1.000 turn=1.000,,5.00940001802519,0.0,,,
268.9183396,1424.977404,267.9475504,1423.445485,145.1296946125698,-37.907555927566094,topo,False,True,5094886#2,0,,False,268.91833960078657,1424.9774040002376,268.91833960078657,1424.9774040002376,267.94755041976714,1423.4454849025296,-37.90756955199205,145.12968322571803,1.8136173124192114,1.8136173124192114,1.1971882933242872,0.848728018000776,prox=0.997 head=0.500 conn=1.000 turn=1.000,,5.18560002092272,0.0,,,
261.8516459,1430.831872,261.5907685,1426.625224,145.12961560308494,-37.90750191200004,topo,False,True,5094886#3,0,,False,261.8516458970844,1430.831872000359,261.8516458970844,1430.831872000359,261.42,1430.7,-37.907503021918714,145.12961066539728,0.4513406750431856,0.4513406750431856,0.37637403619166493,0.829874102114677,prox=1.000 head=0.500 conn=0.900 turn=1.000,,5.325399979483336,0.0,,,
251.4426413,1421.91827,251.4359245,1421.924408,145.12949522428613,-37.90758032640258,topo,False,True,5094886#3,0,,False,251.44264130061492,1421.918270001188,251.44264130061492,1421.918270001188,261.42,1430.7,-37.907503021918714,145.12961066539728,13.29159389946263,13.29159389946263,13.29159389946263,0.7201216451512839,prox=0.675 head=0.500 conn=1.000 turn=1.000,,5.354000022634864,0.0,,,
251.7787016,1410.822969,248.9720735,1411.222061,145.12949651398677,-37.90768033613389,topo,False,True,985461732,0,,False,251.778701600153,1410.8229689998552,251.778701600153,1410.8229689998552,252.3,1422.87,-37.907571907968645,145.12950518916614,12.05830452178621,12.05830452178621,6.776100179865665,0.6611993521335933,prox=0.903 head=0.500 conn=0.500 turn=0.500,,5.897099967114627,0.0,,,
248.7183179,1400.988832,247.5246329,1401.161334,145.12945947532455,-37.90776837110208,topo,False,True,-10539447#1,0,,False,248.71831789950375,1400.9888319997117,248.71831789950375,1400.9888319997117,248.74,1409.59,-37.907690893751166,145.1294616840521,8.601195328712404,8.601195328712404,6.570500846160219,0.7934086366236365,prox=0.909 head=0.500 conn=0.900 turn=1.000,,5.328400002326816,0.0,,,
248.9675343,1387.39599,245.6055873,1387.881831,145.1294592078159,-37.90789086354684,topo,False,True,-10539447#0,0,,False,248.96753430075478,1387.3959900001064,248.96753430075478,1387.3959900001064,245.605587301197,1387.8818312101914,-37.907885879290106,145.1294210947401,3.3968705169983147,3.3968705169983147,3.3968705169983147,0.8198737334903076,prox=0.975 head=0.500 conn=0.900 turn=1.000,,5.703400005586445,0.0,,,
247.1318233,1375.931151,243.9451223,1376.391667,145.12943572099513,-37.907993809596185,topo,False,True,-10539447#0,0,,False,247.13182329956908,1375.9311510007828,247.13182329956908,1375.9311510007828,243.945122325147,1376.3916670820286,-37.90798908514246,145.12939959456645,3.2198040563780506,3.2198040563780506,3.2198040563780506,0.8408901062530293,prox=0.977 head=0.500 conn=1.000 turn=1.000,,5.002399964723736,0.0,,,
244.6890716,1363.55454,242.143173,1363.922453,145.12940512427363,-37.90810485935731,topo,False,True,-10539447#0,0,,False,244.68907160073286,1363.554540000856,244.68907160073286,1363.554540000856,242.14317295486913,1363.92245254648,-37.90810108491945,145.12937626233787,2.572345147183461,2.572345147183461,2.572345147183461,0.8441612906013266,prox=0.985 head=0.500 conn=1.000 turn=1.000,,4.848600015975535,0.0,,,
240.9224136,1348.967768,240.0012804,1349.100883,145.1293589708858,-37.90823557942028,topo,False,True,-10539447#0,0,,False,240.9224135974655,1348.9677680004388,240.9224135974655,1348.9677680004388,240.00128034305533,1349.1008826792338,-37.90823421378473,145.1293485283122,0.93070188035211,0.93070188035211,0.93070188035211,0.8492307796943613,prox=0.998 head=0.500 conn=1.000 turn=1.000,,5.182399996556342,0.0,,,
238.6681106,1332.424314,237.6133457,1332.57674,145.1293295658462,-37.908384199075805,topo,False,True,-10539447#0,0,,False,238.668110603292,1332.4243139997125,238.668110603292,1332.4243139997125,237.61334577318655,1332.5767400259053,-37.90838263531974,145.12931760831387,1.0657216054337733,1.0657216054337733,1.0657216054337733,0.8489917062575064,prox=0.997 head=0.500 conn=1.000 turn=1.000,,5.164999980479479,0.0,,,
236.7243891,1322.123897,236.1155017,1322.211888,145.12930511628906,-37.90847663618215,topo,False,True,-10539447#0,0,,False,236.72438909701305,1322.123897000216,236.72438909701305,1322.123897000216,236.11550180359296,1322.2118884347863,-37.90847573346646,145.12929821351977,0.6152123443545122,0.6152123443545122,0.6152123443545122,0.8496637092403853,prox=0.999 head=0.500 conn=1.000 turn=1.000,,5.14710001880303,0.0,,,
235.2652209,1309.831686,234.3699324,1309.955195,145.1292857214317,-37.90858710340184,topo,False,True,-10539447#0,0,,False,235.26522089913487,1309.831686001271,235.26522089913487,1309.831686001271,234.91,1313.87,-37.90855066114896,145.1292826040717,4.053906984565857,4.053906984565857,1.7534235358824937,0.8472764309500395,prox=0.993 head=0.500 conn=1.000 turn=1.000,,5.293299967888743,0.0,,,
231.7416228,1293.572242,232.1363466,1293.519982,145.12924194936596,-37.908732935138026,topo,False,True,-4577073#9,0,,False,231.7416228003567,1293.5722420001402,231.7416228003567,1293.5722420001402,232.13634662094265,1293.519981674847,-37.9087334772679,145.12924642533537,0.3981683515018649,0.3981683515018649,0.3981683515018649,0.8298591021223048,prox=1.000 head=0.500 conn=0.900 turn=1.000,,5.408799974247813,0.0,,,
231.7991545,1282.376961,230.6806482,1282.525048,145.1292400490734,-37.908833795135365,topo,False,True,-4577073#9,0,,False,231.7991544995457,1282.3769610002637,231.7991544995457,1282.3769610002637,230.68064829156137,1282.5250480809598,-37.90883225893152,145.12922736575925,1.12826677730427,1.12826677730427,1.1282667773042698,0.8488700559382664,prox=0.997 head=0.500 conn=1.000 turn=1.000,,5.663400050252676,0.0,,,
229.9978889,1269.091913,228.8316693,1269.256672,145.12921653790673,-37.90895314418582,topo,False,True,-4577073#9,0,,False,229.99788890237687,1269.0919129997492,229.99788890237687,1269.0919129997492,228.83166928857509,1269.2566721705666,-37.9089514491673,145.12920331588796,1.1778003956462382,1.1778003956462382,1.1778003956462382,0.8487688197445705,prox=0.997 head=0.500 conn=1.000 turn=1.000,,5.570199980866164,0.0,,,
227.4317213,1257.723872,227.2068464,1257.755641,145.1291847673245,-37.90905508611837,topo,False,True,-4577073#9,0,,False,227.4317213020404,1257.7238720003515,227.4317213020404,1257.7238720003515,227.20684643631597,1257.7556414852547,-37.90905475927784,145.1291822178016,0.22710791577042763,0.22710791577042763,0.22710791577042763,0.849954155511431,prox=1.000 head=0.500 conn=1.000 turn=1.000,,5.1704999641515315,0.0,,,
228.2622209,1244.995171,225.4600236,1245.391055,145.1291913055021,-37.909169899237305,topo,False,True,-4577073#9,0,,False,228.26222090038937,1244.995171001181,228.26222090038937,1244.995171001181,225.46002363319684,1245.3910550120017,-37.90916582642826,145.12915953549128,2.830023617266254,2.830023617266254,2.830023617266254,0.8429438374866701,prox=0.982 head=0.500 conn=1.000 turn=1.000,,4.863400012254715,0.0,,,
226.0159884,1232.237242,223.6489456,1232.571649,145.12916285522604,-37.90928441941698,topo,False,True,-4577073#9,0,,False,226.01598839927465,1232.2372420001775,226.01598839927465,1232.2372420001775,223.6489456172161,1232.5716490033233,-37.90928097906937,145.12913601875456,2.39054796560295,2.39054796560295,2.3905479656029502,0.8449523679939382,prox=0.987 head=0.500 conn=1.000 turn=1.000,,5.307199957314879,0.0,,,
222.2310967,1219.606263,221.8253425,1219.663586,145.12911693956494,-37.90939751781488,topo,False,True,-4577073#9,0,,False,222.23109669983387,1219.6062629986554,222.23109669983387,1219.6062629986554,221.8253425326565,1219.6635864387251,-37.909396928075246,145.12911233929907,0.4097833829759709,0.4097833829759709,0.4097833829759709,0.8498507634721634,prox=1.000 head=0.500 conn=1.000 turn=1.000,,5.321499949786812,0.0,,,
220.1764105,1201.975983,219.3431351,1202.093705,145.12908955508246,-37.90955596381664,topo,False,True,-4577073#9,0,,False,220.17641050019301,1201.975982999429,220.17641050019301,1201.975982999429,219.34313501968984,1202.093705061042,-37.9095547526972,145.12908010774464,0.8415500639880028,0.8415500639880028,0.8415500639880028,0.8493709782066875,prox=0.998 head=0.500 conn=1.000 turn=1.000,,5.3174999775364995,0.0,,,
218.1049826,1188.239862,217.4082027,1188.33771,145.12906286875648,-37.90967932733121,topo,False,True,-4577073#9,0,,False,218.10498260013992,1188.2398619996384,218.10498260013992,1188.2398619996384,218.81,1198.32,-37.90958865067999,145.12907318494732,10.104762819603366,10.104762819603366,1.8264131559122185,0.8470458207433585,prox=0.993 head=0.500 conn=1.000 turn=1.000,,5.365199991501868,0.0,,,
216.3818146,1175.192081,215.5780334,1175.304955,145.12904029908242,-37.90979655308191,topo,False,True,-4577073#4,0,,False,216.38181459892076,1175.1920809997246,216.38181459892076,1175.1920809997246,214.68,1168.91,-37.90985283576427,145.1290195160794,6.508510936934743,6.508510936934743,1.4741822332535874,0.8280729119319297,prox=0.995 head=0.500 conn=0.900 turn=1.000,,5.2980000036768615,0.0,,,
215.3275147,1162.865344,213.9109307,1163.051299,145.1290254988281,-37.90990740443432,topo,False,True,-4577073#4,0,,False,215.3275147015229,1162.865344000049,215.3275147015229,1162.865344000049,213.91093063033586,1163.0512984137824,-37.9099054731917,145.12900943486665,1.428737020843162,1.428737020843162,1.4287370208431622,0.8481896296711414,prox=0.995 head=0.500 conn=1.000 turn=1.000,,5.4979000124149024,0.0,,,
215.2371577,1149.079267,212.1303632,1149.487095,145.12902132542894,-37.91003157612402,topo,False,True,-4577073#4,0,,False,215.23715769918635,1149.0792670007795,215.23715769918635,1149.0792670007795,212.13036313100073,1149.4870946576534,-37.91002734059566,145.12898609454456,3.133447923074346,3.133447923074346,3.133447923074346,0.841366972086156,prox=0.978 head=0.500 conn=1.000 turn=1.000,,5.236800003331155,0.0,,,
211.4575709,1135.481743,210.311623,1135.632173,145.1289752487797,-37.91015338224462,topo,False,True,-4577073#4,0,,False,211.45757090079132,1135.4817430004478,211.45757090079132,1135.4817430004478,210.3116229940337,1135.6321726169704,-37.910151819942904,145.12896225377133,1.15577924991293,1.15577924991293,1.15577924991293,0.8488143600580459,prox=0.997 head=0.500 conn=1.000 turn=1.000,,5.367900012061,0.0,,,
208.4431729,1122.593368,208.5973505,1122.573129,145.1289380339624,-37.91026893852722,topo,False,True,-4577073#4,0,,False,208.44317290035542,1122.593368000351,208.44317290035542,1122.593368000351,208.59735054102927,1122.5731289622356,-37.91026914872228,145.12893978233396,0.15550036510435172,0.15550036510435172,0.15550036510435172,0.8499785069209745,prox=1.000 head=0.500 conn=1.000 turn=1.000,,5.327999999281019,0.0,,,
210.1700179,1109.071683,206.9073084,1109.489282,145.1289545822211,-37.91039105707487,topo,False,True,-4577073#3,0,,False,210.1700179008767,1109.0716829998419,210.1700179008767,1109.0716829998419,206.90730831990157,1109.4892814342452,-37.91038670531318,145.1289175806535,3.2893255026225345,3.2893255026225345,3.2893255026225345,0.8204972211776149,prox=0.976 head=0.500 conn=0.900 turn=1.000,,5.35900000249967,0.0,,,
208.7476217,1093.240803,204.8908256,1093.734439,145.12893479672013,-37.910533407931894,topo,False,True,-4577073#3,0,,False,208.7476216998184,1093.2408029995859,208.7476216998184,1093.2408029995859,204.8908256291654,1093.7344393349522,-37.91052826377433,145.12889105768556,3.8882583198905976,3.8882583198905976,3.8882583198905976,0.8367845281596907,prox=0.967 head=0.500 conn=1.000 turn=1.000,,5.234199983533472,0.0,,,
206.2121928,1081.706447,203.3978563,1082.066381,145.1289033365223,-37.910636853494346,topo,False,True,-4577073#3,0,,False,206.21219280082732,1081.7064469987527,206.21219280082732,1081.7064469987527,203.39785620532416,1082.0663804244869,-37.910633102248006,145.12887141967371,2.83725968916296,2.83725968916296,2.8372596891629596,0.8429080298237562,prox=0.982 head=0.500 conn=1.000 turn=1.000,,4.99450002098456,0.0,,,
204.0740031,1068.301282,201.6766121,1068.607891,145.1288759658718,-37.91075722353065,topo,False,True,-4577073#3,0,,False,204.07400310004596,1068.301282000728,204.07400310004596,1068.301282000728,201.67661213525523,1068.6078910766148,-37.9107540280268,145.1288487774803,2.416917988570655,2.416917988570655,2.416917988570655,0.8448411185725616,prox=0.987 head=0.500 conn=1.000 turn=1.000,,5.213199998252094,0.0,,,
203.6367728,1054.885652,199.9814254,1055.353145,145.1288679327,-37.910877995400135,topo,False,True,-4577073#3,0,,False,203.6367727991892,1054.8856520010158,203.6367727991892,1054.8856520010158,199.98142532377702,1055.353144674485,-37.91087312314782,145.128826477978,3.685120698939132,3.685120698939132,3.6851206989391323,0.838109111284124,prox=0.970 head=0.500 conn=1.000 turn=1.000,,4.899399995338172,0.0,,,
201.8868718,1040.448844,198.1320436,1040.933338,145.12884474129154,-37.91100772889753,topo,False,True,-4577073#3,0,,False,201.88687179901171,1040.4488440006971,201.88687179901171,1040.4488440006971,198.72,1045.49,-37.9109617444085,145.1288098843822,5.953346185187206,5.953346185187206,5.7146533699805415,0.8219996268731479,prox=0.930 head=0.500 conn=1.000 turn=1.000,,5.384499963838607,0.0,,,
197.6288879,1027.363995,196.3907349,1027.528904,145.12879334128223,-37.91112483010925,topo,False,True,-4577073#2,0,,False,197.62888789980207,1027.3639949997887,197.62888789980207,1027.3639949997887,197.21,1033.68,-37.91106785841185,145.12879002007892,6.329880428198901,6.329880428198901,3.1310137324003633,0.8213802343409199,prox=0.978 head=0.500 conn=0.900 turn=1.000,,5.856900010257959,0.0,,,
195.8074354,1015.421907,194.7513822,1015.568117,145.1287699055111,-37.911232077661744,topo,False,True,-4577073#1,0,,False,195.80743540078402,1015.4219070002437,195.80743540078402,1015.4219070002437,194.7513822141055,1015.5681172177591,-37.91123056959806,145.12875793146682,1.0661265219474554,1.0661265219474554,1.0661265219474554,0.8289909408852967,prox=0.997 head=0.500 conn=0.900 turn=1.000,,4.957400029525161,0.0,,,
196.6879654,1001.584737,192.8882225,1002.11081,145.12877675894052,-37.911356885128505,topo,False,True,-4577073#1,0,,False,196.6879654005752,1001.5847369991243,196.6879654005752,1001.5847369991243,192.88822246377546,1002.1108101631471,-37.911351459019656,145.12873367553786,3.835987403480938,3.835987403480938,3.835987403480938,0.8371317184895785,prox=0.968 head=0.500 conn=1.000 turn=1.000,,4.961099999491125,0.0,,,
193.5816436,989.8197648,191.2688934,990.1289573,145.1287387543634,-37.91146230482216,topo,False,True,-4577073#1,0,,False,193.58164359949296,989.8197647994384,193.58164359949296,989.8197647994384,191.26889336800713,990.1289573057062,-37.911459101314605,145.1287125286859,2.3333267321937443,2.3333267321937443,2.3333267321937443,0.8451896791936627,prox=0.988 head=0.500 conn=1.000 turn=1.000,,5.09970000712201,0.0,,,
191.5594067,976.3335609,189.4620673,976.6139551,145.12871268298574,-37.91158342577397,topo,False,True,-4577073#1,0,,False,191.55940669728443,976.3335609007627,191.55940669728443,976.3335609007627,189.46206729413936,976.6139550469718,-37.9115805206369,145.12868889994456,2.1159993972620272,2.1159993972620272,2.1159993972620272,0.8460397759601802,prox=0.990 head=0.500 conn=1.000 turn=1.000,,4.866900038905442,0.0,,,
190.2846077,964.3413904,187.8645964,964.6649227,145.12869545102893,-37.911691223307834,topo,False,True,-4577073#1,0,,False,190.2846076998394,964.3413904001936,190.2846076998394,964.3413904001936,187.86459636420102,964.6649226865061,-37.911687871215186,145.1286680089705,2.441542136622838,2.441542136622838,2.441542136622838,0.8447361614326961,prox=0.987 head=0.500 conn=1.000 turn=1.000,,4.883099987637252,0.0,,,
188.5870044,950.8163628,186.0583714,951.1544168,145.12867306176307,-37.911812752682295,topo,False,True,-4577073#1,0,,False,188.587004399742,950.8163627991453,188.587004399742,950.8163627991453,186.05837140658255,951.1544167584282,-37.91180925012498,145.1286443879285,2.5511301992413764,2.5511301992413764,2.5511301992413764,0.8442565089247126,prox=0.986 head=0.500 conn=1.000 turn=1.000,,5.264399980660528,0.0,,,
185.1537997,938.3974825,184.3669551,938.502676,145.12863119078943,-37.911924003753406,topo,False,True,-4577073#1,0,,False,185.1537997032283,938.3974825004116,185.1537997032283,938.3974825004116,184.3669551181884,938.502676068649,-37.91192291384623,145.12862226822762,0.7938451283500485,0.7938451283500485,0.7938451283500484,0.8494402230866166,prox=0.999 head=0.500 conn=1.000 turn=1.000,,5.184199952054769,0.0,,,
184.1232992,925.5835417,182.6658402,925.77839,145.1286165487521,-37.91203924812998,topo,False,True,-4577073#1,0,,False,184.12329919985496,925.5835416996852,184.12329919985496,925.5835416996852,182.66584020595198,925.7783899772779,-37.91203722931003,145.12860002161594,1.4704259825606798,1.4704259825606798,1.4704259825606798,0.8480826964071616,prox=0.995 head=0.500 conn=1.000 turn=1.000,,5.481999949552119,0.0,,,
182.5205476,913.6550178,181.0709702,913.8488124,145.12859560215475,-37.91214641298163,topo,False,True,-4577073#1,0,,False,182.52054759883322,913.6550178006291,182.52054759883322,913.6550178006291,181.0709701918713,913.8488123857019,-37.91214440507548,145.12857916437028,1.462474273270447,1.462474273270447,1.4624742732704468,0.8481033278607865,prox=0.995 head=0.500 conn=1.000 turn=1.000,,5.4290000116452575,0.0,,,
180.7248878,902.7748729,179.6485474,902.7784135,145.12857270139958,-37.91224409891392,topo,False,True,-4577073#1,0,,False,180.72488780075219,902.7748728999868,180.72488780075219,902.7748728999868,179.64854741280715,902.7784134933682,-37.912243872355745,145.12856046395794,1.0763462112736624,1.0763462112736624,1.0763462112736624,0.8489715278719611,prox=0.997 head=0.500 conn=1.000 turn=1.000,,5.18560002092272,0.0,,,
181.0314062,889.8981747,179.7545015,889.8472118,145.12857324711186,-37.91236015041537,topo,False,True,-4577073#1,0,,False,181.0314061989775,889.8981746993959,181.0314061989775,889.8981746993959,179.63,897.14,-37.91229466104207,145.1285589659308,7.376176043113539,7.376176043113539,3.5497624715127545,0.8389546434862717,prox=0.972 head=0.500 conn=1.000 turn=1.000,,5.253300012554973,0.0,,,
179.7614997,874.1097759,179.304569,874.1361298,145.12855520373995,-37.91250214602923,topo,False,True,1162333280#0,0,,False,179.76149969990365,874.1097758989781,179.76149969990365,874.1097758989781,183.28865499971567,874.0025754784501,-37.91250374962525,145.12859528401583,3.5287839887351304,3.5287839887351304,3.5287839887351304,0.8190830172483153,prox=0.973 head=0.500 conn=0.900 turn=1.000,,5.413499951828271,0.0,,,
178.4770128,866.1653713,178.843628,866.1442264,145.1285387851755,-37.91257347861732,topo,False,True,1162333280#0,0,,False,178.47701279912144,866.1653713006526,178.47701279912144,866.1653713006526,183.0462390458885,866.0264993391127,-37.91257555598938,145.12859070691079,4.571336119325188,4.571336119325188,4.571336119325188,0.831849486354621,prox=0.955 head=0.500 conn=1.000 turn=1.000,,5.31589996535331,0.0,,,
178.8677529,852.4028305,178.3683069,852.4140408,145.12854008621645,-37.91269752520376,topo,False,True,1162333280#1,0,,False,178.86775289999787,852.4028305001557,178.86775289999787,852.4028305001557,182.54190811871283,852.2553860933309,-37.91269951792014,145.12858182884557,3.6771125117834336,3.6771125117834336,3.6771125117834336,0.8181599639306385,prox=0.970 head=0.500 conn=0.900 turn=1.000,,5.284699960611761,0.0,,,
185.7690031,833.117535,185.0792351,831.827511,145.1286141531786,-37.912872499425305,topo,False,True,1162333280#1,0,,False,185.76900309685152,833.1175349997357,185.76900309685152,833.1175349997357,185.29,843.73,-37.91277681343544,145.12861112935096,10.62326961667779,10.62326961667779,9.753450954728816,0.7737802287371812,prox=0.809 head=0.500 conn=1.000 turn=1.000,,5.468900024425238,0.0,,,
200.7170259,830.5796513,201.003162,829.203238,145.12878353797433,-37.91289806452941,topo,False,True,725249377#0,0,,False,200.7170258971164,830.5796513007954,200.7170258971164,830.5796513007954,202.148393794399,836.0715168532773,-37.912848851467885,145.1288010666694,5.675332704248195,5.675332704248195,5.675332704248195,0.8023700432497608,prox=0.931 head=0.500 conn=0.900 turn=1.000,,4.804599971976131,0.0,,,
213.6206251,829.0900828,213.8564537,826.5018637,145.12892991635678,-37.91291381626294,topo,False,True,725249377#0,0,,False,213.6206251005642,829.0900828009471,213.6206251005642,829.0900828009471,214.23249885675207,833.9303137205188,-37.91287032505924,145.12893797830452,4.878752386449768,4.878752386449768,4.878752386449768,0.8293922817966716,prox=0.948 head=0.500 conn=1.000 turn=1.000,,5.0057999906130135,0.0,,,
226.3660422,826.9315027,226.082292,825.0177656,145.12907434353951,-37.9129355658163,topo,False,True,725249377#0,0,,False,226.36604219989385,826.9315027007833,226.36604219989385,826.9315027007833,227.04602399047354,832.3105026239292,-37.91288723356734,145.12908330277597,5.421809237581449,5.421809237581449,5.012810320772345,0.8282759489961712,prox=0.946 head=0.500 conn=1.000 turn=1.000,,5.366500001400709,0.0,,,
239.2908637,824.8796445,239.0267709,823.0984854,145.12922083506078,-37.91295638625615,topo,False,True,725249377#0,0,,False,239.29086370114237,824.8796444991603,239.29086370114237,824.8796444991603,227.05,832.31,-37.91288723881398,145.12908334786988,14.319529566951628,14.319529566951628,4.425592635670687,0.8329637706714667,prox=0.957 head=0.500 conn=1.000 turn=1.000,,5.598800024017692,0.0,,,
250.4410127,822.5648999,250.3157184,821.5662212,145.12934708802013,-37.91297925382192,topo,False,True,1470433046#1,0,,False,250.4410126983421,822.5648998999968,250.4410126983421,822.5648998999968,244.04,822.35,-37.912980032459984,145.12927425716657,6.404619077771562,6.404619077771562,4.605343253765418,0.8115847675996606,prox=0.954 head=0.500 conn=0.900 turn=1.000,,5.455099977552891,0.0,,,
261.3573332,819.603221,261.4286906,820.1719864,145.12947053473357,-37.913007906709886,topo,False,True,1470433046#2,0,,False,261.35733319912106,819.6032210011035,261.35733319912106,819.6032210011035,261.42869057170407,820.1719863669242,-37.91300279604666,145.12947147587104,0.5732241411342511,0.5732241411342511,0.5732241411342511,0.829708030240048,prox=0.999 head=0.500 conn=0.900 turn=1.000,,5.306700011715293,0.0,,,
272.3272402,819.9039277,272.1914622,818.8216877,145.12959533519268,-37.91300718087267,topo,False,True,1470433046#2,0,,False,272.3272402002476,819.9039276996627,272.3272402002476,819.9039276996627,272.1914622387299,818.8216877129937,-37.91301690538428,145.12959354442347,1.090724091408685,1.090724091408685,1.090724091408685,0.8489439041487142,prox=0.997 head=0.500 conn=1.000 turn=1.000,,5.190500000026077,0.0,,,
283.3237689,817.156136,283.3569812,817.4208603,145.12971974285392,-37.91303392125836,topo,False,True,1470433046#2,0,,False,283.32376890059095,817.1561359995976,283.32376890059095,817.1561359995976,283.35698124733534,817.4208603281717,-37.913031542566536,145.12972018088615,0.26679960666248626,0.26679960666248626,0.26679960666248626,0.8499367320884056,prox=1.000 head=0.500 conn=1.000 turn=1.000,,5.3996999631635845,0.0,,,
294.5708206,815.7153717,294.6077023,816.0093435,145.12984729732273,-37.91304893280257,topo,False,True,1470433046#2,0,,False,294.57082060328685,815.7153717009351,294.57082060328685,815.7153717009351,294.60770233870727,816.0093434795916,-37.91304629130586,145.1298477837455,0.29627633900485667,0.29627633900485667,0.29627633900485667,0.8499219812371562,prox=1.000 head=0.500 conn=1.000 turn=1.000,,5.254200019408017,0.0,,,
305.2803713,815.5376825,305.1732418,814.6837896,145.12996902838645,-37.91305246901049,topo,False,True,1470433046#2,0,,False,305.280371296918,815.5376824997365,305.280371296918,815.5376824997365,305.17324178941175,814.683789603721,-37.913060141705444,145.129967615498,0.8605868981365503,0.8605868981365503,0.8605868981365503,0.8493422216037382,prox=0.998 head=0.500 conn=1.000 turn=1.000,,4.999500000849366,0.0,,,
316.4872991,814.5747151,316.3143736,813.2714029,145.13009623571045,-37.91306316893522,topo,False,True,1470433046#2,0,,False,316.4872991006123,814.5747151011601,316.4872991006123,814.5747151011601,314.29,813.54,-37.91307209279584,145.13007101556977,2.4287360247915664,2.4287360247915664,2.4022200330634744,0.8449032727514086,prox=0.987 head=0.500 conn=1.000 turn=1.000,,5.171100026927888,0.0,,,
326.9801326,812.9475787,326.8138136,811.807504,145.1302151720666,-37.91307972266792,topo,False,True,1470433046#3,0,,False,326.9801325989538,812.947578699328,326.9801325989538,812.947578699328,326.81381362741257,811.8075039614451,-37.913089962660486,145.13021302092227,1.1521425294872112,1.1521425294872112,1.1521425294872112,0.8288217986943477,prox=0.997 head=0.500 conn=0.900 turn=1.000,,5.318200041074306,0.0,,,
338.3398423,811.7332669,338.11744,810.1731309,145.130344059349,-37.91309271410091,topo,False,True,1470433046#3,0,,False,338.3398422995815,811.7332669002935,338.3398422995815,811.7332669002935,333.72,810.8,-37.913100286411705,145.1302913171159,4.713165600759839,4.713165600759839,4.271933996920347,0.8341028211960203,prox=0.960 head=0.500 conn=1.000 turn=1.000,,4.835300031118095,0.0,,,
350.5821083,810.7296699,350.2604905,808.4518121,145.1304830297427,-37.91310396668441,topo,False,True,1360476884,0,,False,350.5821083005285,810.7296699015424,350.5821083005285,810.7296699015424,350.26049054337193,808.4518121364812,-37.91312442802788,145.13047885335203,2.3004508209409633,2.3004508209409633,2.3004508209409633,0.8253234864218969,prox=0.988 head=0.500 conn=0.900 turn=1.000,,4.839499946683645,0.0,,,
361.9218378,808.3952312,361.7017398,806.8363869,145.13061143451355,-37.91312704457076,topo,False,True,1360476884,0,,False,361.92183780216146,808.3952312003821,361.92183780216146,808.3952312003821,361.7017397719269,806.8363869012458,-37.91314104722605,145.13060857643808,1.5743057809279128,1.5743057809279128,1.5743057809279128,0.8478029990854287,prox=0.995 head=0.500 conn=1.000 turn=1.000,,6.331899960059673,0.0,,,
372.7158251,806.7776112,372.4451416,805.2801202,145.13073379751663,-37.91314356646606,topo,False,True,1360476884,0,,False,372.7158250999055,806.7776111997664,372.7158250999055,806.7776111997664,372.44514159173406,805.2801201787537,-37.913157007302416,145.1307303782765,1.5217584958230628,1.5217584958230628,1.5217584958230628,0.8479468439291181,prox=0.995 head=0.500 conn=1.000 turn=1.000,,5.418599990662187,0.0,,,
385.3227822,804.3996266,385.1189043,803.2770699,145.1308766013995,-37.91316726526346,topo,False,True,1470433048,0,,False,385.3227821966866,804.3996266014874,385.3227821966866,804.3996266014874,385.118904283783,803.2770699003195,-37.91317734067929,145.13087402727734,1.1409205716030058,1.1409205716030058,1.1409205716030058,0.8288446054459124,prox=0.997 head=0.500 conn=0.900 turn=1.000,,5.0448999973014,0.0,,,
396.6316222,803.121653,396.2913205,801.247944,145.13100489605768,-37.91318082027007,topo,False,True,1470433048,0,,False,396.6316221989691,803.1216529998928,396.6316221989691,803.1216529998928,396.2913205587035,801.2479439685505,-37.91319763759756,145.1310005995043,1.9043609795679846,1.9043609795679846,1.9043609795679846,0.8467893187491701,prox=0.992 head=0.500 conn=1.000 turn=1.000,,5.015399947296828,0.0,,,
405.9829333,800.4300335,405.42,799.59,145.13111061059553,-37.91320675602353,topo,False,True,1470433048,0,,False,405.98293330078013,800.4300335012376,405.98293330078013,800.4300335012376,405.42,799.59,-37.913214221561226,145.13110401830644,1.011212235056863,1.011212235056863,1.011212235056863,0.8490920984211779,prox=0.998 head=0.500 conn=1.000 turn=1.000,,4.903900029603392,0.0,,,
409.0103619,795.4063401,408.5519489,795.2690907,145.1311438884221,-37.9132525573874,topo,False,True,1470433048,0,,False,409.0103619011352,795.4063401008025,409.0103619011352,795.4063401008025,405.76,799.27,-37.913217165603044,145.13110781129214,5.049031620520714,5.049031620520714,1.8070718068947895,0.8471078322319444,prox=0.993 head=0.500 conn=1.000 turn=1.000,,5.368000012822449,0.0,,,
404.3935659,796.3727691,406.5874438,798.3535275,145.13109161387075,-37.913243017715125,topo,False,True,1470433048,0,,False,404.39356590108946,796.3727690996602,404.39356590108946,796.3727690996602,405.76,799.27,-37.913217165603044,145.13110781129214,3.2032934671286357,3.2032934671286357,3.037395413729575,0.8418828072510108,prox=0.980 head=0.500 conn=1.000 turn=1.000,,5.606899969279766,0.0,,,
392.9754148,797.5923992,391.9501521,795.8214909,145.1309620628712,-37.91322996862659,topo,False,True,1470433048,0,,False,392.9754147994099,797.5923992004246,392.9754147994099,797.5923992004246,393.72401608140734,801.7142158976875,-37.91319297358981,145.13097151452294,4.189245369424401,4.189245369424401,4.1892453694244,0.8347004744996475,prox=0.962 head=0.500 conn=1.000 turn=1.000,,5.287899984978139,0.0,,,
382.7327321,801.5956452,383.1045556,803.6429144,145.13084651216585,-37.91319205629564,topo,False,True,1470433048,0,,False,382.7327320992481,801.5956452023238,382.7327320992481,801.5956452023238,383.1045556092414,803.6429144079495,-37.91317368119963,145.1308512067431,2.0807604193869227,2.0807604193869227,2.080760419386923,0.8461699532052277,prox=0.990 head=0.500 conn=1.000 turn=1.000,,5.801099992822856,0.0,,,
371.1628423,802.5232803,371.1168083,802.2697163,145.13071516939826,-37.913181609885015,topo,False,True,1470433048,0,,False,371.1628423008369,802.5232803011313,371.1628423008369,802.5232803011313,375.18,804.77,-37.913162096632384,145.1307613583825,4.60274976348158,4.60274976348158,3.611039477695075,0.8385755608204152,prox=0.971 head=0.500 conn=1.000 turn=1.000,,5.464399990160018,0.0,,,
358.5470888,805.5203538,358.3436752,804.0786151,145.13057240670764,-37.91315233241163,topo,False,True,-1360476884,0,,False,358.5470888009295,805.5203537996858,358.5470888009295,805.5203537996858,358.3436751775649,804.0786151358386,-37.91316528316624,145.13056976503697,1.4560176774346805,1.4560176774346805,1.4560176774346807,0.6981199985858347,prox=0.995 head=0.500 conn=0.500 turn=0.500,,5.321400007233024,0.0,,,
346.5860028,807.3497602,346.3629694,805.7689622,145.1304368216647,-37.91313369165923,topo,False,True,-1360476884,0,,False,346.58600280224346,807.3497602008283,346.58600280224346,807.3497602008283,346.362969425803,805.7689622344783,-37.91314789154257,145.13043392517318,1.5964542265354156,1.5964542265354156,1.5964542265354158,0.8477409224348688,prox=0.994 head=0.500 conn=1.000 turn=1.000,,5.491799965966493,0.0,,,
336.2649652,807.7142809,336.1937946,807.2171491,145.13031955058074,-37.91312854311266,topo,False,True,-1360476884,0,,False,336.26496519963257,807.7142808986828,336.26496519963257,807.7142808986828,342.67,806.29,-37.91314253066393,145.13039205349182,6.561482063701063,6.561482063701063,2.5016536100451656,0.8444755963582534,prox=0.986 head=0.500 conn=1.000 turn=1.000,,5.364499986171722,0.0,,,
325.1356265,808.2738985,325.214163,808.811874,145.1301931333208,-37.91312149091093,topo,False,True,-1470433046#3,0,,False,325.13562650146196,808.2738985000178,325.13562650146196,808.2738985000178,325.2141630714117,808.8118740041734,-37.91311665889995,145.1301941490177,0.5436778787949286,0.5436778787949286,0.5436778787949286,0.8297373434858661,prox=0.999 head=0.500 conn=0.900 turn=1.000,,5.5485000484623015,0.0,,,
315.3874308,809.7530623,315.4421564,810.1652504,145.13008262996829,-37.913106404691185,topo,False,True,-1470433046#3,0,,False,315.38743080117274,809.753062300384,315.38743080117274,809.753062300384,320.98,809.43,-37.913110325546725,145.13014614594005,5.601892492149509,5.601892492149509,2.7803423429466645,0.8431873024067279,prox=0.983 head=0.500 conn=1.000 turn=1.000,,4.915099998470396,0.0,,,
298.3471588,812.4139252,298.3353974,812.3200506,145.1298894825581,-37.91307935547542,topo,False,True,-1470433046#2,0,,False,298.3471587988897,812.4139252007008,298.3471587988897,812.4139252007008,298.33539748737127,812.320050644505,-37.91308019899246,145.12988932741243,0.0946084602431335,0.0946084602431335,0.0946084602431335,0.8299920438473491,prox=1.000 head=0.500 conn=0.900 turn=1.000,,4.852799989748746,0.0,,,
286.1174895,812.6529236,286.2652493,813.8322897,145.12975048112287,-37.913074992143265,topo,False,True,-1470433046#2,0,,False,286.1174894993892,812.6529235988855,286.1174894993892,812.6529235988855,286.26524937072037,813.8322897200002,-37.91306439486093,145.12975243027054,1.188586314580812,1.188586314580812,1.188586314580812,0.8487462025240603,prox=0.997 head=0.500 conn=1.000 turn=1.000,,5.098699999507517,0.0,,,
271.3041648,815.6676387,271.3089864,815.706123,145.12958273589282,-37.91304515735956,topo,False,True,-1470433046#2,0,,False,271.30416479933774,815.6676387013867,271.30416479933774,815.6676387013867,271.3089864026545,815.7061230039919,-37.91304481155609,145.12958279949692,0.03878516991778769,0.03878516991778769,0.03878516991778769,0.8499986628560966,prox=1.000 head=0.500 conn=1.000 turn=1.000,,5.30280004022643,0.0,,,
259.2989387,817.7011737,259.2384544,817.2184102,145.12944669603183,-37.91302466866332,topo,False,True,-1470433046#2,0,,False,259.2989386994159,817.7011736985296,259.2989386994159,817.7011736985296,259.2384544480529,817.2184101695967,-37.91302900656854,145.12944589814748,0.4865377370057411,0.4865377370057411,0.4865377370057411,0.8497896384725615,prox=0.999 head=0.500 conn=1.000 turn=1.000,,5.265299987513572,0.0,,,
246.444607,823.6927127,246.2428174,822.0751931,145.1293019048132,-37.91296837174133,topo,False,True,-1470433046#2,0,,False,246.44460700033233,823.6927127009258,246.44460700033233,823.6927127009258,248.69,818.54,-37.913015194439,145.1293262599236,5.62069727891822,5.62069727891822,3.244092499491479,0.8407537545764227,prox=0.977 head=0.500 conn=1.000 turn=1.000,,5.30409999191761,0.0,,,
233.2570808,823.6989819,233.2940729,823.9484735,145.12915195936458,-37.91296593101295,topo,False,True,-1470433046#1,0,,False,233.25708079861943,823.6989818997681,233.25708079861943,823.6989818997681,243.51,819.2,-37.91300831252535,145.12926751204668,11.196570469767918,11.196570469767918,4.3013920181619225,0.8138873118895282,prox=0.960 head=0.500 conn=0.900 turn=1.000,,5.500999977812171,0.0,,,
221.3905087,825.2800275,221.4905183,825.8345718,145.1290173930622,-37.912949543018435,topo,False,True,-1470433046#0,0,,False,221.39050869987113,825.2800275022164,221.39050869987113,825.2800275022164,220.92085655234416,822.688134713052,-37.9129728064282,145.1290114614018,2.6340997266996147,2.6340997266996147,2.634099726699615,0.8238797657356266,prox=0.985 head=0.500 conn=0.900 turn=1.000,,5.5330999894067645,0.0,,,
210.0871015,826.4139925,210.0866106,826.3967513,145.12888912816348,-37.91293728410649,topo,False,True,-1470433046#0,0,,False,210.08710150263505,826.4139924999326,210.08710150263505,826.4139924999326,212.37,823.15,-37.91296709966573,145.12891434053682,3.9831234714590362,3.9831234714590362,2.7012526691519074,0.8435662881919438,prox=0.984 head=0.500 conn=1.000 turn=1.000,,5.548399989493191,0.0,,,
202.7718656,823.0651723,205.5709419,819.0065116,145.12880518698515,-37.91296612816567,topo,False,True,-1470433046#0,0,,False,202.77186559856636,823.0651722997427,202.77186559856636,823.0651722997427,212.37,823.15,-37.91296709966573,145.12891434053682,9.598509245018981,9.598509245018981,4.5917513672314945,0.8316907830674373,prox=0.954 head=0.500 conn=1.000 turn=1.000,,5.260500009171665,0.0,,,
199.7637971,807.6942707,200.3532979,807.5745675,145.12876747560472,-37.91310404857515,topo,False,True,1470433047#3,0,,False,199.76379709911998,807.6942707002163,199.76379709911998,807.6942707002163,205.29,818.84,-37.91300464479543,145.12883285465767,12.440506425614366,12.440506425614366,9.874103927765509,0.752080812337681,prox=0.805 head=0.500 conn=0.900 turn=1.000,,4.836900043301284,0.0,,,
197.7677255,795.4688699,198.2271966,795.4043757,145.12874198888932,-37.9132138166344,topo,False,True,-93686025#2,0,,False,197.7677255005692,795.4688699012622,197.7677255005692,795.4688699012622,198.22719658953332,795.4043757030728,-37.91321448070443,145.12874719853383,0.46397541227306577,0.46397541227306577,0.4639754122730658,0.8298086918224987,prox=1.000 head=0.500 conn=0.900 turn=1.000,,5.014099995605648,0.0,,,
197.2650441,782.3833155,196.5292868,782.4742281,145.1287332862028,-37.91333160320586,topo,False,True,-93686025#2,0,,False,197.265044099011,782.3833155008033,197.265044099011,782.3833155008033,197.39,789.44,-37.91326805767745,145.12873631781272,7.057790737787275,7.057790737787275,3.4242512626628465,0.8397119543898887,prox=0.974 head=0.500 conn=1.000 turn=1.000,,4.985200008377433,0.0,,,
196.1310093,770.720468,195.1382413,770.8331039,145.1287177294846,-37.91343645954719,topo,False,True,-93686025#0,0,,False,196.13100930070505,770.7204680005088,196.13100930070505,770.7204680005088,195.1382413444312,770.8331039427774,-37.91343526535864,145.12870646700188,0.9991371630035843,0.9991371630035843,0.9991371630035843,0.8291136279043608,prox=0.998 head=0.500 conn=0.900 turn=1.000,,5.183300003409386,0.0,,,
198.5381926,760.3973765,193.9619037,760.9528433,145.12874274375508,-37.913529887494285,topo,False,True,-93686025#0,0,,False,198.53819260036107,760.3973765000701,198.53819260036107,760.3973765000701,193.96190373681574,760.952843286266,-37.91352405611941,145.12869083613555,4.6098766917538905,4.6098766917538905,4.6098766917538905,0.8315493440774308,prox=0.954 head=0.500 conn=1.000 turn=1.000,,5.940000002738088,0.0,,,
206.4965897,753.816161,206.1368573,751.4502051,145.1288317320254,-37.91359061169752,topo,False,True,-93686025#0,0,,False,206.49658970080782,753.8161610001698,206.49658970080782,753.8161610001698,206.13685728037865,751.4502051317974,-37.913611859682035,145.12882710165616,2.3931474224113054,2.3931474224113054,2.3931474224113054,0.8449414542859167,prox=0.987 head=0.500 conn=1.000 turn=1.000,,5.0740999868139625,0.0,,,
223.113888,751.6948366,222.6939304,748.9327803,145.12902019404294,-37.913612725912614,topo,False,True,-93686025#0,0,,False,223.113888000953,751.694836601615,223.113888000953,751.694836601615,222.69393038415703,748.9327803300652,-37.91363753117366,145.12901478853354,2.793800144447079,2.793800144447079,2.793800144447079,0.843121762931975,prox=0.983 head=0.500 conn=1.000 turn=1.000,,5.228699999861419,0.0,,,
229.0058979,751.5818403,228.4696003,748.054617,145.12908716308874,-37.913614809174334,topo,False,True,-93686025#0,0,,False,229.00589789962396,751.5818403000012,229.00589789962396,751.5818403000012,228.46960024741514,748.0546169935111,-37.913646486192825,145.1290802601293,3.567761122274254,3.567761122274254,3.567761122274254,0.8388439317921198,prox=0.972 head=0.500 conn=1.000 turn=1.000,,5.216600024141371,0.0,,,
234.511181,747.1423585,234.5131402,747.1559408,145.129148747491,-37.91365579639093,topo,False,True,-93686025#0,0,,False,234.51118099980522,747.1423585005105,234.51118099980522,747.1423585005105,231.92,747.53,-37.91365183592667,145.12911937303414,2.620016203361751,2.620016203361751,1.4048520722869342,0.8482495220100273,prox=0.996 head=0.500 conn=1.000 turn=1.000,,4.9529000534676015,0.0,,,
249.3159205,745.262967,249.2947576,745.1088279,145.12931665535953,-37.91367540302938,topo,False,True,-93686034#0,0,,False,249.31592050055042,745.2629670007154,249.31592050055042,745.2629670007154,249.29475761496295,745.1088278734051,-37.91367678772198,145.12931637955316,0.1555851480520931,0.1555851480520931,0.1555851480520931,0.8299784834780156,prox=1.000 head=0.500 conn=0.900 turn=1.000,,5.616299982648343,0.0,,,
258.0677465,744.9883474,257.9235267,743.9273653,145.12941610504285,-37.91367945906591,topo,False,True,-93686034#0,0,,False,258.0677465002518,744.9883473999798,258.0677465002518,744.9883473999798,257.92352668639785,743.9273653467201,-37.91368899055049,145.12941422309308,1.070739124178876,1.070739124178876,1.0707391241788762,0.8489822017394574,prox=0.997 head=0.500 conn=1.000 turn=1.000,,5.216299963649362,0.0,,,
265.944776,742.1757009,266.0330403,742.8250352,145.12950502877567,-37.913706219978934,topo,False,True,-93686034#0,0,,False,265.9447759978939,742.1757009001449,265.9447759978939,742.1757009001449,266.03304032383295,742.8250351577749,-37.913700386590364,145.12950618054566,0.6553057068005758,0.6553057068005758,0.6553057068005758,0.8496184704545643,prox=0.999 head=0.500 conn=1.000 turn=1.000,,5.305799946654588,0.0,,,
282.0065001,740.8262855,281.9834734,740.6568849,145.12968735030478,-37.91372127918038,topo,False,True,-93686034#0,0,,False,282.00650009990204,740.8262854991481,282.00650009990204,740.8262854991481,281.983473395938,740.6568849223571,-37.9137228010156,145.12968704983066,0.17095842919422916,0.17095842919422916,0.17095842919422916,0.8499740214796297,prox=1.000 head=0.500 conn=1.000 turn=1.000,,5.210800038184971,0.0,,,
286.83428,738.2785148,287.0637051,739.9663265,145.12974166319214,-37.91374510268744,topo,False,True,-93686034#0,0,,False,286.83427999948617,738.2785147996619,286.83427999948617,738.2785147996619,287.06370507967966,739.9663265236421,-37.9137299399786,145.129744656936,1.7033332859504537,1.7033332859504537,1.7033332859504537,0.8474293233402336,prox=0.994 head=0.500 conn=1.000 turn=1.000,,5.35289995605126,0.0,,,
290.0587716,727.982122,292.0526697,727.6743082,145.12977597814654,-37.91383843766726,topo,False,True,-93686034#0,0,,False,290.0587715989095,727.9821220012382,290.0587715989095,727.9821220012382,291.9,735.85,-37.9137678948933,145.1297987088166,8.08044715522495,8.08044715522495,4.271263436148117,0.8341077110549974,prox=0.960 head=0.500 conn=1.000 turn=1.000,,5.959199974313378,0.0,,,
287.1489565,717.8110655,290.5440251,717.4073523,145.12974057159016,-37.91392953482339,topo,False,True,114900092#4,0,,False,287.1489564992371,717.8110654996708,287.1489564992371,717.8110654996708,285.16539563258397,718.082900904429,-37.91392672753912,145.12971807951493,2.002100946255661,2.002100946255661,2.002100946255661,0.8264527924506141,prox=0.991 head=0.500 conn=0.900 turn=1.000,,5.474400008097291,0.0,,,
288.1787959,707.9462955,289.4017033,707.8008775,145.12975003075073,-37.914018584970066,topo,False,True,114900092#4,0,,False,288.1787959006615,707.946295500733,288.1787959006615,707.946295500733,283.8573938775198,708.5385183499696,-37.91401246899443,145.12970102927324,4.36179359309573,4.36179359309573,4.36179359309573,0.8334411785827894,prox=0.959 head=0.500 conn=1.000 turn=1.000,,5.592300032731146,0.0,,,
287.9241018,693.0776585,287.6547496,693.1096877,145.1297437424579,-37.914152478861666,topo,False,True,114900092#4,0,,False,287.92410180112347,693.0776585005224,287.92410180112347,693.0776585005224,281.85260295924445,693.9097218734785,-37.91414388600388,145.12967489606632,6.12824833403097,6.12824833403097,6.12824833403097,0.8179724389598632,prox=0.920 head=0.500 conn=1.000 turn=1.000,,5.060900002717972,0.0,,,
286.1041282,679.3031664,285.9113863,679.3292798,145.12971990565757,-37.91427623352487,topo,False,True,46129059#2,0,,False,286.10412820085185,679.3031664006412,286.10412820085185,679.3031664006412,282.7413176314339,679.7587729939172,-37.91427152147453,145.12968177256462,3.393533894574446,3.393533894574446,3.393533894574446,0.8198933637073106,prox=0.975 head=0.500 conn=0.900 turn=1.000,,4.990899993572384,0.0,,,
284.4818691,667.3711116,284.3035853,667.3950745,145.12969873726576,-37.91438342684081,topo,False,True,46129059#2,0,,False,284.48186910059303,667.3711115987971,284.48186910059303,667.3711115987971,282.27,676.28,-37.91430277382437,145.1296756196997,9.179360406000225,9.179360406000225,6.42617726062954,0.8149265879592421,prox=0.912 head=0.500 conn=1.000 turn=1.000,,5.370600032620132,0.0,,,
284.9163935,656.2858912,282.8657939,656.5567252,145.1297011488702,-37.91448336346033,topo,False,True,46129059#2,0,,False,284.9163934972603,656.2858912004158,284.9163934972603,656.2858912004158,282.27,676.28,-37.91430277382437,145.1296756196997,20.168484951328182,20.168484951328182,16.16344818605405,0.6738314489891596,prox=0.560 head=0.500 conn=1.000 turn=1.000,,4.888200026471168,0.0,,,
283.9464184,649.0339867,281.9077864,649.30324,145.12968846507647,-37.91454851486233,topo,False,True,-46129059#1,0,,False,283.94641839992255,649.0339867006987,283.94641839992255,649.0339867006987,281.90778641272055,649.3032399820273,-37.914545720869135,145.12966534603504,2.056335991210913,2.056335991210913,2.056335991210913,0.6162589220246489,prox=0.991 head=0.500 conn=0.100 turn=0.500,,5.392100021708757,0.0,,,
283.4028585,640.9332605,280.8469033,641.2708395,145.12968043619074,-37.914621389710334,topo,False,True,-46129059#1,0,,False,283.4028584997868,640.9332605013624,283.4028584997868,640.9332605013624,280.8469033283747,641.2708394862659,-37.91461788671012,145.12965145043447,2.578151742880314,2.578151742880314,2.5781517428803133,0.8441350956411077,prox=0.985 head=0.500 conn=1.000 turn=1.000,,5.087299970909953,0.0,,,
280.2674891,635.713388,280.1155507,635.7334553,145.12964359410938,-37.91466784470238,topo,False,True,-46129059#1,0,,False,280.26748910022434,635.7133880006149,280.26748910022434,635.7133880006149,280.11555070473725,635.7334553358679,-37.914667636466646,145.12964187105413,0.15325786755448356,0.15325786755448356,0.1532578675544836,0.8499791223457825,prox=1.000 head=0.500 conn=1.000 turn=1.000,,4.90249996073544,0.0,,,
282.1081738,632.9473917,279.7742538,633.2723679,145.12966389273382,-37.91469309412247,topo,False,True,-46129059#1,0,,False,282.10817379970104,632.9473916999996,282.10817379970104,632.9473916999996,280.09,635.54,-37.91466937453565,145.12964153638643,3.2855202454148325,3.2855202454148325,3.089221051654325,0.8416063959221026,prox=0.979 head=0.500 conn=1.000 turn=1.000,,5.396399996243417,0.0,,,
292.8086317,620.4655582,292.8469274,620.8919426,145.12978271589122,-37.91480746735421,topo,False,True,1011594504#2,0,,False,292.8086316998815,620.4655582001433,292.8086316998815,620.4655582001433,294.1696408256617,631.1842611818432,-37.91471115694742,145.1298006369081,10.804764664274753,10.804764664274753,10.804764664274753,0.7385968686037888,prox=0.771 head=0.500 conn=0.900 turn=1.000,,4.924400011077523,0.0,,,
298.6623078,620.0498728,298.6888592,620.2982525,145.1298491811225,-37.91481226997112,topo,False,True,-1011594504#2,0,,False,298.6623077971162,620.0498728007078,298.6623077971162,620.0498728007078,299.7330361421274,628.4593542714813,-37.91473670905679,145.12986327455002,8.477372104378379,8.477372104378379,8.477372104378379,0.7709591533934773,prox=0.852 head=0.500 conn=0.900 turn=1.000,,5.186099966522306,0.0,,,
302.6970354,619.7120896,302.7137023,619.8680034,145.129894981517,-37.914816042037494,topo,False,True,-1011594504#2,0,,False,302.69703540112823,619.7120895981789,302.69703540112823,619.7120895981789,303.74572045870934,627.9484434796235,-37.91474203670355,145.12990878475597,8.302846837704651,8.302846837704651,8.302846837704651,0.7931853305437345,prox=0.858 head=0.500 conn=1.000 turn=1.000,,5.703700007870793,0.0,,,
312.5510877,618.8871119,312.5436145,618.8172018,145.13000684026264,-37.9148252545756,topo,False,True,-1011594504#2,0,,False,312.55108770006336,618.8871119013056,312.55108770006336,618.8871119013056,313.5459370708893,626.7006412518192,-37.914755048392024,145.13001993479023,7.876608799602154,7.876608799602154,7.876608799602154,0.7984851901693254,prox=0.871 head=0.500 conn=1.000 turn=1.000,,5.633000051602721,0.0,,,
319.5424719,618.240974,319.5053427,617.951813,145.13008618943977,-37.914832338641254,topo,False,True,-1011594504#2,0,,False,319.54247190232854,618.2409740006551,319.54247190232854,618.2409740006551,320.0411055150542,625.9061009232847,-37.91476337961274,145.13009360775106,7.681328415043919,7.681328415043919,7.681328415043919,0.8008459365681783,prox=0.877 head=0.500 conn=1.000 turn=1.000,,5.2291000029072165,0.0,,,
323.5294835,617.8137988,323.4816462,617.4412433,145.1301314269095,-37.914836907255626,topo,False,True,-1011594504#2,0,,False,323.5294835001114,617.8137988010421,323.5294835001114,617.8137988010421,324.038987604061,625.6460297712458,-37.91476644487777,145.1301390069015,7.848785664200495,7.848785664200495,7.848785664200495,0.7988241830495596,prox=0.872 head=0.500 conn=1.000 turn=1.000,,5.177199956960976,0.0,,,
326.9278754,617.4496895,326.8709109,617.0060513,145.1301699857817,-37.91484080137048,topo,False,True,-1011594504#2,0,,False,326.9278754006373,617.4496895000339,326.9278754006373,617.4496895000339,327.44664512646307,625.4243540444799,-37.91476905759076,145.13017770358323,7.991520294967503,7.991520294967503,7.991520294967503,0.7970759616762214,prox=0.868 head=0.500 conn=1.000 turn=1.000,,4.931700008455664,0.0,,,
338.6262534,616.196293,338.9508196,615.9338305,145.13030271808117,-37.91485420621083,topo,False,True,-1011594504#2,0,,False,338.62625340081286,616.1962930001318,338.62625340081286,616.1962930001318,339.17691927589294,624.6612735323849,-37.91477805130843,145.1303109102706,8.482872645360272,8.482872645360272,8.482872645360272,0.7908884757039841,prox=0.852 head=0.500 conn=1.000 turn=1.000,,4.834100021980703,0.0,,,
345.8802975,615.3017446,345.9895033,616.1900179,145.13038499728418,-37.914863575275476,topo,False,True,-1011594504#2,0,,False,345.8802975001745,615.3017445998266,345.8802975001745,615.3017445998266,340.58,624.57,-37.91477912705432,145.13032684338208,10.676783773833758,10.676783773833758,10.635713383030756,0.7610925096843119,prox=0.778 head=0.500 conn=1.000 turn=1.000,,5.285800027195364,0.0,,,
354.8797255,614.1207238,354.9979682,615.0825024,145.13048705733976,-37.914875840250986,topo,False,True,-1011594504#2,0,,False,354.87972550292034,614.1207238007337,354.87972550292034,614.1207238007337,340.58,624.57,-37.91477912705432,145.13032684338208,17.710717731007552,17.710717731007552,16.7886210641904,0.663815584020289,prox=0.535 head=0.500 conn=1.000 turn=1.000,,5.397300003096461,0.0,,,
363.6137419,612.9745239,363.740756,614.0076497,145.13058610746845,-37.914887743511876,topo,False,True,139327110#0,0,,False,363.61374189914204,612.9745239000767,363.61374189914204,612.9745239000767,363.7407560803327,614.0076496521542,-37.91487845983436,145.13058778731255,1.0409041367144056,1.0409041367144056,1.0409041367144056,0.6190380639118411,prox=0.998 head=0.500 conn=0.100 turn=0.500,,5.2983000059612095,0.0,,,
370.1722122,612.1138224,370.3058139,613.2005306,145.13066048533616,-37.9148966818139,topo,False,True,139327110#0,0,,False,370.17221220303327,612.1138224005699,370.17221220303327,612.1138224005699,370.305813902582,613.2005306329199,-37.914886916642345,145.1306622522949,1.0948900384877047,1.0948900384877047,1.0948900384877047,0.84893583212992,prox=0.997 head=0.500 conn=1.000 turn=1.000,,6.078499951399863,0.0,,,
383.7027489,610.3381257,383.849943,611.5353931,145.13081393161434,-37.914915122084444,topo,False,True,139327110#0,0,,False,383.70274889678694,610.3381257010624,383.70274889678694,610.3381257010624,383.849942923343,611.5353931082253,-37.91490436342391,145.13081587831766,1.206281611278418,1.206281611278418,1.206281611278418,0.848708653123054,prox=0.997 head=0.500 conn=1.000 turn=1.000,,10.438699973747134,0.0,,,
391.6091474,609.3342066,391.7602041,610.5628926,145.1309036037325,-37.91492559387337,topo,False,True,139327110#0,0,,False,391.60914739902364,609.3342065997422,391.60914739902364,609.3342065997422,391.76020407624947,610.5628925763972,-37.91491455288331,145.130905601508,1.2379367305978102,1.2379367305978102,1.2379367305978102,0.848640105915749,prox=0.997 head=0.500 conn=1.000 turn=1.000,,5.951100029051304,0.0,,,
402.4882483,607.9984402,402.6390957,609.2254237,145.13102700183995,-37.914939591913786,topo,False,True,139327110#0,0,,False,402.4882483005058,607.9984402004629,402.4882483005058,607.9984402004629,402.6390956759623,609.2254237290464,-37.914928566219416,145.13102899682949,1.2362214648262686,1.2362214648262686,1.2362214648262686,0.8486438654098653,prox=0.997 head=0.500 conn=1.000 turn=1.000,,5.882500030566007,0.0,,,
410.3984391,607.0271961,410.5487578,608.2581517,145.1311167245953,-37.91494976988305,topo,False,True,139327110#0,0,,False,410.3984391009435,607.0271960990503,410.3984391009435,607.0271960990503,410.5487577178137,608.258151701767,-37.914938708310004,145.1311187144651,1.2400997469709236,1.2400997469709236,1.2400997469709236,0.8486353576677791,prox=0.997 head=0.500 conn=1.000 turn=1.000,,6.768599967472255,0.0,,,
420.3874833,605.80069,420.5455439,606.9414261,145.1312300271541,-37.914962622707336,topo,False,True,139327110#0,0,,False,420.3874833006412,605.8006900008768,420.3874833006412,605.8006900008768,414.71,607.75,-37.91494403745404,145.1311659147391,6.0028015211017465,6.0028015211017465,1.9629455712716866,0.8465895948016334,prox=0.991 head=0.500 conn=1.000 turn=1.000,,5.557800002861768,0.0,,,
432.3615568,604.3304261,432.4939411,605.2858543,145.13136584532236,-37.91497802974231,topo,False,True,139327110#0,0,,False,432.3615567990346,604.3304260997102,432.3615567990346,604.3304260997102,414.71,607.75,-37.91494403745404,145.1311659147391,17.979737013902298,17.979737013902298,3.461975144347383,0.8394870470974244,prox=0.974 head=0.500 conn=1.000 turn=1.000,,5.36940002348274,0.0,,,
445.0737543,602.6028394,445.2015411,603.5250872,145.13150999787334,-37.91499588793729,topo,False,True,1209622645,0,,False,445.07375429954845,602.6028394000605,445.07375429954845,602.6028394000605,455.27,602.13,-37.91500198860085,145.1316258283926,10.20720350939599,10.20720350939599,2.359093152728018,0.825083513134913,prox=0.988 head=0.500 conn=0.900 turn=1.000,,5.508100031875074,0.0,,,
459.1254683,600.6928887,459.2473944,601.5885712,145.13166934016007,-37.91501563060899,topo,False,True,1209622645,0,,False,459.12546829809435,600.692888699472,459.12546829809435,600.692888699472,459.24739442721506,601.5885711857312,-37.91500758411405,145.131670930691,0.9039430829172439,0.9039430829172439,0.9039430829172439,0.8492743362789493,prox=0.998 head=0.500 conn=1.000 turn=1.000,,5.2785000298172235,0.0,,,
472.8766868,598.7654706,473.0060322,599.7156559,145.13182526171812,-37.915035476161876,topo,False,True,1209622645,0,,False,472.87668679922353,598.7654705988243,472.87668679922353,598.7654705988243,473.00603220223167,599.7156558707428,-37.9150269400305,145.13182694901639,0.9589485305532001,0.9589485305532001,0.9589485305532001,0.8491834281481737,prox=0.998 head=0.500 conn=1.000 turn=1.000,,5.341100040823221,0.0,,,
484.7584873,597.0927234,484.8952261,598.0972214,145.13195998482104,-37.91505268987284,topo,False,True,1209622645,0,,False,484.7584872995503,597.0927234012634,484.7584872995503,597.0927234012634,484.89522610734593,598.0972214216442,-37.91504366581232,145.13196176854964,1.0137621883392918,1.0137621883392918,1.0137621883392918,0.8490875190073638,prox=0.998 head=0.500 conn=1.000 turn=1.000,,5.2693000179715455,0.0,,,
499.8681458,594.8345249,500.0317981,596.0367327,145.13213127759045,-37.91507576002207,topo,False,True,1209622645,0,,False,499.8681458005449,594.8345248997211,499.8681458005449,594.8345248997211,500.03179815381856,596.0367327260452,-37.915064959801775,145.13213341237633,1.21329540937352,1.21329540937352,1.21329540937352,0.8486936172839622,prox=0.997 head=0.500 conn=1.000 turn=1.000,,5.257999990135431,0.0,,,
513.5289575,592.779289,513.7187568,594.1735748,145.13228614231247,-37.91509674006181,topo,False,True,1209622645,0,,False,513.5289574987255,592.7792889997363,513.5289574987255,592.7792889997363,513.7187567620772,594.1735748457231,-37.915084214274984,145.13228861815,1.4071449039413144,1.4071449039413144,1.4071449039413144,0.8482438160771762,prox=0.996 head=0.500 conn=1.000 turn=1.000,,5.389900004956871,0.0,,,
526.8795719,590.7495688,526.8656885,590.6561407,145.13243748578088,-37.915117434059695,topo,False,True,569766862#0,0,,False,526.8795718972106,590.7495688004419,526.8795718972106,590.7495688004419,526.395505664009,587.4876669594611,-37.91514673065183,145.13243123844055,3.297623953442868,3.297623953442868,3.297623953442868,0.8204497903816498,prox=0.976 head=0.500 conn=0.900 turn=1.000,,5.4907999583519995,0.0,,,
540.3967226,588.6807569,540.3915863,588.6461923,145.132590714073,-37.91513851006854,topo,False,True,569766862#0,0,,False,540.3967226010282,588.6807569004595,540.3967226010282,588.6807569004595,539.9217847607982,585.4803671414975,-37.91516725420269,145.13258458460064,3.2354382332771263,3.2354382332771263,3.2354382332771268,0.8408024503769681,prox=0.977 head=0.500 conn=1.000 turn=1.000,,5.288299988023937,0.0,,,
553.6025149,586.6595761,553.6059275,586.6825412,145.13274041294244,-37.915159100618574,topo,False,True,569766862#0,0,,False,553.6025149006164,586.6595761002973,553.6025149006164,586.6595761002973,553.1364984656818,583.5193036276928,-37.91518730482147,145.13273439866325,3.17466258361837,3.17466258361837,3.17466258361837,0.8411409258770551,prox=0.978 head=0.500 conn=1.000 turn=1.000,,5.427500000223517,0.0,,,
568.2650039,584.4355105,568.274991,584.5027183,145.13290662938343,-37.91518178147514,topo,False,True,569766862#0,0,,False,568.2650039001601,584.4355105003342,568.2650039001601,584.4355105003342,567.8059792788825,581.3423526750138,-37.915209562530016,145.1329007053987,3.127031969021091,3.127031969021091,3.127031969021091,0.8414019070188846,prox=0.979 head=0.500 conn=1.000 turn=1.000,,5.378399975597858,0.0,,,
581.9230015,582.3854331,581.9353177,582.4683274,145.13306146376615,-37.9152027135285,topo,False,True,569766862#0-AddedOffRampEdge,0,,False,581.9230014997302,582.3854331010953,581.9230014997302,582.3854331010953,581.7005608190727,580.8882912504373,-37.91521615999597,145.13305859347153,1.513576419412929,1.513576419412929,1.513576419412929,0.8279688070819576,prox=0.995 head=0.500 conn=0.900 turn=1.000,,5.0900999922305346,0.0,,,
602.0353522,579.409638,602.0458607,579.4803654,145.13328947814267,-37.91523314893289,topo,False,True,569766862#0-AddedOffRampEdge,0,,False,602.0353521994548,579.4096379987895,602.0353521994548,579.4096379987895,601.8111038076659,577.9003293089503,-37.915246704682524,145.13328658456217,1.525876817585293,1.525876817585293,1.525876817585293,0.8479357447779517,prox=0.995 head=0.500 conn=1.000 turn=1.000,,4.885200003627688,0.0,,,
618.082871,577.0688559,618.0870548,577.0970147,145.13347141718273,-37.915257130285646,topo,False,True,569766862#0-AddedOffRampEdge,0,,False,618.082871000981,577.0688559012488,618.082871000981,577.0688559012488,617.8522978933295,575.5169785734104,-37.915271068367915,145.13346844202454,1.5689127441100292,1.5689127441100292,1.5689127441100292,0.8478179846006716,prox=0.995 head=0.500 conn=1.000 turn=1.000,,4.9492999678477645,0.0,,,
632.9228195,574.9159474,632.9194492,574.8932637,145.1336396681585,-37.915279201130474,topo,False,True,569766862#0-AddedOffRampEdge,0,,False,632.9228194992756,574.9159474009648,632.9228194992756,574.9159474009648,632.6846923640389,573.3132275257763,-37.915293595856866,145.13363659555978,1.6203134051350725,1.6203134051350725,1.6203134051350725,0.8476730917962104,prox=0.994 head=0.500 conn=1.000 turn=1.000,,5.195600038859993,0.0,,,
648.2830212,572.7384706,648.2644318,572.6133539,145.1338138293183,-37.915301586888525,topo,False,True,569766862#0-AddedOffRampEdge,0,,False,648.2830211989349,572.7384705999866,648.2830211989349,572.7384705999866,648.0296748891877,571.0333177389577,-37.91531690161595,145.13381056037844,1.723870828147346,1.723870828147346,1.723870828147346,0.8473671646480542,prox=0.993 head=0.500 conn=1.000 turn=1.000,,5.704400013200939,0.0,,,
664.001647,570.5101537,663.9674875,570.2802427,145.1339920545719,-37.91532449501125,topo,False,True,569766862#0-AddedOffRampEdge,0,,False,664.001646999619,570.5101536996663,664.001646999619,570.5101536996663,663.7327306788433,568.7002065399637,-37.91534075094855,145.1339885847691,1.8298154848221597,1.8298154848221597,1.8298154848221597,0.8470348450553283,prox=0.993 head=0.500 conn=1.000 turn=1.000,,4.909199953544885,0.0,,,
679.9349614,568.2513561,679.9898599,572.1172718,145.13417271418058,-37.91534771615853,topo,False,True,569766862#1,0,,False,679.9349614001112,568.2513560997322,679.9349614001112,568.2513560997322,679.8348306504973,565.5870379019656,-37.91537169891745,145.1341709691628,2.666199097211,2.666199097211,2.6661990972109995,0.8237308755979325,prox=0.984 head=0.500 conn=0.900 turn=1.000,,5.250300047919154,0.0,,,
695.3315718,566.1292524,695.29,571.9,145.1343473022933,-37.915369608886195,topo,False,True,569766862#1,0,,False,695.3315717993537,566.1292524002492,695.3315717993537,566.1292524002492,695.2893659850392,565.0062235648198,-37.91537971778924,145.13434656677975,1.1238216477572769,1.1238216477572769,1.1238216477572769,0.8488789294108517,prox=0.997 head=0.500 conn=1.000 turn=1.000,,5.571299989242107,0.0,,,
712.1816256,583.009249,712.4920248,582.644695,145.13454274170095,-37.915220587903775,topo,False,True,569766862#1,0,,False,712.1816255993908,583.0092489998788,712.1816255993908,583.0092489998788,711.42,564.4,-37.91538808718878,145.1345298464216,18.624828103720503,18.624828103720503,18.624828103720503,0.6350471616964849,prox=0.463 head=0.500 conn=1.000 turn=1.000,,5.382400006055832,0.0,,,
721.9415524,590.9549606,720.9977609,591.3118565,145.1346555274121,-37.91515077059315,topo,False,True,44348588#1,0,,False,721.941552399192,590.9549605995417,721.941552399192,590.9549605995417,715.27,585.01,-37.91520312145865,145.13457831411014,8.936004025584799,8.936004025584799,0.19488000395190852,0.619966243010329,prox=1.000 head=0.500 conn=0.100 turn=0.500,,5.3539000218734145,0.0,,,
726.2816467,608.5926976,725.52978,608.7869759,145.1347088909765,-37.91499266800909,topo,False,True,139332152#2,0,,False,726.2816467004595,608.5926975999027,726.2816467004595,608.5926975999027,727.0796560575268,608.3864963363374,-37.9149946693806,145.13471791798347,0.8242195672652172,0.8242195672652172,0.8242195672652172,0.8293965996664433,prox=0.998 head=0.500 conn=0.900 turn=1.000,,5.452600016724318,0.0,,,
730.5125743,622.1027676,729.067024,622.4762899,145.1347600737684,-37.914871728738284,topo,False,True,139332152#2,0,,False,730.5125743003446,622.1027676006779,730.5125743003446,622.1027676006779,730.6169001113971,622.0758103803508,-37.914871990382196,145.13476125389045,0.10775233909072093,0.10775233909072093,0.10775233909072093,0.8499896796295136,prox=1.000 head=0.500 conn=1.000 turn=1.000,,5.146800016518682,0.0,,,
735.4029871,635.3939309,736.0502533,635.1871314,145.13481870536287,-37.914752880284354,topo,False,True,139332152#3,0,,False,735.40298709739,635.3939308989793,735.40298709739,635.3939308989793,737.5550000000001,645.22,-37.91466475258695,145.13484541095104,10.05896582711336,10.05896582711336,0.8578993433779266,0.8293463202300685,prox=0.998 head=0.500 conn=0.900 turn=1.000,,4.8874999629333615,0.0,,,
739.5314507,648.1933462,739.7104541,648.1926244,145.1348685610165,-37.914638324232854,topo,False,True,139332152#3,0,,False,739.5314507009462,648.1933462005109,739.5314507009462,648.1933462005109,738.11,648.23,-37.914637737817756,145.13485240653708,1.421923203354267,1.421923203354267,1.421923203354267,0.8482068175687182,prox=0.996 head=0.500 conn=1.000 turn=1.000,,5.370800034143031,0.0,,,
741.5581955,659.7459804,736.416157,659.6874151,145.13489423495955,-37.91453462061989,topo,False,True,139332152#3,0,,False,741.5581955002854,659.7459803996608,741.5581955002854,659.7459803996608,738.12,650.565,-37.91461670537132,145.13485305153122,9.803651839857261,9.803651839857261,3.4189305478792695,0.8397434882286018,prox=0.974 head=0.500 conn=1.000 turn=1.000,,5.444499955046922,0.0,,,
740.9206198,671.4137913,738.2192184,673.375758,145.13488964005703,-37.91442939920476,topo,False,True,5322853#4,0,,False,740.9206198001048,671.4137912997976,740.9206198001048,671.4137912997976,736.31,668.33,-37.9144563476502,145.13483651279532,5.546853497418662,5.546853497418662,5.546853497418662,0.8035650448108491,prox=0.934 head=0.500 conn=0.900 turn=1.000,,5.257299984805286,0.0,,,
743.9278008,684.2524706,746.3076762,680.7210426,145.13492675463834,-37.914314287297366,topo,False,True,5322853#5,0,,False,743.9278008010006,684.2524706013501,743.9278008010006,684.2524706013501,736.76,670.07,-37.91444075442277,145.13484202548122,15.890872873476207,15.890872873476207,8.557134577450729,0.7699312257858061,prox=0.850 head=0.500 conn=0.900 turn=1.000,,5.415600026026368,0.0,,,
760.7876972,676.5072715,760.5121466,676.2929544,145.13511669979687,-37.914387096807715,topo,False,True,5322853#7,0,,False,760.7876972001977,676.5072715003043,760.7876972001977,676.5072715003043,755.78,679.53,-37.91435896476307,145.13506044689325,5.849266520833242,5.849266520833242,0.4311382773728421,0.6998348072631139,prox=1.000 head=0.500 conn=0.500 turn=0.500,,4.94710000930354,0.0,,,
774.5191335,670.0097849,774.343402,669.3966897,145.13527135661963,-37.91444810251886,topo,False,True,5322853#0,0,,False,774.5191334992414,670.009784899652,774.5191334992414,670.009784899652,762.52,673.23,-37.91441693149016,145.13513565157743,12.423726897558872,12.423726897558872,11.960996724155544,0.7210634664773292,prox=0.728 head=0.500 conn=0.900 turn=1.000,,5.792599986307323,0.0,,,
791.1169344,662.0290637,791.3832449,665.2913678,145.13545826871618,-37.914522985900604,topo,False,True,988996007#0,0,,False,791.1169343995862,662.0290637016296,791.1169343995862,662.0290637016296,778.03,668.34,-37.91446377706762,145.1353108975292,14.529135175266337,14.529135175266337,9.81122550374333,0.7529679563024189,prox=0.807 head=0.500 conn=0.900 turn=1.000,,5.075499997474253,0.0,,,
801.7602221,664.6676477,801.6942605,664.2400343,145.13557988980702,-37.91450113474505,topo,False,True,988996007#1,0,,False,801.7602220993722,664.6676476998255,801.7602220993722,664.6676476998255,785.17,666.26,-37.91448380092353,145.13539161067897,16.66646498674418,16.66646498674418,9.348481777732538,0.7593942660489809,prox=0.823 head=0.500 conn=0.900 turn=1.000,,4.907199996523559,0.0,,,
815.2859447,662.5860856,815.223308,662.1742497,145.1357332124636,-37.914522323053475,topo,False,True,630680457#0,0,,False,815.2859446998336,662.5860855998471,815.2859446998336,662.5860855998471,803.38,663.98,-37.91450762110988,145.13559815131038,11.987264765176846,11.987264765176846,7.412768393337178,0.7840206899655744,prox=0.885 head=0.500 conn=0.900 turn=1.000,,5.535200005397201,0.0,,,
827.672594,659.9903737,827.7129742,660.2571715,145.13587346629953,-37.91454793753859,topo,False,True,630680457#1,0,,False,827.6725940002361,659.9903736989945,827.6725940002361,659.9903736989945,815.58,662.12,-37.91452657464936,145.13573645006124,12.278686323726989,12.278686323726989,9.823890952644328,0.7527895209135865,prox=0.807 head=0.500 conn=0.900 turn=1.000,,4.993799957446754,0.0,,,
839.3732142,658.9479749,839.3032356,658.4912227,145.1360062728534,-37.91455943564031,topo,False,True,630680457#3,0,,False,839.3732142006047,658.9479748997837,839.3732142006047,658.9479748997837,832.98,659.46,-37.914553671445944,145.1359336943147,6.4136851745361625,6.4136851745361625,1.4981180647769785,0.6980099820399849,prox=0.995 head=0.500 conn=0.500 turn=0.500,,5.467699957080185,0.0,,,
853.6474069,657.189423,853.5139988,656.3135296,145.1361681798109,-37.91457784846603,topo,False,True,630680457#4,0,,False,853.6474068973912,657.1894230013713,853.6474068973912,657.1894230013713,848.81,657.03,-37.914578413203564,145.13611313910286,4.840033180081998,4.840033180081998,2.3395571070621584,0.8251641122864845,prox=0.988 head=0.500 conn=0.900 turn=1.000,,6.136500043794513,0.0,,,
869.6045601,656.4155765,869.2419402,653.947541,145.1363494470917,-37.91458769372445,topo,False,True,630680457#5,0,,False,869.6045600994257,656.4155764998868,869.6045600994257,656.4155764998868,863.44,654.8,-37.91460113689534,145.13627898470864,6.372745769793245,6.372745769793245,2.6045733191974363,0.8240151779073209,prox=0.985 head=0.500 conn=0.900 turn=1.000,,5.844599974807352,0.0,,,
877.0090071,653.4704876,876.9153799,652.8204993,145.13643297095422,-37.91461555744553,topo,False,True,630680457#7,0,,False,877.009007102577,653.4704876001924,877.009007102577,653.4704876001924,876.9153799765768,652.8204992831525,-37.91462139584109,145.13643175858422,0.6566969247769591,0.6566969247769591,0.6566969247769591,0.8296168495328305,prox=0.999 head=0.500 conn=0.900 turn=1.000,,5.042100034188479,0.0,,,
882.8800578,654.4327002,883.6030617,652.6203704,145.13649994740268,-37.91460794698781,topo,False,True,630680457#7,0,,False,882.880057800212,654.4327002000064,882.880057800212,654.4327002000064,880.39,652.32,-37.91462653026061,145.13647115352074,3.265561204985008,3.265561204985008,2.872347968913787,0.8427331458296589,prox=0.982 head=0.500 conn=1.000 turn=1.000,,5.656900000758469,0.0,,,
890.466649,664.6364724,888.4043261,665.0390306,145.13658853145176,-37.91451739514357,topo,False,True,-630680455#1,0,,False,890.4666489999508,664.6364724012092,890.4666489999508,664.6364724012092,888.4043260668171,665.0390306331353,-37.914513397388816,145.13656517302417,2.101244633692316,2.101244633692316,2.101244633692316,0.8260945427526172,prox=0.990 head=0.500 conn=0.900 turn=1.000,,5.557199998293072,0.0,,,
890.9195791,671.180511,889.6514398,671.4280473,145.13659516914035,-37.914458526357805,topo,False,True,-630680455#1,0,,False,890.9195790995145,671.1805110014975,890.9195790995145,671.1805110014975,889.65143981223,671.4280473601946,-37.91445606810724,145.13658080586242,1.2920725602037353,1.2920725602037353,1.2920725602037353,0.8485187923695657,prox=0.996 head=0.500 conn=1.000 turn=1.000,,5.636399961076677,0.0,,,
893.7737588,682.7329692,891.974759,683.1072709,145.13663024900706,-37.91435497289545,topo,False,True,-630680455#1,0,,False,893.7737587976153,682.7329692002386,893.7737587976153,682.7329692002386,891.27,679.72,-37.91438166358791,145.13660109482265,3.9174981197471284,3.9174981197471284,0.7034249770979129,0.8495604135460656,prox=0.999 head=0.500 conn=1.000 turn=1.000,,4.872000019531697,0.0,,,
897.6162096,696.2133029,894.9374622,696.8085801,145.13667700422675,-37.914234230596804,topo,False,True,-630680455#0,0,,False,897.6162095995387,696.2133029000834,897.6162095995387,696.2133029000834,894.9374622423488,696.80858009057,-37.9142283857922,145.13664668057436,2.7440922610519864,2.7440922610519864,2.7440922610519864,0.8233623194888418,prox=0.983 head=0.500 conn=0.900 turn=1.000,,5.1389000145718455,0.0,,,
899.1797822,703.8550323,896.5932676,704.4117564,145.13669651998111,-37.914165673527975,topo,False,True,-630680455#0,0,,False,899.1797821989749,703.8550323005766,899.1797821989749,703.8550323005766,895.56,699.61,-37.91420326200042,145.13665439599004,5.578810124117324,5.578810124117324,4.886545602820526,0.8293281251746608,prox=0.948 head=0.500 conn=1.000 turn=1.000,,5.094900028780103,0.0,,,
901.5697744,713.2001936,898.6214904,713.8347854,145.1367258197555,-37.914081920325685,topo,False,True,-10585186,0,,False,901.5697744010249,713.2001935997978,901.5697744010249,713.2001935997978,898.6214903516495,713.8347853765218,-37.91407567284133,145.13669244030964,3.0158059551116887,3.0158059551116887,3.0158059551116887,0.8219966311960906,prox=0.980 head=0.500 conn=0.900 turn=1.000,,5.056000023614615,0.0,,,
903.8173563,724.565789,901.0590325,725.1594936,145.13675395940905,-37.91397994088452,topo,False,True,-10585186,0,,False,903.8173563001328,724.5657889991999,903.8173563001328,724.5657889991999,901.0590325106845,725.1594935286861,-37.91397409593923,145.13672273066723,2.82149520569665,2.82149520569665,2.82149520569665,0.8429859270631538,prox=0.982 head=0.500 conn=1.000 turn=1.000,,5.36029995419085,0.0,,,
906.4685024,734.4785329,903.19,735.03,145.13678635750557,-37.91389112175903,topo,False,True,-10585186,0,,False,906.4685023993952,734.4785329010338,906.4685023993952,734.4785329010338,902.54,732.04,-37.91391238127187,145.13674113401214,4.62380512256719,4.62380512256719,2.3213992098660206,0.8452384392530049,prox=0.988 head=0.500 conn=1.000 turn=1.000,,5.65240002470091,0.0,,,
908.7032693,747.6259153,902.58,744.72,145.1368147562543,-37.91377308919684,topo,False,True,10585197#1,0,,False,908.7032693001674,747.6259153010324,908.7032693001674,747.6259153010324,910.84,750.08,-37.913751366926306,145.13683960978673,3.2539437292790283,3.2539437292790283,1.1697344507691874,0.8287855994801798,prox=0.997 head=0.500 conn=0.900 turn=1.000,,4.940400016494095,0.0,,,
898.480271,749.6977424,897.9719468,749.1799609,145.13669898627555,-37.91375258477584,topo,False,True,10585197#1,0,,False,898.4802709980868,749.6977424006909,898.4802709980868,749.6977424006909,910.84,750.08,-37.913751366926306,145.13683960978673,12.365638757175672,12.365638757175672,11.485434154031072,0.7483656248039484,prox=0.746 head=0.500 conn=1.000 turn=1.000,,4.841700021643192,0.0,,,
886.7105609,756.1438954,886.4763463,755.3649646,145.1365666237979,-37.91369239665781,topo,False,True,-10585181#6,0,,False,886.7105609008577,756.143895400688,886.7105609008577,756.143895400688,886.4763463120844,755.3649645968819,-37.91369937128453,145.1365637835938,0.8133816267363727,0.8133816267363727,0.8133816267363726,0.6194123523781014,prox=0.999 head=0.500 conn=0.100 turn=0.500,,5.262400023639202,0.0,,,
879.7532188,758.3085604,879.4870625,757.3614182,145.13648800731247,-37.91367164383246,topo,False,True,-10585181#6,0,,False,879.7532187988982,758.3085604002699,879.7532187988982,758.3085604002699,884.83,755.86,-37.91369461538749,145.13654517631548,5.636413345171857,5.636413345171857,1.112493471045338,0.8489013854843671,prox=0.997 head=0.500 conn=1.000 turn=1.000,,4.951699986122549,0.0,,,
872.2421782,760.1186026,872.0484145,759.3687637,145.13640301442138,-37.91365398576357,topo,False,True,-10585181#5,0,,False,872.2421782003948,760.1186025999486,872.2421782003948,760.1186025999486,872.0484145155834,759.3687636826988,-37.91366070560439,145.13640064076463,0.7744693456645365,0.7744693456645365,0.7744693456645365,0.8294671971485769,prox=0.999 head=0.500 conn=0.900 turn=1.000,,5.355399975087494,0.0,,,
862.0762073,762.6195013,861.9354893,762.1050544,145.13628799073868,-37.91362962603101,topo,False,True,-10585181#5,0,,False,862.0762073030928,762.6195013010874,862.0762073030928,762.6195013010874,870.07,759.88,-37.913655743932026,145.13637826140604,8.450182782625902,8.450182782625902,3.9339033171909654,0.8364777642444169,prox=0.966 head=0.500 conn=1.000 turn=1.000,,5.438400025013834,0.0,,,
853.3216574,763.389862,853.6220987,764.4626978,145.13618862224223,-37.913621109545346,topo,False,True,-10585181#4,0,,False,853.3216574009275,763.3898620009422,853.3216574009275,763.3898620009422,855.56,763.92,-37.913616737109955,145.13621419385413,2.300266047410015,2.300266047410015,1.7148691311844926,0.8273944995880435,prox=0.993 head=0.500 conn=0.900 turn=1.000,,5.423500027973205,0.0,,,
845.168955,768.2360461,844.8107341,766.9155455,145.136097023808,-37.91357598534744,topo,False,True,-10585181#3,0,,False,845.1689549993025,768.2360461009666,845.1689549993025,768.2360461009666,844.8107341014437,766.9155455363106,-37.91358781622069,145.13609265041362,1.3682265722166707,1.3682265722166707,1.3682265722166707,0.828339417418498,prox=0.996 head=0.500 conn=0.900 turn=1.000,,5.353199958335608,0.0,,,
837.498473,769.5230725,837.3408114,768.9417755,145.1360100992797,-37.91356300973656,topo,False,True,-10585181#3,0,,False,837.4984729993157,769.5230724997818,837.4984729993157,769.5230724997818,840.85,767.99,-37.91357742378788,145.1360478592066,3.685518216737414,3.685518216737414,0.6205370269297923,0.8496578653353913,prox=0.999 head=0.500 conn=1.000 turn=1.000,,5.4836999624967575,0.0,,,
827.8713806,773.6724414,827.3254937,771.6557888,145.13590157804921,-37.91352389687467,topo,False,True,-10585181#2,0,,False,827.8713805997977,773.6724413987249,827.8713805997977,773.6724413987249,827.3254936033726,771.6557888004664,-37.91354196504326,145.13589491246987,2.0892295984234677,2.0892295984234677,2.0892295984234677,0.8261388626621781,prox=0.990 head=0.500 conn=0.900 turn=1.000,,5.291400011628866,0.0,,,
815.9660618,775.6707325,815.7392977,774.8700591,145.1357666632318,-37.9135037509053,topo,False,True,-10585181#1,0,,False,815.9660618008347,775.6707325000316,815.9660618008347,775.6707325000316,815.7392976443897,774.8700590587567,-37.91351092271656,145.1357639027314,0.8321658141327007,0.8321658141327007,0.8321658141327007,0.8293849178886716,prox=0.998 head=0.500 conn=0.900 turn=1.000,,5.328200000803918,0.0,,,
809.8181155,777.3286818,809.6131789,776.6050787,145.13569713517236,-37.91348770800912,topo,False,True,-10585181#1,0,,False,809.8181154988706,777.3286818005145,809.8181154988706,777.3286818005145,809.613178953053,776.6050786881214,-37.91349418948259,145.1356946403837,0.7520641276358415,0.7520641276358415,0.7520641276358416,0.8494975598647078,prox=0.999 head=0.500 conn=1.000 turn=1.000,,5.438799969851971,0.0,,,
802.8747846,779.2540613,802.6814084,778.5866013,145.13561862406468,-37.91346911268202,topo,False,True,-10585181#1,0,,False,802.8747845989419,779.2540613012388,802.8747845989419,779.2540613012388,802.681408343036,778.5866013211765,-37.9134750904853,145.13561627348452,0.6949080524306468,0.6949080524306468,0.6949080524306468,0.849570988271721,prox=0.999 head=0.500 conn=1.000 turn=1.000,,5.336600006558001,0.0,,,
795.1016599,781.7436347,794.9118586,781.3965207,145.1355308061714,-37.91344528538498,topo,False,True,-10585181#1,0,,False,795.1016599017894,781.7436346998438,795.1016599017894,781.7436346998438,800.15,779.32,-37.913468027732186,145.13558765696487,5.599977045085784,5.599977045085784,2.9928168767177445,0.8421169775628344,prox=0.980 head=0.500 conn=1.000 turn=1.000,,4.937399993650615,0.0,,,
790.3101545,784.4668214,790.0457271,784.1919364,145.1354769438764,-37.91341989085235,topo,False,True,-10585181#0,0,,False,790.3101545011159,784.4668213995174,790.3101545011159,784.4668213995174,796.46,780.55,-37.913456282700665,145.1355459796608,7.291233745797957,7.291233745797957,5.513443185788067,0.8038719324165048,prox=0.935 head=0.500 conn=0.900 turn=1.000,,5.389099998865277,0.0,,,
782.776669,789.0221753,785.7858295,790.0548094,145.13539232077449,-37.9133774975718,topo,False,True,-1209653402#0,0,,False,782.7766690008575,789.0221753008664,782.7766690008575,789.0221753008664,786.54,795.1,-37.91332342516832,145.1354364939851,7.148609185184603,7.148609185184603,1.649305277584198,0.827589330898659,prox=0.994 head=0.500 conn=0.900 turn=1.000,,4.952899995259941,0.0,,,
793.3967388,809.4368589,794.5041432,808.7699824,145.1355177189837,-37.91319551071329,topo,False,True,-1209653402#0,0,,False,793.3967388027231,809.4368588998914,793.3967388027231,809.4368588998914,792.27,805.06,-37.913234735522,145.135503911998,4.519561279496141,4.519561279496141,3.2300998277878143,0.8408324266510531,prox=0.977 head=0.500 conn=1.000 turn=1.000,,5.563999991863966,0.0,,,
800.2845003,819.6270833,801.0512319,819.1410947,145.13559835337153,-37.913104955701634,topo,False,True,-1209653401,0,,False,800.2845002997201,819.6270832996815,800.2845002997201,819.6270832996815,801.0512319239715,819.1410946780145,-37.91310947175887,145.1356069609044,0.9077787858377371,0.9077787858377371,0.9077787858377371,0.8292681704422394,prox=0.998 head=0.500 conn=0.900 turn=1.000,,5.623100034426898,0.0,,,
805.4369479,827.3882689,806.037415,827.0076662,145.13565870392196,-37.91303596935927,topo,False,True,-1209653401,0,,False,805.4369479007437,827.3882688991725,805.4369479007437,827.3882688991725,806.0374149715609,827.007666149954,-37.9130395061131,145.13566544492159,0.7109283760326962,0.7109283760326962,0.7109283760326962,0.8495509907285436,prox=0.999 head=0.500 conn=1.000 turn=1.000,,5.057100031990558,0.0,,,
808.7954472,835.198677,810.5316909,834.0981685,145.13569866764436,-37.91296621635803,topo,False,True,-1209653401,0,,False,808.795447198092,835.1986770005897,808.795447198092,835.1986770005897,810.5316908749533,834.0981684983876,-37.912976442833454,145.13571815915734,2.055641279226428,2.055641279226428,2.0556412792264274,0.8462614375193961,prox=0.991 head=0.500 conn=1.000 turn=1.000,,5.630499974358827,0.0,,,
816.0292122,847.2270003,818.0439072,845.949997,145.13578365373797,-37.9128591654869,topo,False,True,-1209653401,0,,False,816.0292122003739,847.2270002998412,816.0292122003739,847.2270002998412,818.0439071562861,845.9499969863816,-37.912871032023475,145.13580627119862,2.38531616939238,2.38531616939238,2.38531616939238,0.8449742984189209,prox=0.987 head=0.500 conn=1.000 turn=1.000,,5.235499993432313,0.0,,,
822.5772049,856.0953716,820.4189502,856.9715699,145.13586012354418,-37.91278045664447,topo,False,True,-73530943#10,0,,False,822.5772048988729,856.0953715993091,822.5772048988729,856.0953715993091,821.4495933365074,856.5531541492326,-37.91277612967899,145.13584740628005,1.2169933026088082,1.2169933026088082,1.2169933026088082,0.828685655054844,prox=0.997 head=0.500 conn=0.900 turn=1.000,,5.1750000566244125,0.0,,,
824.7399559,865.214302,823.9031444,865.5540168,145.13588678838676,-37.912698700649365,topo,False,True,-73530943#10,0,,False,824.7399558995385,865.2143019996583,824.7399558995385,865.2143019996583,822.65,859.51,-37.91274970992666,145.1358617277174,6.075111271846967,6.075111271846967,3.3152793810652996,0.8403485003382428,prox=0.976 head=0.500 conn=1.000 turn=1.000,,4.99739998485893,0.0,,,
828.850454,874.3713899,827.6849977,874.8463133,145.13593560840246,-37.912616951795364,topo,False,True,-73530943#9,0,,False,828.8504540002323,874.3713899012655,828.8504540002323,874.3713899012655,828.717276576132,874.4256073937453,-37.91261643939904,145.1359341064572,0.1437906908696716,0.1437906908696716,0.1437906908696716,0.829981621966398,prox=1.000 head=0.500 conn=0.900 turn=1.000,,5.2063000039197505,0.0,,,
828.9681083,878.5281864,829.0866496,878.4851237,145.13593789135882,-37.912579527518446,topo,False,True,-73530943#9,0,,False,828.9681082997704,878.528186400421,828.9681082997704,878.528186400421,830.1336093126906,878.1049430325862,-37.91258355016147,145.13595104726483,1.2399707897907033,1.2399707897907033,1.239970789790703,0.8486356409850296,prox=0.997 head=0.500 conn=1.000 turn=1.000,,5.185699963476509,0.0,,,
833.6325484,890.9675075,833.6224824,890.9711641,145.1359937560366,-37.9124683112392,topo,False,True,-73530943#9,0,,False,833.6325483994442,890.9675075020641,833.6325483994442,890.9675075020641,834.668008737831,890.5914874763242,-37.912471885050365,145.13600544405904,1.1016211563552423,1.1016211563552423,1.1016211563552423,0.8489227251083428,prox=0.997 head=0.500 conn=1.000 turn=1.000,,5.336300004273653,0.0,,,
838.1765216,900.0909357,837.1026682,900.4850986,145.1360474968666,-37.9123869436299,topo,False,True,-73530943#9,0,,False,838.1765216001659,900.0909356996417,838.1765216001659,900.0909356996417,835.815,893.75,-37.91244363898791,145.13601920388018,6.766405974743191,6.766405974743191,2.6679206158826054,0.843722841131818,prox=0.984 head=0.500 conn=1.000 turn=1.000,,5.497799953445792,0.0,,,
844.011745,909.452055,840.8558474,910.6282608,145.13611597351843,-37.91230366740132,topo,False,True,-73530943#8,0,,False,844.0117449978716,909.4520550007,844.0117449978716,909.4520550007,841.9000518484344,910.2387041178102,-37.91229620068912,145.13609214178933,2.253456187910083,2.253456187910083,2.2534561879100825,0.8255115374871216,prox=0.989 head=0.500 conn=0.900 turn=1.000,,5.298800009768456,0.0,,,
848.5066586,919.0572531,844.4392609,920.494727,145.1361692657982,-37.912217950984896,topo,False,True,-73530943#8,0,,False,848.5066585998866,919.0572531009093,848.5066585998866,919.0572531009093,843.765,915.245,-37.91225143863695,145.13611448503318,6.084126887505795,6.084126887505795,2.7039312011258416,0.8435536260931454,prox=0.984 head=0.500 conn=1.000 turn=1.000,,5.4089000332169235,0.0,,,
851.6565402,932.2482302,848.7071639,933.2357,145.13620807978316,-37.91209969066598,topo,False,True,-73530943#7,0,,False,851.6565401992993,932.2482302002609,851.6565401992993,932.2482302002609,849.7624056132674,932.8823516987586,-37.91209363716802,145.13618668713102,1.9974623663186333,1.9974623663186333,1.9974623663186333,0.8264691374738039,prox=0.991 head=0.500 conn=0.900 turn=1.000,,5.494999990332872,0.0,,,
856.5206012,940.5459321,851.695542,942.1613924,145.13626527185667,-37.91202581894555,topo,False,True,-73530943#7,0,,False,856.5206012006965,940.5459320992231,856.5206012006965,940.5459320992231,852.7505718722008,941.8080687313272,-37.91201377026036,145.13622269259153,3.975689879230675,3.975689879230675,3.9756898792306754,0.8361940093852592,prox=0.965 head=0.500 conn=1.000 turn=1.000,,5.213500000536442,0.0,,,
859.8890609,955.4278488,856.515406,956.5573697,145.13630695526635,-37.911892365536616,topo,False,True,-73530943#7,0,,False,859.8890609004302,955.4278488000855,859.8890609004302,955.4278488000855,857.5701274569744,956.2041851601966,-37.911884954439444,145.13628076493183,2.4454346156068496,2.4454346156068496,2.4454346156068496,0.844719475450724,prox=0.987 head=0.500 conn=1.000 turn=1.000,,5.292500020004809,0.0,,,
864.3422803,967.4502074,860.5837142,968.708599,145.13636032242033,-37.91178486710512,topo,False,True,-73530943#7,0,,False,864.3422803007998,967.4502074001357,864.3422803007998,967.4502074001357,861.6381633682656,968.3554961235542,-37.91177622501125,145.13632978181127,2.851630420928789,2.851630420928789,2.851630420928789,0.8428366549473488,prox=0.982 head=0.500 conn=1.000 turn=1.000,,5.036500049754977,0.0,,,
867.8318063,977.4898228,863.9579628,978.78681,145.1364022813064,-37.911695056143635,topo,False,True,-73530943#7,0,,False,867.8318063010811,977.4898228012025,867.8318063010811,977.4898228012025,865.0121876475881,978.4337793811259,-37.91168604492945,145.13637043624044,2.973432927763136,2.973432927763136,2.973432927763136,0.8422177641248626,prox=0.981 head=0.500 conn=1.000 turn=1.000,,5.023699952289462,0.0,,,
866.9945742,983.6768763,865.736241,984.0981742,145.13639416824526,-37.91163917079684,topo,False,True,-73530943#7,0,,False,866.9945742011187,983.6768763000146,866.9945742011187,983.6768763000146,866.7903675068449,983.7452409536834,-37.91163851817319,145.13639186191517,0.2153464646969956,0.2153464646969956,0.2153464646969956,0.8499587807018386,prox=1.000 head=0.500 conn=1.000 turn=1.000,,5.086300021503121,0.0,,,
867.7545691,987.1500302,866.8584701,987.4500498,145.13640359905085,-37.91160802061004,topo,False,True,-73530943#7,0,,False,867.7545690987026,987.1500302003697,867.7545690987026,987.1500302003697,867.9125249659373,987.0971494748045,-37.91160852542058,145.13640538301897,0.16657258817153994,0.16657258817153994,0.16657258817153994,0.8499753372695616,prox=1.000 head=0.500 conn=1.000 turn=1.000,,5.071400024462491,0.0,,,
870.3571849,1000.11233,869.4582502,1000.24184,145.13643613781218,-37.911491721608755,topo,False,True,-73530943#6,0,,False,870.3571848995052,1000.1123299989849,870.3571848995052,1000.1123299989849,870.5579163837638,1000.0834055642099,-37.91149201831795,145.1364384135897,0.20280471320877094,0.20280471320877094,0.20280471320877094,0.8299634418914323,prox=1.000 head=0.500 conn=0.900 turn=1.000,,5.227499990724027,0.0,,,
871.471699,1011.031408,871.0220437,1011.09619,145.13645129206495,-37.91139356046671,topo,False,True,-73530943#6,0,,False,871.4716990001034,1011.0314079988748,871.4716990001034,1011.0314079988748,872.1219686962631,1010.9377072847977,-37.91139452165491,145.13645866443736,0.6569859218904374,0.6569859218904374,0.6569859218904374,0.8496165123890683,prox=0.999 head=0.500 conn=1.000 turn=1.000,,5.378499976359308,0.0,,,
873.2308034,1022.866075,872.7281718,1022.93849,145.1364739834782,-37.91128726754305,topo,False,True,-73530943#6,0,,False,873.2308034006273,1022.8660749997944,873.2308034006273,1022.8660749997944,873.8283809664586,1022.7799669665192,-37.9112881508435,145.1364807584491,0.6037495677673677,0.6037495677673677,0.6037495677673678,0.8496761191582528,prox=0.999 head=0.500 conn=1.000 turn=1.000,,5.692899983841926,0.0,,,
875.7222179,1035.867199,874.6026408,1036.028038,145.13650526641888,-37.91117059874551,topo,False,True,-73530943#5,0,,False,875.7222179000382,1035.8671989999712,875.7222179000382,1035.8671989999712,875.7071136935257,1035.8693688713654,-37.91117057647868,145.13650509517535,0.015259272467624893,0.015259272467624893,0.015259272467624893,0.8299997930263681,prox=1.000 head=0.500 conn=0.900 turn=1.000,,5.525200045667589,0.0,,,
876.9572472,1049.467435,876.5419172,1049.527101,145.1365224001935,-37.91104830672589,topo,False,True,-73530943#5,0,,False,876.9572472008877,1049.4674350013956,876.9572472008877,1049.4674350013956,877.6463901703979,1049.368432672817,-37.911049322667516,145.13653021332107,0.696217992793498,0.696217992793498,0.6962179927934982,0.8495693701970463,prox=0.999 head=0.500 conn=1.000 turn=1.000,,5.402699986007065,0.0,,,
878.3798339,1062.245585,878.3692734,1062.247102,145.1365414795907,-37.910933454038314,topo,False,True,-73530943#5,0,,False,878.3798339002533,1062.2455850010738,878.3798339002533,1062.2455850010738,879.4737463975881,1062.0884334530078,-37.9109350666926,145.13655388175604,1.105143049964501,1.105143049964501,1.105143049964501,0.8489158353390979,prox=0.997 head=0.500 conn=1.000 turn=1.000,,5.473299999721348,0.0,,,
880.4344303,1075.276387,880.2449715,1075.303604,145.13656780234388,-37.91081643920095,topo,False,True,-73530943#5,0,,False,880.4344303017715,1075.2763870013878,880.4344303017715,1075.2763870013878,881.349444492366,1075.1449359969386,-37.91081778811936,145.13657817624494,0.9244081001160165,0.9244081001160165,0.9244081001160166,0.849241138230212,prox=0.998 head=0.500 conn=1.000 turn=1.000,,4.951200040522963,0.0,,,
882.0412909,1087.735292,882.0320761,1087.736617,145.13658890423963,-37.91070449552311,topo,False,True,-73530943#5,0,,False,882.0412909002043,1087.7352919997647,882.0412909002043,1087.7352919997647,883.1367965913165,1087.5777857118258,-37.91070611165398,145.13660132440208,1.1067705046663894,1.1067705046663894,1.1067705046663894,0.8489126442121245,prox=0.997 head=0.500 conn=1.000 turn=1.000,,5.225999979302287,0.0,,,
884.2992268,1099.614785,883.7508936,1099.693608,145.13661727712514,-37.91059788857222,topo,False,True,-73530943#5,0,,False,884.2992267986992,1099.6147849997506,884.2992267986992,1099.6147849997506,884.8559083951171,1099.5347481249746,-37.9105987098081,145.1366235884262,0.5624058153275701,0.5624058153275701,0.5624058153275378,0.8497189429643867,prox=0.999 head=0.500 conn=1.000 turn=1.000,,5.351400002837181,0.0,,,
887.112898,1112.484404,885.6357201,1112.699935,145.13665219368102,-37.91048246236958,topo,False,True,-73530943#5,0,,False,887.1128979990026,1112.4844040004537,887.1128979990026,1112.4844040004537,886.7405446916688,1112.5387331307052,-37.91048190590938,145.1366479723634,0.3762959471962372,0.3762959471962372,0.3762959471962372,0.849874154342897,prox=1.000 head=0.500 conn=1.000 turn=1.000,,5.26409997837618,0.0,,,
886.5541439,1125.619056,887.4956957,1125.482232,145.13664882586465,-37.91036404140346,topo,False,True,-73530943#4,0,,False,886.5541438990622,1125.6190560003743,886.5541438990622,1125.6190560003743,888.7049999999999,1126.04,-37.91036063672999,145.13667337677836,2.191660516084095,2.191660516084095,2.1916605160840956,0.8257530393174313,prox=0.989 head=0.500 conn=0.900 turn=1.000,,5.484699970111251,0.0,,,
889.6955381,1138.410757,889.1246755,1138.479482,145.13668745074332,-37.91024937609986,topo,False,True,-73530943#3,0,,False,889.6955380996224,1138.4107569996268,889.6955380996224,1138.4107569996268,890.125,1137.4899999999998,-37.9102577478489,145.13669212445717,1.0159876850818845,1.0159876850818845,0.9943388859636277,0.8291221115984617,prox=0.998 head=0.500 conn=0.900 turn=1.000,,5.189699993934482,0.0,,,
890.010864,1151.335179,890.7432041,1151.239905,145.13669397334854,-37.91013300632584,topo,False,True,-73530943#2,0,,False,890.0108639992541,1151.3351789992303,890.0108639992541,1151.3351789992303,891.8433383923006,1151.0968052945116,-37.910135483617964,145.13671475435115,1.8479135326828442,1.8479135326828442,1.8479135326828442,0.8269761237838686,prox=0.992 head=0.500 conn=0.900 turn=1.000,,4.855500010307878,0.0,,,
891.8387706,1163.221826,892.2942979,1163.162564,145.13671745804234,-37.91002625745365,topo,False,True,-73530943#2,0,,False,891.8387705995701,1163.2218260001391,891.8387705995701,1163.2218260001391,893.39427545522,1163.01948131442,-37.91002836031128,145.13673509807344,1.5686104448808305,1.5686104448808305,1.5686104448808307,0.8478188230876856,prox=0.995 head=0.500 conn=1.000 turn=1.000,,5.225600034464151,0.0,,,
895.7977194,1178.422826,894.3048679,1178.61704,145.13676592569783,-37.90989003572587,topo,False,True,-73530943#2,0,,False,895.7977193999104,1178.4228260004893,895.7977193999104,1178.4228260004893,895.4046397509343,1178.4739589672208,-37.90988950433054,145.13676146802942,0.3963914614695599,0.3963914614695599,0.3963914614695599,0.8498603566559143,prox=1.000 head=0.500 conn=1.000 turn=1.000,,5.529200017917901,0.0,,,
896.984067,1190.925514,895.9240949,1191.063413,145.1367822557242,-37.909777621857536,topo,False,True,-73530943#2,0,,False,896.9840669983532,1190.925514000468,896.9840669983532,1190.925514000468,897.0237042400416,1190.920357870493,-37.90977767544212,145.1367827052245,0.0399711971922752,0.0399711971922752,0.0399711971922752,0.8499985798277611,prox=1.000 head=0.500 conn=1.000 turn=1.000,,5.387399985920638,0.0,,,
897.2836667,1201.277417,897.2570679,1201.280887,145.1367880146827,-37.90968442315602,topo,False,True,-73530943#2,0,,False,897.2836667003576,1201.2774170003831,897.2836667003576,1201.2774170003831,898.3620373582714,1201.136090504165,-37.909685890424775,145.136800243533,1.08759204409691,1.08759204409691,1.08759204409691,0.8489499527065004,prox=0.997 head=0.500 conn=1.000 turn=1.000,,5.550500005483627,0.0,,,
898.7930569,1205.550843,896.8581486,1203.102592,145.1368061474505,-37.90964619878614,topo,False,True,-73530943#2,0,,False,898.7930569008458,1205.5508430013433,898.7930569008458,1205.5508430013433,898.375,1201.2350000000001,-37.90968500175613,145.13680041339458,4.336043402064578,4.336043402064578,2.0642902700555283,0.8462300607996013,prox=0.991 head=0.500 conn=1.000 turn=1.000,,5.5195000022649765,0.0,,,
885.7958086,1208.22582,885.904876,1206.000162,145.13665897805657,-37.909619761640556,topo,False,True,298236188#0,0,,False,885.7958085996797,1208.2258200012147,885.7958085996797,1208.2258200012147,892.36,1205.2,-37.90964820097272,145.1367329245382,7.22801462503983,7.22801462503983,4.86047816755864,0.8095423626646467,prox=0.949 head=0.500 conn=0.900 turn=1.000,,5.460700020194054,0.0,,,
879.229121,1205.123524,879.3952242,1204.86104,145.13658361045307,-37.909646525477626,topo,False,True,298236188#1,0,,False,879.2291210004478,1205.1235240008682,879.2291210004478,1205.1235240008682,879.3952240275588,1204.8610402049396,-37.90964891991049,145.13658543936944,0.31062510964267287,0.31062510964267287,0.31062510964267287,0.8299142421198957,prox=1.000 head=0.500 conn=0.900 turn=1.000,,5.413300008513033,0.0,,,
874.592923,1203.096833,875.319585,1202.110929,145.1365304367361,-37.90966394757507,topo,False,True,298236188#1,0,,False,874.5929230009206,1203.096833000891,874.5929230009206,1203.096833000891,876.96,1203.32,-37.90966236348257,145.13655740087762,2.3775737694259687,2.3775737694259687,1.1314189027574661,0.8488637424844118,prox=0.997 head=0.500 conn=1.000 turn=1.000,,4.990399989765137,0.0,,,
870.1261329,1201.943404,871.9540451,1199.367709,145.1364793876321,-37.90967353358433,topo,False,True,988580231,0,,False,870.1261328994296,1201.9434040011838,870.1261328994296,1201.9434040011838,866.35,1200.78,-37.90968333380678,145.1364361889505,3.95128947865445,3.95128947865445,0.49683192222766026,0.8297806450930996,prox=0.999 head=0.500 conn=0.900 turn=1.000,,5.832299997564405,0.0,,,
864.2337142,1199.465221,864.2466492,1196.998342,145.13641182814504,-37.909694796559876,topo,False,True,988580231,0,,False,864.2337142007891,1199.4652210008353,864.2337142007891,1199.4652210008353,864.242811392729,1200.7944218231676,-37.909682824412556,145.13641223370877,1.3292319530427972,1.3292319530427972,1.3292319530427972,0.8484325391382724,prox=0.996 head=0.500 conn=1.000 turn=1.000,,5.228699999861419,0.0,,,
856.0975097,1200.295892,856.1150238,1196.955704,145.13631950914032,-37.909685848383866,topo,False,True,988580231,0,,False,856.0975096991751,1200.295891999267,856.0975096991751,1200.295891999267,856.101303053216,1200.8501431730197,-37.90968085622903,145.13631967825881,0.5542641546600635,0.5542641546600635,0.5542641546600635,0.8497270187436229,prox=0.999 head=0.500 conn=1.000 turn=1.000,,5.110899975989014,0.0,,,
852.7936667,1199.902876,853.12,1196.94,145.13628185544394,-37.90968879375274,topo,False,True,988580231,0,,False,852.7936666989699,1199.9028760008514,852.7936666989699,1199.9028760008514,853.2,1200.87,-37.90968015483075,145.13628669525582,1.049016482832867,1.049016482832867,1.049016482832867,0.8490230300729328,prox=0.998 head=0.500 conn=1.000 turn=1.000,,5.474300007335842,0.0,,,
849.6290163,1198.990335,851.1345276,1196.394626,145.13624566625128,-37.90969644419423,topo,False,True,988580231,0,,False,849.6290163000813,1198.9903349997476,849.6290163000813,1198.9903349997476,853.2,1200.87,-37.90968015483075,145.13628669525582,4.035475820551907,4.035475820551907,3.830219825188331,0.8371697585879404,prox=0.968 head=0.500 conn=1.000 turn=1.000,,5.3121999953873456,0.0,,,
849.2285998,1187.74114,849.8203458,1187.732482,145.13623855635373,-37.909797707731386,topo,False,True,988580231,0,,False,849.2285998005536,1187.7411399986595,849.2285998005536,1187.7411399986595,853.2,1200.87,-37.90968015483075,145.13628669525582,13.716376506897104,13.716376506897104,13.716376506897102,0.713322078217285,prox=0.658 head=0.500 conn=1.000 turn=1.000,,5.339200026355684,0.0,,,
849.5777129,1184.682391,849.7756763,1184.679494,145.13624183041466,-37.909825324609514,topo,False,True,988580231,0,,False,849.5777128989575,1184.6823909999803,849.5777128989575,1184.6823909999803,853.2,1200.87,-37.90968015483075,145.13628669525582,16.587936851214955,16.587936851214955,16.587936851214955,0.6670219847207645,prox=0.543 head=0.500 conn=1.000 turn=1.000,,5.302299978211522,0.0,,,
849.6205898,1182.268737,849.7403779,1182.266985,145.13624176924102,-37.90984707515027,topo,False,True,988580231,0,,False,849.6205897999462,1182.2687370004132,849.6205897999462,1182.2687370004132,853.2,1200.87,-37.90968015483075,145.13628669525582,18.942522602864727,18.942522602864727,18.942522602864727,0.630203835621905,prox=0.451 head=0.500 conn=1.000 turn=1.000,,5.350499995984137,0.0,,,
849.4400157,1179.803328,849.7042746,1179.799462,145.13623915568067,-37.90986925166844,topo,False,True,988580230#0,0,,False,849.4400156998308,1179.8033280009404,849.4400156998308,1179.8033280009404,849.7042746199149,1179.7994615226498,-37.90986933409332,145.13624215940598,0.26428720456803734,0.26428720456803734,0.26428720456803734,0.6199379179502262,prox=1.000 head=0.500 conn=0.100 turn=0.500,,5.2779000252485275,0.0,,,
848.2961606,1176.670533,849.6582024,1176.650604,145.1362254379677,-37.909897266677895,topo,False,True,988580230#0,0,,False,848.2961606006138,1176.6705329995602,848.2961606006138,1176.6705329995602,849.6582024281913,1176.650604419078,-37.90989769151295,145.13624091975754,1.362187611304232,1.362187611304232,1.362187611304232,0.8483540136074467,prox=0.996 head=0.500 conn=1.000 turn=1.000,,5.509899987373501,0.0,,,
849.0235496,1171.127123,849.5772676,1171.119021,145.1362324481717,-37.909947334153465,topo,False,True,988580230#0,0,,False,849.0235496000387,1171.1271230001003,849.0235496000387,1171.1271230001003,849.577267616528,1171.1190213296284,-37.909947506863865,145.13623874206928,0.5537772827133278,0.5537772827133278,0.5537772827133279,0.8497274979493551,prox=0.999 head=0.500 conn=1.000 turn=1.000,,5.369300022721291,0.0,,,
849.9416077,1163.76567,849.4697788,1163.772574,145.1362412129943,-37.910013813369474,topo,False,True,988580230#0,0,,False,849.9416077000787,1163.7656699996442,849.9416077000787,1163.7656699996442,849.4697787909178,1163.7725735177298,-37.91001366620114,145.13623584989358,0.47187941052986115,0.47187941052986115,0.47187941052986115,0.8498021199146245,prox=1.000 head=0.500 conn=1.000 turn=1.000,,5.1438999944366515,0.0,,,
847.8332104,1156.616768,849.0717248,1156.410349,145.13621561547845,-37.910077832782235,topo,False,True,988580230#0,0,,False,847.8332104004221,1156.6167680006474,847.8332104004221,1156.6167680006474,849.39,1158.32,-37.91006277002045,145.13623370330006,2.3075079850289177,2.3075079850289177,0.8455803552382349,0.849364943644117,prox=0.998 head=0.500 conn=1.000 turn=1.000,,5.2281999960541725,0.0,,,
842.4430905,1155.626758,842.1014957,1153.129657,145.13615410498033,-37.910085780219795,topo,False,True,E9,0,,False,842.4430905011832,1155.626757999882,842.4430905011832,1155.626757999882,842.1014957136831,1153.1296568634095,-37.910108213222806,145.13614965337845,2.5203573327248256,2.5203573327248256,2.5203573327248256,0.8243932644821813,prox=0.986 head=0.500 conn=0.900 turn=1.000,,4.8720999620854855,0.0,,,
837.5843969,1155.212322,837.387706,1153.774487,145.13609876761848,-37.91008863842736,topo,False,True,E9,0,,False,837.5843969002599,1155.2123220004141,837.5843969002599,1155.2123220004141,837.3877060469317,1153.7744869650085,-37.9101015553868,145.13609620436924,1.4512259923330286,1.4512259923330286,1.4512259923330286,0.8481323233297821,prox=0.995 head=0.500 conn=1.000 turn=1.000,,5.360499955713749,0.0,,,
832.7815976,1154.968875,832.7058229,1154.414952,145.1360441046436,-37.91008996636399,topo,False,True,E9,0,,False,832.7815976007842,1154.9688750002533,832.7815976007842,1154.9688750002533,832.7058229026062,1154.4149523648382,-37.91009494259231,145.13604311715417,0.5590814707260394,0.5590814707260394,0.5590814707260394,0.849722254614199,prox=0.999 head=0.500 conn=1.000 turn=1.000,,5.431899975519627,0.0,,,
830.3571006,1155.828107,829.9562282,1155.777203,145.13601673356322,-37.91008178946336,topo,False,True,E9,0,,False,830.3571006026468,1155.8281070003286,830.3571006026468,1155.8281070003286,831.28,1154.61,-37.91009292872404,145.13602694995072,1.5282434236353153,1.5282434236353153,1.0811424343314908,0.8489623535856766,prox=0.997 head=0.500 conn=1.000 turn=1.000,,5.445100017823279,0.0,,,
829.3268714,1167.364716,830.0071426,1167.358172,145.13600764279505,-37.90997767915402,topo,False,True,E10,0,,False,829.3268714002334,1167.3647159999236,829.3268714002334,1167.3647159999236,830.0071426016245,1167.3581721949752,-37.90997786063868,145.1360153759506,0.6803026744217616,0.6803026744217616,0.6803026744217616,0.8295888232744113,prox=0.999 head=0.500 conn=0.900 turn=1.000,,5.4907999583519995,0.0,,,
829.2738282,1174.819517,830.0788418,1174.811774,145.13600873456866,-37.90991051483753,topo,False,True,E10,0,,False,829.2738282008795,1174.8195170005783,829.2738282008795,1174.8195170005783,830.0788418171044,1174.8117732476828,-37.909910729600966,145.13601788575698,0.805050860515252,0.805050860515252,0.805050860515252,0.8494243196461654,prox=0.999 head=0.500 conn=1.000 turn=1.000,,5.509699985850602,0.0,,,
829.1520637,1185.60326,830.1825542,1185.593348,145.13600980182332,-37.909813350176535,topo,False,True,E10,0,,False,829.1520636997884,1185.6032600011677,829.1520636997884,1185.6032600011677,830.1825541563297,1185.5933472949775,-37.909813625092575,145.13602151615913,1.030538132611666,1.030538132611666,1.030538132611666,0.8490571052025243,prox=0.998 head=0.500 conn=1.000 turn=1.000,,5.540299986023456,0.0,,,
831.6995503,1197.209406,830.2944238,1197.222923,145.13604140516068,-37.90970925789834,topo,False,True,E10,0,,False,831.6995502992067,1197.2094059996307,831.6995502992067,1197.2094059996307,830.2944237629007,1197.222922482414,-37.90970888303922,145.13602543208597,1.4051915450707388,1.4051915450707388,1.4051915450707388,0.8482486777809389,prox=0.996 head=0.500 conn=1.000 turn=1.000,,5.590800021309406,0.0,,,
831.2091802,1208.774557,830.405618,1208.782287,145.13603845900568,-37.90960498771334,topo,False,True,E10,0,,False,831.2091802002979,1208.7745570009574,831.2091802002979,1208.7745570009574,830.405617982527,1208.7822867922619,-37.90960477333969,145.13602932435415,0.8035993949116611,0.8035993949116611,0.8035993949116612,0.8494263921316515,prox=0.999 head=0.500 conn=1.000 turn=1.000,,5.219399987254292,0.0,,,
828.5238291,1220.12277,830.5145225,1220.103621,145.13601050688916,-37.90950227638759,topo,False,True,E10,0,,False,828.5238290998386,1220.1227700011805,828.5238290998386,1220.1227700011805,830.5145224911751,1220.1036207130162,-37.90950280746461,145.1360331364562,1.9907854915956558,1.9907854915956558,1.9907854915956558,0.8464925994770437,prox=0.991 head=0.500 conn=1.000 turn=1.000,,5.219200043939054,0.0,,,
828.4349328,1230.303409,830.6124369,1230.282463,145.1360118107052,-37.909410550556615,topo,False,True,E10,0,,False,828.4349328003591,1230.3034089999273,828.4349328003591,1230.3034089999273,830.6124369059739,1230.2824627036375,-37.90941113146969,145.13603656384612,2.1776048487495987,2.1776048487495987,2.1776048487495983,0.8458070526871299,prox=0.990 head=0.500 conn=1.000 turn=1.000,,5.094400024972856,0.0,,,
828.3468629,1240.389507,830.7094421,1240.36678,145.1360131024156,-37.90931967652275,topo,False,True,E10,0,,False,828.3468628990813,1240.3895069994032,828.3468628990813,1240.3895069994032,830.7094420531135,1240.3667803910625,-37.90932030680864,145.13603995939502,2.3626884597412183,2.3626884597412183,2.3626884597412183,0.8450686088865219,prox=0.988 head=0.500 conn=1.000 turn=1.000,,5.043900047894567,0.0,,,
829.9217173,1245.618166,830.7598797,1245.610103,145.13603219696628,-37.90927285908465,topo,False,True,E10,0,,False,829.9217172986828,1245.6181659987196,829.9217172986828,1245.6181659987196,830.759879706234,1245.6101033741384,-37.90927308268756,145.13604172489948,0.8382011854842072,0.8382011854842072,0.8382011854842072,0.8493759706261469,prox=0.998 head=0.500 conn=1.000 turn=1.000,,5.355799978133291,0.0,,,
829.4256701,1252.476518,830.7291223,1252.630296,145.13602811620427,-37.90921098793038,topo,False,True,E10,0,,False,829.4256700990954,1252.476518000476,829.4256700990954,1252.476518000476,830.82,1251.86,-37.90921679283494,145.13604382932758,1.524549217791207,1.524549217791207,1.5175626341021118,0.8479581215232616,prox=0.995 head=0.500 conn=1.000 turn=1.000,,5.667800025548786,0.0,,,
826.9442524,1259.554966,826.1693555,1257.554781,145.1360015121933,-37.90914677647853,topo,False,True,E11,0,,False,826.9442523973994,1259.5549659989774,826.9442523973994,1259.5549659989774,826.1693555974329,1257.5547811181975,-37.90916465508019,145.13599224702276,2.145041866234522,2.145041866234522,2.145041866234522,0.8259308789762073,prox=0.990 head=0.500 conn=0.900 turn=1.000,,5.3313999669626355,0.0,,,
818.9946828,1260.161677,819.0113796,1260.0986,145.1359112650186,-37.90913987910779,topo,False,True,E11,0,,False,818.9946828001412,1260.1616769991815,818.9946828001412,1260.1616769991815,820.09,1259.91,-37.909142343583405,145.13592366134796,1.123859902400491,1.123859902400491,0.5088927997417366,0.8497698689976353,prox=0.999 head=0.500 conn=1.000 turn=1.000,,5.066299985628575,0.0,,,
812.0925553,1252.307614,817.9651341,1252.36123,145.13583100337016,-37.90920938718518,topo,False,True,E12,0,,False,812.0925553014968,1252.3076140005141,812.0925553014968,1252.3076140005141,817.9651341086736,1252.3612307867693,-37.90920996207694,145.13589778573441,5.87282356335274,5.87282356335274,5.872823563352741,0.8004876003637661,prox=0.926 head=0.500 conn=0.900 turn=1.000,,4.982799990102649,0.0,,,
811.7846158,1241.152758,818.0669441,1241.210116,145.13582496587802,-37.909309817520786,topo,False,True,E12,0,,False,811.7846158019966,1241.1527580013499,811.7846158019966,1241.1527580013499,818.0669440575646,1241.2101158099588,-37.909310432529445,145.13589640796803,6.282590089200211,6.282590089200211,6.282590089200211,0.8164094232856837,prox=0.916 head=0.500 conn=1.000 turn=1.000,,5.37669996265322,0.0,,,
812.0069873,1230.741789,818.1620071,1230.797984,145.13582512705975,-37.90940364226173,topo,False,True,E12,0,,False,812.0069872994209,1230.7417890001088,812.0069872994209,1230.7417890001088,818.1620070679309,1230.797984479158,-37.90940424481019,145.1358951214976,6.155276296204282,6.155276296204282,6.155276296204282,0.8177010583056336,prox=0.919 head=0.500 conn=1.000 turn=1.000,,5.00479998299852,0.0,,,
812.4125671,1220.175358,818.2585046,1220.228731,145.13582733594305,-37.909498900446856,topo,False,True,E12,0,,False,812.4125670990907,1220.1753580002114,812.4125670990907,1220.1753580002114,818.2585046022759,1220.228731550718,-37.909499472739554,145.13589381560558,5.846181149010155,5.846181149010155,5.846181149010155,0.8207447442139307,prox=0.927 head=0.500 conn=1.000 turn=1.000,,5.5158999748528,0.0,,,
812.8273218,1210.233641,818.3492997,1210.284057,145.13582979118686,-37.909588532699516,topo,False,True,E12,0,,False,812.8273218002869,1210.2336410004646,812.8273218002869,1210.2336410004646,818.3492997228544,1210.2840567921808,-37.90958907327959,145.13589258687603,5.522208066469221,5.522208066469221,5.522208066469222,0.8237915783888076,prox=0.934 head=0.500 conn=1.000 turn=1.000,,5.220000050030649,0.0,,,
813.2983138,1199.478144,818.4475287,1199.525156,145.13583270081324,-37.90968550582066,topo,False,True,E12,0,,False,813.2983138003619,1199.4781440002844,813.2983138003619,1199.4781440002844,818.4475287426006,1199.5251564569928,-37.90968600991033,145.13589125753512,5.149429550198747,5.149429550198747,5.149429550198747,0.8271106759251846,prox=0.943 head=0.500 conn=1.000 turn=1.000,,5.643200012855232,0.0,,,
813.7009164,1188.132659,818.5511382,1188.176941,145.13583469871335,-37.90978778138347,topo,False,True,E12,0,,False,813.7009163997136,1188.1326590003446,813.7009163997136,1188.1326590003446,818.551138217766,1188.1769416426125,-37.90978825620462,145.13588985537055,4.8504239646362945,4.8504239646362945,4.8504239646362945,0.8296247199610439,prox=0.949 head=0.500 conn=1.000 turn=1.000,,5.706199968699366,0.0,,,
813.8710182,1177.788976,818.6455826,1177.832567,145.13583428087966,-37.909880990571864,topo,False,True,E12,0,,False,813.8710182007635,1177.7889759996906,813.8710182007635,1177.7889759996906,818.6455825998271,1177.8325678878969,-37.909881457988575,145.1358885772302,4.774763392412536,4.774763392412536,4.774763392412536,0.830239574306754,prox=0.951 head=0.500 conn=1.000 turn=1.000,,4.855399951338768,0.0,,,
813.9949188,1170.254743,818.7143749,1170.297832,145.13583397653224,-37.909948883191355,topo,False,True,E12,0,,False,813.9949188008322,1170.2547429995611,813.9949188008322,1170.2547429995611,818.7143749226503,1170.2978317478662,-37.9099493452147,145.1358876462407,4.7196528183751845,4.7196528183751845,4.7196528183751845,0.8306819594332976,prox=0.952 head=0.500 conn=1.000 turn=1.000,,5.536400014534593,0.0,,,
813.2260583,1162.228629,812.5449217,1157.05785,145.13582340969447,-37.91002104597208,topo,False,True,E12,0,,False,813.2260583003517,1162.228629000485,813.2260583003517,1162.228629000485,818.78,1163.11,-37.910014106865866,145.1358867581106,5.623440516434549,5.623440516434549,5.052233728723427,0.8279425420842964,prox=0.945 head=0.500 conn=1.000 turn=1.000,,5.702900001779199,0.0,,,
812.7144719,1153.629472,813.0609996,1156.990036,145.1358156377315,-37.910098417215785,topo,False,True,E13,0,,False,812.7144719001371,1153.6294720005244,812.7144719001371,1153.6294720005244,813.06,1156.99,-37.91006820696668,145.1358203304786,3.378244825801459,3.378244825801459,3.378244825801459,0.8199830791249751,prox=0.975 head=0.500 conn=0.900 turn=1.000,,5.440199980512261,0.0,,,
814.4679131,1141.492714,813.9155436,1157.020434,145.13583281467805,-37.91020806411145,topo,False,True,E13,0,,False,814.4679131001467,1141.4927139999345,814.4679131001467,1141.4927139999345,813.06,1156.99,-37.91006820696668,145.1358203304786,15.561108336663922,15.561108336663922,15.561108336663922,0.6835410055951976,prox=0.584 head=0.500 conn=1.000 turn=1.000,,5.079899972770363,0.0,,,
814.5028272,1139.369672,799.7982714,1143.023531,145.13583272892043,-37.91022719530587,topo,False,True,-988580237#0,0,,False,814.5028271999909,1139.3696720004082,814.5028271999909,1139.3696720004082,800.19,1144.6,-37.9101775006538,145.13567118175692,15.238548272066797,15.238548272066797,15.238548272066797,0.6687542720960152,prox=0.597 head=0.500 conn=0.900 turn=1.000,,5.382900009863079,0.0,,,
814.4671013,1141.542095,813.9164872,1157.020468,145.135832816676,-37.91020761912855,topo,False,True,-988580237#0,0,,False,814.4671013014158,1141.5420949999243,814.4671013014158,1141.5420949999243,800.19,1144.6,-37.9101775006538,145.13567118175692,14.600904237764702,14.600904237764702,14.600904237764702,0.6990657658369361,prox=0.623 head=0.500 conn=1.000 turn=1.000,,5.344400007743388,0.0,,,
798.7481492,1158.568039,801.5010893,1156.77121,145.13565796425183,-37.91005141323176,topo,False,True,-988580237#0,0,,False,798.7481492029619,1158.568038999103,798.7481492029619,1158.568038999103,800.22,1152.86,-37.91010309787413,145.13567340114315,5.89474800004408,5.89474800004408,0.28535422195106747,0.8499276269641233,prox=1.000 head=0.500 conn=1.000 turn=1.000,,5.20489999325946,0.0,,,
788.8824222,1160.392223,800.58,1155.36,145.13554620627346,-37.910033203024234,topo,False,True,-988580237#0,0,,False,788.8824222033145,1160.392222999595,788.8824222033145,1160.392222999595,800.22,1152.86,-37.91010309787413,145.13567340114315,13.611577925116833,13.611577925116833,9.758173002165213,0.7737139434540273,prox=0.809 head=0.500 conn=1.000 turn=1.000,,5.584599974099547,0.0,,,
778.2961923,1161.708944,776.0260217,1143.923575,145.13542614086816,-37.91001943424352,topo,False,True,-988580237#0,0,,False,778.2961923021358,1161.7089440003037,778.2961923021358,1161.7089440003037,800.22,1152.86,-37.91010309787413,145.13567340114315,23.642274719101085,23.642274719101085,20.37969718233199,0.6089364473155641,prox=0.397 head=0.500 conn=1.000 turn=1.000,,5.385299969930202,0.0,,,
768.5836525,1162.916983,766.3174625,1145.162801,145.13531598459878,-37.91000680181228,topo,False,True,998107635#2,0,,False,768.5836524996557,1162.9169830009341,768.5836524996557,1162.9169830009341,768.5535827661932,1156.671499360779,-37.91006305729129,145.13531422224568,6.2455560271536115,6.2455560271536115,6.2455560271536115,0.5867874009935955,prox=0.917 head=0.500 conn=0.100 turn=0.500,,5.405900010373443,0.0,,,
756.2481108,1152.533583,755.9,1146.45,145.1351733684663,-37.91009811520066,topo,False,True,998107635#2,0,,False,756.2481108008651,1152.5335830012336,756.2481108008651,1152.5335830012336,758.48,1156.72,-37.91006080510589,145.13519969715588,4.7441982130572145,4.7441982130572145,4.195310993209142,0.8346569993359744,prox=0.962 head=0.500 conn=1.000 turn=1.000,,5.327999999281019,0.0,,,
744.8305426,1149.213335,744.8861091,1146.286286,145.1350427959852,-37.91012596719644,topo,False,True,998107635#2,0,,False,744.8305425993167,1149.2133350009099,744.8305425993167,1149.2133350009099,758.48,1156.72,-37.91006080510589,145.13519969715588,15.577474337697824,15.577474337697824,13.446585181309018,0.7176454336817325,prox=0.669 head=0.500 conn=1.000 turn=1.000,,5.3121999953873456,0.0,,,
736.3175453,1147.910883,736.3514621,1146.124266,145.13494570728568,-37.91013616573417,topo,False,True,E3,0,,False,736.3175452999421,1147.9108830001205,736.3175452999421,1147.9108830001205,736.3514621012763,1146.124265612196,-37.91015226614504,145.13494568649114,1.786939293945609,1.786939293945609,1.786939293945609,0.6171716891944256,prox=0.993 head=0.500 conn=0.100 turn=0.500,,5.46570000005886,0.0,,,
732.6217412,1147.331709,732.7977029,1146.018764,145.13490355439205,-37.91014071696799,topo,False,True,E3,0,,False,732.6217411989346,1147.331709000282,732.6217411989346,1147.331709000282,735.6,1146.11,-37.91015225921513,145.13493713915133,3.219098999330997,3.219098999330997,0.11161921411963792,0.8499889256208958,prox=1.000 head=0.500 conn=1.000 turn=1.000,,5.372099985834211,0.0,,,
726.0313468,1168.968573,725.3958995,1168.967131,145.1348335442107,-37.909944618821534,topo,False,True,E5,0,,False,726.0313467966625,1168.968573000282,726.0313467966625,1168.968573000282,725.41,1159.29,-37.91003169384003,145.13482427769037,9.698497160050737,9.698497160050737,7.2562398621361615,0.6558316916534914,prox=0.890 head=0.500 conn=0.500 turn=0.500,,5.257900047581643,0.0,,,
725.5347475,1176.791918,725.3781456,1176.791562,145.13482967769613,-37.90987405465921,topo,False,True,E6,0,,False,725.5347475002054,1176.791917999275,725.5347475002054,1176.791917999275,725.41,1163.32,-37.90999539058998,145.13482519450676,13.47249555642902,13.47249555642902,12.201431373380379,0.7173299982052621,prox=0.718 head=0.500 conn=0.900 turn=1.000,,5.259600002318621,0.0,,,
725.5830166,1187.132291,725.3546832,1187.131773,145.13483257890044,-37.90978091468443,topo,False,True,E7,0,,False,725.5830165995285,1187.1322910003364,725.5830165995285,1187.1322910003364,725.3546831733184,1187.1317729018003,-37.90978087819633,145.1348299826537,0.22833401400341125,0.22833401400341125,0.22833401400341125,0.8299536591983662,prox=1.000 head=0.500 conn=0.900 turn=1.000,,5.36189996637404,0.0,,,
727.7217225,1196.542365,725.3333424,1196.536946,145.13485903649152,-37.90969653185559,topo,False,True,E7,0,,False,727.7217224976048,1196.5423649987206,727.7217224976048,1196.5423649987206,725.3333424247589,1196.5369456598194,-37.90969615019214,145.13483187964005,2.3883862211964932,2.3883862211964932,2.3883862211964937,0.8449614351812379,prox=0.987 head=0.500 conn=1.000 turn=1.000,,5.296599993016571,0.0,,,
727.8760272,1205.946002,725.3025015,1205.939414,145.13486293015615,-37.90961184934137,topo,False,True,E0,0,,False,727.8760272015352,1205.9460019990802,727.8760272015352,1205.9460019990802,725.3025014987817,1205.9394144759503,-37.9096114448321,145.134833667987,2.5735341338699746,2.5735341338699746,2.573534133869975,0.8241559314614748,prox=0.985 head=0.500 conn=0.900 turn=1.000,,5.468799965456128,0.0,,,
727.6913585,1214.755338,725.28,1214.73,145.13486283452923,-37.90953245934277,topo,False,True,E0,0,,False,727.6913585009752,1214.7553380001336,727.6913585009752,1214.7553380001336,725.28,1214.73,-37.909532252972426,145.13483541194506,2.411491620237605,2.411491620237605,2.347947961449863,0.8451295745447357,prox=0.988 head=0.500 conn=1.000 turn=1.000,,5.737099971156567,0.0,,,
726.5059775,1218.496322,724.747526,1217.445293,145.13485020794673,-37.909498545966585,topo,False,True,E0,0,,False,726.5059774988913,1218.496321999468,726.5059774988913,1218.496321999468,725.28,1214.73,-37.909532252972426,145.13483541194506,3.9608335273605784,3.9608335273605784,0.3762162538964193,0.8498742076329567,prox=1.000 head=0.500 conn=1.000 turn=1.000,,5.316500028129667,0.0,,,
725.9585812,1224.274734,727.1350569,1223.514927,145.1348452986645,-37.90944639391534,topo,False,True,E0,0,,False,725.9585811993456,1224.2747339988127,725.9585811993456,1224.2747339988127,725.28,1214.73,-37.909532252972426,145.13483541194506,9.568825400862783,9.568825400862783,2.624398890999012,0.8439244183289062,prox=0.985 head=0.500 conn=1.000 turn=1.000,,5.411999998614192,0.0,,,
724.0085814,1224.370014,725.4163945,1221.713015,145.13482314913216,-37.909445184140516,topo,False,True,E0,0,,False,724.0085814003833,1224.3700139988214,724.0085814003833,1224.3700139988214,725.28,1214.73,-37.909532252972426,145.13483541194506,9.72349603552771,9.72349603552771,3.8320046587135104,0.83715799242384,prox=0.968 head=0.500 conn=1.000 turn=1.000,,5.012099980376661,0.0,,,
699.4878782,1221.703883,699.4718489,1220.620052,145.134543745799,-37.909464781339466,topo,False,True,-11294993,0,,False,699.4878782010055,1221.7038830006495,699.4878782010055,1221.7038830006495,699.4718488503703,1220.6200522923152,-37.90947454186787,145.13454331694612,1.0839492351628812,1.0839492351628812,1.0839492351628812,0.8289569658738744,prox=0.997 head=0.500 conn=0.900 turn=1.000,,4.86260000616312,0.0,,,
689.2405191,1221.349407,689.231972,1220.771495,145.13442715418614,-37.90946612721436,topo,False,True,-11294993,0,,False,689.240519099636,1221.3494069995359,689.240519099636,1221.3494069995359,689.2319720550694,1220.7714952938386,-37.90947133164629,145.1344269255084,0.5779749056427462,0.5779749056427462,0.5779749056427462,0.8497031724175127,prox=0.999 head=0.500 conn=1.000 turn=1.000,,5.142799986060709,0.0,,,
676.7248935,1223.630426,676.6808189,1220.971257,145.1342853724523,-37.909443322828245,topo,False,True,-11294993,0,,False,676.7248934992822,1223.6304259998724,676.7248934992822,1223.6304259998724,676.6808188773895,1220.9712571456785,-37.90946726933629,145.13428426621235,2.6595340884090963,2.6595340884090963,2.6595340884090963,0.8437619343655797,prox=0.984 head=0.500 conn=1.000 turn=1.000,,4.799899994395673,0.0,,,
669.4719493,1223.153789,669.4377645,1221.091308,145.13420279911855,-37.9094463088063,topo,False,True,-11294993,0,,False,669.4719493009616,1223.1537890005857,669.4719493009616,1223.1537890005857,669.4377645291878,1221.0913077702344,-37.90946488198575,145.13420194108568,2.0627645101107923,2.0627645101107923,2.0627645101107923,0.846235605325146,prox=0.991 head=0.500 conn=1.000 turn=1.000,,5.133400030899793,0.0,,,
661.5176567,1223.511634,661.479727,1221.223209,145.13411244146783,-37.90944165104562,topo,False,True,-11294993,0,,False,661.51765670022,1223.5116339996457,661.51765670022,1223.5116339996457,661.4797270031767,1221.2232089446986,-37.909462258906544,145.1341114894128,2.288739367867682,2.288739367867682,2.2887393678676826,0.8453707049970057,prox=0.988 head=0.500 conn=1.000 turn=1.000,,5.634800007101148,0.0,,,
647.6812683,1222.294521,647.666953,1221.448149,145.1339548468582,-37.90945012015541,topo,False,True,-11294994,0,,False,647.6812683009775,1222.2945210002363,647.6812683009775,1222.2945210002363,647.6669530322038,1221.4481491814954,-37.90945774190041,145.1339544914621,0.846492872077953,0.846492872077953,0.8464928720779531,0.8293635733407573,prox=0.998 head=0.500 conn=0.900 turn=1.000,,5.248700035735965,0.0,,,
635.7345897,1222.443792,635.7211671,1221.650196,145.13381904894257,-37.90944662111878,topo,False,True,-11294994,0,,False,635.7345896997722,1222.4437920013443,635.7345896997722,1222.4437920013443,635.7211670727645,1221.650196476712,-37.909453767602145,145.13381871569442,0.7937090295771255,0.7937090295771255,0.7937090295771255,0.8494404148749325,prox=0.999 head=0.500 conn=1.000 turn=1.000,,5.397300003096461,0.0,,,
628.3073766,1223.781186,628.2734643,1221.776165,145.13373490711035,-37.909433234102764,topo,False,True,-11294994,0,,False,628.3073765995214,1223.781186000444,628.3073765995214,1223.781186000444,628.2734642933073,1221.7761645969572,-37.90945128971264,145.1337340651375,2.0053081740602785,2.0053081740602785,2.0053081740602785,0.8464414693268064,prox=0.991 head=0.500 conn=1.000 turn=1.000,,5.134199978783727,0.0,,,
621.6715909,1224.174766,621.6329214,1221.888481,145.13365954886856,-37.90942849187275,topo,False,True,-11294994,0,,False,621.6715908980696,1224.1747660003603,621.6715908980696,1224.1747660003603,621.6329213815354,1221.8884806671301,-37.90944908031819,145.133658588763,2.2866123319120297,2.2866123319120297,2.2866123319120293,0.8453792555850653,prox=0.988 head=0.500 conn=1.000 turn=1.000,,4.827000026125461,0.0,,,
611.8931419,1224.301407,611.8551276,1222.053859,145.1335483982923,-37.909425587427336,topo,False,True,-11294994,0,,False,611.8931418997236,1224.3014070009813,611.8931418997236,1224.3014070009813,611.8551275780522,1222.0538592196913,-37.90944582703186,145.1335474544239,2.247869239487411,2.247869239487411,2.247869239487411,0.8455336416388216,prox=0.989 head=0.500 conn=1.000 turn=1.000,,5.113999999593943,0.0,,,
601.1625045,1223.473858,601.1415519,1222.235065,145.13342620426639,-37.90943110670212,topo,False,True,-11294994,0,,False,601.1625044991961,1223.4738579997793,601.1625044991961,1223.4738579997793,601.1415519460212,1222.2350652940256,-37.909442262270154,145.13342568401106,1.2389698855553504,1.2389698855553504,1.2389698855553504,0.8486378389636783,prox=0.997 head=0.500 conn=1.000 turn=1.000,,5.843999970238656,0.0,,,
593.4147238,1222.97243,593.4044656,1222.365928,145.13333799908074,-37.909434226138984,topo,False,True,-11294994,0,,False,593.4147237997386,1222.9724300000817,593.4147237997386,1222.9724300000817,593.4044656134886,1222.3659279573656,-37.909439687806874,145.1333377443618,0.606588788392881,0.606588788392881,0.606588788392881,0.8496730670497731,prox=0.999 head=0.500 conn=1.000 turn=1.000,,5.632199987303466,0.0,,,
587.4162457,1224.687147,587.3786769,1222.467906,145.13327018775857,-37.909417697496494,topo,False,True,-11294994,0,,False,587.4162457010243,1224.6871470008045,587.4162457010243,1224.6871470008045,587.3786769348884,1222.4679063154917,-37.90943768217996,145.1332692553251,2.2195586569263246,2.2195586569263246,2.2195586569263246,0.845644824617276,prox=0.989 head=0.500 conn=1.000 turn=1.000,,5.76929998351261,0.0,,,
571.3463292,1224.501005,571.3209014,1222.707262,145.1330874330573,-37.90941647529387,topo,False,True,-11294994,0,,False,571.3463292004308,1224.5010050004348,571.3463292004308,1224.5010050004348,571.3209013873395,1222.7072621429031,-37.9094326291773,145.13308673550318,1.7939230787925613,1.7939230787925613,1.7939230787925613,0.8471496176774297,prox=0.993 head=0.500 conn=1.000 turn=1.000,,5.415000021457672,0.0,,,
562.0878347,1223.363308,562.0803917,1222.838254,145.13298190642865,-37.90942505358151,topo,False,True,-11294994,0,,False,562.0878346998943,1223.3633080003783,562.0878346998943,1223.3633080003783,562.0803916199542,1222.8382541377957,-37.90942978205093,145.13298170223797,0.5251066158904142,0.5251066158904142,0.5251066158904142,0.8497549755586139,prox=0.999 head=0.500 conn=1.000 turn=1.000,,5.328400002326816,0.0,,,
550.0817973,1223.51306,550.0746439,1223.008446,145.13284543386197,-37.9094215383808,topo,False,True,-11294994,0,,False,550.081797299441,1223.5130599997938,550.081797299441,1223.5130599997938,550.0746439675528,1223.008445704577,-37.90942608277748,145.13284523761175,0.5046649949165748,0.5046649949165748,0.5046649949165748,0.8497736758239248,prox=0.999 head=0.500 conn=1.000 turn=1.000,,5.414099956396967,0.0,,,
542.4814669,1225.4309,542.4486591,1223.11655,145.13275945614268,-37.9094028906388,topo,False,True,-11294994,0,,False,542.4814668993931,1225.4309000000358,542.4814668993931,1225.4309000000358,542.4486590487696,1223.1165504523324,-37.90942373293728,145.13275855604178,2.314582075454963,2.314582075454963,2.314582075454963,0.8452661983569768,prox=0.988 head=0.500 conn=1.000 turn=1.000,,11.643600009847432,0.0,,,
530.0951917,1223.84098,530.0874063,1223.291782,145.13261826416823,-37.909414977949204,topo,False,True,-11294994,0,,False,530.0951917001512,1223.840980000794,530.0951917001512,1223.840980000794,530.0874063511111,1223.2917816020201,-37.90941992385539,145.13261805056356,0.5492535779358914,0.5492535779358914,0.5492535779358914,0.849731930317624,prox=0.999 head=0.500 conn=1.000 turn=1.000,,6.284100003540516,0.0,,,
521.3714493,1223.23833,521.3739581,1223.415302,145.13251893941668,-37.90941883248653,topo,False,True,-11294994,0,,False,521.3714492997387,1223.2383300000802,521.3714492997387,1223.2383300000802,521.3739580274462,1223.4153020578224,-37.90941723873255,145.13251900825014,0.1769898385111992,0.1769898385111992,0.1769898385111992,0.8499721561665338,prox=1.000 head=0.500 conn=1.000 turn=1.000,,4.787900019437075,0.0,,,
513.1443258,1224.430901,513.0866,1224.060888,145.13242567005713,-37.90940660478588,topo,False,True,-11294994,0,,False,513.1443258001236,1224.4309010012075,513.1443258001236,1224.4309010012075,516.81,1223.48,-37.90941583227704,145.1324671315525,3.787001459431506,3.787001459431506,0.09700165288855456,0.8499916362468524,prox=1.000 head=0.500 conn=1.000 turn=1.000,,4.808400000911206,0.0,,,
507.0588925,1232.091763,508.3542546,1232.199983,145.13235822481306,-37.90933649563473,topo,False,True,310292423,0,,False,507.0588924982585,1232.091763000004,507.0588924982585,1232.091763000004,508.32,1232.61,-37.90933205483457,145.13237268142632,1.36343746432076,1.36343746432076,1.3263700275465078,0.8284392683975255,prox=0.996 head=0.500 conn=0.900 turn=1.000,,5.463699984829873,0.0,,,
509.4046489,1242.891108,508.9215485,1242.919297,145.13238735561256,-37.90923963590851,topo,False,True,310292423,0,,False,509.40464890020667,1242.8911080015823,509.40464890020667,1242.8911080015823,508.92154851463334,1242.9192969576823,-37.90923929478755,145.13238186927714,0.4839221009492102,0.4839221009492102,0.4839221009492102,0.8497918936209711,prox=0.999 head=0.500 conn=1.000 turn=1.000,,5.208899965509772,0.0,,,
508.2870912,1254.578535,509.5974049,1254.502078,145.13237731147603,-37.90913415107617,topo,False,True,310292423,0,,False,508.28709120093845,1254.5785350007936,508.28709120093845,1254.5785350007936,509.59740495729847,1254.5020780612876,-37.90913507629838,145.13239219204908,1.312542495961529,1.312542495961529,1.312542495961529,0.848471578391849,prox=0.996 head=0.500 conn=1.000 turn=1.000,,5.869099986739457,0.0,,,
509.1746692,1266.055512,510.2678271,1265.991726,145.1323900173584,-37.90903092390455,topo,False,True,310292423,0,,False,509.1746691968292,1266.0555119998753,509.1746691968292,1266.0555119998753,510.2678270778646,1265.9917261275411,-37.90903169578976,145.13240243178444,1.0950172557449471,1.0950172557449471,1.0950172557449471,0.8489355851497097,prox=0.997 head=0.500 conn=1.000 turn=1.000,,4.873400030191988,0.0,,,
515.705781,1277.538452,515.9707484,1277.244538,145.1324668901605,-37.90892866150155,topo,False,True,310292423,0,,False,515.7057810032275,1277.5384520012885,515.7057810032275,1277.5384520012885,511.71,1273.35,-37.908965670966936,145.13242050504985,5.788730084643114,5.788730084643114,3.188818657064535,0.8410626343339781,prox=0.978 head=0.500 conn=1.000 turn=1.000,,4.973399976734072,0.0,,,
529.8902091,1277.034165,529.8942374,1277.855375,145.1326280488079,-37.90893576395031,topo,False,True,63906910#0,0,,False,529.8902091007913,1277.0341649986804,529.8902091007913,1277.0341649986804,529.8942374617253,1277.8553751491015,-37.90892836701828,145.13262828164562,0.8212200307144055,0.8212200307144055,0.8212200307144055,0.829400980233511,prox=0.999 head=0.500 conn=0.900 turn=1.000,,4.919299972243607,0.0,,,
536.7816661,1278.172637,531.1330572,1278.924608,145.1327066622962,-37.9089267518667,topo,False,True,63906910#0,0,,False,536.7816660992103,1278.1726369988173,536.7816660992103,1278.1726369988173,531.1330571978295,1278.9246080588136,-37.90891895865629,145.1326426102487,5.698442155170969,5.698442155170969,5.698442155170969,0.8221526081522009,prox=0.930 head=0.500 conn=1.000 turn=1.000,,5.345399957150221,0.0,,,
534.2652591,1303.832253,534.4456897,1303.808233,145.13268389532098,-37.90869514977643,topo,False,True,63906910#0,0,,False,534.2652590998914,1303.8322529997677,534.2652590998914,1303.8322529997677,534.4456897899775,1303.80823316415,-37.90869539871072,145.13268594129727,0.1820224887974819,0.1820224887974819,0.1820224887974819,0.8499705502517824,prox=1.000 head=0.500 conn=1.000 turn=1.000,,5.461899971123785,0.0,,,
536.279163,1315.572535,536.0164681,1315.607507,145.13270946663556,-37.90858975387339,topo,False,True,63906910#0,0,,False,536.2791629994172,1315.5725349998102,536.2791629994172,1315.5725349998102,536.0164680220175,1315.6075062686764,-37.90858939144245,145.1327064878355,0.2650125295096588,0.2650125295096588,0.2650125295096588,0.8499375767461822,prox=1.000 head=0.500 conn=1.000 turn=1.000,,5.40189997991547,0.0,,,
536.9007279,1326.917798,537.5014935,1326.844398,145.13271911744627,-37.90848766515421,topo,False,True,63906910#0,0,,False,536.900727899163,1326.9177980003878,536.900727899163,1326.9177980003878,537.5014934761724,1326.844397690846,-37.9084884347644,145.1327259312485,0.6052329171155849,0.6052329171155849,0.6052329171155849,0.8496745263691537,prox=0.999 head=0.500 conn=1.000 turn=1.000,,5.32940000994131,0.0,,,
540.0240194,1338.869703,539.8687462,1338.935543,145.13275735019653,-37.908380563060376,topo,False,True,63906910#0,0,,False,540.0240194002981,1338.8697030004114,540.0240194002981,1338.8697030004114,539.8687462377447,1338.9355432106813,-37.90837994193882,145.13275559978553,0.1686555314767885,0.1686555314767885,0.1686555314767885,0.8499747166317188,prox=1.000 head=0.500 conn=1.000 turn=1.000,,5.255499971099198,0.0,,,
543.4999511,1342.565006,542.8702765,1343.267768,145.1327977119443,-37.90834790205289,topo,False,True,63906910#0,0,,False,543.4999511006754,1342.5650059999898,543.4999511006754,1342.5650059999898,541.32,1341.22,-37.908359624856324,145.13277262031752,2.561489399030207,2.561489399030207,0.4364662563412825,0.8498307000222828,prox=1.000 head=0.500 conn=1.000 turn=1.000,,5.49219996901229,0.0,,,
546.1168119,1347.233256,546.8544496,1346.047361,145.1328285278752,-37.90830632148605,topo,False,True,63906910#0,0,,False,546.1168119002832,1347.2332560010254,546.1168119002832,1347.2332560010254,541.32,1341.22,-37.908359624856324,145.13277262031752,7.692116232907967,7.692116232907967,4.998555476748766,0.8283959323181295,prox=0.946 head=0.500 conn=1.000 turn=1.000,,5.398400011472404,0.0,,,
555.4482429,1350.779773,555.5769266,1348.006417,145.1329354306973,-37.908276057214835,topo,False,True,63906910#1,0,,False,555.4482428980409,1350.7797730006278,555.4482428980409,1350.7797730006278,555.5769265981812,1348.0064173941557,-37.90830106349465,145.13293626225527,2.776339463147762,2.776339463147762,2.776339463147762,0.8232067374620481,prox=0.983 head=0.500 conn=0.900 turn=1.000,,5.289499997161329,0.0,,,
567.4114536,1349.423539,567.4417827,1348.445096,145.13307113951973,-37.9082904328147,topo,False,True,63906910#1,0,,False,567.4114535998087,1349.423538999632,567.4114535998087,1349.423538999632,567.4417827050839,1348.4450956903192,-37.90829925234259,145.13307126156224,0.978913256711586,0.978913256711586,0.978913256711586,0.8491491097129839,prox=0.998 head=0.500 conn=1.000 turn=1.000,,6.32350001251325,0.0,,,
575.8258606,1349.592048,575.5980931,1350.598463,145.13316684685478,-37.908290432815114,topo,False,True,63906910#1,0,,False,575.8258605999872,1349.5920480005443,575.8258605999872,1349.5920480005443,573.97,1350.23,-37.90828435119429,145.13314589160018,1.9624477878899906,1.9624477878899906,0.9631481235444543,0.8491762677278006,prox=0.998 head=0.500 conn=1.000 turn=1.000,,4.845399991609156,0.0,,,
577.5166641,1352.228443,576.9988867,1350.356478,145.1331866709839,-37.90826698853727,topo,False,True,63906910#1,0,,False,577.5166641003452,1352.2284429995343,577.5166641003452,1352.2284429995343,573.97,1350.23,-37.90828435119429,145.13314589160018,4.070945917482203,4.070945917482203,1.3238887058727833,0.8484450910937996,prox=0.996 head=0.500 conn=1.000 turn=1.000,,4.822100047022104,0.0,,,
588.1666384,1341.176154,586.8998709,1340.028893,145.13330524130353,-37.90836847140645,topo,False,True,4577074#0,0,,False,588.1666383983102,1341.1761539997533,588.1666383983102,1341.1761539997533,583.11,1344.91,-37.90833392385735,145.13324859907542,6.285793334561964,6.285793334561964,3.647653743644133,0.8183461343622179,prox=0.971 head=0.500 conn=0.900 turn=1.000,,5.95309998607263,0.0,,,
596.2341539,1334.891626,595.2545432,1333.181134,145.13339553561295,-37.90842653919188,topo,False,True,4577074#1,0,,False,596.2341538998298,1334.8916260004044,596.2341538998298,1334.8916260004044,585.32,1342.0,-37.908360536508034,145.1332730635167,13.024889107677541,13.024889107677541,10.159653815162159,0.748012266771113,prox=0.795 head=0.500 conn=0.900 turn=1.000,,4.993600014131516,0.0,,,
607.0798435,1331.053967,607.1041432,1329.917665,145.13351797407358,-37.90846306599856,topo,False,True,4577074#2,0,,False,607.0798435010947,1331.0539669999853,607.0798435010947,1331.0539669999853,607.104143238844,1329.9176649776127,-37.908473306469816,145.13351799168117,1.1365618167537674,1.1365618167537674,1.1365618167537674,0.8288534040437928,prox=0.997 head=0.500 conn=0.900 turn=1.000,,5.36200002534315,0.0,,,
613.9119401,1332.060595,613.8916655,1330.058667,145.13359588205077,-37.90845523028068,topo,False,True,4577074#2,0,,False,613.9119401007192,1332.060595001094,613.9119401007192,1332.060595001094,613.8916655065376,1330.0586665533847,-37.90847326048936,145.13359519582576,2.002031110876462,2.002031110876462,2.002031110876462,0.8464530388065269,prox=0.991 head=0.500 conn=1.000 turn=1.000,,5.453100020531565,0.0,,,
621.800886,1331.590248,621.7845654,1329.978731,145.1336854698677,-37.90846089006715,topo,False,True,4577074#2,0,,False,621.8008859992842,1331.5902479998767,621.8008859992842,1331.5902479998767,621.7845653090726,1329.9787309589854,-37.90847540406754,145.13368491748622,1.6115996829275907,1.6115996829275907,1.6115996829275905,0.8476979798344587,prox=0.994 head=0.500 conn=1.000 turn=1.000,,5.325400037690997,0.0,,,
632.2841424,1330.965214,632.273076,1329.872508,145.1338045190092,-37.90846841109546,topo,False,True,4577074#2,0,,False,632.2841423990903,1330.9652139991522,632.2841423990903,1330.9652139991522,632.2730759866018,1329.8725082326937,-37.908478252464064,145.13380414447707,1.0927618027443171,1.0927618027443171,1.0927618027443171,0.8489399596644788,prox=0.997 head=0.500 conn=1.000 turn=1.000,,5.515600030776113,0.0,,,
641.7599075,1330.08593,641.7327295,1329.698025,145.13391205544363,-37.90847804067523,topo,False,True,4577074#2,0,,False,641.759907499305,1330.0859300000593,641.759907499305,1330.0859300000593,641.7327294646858,1329.6980253241302,-37.90848153011597,145.13391165815182,0.38885560710042155,0.38885560710042155,0.38885560710042155,0.849865614860888,prox=1.000 head=0.500 conn=1.000 turn=1.000,,5.531000031623989,0.0,,,
653.1914125,1328.119874,652.9590954,1327.349523,145.13404158075502,-37.90849781271761,topo,False,True,4577074#2,0,,False,653.1914124996401,1328.1198740005493,653.1914124996401,1328.1198740005493,652.9590954101232,1327.3495226485502,-37.90850471034449,145.13403876406176,0.8046194352664625,0.8046194352664625,0.8046194352664625,0.8494249360492644,prox=0.999 head=0.500 conn=1.000 turn=1.000,,5.173400044441223,0.0,,,
664.9830615,1325.106695,664.6006794,1323.838736,145.1341749625838,-37.90852708229857,topo,False,True,4577074#2,0,,False,664.9830614971579,1325.1066950010136,664.9830614971579,1325.1066950010136,664.600679543648,1323.8387363868671,-37.908538435442495,145.13417032646987,1.32436211270114,1.32436211270114,1.3243621127011398,0.848443981027304,prox=0.996 head=0.500 conn=1.000 turn=1.000,,4.935499979183078,0.0,,,
675.9872792,1321.478352,675.6905274,1320.494339,145.13429925167736,-37.90856175131771,topo,False,True,4577074#2,0,,False,675.9872792011593,1321.4783520000055,675.9872792011593,1321.4783520000055,675.6905274907261,1320.4943388057309,-37.90857056205374,145.1342956537832,1.027785748174984,1.027785748174984,1.027785748174984,0.8490621291845167,prox=0.998 head=0.500 conn=1.000 turn=1.000,,5.33069996163249,0.0,,,
686.9851517,1317.960237,686.7167492,1317.112809,145.13442349382998,-37.908595426103034,topo,False,True,4577074#2,0,,False,686.985151700268,1317.9602370001376,686.985151700268,1317.9602370001376,686.7167492261736,1317.1128089639521,-37.90860301156052,145.13442024934957,0.8889174115816751,0.8889174115816751,0.8889174115816751,0.8492982392708773,prox=0.998 head=0.500 conn=1.000 turn=1.000,,5.266599997412413,0.0,,,
696.4741185,1315.859614,695.7424255,1314.103874,145.13453090277096,-37.908616059632095,topo,False,True,4577074#2,0,,False,696.4741184993181,1315.8596139997244,696.4741184993181,1315.8596139997244,695.7424256239301,1314.1038741420052,-37.908631743877926,145.1345221841548,1.9021032863326108,1.9021032863326108,1.9021032863326108,0.8467968964646496,prox=0.992 head=0.500 conn=1.000 turn=1.000,,5.46860002214089,0.0,,,
709.7516888,1306.701494,709.1198669,1306.364074,145.1346797815466,-37.90870095168637,topo,False,True,4577074#2,0,,False,709.7516887993552,1306.701494000852,709.7516887993552,1306.701494000852,709.1198667802074,1306.364074156584,-37.90870387736174,145.1346725211323,0.7162759350878191,0.7162759350878191,0.7162759350878192,0.84954421434852,prox=0.999 head=0.500 conn=1.000 turn=1.000,,5.355499975848943,0.0,,,
711.4656255,1296.617364,712.4024921,1296.633277,145.13469697438478,-37.9087921010092,topo,False,True,4577074#2,0,,False,711.4656254997244,1296.617364000529,711.4656254997244,1296.617364000529,711.6,1301.72,-37.90874615939992,145.13469966305428,5.1044050240377175,5.1044050240377175,4.859832303666214,0.8295476577371946,prox=0.949 head=0.500 conn=1.000 turn=1.000,,5.273400049190968,0.0,,,
712.5467599,1285.935521,712.459598,1285.935811,145.13470683646656,-37.908888520615854,topo,False,True,405414870#0,0,,False,712.5467599005206,1285.935521000065,712.5467599005206,1285.935521000065,712.4595980406721,1285.9358108953859,-37.90888850229344,145.13470584552266,0.08716234193472225,0.08716234193472225,0.08716234193472225,0.8299932469246932,prox=1.000 head=0.500 conn=0.900 turn=1.000,,5.536500015296042,0.0,,,
713.3845928,1276.175214,711.9704438,1276.275317,145.13471414193654,-37.90897659493757,topo,False,True,405414870#0,0,,False,713.3845928009832,1276.1752140000463,713.3845928009832,1276.1752140000463,711.970443765314,1276.2753166845937,-37.90897543828587,145.13469808614943,1.4176875687321677,1.4176875687321677,1.4176875687321677,0.8482174609418035,prox=0.996 head=0.500 conn=1.000 turn=1.000,,5.2844000165350735,0.0,,,
714.941501,1266.359988,712.6818887,1265.315835,145.134729610662,-37.90906529359502,topo,False,True,405414870#0,0,,False,714.9415010010125,1266.3599880011752,714.9415010010125,1266.3599880011752,711.82,1274.15,-37.90899455655545,145.13469589211675,8.392142482176835,8.392142482176835,4.72713831747515,0.8306221429694186,prox=0.952 head=0.500 conn=1.000 turn=1.000,,5.049900035373867,0.0,,,
717.9600232,1259.827657,716.0612726,1258.812588,145.13476244454094,-37.90912468255735,topo,False,True,405414870#2,0,,False,717.9600231994409,1259.827657001093,717.9600231994409,1259.827657001093,714.94,1260.91,-37.90911438818735,145.13472835371283,3.2081157230443074,3.2081157230443074,2.15467558617206,0.8258944354151968,prox=0.990 head=0.500 conn=0.900 turn=1.000,,5.257299984805286,0.0,,,
721.5383195,1252.138904,720.0531771,1251.345249,145.13480137991772,-37.909194589747074,topo,False,True,405414870#3,0,,False,721.5383194998722,1252.1389040006325,721.5383194998722,1252.1389040006325,720.0531771755799,1251.3452486807714,-37.909201471506975,145.13478431357464,1.6839051309821411,1.6839051309821411,1.6839051309821411,0.8274874474714738,prox=0.994 head=0.500 conn=0.900 turn=1.000,,4.843599977903068,0.0,,,
723.7494414,1246.428928,722.9179115,1245.984561,145.13482522098974,-37.9092464251844,topo,False,True,405414870#3,0,,False,723.7494414009852,1246.4289279989898,723.7494414009852,1246.4289279989898,722.917911523621,1245.9845610854632,-37.90925027827779,145.13481566555404,0.9428169975061914,0.9428169975061914,0.9428169975061914,0.8492106430897816,prox=0.998 head=0.500 conn=1.000 turn=1.000,,5.203899985644966,0.0,,,
725.2766641,1242.081372,725.0643857,1241.967931,145.134841596214,-37.9092858643298,topo,False,True,405414870#3,0,,False,725.2766640994232,1242.081372000277,725.2766640994232,1242.081372000277,725.0643857564789,1241.9679311310665,-37.909286847972865,145.13483915683935,0.24068844112339155,0.24068844112339155,0.24068844112339155,0.8499485091582487,prox=1.000 head=0.500 conn=1.000 turn=1.000,,5.42270002188161,0.0,,,
728.2778641,1232.363302,727.9010508,1232.306834,145.13487350861175,-37.909373948080955,topo,False,True,E14,0,,False,728.2778640998295,1232.363301999867,728.2778640998295,1232.363301999867,728.22,1228.14,-37.90941198221971,145.13487188995995,4.223698383659575,4.223698383659575,0.9676903198778766,0.8291684880823147,prox=0.998 head=0.500 conn=0.900 turn=1.000,,5.237400007899851,0.0,,,
726.8981161,1236.810886,727.0232343,1236.845144,145.13485883287078,-37.90933363444266,topo,False,True,E14,0,,False,726.8981161009287,1236.8108860012144,726.8981161009287,1236.8108860012144,728.22,1228.14,-37.90941198221971,145.13487188995995,8.771068412039536,8.771068412039536,0.5800166015930036,0.8497010724122543,prox=0.999 head=0.500 conn=1.000 turn=1.000,,5.35760005004704,0.0,,,
706.8863259,1221.61327,706.8700185,1220.510637,145.13462784444374,-37.90946693128084,topo,False,True,-11294993,0,,False,706.8863258995116,1221.6132699996233,706.8863258995116,1221.6132699996233,706.8700184690142,1220.5106368144513,-37.909476861137136,145.13462740816232,1.1027537682238375,1.1027537682238375,1.1027537682238377,0.8289205118014883,prox=0.997 head=0.500 conn=0.900 turn=1.000,,5.716299987398088,0.0,,,
700.6271128,1221.689931,700.6110407,1220.603204,145.1345566955538,-37.909465112389924,topo,False,True,-11294993,0,,False,700.62711280043,1221.6899310005829,700.62711280043,1221.6899310005829,700.6110406176077,1220.6032041774415,-37.90947489899963,145.1345562655567,1.0868456666866693,1.0868456666866693,1.0868456666866693,0.8489513915453158,prox=0.997 head=0.500 conn=1.000 turn=1.000,,5.034999980125576,0.0,,,
690.1642921,1221.818065,690.1486133,1220.757939,145.13443776398702,-37.90946207196325,topo,False,True,-11294993,0,,False,690.1642921022722,1221.818065000698,690.1642921022722,1221.818065000698,690.1486133272456,1220.7579385969805,-37.90947161901982,145.1344373444999,1.060242338262976,1.060242338262976,1.0602423382629758,0.8490020347121677,prox=0.998 head=0.500 conn=1.000 turn=1.000,,4.984300001524389,0.0,,,
682.0441876,1221.9175,682.0270353,1220.882646,145.13434546223664,-37.90945971230999,topo,False,True,-11294993,0,,False,682.0441876003752,1221.9175000013784,682.0441876003752,1221.9175000013784,682.0270353211822,1220.8826458234057,-37.909469031441766,145.13434503173482,1.034996314171677,1.034996314171677,1.034996314171677,0.8490489392230539,prox=0.998 head=0.500 conn=1.000 turn=1.000,,5.176400009077042,0.0,,,
669.150472,1223.153314,669.1163834,1221.096635,145.13419914386265,-37.909446255122376,topo,False,True,-11294993,0,,False,669.1504720010562,1223.1533139999956,669.1504720010562,1223.1533139999956,669.1163833910468,1221.09663452943,-37.90946477605542,145.13419828824252,2.056961953459063,2.056961953459063,2.056961953459063,0.8462566547527374,prox=0.991 head=0.500 conn=1.000 turn=1.000,,5.312399996910244,0.0,,,
658.4045439,1223.489343,658.3691025,1221.274254,145.1340770407821,-37.90944129051766,topo,False,True,-11294993,0,,False,658.4045438991161,1223.4893429996446,658.4045438991161,1223.4893429996446,659.26,1221.26,-37.909461527241454,145.13408625982487,2.3878390545855015,2.3878390545855015,1.4191229668268626,0.8482138575746382,prox=0.996 head=0.500 conn=1.000 turn=1.000,,5.222900013905019,0.0,,,
648.7117446,1223.967317,648.6688496,1221.431203,145.13396694394007,-37.90943523701606,topo,False,True,-11294994,0,,False,648.7117445998592,1223.9673169991001,648.7117445998592,1223.9673169991001,648.6688495662867,1221.4312034162285,-37.90945807521886,145.13396587901607,2.536476313536384,2.536476313536384,2.536476313536384,0.8243218323048074,prox=0.986 head=0.500 conn=0.900 turn=1.000,,5.520200007595122,0.0,,,
638.871186,1223.634478,638.8367332,1221.597501,145.13385498257017,-37.90943646076913,topo,False,True,-11294994,0,,False,638.8711860014009,1223.6344779999927,638.8711860014009,1223.6344779999927,638.8367332042028,1221.5975007635907,-37.90945480414918,145.13385412720777,2.0372685774965036,2.0372685774965036,2.0372685774965036,0.8463276608148128,prox=0.991 head=0.500 conn=1.000 turn=1.000,,5.294300033710897,0.0,,,
631.7368793,1223.305749,631.7100253,1221.71804,145.13377379179613,-37.90943813544853,topo,False,True,-11294994,0,,False,631.7368793000933,1223.3057490009815,631.7368793000933,1223.3057490009815,631.7100252801417,1221.7180396770405,-37.90945243308193,145.1337731250735,1.5879364079574285,1.5879364079574285,1.5879364079574285,0.8477648972670183,prox=0.994 head=0.500 conn=1.000 turn=1.000,,5.031900014728308,0.0,,,
620.5731795,1224.1306,620.5355709,1221.907041,145.1336470500518,-37.90942869162767,topo,False,True,-11294994,0,,False,620.5731794992462,1224.1306000007316,620.5731794992462,1224.1306000007316,620.5355709148067,1221.9070409104208,-37.90944871521084,145.13364611628424,2.223877117497128,2.223877117497128,2.223877117497128,0.8456279539763593,prox=0.989 head=0.500 conn=1.000 turn=1.000,,5.7082000421360135,0.0,,,
614.6769853,1222.706861,614.6651367,1222.006332,145.13357968715613,-37.90944045359073,topo,False,True,-11294994,0,,False,614.6769852999132,1222.706861000508,614.6769852999132,1222.706861000508,614.6651367643044,1222.0063316013711,-37.909446761994246,145.1335793929681,0.7006295931883232,0.7006295931883232,0.7006295931883231,0.8495638985019328,prox=0.999 head=0.500 conn=1.000 turn=1.000,,5.165899987332523,0.0,,,
597.9896941,1223.894351,597.9625389,1222.288834,145.1333902256533,-37.909426746493224,topo,False,True,-11294994,0,,False,597.9896940991748,1223.8943510008976,597.9896940991748,1223.8943510008976,597.9625388879094,1222.2888341286614,-37.909441204482945,145.13338955137797,1.6057465031984217,1.6057465031984217,1.6057465031984217,0.8477146231409819,prox=0.994 head=0.500 conn=1.000 turn=1.000,,5.329000006895512,0.0,,,
590.0937314,1224.671235,590.0556648,1222.422589,145.13330062671167,-37.90941832382687,topo,False,True,-11294994,0,,False,590.0937314004404,1224.6712350007147,590.0937314004404,1224.6712350007147,590.0556648333763,1222.4225885034255,-37.90943857331573,145.13329968193145,2.2489686821516743,2.2489686821516743,2.2489686821516743,0.8455292960528239,prox=0.989 head=0.500 conn=1.000 turn=1.000,,5.437100015114993,0.0,,,
579.9361089,1224.715529,579.9059148,1222.585562,145.13318514628867,-37.90941609244219,topo,False,True,-11294994,0,,False,579.93610889907,1224.7155290003866,579.93610889907,1224.7155290003866,579.9059148311702,1222.585562359504,-37.90943527425252,145.1331843180085,2.130180643281082,2.130180643281082,2.130180643281082,0.8459867839942771,prox=0.990 head=0.500 conn=1.000 turn=1.000,,4.9854000099003315,0.0,,,
571.0061391,1224.939701,570.974562,1222.712172,145.13308366504523,-37.909412462040464,topo,False,True,-11294994,0,,False,571.0061390998308,1224.9397010011598,571.0061390998308,1224.9397010011598,570.9745620005413,1222.712171794895,-37.90943252246712,145.13308279879843,2.2277530109870933,2.2277530109870933,2.2277530109870933,0.8456127849733498,prox=0.989 head=0.500 conn=1.000 turn=1.000,,5.729300028178841,0.0,,,
559.3527669,1223.397423,559.3453898,1222.877025,145.1329508169251,-37.90942425280254,topo,False,True,-11294994,0,,False,559.3527669005562,1223.397423000075,559.3527669005562,1223.397423000075,559.3453898226251,1222.8770250877203,-37.90942893934183,145.1329506145431,0.5204501978689589,0.5204501978689589,0.5204501978689587,0.8497593005307261,prox=0.999 head=0.500 conn=1.000 turn=1.000,,4.99889999628067,0.0,,,
547.3520755,1224.861407,547.3263605,1223.047405,145.13281470444667,-37.90940889961157,topo,False,True,-11294994,0,,False,547.3520755006466,1224.8614069977775,547.3520755006466,1224.8614069977775,547.3263604962654,1223.0474049333964,-37.90942523593984,145.13281399895394,1.8141843211287618,1.8141843211287618,1.8141843211287618,0.8470851039869501,prox=0.993 head=0.500 conn=1.000 turn=1.000,,5.541599995922297,0.0,,,
535.6991098,1225.376456,535.6684363,1223.212666,145.13268232948937,-37.909402157245744,topo,False,True,-11294994,0,,False,535.6991097988794,1225.3764559999108,535.6991097988794,1225.3764559999108,535.668436253748,1223.2126658109105,-37.909421643653275,145.13268148792397,2.164007589724454,2.164007589724454,2.164007589724454,0.8458589807265061,prox=0.990 head=0.500 conn=1.000 turn=1.000,,5.875900038518012,0.0,,,
524.5302938,1225.130849,524.5053452,1223.370912,145.1325552860074,-37.909402354273226,topo,False,True,-11294994,0,,False,524.5302938017994,1225.1308489991352,524.5302938017994,1225.1308489991352,524.5053452153394,1223.3709120117264,-37.90941820370558,145.1325546014859,1.7601138121200544,1.7601138121200544,1.7601138121200544,0.8472556790642735,prox=0.993 head=0.500 conn=1.000 turn=1.000,,4.963700019288808,0.0,,,
515.7750314,1225.534144,515.4867702,1223.686437,145.13245583203062,-37.909397141275946,topo,False,True,-11294994,0,,False,515.7750313967699,1225.5341440010816,515.7750313967699,1225.5341440010816,516.81,1223.48,-37.90941583227704,145.1324671315525,2.300145122997961,2.300145122997961,1.766762414195794,0.8472349792311157,prox=0.993 head=0.500 conn=1.000 turn=1.000,,5.31460001366213,0.0,,,
509.1019043,1224.977098,510.18,1225.82,145.13237983283278,-37.90940095495651,topo,False,True,-11294994,0,,False,509.1019043009728,1224.9770979993045,509.1019043009728,1224.9770979993045,516.81,1223.48,-37.90941583227704,145.1324671315525,7.85213612495874,7.85213612495874,0.4379354901005994,0.8498295585511871,prox=1.000 head=0.500 conn=1.000 turn=1.000,,5.562300037126988,0.0,,,
509.1524885,1243.660553,508.9654378,1243.671468,145.13238466386943,-37.90923265905492,topo,False,True,310292423,0,,False,509.15248850081116,1243.6605530008674,509.15248850081116,1243.6605530008674,508.9654377374649,1243.6714674317266,-37.90923252697691,145.13238253962535,0.187368921834411,0.187368921834411,0.187368921834411,0.8299687948947111,prox=1.000 head=0.500 conn=0.900 turn=1.000,,4.858500033151358,0.0,,,
509.4475381,1253.316124,509.5279307,1253.311433,145.13239021794917,-37.90914573260932,topo,False,True,310292423,0,,False,509.4475380994845,1253.3161239996552,509.4475380994845,1253.3161239996552,509.52793070304097,1253.31143308315,-37.909145789375096,145.1323911309276,0.08052934498829457,0.08052934498829457,0.08052934498829457,0.8499942356189539,prox=1.000 head=0.500 conn=1.000 turn=1.000,,4.784499993547797,0.0,,,
507.9509424,1264.460007,510.1708928,1264.330472,145.13237574042662,-37.90904507574316,topo,False,True,310292423,0,,False,507.9509423993295,1264.4600069997832,507.9509423993295,1264.4600069997832,510.17089277161875,1264.3304726722251,-37.90904664326495,145.13240095125423,2.223726331508239,2.223726331508239,2.223726331508239,0.8456285435822676,prox=0.989 head=0.500 conn=1.000 turn=1.000,,5.316300026606768,0.0,,,
508.0175776,1266.363277,510.281798,1266.231159,145.13237693159653,-37.909027942657126,topo,False,True,310292423,0,,False,508.0175776029937,1266.3632769994438,508.0175776029937,1266.3632769994438,510.2817980397704,1266.2311595091692,-37.909029541437846,145.13240264517043,2.268071695858365,2.268071695858365,2.268071695858365,0.845453459189044,prox=0.989 head=0.500 conn=1.000 turn=1.000,,5.27320004766807,0.0,,,
