gps_x,gps_y,gt_x,gt_y,lon,lat,method,kalman,matched,edge_id,lane_index,lane_pos,is_internal_edge,raw_x,raw_y,filt_x,filt_y,matched_x,matched_y,matched_lat,matched_lon,match_error_raw_m,match_error_filt_m,raw_dist,score,components,window_len,match_ms,phone_speed_mps,phone_course_deg,accuracy_m,unmatched_reason
473.7291117,1267.162459,476.93,1284.79,145.13198726173027,-37.90901455454441,native,False,True,28533357#0,0,4.472095888139561,False,473.72911169938743,1267.162459000945,473.72911169938743,1267.162459000945,479.1198840997507,1271.9404847750811,-37.90897248604323,145.13204964212295,7.20346842644756,7.20346842644756,,,,,5.960500042419881,0.0,,,
473.0268462,1272.159309,476.93,1284.79,145.1319804155997,-37.90896941496369,native,False,True,28533357#0,0,2.8421556217423354,False,473.02684620110085,1272.1593089997768,473.02684620110085,1272.1593089997768,478.7408785933918,1273.5257481911017,-37.90895813719978,145.1320456940888,5.875144444499969,5.875144444499969,,,,,2.3464999976567924,0.0,,,
471.7866339,1275.069598,476.93,1284.79,145.1319669777577,-37.90894297451234,native,False,True,1272942443#3,0,2.3930624798354128,False,471.78663390059955,1275.069597998634,471.78663390059955,1275.069597998634,471.70762126887706,1278.402798258187,-37.90891293398941,145.13196683883137,3.3341366148158764,3.3341366148158764,,,,,2.4772000033408403,0.0,,,
477.7709816,1282.304613,476.93,1284.79,145.1320366666742,-37.90887888002193,native,False,True,:3157090491_0,0,2.446291221702454,True,477.7709816005081,1282.3046129988506,477.7709816005081,1282.3046129988506,478.3937200631617,1282.1688087135913,-37.90888021578852,145.13204371611235,0.6373742987938874,0.6373742987938874,,,,,2.136400027666241,0.0,,,
475.7362837,1288.214475,477.3118565,1288.028709,145.1320148791262,-37.9088252752965,native,False,True,-1272942443#2,0,3.2599230252891207,False,475.7362836992834,1288.2144750002772,475.7362836992834,1288.2144750002772,477.31171372816806,1288.0274979166848,-37.908827244010396,145.13203274875355,1.5864867492986865,1.5864867492986865,,,,,2.329600043594837,0.0,,,
478.0171809,1294.462773,478.0697274,1294.456577,145.1320422358616,-37.90876940086211,native,False,True,-1272942443#2,0,9.729895744757552,False,478.01718090078793,1294.4627729998901,478.01718090078793,1294.4627729998901,478.0693013732552,1294.4529634990902,-37.90876949863656,145.1320428262224,0.05303555369896409,0.05303555369896409,,,,,2.9734999989159405,0.0,,,
479.4925256,1302.843308,479.064506,1302.893773,145.1320609194223,-37.9086941733143,native,False,True,-1272942443#2,0,18.22235685909141,False,479.49252560094465,1302.843307999894,479.49252560094465,1302.843307999894,479.06370797983055,1302.8870047178223,-37.90869370227992,145.1320560538422,0.4310382295523791,0.4310382295523791,,,,,2.5757999974302948,0.0,,,
480.8408586,1312.132408,480.1834854,1312.212917,145.13207836584652,-37.908610738265224,native,False,True,-1272942443#1,0,3.23724418881345,False,480.84085859777406,1312.1324079986662,480.84085859777406,1312.1324079986662,480.1835245597877,1312.213236430587,-37.90860989149229,145.13207091056697,0.6622848880219139,0.6622848880219139,,,,,2.310900017619133,0.0,,,
482.7968747,1319.726018,481.1286354,1319.930327,145.1321023351348,-37.908542686277684,native,False,True,1272942443#1,0,90.93264783737028,False,482.7968747005798,1319.726018000394,482.7968747005798,1319.726018000394,483.1211011950843,1319.6933857518884,-37.9085430387598,145.13210601405683,0.3258645169103492,0.3258645169103492,,,,,2.1498999558389187,0.0,,,
484.386391,1329.440501,482.3242743,1329.693048,145.1321226205554,-37.908455462799694,native,False,True,1272942443#1,0,81.09771580787536,False,484.3863910001237,1329.4405010007322,484.3863910001237,1329.4405010007322,484.3174126906687,1329.4552875558566,-37.90845531714839,145.1321218396626,0.07054537112893067,0.07054537112893067,,,,,2.0800000056624413,0.0,,,
485.8438453,1338.927075,483.4904622,1339.215293,145.13214135250252,-37.908370268537865,native,False,True,1272942443#1,0,71.50504553215957,False,485.84384530066745,1338.9270750004798,485.84384530066745,1338.9270750004798,485.48425570389674,1338.9767265437974,-37.90836975636025,145.1321372753993,0.36300131385375073,0.36300131385375073,,,,,2.3202000302262604,0.0,,,
488.5022528,1349.223895,484.7721613,1349.680719,145.1321739234061,-37.90827799214462,native,False,True,1272942443#1,0,60.96213670381395,False,488.5022527994006,1349.2238949993625,488.5022527994006,1349.2238949993625,486.76668480360195,1349.4413479973923,-37.908275720017045,145.13215424013583,1.7491375230074602,1.7491375230074602,,,,,2.2166999988257885,0.0,,,
492.4236756,1357.199581,485.78,1357.91,145.1322203254982,-37.90820685303073,native,False,True,1272942443#1,0,52.62754626491864,False,492.4236756002065,1357.199581000954,492.4236756002065,1357.199581000954,487.78031596259194,1357.714067178046,-37.90820138033401,145.1321676493581,4.671775331781979,4.671775331781979,,,,,2.4688999983482063,0.0,,,
495.9601828,1366.703132,486.0039295,1365.263893,145.1322626991894,-37.90812188104937,native,False,True,1272942443#1,0,44.75856809513951,False,495.96018280024873,1366.7031320007518,495.96018280024873,1366.7031320007518,487.98992012946485,1365.5459915160166,-37.90813086631327,145.1321718166444,8.05382276578671,8.05382276578671,,,,,2.4135999847203493,0.0,,,
496.0361873,1377.028582,485.3053289,1378.73971,145.1322659154094,-37.908028880630525,native,False,True,1272942443#1,0,31.73162634478181,False,496.036187299178,1377.028582001105,496.036187299178,1377.028582001105,487.27966594692043,1378.428974892226,-37.90801468511215,145.13216667613997,8.867793775344852,8.867793775344852,,,,,2.0798000041395426,0.0,,,
501.9220752,1387.699555,487.1106644,1390.061362,145.13233526638675,-37.90793381621671,native,False,True,1272942443#1,0,20.267092351817915,False,501.92207520036027,1387.6995550012216,501.92207520036027,1387.6995550012216,489.08699327372136,1389.7501544955016,-37.9079130274134,145.132189803747,12.997856990653279,12.997856990653279,,,,,2.242599963210523,0.0,,,
500.604022,1395.907974,488.3544285,1397.861278,145.13232215040708,-37.90785963492252,native,False,True,1272942443#1,0,12.369709515479467,False,500.60402200114913,1395.9079740010202,500.60402200114913,1395.9079740010202,490.3319767871448,1397.5487871779014,-37.907843000160796,145.1322057352366,10.402268058456107,10.402268058456107,,,,,2.0875000045634806,0.0,,,
504.0006814,1405.973356,491.1787143,1411.264962,145.13236306172985,-37.907769576543465,native,False,True,1001027006,0,31.28821731423739,False,504.00068140093936,1405.9733560001478,504.00068140093936,1405.9733560001478,504.4980129865396,1410.510140569948,-37.90772879784693,145.13236974956277,4.563962416454848,4.563962416454848,,,,,2.4840999976731837,0.0,,,
503.9163697,1412.936043,492.5040034,1415.852281,145.13236368909813,-37.90770683976173,native,False,True,1001027006,0,32.134687058995105,False,503.9163697005715,1412.9360429998487,503.9163697005715,1412.9360429998487,503.65663567335326,1410.6028511175973,-37.9077278108429,145.13236020458118,2.3476043372550888,2.3476043372550888,,,,,2.2255000076256692,0.0,,,
497.0367919,1417.84959,493.2609351,1418.814447,145.13228659052356,-37.90766133574821,native,False,True,996237862#1,0,1.096472443136962,False,497.0367918970878,1417.8495899988338,497.0367918970878,1417.8495899988338,495.19866770909204,1418.3176297225218,-37.907656787788376,145.13226579847515,1.8967766640922956,1.8967766640922956,,,,,2.2728999610990286,0.0,,,
495.2116133,1426.083739,493.1417578,1425.231445,145.1322677147041,-37.90758683113957,native,False,True,:cluster_11820724987_9239946034_9351956751_9351956760_16,0,4.7608237542152505,True,495.21161330107134,1426.0837390003726,495.21161330107134,1426.0837390003726,495.42580734718496,1426.1696243173417,-37.9075860961218,145.1322701695575,0.23077126567535514,0.23077126567535514,,,,,2.152999979443848,0.0,,,
489.4098469,1433.965083,488.1451384,1428.846025,145.13220354659035,-37.907514786968015,native,False,True,-45897403#0,0,94.9133015189083,False,489.4098469010205,1433.9650830011815,489.4098469010205,1433.9650830011815,489.63566973058556,1435.6292835056195,-37.90749983620674,145.1322064931906,1.6794520741374006,1.6794520741374006,,,,,2.0641000010073185,0.0,,,
481.3095856,1438.204802,480.3647901,1430.075408,145.13211241621408,-37.9074751325339,native,False,True,1209653412#1,0,2.648310511384679,False,481.30958559940336,1438.2048019999638,481.30958559940336,1438.2048019999638,481.3842527331789,1438.9274910965678,-37.9074686358537,145.13211342977846,0.7265361045512623,0.7265361045512623,,,,,2.21800000872463,0.0,,,
466.7370764,1433.414382,466.537183,1431.647844,145.13194564224543,-37.90751565539891,native,False,True,:cluster_579289_605155831_9106614572_9106614573_#2more_21,0,10.494630090460545,True,466.7370763994986,1433.4143820004538,466.7370763994986,1433.4143820004538,466.7878377947555,1433.8578580195806,-37.90751166962366,145.13194632041532,0.4463717047360815,0.4463717047360815,,,,,2.162500051781535,0.0,,,
454.5943196,1434.911206,454.3642938,1433.042414,145.13180792579166,-37.907499979661004,native,False,True,-1209653410,0,82.58330413746441,False,454.5943195998552,1434.9112060004845,454.5943195998552,1434.9112060004845,454.6348752092855,1435.2523167086194,-37.90749691417552,145.13180846461034,0.3435131331704325,0.3435131331704325,,,,,2.289900032337755,0.0,,,
442.4691842,1436.462887,442.2319776,1434.535756,145.13167042224978,-37.90748381277975,native,False,True,-1209653410,0,70.35963754144821,False,442.4691841993481,1436.4628870012239,442.4691841993481,1436.4628870012239,442.50274611119755,1436.7454572237384,-37.907481273379055,145.13167086821986,0.2845563785595283,0.2845563785595283,,,,,2.2181999520398676,0.0,,,
430.4012506,1436.268973,430.3676643,1435.99611,145.1315331713487,-37.9074833808017,native,False,True,1209653410,0,25.915990840269078,False,430.40125060104765,1436.268973001279,430.40125060104765,1436.268973001279,430.3681281344205,1435.996052583837,-37.907485833353356,145.1315327325692,0.2749229929493047,0.2749229929493047,,,,,2.3360999766737223,0.0,,,
415.104785,1440.120866,414.8324458,1437.908308,145.13136013561203,-37.907445920111996,native,False,True,-1209653410,0,42.75380301984816,False,415.10478499985766,1440.1208660006523,415.10478499985766,1440.1208660006523,415.10363917010534,1440.1175542663152,-37.907445949737976,145.13136012182974,0.0035043558810207522,0.0035043558810207522,,,,,2.0892000175081193,0.0,,,
404.4142589,1439.37781,404.3915669,1439.193454,145.13123842010341,-37.90745068330738,native,False,True,1209653410,0,52.08765405602303,False,404.4142588976538,1439.377810000442,404.4142588976538,1439.377810000442,404.3924989603775,1439.1933396356133,-37.90745234113057,145.13123813065994,0.1857493213185596,0.1857493213185596,,,,,2.0653000101447105,0.0,,,
395.9850461,1442.126178,395.754914,1440.256522,145.13114321041883,-37.907424403177245,native,False,True,-1209653410,0,23.532620506564733,False,395.9850460991729,1442.1261780010536,395.9850460991729,1442.1261780010536,396.0263953793539,1442.4654525940093,-37.90742135437896,145.13114375786947,0.3417850382868396,0.3417850382868396,,,,,2.2013999987393618,0.0,,,
375.4958763,1443.386937,375.4186672,1442.759669,145.1309105458845,-37.90740934562029,native,False,True,1209653410,0,81.27868150292798,False,375.4958762989845,1443.386936998926,375.4958762989845,1443.386936998926,375.42012154900675,1442.7594902969076,-37.90741498412515,145.130909541561,0.632003280069048,0.632003280069048,,,,,2.2137999767437577,0.0,,,
363.839385,1444.867675,363.7555832,1444.170951,145.1307783548315,-37.90739390141891,native,False,True,:cluster_605155297_605155316_14,0,6.033629807230702,True,363.83938500029035,1444.8676750008017,363.83938500029035,1444.8676750008017,364.0173161539218,1445.1449607988716,-37.90739143570217,145.13078044103412,0.3294645796498887,0.3294645796498887,,,,,2.218299952801317,0.0,,,
352.7059294,1447.383398,352.4865019,1445.507949,145.1306523464585,-37.90736922816335,native,False,True,-1147258794#0,0,4.405716849735232,False,352.705929400865,1447.383398000151,352.705929400865,1447.383398000151,352.7458680239782,1447.7180234411946,-37.90736622099368,145.1306528768304,0.3370004145544719,0.3370004145544719,,,,,2.0690999808721244,0.0,,,
340.6594751,1448.35672,340.6960473,1446.219859,145.13051560616665,-37.90735828414997,native,False,True,:cluster_9106614563_9109971234_3,0,8.620948104978726,True,340.659475101158,1448.3567199995741,340.659475101158,1448.3567199995741,340.65592928448757,1448.4552960722624,-37.90735739551322,145.13051558832797,0.09863982422178398,0.09863982422178398,,,,,2.097700024023652,0.0,,,
330.0232991,1448.921344,330.8540458,1444.93376,145.1303948068907,-37.90735127640804,native,False,True,-1147258794#2,0,18.84367304260499,False,330.02329909952823,1448.9213440008461,330.02329909952823,1448.9213440008461,330.4003116135425,1447.1152106766133,-37.90736761458726,145.13039868150773,1.8450626061540027,1.8450626061540027,,,,,2.207099983934313,0.0,,,
316.5734906,1441.69195,317.2628533,1440.413953,145.13024024074323,-37.90741397050802,native,False,True,1147258794#2,0,15.729102946273098,False,316.5734906006837,1441.6919500008225,316.5734906006837,1441.6919500008225,317.26283215588535,1440.4139414831006,-37.907425607651255,145.13024778678798,1.4520666482973572,1.4520666482973572,,,,,2.028500020969659,0.0,,,
305.4285499,1433.311363,307.976275,1431.575725,145.13011161704304,-37.907487451075255,native,False,True,:10132758421_4,0,0.9966053600532419,True,305.42854990053456,1433.3113630004227,305.42854990053456,1433.3113630004227,306.1505155892978,1432.824041575311,-37.90749197142962,145.13011971431186,0.8710434128815548,0.8710434128815548,,,,,2.0227000350132585,0.0,,,
297.0604525,1420.276327,296.5019474,1421.425252,145.13001350297813,-37.90760336161484,native,False,True,:579292_0,0,7.3934404233288005,True,297.06045249977615,1420.2763269999996,297.06045249977615,1420.2763269999996,296.6458224195246,1421.4682581005202,-37.907592549502674,145.13000906066435,1.2619896401467205,1.2619896401467205,,,,,2.1315999911166728,0.0,,,
287.927023,1419.860716,288.1086715,1418.600529,145.1299095653306,-37.90760545509013,native,False,True,5094886#2,0,8.825457714290907,False,287.92702299921075,1419.8607160001993,287.92702299921075,1419.8607160001993,288.10826805799866,1418.6004710714233,-37.90761684041767,145.12991133856968,1.2732113146845556,1.2732113146845556,,,,,2.1678999764844775,0.0,,,
278.1815983,1420.716308,277.7489454,1418.869619,145.1297989595295,-37.907595986587154,native,False,True,-5094886#2,0,13.510605504371698,False,278.18159829918295,1420.7163080004975,278.18159829918295,1420.7163080004975,278.2588107182372,1421.037072943812,-37.90759311101703,145.1297999105622,0.32992712303748734,0.32992712303748734,,,,,2.191200037486851,0.0,,,
268.9183396,1424.977404,267.9475504,1423.445485,145.1296946125698,-37.907555927566094,native,False,True,-5094886#2,0,3.3721533544856763,False,268.91833960078657,1424.9774040002376,268.91833960078657,1424.9774040002376,269.14081028055,1425.3288062318343,-37.907552802261584,145.1296972221121,0.4159047147190572,0.4159047147190572,,,,,2.072500006761402,0.0,,,
261.8516459,1430.831872,261.5907685,1426.625224,145.12961560308494,-37.90750191200004,native,False,True,:9110403639_1,0,6.67477342688719,True,261.8516458970844,1430.831872000359,261.8516458970844,1430.831872000359,261.4438128205936,1430.64656635379,-37.907503507565025,145.1296109239487,0.4479575883164635,0.4479575883164635,,,,,2.026100002694875,0.0,,,
251.4426413,1421.91827,251.4359245,1421.924408,145.12949522428613,-37.90758032640258,native,False,True,:9110403636_0,0,1.2790292216972898,True,251.44264130061492,1421.918270001188,251.44264130061492,1421.918270001188,251.43720385113497,1421.9258079880344,-37.90758025751587,145.12949516418453,0.00929446623239286,0.00929446623239286,,,,,2.0090999896638095,0.0,,,
251.7787016,1410.822969,248.9720735,1411.222061,145.12949651398677,-37.90768033613389,native,False,True,-10539447#1,0,7.090957232161965,False,251.778701600153,1410.8229689998552,251.778701600153,1410.8229689998552,248.97173237966925,1411.2196626700315,-37.907676255266594,145.1294646905229,2.834861914221064,2.834861914221064,,,,,2.0955000072717667,0.0,,,
248.7183179,1400.988832,247.5246329,1401.161334,145.12945947532455,-37.90776837110208,native,False,True,-10539447#0,0,3.393494229075623,False,248.71831789950375,1400.9888319997117,248.71831789950375,1400.9888319997117,247.52464168727644,1401.1613945764589,-37.907766600858224,145.12944594312094,1.2060848819759504,1.2060848819759504,,,,,2.094399998895824,0.0,,,
248.9675343,1387.39599,245.6055873,1387.881831,145.1294592078159,-37.90789086354684,native,False,True,-10539447#0,0,16.810699166669224,False,248.96753430075478,1387.3959900001064,248.96753430075478,1387.3959900001064,245.605630924217,1387.8821330748299,-37.90788587657874,145.12942109530493,3.396870530691116,3.396870530691116,,,,,2.135500020813197,0.0,,,
247.1318233,1375.931151,243.9451223,1376.391667,145.12943572099513,-37.907993809596185,native,False,True,-10539447#0,0,28.42001116334247,False,247.13182329956908,1375.9311510007828,247.13182329956908,1375.9311510007828,243.94519607381758,1376.3921774115697,-37.907989080558615,145.1293995955214,3.219804097665522,3.219804097665522,,,,,2.321499981917441,0.0,,,
244.6890716,1363.55454,242.143173,1363.922453,145.12940512427363,-37.90810485935731,native,False,True,-10539447#0,0,41.01852588271262,False,244.68907160073286,1363.554540000856,244.68907160073286,1363.554540000856,242.14327939612758,1363.923189103738,-37.90810107830363,145.12937626371613,2.572345254837448,2.572345254837448,,,,,2.201199997216463,0.0,,,
240.9224136,1348.967768,240.0012804,1349.100883,145.1293589708858,-37.90823557942028,native,False,True,-10539447#0,0,55.99378880760024,False,240.9224135974655,1348.9677680004388,240.9224135974655,1348.9677680004388,240.001425644458,1349.101888142757,-37.908234204753555,145.1293485301936,0.9307024348095085,0.9307024348095085,,,,,2.106499974615872,0.0,,,
238.6681106,1332.424314,237.6133457,1332.57674,145.1293295658462,-37.908384199075805,native,False,True,-10539447#0,0,72.68927943769799,False,238.668110603292,1332.4243139997125,238.668110603292,1332.4243139997125,237.61353439864817,1332.578045285302,-37.90838262359576,145.1293176107563,1.06572242144474,1.06572242144474,,,,,2.1583999623544514,0.0,,,
236.7243891,1322.123897,236.1155017,1322.211888,145.12930511628906,-37.90847663618215,native,False,True,-10539447#0,0,83.16160990907792,False,236.72438909701305,1322.123897000216,236.72438909701305,1322.123897000216,236.11571760428848,1322.2133817426525,-37.90847572005341,145.12929821631406,0.6152141945570543,0.6152141945570543,,,,,2.320100029464811,0.0,,,
235.2652209,1309.831686,234.3699324,1309.955195,145.1292857214317,-37.90858710340184,native,False,True,:579297_3,0,4.050469580384559,True,235.26522089913487,1309.831686001271,235.26522089913487,1309.831686001271,235.5277062621827,1309.946111612148,-37.90858612008046,145.1292887319146,0.28634207905737136,0.28634207905737136,,,,,2.0736000151373446,0.0,,,
231.7416228,1293.572242,232.1363466,1293.519982,145.12924194936596,-37.908732935138026,native,False,True,-4577073#9,0,6.122890481892117,False,231.7416228003567,1293.5722420001402,231.7416228003567,1293.5722420001402,232.13635941151148,1293.520078282401,-37.90873347639996,145.12924642550286,0.3981683634272368,0.3981683634272368,,,,,2.2583999671041965,0.0,,,
231.7991545,1282.376961,230.6806482,1282.525048,145.1292400490734,-37.908833795135365,native,False,True,-4577073#9,0,17.213594108285676,False,231.7991544995457,1282.3769610002637,231.7991544995457,1282.3769610002637,230.68068425033948,1282.5253196787005,-37.90883225649141,145.12922736623005,1.1282668105669513,1.1282668105669513,,,,,2.510200021788478,0.0,,,
229.9978889,1269.091913,228.8316693,1269.256672,145.12921653790673,-37.90895314418582,native,False,True,-4577073#9,0,30.61005343317583,False,229.99788890237687,1269.0919129997492,229.99788890237687,1269.0919129997492,228.83173743922245,1269.257154563269,-37.908951444834116,145.1292033167729,1.1778004964049271,1.1778004964049271,,,,,2.5403000181540847,0.0,,,
227.4317213,1257.723872,227.2068464,1257.755641,145.1291847673245,-37.90905508611837,native,False,True,-4577073#9,0,42.22510667077359,False,227.4317213020404,1257.7238720003515,227.4317213020404,1257.7238720003515,227.20694044687892,1257.756306922947,-37.90905475330043,145.12918221902228,0.22710891010899742,0.22710891010899742,,,,,2.409400010947138,0.0,,,
228.2622209,1244.995171,225.4600236,1245.391055,145.1291913055021,-37.909169899237305,native,False,True,-4577073#9,0,54.71227708856301,False,228.26222090038937,1244.995171001181,228.26222090038937,1244.995171001181,225.46014544536914,1245.391917238631,-37.90916581868315,145.129159537073,2.8300237512356023,2.8300237512356023,,,,,2.9352999990805984,0.0,,,
226.0159884,1232.237242,223.6489456,1232.571649,145.12916285522604,-37.90928441941698,native,False,True,-4577073#9,0,67.65877617540903,False,226.01598839927465,1232.2372420001775,226.01598839927465,1232.2372420001775,223.64909625365348,1232.5727152575837,-37.909280969491554,145.12913602071055,2.390548208139272,2.390548208139272,,,,,2.1704999962821603,0.0,,,
222.2310967,1219.606263,221.8253425,1219.663586,145.12911693956494,-37.90939751781488,native,False,True,-4577073#9,0,80.69481076955418,False,222.23109669983387,1219.6062629986554,222.23109669983387,1219.6062629986554,221.82552219270204,1219.6648581316324,-37.90939691665203,145.12911234163192,0.4097853955960555,0.4097853955960555,,,,,2.103600010741502,0.0,,,
220.1764105,1201.975983,219.3431351,1202.093705,145.12908955508246,-37.90955596381664,native,False,True,-4577073#9,0,98.43888198924864,False,220.17641050019301,1201.975982999429,220.17641050019301,1201.975982999429,219.34335418538157,1202.0952563879096,-37.90955473876211,145.1290801105905,0.8415515223958849,0.8415515223958849,,,,,2.323900000192225,0.0,,,
218.1049826,1188.239862,217.4082027,1188.33771,145.12906286875648,-37.90967932733121,native,False,True,:cluster_12176407960_33776478_412622428_9553656656_#1more_11,0,7.4489380419376445,True,218.10498260013992,1188.2398619996384,218.10498260013992,1188.2398619996384,217.3100016904855,1189.4061575026433,-37.90966867735107,145.12905409609007,1.4114672674364144,1.4114672674364144,,,,,2.104999963194132,0.0,,,
216.3818146,1175.192081,215.5780334,1175.304955,145.12904029908242,-37.90979655308191,native,False,True,:cluster_12176407960_33776478_412622428_9553656656_#1more_1,0,16.5114135809614,True,216.38181459892076,1175.1920809997246,216.38181459892076,1175.1920809997246,215.77903141128195,1175.2985632359037,-37.90979548488211,145.12903346981682,0.6121160330539464,0.6121160330539464,,,,,2.23730003926903,0.0,,,
215.3275147,1162.865344,213.9109307,1163.051299,145.1290254988281,-37.90990740443432,native,False,True,-4577073#4,0,5.908471625950702,False,215.3275147015229,1162.865344000049,215.3275147015229,1162.865344000049,213.91099467485225,1163.051786299173,-37.9099054688083,145.12900943570614,1.4287371055801947,1.4287371055801947,,,,,2.204400021582842,0.0,,,
215.2371577,1149.079267,212.1303632,1149.487095,145.12902132542894,-37.91003157612402,native,False,True,-1037064066#1,0,33.57260037669261,False,215.23715769918635,1149.0792670007795,215.23715769918635,1149.0792670007795,217.1829775078662,1148.7781431801484,-37.910034640524245,145.12904338049572,1.9689820423768216,1.9689820423768216,,,,,2.148200001101941,0.0,,,
211.4575709,1135.481743,210.311623,1135.632173,145.1289752487797,-37.91015338224462,native,False,True,-4577073#4,0,33.56052595004768,False,211.45757090079132,1135.4817430004478,211.45757090079132,1135.4817430004478,210.31198677487,1135.6349438391371,-37.910151795044904,145.12896225853993,1.1557826294498614,1.1557826294498614,,,,,2.08609999390319,0.0,,,
208.4431729,1122.593368,208.5973505,1122.573129,145.1289380339624,-37.91026893852722,native,False,True,-4577073#4,0,46.730509232124696,False,208.44317290035542,1122.593368000351,208.44317290035542,1122.593368000351,208.59785707849397,1122.5769876807567,-37.91026911405366,145.1289397889739,0.15554905925915222,0.15554905925915222,,,,,2.1949000074528158,0.0,,,
210.1700179,1109.071683,206.9073084,1109.489282,145.1289545822211,-37.91039105707487,native,False,True,-4577073#3,0,4.668538444175166,False,210.1700179008767,1109.0716829998419,210.1700179008767,1109.0716829998419,206.90730269969188,1109.4892375233715,-37.91038670570772,145.12891758057958,3.289325502920395,3.289325502920395,,,,,2.4274999741464853,0.0,,,
208.7476217,1093.240803,204.8908256,1093.734439,145.12893479672013,-37.910533407931894,native,False,True,-4577073#3,0,20.552053060328497,False,208.7476216998184,1093.2408029995859,208.7476216998184,1093.2408029995859,204.89080088762165,1093.7342460285001,-37.91052826551121,145.12889105736014,3.888258324774494,3.888258324774494,,,,,2.108899992890656,0.0,,,
206.2121928,1081.706447,203.3978563,1082.066381,145.1289033365223,-37.910636853494346,native,False,True,-4577073#3,0,32.315351109719415,False,206.21219280082732,1081.7064469987527,206.21219280082732,1081.7064469987527,203.39781733201227,1082.0660764722102,-37.910633104979034,145.12887141916238,2.8372597057103017,2.8372597057103017,,,,,2.0782999927178025,0.0,,,
204.0740031,1068.301282,201.6766121,1068.607891,145.1288759658718,-37.91075722353065,native,False,True,-4577073#3,0,45.88359005345385,False,204.07400310004596,1068.301282000728,204.07400310004596,1068.301282000728,201.67655694021494,1068.6074595039663,-37.91075403190453,145.12884877675424,2.4169180277323803,2.4169180277323803,,,,,2.183200034778565,0.0,,,
203.6367728,1054.885652,199.9814254,1055.353145,145.1288679327,-37.910877995400135,native,False,True,-4577073#3,0,59.246424594102486,False,203.6367727991892,1054.8856520010158,203.6367727991892,1054.8856520010158,199.98135405409676,1055.3525874134614,-37.91087312815487,145.12882647704046,3.685120741762599,3.685120741762599,,,,,2.3107000160962343,0.0,,,
201.8868718,1040.448844,198.1320436,1040.933338,145.12884474129154,-37.91100772889753,native,False,True,10670084#4,0,48.19923971665988,False,201.88687179901171,1040.4488440006971,201.88687179901171,1040.4488440006971,202.2392388749433,1042.4089648896586,-37.91099013541726,145.12884919509114,1.99154122617224,1.99154122617224,,,,,2.0997999818064272,0.0,,,
197.6288879,1027.363995,196.3907349,1027.528904,145.12879334128223,-37.91112483010925,native,False,True,:664322664_0,0,1.885615202235678,True,197.62888789980207,1027.3639949997887,197.62888789980207,1027.3639949997887,197.84881908704858,1026.85948933494,-37.91112941457649,145.1287957267659,0.5503596033395658,0.5503596033395658,,,,,2.271800010930747,0.0,,,
195.8074354,1015.421907,194.7513822,1015.568117,145.1287699055111,-37.911232077661744,native,False,True,-4577073#1,0,8.886218969735673,False,195.80743540078402,1015.4219070002437,195.80743540078402,1015.4219070002437,194.75133037523372,1015.5677427938191,-37.91123057296158,145.12875793079192,1.0661265889566605,1.0661265889566605,,,,,2.282499975990504,0.0,,,
196.6879654,1001.584737,192.8882225,1002.11081,145.12877675894052,-37.911356885128505,native,False,True,-4577073#1,0,22.472468660714583,False,196.6879654005752,1001.5847369991243,196.6879654005752,1001.5847369991243,192.88809136781384,1002.1098632778309,-37.911351467525705,145.12873367383116,3.835987522586881,3.835987522586881,,,,,2.128100022673607,0.0,,,
193.5816436,989.8197648,191.2688934,990.1289573,145.1287387543634,-37.91146230482216,native,False,True,-4577073#1,0,34.5637936803988,False,193.58164359949296,989.8197647994384,193.58164359949296,989.8197647994384,191.26869854315228,990.1275000219136,-37.91145911440692,145.1287125261381,2.3333271954020236,2.3333271954020236,,,,,2.0899000228382647,0.0,,,
191.5594067,976.3335609,189.4620673,976.6139551,145.12871268298574,-37.91158342577397,native,False,True,-4577073#1,0,48.19961872226684,False,191.55940669728443,976.3335609007627,191.55940669728443,976.3335609007627,189.46179560857706,976.6119228475027,-37.911580538894256,145.1286888963916,2.1160003905625806,2.1160003905625806,,,,,2.1872000070288777,0.0,,,
190.2846077,964.3413904,187.8645964,964.6649227,145.12869545102893,-37.911691223307834,native,False,True,-4577073#1,0,60.25547424989947,False,190.2846076998394,964.3413904001936,190.2846076998394,964.3413904001936,187.86425672370515,964.6623821862692,-37.91168789403913,145.12866800452883,2.4415434819805983,2.4415434819805983,,,,,2.103199949488044,0.0,,,
188.5870044,950.8163628,186.0583714,951.1544168,145.12867306176307,-37.911812752682295,native,False,True,-4577073#1,0,73.88676276435987,False,188.587004399742,950.8163627991453,188.587004399742,950.8163627991453,186.05795493095016,951.1513015337844,-37.91180927811228,145.12864438248198,2.551132135260327,2.551132135260327,,,,,2.102700003888458,0.0,,,
185.1537997,938.3974825,184.3669551,938.502676,145.12863119078943,-37.911924003753406,native,False,True,-4577073#1,0,86.6516087642502,False,185.1537997032283,938.3974825004116,185.1537997032283,938.3974825004116,184.36646669127393,938.4990226506759,-37.91192294666869,145.12862226184015,0.7938536854035672,0.7938536854035672,,,,,2.218600013293326,0.0,,,
184.1232992,925.5835417,182.6658402,925.77839,145.1286165487521,-37.91203924812998,native,False,True,-4577073#1,0,99.48964871444535,False,184.12329919985496,925.5835416996852,184.12329919985496,925.5835416996852,182.66527941518495,925.7741952799615,-37.91203726699537,145.12860001428209,1.4704320726104128,1.4704320726104128,,,,,2.2471999982371926,0.0,,,
182.5205476,913.6550178,181.0709702,913.8488124,145.12859560215475,-37.91214641298163,native,False,True,-4577073#1,0,111.52587554947918,False,182.52054759883322,913.6550178006291,182.52054759883322,913.6550178006291,181.07034155681123,913.8441102152055,-37.912144447319946,145.12857915614916,1.4624819676041887,1.4624819676041887,,,,,2.123699989169836,0.0,,,
180.7248878,902.7748729,179.6485474,902.7784135,145.12857270139958,-37.91224409891392,native,False,True,-4577073#1,0,122.69131614691653,False,180.72488780075219,902.7748728999868,180.72488780075219,902.7748728999868,179.6485302452917,902.7731945686782,-37.91224391936585,145.12856046257133,1.0763588639449357,1.0763588639449357,,,,,2.092399983666837,0.0,,,
181.0314062,889.8981747,179.7545015,889.8472118,145.12857324711186,-37.91236015041537,native,False,True,-1162333280#0,0,26.975731128234195,False,181.0314061989775,889.8981746993959,181.0314061989775,889.8981746993959,181.76949185051532,889.883280642565,-37.91236041807179,145.12858163593705,0.7382359121140789,0.7382359121140789,,,,,2.2548000561073422,0.0,,,
179.7614997,874.1097759,179.304569,874.1361298,145.12855520373995,-37.91250214602923,native,False,True,491516483#0,0,10.862380204716427,False,179.76149969990365,874.1097758989781,179.76149969990365,874.1097758989781,179.30454083385115,874.1356418104484,-37.91250183037823,145.12855001389403,0.45769034361692496,0.45769034361692496,,,,,2.181900024879724,0.0,,,
178.4770128,866.1653713,178.843628,866.1442264,145.1285387851755,-37.91257347861732,native,False,True,491516483#0,0,18.867925482818038,False,178.47701279912144,866.1653713006526,178.47701279912144,866.1653713006526,178.8435790943574,866.1433787095202,-37.91257374302878,145.12854294812067,0.3672254387535551,0.3672254387535551,,,,,2.2503999643959105,0.0,,,
178.8677529,852.4028305,178.3683069,852.4140408,145.12854008621645,-37.91269752520376,native,False,True,491516483#0,0,32.6088771013783,False,178.86775289999787,852.4028305001557,178.86775289999787,852.4028305001557,178.36827395049104,852.4125736363512,-37.912697347098884,145.12853440920975,0.4995739682002701,0.4995739682002701,,,,,2.158000017516315,0.0,,,
185.7690031,833.117535,185.0792351,831.827511,145.1286141531786,-37.912872499425305,native,False,True,:13485235051_2,0,7.561895611020073,True,185.76900309685152,833.1175349997357,185.76900309685152,833.1175349997357,185.07076259524504,831.8320412245832,-37.912883953148125,145.12860592049586,1.4628855197995774,1.4628855197995774,,,,,2.4317000061273575,0.0,,,
200.7170259,830.5796513,201.003162,829.203238,145.12878353797433,-37.91289806452941,native,False,True,:1087758749_0,0,9.329559242985157,True,200.7170258971164,830.5796513007954,200.7170258971164,830.5796513007954,200.994152811667,829.2013651006333,-37.912910530543265,145.1287863743979,1.4058706115163935,1.4058706115163935,,,,,2.120500023011118,0.0,,,
213.6206251,829.0900828,213.8564537,826.5018637,145.12892991635678,-37.91291381626294,native,False,True,1470433046#0,0,1.7854174667195999,False,213.6206251005642,829.0900828009471,213.6206251005642,829.0900828009471,213.8580518896901,826.5020092837987,-37.91293717312045,145.12893202527925,2.598941324916724,2.598941324916724,,,,,2.0910000312142074,0.0,,,
226.3660422,826.9315027,226.082292,825.0177656,145.12907434353951,-37.9129355658163,native,False,True,:cluster_6014422831_6077854007_9139166580_13,0,5.4138099303291085,True,226.36604219989385,826.9315027007833,226.36604219989385,826.9315027007833,226.08109711236833,826.9835973531783,-37.9129350450152,145.12907111550305,0.28966800947478977,0.28966800947478977,,,,,2.252899983432144,0.0,,,
239.2908637,824.8796445,239.0267709,823.0984854,145.12922083506078,-37.91295638625615,native,False,True,:cluster_6014422831_6077854007_9139166580_12,0,14.381315678995719,True,239.29086370114237,824.8796444991603,239.29086370114237,824.8796444991603,239.13533674785688,824.6617934097378,-37.91295832058734,145.12921901694926,0.26767093671307146,0.26767093671307146,,,,,2.1430000197142363,0.0,,,
250.4410127,822.5648999,250.3157184,821.5662212,145.12934708802013,-37.91297925382192,native,False,True,1470433046#2,0,1.235306023507328,False,250.4410126983421,822.5648998999968,250.4410126983421,822.5648998999968,250.31569730048426,821.566223866289,-37.91298822745816,145.1293454352508,1.0065077094800188,1.0065077094800188,,,,,2.108899992890656,0.0,,,
261.3573332,819.603221,261.4286906,820.1719864,145.12947053473357,-37.913007906709886,native,False,True,1470433046#2,0,12.435204869120785,False,261.35733319912106,819.6032210011035,261.35733319912106,819.6032210011035,261.4284786838283,820.1720129504032,-37.91300279576888,145.12947147346785,0.573224180912109,0.573224180912109,,,,,2.2386000491678715,0.0,,,
272.3272402,819.9039277,272.1914622,818.8216877,145.12959533519268,-37.91300718087267,native,False,True,1470433046#2,0,23.282163860535935,False,272.3272402002476,819.9039276996627,272.3272402002476,819.9039276996627,272.19106552566444,818.8217374846636,-37.91301690486423,145.12959353992406,1.0907241646895833,1.0907241646895833,,,,,2.276299986988306,0.0,,,
283.3237689,817.156136,283.3569812,817.4208603,145.12971974285392,-37.91303392125836,native,False,True,1470433046#2,0,34.535020517828315,False,283.32376890059095,817.1561359995976,283.32376890059095,817.1561359995976,283.35639279284555,817.4209341557442,-37.9130315417951,145.12972017421205,0.2668002658253926,0.2668002658253926,,,,,2.1076000411994755,0.0,,,
294.5708206,815.7153717,294.6077023,816.0093435,145.12984729732273,-37.91304893280257,native,False,True,1470433046#2,0,45.873745715896504,False,294.57082060328685,815.7153717009351,294.57082060328685,815.7153717009351,294.6069206796485,816.0094415466331,-37.91304629028118,145.12984777488012,0.2962773863496268,0.2962773863496268,,,,,2.2196000209078193,0.0,,,
305.2803713,815.5376825,305.1732418,814.6837896,145.12996902838645,-37.91305246901049,native,False,True,1470433046#2,0,56.521929723654075,False,305.280371296918,815.5376824997365,305.280371296918,815.5376824997365,305.1722786921609,814.6839104340203,-37.91306014044293,145.12996760457477,0.8605874455281172,0.8605874455281172,,,,,2.18840001616627,0.0,,,
316.4872991,814.5747151,316.3143736,813.2714029,145.13009623571045,-37.91306316893522,native,False,True,:cluster_5408819666_9141044968_2,0,2.0385102920170057,True,316.4872991006123,814.5747151011601,316.4872991006123,814.5747151011601,316.310800408111,813.2718770408233,-37.913074873293645,145.13009393167675,1.3147390615315884,1.3147390615315884,,,,,2.2214000346139073,0.0,,,
326.9801326,812.9475787,326.8138136,811.807504,145.1302151720666,-37.91307972266792,native,False,True,1470433046#3,0,5.425014434897326,False,326.9801325989538,812.947578699328,326.9801325989538,812.947578699328,326.81819165301454,811.8068652763736,-37.913089969205004,145.13021307055644,1.152151024510238,1.152151024510238,,,,,2.2770999930799007,0.0,,,
338.3398423,811.7332669,338.11744,810.1731309,145.130344059349,-37.91309271410091,native,False,True,:cluster_4836113289_9141044969_2,0,4.439543082317623,True,338.3398422995815,811.7332669002935,338.3398422995815,811.7332669002935,338.1151102574029,810.1734630058596,-37.91310672455543,145.1303411483153,1.5759101116094716,1.5759101116094716,,,,,2.1409000037238,0.0,,,
350.5821083,810.7296699,350.2604905,808.4518121,145.1304830297427,-37.91310396668441,native,False,True,1360476884,0,7.209836141361524,False,350.5821083005285,810.7296699015424,350.5821083005285,810.7296699015424,350.25902731148216,808.4520187347008,-37.91312442590244,145.1304788367616,2.3004512955717837,2.3004512955717837,,,,,2.3586999741382897,0.0,,,
361.9218378,808.3952312,361.7017398,806.8363869,145.13061143451355,-37.91312704457076,native,False,True,1360476884,0,18.762198221993316,False,361.92183780216146,808.3952312003821,361.92183780216146,808.3952312003821,361.69793199513106,806.8369245329854,-37.913141041695006,145.13060853326476,1.5743104776615173,1.5743104776615173,,,,,2.0904000266455114,0.0,,,
372.7158251,806.7776112,372.4451416,805.2801202,145.13073379751663,-37.91314356646606,native,False,True,1360476884,0,29.61619072008697,False,372.7158250999055,806.7776111997664,372.7158250999055,806.7776111997664,372.439168188891,805.2811999192093,-37.91315699649678,145.13073031060276,1.521770602617467,1.521770602617467,,,,,2.273400023113936,0.0,,,
385.3227822,804.3996266,385.1189043,803.2770699,145.1308766013995,-37.91316726526346,native,False,True,1470433048,0,10.051344955602508,False,385.3227821966866,804.3996266014874,385.3227821966866,804.3996266014874,385.11822445193116,803.2771933708747,-37.91317733944424,145.13087401957554,1.140920780827118,1.140920780827118,,,,,2.1898000268265605,0.0,,,
396.6316222,803.121653,396.2913205,801.247944,145.13100489605768,-37.91318082027007,native,False,True,1470433048,0,21.40574991498776,False,396.6316221989691,803.1216529998928,396.6316221989691,803.1216529998928,396.28987276135206,801.2482069164284,-37.91319763496736,145.1310005831022,1.9043615480679168,1.9043615480679168,,,,,2.175499976146966,0.0,,,
405.9829333,800.4300335,405.42,799.59,145.13111061059553,-37.91320675602353,native,False,True,1470433048,0,30.683127392728917,False,405.98293330078013,800.4300335012376,405.98293330078013,800.4300335012376,405.4179247187906,799.5903769110294,-37.913214217791094,145.13110399479558,1.0120562668162505,1.0120562668162505,,,,,2.0839000353589654,0.0,,,
409.0103619,795.4063401,408.5519489,795.2690907,145.1311438884221,-37.9132525573874,native,False,True,:12594284551_0,0,1.340570020439654,True,409.0103619011352,795.4063401008025,409.0103619011352,795.4063401008025,409.67637172099256,794.5015370575735,-37.91326082834759,145.13115125495895,1.1234934922743804,1.1234934922743804,,,,,2.095599949825555,0.0,,,
404.3935659,796.3727691,406.5874438,798.3535275,145.13109161387075,-37.913243017715125,native,False,True,:12594284551_3,0,1.2350776318881307,True,404.39356590108946,796.3727690996602,404.39356590108946,796.3727690996602,406.5876694258077,798.3532775347066,-37.913225573136316,145.13111701323996,2.9557577604517973,2.9557577604517973,,,,,2.7559000300243497,0.0,,,
392.9754148,797.5923992,391.9501521,795.8214909,145.1309620628712,-37.91322996862659,native,False,True,711979119,0,21.343344509092248,False,392.9754147994099,797.5923992004246,392.9754147994099,797.5923992004246,391.95254223624335,795.8201071263854,-37.91324574907211,145.1309500283155,2.0462862644754325,2.0462862644754325,,,,,3.249600005801767,0.0,,,
382.7327321,801.5956452,383.1045556,803.6429144,145.13084651216585,-37.91319205629564,native,False,True,1470433048,0,8.004184339909337,False,382.7327320992481,801.5956452023238,382.7327320992481,801.5956452023238,383.1040142389585,803.6430127312176,-37.913173680216104,145.13085120060992,2.080760492136621,2.080760492136621,,,,,2.253200043924153,0.0,,,
371.1628423,802.5232803,371.1168083,802.2697163,145.13071516939826,-37.913181609885015,native,False,True,-1360476884,0,3.2448796940790885,False,371.1628423008369,802.5232803011313,371.1628423008369,802.5232803011313,371.1173085836819,802.2696255249863,-37.9131838866384,145.1307145938221,0.2577092642089866,0.2577092642089866,,,,,2.3221999872475863,0.0,,,
358.5470888,805.5203538,358.3436752,804.0786151,145.13057240670764,-37.91315233241163,native,False,True,-1360476884,0,16.14357198929209,False,358.5470888009295,805.5203537996858,358.5470888009295,805.5203537996858,358.34617967558523,804.0782617784446,-37.91316528680184,145.13056979343352,1.4560198743060722,1.4560198743060722,,,,,2.1052000229246914,0.0,,,
346.5860028,807.3497602,346.3629694,805.7689622,145.1304368216647,-37.91313369165923,native,False,True,-1360476884,0,28.241039555108582,False,346.58600280224346,807.3497602008283,346.58600280224346,807.3497602008283,346.3673507131478,805.7683440825509,-37.91314789790263,145.13043397484918,1.596460358171608,1.596460358171608,,,,,2.454900008160621,0.0,,,
336.2649652,807.7142809,336.1937946,807.2171491,145.13031955058074,-37.91312854311266,native,False,True,:cluster_4836113289_9141044969_1,0,6.545395612374645,True,336.26496519963257,807.7142808986828,336.26496519963257,807.7142808986828,336.19066611222695,807.2175969454718,-37.91313300392713,145.1303185924911,0.5022104178196816,0.5022104178196816,,,,,2.5260999682359397,0.0,,,
325.1356265,808.2738985,325.214163,808.811874,145.1301931333208,-37.91312149091093,native,False,True,-1470433046#3,0,8.174628528866565,False,325.13562650146196,808.2738985000178,325.13562650146196,808.2738985000178,325.22111120090165,808.8108596787005,-37.91311666929278,145.13019422778927,0.543723221180179,0.543723221180179,,,,,2.314499986823648,0.0,,,
315.3874308,809.7530623,315.4421564,810.1652504,145.13008262996829,-37.913106404691185,native,False,True,:cluster_5408819666_9141044968_1,0,5.592596347851674,True,315.38743080117274,809.753062300384,315.38743080117274,809.753062300384,315.4360529885717,810.1660607614043,-37.91310269309628,145.13008327702673,0.4158507495635514,0.4158507495635514,,,,,2.2589999716728926,0.0,,,
298.3471588,812.4139252,298.3353974,812.3200506,145.1298894825581,-37.91307935547542,native,False,True,-1470433046#2,0,15.683944657335267,False,298.3471587988897,812.4139252007008,298.3471587988897,812.4139252007008,298.3377200482729,812.3197596565805,-37.913080202033505,145.12988935375444,0.09463741180251578,0.09463741180251578,,,,,2.0961000118404627,0.0,,,
286.1174895,812.6529236,286.2652493,813.8322897,145.12975048112287,-37.913074992143265,native,False,True,-1470433046#2,0,27.846641065020126,False,286.1174894993892,812.6529235988855,286.1174894993892,812.6529235988855,286.2693730475882,813.8317730747002,-37.91306440026033,145.12975247704043,1.1885935801787124,1.1885935801787124,,,,,2.205900033004582,0.0,,,
271.3041648,815.6676387,271.3089864,815.706123,145.12958273589282,-37.91304515735956,native,False,True,-1470433046#2,0,42.91758171264488,False,271.30416479933774,815.6676387013867,271.30416479933774,815.6676387013867,271.31534186357044,815.7053267439753,-37.9130448198778,145.12958287157917,0.03931049883961945,0.03931049883961945,,,,,2.1057999692857265,0.0,,,
259.2989387,817.7011737,259.2384544,817.2184102,145.12944669603183,-37.91302466866332,native,False,True,-1470433046#2,0,55.08066490137162,False,259.2989386994159,817.7011736985296,259.2989386994159,817.7011736985296,259.24661108221164,817.2173882450288,-37.91302901724878,145.12944599065824,0.4866071768287385,0.4866071768287385,,,,,2.2001999896019697,0.0,,,
246.444607,823.6927127,246.2428174,822.0751931,145.1293019048132,-37.91296837174133,native,False,True,:9141044978_w0,0,1.0478164222226554,True,246.44460700033233,823.6927127009258,246.44460700033233,823.6927127009258,246.97324475290034,825.0918479907368,-37.912955863597674,145.12930823488873,1.4956729029553326,1.4956729029553326,,,,,2.403699967544526,0.0,,,
233.2570808,823.6989819,233.2940729,823.9484735,145.12915195936458,-37.91296593101295,native,False,True,:cluster_6014422831_6077854007_9139166580_18,0,7.642995200943727,True,233.25708079861943,823.6989818997681,233.25708079861943,823.6989818997681,233.2903435138553,823.949026497122,-37.912963684571,145.1291523946371,0.25224731691479213,0.25224731691479213,,,,,2.120700024534017,0.0,,,
221.3905087,825.2800275,221.4905183,825.8345718,145.1290173930622,-37.912949543018435,native,False,True,1470433046#0,0,9.518250859775094,False,221.39050869987113,825.2800275022164,221.39050869987113,825.2800275022164,221.4989377650866,825.8330533404218,-37.91294458084781,145.12901875215596,0.5635551791140354,0.5635551791140354,,,,,2.2059999755583704,0.0,,,
210.0871015,826.4139925,210.0866106,826.3967513,145.12888912816348,-37.91293728410649,native,False,True,:13485235054_1,0,7.776430617350102,True,210.08710150263505,826.4139924999326,210.08710150263505,826.4139924999326,210.08416332540023,826.3968209729424,-37.91293743826,145.12888909083608,0.017421085633269495,0.017421085633269495,,,,,2.228999976068735,0.0,,,
202.7718656,823.0651723,205.5709419,819.0065116,145.12880518698515,-37.91296612816567,native,False,True,:13485235056_1,0,0.7719568960068967,True,202.77186559856636,823.0651722997427,202.77186559856636,823.0651722997427,204.57309022277593,818.5537172366119,-37.91300709404993,145.12882463779022,4.857739899738113,4.857739899738113,,,,,2.1459999843500555,0.0,,,
199.7637971,807.6942707,200.3532979,807.5745675,145.12876747560472,-37.91310404857515,native,False,True,-93686025#2,0,5.211248507150277,False,199.76379709911998,807.6942707002163,199.76379709911998,807.6942707002163,200.3529748222978,807.5729764261276,-37.91310524776737,145.12877414708962,0.6015336153663271,0.6015336153663271,,,,,2.085199987050146,0.0,,,
197.7677255,795.4688699,198.2271966,795.4043757,145.12874198888932,-37.9132138166344,native,False,True,-93686025#2,0,17.575276902405385,False,197.7677255005692,795.4688699012622,197.7677255005692,795.4688699012622,198.22643548442733,795.3989534201128,-37.913214529411874,145.12874718864202,0.4640077193619006,0.4640077193619006,,,,,2.270400000270456,0.0,,,
197.2650441,782.3833155,196.5292868,782.4742281,145.1287332862028,-37.91333160320586,native,False,True,:cluster_1087758731_9139166577_9141044959_0,0,7.0158134243717285,True,197.265044099011,782.3833155008033,197.265044099011,782.3833155008033,196.5296465159534,782.4771392453904,-37.91333062502797,145.12872494584798,0.7413585503757887,0.7413585503757887,,,,,2.363800012972206,0.0,,,
196.1310093,770.720468,195.1382413,770.8331039,145.1287177294846,-37.91343645954719,native,False,True,-93686025#0,0,4.717595242707122,False,196.13100930070505,770.7204680005088,196.13100930070505,770.7204680005088,195.138170332283,770.8324780450062,-37.91343527098403,145.1287064660516,0.9991373615702798,0.9991373615702798,,,,,2.1270999568514526,0.0,,,
198.5381926,760.3973765,193.9619037,760.9528433,145.12874274375508,-37.913529887494285,native,False,True,-93686025#0,0,14.669028142833207,False,198.53819260036107,760.3973765000701,198.53819260036107,760.3973765000701,193.9616677269168,760.9508988865304,-37.91352407359229,145.12869083300816,4.609877107859466,4.609877107859466,,,,,2.0842000376433134,0.0,,,
206.4965897,753.816161,206.1368573,751.4502051,145.1288317320254,-37.91359061169752,native,False,True,-93686025#0,0,35.477053021350756,False,206.49658970080782,753.8161610001698,206.49658970080782,753.8161610001698,206.14154050312024,751.4494930698884,-37.913611866943334,145.128827154744,2.393152110711146,2.393152110711146,,,,,2.2247000015340745,0.0,,,
223.113888,751.6948366,222.6939304,748.9327803,145.12902019404294,-37.913612725912614,native,False,True,-93686025#0,0,52.22665040688674,False,223.113888000953,751.694836601615,223.113888000953,751.694836601615,222.7008246726075,748.9317320860532,-37.91363754186309,145.12901486668554,2.7938088476382075,2.7938088476382075,,,,,2.178700000513345,0.0,,,
229.0058979,751.5818403,228.4696003,748.054617,145.12908716308874,-37.913614809174334,native,False,True,-93686025#0,0,58.069479283403,False,229.00589789962396,751.5818403000012,229.00589789962396,751.5818403000012,228.47726583073762,748.0534514777551,-37.91364649807807,145.1290803470245,3.567769547659514,3.567769547659514,,,,,2.1584000205621123,0.0,,,
234.511181,747.1423585,234.5131402,747.1559408,145.129148747491,-37.91365579639093,native,False,True,:7572448743_1,0,2.6184145089641437,True,234.51118099980522,747.1423585005105,234.51118099980522,747.1423585005105,234.5115905218089,747.1561643301874,-37.913655672099075,145.12914875529822,0.013811902162257916,0.013811902162257916,,,,,2.080500009469688,0.0,,,
249.3159205,745.262967,249.2947576,745.1088279,145.12931665535953,-37.91367540302938,native,False,True,-93686034#0,0,12.36082726346566,False,249.31592050055042,745.2629670007154,249.31592050055042,745.2629670007154,249.2959447516605,745.108664882745,-37.91367678940486,145.12931639301428,0.15558976236850267,0.15558976236850267,,,,,2.342799969483167,0.0,,,
258.0677465,744.9883474,257.9235267,743.9273653,145.12941610504285,-37.91367945906591,native,False,True,-93686034#0,0,21.070950399022074,False,258.0677465002518,744.9883473999798,258.0677465002518,744.9883473999798,257.92555071630494,743.9270902193364,-37.913688993394814,145.1294142460445,1.070741072547212,1.070741072547212,,,,,2.1193999564275146,0.0,,,
265.944776,742.1757009,266.0330403,742.8250352,145.12950502877567,-37.913706219978934,native,False,True,-93686034#0,0,29.25583471628054,False,265.9447759978939,742.1757009001449,265.9447759978939,742.1757009001449,266.0358505760191,742.824653158809,-37.91370039053951,145.12950621241237,0.6553118439384449,0.6553118439384449,,,,,2.2205999703146517,0.0,,,
282.0065001,740.8262855,281.9834734,740.6568849,145.12968735030478,-37.91372127918038,native,False,True,-93686034#0,0,45.3545128050253,False,282.00650009990204,740.8262854991481,282.00650009990204,740.8262854991481,281.9878300523109,740.6562927199072,-37.91372280713778,145.12968709923283,0.17101495744839307,0.17101495744839307,,,,,2.0865999977104366,0.0,,,
286.83428,738.2785148,287.0637051,739.9663265,145.12974166319214,-37.91374510268744,native,False,True,46129059#5,0,3.1962959450922774,False,286.83427999948617,738.2785147996619,286.83427999948617,738.2785147996619,286.63319311730635,736.7945489574431,-37.91375843422999,145.12973903817306,1.4975281483354563,1.4975281483354563,,,,,2.2164000547491014,0.0,,,
290.0587716,727.982122,292.0526697,727.6743082,145.12977597814654,-37.91383843766726,native,False,True,:588089675_1,0,9.001072473902802,True,290.0587715989095,727.9821220012382,290.0587715989095,727.9821220012382,288.96720591609375,728.0196440862721,-37.91383790236265,145.12976357506545,1.0922103949177344,1.0922103949177344,,,,,2.1871000062674284,0.0,,,
287.1489565,717.8110655,290.5440251,717.4073523,145.12974057159016,-37.91392953482339,native,False,True,46129059#3,0,27.809138579332743,False,287.1489564992371,717.8110654996708,287.1489564992371,717.8110654996708,287.37369650883153,717.7845890022361,-37.91392981395129,145.1297431209577,0.22629422623857126,0.22629422623857126,,,,,2.163900004234165,0.0,,,
288.1787959,707.9462955,289.4017033,707.8008775,145.12975003075073,-37.914018584970066,native,False,True,-46129059#3,0,11.842072246168026,False,288.1787959006615,707.946295500733,288.1787959006615,707.946295500733,289.4016909088665,707.8007735471623,-37.91402011690088,145.12976390250503,1.2315229758570203,1.2315229758570203,,,,,2.398500044364482,0.0,,,
287.9241018,693.0776585,287.6547496,693.1096877,145.1297437424579,-37.914152478861666,native,False,True,-46129059#3,0,26.636895031214767,False,287.92410180112347,693.0776585005224,287.92410180112347,693.0776585005224,287.6547217321892,693.1094536630717,-37.91415214375314,145.12974068671443,0.27124998414849855,0.27124998414849855,,,,,2.242300019133836,0.0,,,
286.1041282,679.3031664,285.9113863,679.3292798,145.12971990565757,-37.91427623352487,native,False,True,-46129059#2,0,1.180790891512007,False,286.10412820085185,679.3031664006412,286.10412820085185,679.3031664006412,285.91147023953016,679.3298993870085,-37.91427595788462,145.12971772112763,0.19450383703346655,0.19450383703346655,,,,,2.149100007954985,0.0,,,
284.4818691,667.3711116,284.3035853,667.3950745,145.12969873726576,-37.91438342684081,native,False,True,:cluster_1087758767_13253252981_5408819640_19,0,8.53068650337695,True,284.48186910059303,667.3711115987971,284.48186910059303,667.3711115987971,284.3036211301558,667.3953412083592,-37.914383176355756,145.12969671601152,0.17988722284953151,0.17988722284953151,,,,,2.190300030633807,0.0,,,
284.9163935,656.2858912,282.8657939,656.5567252,145.1297011488702,-37.91448336346033,native,False,True,-46129059#1,0,8.203028532206876,False,284.9163934972603,656.2858912004158,284.9163934972603,656.2858912004158,282.8659088210444,656.5575953593362,-37.9144805452496,145.12967789563558,2.0684077347976726,2.0684077347976726,,,,,2.173899963963777,0.0,,,
283.9464184,649.0339867,281.9077864,649.30324,145.12968846507647,-37.91454851486233,native,False,True,-46129059#1,0,15.518721939224616,False,283.94641839992255,649.0339867006987,283.94641839992255,649.0339867006987,281.90800385636334,649.3048863410368,-37.914545706077675,145.12966534888315,2.056336661767472,2.056336661767472,,,,,2.1657999604940414,0.0,,,
283.4028585,640.9332605,280.8469033,641.2708395,145.12968043619074,-37.914621389710334,native,False,True,-46129059#1,0,23.620010946956526,False,283.4028584997868,640.9332605013624,283.4028584997868,640.9332605013624,280.84723428483125,641.2733452994365,-37.914617864197034,145.12965145476937,2.5781529818745073,2.5781529818745073,,,,,2.1486999467015266,0.0,,,
280.2674891,635.713388,280.1155507,635.7334553,145.12964359410938,-37.91466784470238,native,False,True,-46129059#1,0,29.204885527460753,False,280.26748910022434,635.7133880006149,280.26748910022434,635.7133880006149,280.1159599147689,635.7365536403931,-37.91466760863044,145.12964187641407,0.15328972865500107,0.15328972865500107,,,,,2.450999978464097,0.0,,,
282.1081738,632.9473917,279.7742538,633.2723679,145.12966389273382,-37.91469309412247,native,False,True,:563619361_15,0,5.728966524942767,True,282.10817379970104,632.9473916999996,282.10817379970104,632.9473916999996,282.0955784471744,632.6639485288965,-37.9146956451633,145.12966368484481,0.2837228826693764,0.2837228826693764,,,,,2.2769999923184514,0.0,,,
292.8086317,620.4655582,292.8469274,620.8919426,145.12978271589122,-37.91480746735421,native,False,True,44348023#1,0,9.014538016212816,False,292.8086316998815,620.4655582001433,292.8086316998815,620.4655582001433,292.8283977282569,620.8936068707029,-37.914803614971454,145.1297830383038,0.4285047960590475,0.4285047960590475,,,,,2.0946000004187226,0.0,,,
298.6623078,620.0498728,298.6888592,620.2982525,145.1298491811225,-37.91481226997112,native,False,True,44348023#1,0,14.874644594015408,False,298.6623077971162,620.0498728007078,298.6623077971162,620.0498728007078,298.65833481502483,620.3015155516324,-37.91481000240034,145.12984919335787,0.2516741120568286,0.2516741120568286,,,,,2.1865000016987324,0.0,,,
302.6970354,619.7120896,302.7137023,619.8680034,145.129894981517,-37.914816042037494,native,False,True,44348023#1,0,18.914082291838866,False,302.69703540112823,619.7120895981789,302.69703540112823,619.7120895981789,302.6748885980853,619.8721525089989,-37.91481459615312,145.12989476621004,0.16158779751326888,0.16158779751326888,,,,,2.067800029180944,0.0,,,
312.5510877,618.8871119,312.5436145,618.8172018,145.13000684026264,-37.9148252545756,native,False,True,44348023#1,0,28.779638804499985,False,312.55108770006336,618.8871119013056,312.55108770006336,618.8871119013056,312.4845555114474,618.8235151296346,-37.91482581544497,145.13000606924052,0.09203847830662154,0.09203847830662154,,,,,2.0822000224143267,0.0,,,
319.5424719,618.240974,319.5053427,617.951813,145.13008618943977,-37.914832338641254,native,False,True,1038136215,0,5.562405794567992,False,319.54247190232854,618.2409740006551,319.54247190232854,618.2409740006551,319.5071104573821,617.9515859794666,-37.91483493912134,145.13008572134336,0.2915404922066778,0.2915404922066778,,,,,2.0658000139519572,0.0,,,
323.5294835,617.8137988,323.4816462,617.4412433,145.1301314269095,-37.914836907255626,native,False,True,1038136215,0,9.572639549056902,False,323.5294835001114,617.8137988010421,323.5294835001114,617.8137988010421,323.4846883976762,617.4408526884739,-37.9148402587407,145.13013083248737,0.37562668180246556,0.37562668180246556,,,,,2.4358999799005687,0.0,,,
326.9278754,617.4496895,326.8709109,617.0060513,145.1301699857817,-37.91484080137048,native,False,True,1038136215,0,12.990825195853462,False,326.9278754006373,617.4496895000339,326.9278754006373,617.4496895000339,326.87503934899144,617.0055211563262,-37.9148447929882,145.13016928368432,0.447299861284983,0.447299861284983,,,,,3.134800004772842,0.0,,,
338.6262534,616.196293,338.9508196,615.9338305,145.13030271808117,-37.91485420621083,native,False,True,1038136215,0,24.757341413599644,False,338.62625340081286,616.1962930001318,338.62625340081286,616.1962930001318,338.5457394146499,615.5069672267251,-37.91486040126016,145.13030164535678,0.6940119046894093,0.6940119046894093,,,,,2.4979000445455313,0.0,,,
345.8802975,615.3017446,345.9895033,616.1900179,145.13038499728418,-37.914863575275476,native,False,True,139327110#0,1,4.260872048606948,False,345.8802975001745,615.3017445998266,345.8802975001745,615.3017445998266,345.98903174697506,616.1900758731537,-37.91485559263897,145.13038643627343,0.8949612212817388,0.8949612212817388,,,,,2.313299977686256,0.0,,,
354.8797255,614.1207238,354.9979682,615.0825024,145.13048705733976,-37.914875840250986,native,False,True,139327110#0,1,13.336149587830077,False,354.87972550292034,614.1207238007337,354.87972550292034,614.1207238007337,354.9964922827901,615.0826838424516,-37.914867195800085,145.13048860444576,0.9690209506213537,0.9690209506213537,,,,,2.138199983164668,0.0,,,
363.6137419,612.9745239,363.740756,614.0076497,145.13058610746845,-37.914887743511876,native,False,True,139327110#0,1,22.14377976126957,False,363.61374189914204,612.9745239000767,363.61374189914204,612.9745239000767,363.73830550651013,614.0079509297352,-37.91487845667763,145.13058775951666,1.0409070649723142,1.0409070649723142,,,,,2.213300031144172,0.0,,,
370.1722122,612.1138224,370.3058139,613.2005306,145.13066048533616,-37.9148966818139,native,False,True,139327110#0,1,28.757528351381207,False,370.17221220303327,612.1138224005699,370.17221220303327,612.1138224005699,370.30263140858415,613.2009218939727,-37.914886912542826,145.13066221619707,1.0948947336310886,1.0948947336310886,,,,,2.2077999892644584,0.0,,,
383.7027489,610.3381257,383.849943,611.5353931,145.13081393161434,-37.914915122084444,native,False,True,139327110#0,1,42.402109502177204,False,383.70274889678694,610.3381257010624,383.70274889678694,610.3381257010624,383.8452504317861,611.5359700108644,-37.91490435737934,145.13081582509244,1.2062908761995028,1.2062908761995028,,,,,2.8833000105805695,0.0,,,
391.6091474,609.3342066,391.7602041,610.5628926,145.1309036037325,-37.91492559387337,native,False,True,139327110#0,1,50.3710383317371,False,391.60914739902364,609.3342065997422,391.60914739902364,609.3342065997422,391.75462969151107,610.5635779004361,-37.91491454570279,145.1309055382798,1.2379494708579106,1.2379494708579106,,,,,2.549899974837899,0.0,,,
402.4882483,607.9984402,402.6390957,609.2254237,145.13102700183995,-37.914939591913786,native,False,True,139327110#0,1,61.330614915470356,False,402.4882483005058,607.9984402004629,402.4882483005058,607.9984402004629,402.6323084336281,609.2262581637954,-37.914928557476664,145.13102891984425,1.2362403783395068,1.2362403783395068,,,,,2.1161999902687967,0.0,,,
410.3984391,607.0271961,410.5487578,608.2581517,145.1311167245953,-37.91494976988305,native,False,True,139327110#0,1,69.2983133331165,False,410.3984391009435,607.0271960990503,410.3984391009435,607.0271960990503,410.5410879534948,608.2590882979866,-37.91493869848761,145.13111862746828,1.24012381838843,1.24012381838843,,,,,2.25499999942258,0.0,,,
420.3874833,605.80069,420.5455439,606.9414261,145.1312300271541,-37.914962622707336,native,False,True,:cluster_10216473063_27606983_563623059_563623079_#4more_17,1,5.891654876065223,True,420.3874833006412,605.8006900008768,420.3874833006412,605.8006900008768,420.54589973510946,606.9413768118512,-37.91495237575603,145.13123208850593,1.151634563323231,1.151634563323231,,,,,2.1868000039830804,0.0,,,
432.3615568,604.3304261,432.4939411,605.2858543,145.13136584532236,-37.91497802974231,native,False,True,:cluster_10216473063_27606983_563623059_563623079_#4more_17,1,17.954940517119333,True,432.3615567990346,604.3304260997102,432.3615567990346,604.3304260997102,432.4950255678492,605.2857040510031,-37.91496944848746,145.13136758071826,0.9645568290543236,0.9645568290543236,,,,,2.2019000025466084,0.0,,,
445.0737543,602.6028394,445.2015411,603.5250872,145.13150999787334,-37.91499588793729,native,False,True,:cluster_10216473063_27606983_563623059_563623079_#4more_17,1,30.784729002818114,True,445.07375429954845,602.6028394000605,445.07375429954845,602.6028394000605,445.203400515162,603.5248296130372,-37.91498760585309,145.13151168220037,0.9310607359607949,0.9310607359607949,,,,,2.242600021418184,0.0,,,
459.1254683,600.6928887,459.2473944,601.5885712,145.13166934016007,-37.91501563060899,native,False,True,1209622645,1,4.0143542384885205,False,459.12546829809435,600.692888699472,459.12546829809435,600.692888699472,459.24766944955314,601.5885337479008,-37.91500758450096,145.13167093380966,0.9039431255299978,0.9039431255299978,,,,,2.397299977019429,0.0,,,
472.8766868,598.7654706,473.0060322,599.7156559,145.13182526171812,-37.915035476161876,native,False,True,1209622645,1,17.900843717642054,False,472.87668679922353,598.7654705988243,472.87668679922353,598.7654705988243,473.0072585842597,599.7154889276399,-37.91502694175579,145.13182696292313,0.9589493292833515,0.9589493292833515,,,,,2.099999983329326,0.0,,,
484.7584873,597.0927234,484.8952261,598.0972214,145.13195998482104,-37.91505268987284,native,False,True,1209622645,1,29.900517579161804,False,484.7584872995503,597.0927234012634,484.7584872995503,597.0927234012634,484.89727458382924,598.096942569694,-37.91504366869412,145.1319617917787,1.0137642963337097,1.0137642963337097,,,,,2.0767999812960625,0.0,,,
499.8681458,594.8345249,500.0317981,596.0367327,145.13213127759045,-37.91507576002207,native,False,True,1209622645,1,45.17774574018431,False,499.8681458005449,594.8345248997211,499.8681458005449,594.8345248997211,500.034893269128,596.0363113988063,-37.915064964155924,145.13213344747396,1.2132994303395666,1.2132994303395666,,,,,2.231700054835528,0.0,,,
513.5289575,592.779289,513.7187568,594.1735748,145.13228614231247,-37.91509674006181,native,False,True,1209622645,1,58.99188997620141,False,513.5289574987255,592.7792889997363,513.5289574987255,592.7792889997363,513.7227982807233,594.1730246879029,-37.915084219960455,145.13228866397955,1.4071508153835464,1.4071508153835464,,,,,2.07280000904575,0.0,,,
526.8795719,590.7495688,526.8656885,590.6561407,145.13243748578088,-37.915117434059695,native,False,True,569766862#0,0,7.576641915857996,False,526.8795718972106,590.7495688004419,526.8795718972106,590.7495688004419,526.8643487786842,590.6563397714875,-37.9151182711406,145.13243729144278,0.09446372413496916,0.09446372413496916,,,,,2.1942000021226704,0.0,,,
540.3967226,588.6807569,540.3915863,588.6461923,145.132590714073,-37.91513851006854,native,False,True,569766862#0,0,21.248619429870924,False,540.3967226010282,588.6807569004595,540.3967226010282,588.6807569004595,540.3878291176304,588.6467505931201,-37.91513881480013,145.1325906052007,0.035150006910474804,0.035150006910474804,,,,,2.532699960283935,0.0,,,
553.6025149,586.6595761,553.6059275,586.6825412,145.13274041294244,-37.915159100618574,native,False,True,569766862#0,0,34.605675527378445,False,553.6025149006164,586.6595761002973,553.6025149006164,586.6595761002973,553.599808535802,586.6834504515798,-37.91515888506447,145.13274038760756,0.024027256598911476,0.024027256598911476,,,,,2.350200025830418,0.0,,,
568.2650039,584.4355105,568.274991,584.5027183,145.13290662938343,-37.91518178147514,native,False,True,569766862#0,0,49.4331648877164,False,568.2650039001601,584.4355105003342,568.2650039001601,584.4355105003342,568.2662502144067,584.5040172181392,-37.915181164575564,145.13290665915895,0.06851805370569297,0.06851805370569297,,,,,2.11569998646155,0.0,,,
581.9230015,582.3854331,581.9353177,582.4683274,145.13306146376615,-37.9152027135285,native,False,True,569766862#0-AddedOffRampEdge,1,4.706241390482771,False,581.9230014997302,582.3854331010953,581.9230014997302,582.3854331010953,581.9351405364279,582.4683536947257,-37.91520196875072,145.13306162068142,0.08380442148223247,0.08380442148223247,,,,,2.337500045541674,0.0,,,
602.0353522,579.409638,602.0458607,579.4803654,145.13328947814267,-37.91523314893289,native,False,True,569766862#0-AddedOffRampEdge,1,25.036770140314694,False,602.0353521994548,579.4096379987895,602.0353521994548,579.4096379987895,602.0449183097786,579.4805054465398,-37.91523251226812,145.13328960305483,0.07151017841795158,0.07151017841795158,,,,,2.0824000239372253,0.0,,,
618.082871,577.0688559,618.0870548,577.0970147,145.13347141718273,-37.915257130285646,native,False,True,569766862#0-AddedOffRampEdge,1,41.25343608141844,False,618.082871000981,577.0688559012488,618.082871000981,577.0688559012488,618.0855020207636,577.0972453985718,-37.91525687502097,145.13347145356383,0.028511152613497116,0.028511152613497116,,,,,2.077599987387657,0.0,,,
632.9228195,574.9159474,632.9194492,574.8932637,145.1336396681585,-37.915279201130474,native,False,True,569766862#0-AddedOffRampEdge,1,56.24807955706446,False,632.9228194992756,574.9159474009648,632.9228194992756,574.9159474009648,632.9173321121654,574.8935782046602,-37.91527940164767,145.1336396006697,0.023032419773233698,0.023032419773233698,,,,,2.2267000167630613,0.0,,,
648.2830212,572.7384706,648.2644318,572.6133539,145.1338138293183,-37.915301586888525,native,False,True,569766862#0-AddedOffRampEdge,1,71.76091819947004,False,648.2830211989349,572.7384705999866,648.2830211989349,572.7384705999866,648.2617307537995,572.6137551694386,-37.91530270651473,145.13381355883678,0.1265196493468013,0.1265196493468013,,,,,2.0916000357829034,0.0,,,
664.001647,570.5101537,663.9674875,570.2802427,145.1339920545719,-37.91532449501125,native,False,True,569766862#0-AddedOffRampEdge,1,87.63574700806511,False,664.001646999619,570.5101536996663,664.001646999619,570.5101536996663,663.9641890350911,570.2807327463793,-37.91532655493449,145.13399157642067,0.2324587552958263,0.2324587552958263,,,,,2.196400018874556,0.0,,,
679.9349614,568.2513561,679.9898599,572.1172718,145.13417271418058,-37.91534771615853,native,False,True,569766862#1,0,6.651544453522503,False,679.9349614001112,568.2513560997322,679.9349614001112,568.2513560997322,680.0568400733418,568.7798787162153,-37.915342977078545,145.13417422033592,0.542393369357139,0.542393369357139,,,,,2.138499985449016,0.0,,,
695.3315718,566.1292524,695.29,571.9,145.1343473022933,-37.915369608886195,native,False,True,569766862#1,1,21.936648008154958,False,695.3315717993537,566.1292524002492,695.3315717993537,566.1292524002492,695.2911725588186,565.0061556699314,-37.9153797187266,145.1343465873064,1.1238231018653861,1.1238231018653861,,,,,2.1708999993279576,0.0,,,
712.1816256,583.009249,712.4920248,582.644695,145.13454274170095,-37.915220587903775,native,False,True,44348588#1,0,3.6013912785764832,False,712.1816255993908,583.0092489998788,712.1816255993908,583.0092489998788,712.4920795848933,582.6447416755432,-37.915223927445886,145.1345461888394,0.4787977303712537,0.4787977303712537,,,,,2.104099956341088,0.0,,,
721.9415524,590.9549606,720.9977609,591.3118565,145.1346555274121,-37.91515077059315,native,False,True,:563629429_0,0,8.79213069538982,True,721.941552399192,590.9549605995417,721.941552399192,590.9549605995417,721.001517463476,591.3217906256368,-37.91514729662915,145.13464492200686,1.0090738072170462,1.0090738072170462,,,,,2.0428000134415925,0.0,,,
726.2816467,608.5926976,725.52978,608.7869759,145.1347088909765,-37.91499266800909,native,False,True,139332152#2,0,17.905475857465,False,726.2816467004595,608.5926975999027,726.2816467004595,608.5926975999027,725.5295487673259,608.7860811178135,-37.91499079037899,145.1347003830985,0.7765619653469145,0.7765619653469145,,,,,2.3207999765872955,0.0,,,
730.5125743,622.1027676,729.067024,622.4762899,145.1347600737684,-37.914871728738284,native,False,True,139332152#2,0,32.043678740802136,False,730.5125743003446,622.1027676006779,730.5125743003446,622.1027676006779,729.066610267529,622.4746886698688,-37.91486811771902,145.1347437167953,1.4930295596217862,1.4930295596217862,,,,,2.368799992837012,0.0,,,
735.4029871,635.3939309,736.0502533,635.1871314,145.13481870536287,-37.914752880284354,native,False,True,:616063777_1,1,6.796508962160698,True,735.40298709739,635.3939308989793,735.40298709739,635.3939308989793,736.068455909196,635.2441041252395,-37.914754349919626,145.1348262380968,0.6821266756371649,0.6821266756371649,,,,,2.245499985292554,0.0,,,
739.5314507,648.1933462,739.7104541,648.1926244,145.1348685610165,-37.914638324232854,native,False,True,139332152#3,1,3.2445997017212944,False,739.5314507009462,648.1933462005109,739.5314507009462,648.1933462005109,739.6694665028946,647.8606044045564,-37.91464134653047,145.1348700546372,0.36022973830941296,0.36022973830941296,,,,,2.2170000011101365,0.0,,,
741.5581955,659.7459804,736.416157,659.6874151,145.13489423495955,-37.91453462061989,native,False,True,:92052896_0,0,7.668409850775552,True,741.5581955002854,659.7459803996608,741.5581955002854,659.7459803996608,739.8135752278789,657.9670552289647,-37.91455033113369,145.13487399276266,2.4916409568450364,2.4916409568450364,,,,,2.2830000380054116,0.0,,,
740.9206198,671.4137913,738.2192184,673.375758,145.13488964005703,-37.91442939920476,native,False,True,:9141044985_1,0,3.6268801150675243,True,740.9206198001048,671.4137912997976,740.9206198001048,671.4137912997976,738.2189644977633,673.3754084039555,-37.91441124148841,145.13485936689128,3.3386948102506313,3.3386948102506313,,,,,2.2547999978996813,0.0,,,
743.9278008,684.2524706,746.3076762,680.7210426,145.13492675463834,-37.914314287297366,native,False,True,:579272_0,0,4.145447691224424,True,743.9278008010006,684.2524706013501,743.9278008010006,684.2524706013501,744.906730637563,684.6927438881906,-37.91431049766035,145.13493798582982,1.0733797985883426,1.0733797985883426,,,,,2.2699999972246587,0.0,,,
760.7876972,676.5072715,760.5121466,676.2929544,145.13511669979687,-37.914387096807715,native,False,True,:579273_0,0,4.843648314817265,True,760.7876972001977,676.5072715003043,760.7876972001977,676.5072715003043,761.745976008071,676.3649263861308,-37.91438855180026,145.13512756363198,0.968793272658369,0.968793272658369,,,,,2.2548999986611307,0.0,,,
774.5191335,670.0097849,774.343402,669.3966897,145.13527135661963,-37.91444810251886,native,False,True,988996007#0,0,7.531481757920893,False,774.5191334992414,670.009784899652,774.5191334992414,670.009784899652,774.3499461599024,669.3948139669877,-37.914453611837715,145.13526929296046,0.6378194131684866,0.6378194131684866,,,,,2.4230999988503754,0.0,,,
791.1169344,662.0290637,791.3832449,665.2913678,145.13545826871618,-37.914522985900604,native,False,True,:cluster_13391064294_588089890_588090168_13,0,5.438641610697461,True,791.1169343995862,662.0290637016296,791.1169343995862,662.0290637016296,790.5836106438134,662.1375546294099,-37.914521912482215,145.1354522291626,0.5442467362164377,0.5442467362164377,,,,,2.327199967112392,0.0,,,
801.7602221,664.6676477,801.6942605,664.2400343,145.13557988980702,-37.91450113474505,native,False,True,630680457#0,0,4.003338157265862,False,801.7602220993722,664.6676476998255,801.7602220993722,664.6676476998255,801.6965425148576,664.2396822716444,-37.91450497848926,145.1355790683922,0.4326771281246346,0.4326771281246346,,,,,2.152399974875152,0.0,,,
815.2859447,662.5860856,815.223308,662.1742497,145.1357332124636,-37.914522323053475,native,False,True,630680457#1,0,2.290595578523406,False,815.2859446998336,662.5860855998471,815.2859446998336,662.5860855998471,815.2145537701239,662.1755811756466,-37.9145260081165,145.13573230734457,0.4166659898924465,0.4166659898924465,,,,,2.0729999523609877,0.0,,,
827.672594,659.9903737,827.7129742,660.2571715,145.13587346629953,-37.91454793753859,native,False,True,630680457#3,0,0.2860333842793256,False,827.6725940002361,659.9903736989945,827.6725940002361,659.9903736989945,827.7128124995205,660.2571959460184,-37.9145455411831,145.135873984287,0.2698363192596276,0.2698363192596276,,,,,2.118399948813021,0.0,,,
839.3732142,658.9479749,839.3032356,658.4912227,145.1360062728534,-37.91455943564031,native,False,True,:cluster_588089887_588090135_12,0,7.565577895735805,True,839.3732142006047,658.9479748997837,839.3732142006047,658.9479748997837,839.7301320908911,658.0123034225974,-37.91456792870047,145.13601011847754,1.0014347176059797,1.0014347176059797,,,,,2.0480999955907464,0.0,,,
853.6474069,657.189423,853.5139988,656.3135296,145.1361681798109,-37.91457784846603,native,False,True,:588090138_11,0,7.299734350991224,True,853.6474068973912,657.1894230013713,853.6474068973912,657.1894230013713,852.2095787093884,657.4620058092571,-37.91457513397179,145.13615189274822,1.4634381727186774,1.4634381727186774,,,,,2.3513000342063606,0.0,,,
869.6045601,656.4155765,869.2419402,653.947541,145.1363494470917,-37.91458769372445,native,False,True,:cluster_588089885_588090142_611527863_3,0,2.2996570154448976,True,869.6045600994257,656.4155764998868,869.6045600994257,656.4155764998868,870.7599807350165,656.6608861892433,-37.91458569202042,145.13636264074896,1.1811747071628098,1.1811747071628098,,,,,2.7378000086173415,0.0,,,
877.0090071,653.4704876,876.9153799,652.8204993,145.13643297095422,-37.91461555744553,native,False,True,630680457#7,0,0.1365050179334149,False,877.009007102577,653.4704876001924,877.009007102577,653.4704876001924,876.915110525916,652.82053809599,-37.91462139544293,145.1364317555292,0.6566969812034361,0.6566969812034361,,,,,2.1194000146351755,0.0,,,
882.8800578,654.4327002,883.6030617,652.6203704,145.13649994740268,-37.91460794698781,native,False,True,:92044229_3,0,3.2745149316702395,True,882.880057800212,654.4327002000064,882.880057800212,654.4327002000064,883.6028991083178,652.6203054953396,-37.91462440367991,145.1365077545709,1.9512237499088494,1.9512237499088494,,,,,2.785800024867058,0.0,,,
890.466649,664.6364724,888.4043261,665.0390306,145.13658853145176,-37.91451739514357,native,False,True,630680455#1,0,14.959500953675805,False,890.4666489999508,664.6364724012092,890.4666489999508,664.6364724012092,891.5440460992271,664.4275963472709,-37.91451947078094,145.13660073466855,1.0974578422143246,1.0974578422143246,,,,,2.304399968124926,0.0,,,
890.9195791,671.180511,889.6514398,671.4280473,145.13659516914035,-37.914458526357805,native,False,True,-630680455#1,0,14.882346939447045,False,890.9195790995145,671.1805110014975,890.9195790995145,671.1805110014975,889.6511726691847,671.4266787750181,-37.9144560803877,145.13658080251372,1.2920733126344484,1.2920733126344484,,,,,2.057699952274561,0.0,,,
893.7737588,682.7329692,891.974759,683.1072709,145.13663024900706,-37.91435497289545,native,False,True,:588089836_0,0,5.872539203473011,True,893.7737587976153,682.7329692002386,893.7737587976153,682.7329692002386,895.1084829558928,682.4516895100345,-37.91435774709897,145.1366453617083,1.3640406309237414,1.3640406309237414,,,,,2.3050999734550714,0.0,,,
897.6162096,696.2133029,894.9374622,696.8085801,145.13667700422675,-37.914234230596804,native,False,True,630680455#0,0,2.8702017456909843,False,897.6162095995387,696.2133029000834,897.6162095995387,696.2133029000834,898.0604110786531,696.1174712080851,-37.91423517386535,145.1366820332811,0.4544212442642836,0.4544212442642836,,,,,2.2089999984018505,0.0,,,
899.1797822,703.8550323,896.5932676,704.4117564,145.13669651998111,-37.914165673527975,native,False,True,10585186,0,28.257854666646455,False,899.1797821989749,703.8550323005766,899.1797821989749,703.8550323005766,899.7221589525511,703.7352006842476,-37.914166850672274,145.13670265988665,0.5554567121675065,0.5554567121675065,,,,,2.1929999929852784,0.0,,,
901.5697744,713.2001936,898.6214904,713.8347854,145.1367258197555,-37.914081920325685,native,False,True,10585186,0,18.61797652373444,False,901.5697744010249,713.2001935997978,901.5697744010249,713.2001935997978,901.7512041007835,713.1591184680904,-37.91408232301205,145.13672787337953,0.18602124179588206,0.18602124179588206,,,,,2.071399998385459,0.0,,,
903.8173563,724.565789,901.0590325,725.1594936,145.13675395940905,-37.91397994088452,native,False,True,10585186,0,7.032697335889981,False,903.8173563001328,724.5657889991999,903.8173563001328,724.5657889991999,904.189726059103,724.4848548467588,-37.91398073701363,145.13675817506643,0.3810637406351737,0.3810637406351737,,,,,2.3226000485010445,0.0,,,
906.4685024,734.4785329,903.19,735.03,145.13678635750557,-37.91389112175903,native,False,True,:cluster_611527850_92044126_0,0,2.8362078402947324,True,906.4685023993952,734.4785329010338,906.4685023993952,734.4785329010338,907.1002201222649,733.7099924095771,-37.91389815872048,145.13679336580114,0.9948476106399614,0.9948476106399614,,,,,2.1220999769866467,0.0,,,
908.7032693,747.6259153,902.58,744.72,145.1368147562543,-37.91377308919684,native,False,True,:cluster_611527850_92044126_13,0,16.720951561987807,True,908.7032693001674,747.6259153010324,908.7032693001674,747.6259153010324,909.2626038547684,747.3054728516908,-37.91377607654132,145.1368210433529,0.6446227635684805,0.6446227635684805,,,,,2.053300035186112,0.0,,,
898.480271,749.6977424,897.9719468,749.1799609,145.13669898627555,-37.91375258477584,native,False,True,:92044125_0,0,1.7225261722704115,True,898.4802709980868,749.6977424006909,898.4802709980868,749.6977424006909,898.1212639866958,748.6890724701946,-37.91376160648213,145.13669467490578,1.070654502122606,1.070654502122606,,,,,2.2701999987475574,0.0,,,
886.7105609,756.1438954,886.4763463,755.3649646,145.1365666237979,-37.91369239665781,native,False,True,-10585181#6,0,4.902854600181415,False,886.7105609008577,756.143895400688,886.7105609008577,756.143895400688,886.4818589120553,755.3633070281621,-37.913699387209086,145.1365638458981,0.8134019959434902,0.8134019959434902,,,,,2.076899982057512,0.0,,,
879.7532188,758.3085604,879.4870625,757.3614182,145.13648800731247,-37.91367164383246,native,False,True,:588089830_1,0,5.548209532442728,True,879.7532187988982,758.3085604002699,879.7532187988982,758.3085604002699,879.4886767309278,757.3609646068962,-37.91368013237222,145.13648478392102,0.9838294025620402,0.9838294025620402,,,,,2.130200038664043,0.0,,,
872.2421782,760.1186026,872.0484145,759.3687637,145.13640301442138,-37.91365398576357,native,False,True,-10585181#5,0,3.795054730795278,False,872.2421782003948,760.1186025999486,872.2421782003948,760.1186025999486,872.0456392958956,759.3694808191137,-37.91366069864439,145.136400609372,0.774474650006715,0.774474650006715,,,,,2.131099987309426,0.0,,,
862.0762073,762.6195013,861.9354893,762.1050544,145.13628799073868,-37.91362962603101,native,False,True,:588089828_1,0,8.431785201317757,True,862.0762073030928,762.6195013010874,862.0762073030928,762.6195013010874,861.9369837425222,762.1046456429646,-37.91363423890432,145.1362862906445,0.5333474932153544,0.5333474932153544,,,,,2.280500018969178,0.0,,,
853.3216574,763.389862,853.6220987,764.4626978,145.13618862224223,-37.913621109545346,native,False,True,:588089826_0,0,2.630780665797297,True,853.3216574009275,763.3898620009422,853.3216574009275,763.3898620009422,853.0162784197595,763.7118570852499,-37.91361815392563,145.13618522313897,0.4437760205976916,0.4437760205976916,,,,,2.0687999785877764,0.0,,,
845.168955,768.2360461,844.8107341,766.9155455,145.136097023808,-37.91357598534744,native,False,True,-10585181#3,0,1.7388143346753506,False,845.1689549993025,768.2360461009666,845.1689549993025,768.2360461009666,844.8118383874456,766.9152459693631,-37.91358781911819,145.1360926629018,1.3682270506418097,1.3682270506418097,,,,,2.137599978595972,0.0,,,
837.498473,769.5230725,837.3408114,768.9417755,145.1360100992797,-37.91356300973656,native,False,True,:588089824_1,0,3.6368657896236445,True,837.4984729993157,769.5230724997818,837.4984729993157,769.5230724997818,837.3399473004037,768.9420098832422,-37.91356821553726,145.13600816464088,0.602299063219773,0.602299063219773,,,,,2.2157999919727445,0.0,,,
827.8713806,773.6724414,827.3254937,771.6557888,145.13590157804921,-37.91352389687467,native,False,True,10585181#2,0,1.4004186867101487,False,827.8713805997977,773.6724413987249,827.8713805997977,773.6724413987249,828.161770042572,774.7440898333037,-37.91351429551146,145.13590512360557,1.1102956344190673,1.1102956344190673,,,,,2.137599978595972,0.0,,,
815.9660618,775.6707325,815.7392977,774.8700591,145.1357666632318,-37.9135037509053,native,False,True,-10585181#1,0,1.2479308716199116,False,815.9660618008347,775.6707325000316,815.9660618008347,775.6707325000316,815.7392956590095,774.8700596210498,-37.91351092271116,145.13576390270896,0.8321658141352044,0.8321658141352044,,,,,2.0935999928042293,0.0,,,
809.8181155,777.3286818,809.6131789,776.6050787,145.13569713517236,-37.91348770800912,native,False,True,-10585181#1,0,7.615014772476461,False,809.8181154988706,777.3286818005145,809.8181154988706,777.3286818005145,809.6131668380391,776.6050821192966,-37.91349418944951,145.13569464024673,0.7520641277412212,0.7520641277412212,,,,,2.1758999791927636,0.0,,,
802.8747846,779.2540613,802.6814084,778.5866013,145.13561862406468,-37.91346911268202,native,False,True,-10585181#1,0,14.824487755363807,False,802.8747845989419,779.2540613012388,802.8747845989419,779.2540613012388,802.6813847987679,778.5866081424131,-37.91347509041962,145.13561627321835,0.694908052862994,0.694908052862994,,,,,2.148500003386289,0.0,,,
795.1016599,781.7436347,794.9118586,781.3965207,145.1355308061714,-37.91344528538498,native,False,True,:cluster_579315_585131983_585132024_92043943_0,0,1.2490797462012324,True,795.1016599017894,781.7436346998438,795.1016599017894,781.7436346998438,795.2156583450964,780.4413075060476,-37.913457037613874,145.13553180618652,1.3073070659862782,1.3073070659862782,,,,,2.0807000109925866,0.0,,,
790.3101545,784.4668214,790.0457271,784.1919364,145.1354769438764,-37.91341989085235,native,False,True,:cluster_579315_585131983_585132024_92043943_1,0,7.387533193118725,True,790.3101545011159,784.4668213995174,790.3101545011159,784.4668213995174,790.048166362283,784.1895899667169,-37.913422341013295,145.13547390189356,0.38143813682130995,0.38143813682130995,,,,,2.177799993660301,0.0,,,
782.776669,789.0221753,785.7858295,790.0548094,145.13539232077449,-37.9133774975718,native,False,True,:cluster_579315_585131983_585132024_92043943_6,0,30.872479424908555,True,782.7766690008575,789.0221753008664,782.7766690008575,789.0221753008664,782.6767005132566,789.0869643690812,-37.91337689592124,145.13539119882347,0.11912733470266432,0.11912733470266432,,,,,2.1511000231839716,0.0,,,
793.3967388,809.4368589,794.5041432,808.7699824,145.1355177189837,-37.91319551071329,native,False,True,:585132146_2,0,4.329671748315875,True,793.3967388027231,809.4368588998914,793.3967388027231,809.4368588998914,794.5035887925534,808.769061681065,-37.91320172583905,145.13553015246487,1.2926987373164578,1.2926987373164578,,,,,2.2560000070370734,0.0,,,
800.2845003,819.6270833,801.0512319,819.1410947,145.13559835337153,-37.913104955701634,native,False,True,-1209653401,0,11.282436530337312,False,800.2845002997201,819.6270832996815,800.2845002997201,819.6270832996815,801.0501673446954,819.1394151189444,-37.913109486696946,145.13560694841772,0.9077809638149086,0.9077809638149086,,,,,2.089700021315366,0.0,,,
805.4369479,827.3882689,806.037415,827.0076662,145.13565870392196,-37.91303596935927,native,False,True,-1209653401,0,20.594493155716354,False,805.4369479007437,827.3882688991725,805.4369479007437,827.3882688991725,806.0354717325666,827.0046003522708,-37.91303953338045,145.13566542212894,0.7109376422315158,0.7109376422315158,,,,,2.0471999887377024,0.0,,,
808.7954472,835.198677,810.5316909,834.0981685,145.13569866764436,-37.91296621635803,native,False,True,-1209653401,0,28.987877695158843,False,808.795447198092,835.1986770005897,808.795447198092,835.1986770005897,810.5289556595794,834.0938532201428,-37.91297648121376,145.1357181270755,2.0556476283374403,2.0556476283374403,,,,,2.187900012359023,0.0,,,
816.0292122,847.2270003,818.0439072,845.949997,145.13578365373797,-37.9128591654869,native,False,True,-1209653401,0,43.017483653505295,False,816.0292122003739,847.2270002998412,816.0292122003739,847.2270002998412,818.039848146383,845.9435931918953,-37.9128710889792,145.13580622358987,2.3853282189480427,2.3853282189480427,,,,,2.246999996714294,0.0,,,
822.5772049,856.0953716,820.4189502,856.9715699,145.13586012354418,-37.91278045664447,native,False,True,-73530943#10,1,9.098421330966623,False,822.5772048988729,856.0953715993091,822.5772048988729,856.0953715993091,822.4824498263375,856.1401902648748,-37.912780035836086,145.13585905633536,0.10482001981619776,0.10482001981619776,,,,,2.078499994240701,0.0,,,
824.7399559,865.214302,823.9031444,865.5540168,145.13588678838676,-37.912698700649365,native,False,True,:9263162781_11,0,6.068746845354672,True,824.7399558995385,865.2143019996583,824.7399558995385,865.2143019996583,825.9682859607159,864.7108038246316,-37.912703457572725,145.13590064045053,1.3275184184964646,1.3275184184964646,,,,,2.064200001768768,0.0,,,
828.850454,874.3713899,827.6849977,874.8463133,145.13593560840246,-37.912616951795364,native,False,True,-73530943#9,1,6.679065846860701,False,828.8504540002323,874.3713899012655,828.8504540002323,874.3713899012655,829.7463237846215,873.9969245346657,-37.91262048646139,145.13594570960552,0.9709824825218548,0.9709824825218548,,,,,2.23129999358207,0.0,,,
828.9681083,878.5281864,829.0866496,878.4851237,145.13593789135882,-37.912579527518446,native,False,True,-73530943#9,0,10.608146972444048,False,828.9681082997704,878.528186400421,828.9681082997704,878.528186400421,829.0924404791018,878.5010644999529,-37.912579794237345,145.135939298891,0.12725599515267835,0.12725599515267835,,,,,2.0713000558316708,0.0,,,
833.6325484,890.9675075,833.6224824,890.9711641,145.1359937560366,-37.9124683112392,native,False,True,-73530943#9,0,23.913808729066616,False,833.6325483994442,890.9675075020641,833.6325483994442,890.9675075020641,833.6355367167315,891.0070994973964,-37.91246795512281,145.135993799017,0.0397046109992888,0.0397046109992888,,,,,2.143800025805831,0.0,,,
838.1765216,900.0909357,837.1026682,900.4850986,145.1360474968666,-37.9123869436299,native,False,True,:94406216_12,0,6.76808729713521,True,838.1765216001659,900.0909356996417,838.1765216001659,900.0909356996417,839.1958034263056,899.7222459032457,-37.912390448488644,145.13605900259105,1.0839130994066037,1.0839130994066037,,,,,2.1711000008508563,0.0,,,
844.011745,909.452055,840.8558474,910.6282608,145.13611597351843,-37.91230366740132,native,False,True,-73530943#8,1,5.68512024130454,False,844.0117449978716,909.4520550007,844.0117449978716,909.4520550007,842.9437508432704,909.8477879790692,-37.91229991016201,145.13610392007922,1.1389539518483944,1.1389539518483944,,,,,2.1727000130340457,0.0,,,
848.5066586,919.0572531,844.4392609,920.494727,145.1361692657982,-37.912217950984896,native,False,True,:579314_0,1,0.20411466324984343,True,848.5066585998866,919.0572531009093,848.5066585998866,919.0572531009093,849.5522036994784,918.6874734891263,-37.91222147037919,145.13618106987613,1.10900924999332,1.10900924999332,,,,,2.2315000533126295,0.0,,,
851.6565402,932.2482302,848.7071639,933.2357,145.13620807978316,-37.91209969066598,native,False,True,-73530943#7,1,13.31723118042294,False,851.6565401992993,932.2482302002609,851.6565401992993,932.2482302002609,850.8174555700324,932.5284308493268,-37.91209701541239,145.13619860286843,0.8846329288518621,0.8846329288518621,,,,,2.229599980637431,0.0,,,
856.5206012,940.5459321,851.695542,942.1613924,145.13626527185667,-37.91202581894555,native,False,True,73530943#7,1,48.86630707299335,False,856.5206012006965,940.5459320992231,856.5206012006965,940.5459320992231,856.841619358473,940.443234584007,-37.912026801890256,145.13626889856877,0.3370451561049299,0.3370451561049299,,,,,2.29350000154227,0.0,,,
859.8890609,955.4278488,856.515406,956.5573697,145.13630695526635,-37.911892365536616,native,False,True,-73530943#7,1,37.91008822730632,False,859.8890609004302,955.4278488000855,859.8890609004302,955.4278488000855,858.6242743522048,955.8492841405501,-37.91188834134061,145.13629267014983,1.3331514387962404,1.3331514387962404,,,,,2.2721999557688832,0.0,,,
864.3422803,967.4502074,860.5837142,968.708599,145.13636032242033,-37.91178486710512,native,False,True,73530943#7,1,20.873417543398947,False,864.3422803007998,967.4502074001357,864.3422803007998,967.4502074001357,865.7312683005872,966.9870852071183,-37.91178928918717,145.1363760102428,1.464161817975996,1.464161817975996,,,,,2.15419998858124,0.0,,,
867.8318063,977.4898228,863.9579628,978.78681,145.1364022813064,-37.911695056143635,native,False,True,73530943#7,1,10.246328477983615,False,867.8318063010811,977.4898228012025,867.8318063010811,977.4898228012025,869.1060928598113,977.0640679499202,-37.91169912094781,145.1364166734277,1.3435302107324856,1.3435302107324856,,,,,2.172500011511147,0.0,,,
866.9945742,983.6768763,865.736241,984.0981742,145.13639416824526,-37.91163917079684,native,False,True,-73530943#7,1,66.95217342879664,False,866.9945742011187,983.6768763000146,866.9945742011187,983.6768763000146,867.843467380173,983.3892404361525,-37.91164191477833,145.13640375494467,0.8963001838807675,0.8963001838807675,,,,,2.2107999539002776,0.0,,,
867.7545691,987.1500302,866.8584701,987.4500498,145.13640359905085,-37.91160802061004,native,False,True,-73530943#7,1,70.4867685093648,False,867.7545690987026,987.1500302003697,867.7545690987026,987.1500302003697,868.9654981881329,986.7410174647697,-37.911611923185966,145.13641727457446,1.2781395375745583,1.2781395375745583,,,,,2.1670000278390944,0.0,,,
870.3571849,1000.11233,869.4582502,1000.24184,145.13643613781218,-37.911491721608755,native,False,True,-73530943#6,1,6.644198492535783,False,870.3571848995052,1000.1123299989849,870.3571848995052,1000.1123299989849,871.6577673361559,999.9262535447419,-37.91149363205909,145.13645088336688,1.3138261381734528,1.3138261381734528,,,,,2.2198999649845064,0.0,,,
871.471699,1011.031408,871.0220437,1011.09619,145.13645129206495,-37.91139356046671,native,False,True,-73530943#6,0,17.61392908277549,False,871.4716990001034,1011.0314079988748,871.4716990001034,1011.0314079988748,871.0217174956599,1011.093925919168,-37.91139291625109,145.13644618991358,0.45430369214767535,0.45430369214767535,,,,,3.136000013910234,0.0,,,
873.2308034,1022.866075,872.7281718,1022.93849,145.1364739834782,-37.91128726754305,native,False,True,-73530943#6,0,29.576945027968268,False,873.2308034006273,1022.8660749997944,873.2308034006273,1022.8660749997944,872.727624014824,1022.9346874425165,-37.911286558847166,145.1364682778516,0.5078357624210467,0.5078357624210467,,,,,2.274499973282218,0.0,,,
875.7222179,1035.867199,874.6026408,1036.028038,145.13650526641888,-37.91117059874551,native,False,True,-73530943#5,1,3.6678968454503167,False,875.7222179000382,1035.8671989999712,875.7222179000382,1035.8671989999712,876.8115756163212,1035.710623382468,-37.9111722053962,145.13651761696536,1.1005526602674425,1.1005526602674425,,,,,2.1982999751344323,0.0,,,
876.9572472,1049.467435,876.5419172,1049.527101,145.1365224001935,-37.91104830672589,native,False,True,-73530943#5,0,17.31066467854578,False,876.9572472008877,1049.4674350013956,876.9572472008877,1049.4674350013956,876.5415797496713,1049.5247523107007,-37.91104771554177,145.13651768703758,0.41960064817235154,0.41960064817235154,,,,,2.235499967355281,0.0,,,
878.3798339,1062.245585,878.3692734,1062.247102,145.1365414795907,-37.910933454038314,native,False,True,-73530943#5,0,30.15949272004206,False,878.3798339002533,1062.2455850010738,878.3798339002533,1062.2455850010738,878.3686854964052,1062.2430095274028,-37.91093347523121,145.13654135224692,0.011442026612014943,0.011442026612014943,,,,,2.1624999935738742,0.0,,,
880.4344303,1075.276387,880.2449715,1075.303604,145.13656780234388,-37.91081643920095,native,False,True,-73530943#5,0,43.348230591157865,False,880.4344303017715,1075.2763870013878,880.4344303017715,1075.2763870013878,880.2441264843817,1075.2977223826754,-37.910816212736705,145.1365656434249,0.19149606107651168,0.19149606107651168,,,,,2.1526999771595,0.0,,,
882.0412909,1087.735292,882.0320761,1087.736617,145.13658890423963,-37.91070449552311,native,False,True,-73530943#5,0,55.90730219357839,False,882.0412909002043,1087.7352919997647,882.0412909002043,1087.7352919997647,882.0309855904716,1087.7290301945845,-37.910704550075344,145.13658878564442,0.01205859082989671,0.01205859082989671,,,,,3.2934999908320606,0.0,,,
884.2992268,1099.614785,883.7508936,1099.693608,145.13661727712514,-37.91059788857222,native,False,True,-73530943#5,0,67.98554594879714,False,884.2992267986992,1099.6147849997506,884.2992267986992,1099.6147849997506,883.7495674828307,1099.6843824892571,-37.91059716264121,145.1366110432951,0.5540479889564655,0.5540479889564655,,,,,2.660800004377961,0.0,,,
887.112898,1112.484404,885.6357201,1112.699935,145.13665219368102,-37.91048246236958,native,False,True,-73530943#5,1,81.12301757678158,False,887.1128979990026,1112.4844040004537,887.1128979990026,1112.4844040004537,887.845121451255,1112.37583238543,-37.9104835722612,145.13666049440235,0.7402290048472953,0.7402290048472953,,,,,2.306399983353913,0.0,,,
886.5541439,1125.619056,887.4956957,1125.482232,145.13664882586465,-37.91036404140346,native,False,True,:426343948_9,0,8.673733133557597,True,886.5541438990622,1125.6190560003743,886.5541438990622,1125.6190560003743,887.4973442144428,1125.4935761127208,-37.91036534159922,145.13665952153772,0.9515103978095328,0.9515103978095328,,,,,2.2102000075392425,0.0,,,
889.6955381,1138.410757,889.1246755,1138.479482,145.13668745074332,-37.91024937609986,native,False,True,:92045319_2,0,0.8711705174656138,True,889.6955380996224,1138.4107569996268,889.6955380996224,1138.4107569996268,889.1241269209862,1138.4749252307727,-37.91024869516469,145.1366809683894,0.5750028669134947,0.5750028669134947,,,,,2.598899998702109,0.0,,,
890.010864,1151.335179,890.7432041,1151.239905,145.13669397334854,-37.91013300632584,native,False,True,-73530943#2,0,8.552163522035924,False,890.0108639992541,1151.3351789992303,890.0108639992541,1151.3351789992303,890.743307174197,1151.2406965626067,-37.91013398933414,145.13670227973185,0.7385119737355297,0.7385119737355297,,,,,2.958799945190549,0.0,,,
891.8387706,1163.221826,892.2942979,1163.162564,145.13671745804234,-37.91002625745365,native,False,True,-73530943#2,0,20.57641862408628,False,891.8387705995701,1163.2218260001391,891.8387705995701,1163.2218260001391,892.294545861844,1163.1644698451346,-37.91002685619994,145.13672262715045,0.4593700232031871,0.4593700232031871,,,,,3.439699998125434,0.0,,,
895.7977194,1178.422826,894.3048679,1178.61704,145.13676592569783,-37.90989003572587,native,False,True,-73530943#2,1,36.165566486881026,False,895.7977193999104,1178.4228260004893,895.7977193999104,1178.4228260004893,896.5047484716478,1178.3334677772978,-37.90989096799226,145.13677394426298,0.7126534924728223,0.7126534924728223,,,,,2.600100007839501,0.0,,,
896.984067,1190.925514,895.9240949,1191.063413,145.1367822557242,-37.909777621857536,native,False,True,-73530943#2,1,48.717732211872196,False,896.9840669983532,1190.925514000468,896.9840669983532,1190.925514000468,898.1237662714315,1190.7807825781545,-37.909779130842075,145.13679518111707,1.148852304545692,1.148852304545692,,,,,2.4743000394664705,0.0,,,
897.2836667,1201.277417,897.2570679,1201.280887,145.1367880146827,-37.90968442315602,native,False,True,-73530943#2,0,59.02003812537436,False,897.2836667003576,1201.2774170003831,897.2836667003576,1201.2774170003831,897.2577812961298,1201.28635508987,-37.90968433797864,145.13678772239948,0.027385098059203274,0.027385098059203274,,,,,2.2333000088110566,0.0,,,
898.7930569,1205.550843,896.8581486,1203.102592,145.1368061474505,-37.90964619878614,native,False,True,:cluster_3021408813_3031178405_11,0,4.324075876195948,True,898.7930569008458,1205.5508430013433,898.7930569008458,1205.5508430013433,900.0705640172043,1205.3735576714553,-37.90964802583382,145.1368206322839,1.289749789897289,1.289749789897289,,,,,2.5470000109635293,0.0,,,
885.7958086,1208.22582,885.904876,1206.000162,145.13665897805657,-37.909619761640556,native,False,True,298236188#1,0,1.4278489034549355,False,885.7958085996797,1208.2258200012147,885.7958085996797,1208.2258200012147,885.9038624688832,1206.0001127090418,-37.90963983084862,145.1366597007785,2.22832865374067,2.22832865374067,,,,,2.4273000308312476,0.0,,,
879.229121,1205.123524,879.3952242,1204.86104,145.13658361045307,-37.909646525477626,native,False,True,298236188#1,0,8.206089677817092,False,879.2291210004478,1205.1235240008682,879.2291210004478,1205.1235240008682,879.3902957115913,1204.8579215049913,-37.90964894711708,145.13658538262618,0.31067985665029774,0.31067985665029774,,,,,2.2016000002622604,0.0,,,
874.592923,1203.096833,875.319585,1202.110929,145.1365304367361,-37.90966394757507,native,False,True,:3021408814_0,0,2.0384237352039745,True,874.5929230009206,1203.096833000891,874.5929230009206,1203.096833000891,875.3191194027049,1202.1105860139457,-37.90967296271553,145.13653846935338,1.224762970220347,1.224762970220347,,,,,2.09650001488626,0.0,,,
870.1261329,1201.943404,871.9540451,1199.367709,145.1364793876321,-37.90967353358433,native,False,True,:3021408814_1,0,7.248996504219038,True,870.1261328994296,1201.9434040011838,870.1261328994296,1201.9434040011838,870.2384782716368,1200.8642229619459,-37.909683275358724,145.13648041969685,1.0850129944415625,1.0850129944415625,,,,,2.0416000043042004,0.0,,,
864.2337142,1199.465221,864.2466492,1196.998342,145.13641182814504,-37.909694796559876,native,False,True,988580231,0,2.1071886072710098,False,864.2337142007891,1199.4652210008353,864.2337142007891,1199.4652210008353,864.2428607432419,1200.7944214854074,-37.90968282442447,145.1364122342698,1.3292319539589406,1.3292319539589406,,,,,2.1089999936521053,0.0,,,
856.0975097,1200.295892,856.1150238,1196.955704,145.13631950914032,-37.909685848383866,native,False,True,988580231,0,10.248696946784017,False,856.0975096991751,1200.295891999267,856.0975096991751,1200.295891999267,856.1015430784555,1200.8501415302615,-37.90968085628705,145.1363196809875,0.554264206634295,0.554264206634295,,,,,2.194700005929917,0.0,,,
852.7936667,1199.902876,853.12,1196.94,145.13628185544394,-37.90968879375274,native,False,True,:cluster_3021408815_3031178391_9137640169_6,0,0.1404068541381182,True,852.7936666989699,1199.9028760008514,852.7936666989699,1199.9028760008514,853.0644397795635,1200.9065720019162,-37.90967980096617,145.13628516226356,1.0395786279678774,1.0395786279678774,,,,,2.363300009164959,0.0,,,
849.6290163,1198.990335,851.1345276,1196.394626,145.13624566625128,-37.90969644419423,native,False,True,988580232,0,0.08949045910051205,False,849.6290163000813,1198.9903349997476,849.6290163000813,1198.9903349997476,850.0255310597333,1198.9706211946661,-37.90969669319549,145.13625017010273,0.3970045197887837,0.3970045197887837,,,,,2.375599986407906,0.0,,,
849.2285998,1187.74114,849.8203458,1187.732482,145.13623855635373,-37.909797707731386,native,False,True,988580230#0,0,6.127518074847108,False,849.2285998005536,1187.7411399986595,849.2285998005536,1187.7411399986595,849.820355419402,1187.7331377029716,-37.90979788639673,145.13624528274548,0.5918097237920508,0.5918097237920508,,,,,2.295500016771257,0.0,,,
849.5777129,1184.682391,849.7756763,1184.679494,145.13624183041466,-37.909825324609514,native,False,True,988580230#0,0,9.180505482566478,False,849.5777128989575,1184.6823909999803,849.5777128989575,1184.6823909999803,849.775690716272,1184.6804770313627,-37.90982537750798,145.1362440809713,0.19798706883147882,0.19798706883147882,,,,,2.1619999897666276,0.0,,,
849.6205898,1182.268737,849.7403779,1182.266985,145.13624176924102,-37.90984707515027,native,False,True,988580230#0,0,11.593015667871825,False,849.6205897999462,1182.2687370004132,849.6205897999462,1182.2687370004132,849.7403960894576,1182.2682250371631,-37.90984710133998,145.13624313131282,0.1198073833820886,0.1198073833820886,,,,,2.2803000174462795,0.0,,,
849.4400157,1179.803328,849.7042746,1179.799462,145.13623915568067,-37.90986925166844,native,False,True,988580230#0,0,14.060538477350011,False,849.4400156998308,1179.8033280009404,849.4400156998308,1179.8033280009404,849.7042966370088,1179.800966306339,-37.909869320541816,145.1362421599984,0.26429148937692354,0.26429148937692354,,,,,2.2769999923184514,0.0,,,
848.2961606,1176.670533,849.6582024,1176.650604,145.1362254379677,-37.909897266677895,native,False,True,988580230#0,0,17.20939558092196,False,848.2961606006138,1176.6705329995602,848.2961606006138,1176.6705329995602,849.6582293760126,1176.6524461990218,-37.909897674926576,145.1362409204826,1.3621888566825715,1.3621888566825715,,,,,2.2464999929070473,0.0,,,
849.0235496,1171.127123,849.5772676,1171.119021,145.1362324481717,-37.909947334153465,native,False,True,988580230#0,0,22.740978670371653,False,849.0235496000387,1171.1271230001003,849.0235496000387,1171.1271230001003,849.577303226136,1171.1214551093751,-37.90994748494616,145.1362387430274,0.5537826319064194,0.5537826319064194,,,,,2.3848999990150332,0.0,,,
849.9416077,1163.76567,849.4697788,1163.772574,145.1362412129943,-37.910013813369474,native,False,True,988580230#0,0,30.08742648227013,False,849.9416077000787,1163.7656699996442,849.9416077000787,1163.7656699996442,849.46982590417,1163.7757935273112,-37.910013637202944,145.13623585116122,0.4718903991006185,0.4718903991006185,,,,,2.335500030312687,0.0,,,
847.8332104,1156.616768,849.0717248,1156.410349,145.13621561547845,-37.910077832782235,native,False,True,:3021408832_1,0,7.681710601094877,True,847.8332104004221,1156.6167680006474,847.8332104004221,1156.6167680006474,846.4367183125269,1156.4411113747897,-37.91007916361991,145.13619969749067,1.4074961462688762,1.4074961462688762,,,,,2.255600003991276,0.0,,,
842.4430905,1155.626758,842.1014957,1153.129657,145.13615410498033,-37.910085780219795,native,False,True,E9,0,0.7354424223771416,False,842.4430905011832,1155.626757999882,842.4430905011832,1155.626757999882,842.1013437555529,1153.1296776507554,-37.91010821300818,145.13614965165542,2.5203573373915806,2.5203573373915806,,,,,2.2061000345274806,0.0,,,
837.5843969,1155.212322,837.387706,1153.774487,145.13609876761848,-37.91008863842736,native,False,True,E9,0,5.494125324049938,False,837.5843969002599,1155.2123220004141,837.5843969002599,1155.2123220004141,837.3865708431608,1153.7746422569528,-37.91010155378341,145.1360961914973,1.4512264446413594,1.4512264446413594,,,,,2.310300013050437,0.0,,,
832.7815976,1154.968875,832.7058229,1154.414952,145.1360441046436,-37.91008996636399,native,False,True,E9,0,10.220597831654716,False,832.7815976007842,1154.9688750002533,832.7815976007842,1154.9688750002533,832.7037111085508,1154.4152412509513,-37.91009493960956,145.13604309320883,0.5590855337411109,0.5590855337411109,,,,,2.2489000111818314,0.0,,,
830.3571006,1155.828107,829.9562282,1155.777203,145.13601673356322,-37.91008178946336,native,False,True,:3021408831_0,0,1.9042082527493622,True,830.3571006026468,1155.8281070003286,830.3571006026468,1155.8281070003286,829.9565303571668,1155.7748234373114,-37.9100821973011,145.13601216698262,0.40409857665146054,0.40409857665146054,,,,,2.316199999768287,0.0,,,
829.3268714,1167.364716,830.0071426,1167.358172,145.13600764279505,-37.90997767915402,native,False,True,E10,0,11.139336788470999,False,829.3268714002334,1167.3647159999236,829.3268714002334,1167.3647159999236,830.0071488470363,1167.3588214462557,-37.90997785479119,145.1360153761692,0.6803029842589994,0.6803029842589994,,,,,2.2796999546699226,0.0,,,
829.2738282,1174.819517,830.0788418,1174.811774,145.13600873456866,-37.90991051483753,native,False,True,E10,0,18.59371718047744,False,829.2738282008795,1174.8195170005783,829.2738282008795,1174.8195170005783,830.0788522419099,1174.8128569742023,-37.909910719840354,145.1360178861219,0.8050515900165717,0.8050515900165717,,,,,2.2926999954506755,0.0,,,
829.1520637,1185.60326,830.1825542,1185.593348,145.13600980182332,-37.909813350176535,native,False,True,E10,0,29.376418535807268,False,829.1520636997884,1185.6032600011677,829.1520636997884,1185.6032600011677,830.1825706265948,1185.5950594864403,-37.90981360967167,145.1360215167357,1.0305395551058754,1.0305395551058754,,,,,2.1814999636262655,0.0,,,
831.6995503,1197.209406,830.2944238,1197.222923,145.13604140516068,-37.90970925789834,native,False,True,E10,0,41.00720969722823,False,831.6995502992067,1197.2094059996307,831.6995502992067,1197.2094059996307,830.2944467541176,1197.2253125693564,-37.90970886151285,145.1360254328908,1.4051935779039166,1.4051935779039166,,,,,2.1353999618440866,0.0,,,
831.2091802,1208.774557,830.405618,1208.782287,145.13603845900568,-37.90960498771334,native,False,True,E10,0,52.567782639898006,False,831.2091802002979,1208.7745570009574,831.2091802002979,1208.7745570009574,830.4056474553271,1208.785350682046,-37.90960474574468,145.13602932538583,0.803605236289373,0.803605236289373,,,,,2.150000014808029,0.0,,,
828.5238291,1220.12277,830.5145225,1220.103621,145.13601050688916,-37.90950227638759,native,False,True,E10,0,63.89030030531165,False,828.5238290998386,1220.1227700011805,828.5238290998386,1220.1227700011805,830.5145583120895,1220.1073445306968,-37.909502773925944,145.1360331377101,1.99078897466528,1.99078897466528,,,,,2.154200046788901,0.0,,,
828.4349328,1230.303409,830.6124369,1230.282463,145.1360118107052,-37.909410550556615,native,False,True,E10,0,74.0702065830503,False,828.4349328003591,1230.3034089999273,828.4349328003591,1230.3034089999273,830.6124784343832,1230.2867798526188,-37.909411092587185,145.13603656529978,2.1776091285622607,2.1776091285622607,,,,,2.534800034482032,0.0,,,
828.3468629,1240.389507,830.7094421,1240.36678,145.1360131024156,-37.90931967652275,native,False,True,E10,0,84.1555786742486,False,828.3468628990813,1240.3895069994032,828.3468628990813,1240.3895069994032,830.7094892360158,1240.3716853614615,-37.909320262631894,145.1360399610466,2.3626935515964074,2.3626935515964074,,,,,2.4846000014804304,0.0,,,
829.9217173,1245.618166,830.7598797,1245.610103,145.13603219696628,-37.90927285908465,native,False,True,E10,0,89.39944989268453,False,829.9217172986828,1245.6181659987196,829.9217172986828,1245.6181659987196,830.7599298291797,1245.6153139812345,-37.9092730357581,145.13604172665396,0.8382173824764876,0.8382173824764876,,,,,2.404399972874671,0.0,,,
829.4256701,1252.476518,830.7291223,1252.630296,145.13602811620427,-37.90921098793038,native,False,True,:7217594255_2,0,0.7755088022669557,True,829.4256700990954,1252.476518000476,829.4256700990954,1252.476518000476,830.7291375468118,1252.6301674603578,-37.90920983860129,145.1360429713295,1.312492111891769,1.312492111891769,,,,,2.4984999909065664,0.0,,,
826.9442524,1259.554966,826.1693555,1257.554781,145.1360015121933,-37.90914677647853,native,False,True,E11,0,1.1485094500265554,False,826.9442523973994,1259.5549659989774,826.9442523973994,1259.5549659989774,826.1690506290171,1257.5548992668005,-37.909164653960936,145.13599224358217,2.145041891167639,2.145041891167639,,,,,2.2902999771758914,0.0,,,
818.9946828,1260.161677,819.0113796,1260.0986,145.1359112650186,-37.90913987910779,native,False,True,:7217594256_0,0,1.1079095255720788,True,818.9946828001412,1260.1616769991815,818.9946828001412,1260.1616769991815,819.011072302178,1260.098519138812,-37.90914045100239,145.13591143700467,0.06524975941314695,0.06524975941314695,,,,,2.3753000423312187,0.0,,,
812.0925553,1252.307614,817.9651341,1252.36123,145.13583100337016,-37.90920938718518,native,False,True,E12,0,6.039402938617929,False,812.0925553014968,1252.3076140005141,812.0925553014968,1252.3076140005141,817.9651375965879,1252.3608487599308,-37.90920996551897,145.13589778568723,5.87282357577916,5.87282357577916,,,,,2.52169999293983,0.0,,,
811.7846158,1241.152758,818.0669441,1241.210116,145.13582496587802,-37.909309817520786,native,False,True,E12,0,17.191688144725916,False,811.7846158019966,1241.1527580013499,811.7846158019966,1241.1527580013499,818.0669539862173,1241.2090283371847,-37.909310442327474,145.13589640783368,6.282590183325108,6.282590183325108,,,,,2.282499975990504,0.0,,,
812.0069873,1230.741789,818.1620071,1230.797984,145.13582512705975,-37.90940364226173,native,False,True,E12,0,27.604912153806662,False,812.0069872994209,1230.7417890001088,812.0069872994209,1230.7417890001088,818.1620230104946,1230.7962383103034,-37.909404260543006,145.13589512128186,6.155276543907186,6.155276543907186,,,,,2.2166999988257885,0.0,,,
812.4125671,1220.175358,818.2585046,1220.228731,145.13582733594305,-37.909498900446856,native,False,True,E12,0,38.17527424930818,False,812.4125670990907,1220.1753580002114,812.4125670990907,1220.1753580002114,818.2585266495022,1220.2263167458984,-37.9094994944967,145.1358938153072,5.846181647777434,5.846181647777434,,,,,2.273300022352487,0.0,,,
812.8273218,1210.233641,818.3492997,1210.284057,145.13582979118686,-37.909588532699516,native,False,True,E12,0,48.120992629921034,False,812.8273218002869,1210.2336410004646,812.8273218002869,1210.2336410004646,818.349327513995,1210.2810128636902,-37.90958910070509,145.13589258649992,5.52220890546989,5.52220890546989,,,,,2.1689999848604202,0.0,,,
813.2983138,1199.478144,818.4475287,1199.525156,145.13583270081324,-37.90968550582066,native,False,True,E12,0,58.8810220343014,False,813.2983138003619,1199.4781440002844,813.2983138003619,1199.4781440002844,818.4475627479416,1199.5214318949934,-37.90968604346826,145.13589125707492,5.14943089729129,5.14943089729129,,,,,2.168700040783733,0.0,,,
813.7009164,1188.132659,818.5511382,1188.176941,145.13583469871335,-37.90978778138347,native,False,True,E12,0,70.2304277621894,False,813.7009163997136,1188.1326590003446,813.7009163997136,1188.1326590003446,818.5511787776877,1188.172499165675,-37.9097882962309,145.13588985482164,4.850425999225693,4.850425999225693,,,,,2.1504999604076147,0.0,,,
813.8710182,1177.788976,818.6455826,1177.832567,145.13583428087966,-37.909880990571864,native,False,True,E12,0,80.57588708451476,False,813.8710182007635,1177.7889759996906,813.8710182007635,1177.7889759996906,818.645629134524,1177.8274710013834,-37.90988150391101,145.13588857660042,4.774766113009192,4.774766113009192,,,,,3.0778999789617956,0.0,,,
813.9949188,1170.254743,818.7143749,1170.297832,145.13583397653224,-37.909948883191355,native,False,True,E12,0,88.11141394089988,False,813.9949188008322,1170.2547429995611,813.9949188008322,1170.2547429995611,818.7144258093125,1170.2922581961045,-37.90994939543184,145.13588764555203,4.719656109619218,4.719656109619218,,,,,2.3092000046744943,0.0,,,
813.2260583,1162.228629,812.5449217,1157.05785,145.13582340969447,-37.91002104597208,native,False,True,E13,0,0.5187261398083403,False,813.2260583003517,1162.228629000485,813.2260583003517,1162.228629000485,812.5457166635855,1157.0577455386494,-37.910067504050524,145.13581449850483,5.215448256727474,5.215448256727474,,,,,2.818899985868484,0.0,,,
812.7144719,1153.629472,813.0609996,1156.990036,145.1358156377315,-37.910098417215785,native,False,True,:cluster_3021408830_9137640151_0,0,9.87,True,812.7144719001371,1153.6294720005244,812.7144719001371,1153.6294720005244,813.0621704409427,1156.9900772093615,-37.91006820666216,145.13582035517396,3.3785443085656706,3.3785443085656706,,,,,2.2019000025466084,0.0,,,
814.4679131,1141.492714,813.9155436,1157.020434,145.13583281467805,-37.91020806411145,native,False,True,:634145142_w0,0,2.0641160996139174,True,814.4679131001467,1141.4927139999345,814.4679131001467,1141.4927139999345,819.3364825563034,1140.7216888832136,-37.9102158867477,145.13588799488485,4.929244189532155,4.929244189532155,,,,,2.096699958201498,0.0,,,
814.5028272,1139.369672,799.7982714,1143.023531,145.13583272892043,-37.91022719530587,native,False,True,:634145142_w0,0,2.6241028134783484,True,814.5028271999909,1139.3696720004082,814.5028271999909,1139.3696720004082,818.8065392102378,1140.9026451477237,-37.91021416118238,145.13588201058553,4.56858224589798,4.56858224589798,,,,,2.1362000261433423,0.0,,,
814.4671013,1141.542095,813.9164872,1157.020468,145.135832816676,-37.91020761912855,native,False,True,:634145142_w0,0,2.0648057952397623,True,814.4671013014158,1141.5420949999243,814.4671013014158,1141.5420949999243,819.3358298629472,1140.7219117541156,-37.910215884622424,145.13588798751442,4.93732907173269,4.93732907173269,,,,,2.219199959654361,0.0,,,
798.7481492,1158.568039,801.5010893,1156.77121,145.13565796425183,-37.91005141323176,native,False,True,:9137640172_1,0,6.956353819989277,True,798.7481492029619,1158.568038999103,798.7481492029619,1158.568038999103,799.4048248648515,1159.9920455984618,-37.91003870372589,145.13566575443406,1.5681255434229562,1.5681255434229562,,,,,2.125700004398823,0.0,,,
788.8824222,1160.392223,800.58,1155.36,145.13554620627346,-37.910033203024234,native,False,True,998107630#1,0,59.067587179383516,False,788.8824222033145,1160.392222999595,788.8824222033145,1160.392222999595,786.0848545864387,1160.4028046404344,-37.91003260364915,145.13551440048664,2.797587629032344,2.797587629032344,,,,,2.0933999912813306,0.0,,,
778.2961923,1161.708944,776.0260217,1143.923575,145.13542614086816,-37.91001943424352,native,False,True,998107635#2,0,19.791713564019553,False,778.2961923021358,1161.7089440003037,778.2961923021358,1161.7089440003037,778.2714841748771,1156.6247111980024,-37.91006522985027,145.13542470365715,5.084292839672962,5.084292839672962,,,,,2.2256000083871186,0.0,,,
768.5836525,1162.916983,766.3174625,1145.162801,145.13531598459878,-37.91000680181228,native,False,True,998107635#2,0,10.073582766193205,False,768.5836524996557,1162.9169830009341,768.5836524996557,1162.9169830009341,768.5534660117493,1156.671499922909,-37.910063057265184,145.13531422091833,6.2455560282451215,6.2455560282451215,,,,,2.097299962770194,0.0,,,
756.2481108,1152.533583,755.9,1146.45,145.1351733684663,-37.91009811520066,native,False,True,998107636,0,1.6964169987663331,False,756.2481108008651,1152.5335830012336,756.2481108008651,1152.5335830012336,755.98,1152.5335830012336,-37.91009806688431,145.13517032005885,0.2681108008650881,0.2681108008650881,,,,,2.0901000243611634,0.0,,,
744.8305426,1149.213335,744.8861091,1146.286286,145.1350427959852,-37.91012596719644,native,False,True,E3,0,8.623890859191597,False,744.8305425993167,1149.2133350009099,744.8305425993167,1149.2133350009099,744.8876626812126,1146.2863152044451,-37.910152344821434,145.1350427796223,2.9275770856891485,2.9275770856891485,,,,,2.1110999514348805,0.0,,,
736.3175453,1147.910883,736.3514621,1146.124266,145.13494570728568,-37.91013616573417,native,False,True,E3,0,17.158537898723733,False,736.3175452999421,1147.9108830001205,736.3175452999421,1147.9108830001205,736.3545531053647,1146.124324291224,-37.910152266173554,145.1349457216491,1.786941968278868,1.786941968278868,,,,,2.393700007814914,0.0,,,
732.6217412,1147.331709,732.7977029,1146.018764,145.13490355439205,-37.91014071696799,native,False,True,:9199366844_0,0,2.8047240797053683,True,732.6217411989346,1147.331709000282,732.6217411989346,1147.331709000282,732.799170246506,1146.018960960872,-37.91015257451076,145.1349052731171,1.3246842951801914,1.3246842951801914,,,,,2.1496000117622316,0.0,,,
726.0313468,1168.968573,725.3958995,1168.967131,145.1348335442107,-37.909944618821534,native,False,True,E7,0,1.8065453627011672,False,726.0313467966625,1168.968573000282,726.0313467966625,1168.968573000282,725.3959008800696,1168.966540712166,-37.90994452259438,145.13482631877397,0.6354491664245595,0.6354491664245595,,,,,2.1501000155694783,0.0,,,
725.5347475,1176.791918,725.3781456,1176.791562,145.13482967769613,-37.90987405465921,native,False,True,E7,0,9.628440600174754,False,725.5347475002054,1176.791917999275,725.5347475002054,1176.791917999275,725.3781527031774,1176.7884158139705,-37.909874057982734,145.13482789642956,0.15663395467824212,0.15663395467824212,,,,,2.289300027769059,0.0,,,
725.5830166,1187.132291,725.3546832,1187.131773,145.13483257890044,-37.90978091468443,native,False,True,E7,0,19.965299069417334,False,725.5830165995285,1187.1322910003364,725.5830165995285,1187.1322910003364,725.3546979793474,1187.12524767335,-37.90978093697991,145.1348299813376,0.2284272330008652,0.2284272330008652,,,,,2.2475000005215406,0.0,,,
727.7217225,1196.542365,725.3333424,1196.536946,145.13485903649152,-37.90969653185559,native,False,True,E7,0,29.367423149070756,False,727.7217224976048,1196.5423649987206,727.7217224976048,1196.5423649987206,725.3333642032915,1196.5273475493989,-37.90969623665824,145.13483187770416,2.388405506985647,2.388405506985647,,,,,2.1863000001758337,0.0,,,
727.8760272,1205.946002,725.3025015,1205.939414,145.13486293015615,-37.90961184934137,native,False,True,E0,0,2.9319139763563746,False,727.8760272015352,1205.9460019990802,727.8760272015352,1205.9460019990802,725.3024951253298,1205.941904371157,-37.909611422401355,145.134833668481,2.5735353383648722,2.5735353383648722,,,,,2.3060000385157764,0.0,,,
727.6913585,1214.755338,725.28,1214.73,145.13486283452923,-37.90953245934277,native,False,True,:9226568321_0,0,0.0,True,727.6913585009752,1214.7553380001336,727.6913585009752,1214.7553380001336,725.28,1214.73,-37.909532252972426,145.13483541194506,2.411491620237605,2.411491620237605,,,,,2.350799972191453,0.0,,,
726.5059775,1218.496322,724.747526,1217.445293,145.13485020794673,-37.909498545966585,native,False,True,:9226568321_0,0,2.7901483626617565,True,726.5059774988913,1218.496321999468,726.5059774988913,1218.496321999468,724.7479380719969,1217.444603610313,-37.90950770324133,145.13482998002692,2.0486127493017787,2.0486127493017787,,,,,2.1788000012747943,0.0,,,
725.9585812,1224.274734,727.1350569,1223.514927,145.1348452986645,-37.90944639391534,native,False,True,:9226568321_1,0,4.650433707326699,True,725.9585811993456,1224.2747339988127,725.9585811993456,1224.2747339988127,727.1348601988536,1223.5146222433864,-37.90945345320422,145.13485849986495,1.4005006838344767,1.4005006838344767,,,,,2.2594999754801393,0.0,,,
724.0085814,1224.370014,725.4163945,1221.713015,145.13482314913216,-37.909445184140516,native,False,True,:9226568321_1,0,7.218273726489253,True,724.0085814003833,1224.3700139988214,724.0085814003833,1224.3700139988214,725.4158971165001,1221.71275145725,-37.90946937508541,145.13483854559757,3.0069223035634653,3.0069223035634653,,,,,2.2874000133015215,0.0,,,
699.4878782,1221.703883,699.4718489,1220.620052,145.134543745799,-37.909464781339466,native,False,True,-11294993,0,20.291266707473344,False,699.4878782010055,1221.7038830006495,699.4878782010055,1221.7038830006495,699.4709520860023,1220.620065555042,-37.90947454158675,145.13454330675305,1.083949606195975,1.083949606195975,,,,,2.174300025217235,0.0,,,
689.2405191,1221.349407,689.231972,1220.771495,145.13442715418614,-37.90946612721436,native,False,True,-11294993,0,30.532715993447898,False,689.240519099636,1221.3494069995359,689.240519099636,1221.3494069995359,689.2306226739709,1220.7715152505555,-37.909471331223244,145.13442691017065,0.5779764811655936,0.5779764811655936,,,,,2.2276000236161053,0.0,,,
676.7248935,1223.630426,676.6808189,1220.971257,145.1342853724523,-37.909443322828245,native,False,True,11294993,0,17.42702358778766,False,676.7248934992822,1223.6304259998724,676.7248934992822,1223.6304259998724,676.7346284423805,1224.171079986348,-37.90943845423781,145.13428560616774,0.5407416224124177,0.5407416224124177,,,,,2.2618999937549233,0.0,,,
669.4719493,1223.153789,669.4377645,1221.091308,145.13420279911855,-37.9094463088063,native,False,True,11294993,0,10.182658154022434,False,669.4719493009616,1223.1537890005857,669.4719493009616,1223.1537890005857,669.4912586639266,1224.2911832357343,-37.90943606635809,145.1342032774987,1.1375581293487076,1.1375581293487076,,,,,2.337000041734427,0.0,,,
661.5176567,1223.511634,661.479727,1221.223209,145.13411244146783,-37.90944165104562,native,False,True,11294993,0,2.223174353605682,False,661.51765670022,1223.5116339996457,661.51765670022,1223.5116339996457,661.5328688036753,1224.423142325403,-37.90943344269558,145.13411282186817,0.9116352538248808,0.9116352538248808,,,,,2.0622999873012304,0.0,,,
647.6812683,1222.294521,647.666953,1221.448149,145.1339548468582,-37.90945012015541,native,False,True,-11294994,0,6.593608704499918,False,647.6812683009775,1222.2945210002363,647.6812683009775,1222.2945210002363,647.6672783696872,1221.4481436788387,-37.90945774200866,145.13395449515986,0.8464929346152765,0.8464929346152765,,,,,2.099199977237731,0.0,,,
635.7345897,1222.443792,635.7211671,1221.650196,145.13381904894257,-37.90944662111878,native,False,True,-11294994,0,18.54051366359876,False,635.7345896997722,1222.4437920013443,635.7345896997722,1222.4437920013443,635.7220818865377,1221.6501810038371,-37.9094537679065,145.1338187260922,0.7937095569263176,0.7937095569263176,,,,,2.138500043656677,0.0,,,
628.3073766,1223.781186,628.2734643,1221.776165,145.13373490711035,-37.909433234102764,native,False,True,11294994,0,111.4833185621631,False,628.3073765995214,1223.781186000444,628.3073765995214,1223.781186000444,628.3301983497573,1224.976219836107,-37.909422473059884,145.13373543861073,1.19525173108568,1.19525173108568,,,,,2.1409000037238,0.0,,,
621.6715909,1224.174766,621.6329214,1221.888481,145.13365954886856,-37.90942849187275,native,False,True,11294994,0,104.84167045008245,False,621.6715908980696,1224.1747660003603,621.6715908980696,1224.1747660003603,621.6895000314602,1225.0885385347774,-37.90942026361537,145.13365996049922,0.9139480191531365,0.9139480191531365,,,,,2.0921999821439385,0.0,,,
611.8931419,1224.301407,611.8551276,1222.053859,145.1335483982923,-37.909425587427336,native,False,True,11294994,0,95.0622493066551,False,611.8931418997236,1224.3014070009813,611.8931418997236,1224.3014070009813,611.9114774013616,1225.2539209576405,-37.909417010255325,145.1335488236025,0.9526904157442452,0.9526904157442452,,,,,2.078999998047948,0.0,,,
601.1625045,1223.473858,601.1415519,1222.235065,145.13342620426639,-37.90943110670212,native,False,True,-11294994,0,53.12336797256803,False,601.1625044991961,1223.4738579997793,601.1625044991961,1223.4738579997793,601.1441731241387,1222.235020960237,-37.90944226314232,145.13342571380335,1.2389726590418324,1.2389726590418324,,,,,2.36030004452914,0.0,,,
593.4147238,1222.97243,593.4044656,1222.365928,145.13333799908074,-37.909434226138984,native,False,True,-11294994,0,60.86117906251726,False,593.4147237997386,1222.9724300000817,593.4147237997386,1222.9724300000817,593.4074685855676,1222.3658771660332,-37.909439688806096,145.13333777849354,0.6065962237146431,0.6065962237146431,,,,,2.2748999763280153,0.0,,,
587.4162457,1224.687147,587.3786769,1222.467906,145.13327018775857,-37.909417697496494,native,False,True,1000438539,0,7.543812209659983,False,587.4162457010243,1224.6871470008045,587.4162457010243,1224.6871470008045,588.0277834967126,1224.693364176626,-37.909417751806544,145.13327714225906,0.611569398212872,0.611569398212872,,,,,2.2299999836832285,0.0,,,
571.3463292,1224.501005,571.3209014,1222.707262,145.1330874330573,-37.90941647529387,native,False,True,11294994,0,54.51302010046688,False,571.3463292004308,1224.5010050004348,571.3463292004308,1224.5010050004348,571.3675419566543,1225.9071932211275,-37.90940381183615,145.13308799443854,1.4063482118740924,1.4063482118740924,,,,,2.165399957448244,0.0,,,
562.0878347,1223.363308,562.0803917,1222.838254,145.13298190642865,-37.90942505358151,native,False,True,-11294994,0,92.18729410040021,False,562.0878346998943,1223.3633080003783,562.0878346998943,1223.3633080003783,562.084940458044,1222.8381896541914,-37.9094297834525,145.1329817539428,0.5251263220768442,0.5251263220768442,,,,,2.30529997497797,0.0,,,
550.0817973,1223.51306,550.0746439,1223.008446,145.13284543386197,-37.9094215383808,native,False,True,-11294994,0,104.19365550179798,False,550.081797299441,1223.5130599997938,550.081797299441,1223.5130599997938,550.0797852407998,1223.0083728227062,-37.90942608436166,145.13284529605056,0.5046911878531422,0.5046911878531422,,,,,2.2438999731093645,0.0,,,
542.4814669,1225.4309,542.4486591,1223.11655,145.13275945614268,-37.9094028906388,native,False,True,11294994,0,25.637200035858946,False,542.4814668993931,1225.4309000000358,542.4814668993931,1225.4309000000358,542.4946236922902,1226.316552846595,-37.90939491483856,145.13275980743586,0.8857505663660313,0.8857505663660313,,,,,2.175400033593178,0.0,,,
530.0951917,1223.84098,530.0874063,1223.291782,145.13261826416823,-37.909414977949204,native,False,True,-11294994,0,124.1819148910923,False,530.0951917001512,1223.840980000794,530.0951917001512,1223.840980000794,530.0935339138088,1223.2916947386673,-37.90941992574363,145.13261812021312,0.5492877637860778,0.5492877637860778,,,,,2.578600018750876,0.0,,,
521.3714493,1223.23833,521.3739581,1223.415302,145.13251893941668,-37.90941883248653,native,False,True,-11294994,0,132.89580865725017,False,521.3714492997387,1223.2383300000802,521.3714492997387,1223.2383300000802,521.3805155636261,1223.4152090992338,-37.909417240753335,145.13251908278707,0.17711130076391937,0.17711130076391937,,,,,2.205600030720234,0.0,,,
513.1443258,1224.430901,513.0866,1224.060888,145.13242567005713,-37.90940660478588,native,False,True,:100383254_0,0,3.293021749166499,True,513.1443258001236,1224.4309010012075,513.1443258001236,1224.4309010012075,513.5563633413385,1223.0930184923477,-37.9094187311131,145.13243005010435,1.3998944756243081,1.3998944756243081,,,,,2.132599998731166,0.0,,,
507.0588925,1232.091763,508.3542546,1232.199983,145.13235822481306,-37.90933649563473,native,False,True,:100383254_1,0,13.9488559971739,True,507.0588924982585,1232.091763000004,507.0588924982585,1232.091763000004,508.355105540355,1232.189797319993,-37.90933584645655,145.13237298485146,1.2999149889114892,1.2999149889114892,,,,,2.2974000312387943,0.0,,,
509.4046489,1242.891108,508.9215485,1242.919297,145.13238735561256,-37.90923963590851,native,False,True,310292423,0,10.327184048193251,False,509.40464890020667,1242.8911080015823,509.40464890020667,1242.8911080015823,508.9215690070749,1242.9196481557317,-37.909239291627564,145.13238186959015,0.48392222882100455,0.48392222882100455,,,,,2.821899950504303,0.0,,,
508.2870912,1254.578535,509.5974049,1254.502078,145.13237731147603,-37.90913415107617,native,False,True,310292423,0,21.930061794161457,False,508.28709120093845,1254.5785350007936,508.28709120093845,1254.5785350007936,509.5974484735665,1254.5028238400878,-37.90913506958808,145.13239219271372,1.3125427085564187,1.3125427085564187,,,,,2.1304000401869416,0.0,,,
509.1746692,1266.055512,510.2678271,1265.991726,145.1323900173584,-37.90903092390455,native,False,True,310292423,0,33.43964491279964,False,509.1746691968292,1266.0555119998753,509.1746691968292,1266.0555119998753,510.26789343283264,1265.992863314408,-37.90903168555768,145.1324024327979,1.095017848245446,1.095017848245446,,,,,2.3674999829381704,0.0,,,
515.705781,1277.538452,515.9707484,1277.244538,145.1324668901605,-37.90892866150155,native,False,True,63906910#0,0,0.7683985917830946,False,515.7057810032275,1277.5384520012885,515.7057810032275,1277.5384520012885,515.9707160035705,1277.244509124431,-37.90893135722154,145.13246983545375,0.3957182953339719,0.3957182953339719,,,,,3.1489000539295375,0.0,,,
529.8902091,1277.034165,529.8942374,1277.855375,145.1326280488079,-37.90893576395031,native,False,True,63906910#0,0,14.950760882190368,False,529.8902091007913,1277.0341649986804,529.8902091007913,1277.0341649986804,529.8933854627339,1277.8553793284939,-37.90892836682689,145.13262827195953,0.8212204726906619,0.8212204726906619,,,,,2.25650001084432,0.0,,,
536.7816661,1278.172637,531.1330572,1278.924608,145.1327066622962,-37.9089267518667,native,False,True,-63906910#0,0,61.548995328423366,False,536.7816660992103,1278.1726369988173,536.7816660992103,1278.1726369988173,534.3063226695605,1278.5050893412658,-37.90892331039212,145.13267859395782,2.497568748745451,2.497568748745451,,,,,2.112500020302832,0.0,,,
534.2652591,1303.832253,534.4456897,1303.808233,145.13268389532098,-37.90869514977643,native,False,True,63906910#0,0,42.232224228085165,False,534.2652590998914,1303.8322529997677,534.2652590998914,1303.8322529997677,534.4453721976896,1303.805847494382,-37.9086954201441,145.132685937143,0.18203839900727378,0.18203839900727378,,,,,2.507800003513694,0.0,,,
536.279163,1315.572535,536.0164681,1315.607507,145.13270946663556,-37.90858975387339,native,False,True,63906910#0,0,54.13491477426633,False,536.2791629994172,1315.5725349998102,536.2791629994172,1315.5725349998102,536.0160609198166,1315.6044482239743,-37.9085894189166,145.1327064825104,0.2650304853534656,0.2650304853534656,,,,,2.764900040347129,0.0,,,
536.9007279,1326.917798,537.5014935,1326.844398,145.13271911744627,-37.90848766515421,native,False,True,63906910#0,0,65.46891622030796,False,536.900727899163,1326.9177980003878,536.900727899163,1326.9177980003878,537.5010410043768,1326.8406943075624,-37.90848846804372,145.1327259252606,0.6052444165283413,0.6052444165283413,,,,,2.1900999709032476,0.0,,,
540.0240194,1338.869703,539.8687462,1338.935543,145.13275735019653,-37.908380563060376,native,False,True,63906910#0,0,77.8714441318049,False,540.0240194002981,1338.8697030004114,540.0240194002981,1338.8697030004114,539.8670138310288,1338.9314576181762,-37.90837997843022,145.1327555791582,0.16871390457478838,0.16871390457478838,,,,,2.6304000057280064,0.0,,,
543.4999511,1342.565006,542.8702765,1343.267768,145.1327977119443,-37.90834790205289,native,False,True,:9237664398_1,0,2.573171575931062,True,543.4999511006754,1342.5650059999898,543.4999511006754,1342.5650059999898,542.871464082948,1343.2688318183216,-37.90834144841927,145.13279072653867,0.9435924512215205,0.9435924512215205,,,,,2.119300013873726,0.0,,,
546.1168119,1347.233256,546.8544496,1346.047361,145.1328285278752,-37.90830632148605,native,False,True,:9237664398_1,0,7.450366722174467,True,546.1168119002832,1347.2332560010254,546.1168119002832,1347.2332560010254,546.858370069933,1346.04979956503,-37.90831711614791,145.13283668963751,1.3965950217844931,1.3965950217844931,,,,,2.1317999926395714,0.0,,,
555.4482429,1350.779773,555.5769266,1348.006417,145.1329354306973,-37.908276057214835,native,False,True,63906910#1,0,8.208466711236891,False,555.4482428980409,1350.7797730006278,555.4482428980409,1350.7797730006278,555.578202761456,1348.0064766081316,-37.90830106319149,145.1329362767783,2.7763397570778396,2.7763397570778396,,,,,2.118100004736334,0.0,,,
567.4114536,1349.423539,567.4417827,1348.445096,145.13307113951973,-37.9082904328147,native,False,True,63906910#1,0,20.083611317538903,False,567.4114535998087,1349.423538999632,567.4114535998087,1349.423538999632,567.4449069456974,1348.4451925333572,-37.90829925203383,145.13307129710586,0.978918247058262,0.978918247058262,,,,,2.2308999905362725,0.0,,,
575.8258606,1349.592048,575.5980931,1350.598463,145.13316684685478,-37.908290432815114,native,False,True,:26582424_3,0,1.2920105075709516,True,575.8258605999872,1349.5920480005443,575.8258605999872,1349.5920480005443,575.0907973034906,1350.8727321029496,-37.908278763495964,145.133158781028,1.4766413985833298,1.4766413985833298,,,,,2.2200000239536166,0.0,,,
577.5166641,1352.228443,576.9988867,1350.356478,145.1331866709839,-37.90826698853727,native,False,True,:26582424_3,0,4.049657708559041,True,577.5166641003452,1352.2284429995343,577.5166641003452,1352.2284429995343,577.3604669130243,1352.428014593383,-37.90826516257033,145.13318494051427,0.25342924534926614,0.25342924534926614,,,,,2.5350000360049307,0.0,,,
588.1666384,1341.176154,586.8998709,1340.028893,145.13330524130353,-37.90836847140645,native,False,True,:9237664411_w0,0,2.2583041136722217,True,588.1666383983102,1341.1761539997533,588.1666383983102,1341.1761539997533,585.7669048280604,1347.0177705935416,-37.90831541581548,145.13327928708813,6.315315165295136,6.315315165295136,,,,,2.0674000261351466,0.0,,,
596.2341539,1334.891626,595.2545432,1333.181134,145.13339553561295,-37.90842653919188,native,False,True,4577074#2,0,6.321884639368366,False,596.2341538998298,1334.8916260004044,596.2341538998298,1334.8916260004044,595.2549960385095,1333.1808747519947,-37.90844177344303,145.1333840134258,1.9711468619361439,1.9711468619361439,,,,,2.078199991956353,0.0,,,
607.0798435,1331.053967,607.1041432,1329.917665,145.13351797407358,-37.90846306599856,native,False,True,4577074#2,0,18.898749302837643,False,607.0798435010947,1331.0539669999853,607.0798435010947,1331.0539669999853,607.1057025732287,1329.9176983238674,-37.908473306450674,145.1335180094179,1.1365628869263265,1.1365628869263265,,,,,2.073699957691133,0.0,,,
613.9119401,1332.060595,613.8916655,1330.058667,145.13359588205077,-37.90845523028068,native,False,True,4577074#2,0,25.688360399197858,False,613.9119401007192,1332.060595001094,613.9119401007192,1332.060595001094,613.893785427104,1330.0586450838214,-37.908473261065105,145.13359521992373,2.0020322333674145,2.0020322333674145,,,,,2.081999962683767,0.0,,,
621.800886,1331.590248,621.7845654,1329.978731,145.1336854698677,-37.90846089006715,native,False,True,4577074#2,0,33.58231644512925,False,621.8008859992842,1331.5902479998767,621.8008859992842,1331.5902479998767,621.7873366748662,1329.97870289189,-37.90847540482019,145.1336849489894,1.6116020660412187,1.6116020660412187,,,,,2.092400041874498,0.0,,,
632.2841424,1330.965214,632.273076,1329.872508,145.1338045190092,-37.90846841109546,native,False,True,4577074#2,0,44.07223071581407,False,632.2841423990903,1330.9652139991522,632.2841423990903,1330.9652139991522,632.2767130279253,1329.8724713984418,-37.908478253451754,145.13380418582074,1.0927678559342755,1.0927678559342755,,,,,2.149700012523681,0.0,,,
641.7599075,1330.08593,641.7327295,1329.698025,145.13391205544363,-37.90847804067523,native,False,True,4577074#2,0,53.53630114210964,False,641.759907499305,1330.0859300000593,641.759907499305,1330.0859300000593,641.7371369460519,1329.6977165197034,-37.90848153369254,145.13391170819327,0.3888807071911963,0.3888807071911963,,,,,2.425300015602261,0.0,,,
653.1914125,1328.119874,652.9590954,1327.349523,145.13404158075502,-37.90849781271761,native,False,True,4577074#2,0,65.05367518352713,False,653.1914124996401,1328.1198740005493,653.1914124996401,1328.1198740005493,652.9642355583268,1327.3479725191617,-37.908504725235275,145.13403882215093,0.8046373466555944,0.8046373466555944,,,,,2.1106000058352947,0.0,,,
664.9830615,1325.106695,664.6006794,1323.838736,145.1341749625838,-37.90852708229857,native,False,True,4577074#2,0,77.21412371326319,False,664.9830614971579,1325.1066950010136,664.9830614971579,1325.1066950010136,664.606780536992,1323.836896492625,-37.90853845311674,145.13417039541767,1.3243774435141102,1.3243774435141102,,,,,2.11119995219633,0.0,,,
675.9872792,1321.478352,675.6905274,1320.494339,145.13429925167736,-37.90856175131771,native,False,True,4577074#2,0,88.79824522252486,False,675.9872792011593,1321.4783520000055,675.9872792011593,1321.4783520000055,675.6975437913329,1320.4922228796252,-37.9085705823795,145.13429573307505,1.0278118746976133,1.0278118746976133,,,,,2.134000009391457,0.0,,,
686.9851517,1317.960237,686.7167492,1317.112809,145.13442349382998,-37.908595426103034,native,False,True,4577074#2,0,100.33254026393598,False,686.985151700268,1317.9602370001376,686.985151700268,1317.9602370001376,686.7246430730302,1317.1103087775812,-37.908603035505905,145.1344203385315,0.8889559766170879,0.8889559766170879,,,,,2.099699981044978,0.0,,,
696.4741185,1315.859614,695.7424255,1314.103874,145.13453090277096,-37.908616059632095,native,False,True,4577074#2,0,109.85258091076149,False,696.4741184993181,1315.8596139997244,696.4741184993181,1315.8596139997244,695.7507940119834,1314.100386672099,-37.90863177680248,145.13452227850757,1.9021248918623248,1.9021248918623248,,,,,2.0280000171624124,0.0,,,
709.7516888,1306.701494,709.1198669,1306.364074,145.1346797815466,-37.90870095168637,native,False,True,4577074#2,0,125.55473065529343,False,709.7516887993552,1306.701494000852,709.7516887993552,1306.701494000852,709.1247480050694,1306.354934014412,-37.9087039605783,145.1346725745511,0.7163508803240702,0.7163508803240702,,,,,2.1243999944999814,0.0,,,
711.4656255,1296.617364,712.4024921,1296.633277,145.13469697438478,-37.9087921010092,native,False,True,405414870#0,0,4.601895300081954,False,711.4656254997244,1296.617364000529,711.4656254997244,1296.617364000529,712.4024985369196,1296.6328986388603,-37.908792129941055,145.13470762993106,0.937001821135547,0.937001821135547,,,,,2.235999971162528,0.0,,,
712.5467599,1285.935521,712.459598,1285.935811,145.13470683646656,-37.908888520615854,native,False,True,405414870#0,0,15.300932677986404,False,712.5467599005206,1285.935521000065,712.5467599005206,1285.935521000065,712.4595938580978,1285.9345533347469,-37.9088885136211,145.13470584518902,0.08717141347831703,0.08717141347831703,,,,,2.0938999950885773,0.0,,,
713.3845928,1276.175214,711.9704438,1276.275317,145.13471414193654,-37.90897659493757,native,False,True,405414870#0,0,24.9791901448114,False,713.3845928009832,1276.1752140000463,713.3845928009832,1276.1752140000463,711.9702988023765,1276.2732687954772,-37.90897545670764,145.13469808403534,1.4176890552592676,1.4176890552592676,,,,,2.0730000105686486,0.0,,,
714.941501,1266.359988,712.6818887,1265.315835,145.134729610662,-37.90906529359502,native,False,True,:cluster_26582434_9215816595_0,0,9.037099973125953,True,714.9415010010125,1266.3599880011752,714.9415010010125,1266.3599880011752,712.6822761622041,1265.3149961177303,-37.90907429991906,145.1347036860048,2.4891976435700847,2.4891976435700847,,,,,2.09060002816841,0.0,,,
717.9600232,1259.827657,716.0612726,1258.812588,145.13476244454094,-37.90912468255735,native,False,True,:588090419_0,0,2.378315057767321,True,717.9600231994409,1259.827657001093,717.9600231994409,1259.827657001093,716.061272008724,1258.8125893114475,-37.90913348429821,145.13474062518833,2.1530486522164733,2.1530486522164733,,,,,2.1122999605722725,0.0,,,
721.5383195,1252.138904,720.0531771,1251.345249,145.13480137991772,-37.909194589747074,native,False,True,405414870#3,0,0.685545613123638,False,721.5383194998722,1252.1389040006325,721.5383194998722,1252.1389040006325,720.053110199531,1251.3453740109521,-37.909201470365886,145.13478431284167,1.6839051369782834,1.6839051369782834,,,,,2.168599981814623,0.0,,,
723.7494414,1246.428928,722.9179115,1245.984561,145.13482522098974,-37.9092464251844,native,False,True,405414870#3,0,6.762416795442149,False,723.7494414009852,1246.4289279989898,723.7494414009852,1246.4289279989898,722.9172508528377,1245.9857973779924,-37.90925026702188,145.1348156583236,0.9428180395450898,0.9428180395450898,,,,,2.1665000240318477,0.0,,,
725.2766641,1242.081372,725.0643857,1241.967931,145.134841596214,-37.9092858643298,native,False,True,405414870#3,0,11.31566530805325,False,725.2766640994232,1242.081372000277,725.2766640994232,1242.081372000277,725.0632802449898,1241.969999840066,-37.909286829138146,145.13483914474045,0.2406998699686794,0.2406998699686794,,,,,2.3006999981589615,0.0,,,
728.2778641,1232.363302,727.9010508,1232.306834,145.13487350861175,-37.909373948080955,native,False,True,:588090556_0,0,10.070551082394962,True,728.2778640998295,1232.363301999867,728.2778640998295,1232.363301999867,727.9006324128987,1232.3096260139257,-37.90937436361685,145.13486920733706,0.38103130723256506,0.38103130723256506,,,,,2.175199973862618,0.0,,,
726.8981161,1236.810886,727.0232343,1236.845144,145.13485883287078,-37.90933363444266,native,False,True,:588090556_0,0,5.441960018324278,True,726.8981161009287,1236.8108860012144,726.8981161009287,1236.8108860012144,727.0228313811581,1236.8466158253354,-37.90933333505777,145.13486025899095,0.12973249960747893,0.12973249960747893,,,,,2.1521999733522534,0.0,,,
706.8863259,1221.61327,706.8700185,1220.510637,145.13462784444374,-37.90946693128084,native,False,True,-11294993,0,12.89196098602673,False,706.8863258995116,1221.6132699996233,706.8863258995116,1221.6132699996233,706.8694487139854,1220.5106452408625,-37.909476860958534,145.1346274016862,1.1027539154424633,1.1027539154424633,,,,,2.088799956254661,0.0,,,
700.6271128,1221.689931,700.6110407,1220.603204,145.1345566955538,-37.909465112389924,native,False,True,-11294993,0,19.151899999807934,False,700.62711280043,1221.6899310005829,700.62711280043,1221.6899310005829,700.610194207093,1220.603216695458,-37.909474898734295,145.134556255936,1.086845996341439,1.086845996341439,,,,,2.0867999992333353,0.0,,,
690.1642921,1221.818065,690.1486133,1220.757939,145.13443776398702,-37.90946207196325,native,False,True,-11294993,0,29.61593395689721,False,690.1642921022722,1221.818065000698,690.1642921022722,1221.818065000698,690.1473044629603,1220.7579579544727,-37.90947161860948,145.1344373296227,1.0602431463329278,1.0602431463329278,,,,,2.098499971907586,0.0,,,
682.0441876,1221.9175,682.0270353,1220.882646,145.13434546223664,-37.90945971230999,native,False,True,-11294993,0,37.73883117630835,False,682.0441876003752,1221.9175000013784,682.0441876003752,1221.9175000013784,682.025367515399,1220.8826734665956,-37.90946903089206,145.1343450127784,1.0349976583011813,1.0349976583011813,,,,,2.0502000115811825,0.0,,,
669.150472,1223.153314,669.1163834,1221.096635,145.13419914386265,-37.909446255122376,native,False,True,11294993,0,9.861218706515299,False,669.1504720010562,1223.1533139999956,669.1504720010562,1223.1533139999956,669.1698633946013,1224.2965123321858,-37.90943596040425,145.1341996244968,1.1433627827011272,1.1433627827011272,,,,,2.215399988926947,0.0,,,
658.4045439,1223.489343,658.3691025,1221.274254,145.1340770407821,-37.90944129051766,native,False,True,:664323249_1,0,4.110302173765349,True,658.4045438991161,1223.4893429996446,658.4045438991161,1223.4893429996446,658.4197761560803,1224.4742435815028,-37.909432421035866,145.1340774381184,0.9850183641927457,0.9850183641927457,,,,,2.1501999581232667,0.0,,,
648.7117446,1223.967317,648.6688496,1221.431203,145.13396694394007,-37.90943523701606,native,False,True,11294994,0,131.8820982844221,False,648.7117445998592,1223.9673169991001,648.7117445998592,1223.9673169991001,648.726060929487,1224.631250582361,-37.90942925871985,145.13396725782425,0.6640879160740344,0.6640879160740344,,,,,2.097400021739304,0.0,,,
638.871186,1223.634478,638.8367332,1221.597501,145.13385498257017,-37.90943646076913,native,False,True,11294994,0,122.04834554136998,False,638.8711860014009,1223.6344779999927,638.8711860014009,1223.6344779999927,638.893714469494,1224.7975518215273,-37.90942598757605,145.13385550344407,1.1632919866542126,1.1632919866542126,,,,,2.0807000109925866,0.0,,,
631.7368793,1223.305749,631.7100253,1221.71804,145.13377379179613,-37.90943813544853,native,False,True,-11294994,0,22.552031192595468,False,631.7368793000933,1223.3057490009815,631.7368793000933,1223.3057490009815,631.7111380275619,1221.7180208563777,-37.90945243345214,145.13377313772096,1.5879367979482977,1.5879367979482977,,,,,2.1229999838396907,0.0,,,
620.5731795,1224.1306,620.5355709,1221.907041,145.1336470500518,-37.90942869162767,native,False,True,11294994,0,103.74413734887786,False,620.5731794992462,1224.1306000007316,620.5731794992462,1224.1306000007316,620.5921238837857,1225.1070992124278,-37.909419898499756,145.1336474877334,0.976682957846996,0.976682957846996,,,,,2.0839000353589654,0.0,,,
614.6769853,1222.706861,614.6651367,1222.006332,145.13357968715613,-37.90944045359073,native,False,True,-11294994,0,39.598516357201724,False,614.6769852999132,1222.706861000508,614.6769852999132,1222.706861000508,614.667090608131,1222.0062985546665,-37.90944676264433,145.13357941517546,0.7006323183018224,0.7006323183018224,,,,,2.0560999982990324,0.0,,,
597.9896941,1223.894351,597.9625389,1222.288834,145.1333902256533,-37.909426746493224,native,False,True,11294994,0,81.16734844211409,False,597.9896940991748,1223.8943510008976,597.9896940991748,1223.8943510008976,598.0185635873601,1225.488901365654,-37.90941238760165,145.1333909169226,1.5948116857777324,1.5948116857777324,,,,,2.1436999668367207,0.0,,,
590.0937314,1224.671235,590.0556648,1222.422589,145.13330062671167,-37.90941832382687,native,False,True,11294994,0,73.25916713783792,False,590.0937314004404,1224.6712350007147,590.0937314004404,1224.6712350007147,590.1115126133027,1225.6226041295702,-37.90940975686939,145.1333010454877,0.9515352809381965,0.9515352809381965,,,,,2.7269000420346856,0.0,,,
579.9361089,1224.715529,579.9059148,1222.585562,145.13318514628867,-37.90941609244219,native,False,True,11294994,0,63.09909631302428,False,579.93610889907,1224.7155290003866,579.93610889907,1224.7155290003866,579.952755333871,1225.7854722471518,-37.9094064571363,145.1331855791743,1.0700727335513485,1.0700727335513485,,,,,2.149100007954985,0.0,,,
571.0061391,1224.939701,570.974562,1222.712172,145.13308366504523,-37.909412462040464,native,False,True,11294994,0,54.16663688268695,False,571.0061390998308,1224.9397010011598,571.0061390998308,1224.9397010011598,571.0211935477528,1225.9121037415553,-37.90940370511662,145.13308405763297,0.9725192676398442,0.9725192676398442,,,,,2.1856999956071377,0.0,,,
559.3527669,1223.397423,559.3453898,1222.877025,145.1329508169251,-37.90942425280254,native,False,True,-11294994,0,94.92243571447857,False,559.3527669005562,1223.397423000075,559.3527669005562,1223.397423000075,559.3500736220072,1222.8769586909261,-37.90942894078501,145.132950667782,0.5204712776389028,0.5204712776389028,,,,,2.0971999620087445,0.0,,,
547.3520755,1224.861407,547.3263605,1223.047405,145.13281470444667,-37.90940889961157,native,False,True,11294994,0,30.515506789158113,False,547.3520755006466,1224.8614069977775,547.3520755006466,1224.8614069977775,547.3724402128724,1226.2473952669668,-37.9093964179694,145.13281525163208,1.3861378733135992,1.3861378733135992,,,,,2.0846000406891108,0.0,,,
535.6991098,1225.376456,535.6684363,1223.212666,145.13268232948937,-37.909402157245744,native,False,True,11294994,0,18.85613764760618,False,535.6991097988794,1225.3764559999108,535.6991097988794,1225.3764559999108,535.7142427492206,1226.4126849444303,-37.90939282537683,145.13268273755372,1.0363394384303064,1.0363394384303064,,,,,2.044699969701469,0.0,,,
524.5302938,1225.130849,524.5053452,1223.370912,145.1325552860074,-37.909402354273226,native,False,True,11294994,0,7.691664619985966,False,524.5302938017994,1225.1308489991352,524.5302938017994,1225.1308489991352,524.550891666206,1226.5709587003585,-37.909389385136635,145.13255584821465,1.4402569991412886,1.4402569991412886,,,,,2.529699995648116,0.0,,,
515.7750314,1225.534144,515.4867702,1223.686437,145.13245583203062,-37.909397141275946,native,False,True,:100383254_2,0,8.147557282632865,True,515.7750313967699,1225.5341440010816,515.7750313967699,1225.5341440010816,515.9813309307609,1226.8193011939038,-37.90938560150306,145.1324584703557,1.301609967689095,1.301609967689095,,,,,2.204699965659529,0.0,,,
509.1019043,1224.977098,510.18,1225.82,145.13237983283278,-37.90940095495651,native,False,True,:100383254_1,0,7.1755929454356755,True,509.1019043009728,1224.9770979993045,509.1019043009728,1224.9770979993045,510.1844366868718,1225.8171781366586,-37.90939358268561,145.1323923324018,1.370259465830098,1.370259465830098,,,,,2.1168000530451536,0.0,,,
509.1524885,1243.660553,508.9654378,1243.671468,145.13238466386943,-37.90923265905492,native,False,True,310292423,0,11.08065957159305,False,509.15248850081116,1243.6605530008674,509.15248850081116,1243.6605530008674,508.9654597250433,1243.671844253328,-37.90923252358637,145.1323825399612,0.1873693020410792,0.1873693020410792,,,,,2.0911000319756567,0.0,,,
509.4475381,1253.316124,509.5279307,1253.311433,145.13239021794917,-37.90914573260932,native,False,True,310292423,0,20.737350993826706,False,509.4475380994845,1253.3161239996552,509.4475380994845,1253.3161239996552,509.5279718525886,1253.3121383012603,-37.909145783029736,145.13239113155612,0.08053244333873694,0.08053244333873694,,,,,2.1223000367172062,0.0,,,
507.9509424,1264.460007,510.1708928,1264.330472,145.13237574042662,-37.90904507574316,native,False,True,310292423,0,31.775509108566876,False,507.9509423993295,1264.4600069997832,507.9509423993295,1264.4600069997832,510.1709558244083,1264.3315532665836,-37.90904663354209,145.13240095221727,2.223726594953373,2.223726594953373,,,,,2.077799988910556,0.0,,,
508.0175776,1266.363277,510.281798,1266.231159,145.13237693159653,-37.909027942657126,native,False,True,310292423,0,33.679493722034806,False,508.0175776029937,1266.3632769994438,508.0175776029937,1266.3632769994438,510.28186487067535,1266.232304852609,-37.90902953113239,145.1324026461912,2.2680719860338923,2.2680719860338923,,,,,2.09210003959015,0.0,,,
