gps_x,gps_y,gt_x,gt_y,lon,lat,method,kalman,matched,edge_id,lane_index,lane_pos,is_internal_edge,raw_x,raw_y,filt_x,filt_y,matched_x,matched_y,matched_lat,matched_lon,match_error_raw_m,match_error_filt_m,raw_dist,score,components,window_len,match_ms,phone_speed_mps,phone_course_deg,accuracy_m,unmatched_reason
473.7291117,1267.162459,476.93,1284.79,145.13198726173027,-37.90901455454441,fuzzy,False,True,28533357#0,0,,False,473.72911169938743,1267.162459000945,473.72911169938743,1267.162459000945,479.12,1271.94,-37.908972490431125,145.13204964333025,7.2032336257636835,7.2032336257636835,7.2032336257636835,30.04846173177289,short=0.001 small=0.500 angle_diff=45.000 mode=confirmed,,13.280800019856542,0.0,,,
473.0268462,1272.159309,476.93,1284.79,145.1319804155997,-37.90896941496369,fuzzy,False,True,28533357#0,0,,False,473.02684620110085,1272.1593089997768,473.02684620110085,1272.1593089997768,478.7409522515944,1273.525440101504,-37.90895813998841,145.13204569485606,5.875144435960158,5.875144435960158,5.875144435960158,10.179809554948353,short=0.004 small=0.000 angle_diff=174.554 mode=following,,0.03980001201853156,0.0,,,
471.7866339,1275.069598,476.93,1284.79,145.1319669777577,-37.90894297451234,fuzzy,False,True,28533357#0,0,,False,471.78663390059955,1275.069597998634,471.78663390059955,1275.069597998634,478.08,1276.29,-37.908933116867765,145.13203880983528,6.41060355239822,6.41060355239822,6.41060355239822,10.076535434566198,short=0.002 small=0.000 angle_diff=170.365 mode=following,,0.016600009985268116,0.0,,,
477.7709816,1282.304613,476.93,1284.79,145.1320366666742,-37.90887888002193,fuzzy,False,True,28533357#0,0,,False,477.7709816005081,1282.3046129988506,477.7709816005081,1282.3046129988506,478.08,1276.29,-37.908933116867765,145.13203880983528,6.022546130762977,6.022546130762977,6.022546130762977,10.14216671594913,short=0.004 small=0.000 angle_diff=126.959 mode=following,,0.013100041542202234,0.0,,,
475.7362837,1288.214475,477.3118565,1288.028709,145.1320148791262,-37.9088252752965,fuzzy,False,True,28533357#0,0,,False,475.7362836992834,1288.2144750002772,475.7362836992834,1288.2144750002772,478.08,1276.29,-37.908933116867765,145.13203880983528,12.152617418913533,12.152617418913533,12.152617418913533,10.00000784755443,short=0.000 small=0.000 angle_diff=174.448 mode=following,,0.011399970389902592,0.0,,,
478.0171809,1294.462773,478.0697274,1294.456577,145.1320422358616,-37.90876940086211,fuzzy,False,True,28533357#0,0,,False,478.01718090078793,1294.4627729998901,478.01718090078793,1294.4627729998901,478.08,1276.29,-37.908933116867765,145.13203880983528,18.172881575159277,18.172881575159277,18.172881575159277,10.000000000514548,short=0.000 small=0.000 angle_diff=146.500 mode=following,,0.010599964298307896,0.0,,,
479.4925256,1302.843308,479.064506,1302.893773,145.1320609194223,-37.9086941733143,fuzzy,False,True,28533357#0,0,,False,479.49252560094465,1302.843307999894,479.49252560094465,1302.843307999894,478.08,1276.29,-37.908933116867765,145.13203880983528,26.590851703368998,26.590851703368998,26.590851703368998,10.000000000000002,short=0.000 small=0.000 angle_diff=156.570 mode=following,,0.010699965059757233,0.0,,,
480.8408586,1312.132408,480.1834854,1312.212917,145.13207836584652,-37.908610738265224,fuzzy,False,True,28533357#0,0,,False,480.84085859777406,1312.1324079986662,480.84085859777406,1312.1324079986662,478.08,1276.29,-37.908933116867765,145.13203880983528,35.948582049084415,35.948582049084415,35.948582049084415,10.0,short=0.000 small=0.000 angle_diff=158.295 mode=following,,0.010500021744519472,0.0,,,
482.7968747,1319.726018,481.1286354,1319.930327,145.1321023351348,-37.908542686277684,fuzzy,False,True,28533357#0,0,,False,482.7968747005798,1319.726018000394,482.7968747005798,1319.726018000394,478.08,1276.29,-37.908933116867765,145.13203880983528,43.69137863093283,43.69137863093283,43.69137863093283,10.0,short=0.000 small=0.000 angle_diff=152.109 mode=following,,0.010300020221620798,0.0,,,
484.386391,1329.440501,482.3242743,1329.693048,145.1321226205554,-37.908455462799694,fuzzy,False,True,28533357#0,0,,False,484.3863910001237,1329.4405010007322,484.3863910001237,1329.4405010007322,478.08,1276.29,-37.908933116867765,145.13203880983528,53.523325046892204,53.523325046892204,53.523325046892204,10.0,short=0.000 small=0.000 angle_diff=157.262 mode=following,,0.009500014130026102,0.0,,,
485.8438453,1338.927075,483.4904622,1339.215293,145.13214135250252,-37.908370268537865,fuzzy,False,True,28533357#0,0,,False,485.84384530066745,1338.9270750004798,485.84384530066745,1338.9270750004798,478.08,1276.29,-37.908933116867765,145.13203880983528,63.116404036260136,63.116404036260136,63.116404036260136,10.0,short=0.000 small=0.000 angle_diff=157.820 mode=following,,0.009999959729611874,0.0,,,
488.5022528,1349.223895,484.7721613,1349.680719,145.1321739234061,-37.90827799214462,fuzzy,False,True,28533357#0,0,,False,488.5022527994006,1349.2238949993625,488.5022527994006,1349.2238949993625,478.08,1276.29,-37.908933116867765,145.13203880983528,73.67480161624229,73.67480161624229,73.67480161624229,10.0,short=0.000 small=0.000 angle_diff=152.078 mode=following,,0.010399962775409222,0.0,,,
492.4236756,1357.199581,485.78,1357.91,145.1322203254982,-37.90820685303073,fuzzy,False,True,28533357#0,0,,False,492.4236756002065,1357.199581000954,492.4236756002065,1357.199581000954,478.08,1276.29,-37.908933116867765,145.13203880983528,82.17117090241496,82.17117090241496,82.17117090241496,10.0,short=0.000 small=0.000 angle_diff=140.372 mode=following,,0.011699972674250603,0.0,,,
495.9601828,1366.703132,486.0039295,1365.263893,145.1322626991894,-37.90812188104937,fuzzy,False,True,28533357#0,0,,False,495.96018280024873,1366.7031320007518,495.96018280024873,1366.7031320007518,478.08,1276.29,-37.908933116867765,145.13203880983528,92.16417620288094,92.16417620288094,92.16417620288094,10.0,short=0.000 small=0.000 angle_diff=146.143 mode=following,,0.01090002479031682,0.0,,,
496.0361873,1377.028582,485.3053289,1378.73971,145.1322659154094,-37.908028880630525,fuzzy,False,True,28533357#0,0,,False,496.036187299178,1377.028582001105,496.036187299178,1377.028582001105,478.08,1276.29,-37.908933116867765,145.13203880983528,102.32637277806985,102.32637277806985,102.32637277806985,10.0,short=0.000 small=0.000 angle_diff=166.132 mode=following,,0.011400028597563505,0.0,,,
501.9220752,1387.699555,487.1106644,1390.061362,145.13233526638675,-37.90793381621671,fuzzy,False,True,28533357#0,0,,False,501.92207520036027,1387.6995550012216,501.92207520036027,1387.6995550012216,478.08,1276.29,-37.908933116867765,145.13203880983528,113.93214425889589,113.93214425889589,113.93214425889589,10.0,short=0.000 small=0.000 angle_diff=137.674 mode=following,,0.010599964298307896,0.0,,,
500.604022,1395.907974,488.3544285,1397.861278,145.13232215040708,-37.90785963492252,fuzzy,False,True,28533357#0,0,,False,500.60402200114913,1395.9079740010202,500.60402200114913,1395.9079740010202,478.08,1276.29,-37.908933116867765,145.13203880983528,121.72013502792791,121.72013502792791,121.72013502792791,10.0,short=0.000 small=0.000 angle_diff=175.676 mode=following,,0.011000025551766157,0.0,,,
504.0006814,1405.973356,491.1787143,1411.264962,145.13236306172985,-37.907769576543465,fuzzy,False,True,28533357#0,0,,False,504.00068140093936,1405.9733560001478,504.00068140093936,1405.9733560001478,478.08,1276.29,-37.908933116867765,145.13203880983528,132.24845763845443,132.24845763845443,132.24845763845443,10.0,short=0.000 small=0.000 angle_diff=147.907 mode=following,,0.010500021744519472,0.0,,,
503.9163697,1412.936043,492.5040034,1415.852281,145.13236368909813,-37.90770683976173,fuzzy,False,True,28533357#0,0,,False,503.9163697005715,1412.9360429998487,503.9163697005715,1412.9360429998487,478.08,1276.29,-37.908933116867765,145.13203880983528,139.06710274835356,139.06710274835356,139.06710274835356,10.0,short=0.000 small=0.000 angle_diff=167.248 mode=following,,0.010800024028867483,0.0,,,
497.0367919,1417.84959,493.2609351,1418.814447,145.13228659052356,-37.90766133574821,fuzzy,False,True,28533357#0,0,,False,497.0367918970878,1417.8495899988338,497.0367918970878,1417.8495899988338,478.08,1276.29,-37.908933116867765,145.13203880983528,142.82323858415845,142.82323858415845,142.82323858415845,10.0,short=0.000 small=0.000 angle_diff=138.981 mode=following,,0.010000017937272787,0.0,,,
495.2116133,1426.083739,493.1417578,1425.231445,145.1322677147041,-37.90758683113957,fuzzy,False,True,28533357#0,0,,False,495.21161330107134,1426.0837390003726,495.21161330107134,1426.0837390003726,478.08,1276.29,-37.908933116867765,145.13203880983528,150.7702106452372,150.7702106452372,150.7702106452372,10.0,short=0.000 small=0.000 angle_diff=179.052 mode=following,,0.009800016414374113,0.0,,,
489.4098469,1433.965083,488.1451384,1428.846025,145.13220354659035,-37.907514786968015,fuzzy,False,True,28533357#0,0,,False,489.4098469010205,1433.9650830011815,489.4098469010205,1433.9650830011815,478.08,1276.29,-37.908933116867765,145.13203880983528,158.081615725011,158.081615725011,158.081615725011,10.0,short=0.000 small=0.000 angle_diff=157.088 mode=following,,0.009400013368576765,0.0,,,
481.3095856,1438.204802,480.3647901,1430.075408,145.13211241621408,-37.9074751325339,fuzzy,False,True,28533357#0,0,,False,481.30958559940336,1438.2048019999638,481.30958559940336,1438.2048019999638,478.08,1276.29,-37.908933116867765,145.13203880983528,161.9470077828898,161.9470077828898,161.9470077828898,10.0,short=0.000 small=0.000 angle_diff=131.074 mode=following,,0.009899958968162537,0.0,,,
466.7370764,1433.414382,466.537183,1431.647844,145.13194564224543,-37.90751565539891,fuzzy,False,True,28533357#0,0,,False,466.7370763994986,1433.4143820004538,466.7370763994986,1433.4143820004538,478.08,1276.29,-37.908933116867765,145.13203880983528,157.53327691262993,157.53327691262993,157.53327691262993,10.0,short=0.000 small=0.000 angle_diff=85.249 mode=following,,0.01009996049106121,0.0,,,
454.5943196,1434.911206,454.3642938,1433.042414,145.13180792579166,-37.907499979661004,fuzzy,False,True,28533357#0,0,,False,454.5943195998552,1434.9112060004845,454.5943195998552,1434.9112060004845,478.08,1276.29,-37.908933116867765,145.13203880983528,160.35044177334188,160.35044177334188,160.35044177334188,10.0,short=0.000 small=0.000 angle_diff=110.473 mode=following,,0.010100018698722124,0.0,,,
442.4691842,1436.462887,442.2319776,1434.535756,145.13167042224978,-37.90748381277975,fuzzy,False,True,28533357#0,0,,False,442.4691841993481,1436.4628870012239,442.4691841993481,1436.4628870012239,478.08,1276.29,-37.908933116867765,145.13203880983528,164.08377108140462,164.08377108140462,164.08377108140462,10.0,short=0.000 small=0.000 angle_diff=110.739 mode=following,,0.010299962013959885,0.0,,,
430.4012506,1436.268973,430.3676643,1435.99611,145.1315331713487,-37.9074833808017,fuzzy,False,True,28533357#0,0,,False,430.40125060104765,1436.268973001279,430.40125060104765,1436.268973001279,478.08,1276.29,-37.908933116867765,145.13203880983528,166.93272581130412,166.93272581130412,166.93272581130412,10.0,short=0.000 small=0.000 angle_diff=102.525 mode=following,,0.010399962775409222,0.0,,,
415.104785,1440.120866,414.8324458,1437.908308,145.13136013561203,-37.907445920111996,fuzzy,False,True,28533357#0,0,,False,415.10478499985766,1440.1208660006523,415.10478499985766,1440.1208660006523,478.08,1276.29,-37.908933116867765,145.13203880983528,175.51760697672998,175.51760697672998,175.51760697672998,10.0,short=0.000 small=0.000 angle_diff=117.580 mode=following,,0.010199961252510548,0.0,,,
404.4142589,1439.37781,404.3915669,1439.193454,145.13123842010341,-37.90745068330738,fuzzy,False,True,28533357#0,0,,False,404.4142588976538,1439.377810000442,404.4142588976538,1439.377810000442,478.08,1276.29,-37.908933116867765,145.13203880983528,178.95327653579906,178.95327653579906,178.95327653579906,10.0,short=0.000 small=0.000 angle_diff=99.470 mode=following,,0.010100018698722124,0.0,,,
395.9850461,1442.126178,395.754914,1440.256522,145.13114321041883,-37.907424403177245,fuzzy,False,True,28533357#0,0,,False,395.9850460991729,1442.1261780010536,395.9850460991729,1442.1261780010536,478.08,1276.29,-37.908933116867765,145.13203880983528,185.04383099681027,185.04383099681027,185.04383099681027,10.0,short=0.000 small=0.000 angle_diff=121.505 mode=following,,0.010200019460171461,0.0,,,
375.4958763,1443.386937,375.4186672,1442.759669,145.1309105458845,-37.90740934562029,fuzzy,False,True,28533357#0,0,,False,375.4958762989845,1443.386936998926,375.4958762989845,1443.386936998926,478.08,1276.29,-37.908933116867765,145.13203880983528,196.07368204307363,196.07368204307363,196.07368204307363,10.0,short=0.000 small=0.000 angle_diff=106.967 mode=following,,0.009700015652924776,0.0,,,
363.839385,1444.867675,363.7555832,1444.170951,145.1307783548315,-37.90739390141891,fuzzy,False,True,28533357#0,0,,False,363.83938500029035,1444.8676750008017,363.83938500029035,1444.8676750008017,478.08,1276.29,-37.908933116867765,145.13203880983528,203.64024804588067,203.64024804588067,203.64024804588067,10.0,short=0.000 small=0.000 angle_diff=110.685 mode=following,,0.009400013368576765,0.0,,,
352.7059294,1447.383398,352.4865019,1445.507949,145.1306523464585,-37.90736922816335,fuzzy,False,True,28533357#0,0,,False,352.705929400865,1447.383398000151,352.705929400865,1447.383398000151,478.08,1276.29,-37.908933116867765,145.13203880983528,212.11225428493032,212.11225428493032,212.11225428493032,10.0,short=0.000 small=0.000 angle_diff=116.179 mode=following,,0.010699965059757233,0.0,,,
340.6594751,1448.35672,340.6960473,1446.219859,145.13051560616665,-37.90735828414997,fuzzy,False,True,28533357#0,0,,False,340.659475101158,1448.3567199995741,340.659475101158,1448.3567199995741,478.08,1276.29,-37.908933116867765,145.13203880983528,220.20753119474614,220.20753119474614,220.20753119474614,10.0,short=0.000 small=0.000 angle_diff=108.065 mode=following,,0.009600014891475439,0.0,,,
330.0232991,1448.921344,330.8540458,1444.93376,145.1303948068907,-37.90735127640804,fuzzy,False,True,28533357#0,0,,False,330.02329909952823,1448.9213440008461,330.02329909952823,1448.9213440008461,478.08,1276.29,-37.908933116867765,145.13203880983528,227.42552102407117,227.42552102407117,227.42552102407117,10.0,short=0.000 small=0.000 angle_diff=106.485 mode=following,,0.009899958968162537,0.0,,,
316.5734906,1441.69195,317.2628533,1440.413953,145.13024024074323,-37.90741397050802,fuzzy,False,True,28533357#0,0,,False,316.5734906006837,1441.6919500008225,316.5734906006837,1441.6919500008225,478.08,1276.29,-37.908933116867765,145.13203880983528,231.17559915013965,231.17559915013965,231.17559915013965,10.0,short=0.000 small=0.000 angle_diff=75.187 mode=following,,0.00990001717582345,0.0,,,
305.4285499,1433.311363,307.976275,1431.575725,145.13011161704304,-37.907487451075255,fuzzy,False,True,28533357#0,0,,False,305.42854990053456,1433.3113630004227,305.42854990053456,1433.3113630004227,478.08,1276.29,-37.908933116867765,145.13203880983528,233.3757306575787,233.3757306575787,233.3757306575787,10.0,short=0.000 small=0.000 angle_diff=66.504 mode=following,,0.010000017937272787,0.0,,,
297.0604525,1420.276327,296.5019474,1421.425252,145.13001350297813,-37.90760336161484,fuzzy,False,True,28533357#0,0,,False,297.06045249977615,1420.2763269999996,297.06045249977615,1420.2763269999996,478.08,1276.29,-37.908933116867765,145.13203880983528,231.30097046950885,231.30097046950885,231.30097046950885,28.854862234969662,short=0.000 small=0.471 angle_diff=46.145 mode=following,,0.04569999873638153,0.0,,,
287.927023,1419.860716,288.1086715,1418.600529,145.1299095653306,-37.90760545509013,fuzzy,False,True,28533357#0,0,,False,287.92702299921075,1419.8607160001993,287.92702299921075,1419.8607160001993,478.08,1276.29,-37.908933116867765,145.13203880983528,238.26603861035792,238.26603861035792,238.26603861035792,10.0,short=0.000 small=0.000 angle_diff=100.840 mode=following,,0.02239999594166875,0.0,,,
278.1815983,1420.716308,277.7489454,1418.869619,145.1297989595295,-37.907595986587154,fuzzy,False,True,28533357#0,0,,False,278.18159829918295,1420.7163080004975,278.18159829918295,1420.7163080004975,478.08,1276.29,-37.908933116867765,145.13203880983528,246.61372517602462,246.61372517602462,246.61372517602462,10.0,short=0.000 small=0.000 angle_diff=108.463 mode=following,,0.012899981811642647,0.0,,,
268.9183396,1424.977404,267.9475504,1423.445485,145.1296946125698,-37.907555927566094,fuzzy,False,True,28533357#0,0,,False,268.91833960078657,1424.9774040002376,268.91833960078657,1424.9774040002376,478.08,1276.29,-37.908933116867765,145.13203880983528,256.6252993944396,256.6252993944396,256.6252993944396,10.0,short=0.000 small=0.000 angle_diff=128.148 mode=following,,0.01309998333454132,0.0,,,
261.8516459,1430.831872,261.5907685,1426.625224,145.12961560308494,-37.90750191200004,fuzzy,False,True,28533357#0,0,,False,261.8516458970844,1430.831872000359,261.8516458970844,1430.831872000359,478.08,1276.29,-37.908933116867765,145.13203880983528,265.7778984780924,265.7778984780924,265.7778984780924,10.0,short=0.000 small=0.000 angle_diff=143.086 mode=following,,0.013299984857439995,0.0,,,
251.4426413,1421.91827,251.4359245,1421.924408,145.12949522428613,-37.90758032640258,fuzzy,False,True,28533357#0,0,,False,251.44264130061492,1421.918270001188,251.44264130061492,1421.918270001188,478.08,1276.29,-37.908933116867765,145.13203880983528,269.39206629329794,269.39206629329794,269.39206629329794,12.12871684866522,short=0.000 small=0.053 angle_diff=62.871 mode=following,,0.016600009985268116,0.0,,,
251.7787016,1410.822969,248.9720735,1411.222061,145.12949651398677,-37.90768033613389,fuzzy,False,True,28533357#0,0,,False,251.778701600153,1410.8229689998552,251.778701600153,1410.8229689998552,478.08,1276.29,-37.908933116867765,145.13203880983528,263.27057831321105,263.27057831321105,263.27057831321105,50.0,short=0.000 small=1.000 angle_diff=11.711 mode=following,,0.010300020221620798,0.0,,,
248.7183179,1400.988832,247.5246329,1401.161334,145.12945947532455,-37.90776837110208,fuzzy,False,True,28533357#0,0,,False,248.71831789950375,1400.9888319997117,248.71831789950375,1400.9888319997117,478.08,1276.29,-37.908933116867765,145.13203880983528,261.06815186472176,261.06815186472176,261.06815186472176,44.267950275547776,short=0.000 small=0.857 angle_diff=30.732 mode=following,,0.027200032491236925,0.0,,,
248.9675343,1387.39599,245.6055873,1387.881831,145.1294592078159,-37.90789086354684,fuzzy,False,True,28533357#0,0,,False,248.96753430075478,1387.3959900001064,248.96753430075478,1387.3959900001064,478.08,1276.29,-37.908933116867765,145.13203880983528,254.631229335075,254.631229335075,254.631229335075,50.0,short=0.000 small=1.000 angle_diff=12.396 mode=following,,0.015300000086426735,0.0,,,
247.1318233,1375.931151,243.9451223,1376.391667,145.12943572099513,-37.907993809596185,fuzzy,False,True,28533357#0,0,,False,247.13182329956908,1375.9311510007828,247.13182329956908,1375.9311510007828,478.08,1276.29,-37.908933116867765,145.13203880983528,251.526180136411,251.526180136411,251.526180136411,50.0,short=0.000 small=1.000 angle_diff=22.543 mode=following,,0.012700038496404886,0.0,,,
244.6890716,1363.55454,242.143173,1363.922453,145.12940512427363,-37.90810485935731,fuzzy,False,True,28533357#0,0,,False,244.68907160073286,1363.554540000856,244.68907160073286,1363.554540000856,478.08,1276.29,-37.908933116867765,145.13203880983528,249.17147790353698,249.17147790353698,249.17147790353698,50.0,short=0.000 small=1.000 angle_diff=24.611 mode=following,,0.010499963536858559,0.0,,,
240.9224136,1348.967768,240.0012804,1349.100883,145.1293589708858,-37.90823557942028,fuzzy,False,True,28533357#0,0,,False,240.9224135974655,1348.9677680004388,240.9224135974655,1348.9677680004388,478.08,1276.29,-37.908933116867765,145.13203880983528,248.043904883392,248.043904883392,248.043904883392,47.07522000245481,short=0.000 small=0.927 angle_diff=27.925 mode=following,,0.013999990187585354,0.0,,,
238.6681106,1332.424314,237.6133457,1332.57674,145.1293295658462,-37.908384199075805,fuzzy,False,True,28533357#0,0,,False,238.668110603292,1332.4243139997125,238.668110603292,1332.4243139997125,478.08,1276.29,-37.908933116867765,145.13203880983528,245.9046847718031,245.9046847718031,245.9046847718031,50.0,short=0.000 small=1.000 angle_diff=21.206 mode=following,,0.02080004196614027,0.0,,,
236.7243891,1322.123897,236.1155017,1322.211888,145.12930511628906,-37.90847663618215,fuzzy,False,True,28533357#0,0,,False,236.72438909701305,1322.123897000216,236.72438909701305,1322.123897000216,478.08,1276.29,-37.908933116867765,145.13203880983528,245.66903962156167,245.66903962156167,245.66903962156167,50.0,short=0.000 small=1.000 angle_diff=24.132 mode=following,,0.020400038920342922,0.0,,,
235.2652209,1309.831686,234.3699324,1309.955195,145.1292857214317,-37.90858710340184,fuzzy,False,True,28533357#0,0,,False,235.26522089913487,1309.831686001271,235.26522089913487,1309.831686001271,478.08,1276.29,-37.908933116867765,145.13203880983528,245.12050434349587,245.12050434349587,245.12050434349587,50.0,short=0.000 small=1.000 angle_diff=20.216 mode=following,,0.021900050342082977,0.0,,,
231.7416228,1293.572242,232.1363466,1293.519982,145.12924194936596,-37.908732935138026,fuzzy,False,True,28533357#0,0,,False,231.7416228003567,1293.5722420001402,231.7416228003567,1293.5722420001402,478.08,1276.29,-37.908933116867765,145.13203880983528,246.943864005375,246.943864005375,246.943864005375,49.32655222816834,short=0.000 small=0.983 angle_diff=25.673 mode=following,,0.013599987141788006,0.0,,,
231.7991545,1282.376961,230.6806482,1282.525048,145.1292400490734,-37.908833795135365,fuzzy,False,True,28533357#0,0,,False,231.7991544995457,1282.3769610002637,231.7991544995457,1282.3769610002637,478.08,1276.29,-37.908933116867765,145.13203880983528,246.35605524248305,246.35605524248305,246.35605524248305,50.0,short=0.000 small=1.000 angle_diff=13.151 mode=following,,0.018199963960796595,0.0,,,
229.9978889,1269.091913,228.8316693,1269.256672,145.12921653790673,-37.90895314418582,fuzzy,False,True,28533357#0,0,,False,229.99788890237687,1269.0919129997492,229.99788890237687,1269.0919129997492,478.08,1276.29,-37.908933116867765,145.13203880983528,248.18651515164274,248.18651515164274,248.18651515164274,50.0,short=0.000 small=1.000 angle_diff=21.167 mode=following,,0.011400028597563505,0.0,,,
227.4317213,1257.723872,227.2068464,1257.755641,145.1291847673245,-37.90905508611837,fuzzy,False,True,28533357#0,0,,False,227.4317213020404,1257.7238720003515,227.4317213020404,1257.7238720003515,478.08,1276.29,-37.908933116867765,145.13203880983528,251.33495722471508,251.33495722471508,251.33495722471508,48.83361935151271,short=0.000 small=0.971 angle_diff=26.166 mode=following,,0.011200027074664831,0.0,,,
228.2622209,1244.995171,225.4600236,1245.391055,145.1291913055021,-37.909169899237305,fuzzy,False,True,28533357#0,0,,False,228.26222090038937,1244.995171001181,228.26222090038937,1244.995171001181,478.08,1276.29,-37.908933116867765,145.13203880983528,251.77031015655353,251.77031015655353,251.77031015655353,50.0,short=0.000 small=1.000 angle_diff=9.713 mode=following,,0.010800024028867483,0.0,,,
226.0159884,1232.237242,223.6489456,1232.571649,145.12916285522604,-37.90928441941698,fuzzy,False,True,28533357#0,0,,False,226.01598839927465,1232.2372420001775,226.01598839927465,1232.2372420001775,478.08,1276.29,-37.908933116867765,145.13203880983528,255.88456661479512,255.88456661479512,255.88456661479512,50.0,short=0.000 small=1.000 angle_diff=23.431 mode=following,,0.010400020983070135,0.0,,,
222.2310967,1219.606263,221.8253425,1219.663586,145.12911693956494,-37.90939751781488,fuzzy,False,True,28533357#0,0,,False,222.23109669983387,1219.6062629986554,222.23109669983387,1219.6062629986554,478.08,1276.29,-37.908933116867765,145.13203880983528,262.052871307176,262.052871307176,262.052871307176,44.87317029534438,short=0.000 small=0.872 angle_diff=30.127 mode=following,,0.011000025551766157,0.0,,,
220.1764105,1201.975983,219.3431351,1202.093705,145.12908955508246,-37.90955596381664,fuzzy,False,True,28533357#0,0,,False,220.17641050019301,1201.975982999429,220.17641050019301,1201.975982999429,479.12,1271.94,-37.908972490431125,145.13204964333025,268.22890638016764,268.22890638016764,268.22890638016764,50.0,short=0.000 small=1.000 angle_diff=20.093 mode=following,,0.011700030881911516,0.0,,,
218.1049826,1188.239862,217.4082027,1188.33771,145.12906286875648,-37.90967932733121,fuzzy,False,True,28533357#0,0,,False,218.10498260013992,1188.2398619996384,218.10498260013992,1188.2398619996384,479.12,1271.94,-37.908972490431125,145.13204964333025,274.1068266379531,274.1068266379531,274.1068266379531,50.0,short=0.000 small=1.000 angle_diff=22.022 mode=following,,0.011300027836114168,0.0,,,
216.3818146,1175.192081,215.5780334,1175.304955,145.12904029908242,-37.90979655308191,fuzzy,False,True,28533357#0,0,,False,216.38181459892076,1175.1920809997246,216.38181459892076,1175.1920809997246,479.12,1271.94,-37.908972490431125,145.13204964333025,279.9848458376556,279.9848458376556,279.9848458376556,50.0,short=0.000 small=1.000 angle_diff=20.969 mode=following,,0.010800024028867483,0.0,,,
215.3275147,1162.865344,213.9109307,1163.051299,145.1290254988281,-37.90990740443432,fuzzy,False,True,28533357#0,0,,False,215.3275147015229,1162.865344000049,215.3275147015229,1162.865344000049,479.12,1271.94,-37.908972490431125,145.13204964333025,285.45359672187516,285.45359672187516,285.45359672187516,50.0,short=0.000 small=1.000 angle_diff=18.334 mode=following,,0.010699965059757233,0.0,,,
215.2371577,1149.079267,212.1303632,1149.487095,145.12902132542894,-37.91003157612402,fuzzy,False,True,28533357#0,0,,False,215.23715769918635,1149.0792670007795,215.23715769918635,1149.0792670007795,479.12,1271.94,-37.908972490431125,145.13204964333025,291.0823151169817,291.0823151169817,291.0823151169817,50.0,short=0.000 small=1.000 angle_diff=13.821 mode=following,,0.011000025551766157,0.0,,,
211.4575709,1135.481743,210.311623,1135.632173,145.1289752487797,-37.91015338224462,fuzzy,False,True,28533357#0,0,,False,211.45757090079132,1135.4817430004478,211.45757090079132,1135.4817430004478,479.12,1271.94,-37.908972490431125,145.13204964333025,300.43973081908587,300.43973081908587,300.43973081908587,46.020215817510405,short=0.000 small=0.901 angle_diff=28.980 mode=following,,0.01090002479031682,0.0,,,
208.4431729,1122.593368,208.5973505,1122.573129,145.1289380339624,-37.91026893852722,fuzzy,False,True,28533357#0,0,,False,208.44317290035542,1122.593368000351,208.44317290035542,1122.593368000351,479.12,1271.94,-37.908972490431125,145.13204964333025,309.14456362415547,309.14456362415547,309.14456362415547,48.390096931030826,short=0.000 small=0.960 angle_diff=26.610 mode=following,,0.010800024028867483,0.0,,,
210.1700179,1109.071683,206.9073084,1109.489282,145.1289545822211,-37.91039105707487,fuzzy,False,True,28533357#0,0,,False,210.1700179008767,1109.0716829998419,210.1700179008767,1109.0716829998419,479.12,1271.94,-37.908972490431125,145.13204964333025,314.4203898502493,314.4203898502493,314.4203898502493,50.0,short=0.000 small=1.000 angle_diff=6.168 mode=following,,0.010700023267418146,0.0,,,
208.7476217,1093.240803,204.8908256,1093.734439,145.12893479672013,-37.910533407931894,fuzzy,False,True,28533357#0,0,,False,208.7476216998184,1093.2408029995859,208.7476216998184,1093.2408029995859,479.12,1271.94,-37.908972490431125,145.13204964333025,324.0904595267953,324.0904595267953,324.0904595267953,50.0,short=0.000 small=1.000 angle_diff=18.580 mode=following,,0.011199968867003918,0.0,,,
206.2121928,1081.706447,203.3978563,1082.066381,145.1289033365223,-37.910636853494346,fuzzy,False,True,28533357#0,0,,False,206.21219280082732,1081.7064469987527,206.21219280082732,1081.7064469987527,479.12,1271.94,-37.908972490431125,145.13204964333025,332.66721497277007,332.66721497277007,332.66721497277007,49.156764684906676,short=0.000 small=0.979 angle_diff=25.843 mode=following,,0.010899966582655907,0.0,,,
204.0740031,1068.301282,201.6766121,1068.607891,145.1288759658718,-37.91075722353065,fuzzy,False,True,28533357#0,0,,False,204.07400310004596,1068.301282000728,204.07400310004596,1068.301282000728,479.12,1271.94,-37.908972490431125,145.13204964333025,342.22657389378253,342.22657389378253,342.22657389378253,50.0,short=0.000 small=1.000 angle_diff=22.509 mode=following,,0.010700023267418146,0.0,,,
203.6367728,1054.885652,199.9814254,1055.353145,145.1288679327,-37.910877995400135,fuzzy,False,True,28533357#0,0,,False,203.6367727991892,1054.8856520010158,203.6367727991892,1054.8856520010158,479.12,1271.94,-37.908972490431125,145.13204964333025,350.7186884872799,350.7186884872799,350.7186884872799,50.0,short=0.000 small=1.000 angle_diff=15.313 mode=following,,0.011000025551766157,0.0,,,
201.8868718,1040.448844,198.1320436,1040.933338,145.12884474129154,-37.91100772889753,fuzzy,False,True,28533357#0,0,,False,201.88687179901171,1040.4488440006971,201.88687179901171,1040.4488440006971,479.12,1271.94,-37.908972490431125,145.13204964333025,361.17359078149553,361.17359078149553,361.17359078149553,50.0,short=0.000 small=1.000 angle_diff=20.357 mode=following,,0.01409999094903469,0.0,,,
197.6288879,1027.363995,196.3907349,1027.528904,145.12879334128223,-37.91112483010925,fuzzy,False,True,28533357#0,0,,False,197.62888789980207,1027.3639949997887,197.62888789980207,1027.3639949997887,479.12,1271.94,-37.908972490431125,145.13204964333025,372.9003464912169,372.9003464912169,372.9003464912169,43.52851636737802,short=0.000 small=0.838 angle_diff=31.471 mode=following,,0.010499963536858559,0.0,,,
195.8074354,1015.421907,194.7513822,1015.568117,145.1287699055111,-37.911232077661744,fuzzy,False,True,28533357#0,0,,False,195.80743540078402,1015.4219070002437,195.80743540078402,1015.4219070002437,479.12,1271.94,-37.908972490431125,145.13204964333025,382.1878350968495,382.1878350968495,382.1878350968495,50.0,short=0.000 small=1.000 angle_diff=22.118 mode=following,,0.010300020221620798,0.0,,,
196.6879654,1001.584737,192.8882225,1002.11081,145.12877675894052,-37.911356885128505,fuzzy,False,True,28533357#0,0,,False,196.6879654005752,1001.5847369991243,196.6879654005752,1001.5847369991243,479.12,1271.94,-37.908972490431125,145.13204964333025,390.9729177324734,390.9729177324734,390.9729177324734,50.0,short=0.000 small=1.000 angle_diff=9.805 mode=following,,0.010400020983070135,0.0,,,
193.5816436,989.8197648,191.2688934,990.1289573,145.1287387543634,-37.91146230482216,fuzzy,False,True,28533357#0,0,,False,193.58164359949296,989.8197647994384,193.58164359949296,989.8197647994384,479.12,1271.94,-37.908972490431125,145.13204964333025,401.40251629196746,401.40251629196746,401.40251629196746,46.763735260895174,short=0.000 small=0.919 angle_diff=28.236 mode=following,,0.010600022505968809,0.0,,,
191.5594067,976.3335609,189.4620673,976.6139551,145.12871268298574,-37.91158342577397,fuzzy,False,True,28533357#0,0,,False,191.55940669728443,976.3335609007627,191.55940669728443,976.3335609007627,479.12,1271.94,-37.908972490431125,145.13204964333025,412.4006082167447,412.4006082167447,412.4006082167447,50.0,short=0.000 small=1.000 angle_diff=21.974 mode=following,,0.010299962013959885,0.0,,,
190.2846077,964.3413904,187.8645964,964.6649227,145.12869545102893,-37.911691223307834,fuzzy,False,True,28533357#0,0,,False,190.2846076998394,964.3413904001936,190.2846076998394,964.3413904001936,479.12,1271.94,-37.908972490431125,145.13204964333025,421.9511683511752,421.9511683511752,421.9511683511752,50.0,short=0.000 small=1.000 angle_diff=19.514 mode=following,,0.01090002479031682,0.0,,,
188.5870044,950.8163628,186.0583714,951.1544168,145.12867306176307,-37.911812752682295,fuzzy,False,True,28533357#0,0,,False,188.587004399742,950.8163627991453,188.587004399742,950.8163627991453,479.12,1271.94,-37.908972490431125,145.13204964333025,433.04712434279685,433.04712434279685,433.04712434279685,50.0,short=0.000 small=1.000 angle_diff=20.600 mode=following,,0.010500021744519472,0.0,,,
185.1537997,938.3974825,184.3669551,938.502676,145.12863119078943,-37.911924003753406,fuzzy,False,True,28533357#0,0,,False,185.1537997032283,938.3974825004116,185.1537997032283,938.3974825004116,479.12,1271.94,-37.908972490431125,145.13204964333025,444.59727607902073,444.59727607902073,444.59727607902073,46.10061065319826,short=0.000 small=0.903 angle_diff=28.899 mode=following,,0.010600022505968809,0.0,,,
184.1232992,925.5835417,182.6658402,925.77839,145.1286165487521,-37.91203924812998,fuzzy,False,False,,,,False,184.12329919985496,925.5835416996852,184.12329919985496,925.5835416996852,,,,,,,,,,,1.6347999917343259,0.0,,,no_match
182.5205476,913.6550178,181.0709702,913.8488124,145.12859560215475,-37.91214641298163,fuzzy,False,False,,,,False,182.52054759883322,913.6550178006291,182.52054759883322,913.6550178006291,,,,,,,,,,,0.6469999789260328,0.0,,,no_match
180.7248878,902.7748729,179.6485474,902.7784135,145.12857270139958,-37.91224409891392,fuzzy,False,False,,,,False,180.72488780075219,902.7748728999868,180.72488780075219,902.7748728999868,,,,,,,,,,,0.6525000208057463,0.0,,,no_match
181.0314062,889.8981747,179.7545015,889.8472118,145.12857324711186,-37.91236015041537,fuzzy,False,False,,,,False,181.0314061989775,889.8981746993959,181.0314061989775,889.8981746993959,,,,,,,,,,,0.6318999803625047,0.0,,,no_match
179.7614997,874.1097759,179.304569,874.1361298,145.12855520373995,-37.91250214602923,fuzzy,False,False,,,,False,179.76149969990365,874.1097758989781,179.76149969990365,874.1097758989781,,,,,,,,,,,0.8456999785266817,0.0,,,no_match
178.4770128,866.1653713,178.843628,866.1442264,145.1285387851755,-37.91257347861732,fuzzy,False,False,,,,False,178.47701279912144,866.1653713006526,178.47701279912144,866.1653713006526,,,,,,,,,,,0.6402000435627997,0.0,,,no_match
178.8677529,852.4028305,178.3683069,852.4140408,145.12854008621645,-37.91269752520376,fuzzy,False,False,,,,False,178.86775289999787,852.4028305001557,178.86775289999787,852.4028305001557,,,,,,,,,,,0.6366000161506236,0.0,,,no_match
185.7690031,833.117535,185.0792351,831.827511,145.1286141531786,-37.912872499425305,fuzzy,False,False,,,,False,185.76900309685152,833.1175349997357,185.76900309685152,833.1175349997357,,,,,,,,,,,0.6887000054121017,0.0,,,no_match
200.7170259,830.5796513,201.003162,829.203238,145.12878353797433,-37.91289806452941,fuzzy,False,False,,,,False,200.7170258971164,830.5796513007954,200.7170258971164,830.5796513007954,,,,,,,,,,,0.5452000186778605,0.0,,,no_match
213.6206251,829.0900828,213.8564537,826.5018637,145.12892991635678,-37.91291381626294,fuzzy,False,False,,,,False,213.6206251005642,829.0900828009471,213.6206251005642,829.0900828009471,,,,,,,,,,,0.7236000383272767,0.0,,,no_match
226.3660422,826.9315027,226.082292,825.0177656,145.12907434353951,-37.9129355658163,fuzzy,False,False,,,,False,226.36604219989385,826.9315027007833,226.36604219989385,826.9315027007833,,,,,,,,,,,0.6917000282555819,0.0,,,no_match
239.2908637,824.8796445,239.0267709,823.0984854,145.12922083506078,-37.91295638625615,fuzzy,False,False,,,,False,239.29086370114237,824.8796444991603,239.29086370114237,824.8796444991603,,,,,,,,,,,0.5691999685950577,0.0,,,no_match
250.4410127,822.5648999,250.3157184,821.5662212,145.12934708802013,-37.91297925382192,fuzzy,False,False,,,,False,250.4410126983421,822.5648998999968,250.4410126983421,822.5648998999968,,,,,,,,,,,0.5531000206246972,0.0,,,no_match
261.3573332,819.603221,261.4286906,820.1719864,145.12947053473357,-37.913007906709886,fuzzy,False,False,,,,False,261.35733319912106,819.6032210011035,261.35733319912106,819.6032210011035,,,,,,,,,,,0.5655999993905425,0.0,,,no_match
272.3272402,819.9039277,272.1914622,818.8216877,145.12959533519268,-37.91300718087267,fuzzy,False,False,,,,False,272.3272402002476,819.9039276996627,272.3272402002476,819.9039276996627,,,,,,,,,,,0.5951999919489026,0.0,,,no_match
283.3237689,817.156136,283.3569812,817.4208603,145.12971974285392,-37.91303392125836,fuzzy,False,False,,,,False,283.32376890059095,817.1561359995976,283.32376890059095,817.1561359995976,,,,,,,,,,,0.5703999777324498,0.0,,,no_match
294.5708206,815.7153717,294.6077023,816.0093435,145.12984729732273,-37.91304893280257,fuzzy,False,False,,,,False,294.57082060328685,815.7153717009351,294.57082060328685,815.7153717009351,,,,,,,,,,,0.6061000167392194,0.0,,,no_match
305.2803713,815.5376825,305.1732418,814.6837896,145.12996902838645,-37.91305246901049,fuzzy,False,False,,,,False,305.280371296918,815.5376824997365,305.280371296918,815.5376824997365,,,,,,,,,,,0.8245999924838543,0.0,,,no_match
316.4872991,814.5747151,316.3143736,813.2714029,145.13009623571045,-37.91306316893522,fuzzy,False,False,,,,False,316.4872991006123,814.5747151011601,316.4872991006123,814.5747151011601,,,,,,,,,,,0.6434000097215176,0.0,,,no_match
326.9801326,812.9475787,326.8138136,811.807504,145.1302151720666,-37.91307972266792,fuzzy,False,False,,,,False,326.9801325989538,812.947578699328,326.9801325989538,812.947578699328,,,,,,,,,,,0.5978000117465854,0.0,,,no_match
338.3398423,811.7332669,338.11744,810.1731309,145.130344059349,-37.91309271410091,fuzzy,False,False,,,,False,338.3398422995815,811.7332669002935,338.3398422995815,811.7332669002935,,,,,,,,,,,0.5638999864459038,0.0,,,no_match
350.5821083,810.7296699,350.2604905,808.4518121,145.1304830297427,-37.91310396668441,fuzzy,False,False,,,,False,350.5821083005285,810.7296699015424,350.5821083005285,810.7296699015424,,,,,,,,,,,0.5501999985426664,0.0,,,no_match
361.9218378,808.3952312,361.7017398,806.8363869,145.13061143451355,-37.91312704457076,fuzzy,False,False,,,,False,361.92183780216146,808.3952312003821,361.92183780216146,808.3952312003821,,,,,,,,,,,0.534099992364645,0.0,,,no_match
372.7158251,806.7776112,372.4451416,805.2801202,145.13073379751663,-37.91314356646606,fuzzy,False,False,,,,False,372.7158250999055,806.7776111997664,372.7158250999055,806.7776111997664,,,,,,,,,,,0.5987999611534178,0.0,,,no_match
385.3227822,804.3996266,385.1189043,803.2770699,145.1308766013995,-37.91316726526346,fuzzy,False,False,,,,False,385.3227821966866,804.3996266014874,385.3227821966866,804.3996266014874,,,,,,,,,,,0.706199964042753,0.0,,,no_match
396.6316222,803.121653,396.2913205,801.247944,145.13100489605768,-37.91318082027007,fuzzy,False,False,,,,False,396.6316221989691,803.1216529998928,396.6316221989691,803.1216529998928,,,,,,,,,,,0.5793999880552292,0.0,,,no_match
405.9829333,800.4300335,405.42,799.59,145.13111061059553,-37.91320675602353,fuzzy,False,False,,,,False,405.98293330078013,800.4300335012376,405.98293330078013,800.4300335012376,,,,,,,,,,,0.7993999752216041,0.0,,,no_match
409.0103619,795.4063401,408.5519489,795.2690907,145.1311438884221,-37.9132525573874,fuzzy,False,False,,,,False,409.0103619011352,795.4063401008025,409.0103619011352,795.4063401008025,,,,,,,,,,,0.5584000027738512,0.0,,,no_match
404.3935659,796.3727691,406.5874438,798.3535275,145.13109161387075,-37.913243017715125,fuzzy,False,False,,,,False,404.39356590108946,796.3727690996602,404.39356590108946,796.3727690996602,,,,,,,,,,,0.569300027564168,0.0,,,no_match
392.9754148,797.5923992,391.9501521,795.8214909,145.1309620628712,-37.91322996862659,fuzzy,False,False,,,,False,392.9754147994099,797.5923992004246,392.9754147994099,797.5923992004246,,,,,,,,,,,0.7900000200606883,0.0,,,no_match
382.7327321,801.5956452,383.1045556,803.6429144,145.13084651216585,-37.91319205629564,fuzzy,False,False,,,,False,382.7327320992481,801.5956452023238,382.7327320992481,801.5956452023238,,,,,,,,,,,0.6446000188589096,0.0,,,no_match
371.1628423,802.5232803,371.1168083,802.2697163,145.13071516939826,-37.913181609885015,fuzzy,False,False,,,,False,371.1628423008369,802.5232803011313,371.1628423008369,802.5232803011313,,,,,,,,,,,0.6155000301077962,0.0,,,no_match
358.5470888,805.5203538,358.3436752,804.0786151,145.13057240670764,-37.91315233241163,fuzzy,False,False,,,,False,358.5470888009295,805.5203537996858,358.5470888009295,805.5203537996858,,,,,,,,,,,0.5451000179164112,0.0,,,no_match
346.5860028,807.3497602,346.3629694,805.7689622,145.1304368216647,-37.91313369165923,fuzzy,False,False,,,,False,346.58600280224346,807.3497602008283,346.58600280224346,807.3497602008283,,,,,,,,,,,0.5516000092029572,0.0,,,no_match
336.2649652,807.7142809,336.1937946,807.2171491,145.13031955058074,-37.91312854311266,fuzzy,False,False,,,,False,336.26496519963257,807.7142808986828,336.26496519963257,807.7142808986828,,,,,,,,,,,0.5582000012509525,0.0,,,no_match
325.1356265,808.2738985,325.214163,808.811874,145.1301931333208,-37.91312149091093,fuzzy,False,False,,,,False,325.13562650146196,808.2738985000178,325.13562650146196,808.2738985000178,,,,,,,,,,,0.5270999972708523,0.0,,,no_match
315.3874308,809.7530623,315.4421564,810.1652504,145.13008262996829,-37.913106404691185,fuzzy,False,False,,,,False,315.38743080117274,809.753062300384,315.38743080117274,809.753062300384,,,,,,,,,,,0.5397000350058079,0.0,,,no_match
298.3471588,812.4139252,298.3353974,812.3200506,145.1298894825581,-37.91307935547542,fuzzy,False,False,,,,False,298.3471587988897,812.4139252007008,298.3471587988897,812.4139252007008,,,,,,,,,,,0.5730000557377934,0.0,,,no_match
286.1174895,812.6529236,286.2652493,813.8322897,145.12975048112287,-37.913074992143265,fuzzy,False,False,,,,False,286.1174894993892,812.6529235988855,286.1174894993892,812.6529235988855,,,,,,,,,,,0.6560999900102615,0.0,,,no_match
271.3041648,815.6676387,271.3089864,815.706123,145.12958273589282,-37.91304515735956,fuzzy,False,False,,,,False,271.30416479933774,815.6676387013867,271.30416479933774,815.6676387013867,,,,,,,,,,,0.7606000290252268,0.0,,,no_match
259.2989387,817.7011737,259.2384544,817.2184102,145.12944669603183,-37.91302466866332,fuzzy,False,False,,,,False,259.2989386994159,817.7011736985296,259.2989386994159,817.7011736985296,,,,,,,,,,,0.7353000110015273,0.0,,,no_match
246.444607,823.6927127,246.2428174,822.0751931,145.1293019048132,-37.91296837174133,fuzzy,False,False,,,,False,246.44460700033233,823.6927127009258,246.44460700033233,823.6927127009258,,,,,,,,,,,0.8131999638862908,0.0,,,no_match
233.2570808,823.6989819,233.2940729,823.9484735,145.12915195936458,-37.91296593101295,fuzzy,False,False,,,,False,233.25708079861943,823.6989818997681,233.25708079861943,823.6989818997681,,,,,,,,,,,0.6708999862894416,0.0,,,no_match
221.3905087,825.2800275,221.4905183,825.8345718,145.1290173930622,-37.912949543018435,fuzzy,False,False,,,,False,221.39050869987113,825.2800275022164,221.39050869987113,825.2800275022164,,,,,,,,,,,0.630799971986562,0.0,,,no_match
210.0871015,826.4139925,210.0866106,826.3967513,145.12888912816348,-37.91293728410649,fuzzy,False,False,,,,False,210.08710150263505,826.4139924999326,210.08710150263505,826.4139924999326,,,,,,,,,,,0.6717999931424856,0.0,,,no_match
202.7718656,823.0651723,205.5709419,819.0065116,145.12880518698515,-37.91296612816567,fuzzy,False,False,,,,False,202.77186559856636,823.0651722997427,202.77186559856636,823.0651722997427,,,,,,,,,,,0.6346000009216368,0.0,,,no_match
199.7637971,807.6942707,200.3532979,807.5745675,145.12876747560472,-37.91310404857515,fuzzy,False,False,,,,False,199.76379709911998,807.6942707002163,199.76379709911998,807.6942707002163,,,,,,,,,,,0.6463999743573368,0.0,,,no_match
197.7677255,795.4688699,198.2271966,795.4043757,145.12874198888932,-37.9132138166344,fuzzy,False,False,,,,False,197.7677255005692,795.4688699012622,197.7677255005692,795.4688699012622,,,,,,,,,,,0.622799969278276,0.0,,,no_match
197.2650441,782.3833155,196.5292868,782.4742281,145.1287332862028,-37.91333160320586,fuzzy,False,False,,,,False,197.265044099011,782.3833155008033,197.265044099011,782.3833155008033,,,,,,,,,,,0.8425000123679638,0.0,,,no_match
196.1310093,770.720468,195.1382413,770.8331039,145.1287177294846,-37.91343645954719,fuzzy,False,False,,,,False,196.13100930070505,770.7204680005088,196.13100930070505,770.7204680005088,,,,,,,,,,,0.6954999989829957,0.0,,,no_match
198.5381926,760.3973765,193.9619037,760.9528433,145.12874274375508,-37.913529887494285,fuzzy,False,False,,,,False,198.53819260036107,760.3973765000701,198.53819260036107,760.3973765000701,,,,,,,,,,,0.6294000195339322,0.0,,,no_match
206.4965897,753.816161,206.1368573,751.4502051,145.1288317320254,-37.91359061169752,fuzzy,False,False,,,,False,206.49658970080782,753.8161610001698,206.49658970080782,753.8161610001698,,,,,,,,,,,0.6202999502420425,0.0,,,no_match
223.113888,751.6948366,222.6939304,748.9327803,145.12902019404294,-37.913612725912614,fuzzy,False,False,,,,False,223.113888000953,751.694836601615,223.113888000953,751.694836601615,,,,,,,,,,,0.7575000054202974,0.0,,,no_match
229.0058979,751.5818403,228.4696003,748.054617,145.12908716308874,-37.913614809174334,fuzzy,False,False,,,,False,229.00589789962396,751.5818403000012,229.00589789962396,751.5818403000012,,,,,,,,,,,0.6285999552346766,0.0,,,no_match
234.511181,747.1423585,234.5131402,747.1559408,145.129148747491,-37.91365579639093,fuzzy,False,False,,,,False,234.51118099980522,747.1423585005105,234.51118099980522,747.1423585005105,,,,,,,,,,,0.6025999900884926,0.0,,,no_match
249.3159205,745.262967,249.2947576,745.1088279,145.12931665535953,-37.91367540302938,fuzzy,False,False,,,,False,249.31592050055042,745.2629670007154,249.31592050055042,745.2629670007154,,,,,,,,,,,0.6689000292681158,0.0,,,no_match
258.0677465,744.9883474,257.9235267,743.9273653,145.12941610504285,-37.91367945906591,fuzzy,False,False,,,,False,258.0677465002518,744.9883473999798,258.0677465002518,744.9883473999798,,,,,,,,,,,0.6154999719001353,0.0,,,no_match
265.944776,742.1757009,266.0330403,742.8250352,145.12950502877567,-37.913706219978934,fuzzy,False,False,,,,False,265.9447759978939,742.1757009001449,265.9447759978939,742.1757009001449,,,,,,,,,,,0.6287000142037868,0.0,,,no_match
282.0065001,740.8262855,281.9834734,740.6568849,145.12968735030478,-37.91372127918038,fuzzy,False,False,,,,False,282.00650009990204,740.8262854991481,282.00650009990204,740.8262854991481,,,,,,,,,,,0.6672999588772655,0.0,,,no_match
286.83428,738.2785148,287.0637051,739.9663265,145.12974166319214,-37.91374510268744,fuzzy,False,False,,,,False,286.83427999948617,738.2785147996619,286.83427999948617,738.2785147996619,,,,,,,,,,,0.737000023946166,0.0,,,no_match
290.0587716,727.982122,292.0526697,727.6743082,145.12977597814654,-37.91383843766726,fuzzy,False,False,,,,False,290.0587715989095,727.9821220012382,290.0587715989095,727.9821220012382,,,,,,,,,,,0.6682999664917588,0.0,,,no_match
287.1489565,717.8110655,290.5440251,717.4073523,145.12974057159016,-37.91392953482339,fuzzy,False,False,,,,False,287.1489564992371,717.8110654996708,287.1489564992371,717.8110654996708,,,,,,,,,,,0.7306999759748578,0.0,,,no_match
288.1787959,707.9462955,289.4017033,707.8008775,145.12975003075073,-37.914018584970066,fuzzy,False,False,,,,False,288.1787959006615,707.946295500733,288.1787959006615,707.946295500733,,,,,,,,,,,0.6720000528730452,0.0,,,no_match
287.9241018,693.0776585,287.6547496,693.1096877,145.1297437424579,-37.914152478861666,fuzzy,False,False,,,,False,287.92410180112347,693.0776585005224,287.92410180112347,693.0776585005224,,,,,,,,,,,0.6655000033788383,0.0,,,no_match
286.1041282,679.3031664,285.9113863,679.3292798,145.12971990565757,-37.91427623352487,fuzzy,False,False,,,,False,286.10412820085185,679.3031664006412,286.10412820085185,679.3031664006412,,,,,,,,,,,0.7431999547407031,0.0,,,no_match
284.4818691,667.3711116,284.3035853,667.3950745,145.12969873726576,-37.91438342684081,fuzzy,False,False,,,,False,284.48186910059303,667.3711115987971,284.48186910059303,667.3711115987971,,,,,,,,,,,0.6386000313796103,0.0,,,no_match
284.9163935,656.2858912,282.8657939,656.5567252,145.1297011488702,-37.91448336346033,fuzzy,False,False,,,,False,284.9163934972603,656.2858912004158,284.9163934972603,656.2858912004158,,,,,,,,,,,0.5720000481233001,0.0,,,no_match
283.9464184,649.0339867,281.9077864,649.30324,145.12968846507647,-37.91454851486233,fuzzy,False,False,,,,False,283.94641839992255,649.0339867006987,283.94641839992255,649.0339867006987,,,,,,,,,,,0.6226000259630382,0.0,,,no_match
283.4028585,640.9332605,280.8469033,641.2708395,145.12968043619074,-37.914621389710334,fuzzy,False,False,,,,False,283.4028584997868,640.9332605013624,283.4028584997868,640.9332605013624,,,,,,,,,,,0.7379000307992101,0.0,,,no_match
280.2674891,635.713388,280.1155507,635.7334553,145.12964359410938,-37.91466784470238,fuzzy,False,False,,,,False,280.26748910022434,635.7133880006149,280.26748910022434,635.7133880006149,,,,,,,,,,,0.6678999634459615,0.0,,,no_match
282.1081738,632.9473917,279.7742538,633.2723679,145.12966389273382,-37.91469309412247,fuzzy,False,False,,,,False,282.10817379970104,632.9473916999996,282.10817379970104,632.9473916999996,,,,,,,,,,,0.7424000068567693,0.0,,,no_match
292.8086317,620.4655582,292.8469274,620.8919426,145.12978271589122,-37.91480746735421,fuzzy,False,False,,,,False,292.8086316998815,620.4655582001433,292.8086316998815,620.4655582001433,,,,,,,,,,,0.5981999565847218,0.0,,,no_match
298.6623078,620.0498728,298.6888592,620.2982525,145.1298491811225,-37.91481226997112,fuzzy,False,False,,,,False,298.6623077971162,620.0498728007078,298.6623077971162,620.0498728007078,,,,,,,,,,,0.5990000208839774,0.0,,,no_match
302.6970354,619.7120896,302.7137023,619.8680034,145.129894981517,-37.914816042037494,fuzzy,False,False,,,,False,302.69703540112823,619.7120895981789,302.69703540112823,619.7120895981789,,,,,,,,,,,0.5496999947354198,0.0,,,no_match
312.5510877,618.8871119,312.5436145,618.8172018,145.13000684026264,-37.9148252545756,fuzzy,False,False,,,,False,312.55108770006336,618.8871119013056,312.55108770006336,618.8871119013056,,,,,,,,,,,0.644699961412698,0.0,,,no_match
319.5424719,618.240974,319.5053427,617.951813,145.13008618943977,-37.914832338641254,fuzzy,False,False,,,,False,319.54247190232854,618.2409740006551,319.54247190232854,618.2409740006551,,,,,,,,,,,0.5689000245183706,0.0,,,no_match
323.5294835,617.8137988,323.4816462,617.4412433,145.1301314269095,-37.914836907255626,fuzzy,False,False,,,,False,323.5294835001114,617.8137988010421,323.5294835001114,617.8137988010421,,,,,,,,,,,0.7094999891705811,0.0,,,no_match
326.9278754,617.4496895,326.8709109,617.0060513,145.1301699857817,-37.91484080137048,fuzzy,False,False,,,,False,326.9278754006373,617.4496895000339,326.9278754006373,617.4496895000339,,,,,,,,,,,0.6885000038892031,0.0,,,no_match
338.6262534,616.196293,338.9508196,615.9338305,145.13030271808117,-37.91485420621083,fuzzy,False,False,,,,False,338.62625340081286,616.1962930001318,338.62625340081286,616.1962930001318,,,,,,,,,,,0.6655000033788383,0.0,,,no_match
345.8802975,615.3017446,345.9895033,616.1900179,145.13038499728418,-37.914863575275476,fuzzy,False,False,,,,False,345.8802975001745,615.3017445998266,345.8802975001745,615.3017445998266,,,,,,,,,,,0.7587000145576894,0.0,,,no_match
354.8797255,614.1207238,354.9979682,615.0825024,145.13048705733976,-37.914875840250986,fuzzy,False,False,,,,False,354.87972550292034,614.1207238007337,354.87972550292034,614.1207238007337,,,,,,,,,,,0.7197000086307526,0.0,,,no_match
363.6137419,612.9745239,363.740756,614.0076497,145.13058610746845,-37.914887743511876,fuzzy,False,False,,,,False,363.61374189914204,612.9745239000767,363.61374189914204,612.9745239000767,,,,,,,,,,,0.6549999816343188,0.0,,,no_match
370.1722122,612.1138224,370.3058139,613.2005306,145.13066048533616,-37.9148966818139,fuzzy,False,False,,,,False,370.17221220303327,612.1138224005699,370.17221220303327,612.1138224005699,,,,,,,,,,,0.7028999971225858,0.0,,,no_match
383.7027489,610.3381257,383.849943,611.5353931,145.13081393161434,-37.914915122084444,fuzzy,False,False,,,,False,383.70274889678694,610.3381257010624,383.70274889678694,610.3381257010624,,,,,,,,,,,0.6717999931424856,0.0,,,no_match
391.6091474,609.3342066,391.7602041,610.5628926,145.1309036037325,-37.91492559387337,fuzzy,False,False,,,,False,391.60914739902364,609.3342065997422,391.60914739902364,609.3342065997422,,,,,,,,,,,0.6420999998226762,0.0,,,no_match
402.4882483,607.9984402,402.6390957,609.2254237,145.13102700183995,-37.914939591913786,fuzzy,False,False,,,,False,402.4882483005058,607.9984402004629,402.4882483005058,607.9984402004629,,,,,,,,,,,0.7415000000037253,0.0,,,no_match
410.3984391,607.0271961,410.5487578,608.2581517,145.1311167245953,-37.91494976988305,fuzzy,False,False,,,,False,410.3984391009435,607.0271960990503,410.3984391009435,607.0271960990503,,,,,,,,,,,0.6327000446617603,0.0,,,no_match
420.3874833,605.80069,420.5455439,606.9414261,145.1312300271541,-37.914962622707336,fuzzy,False,False,,,,False,420.3874833006412,605.8006900008768,420.3874833006412,605.8006900008768,,,,,,,,,,,0.584400026127696,0.0,,,no_match
432.3615568,604.3304261,432.4939411,605.2858543,145.13136584532236,-37.91497802974231,fuzzy,False,False,,,,False,432.3615567990346,604.3304260997102,432.3615567990346,604.3304260997102,,,,,,,,,,,0.60299999313429,0.0,,,no_match
445.0737543,602.6028394,445.2015411,603.5250872,145.13150999787334,-37.91499588793729,fuzzy,False,False,,,,False,445.07375429954845,602.6028394000605,445.07375429954845,602.6028394000605,,,,,,,,,,,0.9686999837867916,0.0,,,no_match
459.1254683,600.6928887,459.2473944,601.5885712,145.13166934016007,-37.91501563060899,fuzzy,False,False,,,,False,459.12546829809435,600.692888699472,459.12546829809435,600.692888699472,,,,,,,,,,,0.819800014141947,0.0,,,no_match
472.8766868,598.7654706,473.0060322,599.7156559,145.13182526171812,-37.915035476161876,fuzzy,False,False,,,,False,472.87668679922353,598.7654705988243,472.87668679922353,598.7654705988243,,,,,,,,,,,0.666900014039129,0.0,,,no_match
484.7584873,597.0927234,484.8952261,598.0972214,145.13195998482104,-37.91505268987284,fuzzy,False,False,,,,False,484.7584872995503,597.0927234012634,484.7584872995503,597.0927234012634,,,,,,,,,,,1.5640999772585928,0.0,,,no_match
499.8681458,594.8345249,500.0317981,596.0367327,145.13213127759045,-37.91507576002207,fuzzy,False,False,,,,False,499.8681458005449,594.8345248997211,499.8681458005449,594.8345248997211,,,,,,,,,,,1.652900013141334,0.0,,,no_match
513.5289575,592.779289,513.7187568,594.1735748,145.13228614231247,-37.91509674006181,fuzzy,False,False,,,,False,513.5289574987255,592.7792889997363,513.5289574987255,592.7792889997363,,,,,,,,,,,0.6133000133559108,0.0,,,no_match
526.8795719,590.7495688,526.8656885,590.6561407,145.13243748578088,-37.915117434059695,fuzzy,False,False,,,,False,526.8795718972106,590.7495688004419,526.8795718972106,590.7495688004419,,,,,,,,,,,0.6105999927967787,0.0,,,no_match
540.3967226,588.6807569,540.3915863,588.6461923,145.132590714073,-37.91513851006854,fuzzy,False,False,,,,False,540.3967226010282,588.6807569004595,540.3967226010282,588.6807569004595,,,,,,,,,,,0.7217000238597393,0.0,,,no_match
553.6025149,586.6595761,553.6059275,586.6825412,145.13274041294244,-37.915159100618574,fuzzy,False,False,,,,False,553.6025149006164,586.6595761002973,553.6025149006164,586.6595761002973,,,,,,,,,,,2.3086000001057982,0.0,,,no_match
568.2650039,584.4355105,568.274991,584.5027183,145.13290662938343,-37.91518178147514,fuzzy,False,False,,,,False,568.2650039001601,584.4355105003342,568.2650039001601,584.4355105003342,,,,,,,,,,,0.9954000124707818,0.0,,,no_match
581.9230015,582.3854331,581.9353177,582.4683274,145.13306146376615,-37.9152027135285,fuzzy,False,False,,,,False,581.9230014997302,582.3854331010953,581.9230014997302,582.3854331010953,,,,,,,,,,,1.3401000178419054,0.0,,,no_match
602.0353522,579.409638,602.0458607,579.4803654,145.13328947814267,-37.91523314893289,fuzzy,False,False,,,,False,602.0353521994548,579.4096379987895,602.0353521994548,579.4096379987895,,,,,,,,,,,0.7017999887466431,0.0,,,no_match
618.082871,577.0688559,618.0870548,577.0970147,145.13347141718273,-37.915257130285646,fuzzy,False,False,,,,False,618.082871000981,577.0688559012488,618.082871000981,577.0688559012488,,,,,,,,,,,0.8902000263333321,0.0,,,no_match
632.9228195,574.9159474,632.9194492,574.8932637,145.1336396681585,-37.915279201130474,fuzzy,False,False,,,,False,632.9228194992756,574.9159474009648,632.9228194992756,574.9159474009648,,,,,,,,,,,0.637899967841804,0.0,,,no_match
648.2830212,572.7384706,648.2644318,572.6133539,145.1338138293183,-37.915301586888525,fuzzy,False,False,,,,False,648.2830211989349,572.7384705999866,648.2830211989349,572.7384705999866,,,,,,,,,,,0.8883999544195831,0.0,,,no_match
664.001647,570.5101537,663.9674875,570.2802427,145.1339920545719,-37.91532449501125,fuzzy,False,False,,,,False,664.001646999619,570.5101536996663,664.001646999619,570.5101536996663,,,,,,,,,,,0.6472999812103808,0.0,,,no_match
679.9349614,568.2513561,679.9898599,572.1172718,145.13417271418058,-37.91534771615853,fuzzy,False,False,,,,False,679.9349614001112,568.2513560997322,679.9349614001112,568.2513560997322,,,,,,,,,,,0.6355000077746809,0.0,,,no_match
695.3315718,566.1292524,695.29,571.9,145.1343473022933,-37.915369608886195,fuzzy,False,False,,,,False,695.3315717993537,566.1292524002492,695.3315717993537,566.1292524002492,,,,,,,,,,,0.6380999693647027,0.0,,,no_match
712.1816256,583.009249,712.4920248,582.644695,145.13454274170095,-37.915220587903775,fuzzy,False,False,,,,False,712.1816255993908,583.0092489998788,712.1816255993908,583.0092489998788,,,,,,,,,,,0.5882999976165593,0.0,,,no_match
721.9415524,590.9549606,720.9977609,591.3118565,145.1346555274121,-37.91515077059315,fuzzy,False,False,,,,False,721.941552399192,590.9549605995417,721.941552399192,590.9549605995417,,,,,,,,,,,0.6509000086225569,0.0,,,no_match
726.2816467,608.5926976,725.52978,608.7869759,145.1347088909765,-37.91499266800909,fuzzy,False,False,,,,False,726.2816467004595,608.5926975999027,726.2816467004595,608.5926975999027,,,,,,,,,,,0.6751000182703137,0.0,,,no_match
730.5125743,622.1027676,729.067024,622.4762899,145.1347600737684,-37.914871728738284,fuzzy,False,False,,,,False,730.5125743003446,622.1027676006779,730.5125743003446,622.1027676006779,,,,,,,,,,,0.7020999910309911,0.0,,,no_match
735.4029871,635.3939309,736.0502533,635.1871314,145.13481870536287,-37.914752880284354,fuzzy,False,False,,,,False,735.40298709739,635.3939308989793,735.40298709739,635.3939308989793,,,,,,,,,,,0.6720999954268336,0.0,,,no_match
739.5314507,648.1933462,739.7104541,648.1926244,145.1348685610165,-37.914638324232854,fuzzy,False,False,,,,False,739.5314507009462,648.1933462005109,739.5314507009462,648.1933462005109,,,,,,,,,,,0.660400022752583,0.0,,,no_match
741.5581955,659.7459804,736.416157,659.6874151,145.13489423495955,-37.91453462061989,fuzzy,False,False,,,,False,741.5581955002854,659.7459803996608,741.5581955002854,659.7459803996608,,,,,,,,,,,0.6226000259630382,0.0,,,no_match
740.9206198,671.4137913,738.2192184,673.375758,145.13488964005703,-37.91442939920476,fuzzy,False,False,,,,False,740.9206198001048,671.4137912997976,740.9206198001048,671.4137912997976,,,,,,,,,,,0.6111999973654747,0.0,,,no_match
743.9278008,684.2524706,746.3076762,680.7210426,145.13492675463834,-37.914314287297366,fuzzy,False,False,,,,False,743.9278008010006,684.2524706013501,743.9278008010006,684.2524706013501,,,,,,,,,,,0.6696999771520495,0.0,,,no_match
760.7876972,676.5072715,760.5121466,676.2929544,145.13511669979687,-37.914387096807715,fuzzy,False,False,,,,False,760.7876972001977,676.5072715003043,760.7876972001977,676.5072715003043,,,,,,,,,,,0.6635999889113009,0.0,,,no_match
774.5191335,670.0097849,774.343402,669.3966897,145.13527135661963,-37.91444810251886,fuzzy,False,False,,,,False,774.5191334992414,670.009784899652,774.5191334992414,670.009784899652,,,,,,,,,,,0.6722999969497323,0.0,,,no_match
791.1169344,662.0290637,791.3832449,665.2913678,145.13545826871618,-37.914522985900604,fuzzy,False,False,,,,False,791.1169343995862,662.0290637016296,791.1169343995862,662.0290637016296,,,,,,,,,,,0.6241000373847783,0.0,,,no_match
801.7602221,664.6676477,801.6942605,664.2400343,145.13557988980702,-37.91450113474505,fuzzy,False,False,,,,False,801.7602220993722,664.6676476998255,801.7602220993722,664.6676476998255,,,,,,,,,,,0.7696999819017947,0.0,,,no_match
815.2859447,662.5860856,815.223308,662.1742497,145.1357332124636,-37.914522323053475,fuzzy,False,False,,,,False,815.2859446998336,662.5860855998471,815.2859446998336,662.5860855998471,,,,,,,,,,,0.743200012948364,0.0,,,no_match
827.672594,659.9903737,827.7129742,660.2571715,145.13587346629953,-37.91454793753859,fuzzy,False,False,,,,False,827.6725940002361,659.9903736989945,827.6725940002361,659.9903736989945,,,,,,,,,,,0.7202000124379992,0.0,,,no_match
839.3732142,658.9479749,839.3032356,658.4912227,145.1360062728534,-37.91455943564031,fuzzy,False,False,,,,False,839.3732142006047,658.9479748997837,839.3732142006047,658.9479748997837,,,,,,,,,,,0.8626999915577471,0.0,,,no_match
853.6474069,657.189423,853.5139988,656.3135296,145.1361681798109,-37.91457784846603,fuzzy,False,False,,,,False,853.6474068973912,657.1894230013713,853.6474068973912,657.1894230013713,,,,,,,,,,,0.7265000022016466,0.0,,,no_match
869.6045601,656.4155765,869.2419402,653.947541,145.1363494470917,-37.91458769372445,fuzzy,False,False,,,,False,869.6045600994257,656.4155764998868,869.6045600994257,656.4155764998868,,,,,,,,,,,0.616599980276078,0.0,,,no_match
877.0090071,653.4704876,876.9153799,652.8204993,145.13643297095422,-37.91461555744553,fuzzy,False,False,,,,False,877.009007102577,653.4704876001924,877.009007102577,653.4704876001924,,,,,,,,,,,0.6702000391669571,0.0,,,no_match
882.8800578,654.4327002,883.6030617,652.6203704,145.13649994740268,-37.91460794698781,fuzzy,False,False,,,,False,882.880057800212,654.4327002000064,882.880057800212,654.4327002000064,,,,,,,,,,,0.6690000300295651,0.0,,,no_match
890.466649,664.6364724,888.4043261,665.0390306,145.13658853145176,-37.91451739514357,fuzzy,False,False,,,,False,890.4666489999508,664.6364724012092,890.4666489999508,664.6364724012092,,,,,,,,,,,0.5989000201225281,0.0,,,no_match
890.9195791,671.180511,889.6514398,671.4280473,145.13659516914035,-37.914458526357805,fuzzy,False,False,,,,False,890.9195790995145,671.1805110014975,890.9195790995145,671.1805110014975,,,,,,,,,,,0.6522999610751867,0.0,,,no_match
893.7737588,682.7329692,891.974759,683.1072709,145.13663024900706,-37.91435497289545,fuzzy,False,False,,,,False,893.7737587976153,682.7329692002386,893.7737587976153,682.7329692002386,,,,,,,,,,,0.7098999922163785,0.0,,,no_match
897.6162096,696.2133029,894.9374622,696.8085801,145.13667700422675,-37.914234230596804,fuzzy,False,False,,,,False,897.6162095995387,696.2133029000834,897.6162095995387,696.2133029000834,,,,,,,,,,,0.6457000272348523,0.0,,,no_match
899.1797822,703.8550323,896.5932676,704.4117564,145.13669651998111,-37.914165673527975,fuzzy,False,False,,,,False,899.1797821989749,703.8550323005766,899.1797821989749,703.8550323005766,,,,,,,,,,,0.6337999948300421,0.0,,,no_match
901.5697744,713.2001936,898.6214904,713.8347854,145.1367258197555,-37.914081920325685,fuzzy,False,False,,,,False,901.5697744010249,713.2001935997978,901.5697744010249,713.2001935997978,,,,,,,,,,,0.5750000127591193,0.0,,,no_match
903.8173563,724.565789,901.0590325,725.1594936,145.13675395940905,-37.91397994088452,fuzzy,False,False,,,,False,903.8173563001328,724.5657889991999,903.8173563001328,724.5657889991999,,,,,,,,,,,0.6478999857790768,0.0,,,no_match
906.4685024,734.4785329,903.19,735.03,145.13678635750557,-37.91389112175903,fuzzy,False,False,,,,False,906.4685023993952,734.4785329010338,906.4685023993952,734.4785329010338,,,,,,,,,,,0.6784999859519303,0.0,,,no_match
908.7032693,747.6259153,902.58,744.72,145.1368147562543,-37.91377308919684,fuzzy,False,False,,,,False,908.7032693001674,747.6259153010324,908.7032693001674,747.6259153010324,,,,,,,,,,,0.7046000100672245,0.0,,,no_match
898.480271,749.6977424,897.9719468,749.1799609,145.13669898627555,-37.91375258477584,fuzzy,False,False,,,,False,898.4802709980868,749.6977424006909,898.4802709980868,749.6977424006909,,,,,,,,,,,0.6532000261358917,0.0,,,no_match
886.7105609,756.1438954,886.4763463,755.3649646,145.1365666237979,-37.91369239665781,fuzzy,False,False,,,,False,886.7105609008577,756.143895400688,886.7105609008577,756.143895400688,,,,,,,,,,,0.5928999744355679,0.0,,,no_match
879.7532188,758.3085604,879.4870625,757.3614182,145.13648800731247,-37.91367164383246,fuzzy,False,False,,,,False,879.7532187988982,758.3085604002699,879.7532187988982,758.3085604002699,,,,,,,,,,,0.582000007852912,0.0,,,no_match
872.2421782,760.1186026,872.0484145,759.3687637,145.13640301442138,-37.91365398576357,fuzzy,False,False,,,,False,872.2421782003948,760.1186025999486,872.2421782003948,760.1186025999486,,,,,,,,,,,0.750300008803606,0.0,,,no_match
862.0762073,762.6195013,861.9354893,762.1050544,145.13628799073868,-37.91362962603101,fuzzy,False,False,,,,False,862.0762073030928,762.6195013010874,862.0762073030928,762.6195013010874,,,,,,,,,,,0.7264999439939857,0.0,,,no_match
853.3216574,763.389862,853.6220987,764.4626978,145.13618862224223,-37.913621109545346,fuzzy,False,False,,,,False,853.3216574009275,763.3898620009422,853.3216574009275,763.3898620009422,,,,,,,,,,,0.6625999812968075,0.0,,,no_match
845.168955,768.2360461,844.8107341,766.9155455,145.136097023808,-37.91357598534744,fuzzy,False,False,,,,False,845.1689549993025,768.2360461009666,845.1689549993025,768.2360461009666,,,,,,,,,,,1.0528999846428633,0.0,,,no_match
837.498473,769.5230725,837.3408114,768.9417755,145.1360100992797,-37.91356300973656,fuzzy,False,False,,,,False,837.4984729993157,769.5230724997818,837.4984729993157,769.5230724997818,,,,,,,,,,,0.7119000074453652,0.0,,,no_match
827.8713806,773.6724414,827.3254937,771.6557888,145.13590157804921,-37.91352389687467,fuzzy,False,False,,,,False,827.8713805997977,773.6724413987249,827.8713805997977,773.6724413987249,,,,,,,,,,,0.7108999998308718,0.0,,,no_match
815.9660618,775.6707325,815.7392977,774.8700591,145.1357666632318,-37.9135037509053,fuzzy,False,False,,,,False,815.9660618008347,775.6707325000316,815.9660618008347,775.6707325000316,,,,,,,,,,,0.6610999698750675,0.0,,,no_match
809.8181155,777.3286818,809.6131789,776.6050787,145.13569713517236,-37.91348770800912,fuzzy,False,False,,,,False,809.8181154988706,777.3286818005145,809.8181154988706,777.3286818005145,,,,,,,,,,,0.637299963273108,0.0,,,no_match
802.8747846,779.2540613,802.6814084,778.5866013,145.13561862406468,-37.91346911268202,fuzzy,False,False,,,,False,802.8747845989419,779.2540613012388,802.8747845989419,779.2540613012388,,,,,,,,,,,0.6736000068485737,0.0,,,no_match
795.1016599,781.7436347,794.9118586,781.3965207,145.1355308061714,-37.91344528538498,fuzzy,False,False,,,,False,795.1016599017894,781.7436346998438,795.1016599017894,781.7436346998438,,,,,,,,,,,0.8209000225178897,0.0,,,no_match
790.3101545,784.4668214,790.0457271,784.1919364,145.1354769438764,-37.91341989085235,fuzzy,False,False,,,,False,790.3101545011159,784.4668213995174,790.3101545011159,784.4668213995174,,,,,,,,,,,0.6917999708093703,0.0,,,no_match
782.776669,789.0221753,785.7858295,790.0548094,145.13539232077449,-37.9133774975718,fuzzy,False,False,,,,False,782.7766690008575,789.0221753008664,782.7766690008575,789.0221753008664,,,,,,,,,,,0.7257999968715012,0.0,,,no_match
793.3967388,809.4368589,794.5041432,808.7699824,145.1355177189837,-37.91319551071329,fuzzy,False,False,,,,False,793.3967388027231,809.4368588998914,793.3967388027231,809.4368588998914,,,,,,,,,,,0.6415999960154295,0.0,,,no_match
800.2845003,819.6270833,801.0512319,819.1410947,145.13559835337153,-37.913104955701634,fuzzy,False,False,,,,False,800.2845002997201,819.6270832996815,800.2845002997201,819.6270832996815,,,,,,,,,,,0.6454000249505043,0.0,,,no_match
805.4369479,827.3882689,806.037415,827.0076662,145.13565870392196,-37.91303596935927,fuzzy,False,False,,,,False,805.4369479007437,827.3882688991725,805.4369479007437,827.3882688991725,,,,,,,,,,,0.6919000297784805,0.0,,,no_match
808.7954472,835.198677,810.5316909,834.0981685,145.13569866764436,-37.91296621635803,fuzzy,False,False,,,,False,808.795447198092,835.1986770005897,808.795447198092,835.1986770005897,,,,,,,,,,,0.6353000062517822,0.0,,,no_match
816.0292122,847.2270003,818.0439072,845.949997,145.13578365373797,-37.9128591654869,fuzzy,False,False,,,,False,816.0292122003739,847.2270002998412,816.0292122003739,847.2270002998412,,,,,,,,,,,0.6376999663189054,0.0,,,no_match
822.5772049,856.0953716,820.4189502,856.9715699,145.13586012354418,-37.91278045664447,fuzzy,False,False,,,,False,822.5772048988729,856.0953715993091,822.5772048988729,856.0953715993091,,,,,,,,,,,0.6341999978758395,0.0,,,no_match
824.7399559,865.214302,823.9031444,865.5540168,145.13588678838676,-37.912698700649365,fuzzy,False,False,,,,False,824.7399558995385,865.2143019996583,824.7399558995385,865.2143019996583,,,,,,,,,,,0.737000023946166,0.0,,,no_match
828.850454,874.3713899,827.6849977,874.8463133,145.13593560840246,-37.912616951795364,fuzzy,False,False,,,,False,828.8504540002323,874.3713899012655,828.8504540002323,874.3713899012655,,,,,,,,,,,0.70980004966259,0.0,,,no_match
828.9681083,878.5281864,829.0866496,878.4851237,145.13593789135882,-37.912579527518446,fuzzy,False,False,,,,False,828.9681082997704,878.528186400421,828.9681082997704,878.528186400421,,,,,,,,,,,0.7155999774113297,0.0,,,no_match
833.6325484,890.9675075,833.6224824,890.9711641,145.1359937560366,-37.9124683112392,fuzzy,False,False,,,,False,833.6325483994442,890.9675075020641,833.6325483994442,890.9675075020641,,,,,,,,,,,0.8224000339396298,0.0,,,no_match
838.1765216,900.0909357,837.1026682,900.4850986,145.1360474968666,-37.9123869436299,fuzzy,False,False,,,,False,838.1765216001659,900.0909356996417,838.1765216001659,900.0909356996417,,,,,,,,,,,0.7684000302106142,0.0,,,no_match
844.011745,909.452055,840.8558474,910.6282608,145.13611597351843,-37.91230366740132,fuzzy,False,False,,,,False,844.0117449978716,909.4520550007,844.0117449978716,909.4520550007,,,,,,,,,,,0.812100013718009,0.0,,,no_match
848.5066586,919.0572531,844.4392609,920.494727,145.1361692657982,-37.912217950984896,fuzzy,False,False,,,,False,848.5066585998866,919.0572531009093,848.5066585998866,919.0572531009093,,,,,,,,,,,0.6681000231765211,0.0,,,no_match
851.6565402,932.2482302,848.7071639,933.2357,145.13620807978316,-37.91209969066598,fuzzy,False,False,,,,False,851.6565401992993,932.2482302002609,851.6565401992993,932.2482302002609,,,,,,,,,,,0.6575000006705523,0.0,,,no_match
856.5206012,940.5459321,851.695542,942.1613924,145.13626527185667,-37.91202581894555,fuzzy,False,False,,,,False,856.5206012006965,940.5459320992231,856.5206012006965,940.5459320992231,,,,,,,,,,,0.6493999972008169,0.0,,,no_match
859.8890609,955.4278488,856.515406,956.5573697,145.13630695526635,-37.911892365536616,fuzzy,False,False,,,,False,859.8890609004302,955.4278488000855,859.8890609004302,955.4278488000855,,,,,,,,,,,0.7621000404469669,0.0,,,no_match
864.3422803,967.4502074,860.5837142,968.708599,145.13636032242033,-37.91178486710512,fuzzy,False,False,,,,False,864.3422803007998,967.4502074001357,864.3422803007998,967.4502074001357,,,,,,,,,,,0.7547000423073769,0.0,,,no_match
867.8318063,977.4898228,863.9579628,978.78681,145.1364022813064,-37.911695056143635,fuzzy,False,False,,,,False,867.8318063010811,977.4898228012025,867.8318063010811,977.4898228012025,,,,,,,,,,,0.6398999830707908,0.0,,,no_match
866.9945742,983.6768763,865.736241,984.0981742,145.13639416824526,-37.91163917079684,fuzzy,False,False,,,,False,866.9945742011187,983.6768763000146,866.9945742011187,983.6768763000146,,,,,,,,,,,0.6007999763824046,0.0,,,no_match
867.7545691,987.1500302,866.8584701,987.4500498,145.13640359905085,-37.91160802061004,fuzzy,False,False,,,,False,867.7545690987026,987.1500302003697,867.7545690987026,987.1500302003697,,,,,,,,,,,0.6342999986372888,0.0,,,no_match
870.3571849,1000.11233,869.4582502,1000.24184,145.13643613781218,-37.911491721608755,fuzzy,False,False,,,,False,870.3571848995052,1000.1123299989849,870.3571848995052,1000.1123299989849,,,,,,,,,,,0.5760000203736126,0.0,,,no_match
871.471699,1011.031408,871.0220437,1011.09619,145.13645129206495,-37.91139356046671,fuzzy,False,False,,,,False,871.4716990001034,1011.0314079988748,871.4716990001034,1011.0314079988748,,,,,,,,,,,0.640300044324249,0.0,,,no_match
873.2308034,1022.866075,872.7281718,1022.93849,145.1364739834782,-37.91128726754305,fuzzy,False,True,28533357#0,0,,False,873.2308034006273,1022.8660749997944,873.2308034006273,1022.8660749997944,503.74,1268.87,-37.90900458948612,145.1323288675359,443.89343869125594,443.89343869125594,443.89343869125594,50.0,short=0.000 small=1.000 angle_diff=14.106 mode=following,,0.02139998832717538,0.0,,,
875.7222179,1035.867199,874.6026408,1036.028038,145.13650526641888,-37.91117059874551,fuzzy,False,True,28533357#0,0,,False,875.7222179000382,1035.8671989999712,875.7222179000382,1035.8671989999712,503.74,1268.87,-37.90900458948612,145.1323288675359,438.93174379132176,438.93174379132176,438.93174379132176,10.0,short=0.000 small=0.000 angle_diff=86.260 mode=following,,0.016900012269616127,0.0,,,
876.9572472,1049.467435,876.5419172,1049.527101,145.1365224001935,-37.91104830672589,fuzzy,False,True,28533357#0,0,,False,876.9572472008877,1049.4674350013956,876.9572472008877,1049.4674350013956,503.74,1268.87,-37.90900458948612,145.1323288675359,432.9302474258125,432.9302474258125,432.9302474258125,10.0,short=0.000 small=0.000 angle_diff=91.919 mode=following,,0.013999990187585354,0.0,,,
878.3798339,1062.245585,878.3692734,1062.247102,145.1365414795907,-37.910933454038314,fuzzy,False,True,28533357#0,0,,False,878.3798339002533,1062.2455850010738,878.3798339002533,1062.2455850010738,503.74,1268.87,-37.90900458948612,145.1323288675359,427.8418563189649,427.8418563189649,427.8418563189649,10.0,short=0.000 small=0.000 angle_diff=90.755 mode=following,,0.013100041542202234,0.0,,,
880.4344303,1075.276387,880.2449715,1075.303604,145.13656780234388,-37.91081643920095,fuzzy,False,True,28533357#0,0,,False,880.4344303017715,1075.2763870013878,880.4344303017715,1075.2763870013878,503.74,1268.87,-37.90900458948612,145.1323288675359,423.5294332324881,423.5294332324881,423.5294332324881,10.0,short=0.000 small=0.000 angle_diff=88.148 mode=following,,0.012699980288743973,0.0,,,
882.0412909,1087.735292,882.0320761,1087.736617,145.13658890423963,-37.91070449552311,fuzzy,False,True,28533357#0,0,,False,882.0412909002043,1087.7352919997647,882.0412909002043,1087.7352919997647,503.74,1268.87,-37.90900458948612,145.1323288675359,419.43014810465337,419.43014810465337,419.43014810465337,10.0,short=0.000 small=0.000 angle_diff=89.759 mode=following,,0.012100033927708864,0.0,,,
884.2992268,1099.614785,883.7508936,1099.693608,145.13661727712514,-37.91059788857222,fuzzy,False,True,28533357#0,0,,False,884.2992267986992,1099.6147849997506,884.2992267986992,1099.6147849997506,503.74,1268.87,-37.90900458948612,145.1323288675359,416.5004836808769,416.5004836808769,416.5004836808769,10.0,short=0.000 small=0.000 angle_diff=86.346 mode=following,,0.01190003240481019,0.0,,,
887.112898,1112.484404,885.6357201,1112.699935,145.13665219368102,-37.91048246236958,fuzzy,False,True,28533357#0,0,,False,887.1128979990026,1112.4844040004537,887.1128979990026,1112.4844040004537,503.74,1268.87,-37.90900458948612,145.1323288675359,414.04255041757114,414.04255041757114,414.04255041757114,10.0,short=0.000 small=0.000 angle_diff=84.775 mode=following,,0.011999974958598614,0.0,,,
886.5541439,1125.619056,887.4956957,1125.482232,145.13664882586465,-37.91036404140346,fuzzy,False,True,28533357#0,0,,False,886.5541438990622,1125.6190560003743,886.5541438990622,1125.6190560003743,503.74,1268.87,-37.90900458948612,145.1323288675359,408.7389163340772,408.7389163340772,408.7389163340772,10.0,short=0.000 small=0.000 angle_diff=99.544 mode=following,,0.015199999324977398,0.0,,,
889.6955381,1138.410757,889.1246755,1138.479482,145.13668745074332,-37.91024937609986,fuzzy,False,True,28533357#0,0,,False,889.6955380996224,1138.4107569996268,889.6955380996224,1138.4107569996268,503.74,1268.87,-37.90900458948612,145.1323288675359,407.408015966794,407.408015966794,407.408015966794,10.0,short=0.000 small=0.000 angle_diff=83.310 mode=following,,0.01179997343569994,0.0,,,
890.010864,1151.335179,890.7432041,1151.239905,145.13669397334854,-37.91013300632584,fuzzy,False,True,28533357#0,0,,False,890.0108639992541,1151.3351789992303,890.0108639992541,1151.3351789992303,503.74,1268.87,-37.90900458948612,145.1323288675359,403.7568755110099,403.7568755110099,403.7568755110099,10.0,short=0.000 small=0.000 angle_diff=95.710 mode=following,,0.012800039257854223,0.0,,,
891.8387706,1163.221826,892.2942979,1163.162564,145.13671745804234,-37.91002625745365,fuzzy,False,True,28533357#0,0,,False,891.8387705995701,1163.2218260001391,891.8387705995701,1163.2218260001391,503.74,1268.87,-37.90900458948612,145.1323288675359,402.22157128926165,402.22157128926165,402.22157128926165,10.0,short=0.000 small=0.000 angle_diff=88.365 mode=following,,0.014299992471933365,0.0,,,
895.7977194,1178.422826,894.3048679,1178.61704,145.13676592569783,-37.90989003572587,fuzzy,False,True,28533357#0,0,,False,895.7977193999104,1178.4228260004893,895.7977193999104,1178.4228260004893,503.74,1268.87,-37.90900458948612,145.1323288675359,402.35549781947384,402.35549781947384,402.35549781947384,10.0,short=0.000 small=0.000 angle_diff=82.510 mode=following,,0.012299977242946625,0.0,,,
896.984067,1190.925514,895.9240949,1191.063413,145.1367822557242,-37.909777621857536,fuzzy,False,True,28533357#0,0,,False,896.9840669983532,1190.925514000468,896.9840669983532,1190.925514000468,503.74,1268.87,-37.90900458948612,145.1323288675359,400.8942991951077,400.8942991951077,400.8942991951077,10.0,short=0.000 small=0.000 angle_diff=91.687 mode=following,,0.011499971151351929,0.0,,,
897.2836667,1201.277417,897.2570679,1201.280887,145.1367880146827,-37.90968442315602,fuzzy,False,True,28533357#0,0,,False,897.2836667003576,1201.2774170003831,897.2836667003576,1201.2774170003831,503.74,1268.87,-37.90900458948612,145.1323288675359,399.3061167532025,399.3061167532025,399.3061167532025,10.0,short=0.000 small=0.000 angle_diff=95.450 mode=following,,0.011300027836114168,0.0,,,
898.7930569,1205.550843,896.8581486,1203.102592,145.1368061474505,-37.90964619878614,fuzzy,False,True,28533357#0,0,,False,898.7930569008458,1205.5508430013433,898.7930569008458,1205.5508430013433,503.74,1268.87,-37.90900458948612,145.1323288675359,400.09528041420765,400.09528041420765,400.09528041420765,10.0,short=0.000 small=0.000 angle_diff=77.654 mode=following,,0.011500029359012842,0.0,,,
885.7958086,1208.22582,885.904876,1206.000162,145.13665897805657,-37.909619761640556,fuzzy,False,True,28533357#0,0,,False,885.7958085996797,1208.2258200012147,885.7958085996797,1208.2258200012147,503.74,1268.87,-37.90900458948612,145.1323288675359,386.83892959794025,386.83892959794025,386.83892959794025,10.0,short=0.000 small=0.000 angle_diff=175.478 mode=following,,0.011800031643360853,0.0,,,
879.229121,1205.123524,879.3952242,1204.86104,145.13658361045307,-37.909646525477626,fuzzy,False,True,28533357#0,0,,False,879.2291210004478,1205.1235240008682,879.2291210004478,1205.1235240008682,503.74,1268.87,-37.90900458948612,145.1323288675359,380.86177701627764,380.86177701627764,380.86177701627764,10.0,short=0.000 small=0.000 angle_diff=147.605 mode=following,,0.01209997572004795,0.0,,,
874.592923,1203.096833,875.319585,1202.110929,145.1365304367361,-37.90966394757507,fuzzy,False,True,28533357#0,0,,False,874.5929230009206,1203.096833000891,874.5929230009206,1203.096833000891,503.74,1268.87,-37.90900458948612,145.1323288675359,376.64041205826464,376.64041205826464,376.64041205826464,10.0,short=0.000 small=0.000 angle_diff=149.280 mode=following,,0.01190003240481019,0.0,,,
870.1261329,1201.943404,871.9540451,1199.367709,145.1364793876321,-37.90967353358433,fuzzy,False,True,28533357#0,0,,False,870.1261328994296,1201.9434040011838,870.1261328994296,1201.9434040011838,503.74,1268.87,-37.90900458948612,145.1323288675359,372.44861072769123,372.44861072769123,372.44861072769123,10.0,short=0.000 small=0.000 angle_diff=158.413 mode=following,,0.01179997343569994,0.0,,,
864.2337142,1199.465221,864.2466492,1196.998342,145.13641182814504,-37.909694796559876,fuzzy,False,True,28533357#0,0,,False,864.2337142007891,1199.4652210008353,864.2337142007891,1199.4652210008353,503.74,1268.87,-37.90900458948612,145.1323288675359,367.1140712724086,367.1140712724086,367.1140712724086,10.0,short=0.000 small=0.000 angle_diff=150.082 mode=following,,0.01209997572004795,0.0,,,
856.0975097,1200.295892,856.1150238,1196.955704,145.13631950914032,-37.909685848383866,fuzzy,False,True,28533357#0,0,,False,856.0975096991751,1200.295891999267,856.0975096991751,1200.295891999267,503.74,1268.87,-37.90900458948612,145.1323288675359,358.9682756588672,358.9682756588672,358.9682756588672,10.0,short=0.000 small=0.000 angle_diff=178.722 mode=following,,0.011800031643360853,0.0,,,
852.7936667,1199.902876,853.12,1196.94,145.13628185544394,-37.90968879375274,fuzzy,False,True,28533357#0,0,,False,852.7936666989699,1199.9028760008514,852.7936666989699,1199.9028760008514,503.74,1268.87,-37.90900458948612,145.1323288675359,355.8018077929193,355.8018077929193,355.8018077929193,10.0,short=0.000 small=0.000 angle_diff=166.108 mode=following,,0.011500029359012842,0.0,,,
849.6290163,1198.990335,851.1345276,1196.394626,145.13624566625128,-37.90969644419423,fuzzy,False,True,28533357#0,0,,False,849.6290163000813,1198.9903349997476,849.6290163000813,1198.9903349997476,503.74,1268.87,-37.90900458948612,145.1323288675359,352.87728628743645,352.87728628743645,352.87728628743645,10.0,short=0.000 small=0.000 angle_diff=156.807 mode=following,,0.011699972674250603,0.0,,,
849.2285998,1187.74114,849.8203458,1187.732482,145.13623855635373,-37.909797707731386,fuzzy,False,True,28533357#0,0,,False,849.2285998005536,1187.7411399986595,849.2285998005536,1187.7411399986595,503.74,1268.87,-37.90900458948612,145.1323288675359,354.88626983480805,354.88626983480805,354.88626983480805,10.0,short=0.000 small=0.000 angle_diff=84.931 mode=following,,0.011399970389902592,0.0,,,
849.5777129,1184.682391,849.7756763,1184.679494,145.13624183041466,-37.909825324609514,fuzzy,False,True,28533357#0,0,,False,849.5777128989575,1184.6823909999803,849.5777128989575,1184.6823909999803,503.74,1268.87,-37.90900458948612,145.1323288675359,355.9371814974125,355.9371814974125,355.9371814974125,10.0,short=0.000 small=0.000 angle_diff=76.381 mode=following,,0.011300027836114168,0.0,,,
849.6205898,1182.268737,849.7403779,1182.266985,145.13624176924102,-37.90984707515027,fuzzy,False,True,28533357#0,0,,False,849.6205897999462,1182.2687370004132,849.6205897999462,1182.2687370004132,503.74,1268.87,-37.90900458948612,145.1323288675359,356.55737428004795,356.55737428004795,356.55737428004795,10.0,short=0.000 small=0.000 angle_diff=81.874 mode=following,,0.013299984857439995,0.0,,,
849.4400157,1179.803328,849.7042746,1179.799462,145.13623915568067,-37.90986925166844,fuzzy,False,True,28533357#0,0,,False,849.4400156998308,1179.8033280009404,849.4400156998308,1179.8033280009404,503.74,1268.87,-37.90900458948612,145.1323288675359,356.989317649494,356.989317649494,356.989317649494,10.0,short=0.000 small=0.000 angle_diff=87.081 mode=following,,0.01290004001930356,0.0,,,
848.2961606,1176.670533,849.6582024,1176.650604,145.1362254379677,-37.909897266677895,fuzzy,False,True,28533357#0,0,,False,848.2961606006138,1176.6705329995602,848.2961606006138,1176.6705329995602,503.74,1268.87,-37.90900458948612,145.1323288675359,356.67869227499574,356.67869227499574,356.67869227499574,10.0,short=0.000 small=0.000 angle_diff=102.950 mode=following,,0.012200034689158201,0.0,,,
849.0235496,1171.127123,849.5772676,1171.119021,145.1362324481717,-37.909947334153465,fuzzy,False,True,28533357#0,0,,False,849.0235496000387,1171.1271230001003,849.0235496000387,1171.1271230001003,503.74,1268.87,-37.90900458948612,145.1323288675359,358.85150080307574,358.85150080307574,358.85150080307574,10.0,short=0.000 small=0.000 angle_diff=75.417 mode=following,,0.012100033927708864,0.0,,,
849.9416077,1163.76567,849.4697788,1163.772574,145.1362412129943,-37.910013813369474,fuzzy,False,True,28533357#0,0,,False,849.9416077000787,1163.7656699996442,849.9416077000787,1163.7656699996442,503.74,1268.87,-37.90900458948612,145.1323288675359,361.80446840654537,361.80446840654537,361.80446840654537,10.0,short=0.000 small=0.000 angle_diff=75.783 mode=following,,0.01209997572004795,0.0,,,
847.8332104,1156.616768,849.0717248,1156.410349,145.13621561547845,-37.910077832782235,fuzzy,False,True,28533357#0,0,,False,847.8332104004221,1156.6167680006474,847.8332104004221,1156.6167680006474,503.74,1268.87,-37.90900458948612,145.1323288675359,361.9404999968498,361.9404999968498,361.9404999968498,10.0,short=0.000 small=0.000 angle_diff=99.324 mode=following,,0.023799948394298553,0.0,,,
842.4430905,1155.626758,842.1014957,1153.129657,145.13615410498033,-37.910085780219795,fuzzy,False,True,28533357#0,0,,False,842.4430905011832,1155.626757999882,842.4430905011832,1155.626757999882,503.74,1268.87,-37.90900458948612,145.1323288675359,357.13276995222645,357.13276995222645,357.13276995222645,10.0,short=0.000 small=0.000 angle_diff=162.485 mode=following,,0.01669995253905654,0.0,,,
837.5843969,1155.212322,837.387706,1153.774487,145.13609876761848,-37.91008863842736,fuzzy,False,True,28533357#0,0,,False,837.5843969002599,1155.2123220004141,837.5843969002599,1155.2123220004141,503.74,1268.87,-37.90900458948612,145.1323288675359,352.6615220150276,352.6615220150276,352.6615220150276,10.0,short=0.000 small=0.000 angle_diff=168.017 mode=following,,0.02340000355616212,0.0,,,
832.7815976,1154.968875,832.7058229,1154.414952,145.1360441046436,-37.91008996636399,fuzzy,False,True,28533357#0,0,,False,832.7815976007842,1154.9688750002533,832.7815976007842,1154.9688750002533,503.74,1268.87,-37.90900458948612,145.1323288675359,348.19798854658,348.19798854658,348.19798854658,10.0,short=0.000 small=0.000 angle_diff=169.990 mode=following,,0.0192999723367393,0.0,,,
830.3571006,1155.828107,829.9562282,1155.777203,145.13601673356322,-37.91008178946336,fuzzy,False,True,28533357#0,0,,False,830.3571006026468,1155.8281070003286,830.3571006026468,1155.8281070003286,503.74,1268.87,-37.90900458948612,145.1323288675359,345.6258091911376,345.6258091911376,345.6258091911376,10.0,short=0.000 small=0.000 angle_diff=167.594 mode=following,,0.014299992471933365,0.0,,,
829.3268714,1167.364716,830.0071426,1167.358172,145.13600764279505,-37.90997767915402,fuzzy,False,True,28533357#0,0,,False,829.3268714002334,1167.3647159999236,829.3268714002334,1167.3647159999236,503.74,1268.87,-37.90900458948612,145.1323288675359,341.0427150785195,341.0427150785195,341.0427150785195,10.0,short=0.000 small=0.000 angle_diff=102.211 mode=following,,0.022899999748915434,0.0,,,
829.2738282,1174.819517,830.0788418,1174.811774,145.13600873456866,-37.90991051483753,fuzzy,False,True,28533357#0,0,,False,829.2738282008795,1174.8195170005783,829.2738282008795,1174.8195170005783,503.74,1268.87,-37.90900458948612,145.1323288675359,338.84770422056016,338.84770422056016,338.84770422056016,10.0,short=0.000 small=0.000 angle_diff=97.516 mode=following,,0.014899997040629387,0.0,,,
829.1520637,1185.60326,830.1825542,1185.593348,145.13600980182332,-37.909813350176535,fuzzy,False,True,28533357#0,0,,False,829.1520636997884,1185.6032600011677,829.1520636997884,1185.6032600011677,503.74,1268.87,-37.90900458948612,145.1323288675359,335.89635483492265,335.89635483492265,335.89635483492265,10.0,short=0.000 small=0.000 angle_diff=97.755 mode=following,,0.013199984095990658,0.0,,,
831.6995503,1197.209406,830.2944238,1197.222923,145.13604140516068,-37.90970925789834,fuzzy,False,True,28533357#0,0,,False,831.6995502992067,1197.2094059996307,831.6995502992067,1197.2094059996307,503.74,1268.87,-37.90900458948612,145.1323288675359,335.6973448881353,335.6973448881353,335.6973448881353,10.0,short=0.000 small=0.000 angle_diff=84.728 mode=following,,0.013100041542202234,0.0,,,
831.2091802,1208.774557,830.405618,1208.782287,145.13603845900568,-37.90960498771334,fuzzy,False,True,28533357#0,0,,False,831.2091802002979,1208.7745570009574,831.2091802002979,1208.7745570009574,503.74,1268.87,-37.90900458948612,145.1323288675359,332.9377212787796,332.9377212787796,332.9377212787796,10.0,short=0.000 small=0.000 angle_diff=99.536 mode=following,,0.01179997343569994,0.0,,,
828.5238291,1220.12277,830.5145225,1220.103621,145.13601050688916,-37.90950227638759,fuzzy,False,True,28533357#0,0,,False,828.5238290998386,1220.1227700011805,828.5238290998386,1220.1227700011805,503.74,1268.87,-37.90900458948612,145.1323288675359,328.4217229071655,328.4217229071655,328.4217229071655,10.0,short=0.000 small=0.000 angle_diff=110.421 mode=following,,0.012599979527294636,0.0,,,
828.4349328,1230.303409,830.6124369,1230.282463,145.1360118107052,-37.909410550556615,fuzzy,False,True,28533357#0,0,,False,828.4349328003591,1230.3034089999273,828.4349328003591,1230.3034089999273,503.74,1268.87,-37.90900458948612,145.1323288675359,326.9773406944227,326.9773406944227,326.9773406944227,10.0,short=0.000 small=0.000 angle_diff=97.608 mode=following,,0.011699972674250603,0.0,,,
828.3468629,1240.389507,830.7094421,1240.36678,145.1360131024156,-37.90931967652275,fuzzy,False,True,28533357#0,0,,False,828.3468628990813,1240.3895069994032,828.3468628990813,1240.3895069994032,503.74,1268.87,-37.90900458948612,145.1323288675359,325.853884314335,325.853884314335,325.853884314335,10.0,short=0.000 small=0.000 angle_diff=97.608 mode=following,,0.011699972674250603,0.0,,,
829.9217173,1245.618166,830.7598797,1245.610103,145.13603219696628,-37.90927285908465,fuzzy,False,True,28533357#0,0,,False,829.9217172986828,1245.6181659987196,829.9217172986828,1245.6181659987196,503.74,1268.87,-37.90900458948612,145.1323288675359,327.00941956515703,327.00941956515703,327.00941956515703,10.0,short=0.000 small=0.000 angle_diff=80.346 mode=following,,0.011599971912801266,0.0,,,
829.4256701,1252.476518,830.7291223,1252.630296,145.13602811620427,-37.90921098793038,fuzzy,False,True,28533357#0,0,,False,829.4256700990954,1252.476518000476,829.4256700990954,1252.476518000476,503.74,1268.87,-37.90900458948612,145.1323288675359,326.09799441266966,326.09799441266966,326.09799441266966,10.0,short=0.000 small=0.000 angle_diff=101.245 mode=following,,0.011300027836114168,0.0,,,
826.9442524,1259.554966,826.1693555,1257.554781,145.1360015121933,-37.90914677647853,fuzzy,False,True,28533357#0,0,,False,826.9442523973994,1259.5549659989774,826.9442523973994,1259.5549659989774,503.74,1268.87,-37.90900458948612,145.1323288675359,323.33845831605316,323.33845831605316,323.33845831605316,10.0,short=0.000 small=0.000 angle_diff=116.426 mode=following,,0.011999974958598614,0.0,,,
818.9946828,1260.161677,819.0113796,1260.0986,145.1359112650186,-37.90913987910779,fuzzy,False,True,28533357#0,0,,False,818.9946828001412,1260.1616769991815,818.9946828001412,1260.1616769991815,503.74,1268.87,-37.90900458948612,145.1323288675359,315.37493546080066,315.37493546080066,315.37493546080066,10.0,short=0.000 small=0.000 angle_diff=177.257 mode=following,,0.01650000922381878,0.0,,,
812.0925553,1252.307614,817.9651341,1252.36123,145.13583100337016,-37.90920938718518,fuzzy,False,True,28533357#0,0,,False,812.0925553014968,1252.3076140005141,812.0925553014968,1252.3076140005141,503.74,1268.87,-37.90900458948612,145.1323288675359,308.79703850742897,308.79703850742897,308.79703850742897,10.0,short=0.000 small=0.000 angle_diff=124.201 mode=following,,0.015600002370774746,0.0,,,
811.7846158,1241.152758,818.0669441,1241.210116,145.13582496587802,-37.909309817520786,fuzzy,False,True,28533357#0,0,,False,811.7846158019966,1241.1527580013499,811.7846158019966,1241.1527580013499,503.74,1268.87,-37.90900458948612,145.1323288675359,309.28907324477433,309.28907324477433,309.28907324477433,10.0,short=0.000 small=0.000 angle_diff=84.473 mode=following,,0.02340000355616212,0.0,,,
812.0069873,1230.741789,818.1620071,1230.797984,145.13582512705975,-37.90940364226173,fuzzy,False,True,28533357#0,0,,False,812.0069872994209,1230.7417890001088,812.0069872994209,1230.7417890001088,503.74,1268.87,-37.90900458948612,145.1323288675359,310.61599432854956,310.61599432854956,310.61599432854956,10.0,short=0.000 small=0.000 angle_diff=81.669 mode=following,,0.020600040443241596,0.0,,,
812.4125671,1220.175358,818.2585046,1220.228731,145.13582733594305,-37.909498900446856,fuzzy,False,True,28533357#0,0,,False,812.4125670990907,1220.1753580002114,812.4125670990907,1220.1753580002114,503.74,1268.87,-37.90900458948612,145.1323288675359,312.4898747784161,312.4898747784161,312.4898747784161,10.0,short=0.000 small=0.000 angle_diff=80.694 mode=following,,0.019700033590197563,0.0,,,
812.8273218,1210.233641,818.3492997,1210.284057,145.13582979118686,-37.909588532699516,fuzzy,False,True,28533357#0,0,,False,812.8273218002869,1210.2336410004646,812.8273218002869,1210.2336410004646,503.74,1268.87,-37.90900458948612,145.1323288675359,314.60005577621325,314.60005577621325,314.60005577621325,10.0,short=0.000 small=0.000 angle_diff=80.503 mode=following,,0.013499986380338669,0.0,,,
813.2983138,1199.478144,818.4475287,1199.525156,145.13583270081324,-37.90968550582066,fuzzy,False,True,28533357#0,0,,False,813.2983138003619,1199.4781440002844,813.2983138003619,1199.4781440002844,503.74,1268.87,-37.90900458948612,145.1323288675359,317.2405701073061,317.2405701073061,317.2405701073061,10.0,short=0.000 small=0.000 angle_diff=80.385 mode=following,,0.021499989088624716,0.0,,,
813.7009164,1188.132659,818.5511382,1188.176941,145.13583469871335,-37.90978778138347,fuzzy,False,True,28533357#0,0,,False,813.7009163997136,1188.1326590003446,813.7009163997136,1188.1326590003446,503.74,1268.87,-37.90900458948612,145.1323288675359,320.30343102602706,320.30343102602706,320.30343102602706,10.0,short=0.000 small=0.000 angle_diff=80.860 mode=following,,0.014000048395246267,0.0,,,
813.8710182,1177.788976,818.6455826,1177.832567,145.13583428087966,-37.909880990571864,fuzzy,False,True,28533357#0,0,,False,813.8710182007635,1177.7889759996906,813.8710182007635,1177.7889759996906,503.74,1268.87,-37.90900458948612,145.1323288675359,323.22902311393267,323.22902311393267,323.22902311393267,10.0,short=0.000 small=0.000 angle_diff=81.950 mode=following,,0.012899981811642647,0.0,,,
813.9949188,1170.254743,818.7143749,1170.297832,145.13583397653224,-37.909948883191355,fuzzy,False,True,28533357#0,0,,False,813.9949188008322,1170.2547429995611,813.9949188008322,1170.2547429995611,503.74,1268.87,-37.90900458948612,145.1323288675359,325.55043165901895,325.55043165901895,325.55043165901895,10.0,short=0.000 small=0.000 angle_diff=81.950 mode=following,,0.014299992471933365,0.0,,,
813.2260583,1162.228629,812.5449217,1157.05785,145.13582340969447,-37.91002104597208,fuzzy,False,True,28533357#0,0,,False,813.2260583003517,1162.228629000485,813.2260583003517,1162.228629000485,503.74,1268.87,-37.90900458948612,145.1323288675359,327.34385940619825,327.34385940619825,327.34385940619825,10.0,short=0.000 small=0.000 angle_diff=88.364 mode=following,,0.011899974197149277,0.0,,,
812.7144719,1153.629472,813.0609996,1156.990036,145.1358156377315,-37.910098417215785,fuzzy,False,True,28533357#0,0,,False,812.7144719001371,1153.6294720005244,812.7144719001371,1153.6294720005244,503.74,1268.87,-37.90900458948612,145.1323288675359,329.7659830539932,329.7659830539932,329.7659830539932,10.0,short=0.000 small=0.000 angle_diff=86.297 mode=following,,0.012199976481497288,0.0,,,
814.4679131,1141.492714,813.9155436,1157.020434,145.13583281467805,-37.91020806411145,fuzzy,False,True,28533357#0,0,,False,814.4679131001467,1141.4927139999345,814.4679131001467,1141.4927139999345,503.74,1268.87,-37.90900458948612,145.1323288675359,335.8225855542101,335.8225855542101,335.8225855542101,10.0,short=0.000 small=0.000 angle_diff=74.671 mode=following,,0.011999974958598614,0.0,,,
814.5028272,1139.369672,799.7982714,1143.023531,145.13583272892043,-37.91022719530587,fuzzy,False,True,28533357#0,0,,False,814.5028271999909,1139.3696720004082,814.5028271999909,1139.3696720004082,503.74,1268.87,-37.90900458948612,145.1323288675359,336.6658131164096,336.6658131164096,336.6658131164096,10.0,short=0.000 small=0.000 angle_diff=81.950 mode=following,,0.014499993994832039,0.0,,,
814.4671013,1141.542095,813.9164872,1157.020468,145.135832816676,-37.91020761912855,fuzzy,False,True,28533357#0,0,,False,814.4671013014158,1141.5420949999243,814.4671013014158,1141.5420949999243,503.74,1268.87,-37.90900458948612,145.1323288675359,335.80310730380177,335.80310730380177,335.80310730380177,10.0,short=0.000 small=0.000 angle_diff=98.050 mode=following,,0.012200034689158201,0.0,,,
798.7481492,1158.568039,801.5010893,1156.77121,145.13565796425183,-37.91005141323176,fuzzy,False,True,28533357#0,0,,False,798.7481492029619,1158.568038999103,798.7481492029619,1158.568038999103,503.74,1268.87,-37.90900458948612,145.1323288675359,314.9544898819517,314.9544898819517,314.9544898819517,10.0,short=0.000 small=0.000 angle_diff=139.822 mode=following,,0.02169999061152339,0.0,,,
788.8824222,1160.392223,800.58,1155.36,145.13554620627346,-37.910033203024234,fuzzy,False,True,28533357#0,0,,False,788.8824222033145,1160.392222999595,788.8824222033145,1160.392222999595,503.74,1268.87,-37.90900458948612,145.1323288675359,305.0797093267968,305.0797093267968,305.0797093267968,10.0,short=0.000 small=0.000 angle_diff=176.632 mode=following,,0.014599994756281376,0.0,,,
778.2961923,1161.708944,776.0260217,1143.923575,145.13542614086816,-37.91001943424352,fuzzy,False,True,28533357#0,0,,False,778.2961923021358,1161.7089440003037,778.2961923021358,1161.7089440003037,503.74,1268.87,-37.90900458948612,145.1323288675359,294.7280011373493,294.7280011373493,294.7280011373493,10.0,short=0.000 small=0.000 angle_diff=179.982 mode=following,,0.013499986380338669,0.0,,,
768.5836525,1162.916983,766.3174625,1145.162801,145.13531598459878,-37.91000680181228,fuzzy,False,True,28533357#0,0,,False,768.5836524996557,1162.9169830009341,768.5836524996557,1162.9169830009341,503.74,1268.87,-37.90900458948612,145.1323288675359,285.2511210855493,285.2511210855493,285.2511210855493,10.0,short=0.000 small=0.000 angle_diff=179.982 mode=following,,0.012399978004395962,0.0,,,
756.2481108,1152.533583,755.9,1146.45,145.1351733684663,-37.91009811520066,fuzzy,False,True,28533357#0,0,,False,756.2481108008651,1152.5335830012336,756.2481108008651,1152.5335830012336,503.74,1268.87,-37.90900458948612,145.1323288675359,278.01889853089625,278.01889853089625,278.01889853089625,10.0,short=0.000 small=0.000 angle_diff=132.803 mode=following,,0.012399978004395962,0.0,,,
744.8305426,1149.213335,744.8861091,1146.286286,145.1350427959852,-37.91012596719644,fuzzy,False,True,28533357#0,0,,False,744.8305425993167,1149.2133350009099,744.8305425993167,1149.2133350009099,503.74,1268.87,-37.90900458948612,145.1323288675359,269.15119767435067,269.15119767435067,269.15119767435067,10.0,short=0.000 small=0.000 angle_diff=156.678 mode=following,,0.011699972674250603,0.0,,,
736.3175453,1147.910883,736.3514621,1146.124266,145.13494570728568,-37.91013616573417,fuzzy,False,True,28533357#0,0,,False,736.3175452999421,1147.9108830001205,736.3175452999421,1147.9108830001205,503.74,1268.87,-37.90900458948612,145.1323288675359,262.15152595996295,262.15152595996295,262.15152595996295,10.0,short=0.000 small=0.000 angle_diff=164.194 mode=following,,0.012199976481497288,0.0,,,
732.6217412,1147.331709,732.7977029,1146.018764,145.13490355439205,-37.91014071696799,fuzzy,False,True,28533357#0,0,,False,732.6217411989346,1147.331709000282,732.6217411989346,1147.331709000282,503.74,1268.87,-37.90900458948612,145.1323288675359,259.14939250051924,259.14939250051924,259.14939250051924,10.0,short=0.000 small=0.000 angle_diff=163.986 mode=following,,0.011800031643360853,0.0,,,
726.0313468,1168.968573,725.3958995,1168.967131,145.1348335442107,-37.909944618821534,fuzzy,False,True,28533357#0,0,,False,726.0313467966625,1168.968573000282,726.0313467966625,1168.968573000282,503.74,1268.87,-37.90900458948612,145.1323288675359,243.70830510520983,243.70830510520983,243.70830510520983,10.0,short=0.000 small=0.000 angle_diff=114.048 mode=following,,0.011800031643360853,0.0,,,
725.5347475,1176.791918,725.3781456,1176.791562,145.13482967769613,-37.90987405465921,fuzzy,False,True,28533357#0,0,,False,725.5347475002054,1176.791917999275,725.5347475002054,1176.791917999275,503.74,1268.87,-37.90900458948612,145.1323288675359,240.14846075628319,240.14846075628319,240.14846075628319,10.0,short=0.000 small=0.000 angle_diff=100.740 mode=following,,0.011999974958598614,0.0,,,
725.5830166,1187.132291,725.3546832,1187.131773,145.13483257890044,-37.90978091468443,fuzzy,False,True,28533357#0,0,,False,725.5830165995285,1187.1322910003364,725.5830165995285,1187.1322910003364,503.74,1268.87,-37.90900458948612,145.1323288675359,236.42203172820493,236.42203172820493,236.42203172820493,10.0,short=0.000 small=0.000 angle_diff=96.840 mode=following,,0.012299977242946625,0.0,,,
727.7217225,1196.542365,725.3333424,1196.536946,145.13485903649152,-37.90969653185559,fuzzy,False,True,28533357#0,0,,False,727.7217224976048,1196.5423649987206,727.7217224976048,1196.5423649987206,503.74,1268.87,-37.90900458948612,145.1323288675359,235.37013149053624,235.37013149053624,235.37013149053624,10.0,short=0.000 small=0.000 angle_diff=84.303 mode=following,,0.012999982573091984,0.0,,,
727.8760272,1205.946002,725.3025015,1205.939414,145.13486293015615,-37.90961184934137,fuzzy,False,True,28533357#0,0,,False,727.8760272015352,1205.9460019990802,727.8760272015352,1205.9460019990802,503.74,1268.87,-37.90900458948612,145.1323288675359,232.8011774328194,232.8011774328194,232.8011774328194,10.0,short=0.000 small=0.000 angle_diff=96.168 mode=following,,0.01409999094903469,0.0,,,
727.6913585,1214.755338,725.28,1214.73,145.13486283452923,-37.90953245934277,fuzzy,False,True,28533357#0,0,,False,727.6913585009752,1214.7553380001336,727.6913585009752,1214.7553380001336,503.74,1268.87,-37.90900458948612,145.1323288675359,230.39663109037005,230.39663109037005,230.39663109037005,10.0,short=0.000 small=0.000 angle_diff=98.309 mode=following,,0.011700030881911516,0.0,,,
726.5059775,1218.496322,724.747526,1217.445293,145.13485020794673,-37.909498545966585,fuzzy,False,True,28533357#0,0,,False,726.5059774988913,1218.496321999468,726.5059774988913,1218.496321999468,503.74,1268.87,-37.90900458948612,145.1323288675359,228.39042923541655,228.39042923541655,228.39042923541655,10.0,short=0.000 small=0.000 angle_diff=114.689 mode=following,,0.019099970813840628,0.0,,,
725.9585812,1224.274734,727.1350569,1223.514927,145.1348452986645,-37.90944639391534,fuzzy,False,True,28533357#0,0,,False,725.9585811993456,1224.2747339988127,725.9585811993456,1224.2747339988127,503.74,1268.87,-37.90900458948612,145.1323288675359,226.64914643555755,226.64914643555755,226.64914643555755,10.0,short=0.000 small=0.000 angle_diff=102.519 mode=following,,0.013100041542202234,0.0,,,
724.0085814,1224.370014,725.4163945,1221.713015,145.13482314913216,-37.909445184140516,fuzzy,False,True,28533357#0,0,,False,724.0085814003833,1224.3700139988214,724.0085814003833,1224.3700139988214,503.74,1268.87,-37.90900458948612,145.1323288675359,224.71870573283914,224.71870573283914,224.71870573283914,10.0,short=0.000 small=0.000 angle_diff=175.690 mode=following,,0.012800039257854223,0.0,,,
699.4878782,1221.703883,699.4718489,1220.620052,145.134543745799,-37.909464781339466,fuzzy,False,True,28533357#0,0,,False,699.4878782010055,1221.7038830006495,699.4878782010055,1221.7038830006495,503.74,1268.87,-37.90900458948612,145.1323288675359,201.3501289122808,201.3501289122808,201.3501289122808,10.0,short=0.000 small=0.000 angle_diff=166.687 mode=following,,0.012100033927708864,0.0,,,
689.2405191,1221.349407,689.231972,1220.771495,145.13442715418614,-37.90946612721436,fuzzy,False,True,28533357#0,0,,False,689.240519099636,1221.3494069995359,689.240519099636,1221.3494069995359,503.74,1268.87,-37.90900458948612,145.1323288675359,191.49059858215017,191.49059858215017,191.49059858215017,10.0,short=0.000 small=0.000 angle_diff=170.911 mode=following,,0.018000020645558834,0.0,,,
676.7248935,1223.630426,676.6808189,1220.971257,145.1342853724523,-37.909443322828245,fuzzy,False,True,28533357#0,0,,False,676.7248934992822,1223.6304259998724,676.7248934992822,1223.6304259998724,503.74,1268.87,-37.90900458948612,145.1323288675359,178.8026633880799,178.8026633880799,178.8026633880799,10.0,short=0.000 small=0.000 angle_diff=176.779 mode=following,,0.01360004534944892,0.0,,,
669.4719493,1223.153789,669.4377645,1221.091308,145.13420279911855,-37.9094463088063,fuzzy,False,True,28533357#0,0,,False,669.4719493009616,1223.1537890005857,669.4719493009616,1223.1537890005857,503.74,1268.87,-37.90900458948612,145.1323288675359,171.9216419396914,171.9216419396914,171.9216419396914,10.0,short=0.000 small=0.000 angle_diff=169.132 mode=following,,0.020400038920342922,0.0,,,
661.5176567,1223.511634,661.479727,1221.223209,145.13411244146783,-37.90944165104562,fuzzy,False,True,28533357#0,0,,False,661.51765670022,1223.5116339996457,661.51765670022,1223.5116339996457,503.74,1268.87,-37.90900458948612,145.1323288675359,164.16811602754825,164.16811602754825,164.16811602754825,10.0,short=0.000 small=0.000 angle_diff=175.468 mode=following,,0.015500001609325409,0.0,,,
647.6812683,1222.294521,647.666953,1221.448149,145.1339548468582,-37.90945012015541,fuzzy,False,True,28533357#0,0,,False,647.6812683009775,1222.2945210002363,647.6812683009775,1222.2945210002363,503.74,1268.87,-37.90900458948612,145.1323288675359,151.2890080744514,151.2890080744514,151.2890080744514,10.0,short=0.000 small=0.000 angle_diff=167.865 mode=following,,0.011999974958598614,0.0,,,
635.7345897,1222.443792,635.7211671,1221.650196,145.13381904894257,-37.90944662111878,fuzzy,False,True,28533357#0,0,,False,635.7345896997722,1222.4437920013443,635.7345896997722,1222.4437920013443,503.74,1268.87,-37.90900458948612,145.1323288675359,139.921279650901,139.921279650901,139.921279650901,10.0,short=0.000 small=0.000 angle_diff=173.608 mode=following,,0.01279998105019331,0.0,,,
628.3073766,1223.781186,628.2734643,1221.776165,145.13373490711035,-37.909433234102764,fuzzy,False,True,28533357#0,0,,False,628.3073765995214,1223.781186000444,628.3073765995214,1223.781186000444,503.74,1268.87,-37.90900458948612,145.1323288675359,132.47653551015566,132.47653551015566,132.47653551015566,10.0,short=0.000 small=0.000 angle_diff=176.900 mode=following,,0.02169999061152339,0.0,,,
621.6715909,1224.174766,621.6329214,1221.888481,145.13365954886856,-37.90942849187275,fuzzy,False,True,28533357#0,0,,False,621.6715908980696,1224.1747660003603,621.6715908980696,1224.1747660003603,503.74,1268.87,-37.90900458948612,145.1323288675359,126.11710460533172,126.11710460533172,126.11710460533172,10.0,short=0.000 small=0.000 angle_diff=176.287 mode=following,,0.015000056009739637,0.0,,,
611.8931419,1224.301407,611.8551276,1222.053859,145.1335483982923,-37.909425587427336,fuzzy,False,True,28533357#0,0,,False,611.8931418997236,1224.3014070009813,611.8931418997236,1224.3014070009813,503.74,1268.87,-37.90900458948612,145.1323288675359,116.97632916404032,116.97632916404032,116.97632916404032,10.0,short=0.000 small=0.000 angle_diff=173.634 mode=following,,0.013199984095990658,0.0,,,
601.1625045,1223.473858,601.1415519,1222.235065,145.13342620426639,-37.90943110670212,fuzzy,False,True,28533357#0,0,,False,601.1625044991961,1223.4738579997793,601.1625044991961,1223.4738579997793,503.74,1268.87,-37.90900458948612,145.1323288675359,107.48001717249616,107.48001717249616,107.48001717249616,10.0,short=0.000 small=0.000 angle_diff=168.482 mode=following,,0.016400008462369442,0.0,,,
593.4147238,1222.97243,593.4044656,1222.365928,145.13333799908074,-37.909434226138984,fuzzy,False,True,28533357#0,0,,False,593.4147237997386,1222.9724300000817,593.4147237997386,1222.9724300000817,503.74,1268.87,-37.90900458948612,145.1323288675359,100.73799194175349,100.73799194175349,100.73799194175349,10.0,short=0.000 small=0.000 angle_diff=169.189 mode=following,,0.023699947632849216,0.0,,,
587.4162457,1224.687147,587.3786769,1222.467906,145.13327018775857,-37.909417697496494,fuzzy,False,True,28533357#0,0,,False,587.4162457010243,1224.6871470008045,587.4162457010243,1224.6871470008045,503.74,1268.87,-37.90900458948612,145.1323288675359,94.62472506573899,94.62472506573899,94.62472506573899,10.0,short=0.000 small=0.000 angle_diff=171.155 mode=following,,0.017799960914999247,0.0,,,
571.3463292,1224.501005,571.3209014,1222.707262,145.1330874330573,-37.90941647529387,fuzzy,False,True,28533357#0,0,,False,571.3463292004308,1224.5010050004348,571.3463292004308,1224.5010050004348,503.74,1268.87,-37.90900458948612,145.1323288675359,80.86546521988511,80.86546521988511,80.86546521988511,10.0,short=0.000 small=0.000 angle_diff=172.229 mode=following,,0.014699995517730713,0.0,,,
562.0878347,1223.363308,562.0803917,1222.838254,145.13298190642865,-37.90942505358151,fuzzy,False,True,28533357#0,0,,False,562.0878346998943,1223.3633080003783,562.0878346998943,1223.3633080003783,503.74,1268.87,-37.90900458948612,145.1323288675359,73.99546493478239,73.99546493478239,73.99546493478239,10.0,short=0.000 small=0.000 angle_diff=165.887 mode=following,,0.026600027922540903,0.0,,,
550.0817973,1223.51306,550.0746439,1223.008446,145.13284543386197,-37.9094215383808,fuzzy,False,True,28533357#0,0,,False,550.081797299441,1223.5130599997938,550.081797299441,1223.5130599997938,503.74,1268.87,-37.90900458948612,145.1323288675359,64.84453857592611,64.84453857592611,64.84453857592611,10.0,short=0.000 small=0.000 angle_diff=173.607 mode=following,,0.015500001609325409,0.0,,,
542.4814669,1225.4309,542.4486591,1223.11655,145.13275945614268,-37.9094028906388,fuzzy,False,True,28533357#0,0,,False,542.4814668993931,1225.4309000000358,542.4814668993931,1225.4309000000358,503.74,1268.87,-37.90900458948612,145.1323288675359,58.20529757954731,58.20529757954731,58.20529757954731,10.0,short=0.000 small=0.000 angle_diff=172.946 mode=following,,0.013699987903237343,0.0,,,
530.0951917,1223.84098,530.0874063,1223.291782,145.13261826416823,-37.909414977949204,fuzzy,False,True,28533357#0,0,,False,530.0951917001512,1223.840980000794,530.0951917001512,1223.840980000794,503.74,1268.87,-37.90900458948612,145.1323288675359,52.17479057591518,52.17479057591518,52.17479057591518,10.0,short=0.000 small=0.000 angle_diff=165.578 mode=following,,0.013199984095990658,0.0,,,
521.3714493,1223.23833,521.3739581,1223.415302,145.13251893941668,-37.90941883248653,fuzzy,False,True,28533357#0,0,,False,521.3714492997387,1223.2383300000802,521.3714492997387,1223.2383300000802,503.74,1268.87,-37.90900458948612,145.1323288675359,48.91949827411184,48.91949827411184,48.91949827411184,10.0,short=0.000 small=0.000 angle_diff=168.940 mode=following,,0.017700018361210823,0.0,,,
513.1443258,1224.430901,513.0866,1224.060888,145.13242567005713,-37.90940660478588,fuzzy,False,True,28533357#0,0,,False,513.1443258001236,1224.4309010012075,513.1443258001236,1224.4309010012075,503.74,1268.87,-37.90900458948612,145.1323288675359,45.42328547759771,45.42328547759771,45.42328547759771,10.0,short=0.000 small=0.000 angle_diff=178.860 mode=following,,0.01969997538253665,0.0,,,
507.0588925,1232.091763,508.3542546,1232.199983,145.13235822481306,-37.90933649563473,fuzzy,False,True,28533357#0,0,,False,507.0588924982585,1232.091763000004,507.0588924982585,1232.091763000004,503.74,1268.87,-37.90900458948612,145.1323288675359,36.927682898374,36.927682898374,36.927682898374,10.0,short=0.000 small=0.000 angle_diff=135.570 mode=following,,0.012299977242946625,0.0,,,
509.4046489,1242.891108,508.9215485,1242.919297,145.13238735561256,-37.90923963590851,fuzzy,False,True,28533357#0,0,,False,509.40464890020667,1242.8911080015823,509.40464890020667,1242.8911080015823,503.74,1268.87,-37.90900458948612,145.1323288675359,26.58930380111628,26.58930380111628,26.58930380111628,10.000000000000002,short=0.000 small=0.000 angle_diff=84.853 mode=following,,0.012199976481497288,0.0,,,
508.2870912,1254.578535,509.5974049,1254.502078,145.13237731147603,-37.90913415107617,fuzzy,False,True,28533357#0,0,,False,508.28709120093845,1254.5785350007936,508.28709120093845,1254.5785350007936,503.74,1268.87,-37.90900458948612,145.1323288675359,14.997400115126261,14.997400115126261,14.997400115126261,10.000000082789821,short=0.000 small=0.000 angle_diff=102.570 mode=following,,0.012299977242946625,0.0,,,
509.1746692,1266.055512,510.2678271,1265.991726,145.1323900173584,-37.90903092390455,fuzzy,False,True,28533357#0,0,,False,509.1746691968292,1266.0555119998753,509.1746691968292,1266.0555119998753,503.74,1268.87,-37.90900458948612,145.1323288675359,6.120210125625534,6.120210125625534,6.120210125625534,10.121662683987534,short=0.003 small=0.000 angle_diff=92.686 mode=following,,0.011800031643360853,0.0,,,
515.705781,1277.538452,515.9707484,1277.244538,145.1324668901605,-37.90892866150155,fuzzy,False,True,28533357#0,0,,False,515.7057810032275,1277.5384520012885,515.7057810032275,1277.5384520012885,503.74,1268.87,-37.90900458948612,145.1323288675359,14.775722490485666,14.775722490485666,14.775722490485666,10.000000118035958,short=0.000 small=0.000 angle_diff=67.478 mode=following,,0.012499978765845299,0.0,,,
529.8902091,1277.034165,529.8942374,1277.855375,145.1326280488079,-37.90893576395031,fuzzy,False,True,28533357#0,0,,False,529.8902091007913,1277.0341649986804,529.8902091007913,1277.0341649986804,503.74,1268.87,-37.90900458948612,145.1323288675359,27.395018272320687,27.395018272320687,27.395018272320687,50.0,short=0.000 small=1.000 angle_diff=5.072 mode=following,,0.013000040780752897,0.0,,,
536.7816661,1278.172637,531.1330572,1278.924608,145.1327066622962,-37.9089267518667,fuzzy,False,True,28533357#0,0,,False,536.7816660992103,1278.1726369988173,536.7816660992103,1278.1726369988173,503.74,1268.87,-37.90900458948612,145.1323288675359,34.32624001756481,34.32624001756481,34.32624001756481,50.0,short=0.000 small=1.000 angle_diff=16.488 mode=following,,0.012699980288743973,0.0,,,
534.2652591,1303.832253,534.4456897,1303.808233,145.13268389532098,-37.90869514977643,fuzzy,False,True,28533357#0,0,,False,534.2652590998914,1303.8322529997677,534.2652590998914,1303.8322529997677,503.74,1268.87,-37.90900458948612,145.1323288675359,46.412827730437556,46.412827730437556,46.412827730437556,10.0,short=0.000 small=0.000 angle_diff=102.709 mode=following,,0.012399978004395962,0.0,,,
536.279163,1315.572535,536.0164681,1315.607507,145.13270946663556,-37.90858975387339,fuzzy,False,True,28533357#0,0,,False,536.2791629994172,1315.5725349998102,536.2791629994172,1315.5725349998102,503.74,1268.87,-37.90900458948612,145.1323288675359,56.920329444857764,56.920329444857764,56.920329444857764,10.0,short=0.000 small=0.000 angle_diff=87.374 mode=following,,0.019499973859637976,0.0,,,
536.9007279,1326.917798,537.5014935,1326.844398,145.13271911744627,-37.90848766515421,fuzzy,False,True,28533357#0,0,,False,536.900727899163,1326.9177980003878,536.900727899163,1326.9177980003878,503.74,1268.87,-37.90900458948612,145.1323288675359,66.85193136698575,66.85193136698575,66.85193136698575,10.0,short=0.000 small=0.000 angle_diff=93.972 mode=following,,0.014499993994832039,0.0,,,
540.0240194,1338.869703,539.8687462,1338.935543,145.13275735019653,-37.908380563060376,fuzzy,False,True,28533357#0,0,,False,540.0240194002981,1338.8697030004114,540.0240194002981,1338.8697030004114,503.74,1268.87,-37.90900458948612,145.1323288675359,78.8447111985771,78.8447111985771,78.8447111985771,10.0,short=0.000 small=0.000 angle_diff=82.463 mode=following,,0.012800039257854223,0.0,,,
543.4999511,1342.565006,542.8702765,1343.267768,145.1327977119443,-37.90834790205289,fuzzy,False,True,28533357#0,0,,False,543.4999511006754,1342.5650059999898,543.4999511006754,1342.5650059999898,503.74,1268.87,-37.90900458948612,145.1323288675359,83.7365369529135,83.7365369529135,83.7365369529135,21.14001251247194,short=0.000 small=0.279 angle_diff=53.860 mode=following,,0.02319994382560253,0.0,,,
546.1168119,1347.233256,546.8544496,1346.047361,145.1328285278752,-37.90830632148605,fuzzy,False,True,28533357#0,0,,False,546.1168119002832,1347.2332560010254,546.1168119002832,1347.2332560010254,503.74,1268.87,-37.90900458948612,145.1323288675359,89.0875641036068,89.0875641036068,89.0875641036068,10.0,short=0.000 small=0.000 angle_diff=67.834 mode=following,,0.018000020645558834,0.0,,,
555.4482429,1350.779773,555.5769266,1348.006417,145.1329354306973,-37.908276057214835,fuzzy,False,True,28533357#0,0,,False,555.4482428980409,1350.7797730006278,555.4482428980409,1350.7797730006278,503.74,1268.87,-37.90900458948612,145.1323288675359,96.86564559541831,96.86564559541831,96.86564559541831,47.08230333895999,short=0.000 small=0.927 angle_diff=27.918 mode=following,,0.018300022929906845,0.0,,,
567.4114536,1349.423539,567.4417827,1348.445096,145.13307113951973,-37.9082904328147,fuzzy,False,True,28533357#0,0,,False,567.4114535998087,1349.423538999632,567.4114535998087,1349.423538999632,503.74,1268.87,-37.90900458948612,145.1323288675359,102.67875461300574,102.67875461300574,102.67875461300574,50.0,short=0.000 small=1.000 angle_diff=0.640 mode=following,,0.019900035113096237,0.0,,,
575.8258606,1349.592048,575.5980931,1350.598463,145.13316684685478,-37.908290432815114,fuzzy,False,True,28533357#0,0,,False,575.8258605999872,1349.5920480005443,575.8258605999872,1349.5920480005443,503.74,1268.87,-37.90900458948612,145.1323288675359,108.22393603932073,108.22393603932073,108.22393603932073,50.0,short=0.000 small=1.000 angle_diff=8.255 mode=following,,0.022799998987466097,0.0,,,
577.5166641,1352.228443,576.9988867,1350.356478,145.1331866709839,-37.90826698853727,fuzzy,False,True,28533357#0,0,,False,577.5166641003452,1352.2284429995343,577.5166641003452,1352.2284429995343,503.74,1268.87,-37.90900458948612,145.1323288675359,111.31768136770454,111.31768136770454,111.31768136770454,10.565506676585983,short=0.000 small=0.014 angle_diff=64.434 mode=following,,0.017300015315413475,0.0,,,
588.1666384,1341.176154,586.8998709,1340.028893,145.13330524130353,-37.90836847140645,fuzzy,False,True,28533357#0,0,,False,588.1666383983102,1341.1761539997533,588.1666383983102,1341.1761539997533,503.74,1268.87,-37.90900458948612,145.1323288675359,111.15771308134705,111.15771308134705,111.15771308134705,36.04580757580672,short=0.000 small=0.651 angle_diff=38.954 mode=following,,0.012699980288743973,0.0,,,
596.2341539,1334.891626,595.2545432,1333.181134,145.13339553561295,-37.90842653919188,fuzzy,False,True,28533357#0,0,,False,596.2341538998298,1334.8916260004044,596.2341538998298,1334.8916260004044,503.74,1268.87,-37.90900458948612,145.1323288675359,113.63988562728619,113.63988562728619,113.63988562728619,44.18953370006237,short=0.000 small=0.855 angle_diff=30.810 mode=following,,0.021899992134422064,0.0,,,
607.0798435,1331.053967,607.1041432,1329.917665,145.13351797407358,-37.90846306599856,fuzzy,False,True,28533357#0,0,,False,607.0798435010947,1331.0539669999853,607.0798435010947,1331.0539669999853,503.74,1268.87,-37.90900458948612,145.1323288675359,120.60667065583901,120.60667065583901,120.60667065583901,50.0,short=0.000 small=1.000 angle_diff=12.378 mode=following,,0.015700003132224083,0.0,,,
613.9119401,1332.060595,613.8916655,1330.058667,145.13359588205077,-37.90845523028068,fuzzy,False,True,28533357#0,0,,False,613.9119401007192,1332.060595001094,613.9119401007192,1332.060595001094,503.74,1268.87,-37.90900458948612,145.1323288675359,127.00751033757322,127.00751033757322,127.00751033757322,50.0,short=0.000 small=1.000 angle_diff=15.489 mode=following,,0.012699980288743973,0.0,,,
621.800886,1331.590248,621.7845654,1329.978731,145.1336854698677,-37.90846089006715,fuzzy,False,True,28533357#0,0,,False,621.8008859992842,1331.5902479998767,621.8008859992842,1331.5902479998767,503.74,1268.87,-37.90900458948612,145.1323288675359,133.6869564022685,133.6869564022685,133.6869564022685,50.0,short=0.000 small=1.000 angle_diff=3.696 mode=following,,0.012399978004395962,0.0,,,
632.2841424,1330.965214,632.273076,1329.872508,145.1338045190092,-37.90846841109546,fuzzy,False,True,28533357#0,0,,False,632.2841423990903,1330.9652139991522,632.2841423990903,1330.9652139991522,503.74,1268.87,-37.90900458948612,145.1323288675359,142.75647847547282,142.75647847547282,142.75647847547282,50.0,short=0.000 small=1.000 angle_diff=3.696 mode=following,,0.011599971912801266,0.0,,,
641.7599075,1330.08593,641.7327295,1329.698025,145.13391205544363,-37.90847804067523,fuzzy,False,True,28533357#0,0,,False,641.759907499305,1330.0859300000593,641.759907499305,1330.0859300000593,503.74,1268.87,-37.90900458948612,145.1323288675359,150.98637339802846,150.98637339802846,150.98637339802846,50.0,short=0.000 small=1.000 angle_diff=1.806 mode=following,,0.011599971912801266,0.0,,,
653.1914125,1328.119874,652.9590954,1327.349523,145.13404158075502,-37.90849781271761,fuzzy,False,True,28533357#0,0,,False,653.1914124996401,1328.1198740005493,653.1914124996401,1328.1198740005493,503.74,1268.87,-37.90900458948612,145.1323288675359,160.7677587926714,160.7677587926714,160.7677587926714,50.0,short=0.000 small=1.000 angle_diff=2.651 mode=following,,0.01160003012046218,0.0,,,
664.9830615,1325.106695,664.6006794,1323.838736,145.1341749625838,-37.90852708229857,fuzzy,False,True,28533357#0,0,,False,664.9830614971579,1325.1066950010136,664.9830614971579,1325.1066950010136,503.74,1268.87,-37.90900458948612,145.1323288675359,170.76852972844054,170.76852972844054,170.76852972844054,50.0,short=0.000 small=1.000 angle_diff=7.226 mode=following,,0.011500029359012842,0.0,,,
675.9872792,1321.478352,675.6905274,1320.494339,145.13429925167736,-37.90856175131771,fuzzy,False,True,28533357#0,0,,False,675.9872792011593,1321.4783520000055,675.9872792011593,1321.4783520000055,503.74,1268.87,-37.90900458948612,145.1323288675359,180.10209297051105,180.10209297051105,180.10209297051105,50.0,short=0.000 small=1.000 angle_diff=11.141 mode=following,,0.012699980288743973,0.0,,,
686.9851517,1317.960237,686.7167492,1317.112809,145.13442349382998,-37.908595426103034,fuzzy,False,True,28533357#0,0,,False,686.985151700268,1317.9602370001376,686.985151700268,1317.9602370001376,503.74,1268.87,-37.90900458948612,145.1323288675359,189.7067130872915,189.7067130872915,189.7067130872915,50.0,short=0.000 small=1.000 angle_diff=10.631 mode=following,,0.01179997343569994,0.0,,,
696.4741185,1315.859614,695.7424255,1314.103874,145.13453090277096,-37.908616059632095,fuzzy,False,True,28533357#0,0,,False,696.4741184993181,1315.8596139997244,696.4741184993181,1315.8596139997244,503.74,1268.87,-37.90900458948612,145.1323288675359,198.37959637410373,198.37959637410373,198.37959637410373,50.0,short=0.000 small=1.000 angle_diff=5.375 mode=following,,0.011200027074664831,0.0,,,
709.7516888,1306.701494,709.1198669,1306.364074,145.1346797815466,-37.90870095168637,fuzzy,False,True,28533357#0,0,,False,709.7516887993552,1306.701494000852,709.7516887993552,1306.701494000852,503.74,1268.87,-37.90900458948612,145.1323288675359,209.45652976285766,209.45652976285766,209.45652976285766,47.512105649847314,short=0.000 small=0.938 angle_diff=27.488 mode=following,,0.011800031643360853,0.0,,,
711.4656255,1296.617364,712.4024921,1296.633277,145.13469697438478,-37.9087921010092,fuzzy,False,True,28533357#0,0,,False,711.4656254997244,1296.617364000529,711.4656254997244,1296.617364000529,503.74,1268.87,-37.90900458948612,145.1323288675359,209.57063653629916,209.57063653629916,209.57063653629916,10.0,short=0.000 small=0.000 angle_diff=73.246 mode=following,,0.011699972674250603,0.0,,,
712.5467599,1285.935521,712.459598,1285.935811,145.13470683646656,-37.908888520615854,fuzzy,False,True,28533357#0,0,,False,712.5467599005206,1285.935521000065,712.5467599005206,1285.935521000065,503.74,1268.87,-37.90900458948612,145.1323288675359,209.5029713086602,209.5029713086602,209.5029713086602,10.0,short=0.000 small=0.000 angle_diff=77.113 mode=following,,0.012499978765845299,0.0,,,
713.3845928,1276.175214,711.9704438,1276.275317,145.13471414193654,-37.90897659493757,fuzzy,False,True,28533357#0,0,,False,713.3845928009832,1276.1752140000463,713.3845928009832,1276.1752140000463,503.74,1268.87,-37.90900458948612,145.1323288675359,209.77183186089724,209.77183186089724,209.77183186089724,10.0,short=0.000 small=0.000 angle_diff=77.986 mode=following,,0.015400000847876072,0.0,,,
714.941501,1266.359988,712.6818887,1265.315835,145.134729610662,-37.90906529359502,fuzzy,False,True,28533357#0,0,,False,714.9415010010125,1266.3599880011752,714.9415010010125,1266.3599880011752,503.74,1268.87,-37.90900458948612,145.1323288675359,211.21641552046785,211.21641552046785,211.21641552046785,10.0,short=0.000 small=0.000 angle_diff=73.879 mode=following,,0.01190003240481019,0.0,,,
717.9600232,1259.827657,716.0612726,1258.812588,145.13476244454094,-37.90912468255735,fuzzy,False,True,28533357#0,0,,False,717.9600231994409,1259.827657001093,717.9600231994409,1259.827657001093,503.74,1268.87,-37.90900458948612,145.1323288675359,214.41077936167034,214.41077936167034,214.41077936167034,16.908997673774934,short=0.000 small=0.173 angle_diff=58.091 mode=following,,0.012100033927708864,0.0,,,
721.5383195,1252.138904,720.0531771,1251.345249,145.13480137991772,-37.909194589747074,fuzzy,False,True,28533357#0,0,,False,721.5383194998722,1252.1389040006325,721.5383194998722,1252.1389040006325,503.74,1268.87,-37.90900458948612,145.1323288675359,218.44000904209017,218.44000904209017,218.44000904209017,17.06479652153334,short=0.000 small=0.177 angle_diff=57.935 mode=following,,0.01209997572004795,0.0,,,
723.7494414,1246.428928,722.9179115,1245.984561,145.13482522098974,-37.9092464251844,fuzzy,False,True,28533357#0,0,,False,723.7494414009852,1246.4289279989898,723.7494414009852,1246.4289279989898,503.74,1268.87,-37.90900458948612,145.1323288675359,221.1509801428157,221.1509801428157,221.1509801428157,13.276146162575856,short=0.000 small=0.082 angle_diff=61.724 mode=following,,0.012000033166259527,0.0,,,
725.2766641,1242.081372,725.0643857,1241.967931,145.134841596214,-37.9092858643298,fuzzy,False,True,28533357#0,0,,False,725.2766640994232,1242.081372000277,725.2766640994232,1242.081372000277,503.74,1268.87,-37.90900458948612,145.1323288675359,223.15045178177033,223.15045178177033,223.15045178177033,11.46334054411304,short=0.000 small=0.037 angle_diff=63.537 mode=following,,0.014199991710484028,0.0,,,
728.2778641,1232.363302,727.9010508,1232.306834,145.13487350861175,-37.909373948080955,fuzzy,False,True,28533357#0,0,,False,728.2778640998295,1232.363301999867,728.2778640998295,1232.363301999867,503.74,1268.87,-37.90900458948612,145.1323288675359,227.48624444872792,227.48624444872792,227.48624444872792,10.0,short=0.000 small=0.000 angle_diff=65.730 mode=following,,0.011499971151351929,0.0,,,
726.8981161,1236.810886,727.0232343,1236.845144,145.13485883287078,-37.90933363444266,fuzzy,False,True,28533357#0,0,,False,726.8981161009287,1236.8108860012144,726.8981161009287,1236.8108860012144,503.74,1268.87,-37.90900458948612,145.1323288675359,225.44917735956082,225.44917735956082,225.44917735956082,10.0,short=0.000 small=0.000 angle_diff=114.343 mode=following,,0.011699972674250603,0.0,,,
706.8863259,1221.61327,706.8700185,1220.510637,145.13462784444374,-37.90946693128084,fuzzy,False,True,28533357#0,0,,False,706.8863258995116,1221.6132699996233,706.8863258995116,1221.6132699996233,503.74,1268.87,-37.90900458948612,145.1323288675359,208.57043955651784,208.57043955651784,208.57043955651784,10.0,short=0.000 small=0.000 angle_diff=135.678 mode=following,,0.01209997572004795,0.0,,,
700.6271128,1221.689931,700.6110407,1220.603204,145.1345566955538,-37.909465112389924,fuzzy,False,True,28533357#0,0,,False,700.62711280043,1221.6899310005829,700.62711280043,1221.6899310005829,503.74,1268.87,-37.90900458948612,145.1323288675359,202.46109279977478,202.46109279977478,202.46109279977478,10.0,short=0.000 small=0.000 angle_diff=173.594 mode=following,,0.012499978765845299,0.0,,,
690.1642921,1221.818065,690.1486133,1220.757939,145.13443776398702,-37.90946207196325,fuzzy,False,True,28533357#0,0,,False,690.1642921022722,1221.818065000698,690.1642921022722,1221.818065000698,503.74,1268.87,-37.90900458948612,145.1323288675359,192.27038584506928,192.27038584506928,192.27038584506928,10.0,short=0.000 small=0.000 angle_diff=173.594 mode=following,,0.01209997572004795,0.0,,,
682.0441876,1221.9175,682.0270353,1220.882646,145.13434546223664,-37.90945971230999,fuzzy,False,True,28533357#0,0,,False,682.0441876003752,1221.9175000013784,682.0441876003752,1221.9175000013784,503.74,1268.87,-37.90900458948612,145.1323288675359,184.38253868506726,184.38253868506726,184.38253868506726,10.0,short=0.000 small=0.000 angle_diff=173.594 mode=following,,0.011700030881911516,0.0,,,
669.150472,1223.153314,669.1163834,1221.096635,145.13419914386265,-37.909446255122376,fuzzy,False,True,28533357#0,0,,False,669.1504720010562,1223.1533139999956,669.1504720010562,1223.1533139999956,503.74,1268.87,-37.90900458948612,145.1323288675359,171.6118866117239,171.6118866117239,171.6118866117239,10.0,short=0.000 small=0.000 angle_diff=178.367 mode=following,,0.012300035450607538,0.0,,,
658.4045439,1223.489343,658.3691025,1221.274254,145.1340770407821,-37.90944129051766,fuzzy,False,True,28533357#0,0,,False,658.4045438991161,1223.4893429996446,658.4045438991161,1223.4893429996446,503.74,1268.87,-37.90900458948612,145.1323288675359,161.18475476702352,161.18475476702352,161.18475476702352,10.0,short=0.000 small=0.000 angle_diff=174.683 mode=following,,0.01190003240481019,0.0,,,
648.7117446,1223.967317,648.6688496,1221.431203,145.13396694394007,-37.90943523701606,fuzzy,False,True,28533357#0,0,,False,648.7117445998592,1223.9673169991001,648.7117445998592,1223.9673169991001,503.74,1268.87,-37.90900458948612,145.1323288675359,151.76645766771426,151.76645766771426,151.76645766771426,10.0,short=0.000 small=0.000 angle_diff=175.715 mode=following,,0.013999990187585354,0.0,,,
638.871186,1223.634478,638.8367332,1221.597501,145.13385498257017,-37.90943646076913,fuzzy,False,True,28533357#0,0,,False,638.8711860014009,1223.6344779999927,638.8711860014009,1223.6344779999927,503.74,1268.87,-37.90900458948612,145.1323288675359,142.5015434328988,142.5015434328988,142.5015434328988,10.0,short=0.000 small=0.000 angle_diff=170.955 mode=following,,0.011500029359012842,0.0,,,
631.7368793,1223.305749,631.7100253,1221.71804,145.13377379179613,-37.90943813544853,fuzzy,False,True,28533357#0,0,,False,631.7368793000933,1223.3057490009815,631.7368793000933,1223.3057490009815,503.74,1268.87,-37.90900458948612,145.1323288675359,135.86501418564015,135.86501418564015,135.86501418564015,10.0,short=0.000 small=0.000 angle_diff=170.254 mode=following,,0.01409999094903469,0.0,,,
620.5731795,1224.1306,620.5355709,1221.907041,145.1336470500518,-37.90942869162767,fuzzy,False,True,28533357#0,0,,False,620.5731794992462,1224.1306000007316,620.5731794992462,1224.1306000007316,503.74,1268.87,-37.90900458948612,145.1323288675359,125.10637771192002,125.10637771192002,125.10637771192002,10.0,short=0.000 small=0.000 angle_diff=177.118 mode=following,,0.013599987141788006,0.0,,,
614.6769853,1222.706861,614.6651367,1222.006332,145.13357968715613,-37.90944045359073,fuzzy,False,True,28533357#0,0,,False,614.6769852999132,1222.706861000508,614.6769852999132,1222.706861000508,503.74,1268.87,-37.90900458948612,145.1323288675359,120.15843753028565,120.15843753028565,120.15843753028565,10.0,short=0.000 small=0.000 angle_diff=159.317 mode=following,,0.012299977242946625,0.0,,,
597.9896941,1223.894351,597.9625389,1222.288834,145.1333902256533,-37.909426746493224,fuzzy,False,True,28533357#0,0,,False,597.9896940991748,1223.8943510008976,597.9896940991748,1223.8943510008976,503.74,1268.87,-37.90900458948612,145.1323288675359,104.43090462443806,104.43090462443806,104.43090462443806,10.0,short=0.000 small=0.000 angle_diff=176.963 mode=following,,0.012199976481497288,0.0,,,
590.0937314,1224.671235,590.0556648,1222.422589,145.13330062671167,-37.90941832382687,fuzzy,False,True,28533357#0,0,,False,590.0937314004404,1224.6712350007147,590.0937314004404,1224.6712350007147,503.74,1268.87,-37.90900458948612,145.1323288675359,97.00772007547366,97.00772007547366,97.00772007547366,10.0,short=0.000 small=0.000 angle_diff=178.511 mode=following,,0.01209997572004795,0.0,,,
579.9361089,1224.715529,579.9059148,1222.585562,145.13318514628867,-37.90941609244219,fuzzy,False,True,28533357#0,0,,False,579.93610889907,1224.7155290003866,579.93610889907,1224.7155290003866,503.74,1268.87,-37.90900458948612,145.1323288675359,88.06511409527963,88.06511409527963,88.06511409527963,10.0,short=0.000 small=0.000 angle_diff=173.142 mode=following,,0.012599979527294636,0.0,,,
571.0061391,1224.939701,570.974562,1222.712172,145.13308366504523,-37.909412462040464,fuzzy,False,True,28533357#0,0,,False,571.0061390998308,1224.9397010011598,571.0061390998308,1224.9397010011598,503.74,1268.87,-37.90900458948612,145.1323288675359,80.34055414001864,80.34055414001864,80.34055414001864,10.0,short=0.000 small=0.000 angle_diff=174.330 mode=following,,0.012399978004395962,0.0,,,
559.3527669,1223.397423,559.3453898,1222.877025,145.1329508169251,-37.90942425280254,fuzzy,False,True,28533357#0,0,,False,559.3527669005562,1223.397423000075,559.3527669005562,1223.397423000075,503.74,1268.87,-37.90900458948612,145.1323288675359,71.83686450110207,71.83686450110207,71.83686450110207,10.0,short=0.000 small=0.000 angle_diff=165.353 mode=following,,0.012500036973506212,0.0,,,
547.3520755,1224.861407,547.3263605,1223.047405,145.13281470444667,-37.90940889961157,fuzzy,False,True,28533357#0,0,,False,547.3520755006466,1224.8614069977775,547.3520755006466,1224.8614069977775,503.74,1268.87,-37.90900458948612,145.1323288675359,61.95780328182524,61.95780328182524,61.95780328182524,10.0,short=0.000 small=0.000 angle_diff=179.847 mode=following,,0.012000033166259527,0.0,,,
535.6991098,1225.376456,535.6684363,1223.212666,145.13268232948937,-37.909402157245744,fuzzy,False,True,28533357#0,0,,False,535.6991097988794,1225.3764559999108,535.6991097988794,1225.3764559999108,503.74,1268.87,-37.90900458948612,145.1323288675359,53.97289198129474,53.97289198129474,53.97289198129474,10.0,short=0.000 small=0.000 angle_diff=175.423 mode=following,,0.011499971151351929,0.0,,,
524.5302938,1225.130849,524.5053452,1223.370912,145.1325552860074,-37.909402354273226,fuzzy,False,True,28533357#0,0,,False,524.5302938017994,1225.1308489991352,524.5302938017994,1225.1308489991352,503.74,1268.87,-37.90900458948612,145.1323288675359,48.42881008905321,48.42881008905321,48.42881008905321,10.0,short=0.000 small=0.000 angle_diff=171.632 mode=following,,0.01179997343569994,0.0,,,
515.7750314,1225.534144,515.4867702,1223.686437,145.13245583203062,-37.909397141275946,fuzzy,False,True,28533357#0,0,,False,515.7750313967699,1225.5341440010816,515.7750313967699,1225.5341440010816,503.74,1268.87,-37.90900458948612,145.1323288675359,44.97597576351425,44.97597576351425,44.97597576351425,10.0,short=0.000 small=0.000 angle_diff=175.530 mode=following,,0.011599971912801266,0.0,,,
509.1019043,1224.977098,510.18,1225.82,145.13237983283278,-37.90940095495651,fuzzy,False,True,28533357#0,0,,False,509.1019043009728,1224.9770979993045,509.1019043009728,1224.9770979993045,503.74,1268.87,-37.90900458948612,145.1323288675359,44.21919112529578,44.21919112529578,44.21919112529578,10.0,short=0.000 small=0.000 angle_diff=168.120 mode=following,,0.011899974197149277,0.0,,,
509.1524885,1243.660553,508.9654378,1243.671468,145.13238466386943,-37.90923265905492,fuzzy,False,True,28533357#0,0,,False,509.15248850081116,1243.6605530008674,509.15248850081116,1243.6605530008674,503.74,1268.87,-37.90900458948612,145.1323288675359,25.78393394681046,25.78393394681046,25.78393394681046,10.000000000000002,short=0.000 small=0.000 angle_diff=96.953 mode=following,,0.012599979527294636,0.0,,,
509.4475381,1253.316124,509.5279307,1253.311433,145.13239021794917,-37.90914573260932,fuzzy,False,True,28533357#0,0,,False,509.4475380994845,1253.3161239996552,509.4475380994845,1253.3161239996552,503.74,1268.87,-37.90900458948612,145.1323288675359,16.568012849800798,16.568012849800798,16.568012849800798,10.000000006708161,short=0.000 small=0.000 angle_diff=95.358 mode=following,,0.011699972674250603,0.0,,,
507.9509424,1264.460007,510.1708928,1264.330472,145.13237574042662,-37.90904507574316,fuzzy,False,True,28533357#0,0,,False,507.9509423993295,1264.4600069997832,507.9509423993295,1264.4600069997832,503.74,1268.87,-37.90900458948612,145.1323288675359,6.097546568287192,6.097546568287192,6.097546568287192,10.126141174417864,short=0.003 small=0.000 angle_diff=104.757 mode=following,,0.012100033927708864,0.0,,,
508.0175776,1266.363277,510.281798,1266.231159,145.13237693159653,-37.909027942657126,fuzzy,False,True,28533357#0,0,,False,508.0175776029937,1266.3632769994438,508.0175776029937,1266.3632769994438,503.74,1268.87,-37.90900458948612,145.1323288675359,4.957956267571378,4.957956267571378,4.957956267571378,10.76854875568906,short=0.019 small=0.000 angle_diff=95.103 mode=following,,0.012700038496404886,0.0,,,
