wall_time,phone_timestamp,method,kalman,lat,lon,raw_x,raw_y,filt_x,filt_y,match_x,match_y,actual_x,actual_y,edge_id,raw_dist,score,correction_m,match_ms,phone_speed_mps,sumo_speed_mps,phone_course_deg,accuracy_m,matched,lane_index,lane_pos,is_internal_edge,matched_x,matched_y,matched_lat,matched_lon,match_error_raw_m,match_error_filt_m,components,window_len,unmatched_reason
2026-09-10T11:08:54.620,1789002535,fuzzy,False,-37.90890681,145.1320219,1726.5148374992423,1575.5093499543145,1726.5148374992423,1575.5093499543145,1726.5176,1575.5092,1722.1289,1574.7433,1272942443#3,2.5388773118229055,52.14469340575869,0,65.79320000309963,2.245,1.256,,4.68,True,0,,False,1724.08,1574.79,-37.90891285056006,145.13199405261398,2.5388773118229055,2.5388773118229055,short=0.484 small=0.500 angle_diff=45.000 mode=confirmed,,
2026-09-10T11:08:56.669,1789002537,fuzzy,False,-37.90885979,145.1320446,1728.4060120095965,1580.7669123345986,1728.4060120095965,1580.7669123345986,1728.4019,1580.7665,1726.4281,1575.618,1272942443#3,7.378201743151965,10.016299010260521,0,0.19190000602975488,2.891,2.245,,4.59,True,0,,False,1724.08,1574.79,-37.90891285056006,145.13199405261398,7.378201743151965,7.378201743151965,short=0.000 small=0.000 angle_diff=111.154 mode=entering_pending,,
2026-09-10T11:08:58.710,1789002539,fuzzy,False,-37.90878913,145.1320459,1728.3631909701508,1588.6099854325876,1728.3631909701508,1588.6099854325876,1728.3596,1588.6103,1728.8428,1580.6713,-1272942443#3,12.589225536560196,10.000003902545592,0,0.13029998808633536,4.227,2.891,,4.72,True,0,,False,1724.03,1576.79,-37.90889482505885,145.13199393979434,12.589225536560196,12.589225536560196,short=0.000 small=0.000 angle_diff=88.941 mode=confirmed,,
2026-09-10T11:09:00.734,1789002541,fuzzy,False,-37.9086944,145.1320598,1729.3746126800543,1599.146181775257,1729.3746126800543,1599.146181775257,1729.3731,1599.1461,1727.8004,1588.6762,-1272942443#3,22.98616427915131,10.000000000000234,0,0.12080000306013972,4.621,4.227,,4.74,True,0,,False,1724.03,1576.79,-37.90889482505885,145.13199393979434,22.98616427915131,22.98616427915131,short=0.000 small=0.000 angle_diff=83.145 mode=entering_pending,,
2026-09-10T11:09:02.755,1789002543,fuzzy,False,-37.90859914,145.1320767,1730.6486127654207,1609.7464741421863,1730.6486127654207,1609.7464741421863,1730.6496,1609.7462,1729.0388,1599.1855,-1272942443#2,10.416784437812872,50.00015769697455,0,0.1205000007757917,4.889,4.621,,4.75,True,0,,False,1729.07,1599.45,-37.908691608148736,145.1320564058571,10.416784437812872,10.416784437812872,short=0.000 small=1.000 angle_diff=0.133 mode=confirmed,,
2026-09-10T11:09:04.800,1789002545,fuzzy,False,-37.90850578,145.1320856,1731.2234988441924,1620.121839493513,1731.2234988441924,1620.121839493513,1731.2259,1620.1223,1730.3157,1609.7871,-1272942443#2,20.783707689377863,50.00000000000987,0,0.10639999527484179,5.022,4.889,,4.75,True,0,,False,1729.07,1599.45,-37.908691608148736,145.1320564058571,20.783707689377863,20.783707689377863,short=0.000 small=1.000 angle_diff=3.549 mode=entering_pending,,
2026-09-10T11:09:06.829,1789002547,fuzzy,False,-37.90841206,145.1320783,1730.3733158264658,1630.5086132911965,1730.3733158264658,1630.5086132911965,1730.3721,1630.5083,1731.576,1620.0795,-1272942443#1,2.461292534648093,75.77390196019479,0,0.09949998639058322,5.241,5.022,,7.51,True,0,,False,1732.81636252447,1630.2094749076919,-37.90841519568264,145.13210600849715,2.461292534648093,2.461292534648093,short=0.515 small=1.000 angle_diff=11.660 mode=confirmed,,
2026-09-10T11:09:08.865,1789002549,fuzzy,False,-37.90831408,145.1321039,1732.406164638931,1641.4260556353256,1732.406164638931,1641.4260556353256,1732.4034,1641.4255,1732.8163,1630.209,-1272942443#1,1.7703878575044618,88.13355042091975,0,0.044200001866556704,5.11,5.241,,7.35,True,0,,False,1734.1634284133816,1641.2108878101221,-37.90831633546687,145.13212383047278,1.7703878575044618,1.7703878575044618,short=0.763 small=1.000 angle_diff=3.567 mode=following,,
2026-09-10T11:09:10.900,1789002551,fuzzy,False,-37.90820435,145.1321049,1732.250107034226,1653.603999347426,1732.250107034226,1653.603999347426,1732.2464,1653.6035,1734.1633,1641.21,-1272942443#1,3.4053606840467054,59.51103245787338,0,0.04049998824484646,5.362,5.11,,7.8,True,0,,False,1735.630223398924,1653.1901216486415,-37.90820868841084,145.13214323643,3.4053606840467054,3.4053606840467054,short=0.190 small=1.000 angle_diff=7.715 mode=following,,
2026-09-10T11:09:12.948,1789002553,fuzzy,False,-37.90809307,145.1321135,1732.7587834526785,1665.967326803133,1732.7587834526785,1665.967326803133,1732.7623,1665.9673,1735.6301,1653.1892,-1272942443#1,2.5662643872699573,73.67595231080615,0,0.04560001252684742,5.402,5.362,,7.71,True,0,,False,1735.2986478868072,1666.3344801248093,-37.908090221031046,145.1321424609487,2.5662643872699573,2.5662643872699573,short=0.474 small=1.000 angle_diff=10.582 mode=following,,
2026-09-10T11:09:14.964,1789002555,fuzzy,False,-37.90798346,145.132127,1733.7019763602875,1678.1539743822068,1733.7019763602875,1678.1539743822068,1733.7061,1678.154,1735.2987,1666.334,-1272942443#1,2.0492752017809273,83.64311673737194,0,0.07019999611657113,5.78,5.402,,7.42,True,0,,False,1735.7256845842728,1677.8312765718508,-37.90798673220827,145.13214993525796,2.0492752017809273,2.0492752017809273,short=0.673 small=1.000 angle_diff=4.634 mode=following,,
2026-09-10T11:09:16.985,1789002557,fuzzy,False,-37.90790482,145.1321639,1736.771325328271,1686.9452586760744,1736.771325328271,1686.9452586760744,1736.7688,1686.9451,1735.7258,1677.8319,-1272942443#1,0.40257662561696345,98.31483862232797,0,0.049000009312294424,5.045,5.78,,6.49,True,0,,False,1737.1688793646138,1686.881865240447,-37.907905462818576,145.13216840558783,0.40257662561696345,0.40257662561696345,short=0.966 small=1.000 angle_diff=10.186 mode=following,,
2026-09-10T11:09:19.031,1789002559,fuzzy,False,-37.90782482,145.1321636,1736.567083476577,1695.8219242310151,1736.567083476577,1695.8219242310151,1736.5658,1695.8216,1737.1688,1686.8813,-1272942443#1,2.0020721203890535,84.46324200938335,0,0.04159999662078917,4.75,5.045,,5.82,True,0,,False,1738.54417752989,1695.5066594540526,-37.90782801682802,145.1321860069204,2.0020721203890535,2.0020721203890535,short=0.689 small=1.000 angle_diff=10.378 mode=following,,
2026-09-10T11:09:21.077,1789002561,fuzzy,False,-37.9077477,145.1322051,1740.0442491235444,1704.4526432398707,1740.0442491235444,1704.4526432398707,1740.0436,1704.4531,1738.5441,1695.5062,-1272942443#1,0.07263926355625483,98.99208723646646,0,0.12040000001434237,4.686,4.75,,5.44,True,0,,False,1739.972516115252,1704.46408168956,-37.90774758401279,145.132204287032,0.07263926355625483,0.07263926355625483,short=0.980 small=1.000 angle_diff=12.884 mode=confirmed,,
2026-09-10T11:09:23.119,1789002563,fuzzy,False,-37.90767421,145.1322265,1741.7623241914553,1712.645151742734,1741.7623241914553,1712.645151742734,1741.7624,1712.6449,1739.9726,1704.4644,-1272942443#1,5.961705494289059,50.19580625595616,0,0.13259999104775488,4.043,4.686,,5.06,True,0,,False,1740.81,1706.76,-37.90772705298304,145.13221433187067,5.961705494289059,5.961705494289059,short=0.004 small=1.000 angle_diff=10.933 mode=entering_pending,,
2026-09-10T11:09:25.157,1789002565,fuzzy,False,-37.90761788,145.1322241,1741.4260835440364,1718.8915781145915,1741.4260835440364,1718.8915781145915,1741.4229,1718.8911,1742.5488,1712.4436,-1272942443#0,3.172814665907136,62.708413673607325,0,0.13899999612476677,3.22,4.043,,4.74,True,0,,False,1743.61,1716.59,-37.907639007332286,145.1322484058723,3.172814665907136,3.172814665907136,short=0.254 small=1.000 angle_diff=17.437 mode=confirmed,,
2026-09-10T11:09:27.190,1789002567,fuzzy,False,-37.90757032,145.1322276,1741.6280625027139,1724.1752349557355,1741.6280625027139,1724.1752349557355,1741.6243,1724.1751,1744.0294,1718.4149,-1272942443#0,7.839889385499099,50.0097353203201,0,0.08769999840296805,2.786,3.22,,4.48,True,0,,False,1743.61,1716.59,-37.907639007332286,145.1322484058723,7.839889385499099,7.839889385499099,short=0.000 small=1.000 angle_diff=12.167 mode=entering_pending,,
2026-09-10T11:09:29.234,1789002569,fuzzy,False,-37.90753798,145.1321181,1731.9290316894185,1727.570950540714,1731.9290316894185,1727.570950540714,1731.9249,1727.5709,1741.5934,1724.2687,-996237862#0,13.713689578029415,10.00000064563992,0,0.06910000229254365,4.324,2.786,,4.24,True,0,,False,1744.61,1722.35,-37.90758730034565,145.13226108750428,13.713689578029415,13.713689578029415,short=0.000 small=0.000 angle_diff=79.585 mode=confirmed,,
2026-09-10T11:09:31.273,1789002571,fuzzy,False,-37.90752425,145.1319933,1720.9262104933732,1728.8746434850618,1720.9262104933732,1728.8746434850618,1720.928,1728.8746,1731.8829,1727.2104,-996237862#0,24.56609163056592,10.00000000000002,0,0.10829999519046396,5.294,4.324,,4.02,True,0,,False,1744.61,1722.35,-37.90758730034565,145.13226108750428,24.56609163056592,24.56609163056592,short=0.000 small=0.000 angle_diff=92.123 mode=entering_pending,,
2026-09-10T11:09:33.312,1789002573,fuzzy,False,-37.90751024,145.1318477,1708.0940462810686,1730.1727455127984,1708.0940462810686,1730.1727455127984,1708.0969,1730.1725,1720.8823,1728.4721,1209653411,19.922517577116377,50.00000000003914,0,0.09750000026542693,6.348,5.294,,3.97,True,0,,False,1727.86,1727.68,-37.90753626320709,145.13207186182467,19.922517577116377,19.922517577116377,short=0.000 small=1.000 angle_diff=0.881 mode=confirmed,,
2026-09-10T11:09:35.352,1789002576,fuzzy,False,-37.90749283,145.131628,1688.7395129092038,1731.7175418939441,1688.7395129092038,1731.7175418939441,1688.7382,1731.7179,1708.069,1729.9267,1209653411,39.32828822573518,50.0,0,0.14390000433195382,6.548,6.348,,4.15,True,0,,False,1727.86,1727.68,-37.90753626320709,145.13207186182467,39.32828822573518,39.32828822573518,short=0.000 small=1.000 angle_diff=2.094 mode=entering_pending,,
2026-09-10T11:09:37.385,1789002578,fuzzy,False,-37.907479,145.1314802,1675.714314861456,1732.9917433215305,1675.714314861456,1732.9917433215305,1675.7118,1732.992,1688.8072,1732.2783,1209653410,0.8904367027155164,96.46274983057731,0,0.12419999984558672,6.572,6.548,,4.06,True,0,,False,1675.8230302955462,1733.8755184489999,-37.90747105837316,145.13148163744188,0.8904367027155164,0.8904367027155164,short=0.929 small=1.000 angle_diff=1.426 mode=confirmed,,
2026-09-10T11:09:39.431,1789002580,fuzzy,False,-37.90744598,145.1313347,1662.8486413902137,1736.3993946071714,1662.8486413902137,1736.3993946071714,1662.848,1736.3999,1675.8205,1733.8758,1209653410,0.9209218903529761,96.29902627255986,0,0.035200006095692515,6.535,6.572,,4.43,True,0,,False,1662.7362039505083,1735.4853623592262,-37.90745419351589,145.1313332133299,0.9209218903529761,0.9209218903529761,short=0.926 small=1.000 angle_diff=7.822 mode=following,,
2026-09-10T11:09:41.477,1789002582,fuzzy,False,-37.90745519,145.1311883,1649.99776833551,1735.1193906767294,1649.99776833551,1735.1193906767294,1649.9997,1735.1191,1662.7355,1735.4855,1209653410,1.9184982185211636,85.85785039754988,0,0.030399998649954796,6.378,6.535,,4.58,True,0,,False,1650.2320021288747,1737.0235361397954,-37.90743807930745,145.1311913971187,1.9184982185211636,1.9184982185211636,short=0.717 small=1.000 angle_diff=12.701 mode=following,,
2026-09-10T11:09:43.522,1789002584,fuzzy,False,-37.90743482,145.1310711,1639.6483322769636,1737.1731773009524,1639.6483322769636,1737.1731773009524,1639.6456,1737.1734,1650.2339,1737.0233,1209653410,1.143662567858973,94.87679162114894,0,0.03020001167897135,5.543,6.378,,4.48,True,0,,False,1639.7879646305475,1738.3082838487946,-37.90742461991012,145.13107294628205,1.143662567858973,1.143662567858973,short=0.898 small=1.000 angle_diff=4.211 mode=following,,
2026-09-10T11:09:45.568,1789002586,fuzzy,False,-37.90741653,145.1309364,1627.7649324197555,1738.9652965581045,1627.7649324197555,1738.9652965581045,1627.7617,1738.9651,1639.7852,1738.3086,1209653410,0.815821801531819,96.83561477380121,0,0.028599999495781958,5.828,5.543,,4.69,True,0,,False,1627.8645379515394,1739.7750149967562,-37.907409253855924,145.1309377170422,0.815821801531819,0.815821801531819,short=0.937 small=1.000 angle_diff=1.563 mode=following,,
2026-09-10T11:09:47.602,1789002588,fuzzy,False,-37.90738725,145.1308054,1616.1823755856603,1741.983425945975,1616.1823755856603,1741.983425945975,1616.1809,1741.9838,1627.8614,1739.7754,1209653410,6.544655862872779,50.07722962424877,0,0.09119999594986439,5.849,5.828,,4.86,True,0,,False,1622.54,1740.43,-37.90740239192486,145.13087732895093,6.544655862872779,6.544655862872779,short=0.002 small=1.000 angle_diff=7.592 mode=confirmed,,
2026-09-10T11:09:49.638,1789002590,fuzzy,False,-37.90737097,145.1306708,1604.312226242444,1743.5526483440772,1604.312226242444,1743.5526483440772,1604.31,1743.5525,1616.5333,1742.0599,1209653410,18.493314165865804,50.00000000038519,0,0.09689999569673091,5.867,5.849,,4.84,True,0,,False,1622.54,1740.43,-37.90740239192486,145.13087732895093,18.493314165865804,18.493314165865804,short=0.000 small=1.000 angle_diff=0.518 mode=entering_pending,,
2026-09-10T11:09:51.671,1789002592,fuzzy,False,-37.90735952,145.130537,1592.5231547788717,1744.5873035062104,1592.5231547788717,1744.5873035062104,1592.5225,1744.5868,1604.1998,1742.6144,1147258794#0,5.806822964158533,50.250594738172836,0,0.11040001118090004,5.765,5.867,,5.0,True,0,,False,1598.19,1743.32,-37.907371959846564,145.13060114027806,5.806822964158533,5.806822964158533,short=0.005 small=1.000 angle_diff=1.681 mode=confirmed,,
2026-09-10T11:09:53.708,1789002594,fuzzy,False,-37.90735282,145.1304214,1582.3447804509779,1745.126948765479,1582.3447804509779,1745.126948765479,1582.3448,1745.127,1592.531,1743.5732,1147258794#0,15.947916678920222,50.0000000226152,0,0.2035999932559207,5.425,5.765,,4.88,True,0,,False,1598.19,1743.32,-37.907371959846564,145.13060114027806,15.947916678920222,15.947916678920222,short=0.000 small=1.000 angle_diff=3.662 mode=entering_pending,,
2026-09-10T11:09:55.730,1789002596,fuzzy,False,-37.90740172,145.1302707,1569.2041792010423,1739.4350375998765,1569.2041792010423,1739.4350375998765,1569.207,1739.4356,1582.8443,1742.6843,1147258794#2,0.5894278686621715,97.75400736501881,0,0.17989998741541058,5.918,5.425,,4.86,True,0,,False,1569.4510287702083,1738.89978952416,-37.90740658623745,145.1302733845046,0.5894278686621715,0.5894278686621715,short=0.955 small=1.000 angle_diff=1.338 mode=confirmed,,
2026-09-10T11:09:57.765,1789002598,fuzzy,False,-37.90746615,145.1301432,1558.1378846860607,1732.060731724836,1558.1378846860607,1732.060731724836,1558.14,1732.0612,1569.4536,1738.901,1147258794#2,6.831257163793324,50.048851706463566,0,0.15700000221841037,5.988,5.918,,4.94,True,0,,False,1563.74,1735.97,-37.90743194661295,145.13020778481163,6.831257163793324,6.831257163793324,short=0.001 small=1.000 angle_diff=5.314 mode=entering_pending,,
2026-09-10T11:09:59.802,1789002600,fuzzy,False,-37.90758172,145.1300857,1553.3397695865715,1719.1351113393903,1553.3397695865715,1719.1351113393903,1553.3385,1719.1353,1559.2258,1731.3058,5094886#0,15.513196722987432,50.0000000453393,0,0.1137000072048977,6.183,5.988,,4.9,True,0,,False,1559.82,1733.23,-37.9074559208941,145.1301625914838,15.513196722987432,15.513196722987432,short=0.000 small=1.000 angle_diff=14.655 mode=confirmed,,
2026-09-10T11:10:01.829,1789002602,fuzzy,False,-37.90764228,145.1299724,1543.5133510350715,1712.2152604833245,1543.5133510350715,1712.2152604833245,1543.5177,1712.2158,1552.7652,1717.8131,5094886#0,26.599362349859497,25.864138515375657,0,0.1221999991685152,6.131,6.183,,4.87,True,0,,False,1559.82,1733.23,-37.9074559208941,145.1301625914838,26.599362349859497,26.599362349859497,short=0.000 small=0.397 angle_diff=49.136 mode=entering_pending,,
2026-09-10T11:10:03.876,1789002604,fuzzy,False,-37.90760943,145.1298189,1529.944670386496,1715.589730949141,1529.944670386496,1715.589730949141,1529.9416,1715.5894,1541.9885,1716.9977,5094886#1,23.302696850957126,21.02786524181347,0,0.11660000018309802,6.12,6.131,,4.82,True,0,,False,1552.23,1722.4,-37.907552108605486,145.1300738270185,23.302696850957126,23.302696850957126,short=0.000 small=0.276 angle_diff=53.972 mode=confirmed,,
2026-09-10T11:10:05.916,1789002606,fuzzy,False,-37.90762443,145.1297041,1519.884968351631,1713.7227689800784,1519.884968351631,1713.7227689800784,1519.8856,1713.7225,1529.9549,1715.7226,5094886#1,33.48873557641565,45.507544683031796,0,0.17749999824445695,5.565,6.12,,4.66,True,0,,False,1552.23,1722.4,-37.907552108605486,145.1300738270185,33.48873557641565,33.48873557641565,short=0.000 small=0.888 angle_diff=29.492 mode=confirmed,,
2026-09-10T11:10:07.958,1789002608,fuzzy,False,-37.90756423,145.1296124,1511.6887753895135,1720.24110752251,1511.6887753895135,1720.24110752251,1511.691,1720.2409,1522.4096,1718.283,5094886#1,40.598666353062434,10.0,0,0.16820000018924475,5.115,5.565,,4.63,True,0,,False,1552.23,1722.4,-37.907552108605486,145.1300738270185,40.598666353062434,40.598666353062434,short=0.000 small=0.000 angle_diff=78.501 mode=entering_pending,,
2026-09-10T11:10:09.991,1789002610,fuzzy,False,-37.90755116,145.129532,1504.5909874159843,1721.5495933974162,1504.5909874159843,1721.5495933974162,1504.5941,1721.5492,1511.7834,1722.851,5094886#2,13.055756892534365,50.000002312484504,0,0.156299996888265,3.695,5.115,,4.66,True,0,,False,1517.64,1721.13,-37.90755729824216,145.1296802653769,13.055756892534365,13.055756892534365,short=0.000 small=1.000 angle_diff=22.181 mode=confirmed,,
2026-09-10T11:10:12.036,1789002612,fuzzy,False,-37.90762334,145.129471,1499.3886373038404,1713.4325339021161,1499.3886373038404,1713.4325339021161,1499.3919,1713.4323,1504.626,1721.4932,5094886#2,19.808160555560033,10.000000000037593,0,0.2466000005370006,4.187,3.695,,4.74,True,0,,False,1517.64,1721.13,-37.90755729824216,145.1296802653769,19.808160555560033,19.808160555560033,short=0.000 small=0.000 angle_diff=89.970 mode=entering_pending,,
2026-09-10T11:10:14.075,1789002614,fuzzy,False,-37.90772286,145.1294545,1498.159560738597,1702.3601928101853,1498.159560738597,1702.3601928101853,1498.1558,1702.3603,1499.7802,1713.377,985461732,17.336583455140417,38.80419314427729,0,0.21889999334234744,5.259,4.187,,4.77,True,0,,False,1502.28,1719.2,-37.907571907968645,145.12950518916614,17.336583455140417,17.336583455140417,short=0.000 small=0.720 angle_diff=36.196 mode=confirmed,,
2026-09-10T11:10:16.102,1789002616,fuzzy,False,-37.90782895,145.129436,1496.7692797776544,1690.5552831338719,1496.7692797776544,1690.5552831338719,1496.7727,1690.555,1498.205,1702.3532,985461732,29.169981859946652,39.18691602818984,0,0.18940000154543668,5.872,5.259,,4.91,True,0,,False,1502.28,1719.2,-37.907571907968645,145.12950518916614,29.169981859946652,29.169981859946652,short=0.000 small=0.730 angle_diff=35.813 mode=entering_pending,,
2026-09-10T11:10:18.145,1789002618,fuzzy,False,-37.90793824,145.1294164,1495.289418771048,1678.3933444032446,1495.289418771048,1678.3933444032446,1495.2887,1678.3936,1496.5064,1690.5935,-10539447#1,27.749527726121105,50.0,0,0.14260000898502767,6.045,5.872,,4.78,True,0,,False,1498.72,1705.93,-37.9076908036689,145.12946168633346,27.749527726121105,27.749527726121105,short=0.000 small=1.000 angle_diff=1.165 mode=confirmed,,
2026-09-10T11:10:20.167,1789002620,fuzzy,False,-37.90805704,145.1293864,1492.9163871505298,1665.157780633308,1492.9163871505298,1665.157780633308,1492.9121,1665.1572,1494.7545,1678.4708,-10539447#1,41.18319795975291,50.0,0,0.06890000076964498,6.451,6.045,,4.78,True,0,,False,1498.72,1705.93,-37.9076908036689,145.12946168633346,41.18319795975291,41.18319795975291,short=0.000 small=1.000 angle_diff=2.062 mode=entering_pending,,
2026-09-10T11:10:22.207,1789002622,fuzzy,False,-37.90817003,145.1293646,1491.2513576347847,1652.5813887417316,1491.2513576347847,1652.5813887417316,1491.2538,1652.5812,1492.8322,1665.1687,-10539447#0,0.23574064130647868,98.69936701379294,0,0.07170000753831118,6.413,6.451,,4.77,True,0,,False,1491.0180406632521,1652.6151058109767,-37.908169684093785,145.12936195496732,0.23574064130647868,0.23574064130647868,short=0.974 small=1.000 angle_diff=0.681 mode=confirmed,,
2026-09-10T11:10:24.247,1789002624,fuzzy,False,-37.90829158,145.1293446,1489.763647927437,1639.058311527595,1489.763647927437,1639.058311527595,1489.7635,1639.0583,1491.0181,1652.6153,-10539447#0,0.6974794691806246,97.35257278955449,0,0.037999998312443495,6.632,6.413,,4.73,True,0,,False,1489.0733393045646,1639.1580693098301,-37.90829055657486,145.12933677420082,0.6974794691806246,0.6974794691806246,short=0.947 small=1.000 angle_diff=1.945 mode=following,,
2026-09-10T11:10:26.291,1789002626,fuzzy,False,-37.90840631,145.1293252,1488.3135091998265,1626.2930733207613,1488.3135091998265,1626.2930733207613,1488.3172,1626.2937,1489.0733,1639.158,-10539447#0,1.0880122335471651,95.27197417138126,0,0.038700003642588854,6.395,6.632,,4.63,True,0,,False,1487.2366829134692,1626.448687489005,-37.908404713535866,145.12931299236044,1.0880122335471651,1.0880122335471651,short=0.905 small=1.000 angle_diff=1.742 mode=following,,
2026-09-10T11:10:28.332,1789002629,fuzzy,False,-37.90857858,145.1292882,1485.444151321135,1607.1118580549955,1485.444151321135,1607.1118580549955,1485.4461,1607.1115,1487.2368,1626.4498,-10539447#0,3.147311106025557,63.099048238978014,0,0.09220000356435776,6.466,6.395,,4.27,True,0,,False,1484.89,1610.21,-37.90855057106672,145.1292826063533,3.147311106025557,3.147311106025557,short=0.262 small=1.000 angle_diff=0.285 mode=confirmed,,
2026-09-10T11:10:30.362,1789002631,fuzzy,False,-37.90868878,145.1292633,1483.5003938882146,1594.839585725218,1483.5003938882146,1594.839585725218,1483.5024,1594.84,1485.1997,1607.0061,-10539447#0,15.433102090128648,50.000000051538315,0,0.1053000014508143,6.338,6.466,,4.39,True,0,,False,1484.89,1610.21,-37.90855057106672,145.1292826063533,15.433102090128648,15.433102090128648,short=0.000 small=1.000 angle_diff=0.777 mode=entering_pending,,
2026-09-10T11:10:32.406,1789002633,fuzzy,False,-37.90880577,145.1292417,1481.8618918436696,1581.8196825785562,1481.8618918436696,1581.8196825785562,1481.8592,1581.8192,1482.7883,1594.9345,-4577073#9,0.8021290778934795,96.89993577017455,0,0.08430000161752105,6.554,6.338,,4.14,True,0,,False,1481.0666950721816,1581.9249116250087,-37.90880467831878,145.12923268284823,0.8021290778934795,0.8021290778934795,short=0.938 small=1.000 angle_diff=0.365 mode=confirmed,,
2026-09-10T11:10:34.436,1789002635,fuzzy,False,-37.90892895,145.1292209,1480.3075148561038,1568.1143168890849,1480.3075148561038,1568.1143168890849,1480.3103,1568.1139,1481.0666,1581.924,-4577073#9,1.1276851019856131,94.99315250370425,0,0.04020000051241368,6.863,6.554,,4.22,True,0,,False,1479.1909204618846,1568.2720845918589,-37.9089273269341,145.12920824061575,1.1276851019856131,1.1276851019856131,short=0.900 small=1.000 angle_diff=1.572 mode=following,,
2026-09-10T11:10:36.470,1789002637,fuzzy,False,-37.90904376,145.1292006,1478.7784640415339,1555.3386096237227,1478.7784640415339,1555.3386096237227,1478.7789,1555.339,1479.1909,1568.272,-4577073#9,1.4010454736007472,92.65000176504029,0,0.06550000398419797,6.542,6.863,,4.16,True,0,,False,1477.3911977567225,1555.5346215471425,-37.90904174348574,145.12918487185075,1.4010454736007472,1.4010454736007472,short=0.853 small=1.000 angle_diff=1.217 mode=following,,
2026-09-10T11:10:38.516,1789002639,fuzzy,False,-37.90916468,145.1291757,1476.858607404225,1541.8767893016338,1476.858607404225,1541.8767893016338,1476.8585,1541.8767,1477.3913,1555.5351,-4577073#9,1.383433560916359,92.82492023231264,0,0.04810000245925039,6.668,6.542,,4.06,True,0,,False,1475.4887798201114,1542.0703372472988,-37.909162688830556,145.12916016953776,1.383433560916359,1.383433560916359,short=0.856 small=1.000 angle_diff=0.074 mode=following,,
2026-09-10T11:10:40.542,1789002641,fuzzy,False,-37.9092745,145.1291489,1474.7469968339428,1529.6433270908892,1474.7469968339428,1529.6433270908892,1474.7482,1529.6435,1475.4888,1542.0702,-4577073#9,1.004101338794525,95.81627683482614,0,0.02989999484270811,6.282,6.668,,3.69,True,0,,False,1473.7527707648462,1529.7838049257873,-37.90927305479888,145.1291376279153,1.004101338794525,1.004101338794525,short=0.916 small=1.000 angle_diff=1.751 mode=following,,
2026-09-10T11:10:42.563,1789002643,fuzzy,False,-37.90938893,145.1291247,1472.874244261533,1516.9029028583318,1472.874244261533,1516.9029028583318,1472.8766,1516.9027,1473.7528,1529.7841,-4577073#9,0.9322039975658534,96.2366860133624,0,0.03880000440403819,6.503,6.282,,3.76,True,0,,False,1471.9512084281093,1517.033321964653,-37.90938758827806,145.12911423502234,0.9322039975658534,0.9322039975658534,short=0.925 small=1.000 angle_diff=0.320 mode=following,,
2026-09-10T11:10:44.603,1789002645,fuzzy,False,-37.90951519,145.129106,1471.5113868610351,1502.8594664437696,1471.5113868610351,1502.8594664437696,1471.5102,1502.8592,1471.9512,1517.0334,-4577073#9,1.5474837130109973,91.05652866849886,0,0.03809999907389283,6.959,6.503,,4.08,True,0,,False,1469.9791225471313,1503.0759656686437,-37.90951296270151,145.12908862782692,1.5474837130109973,1.5474837130109973,short=0.821 small=1.000 angle_diff=2.499 mode=following,,
2026-09-10T11:10:46.638,1789002647,fuzzy,False,-37.9096467,145.1290762,1469.1843545496813,1488.2138771098107,1469.1843545496813,1488.2138771098107,1469.184,1488.2137,1469.9791,1503.0755,-4577073#9,6.4581743415827475,50.088670243423735,0,0.12460000289138407,7.323,6.959,,4.71,True,0,,False,1468.79,1494.66,-37.90958856059778,145.1290731872293,6.4581743415827475,6.4581743415827475,short=0.002 small=1.000 angle_diff=0.986 mode=confirmed,,
2026-09-10T11:10:48.680,1789002649,fuzzy,False,-37.90977783,145.1290574,1467.8235662769293,1473.6298630870879,1467.8235662769293,1473.6298630870879,1467.828,1473.6299,1469.7321,1487.4087,-4577073#9,21.05233128935893,50.00000000000642,0,0.13580000086221844,7.246,7.323,,5.1,True,0,,False,1468.79,1494.66,-37.90958856059778,145.1290731872293,21.05233128935893,21.05233128935893,short=0.000 small=1.000 angle_diff=2.712 mode=entering_pending,,
2026-09-10T11:10:50.726,1789002651,fuzzy,False,-37.90989822,145.1290296,1465.6476189935347,1460.2217315891758,1465.6476189935347,1460.2217315891758,1465.6462,1460.2216,1468.6,1474.87,-4577073#4,1.6326061226551745,90.01228108009866,0,0.13070000568404794,6.854,7.246,,4.85,True,0,,False,1464.0289106982095,1460.4343020630818,-37.909896012449664,145.12901124398556,1.6326061226551745,1.6326061226551745,short=0.800 small=1.000 angle_diff=1.737 mode=confirmed,,
2026-09-10T11:10:52.757,1789002653,fuzzy,False,-37.91002136,145.1290042,1463.6888038247125,1446.5126802334562,1463.6888038247125,1446.5126802334562,1463.6886,1446.5129,1464.0289,1460.434,-4577073#4,1.475427476970371,91.87209244763338,0,0.02920000406447798,6.956,6.854,,5.36,True,0,,False,1462.225936166077,1446.7047855512308,-37.91001936497674,145.12898761117836,1.475427476970371,1.475427476970371,short=0.837 small=1.000 angle_diff=0.650 mode=following,,
2026-09-10T11:10:54.792,1789002655,fuzzy,False,-37.91014228,145.12899,1462.7097109706956,1433.0697337891906,1462.7097109706956,1433.0697337891906,1462.7073,1433.0698,1462.226,1446.705,-4577073#4,2.2546668398490213,79.8446166004769,0,0.031800009310245514,6.764,6.956,,5.01,True,0,,False,1460.4742228826758,1433.3631883291732,-37.91013923230068,145.12896464964848,2.2546668398490213,2.2546668398490213,short=0.597 small=1.000 angle_diff=3.313 mode=following,,
2026-09-10T11:10:56.836,1789002657,fuzzy,False,-37.91026796,145.1289663,1460.9060245934525,1419.081829519011,1460.9060245934525,1419.081829519011,1460.9104,1419.082,1460.4742,1433.3629,-4577073#4,2.286908677441099,79.221016376216,0,0.0999000039882958,6.985,6.764,,4.5,True,0,,False,1458.6385689248575,1419.3794804721626,-37.910264868712154,145.128940587095,2.286908677441099,2.286908677441099,short=0.584 small=1.000 angle_diff=0.131 mode=confirmed,,
2026-09-10T11:10:58.880,1789002659,fuzzy,False,-37.91039238,145.1289342,1458.3610482780496,1405.2189172236249,1458.3610482780496,1405.2189172236249,1458.3646,1405.2186,1458.6387,1419.3802,-4577073#4,10.59280575771,50.00011899029929,0,0.11069999891333282,6.895,6.985,,5.58,True,0,,False,1458.17,1415.81,-37.910296938653865,145.1289344448745,10.59280575771,10.59280575771,short=0.000 small=1.000 angle_diff=2.924 mode=entering_pending,,
2026-09-10T11:11:00.908,1789002661,fuzzy,False,-37.91051662,145.1289136,1456.826709559653,1391.3962710993364,1456.826709559653,1391.3962710993364,1456.8248,1391.3959,1456.8355,1405.4144,-4577073#3,1.7709741328236377,88.1250588777814,0,0.09479999425821006,6.92,6.895,,6.03,True,0,,False,1455.0700654494194,1391.621106259203,-37.9105142770035,145.12889367830883,1.7709741328236377,1.7709741328236377,short=0.763 small=1.000 angle_diff=0.960 mode=confirmed,,
2026-09-10T11:11:02.942,1789002663,fuzzy,False,-37.91063651,145.1288885,1454.8870695723454,1378.048380942084,1454.8870695723454,1378.048380942084,1454.8858,1378.0485,1455.07,1391.6205,-4577073#3,1.5411670182278356,91.13050917151469,0,0.03429999924264848,6.89,6.92,,5.78,True,0,,False,1453.358354116461,1378.2438926629948,-37.91063447236477,145.12887116313297,1.5411670182278356,1.5411670182278356,short=0.823 small=1.000 angle_diff=0.980 mode=following,,
2026-09-10T11:11:04.985,1789002665,fuzzy,False,-37.91076064,145.1288732,1453.8184507174883,1364.247292415239,1453.8184507174883,1364.247292415239,1453.8145,1364.2476,1453.3583,1378.2438,-4577073#3,2.2319814438324688,80.27970872898561,0,0.04919999628327787,6.716,6.89,,4.89,True,0,,False,1451.6045021382115,1364.5304405283011,-37.91075768900776,145.1288480919954,2.2319814438324688,2.2319814438324688,short=0.606 small=1.000 angle_diff=2.861 mode=following,,
2026-09-10T11:11:07.031,1789002667,fuzzy,False,-37.91087666,145.1288517,1452.1866993585136,1351.3351883590221,1452.1866993585136,1351.3351883590221,1452.1836,1351.3349,1451.6045,1364.5302,-4577073#3,2.251436935438581,79.90675761539363,0,0.033499993151053786,6.377,6.716,,5.19,True,0,,False,1449.953452474531,1351.6208045865717,-37.910873683279256,145.1288263730982,2.251436935438581,2.251436935438581,short=0.598 small=1.000 angle_diff=0.086 mode=following,,
2026-09-10T11:11:09.079,1789002669,fuzzy,False,-37.91100317,145.1288209,1449.7607118812157,1337.2426480725408,1449.7607118812157,1337.2426480725408,1449.7646,1337.2427,1449.9534,1351.6202,-4577073#3,4.698644523984152,51.440455703087245,0,0.08620000153314322,6.767,6.377,,5.46,True,0,,False,1448.7,1341.82,-37.9109617444085,145.12880988438224,4.698644523984152,4.698644523984152,short=0.029 small=1.000 angle_diff=2.479 mode=entering_pending,,
2026-09-10T11:11:11.125,1789002671,fuzzy,False,-37.9111376,145.1287904,1447.3787508165697,1322.2717928756028,1447.3787508165697,1322.2717928756028,1447.3747,1322.2715,1448.1365,1337.4528,-4577073#2,7.740508792762043,50.01141280458,0,0.0720999960321933,7.255,6.767,,5.79,True,0,,False,1447.19,1330.01,-37.91106785841185,145.12879002007892,7.740508792762043,7.740508792762043,short=0.000 small=1.000 angle_diff=1.802 mode=confirmed,,
2026-09-10T11:11:13.171,1789002673,fuzzy,False,-37.91126207,145.1287656,1445.475727257086,1308.4162076516077,1445.475727257086,1308.4162076516077,1445.472,1308.4162,1446.9143,1322.6639,-4577073#2,21.661731210191487,50.00000000000242,0,0.10459999612066895,6.877,7.255,,4.91,True,0,,False,1447.19,1330.01,-37.91106785841185,145.12879002007892,21.661731210191487,21.661731210191487,short=0.000 small=1.000 angle_diff=0.582 mode=entering_pending,,
2026-09-10T11:11:15.202,1789002675,fuzzy,False,-37.91137062,145.128743,1443.7306605614722,1296.3310675648972,1443.7306605614722,1296.3310675648972,1443.7317,1296.3313,1444.2717,1308.5825,-4577073#1,1.1449036779815507,94.86765328879369,0,0.12190001143608242,6.108,6.877,,4.47,True,0,,False,1442.5965827781208,1296.4881408381316,-37.911368999966484,145.12873014126546,1.1449036779815507,1.1449036779815507,short=0.897 small=1.000 angle_diff=0.331 mode=confirmed,,
2026-09-10T11:11:17.245,1789002677,fuzzy,False,-37.91149985,145.1287287,1442.761356283212,1281.9658180996776,1442.761356283212,1281.9658180996776,1442.7583,1281.966,1442.5966,1296.4885,-4577073#1,2.09566828012226,82.81592408409006,0,0.037300007534213364,6.771,6.108,,3.57,True,0,,False,1440.6841648768395,1282.2434894910787,-37.91149697303756,145.12870514544866,2.09566828012226,2.09566828012226,short=0.656 small=1.000 angle_diff=3.754 mode=following,,
2026-09-10T11:11:19.279,1789002679,fuzzy,False,-37.91161248,145.1286973,1440.2517458837247,1269.4124082177877,1440.2517458837247,1269.4124082177877,1440.2546,1269.4126,1440.6841,1282.2433,-4577073#1,1.2714832777489975,93.85703037138738,0,0.03340000694151968,6.505,6.771,,3.02,True,0,,False,1438.9914728896931,1269.5808769273754,-37.911610734486366,145.1286830089681,1.2714832777489975,1.2714832777489975,short=0.877 small=1.000 angle_diff=3.691 mode=following,,
2026-09-10T11:11:21.324,1789002681,fuzzy,False,-37.91171807,145.1286917,1439.994644614635,1257.6857258183882,1439.994644614635,1257.6857258183882,1439.9924,1257.6851,1438.9915,1269.5815,-4577073#1,2.5704081588758303,73.59332415093581,0,0.03680000372696668,5.945,6.505,,2.78,True,0,,False,1437.446898967516,1258.0262991890468,-37.91171454129626,145.12866280946207,2.5704081588758303,2.5704081588758303,short=0.472 small=1.000 angle_diff=6.358 mode=following,,
2026-09-10T11:11:23.371,1789002684,fuzzy,False,-37.91184553,145.128666,1438.0191947358544,1243.4967627171427,1438.0191947358544,1243.4967627171427,1438.0179,1243.4964,1437.4468,1258.0254,-4577073#1,2.492381313399938,75.15237184521548,0,0.04400000034365803,4.414,5.945,,2.56,True,0,,False,1435.5487879951006,1243.8269977041193,-37.91184210840577,145.12863798641135,2.492381313399938,2.492381313399938,short=0.503 small=1.000 angle_diff=0.312 mode=following,,
2026-09-10T11:11:25.411,1789002686,fuzzy,False,-37.91192503,145.128661,1437.7567276044283,1234.6662167478353,1437.7567276044283,1234.6662167478353,1437.758,1234.6662,1435.5487,1243.8264,-4577073#1,3.4022559984162335,59.54935019917735,0,0.03540000761859119,4.262,4.414,,2.47,True,0,,False,1434.3844682687202,1235.1170081092084,-37.911920359306116,145.12862275966376,3.4022559984162335,3.4022559984162335,short=0.191 small=1.000 angle_diff=5.911 mode=following,,
2026-09-10T11:11:27.444,1789002688,fuzzy,False,-37.91201703,145.1286154,1433.9528113831184,1224.3769501028582,1433.9528113831184,1224.3769501028582,1433.9508,1224.3771,1434.3845,1235.1172,-4577073#1,0.9951827285164878,95.87065820163537,0,0.03989999822806567,5.202,4.262,,2.4,True,0,,False,1432.9664028798966,1224.508809603499,-37.91201566378727,145.12860421443142,0.9951827285164878,0.9951827285164878,short=0.917 small=1.000 angle_diff=12.675 mode=following,,
2026-09-10T11:11:29.476,1789002690,fuzzy,False,-37.91213081,145.1285852,1431.5512967033428,1211.6980436285958,1431.5512967033428,1211.6980436285958,1431.5521,1211.6975,1432.9664,1224.5087,-4577073#1,0.2947684182567134,98.57421532615493,0,0.031800009310245514,6.07,5.202,,2.34,True,0,,False,1431.2591271691276,1211.7370997891603,-37.912130405333386,145.12858188688256,0.2947684182567134,0.2947684182567134,short=0.971 small=1.000 angle_diff=3.111 mode=following,,
2026-09-10T11:11:31.521,1789002692,fuzzy,False,-37.91223527,145.1285613,1429.6828820761875,1200.0644500218332,1429.6828820761875,1200.0644500218332,1429.6835,1200.0644,1431.2591,1211.7367,-4577073#1,0.01574765408921178,99.07816544520415,0,0.03369999467395246,6.006,6.07,,2.31,True,0,,False,1429.6984908879708,1200.0623634926512,-37.912235291618856,145.12856147699964,0.01574765408921178,0.01574765408921178,short=0.982 small=1.000 angle_diff=1.510 mode=following,,
2026-09-10T11:11:33.552,1789002694,fuzzy,False,-37.91235695,145.1285646,1430.2440799816977,1186.568046568893,1430.2440799816977,1186.568046568893,1430.2481,1186.5686,1429.6985,1200.0624,-4577073#1,6.940976707710769,50.04099275569366,0,0.13689999468624592,6.563,6.006,,2.25,True,0,,False,1429.61,1193.48,-37.91229457095991,145.1285589682136,6.940976707710769,6.940976707710769,short=0.001 small=1.000 angle_diff=2.570 mode=entering_pending,,
2026-09-10T11:11:35.585,1789002696,fuzzy,False,-37.91247759,145.1285554,1429.7040461370489,1173.1649835593998,1429.7040461370489,1173.1649835593998,1429.7023,1173.1649,1429.7001,1186.4752,-4577073#1,20.315234127564203,50.000000000020876,0,0.11850000009872019,6.536,6.563,,2.17,True,0,,False,1429.61,1193.48,-37.91229457095991,145.1285589682136,20.315234127564203,20.315234127564203,short=0.000 small=1.000 angle_diff=2.119 mode=entering_pending,,
2026-09-10T11:11:37.619,1789002698,fuzzy,False,-37.91258599,145.1285439,1428.9345464737853,1161.1160729164258,1428.9345464737853,1161.1160729164258,1428.9373,1161.1157,1429.4411,1173.1799,1162333280#0,4.052101046681644,53.851642551406435,0,0.10229999315924942,6.021,6.536,,2.12,True,0,,False,1432.9847786823668,1160.993020289118,-37.91258783100294,145.12858992424057,4.052101046681644,4.052101046681644,short=0.077 small=1.000 angle_diff=1.914 mode=confirmed,,
2026-09-10T11:11:39.662,1789002700,fuzzy,False,-37.91270203,145.1285401,1428.8590008382453,1148.2329798294231,1428.8590008382453,1148.2329798294231,1428.8552,1148.2333,1428.7459,1161.1268,1162333280#0,11.688854742592957,50.000020601534494,0,0.08429998706560582,6.388,6.021,,2.09,True,0,,False,1432.93,1159.19,-37.91260406308958,145.12858888979852,11.688854742592957,11.688854742592957,short=0.000 small=1.000 angle_diff=1.404 mode=entering_pending,,
2026-09-10T11:11:41.703,1789002702,fuzzy,False,-37.91281212,145.1285644,1431.240549711336,1136.0597266368568,1431.240549711336,1136.0597266368568,1431.2366,1136.0598,1428.337,1148.2449,1162333280#1,5.6779095280470555,50.3076464100157,0,0.10570000449661165,6.12,6.388,,2.07,True,0,,False,1435.27,1140.06,-37.91277681343545,145.12861112935096,5.6779095280470555,5.6779095280470555,short=0.006 small=1.000 angle_diff=20.336 mode=confirmed,,
2026-09-10T11:11:43.741,1789002704,fuzzy,False,-37.91288392,145.1286609,1439.8840843836078,1128.2627570405602,1439.8840843836078,1128.2627570405602,1439.8812,1128.263,1429.1489,1135.6628,1162333280#1,12.667466840023836,50.00000430417953,0,0.1731000083964318,5.544,6.12,,2.05,True,0,,False,1435.27,1140.06,-37.91277681343545,145.12861112935096,12.667466840023836,12.667466840023836,short=0.000 small=1.000 angle_diff=16.543 mode=entering_pending,,
2026-09-10T11:11:45.774,1789002706,fuzzy,False,-37.91290272,145.1287809,1450.4754851353355,1126.3884011190385,1450.4754851353355,1126.3884011190385,1450.4773,1126.3885,1439.054,1126.2873,725249377#0,6.235606862164584,50.126504011440424,0,0.08379999781027436,5.363,5.544,,2.04,True,0,,False,1452.0481590115112,1132.422428780449,-37.912848648579335,145.1288001591462,6.235606862164584,6.235606862164584,short=0.003 small=1.000 angle_diff=4.573 mode=confirmed,,
2026-09-10T11:11:47.818,1789002708,fuzzy,False,-37.91292849,145.1289287,1463.5263767871656,1123.7896641679108,1463.5263767871656,1123.7896641679108,1463.5223,1123.7899,1450.6652,1125.4689,725249377#0,6.5056095509826415,50.082200192682365,0,0.03599999763537198,6.426,5.363,,2.03,True,0,,False,1464.3422845104817,1130.2439069753104,-37.912870496323045,145.1289394502669,6.5056095509826415,6.5056095509826415,short=0.002 small=1.000 angle_diff=4.057 mode=following,,
2026-09-10T11:11:49.853,1789002710,fuzzy,False,-37.91294896,145.1290766,1476.5742458957247,1121.7791979713365,1476.5742458957247,1121.7791979713365,1476.5777,1121.7791,1463.6112,1122.8119,725249377#0,6.875922940237019,50.04548540284718,0,0.1396000006934628,6.629,6.426,,2.02,True,0,,False,1477.03,1128.64,-37.91288723881398,145.12908334786988,6.875922940237019,6.875922940237019,short=0.001 small=1.000 angle_diff=1.555 mode=confirmed,,
2026-09-10T11:11:51.890,1789002712,fuzzy,False,-37.91296858,145.1292224,1489.4355981107801,1119.8593262294307,1489.4355981107801,1119.8593262294307,1489.4355,1119.8595,1475.8075,1121.9192,725249377#0,15.198654425683769,50.00000007499652,0,0.2686000079847872,6.561,6.629,,2.02,True,0,,False,1477.03,1128.64,-37.91288723881398,145.12908334786988,15.198654425683769,15.198654425683769,short=0.000 small=1.000 angle_diff=1.285 mode=entering_pending,,
2026-09-10T11:11:53.931,1789002714,fuzzy,False,-37.91298794,145.1293613,1501.6897676814115,1117.956111826934,1501.6897676814115,1117.956111826934,1501.6921,1117.9564,1489.8607,1120.4369,1470433046#1,7.714753624777564,50.01189281694899,0,0.1773999974830076,6.194,6.561,,2.14,True,0,,False,1494.01,1118.69,-37.912979940569876,145.12927414574497,7.714753624777564,7.714753624777564,short=0.000 small=1.000 angle_diff=2.482 mode=confirmed,,
2026-09-10T11:11:55.980,1789002716,fuzzy,False,-37.9130024,145.1294893,1512.9747729254887,1116.5773786539212,1512.9747729254887,1116.5773786539212,1512.9732,1116.5771,1501.6643,1117.7345,1470433046#1,19.082080103260644,50.00000000015016,0,0.11389999417588115,5.78,6.194,,2.11,True,0,,False,1494.01,1118.69,-37.912979940569876,145.12927414574497,19.082080103260644,19.082080103260644,short=0.000 small=1.000 angle_diff=4.344 mode=entering_pending,,
2026-09-10T11:11:58.026,1789002718,fuzzy,False,-37.91301289,145.129632,1525.5432478577131,1115.6650927532464,1525.5432478577131,1115.6650927532464,1525.5466,1115.6653,1512.9409,1116.3198,1470433046#2,0.9192235231345449,96.30832806706306,0,0.08610000077169389,6.054,5.78,,2.33,True,0,,False,1525.4288190144032,1114.753019332242,-37.91302108547356,145.12963049080724,0.9192235231345449,0.9192235231345449,short=0.926 small=1.000 angle_diff=2.999 mode=confirmed,,
2026-09-10T11:12:00.068,1789002720,fuzzy,False,-37.91302765,145.1297621,1537.013528401556,1114.2567416764796,1537.013528401556,1114.2567416764796,1537.0135,1114.2566,1525.4321,1114.7526,1470433046#2,0.9496963622283907,96.13812151672475,0,0.046200002543628216,5.702,6.054,,2.85,True,0,,False,1536.8953061699763,1113.314432446773,-37.91303611716075,145.12976054079104,0.9496963622283907,0.9496963622283907,short=0.923 small=1.000 angle_diff=0.151 mode=following,,
2026-09-10T11:12:02.086,1789002722,fuzzy,False,-37.91304358,145.1298981,1549.0050925372634,1112.7289519179612,1549.0050925372634,1112.7289519179612,1549.0061,1112.7291,1536.8953,1113.3144,1470433046#2,0.9265511559054069,96.26804094417659,0,0.08860000525601208,5.944,5.702,,3.6,True,0,,False,1548.8897515191438,1111.8096078615554,-37.91305184080832,145.12989657880547,0.9265511559054069,0.9265511559054069,short=0.925 small=1.000 angle_diff=0.110 mode=following,,
2026-09-10T11:12:04.122,1789002724,fuzzy,False,-37.91305657,145.1300297,1560.6032916678814,1111.5196219012141,1560.6032916678814,1111.5196219012141,1560.6052,1111.5199,1548.8908,1111.8095,1470433046#2,1.1704208348862706,94.67654761277113,0,0.11510000331327319,5.856,5.944,,3.72,True,0,,False,1560.457592717679,1110.3583050854202,-37.913067005068285,145.13002777844284,1.1704208348862706,1.1704208348862706,short=0.894 small=1.000 angle_diff=1.198 mode=confirmed,,
2026-09-10T11:12:06.155,1789002726,fuzzy,False,-37.91307134,145.1301551,1571.6603916300228,1110.1018238561228,1571.6603916300228,1110.1018238561228,1571.6624,1110.1021,1560.4594,1110.3581,1470433046#2,7.39371992086908,50.01987432793629,0,0.1314000110141933,5.415,5.856,,3.89,True,0,,False,1564.27,1109.88,-37.913072002713626,145.13007101785078,7.39371992086908,7.39371992086908,short=0.000 small=1.000 angle_diff=0.156 mode=entering_pending,,
2026-09-10T11:12:08.193,1789002728,fuzzy,False,-37.91309017,145.1302803,1582.7089413998765,1108.2331402609125,1582.7089413998765,1108.2331402609125,1582.7101,1108.2327,1571.4902,1108.9212,1470433046#3,0.9373149873429703,96.20812847465967,0,0.11760000779759139,5.694,5.415,,4.01,True,0,,False,1582.5737420177722,1107.3056271814487,-37.913098500814385,145.13027855118654,0.9373149873429703,0.9373149873429703,short=0.924 small=1.000 angle_diff=1.306 mode=confirmed,,
2026-09-10T11:12:10.209,1789002730,fuzzy,False,-37.91310419,145.1304152,1594.5995300714858,1106.9152878150344,1594.5995300714858,1106.9152878150344,1594.6017,1106.9149,1582.5749,1107.3055,1470433046#3,10.891848362140584,50.00007374216182,0,0.13210000179242343,6.005,5.694,,3.99,True,0,,False,1583.71,1107.14,-37.91310019813642,145.13029143310052,10.891848362140584,10.891848362140584,short=0.000 small=1.000 angle_diff=1.969 mode=entering_pending,,
2026-09-10T11:12:12.227,1789002732,fuzzy,False,-37.91312525,145.130552,1606.6728151500574,1104.819574393332,1606.6728151500574,1104.819574393332,1606.6704,1104.8193,1594.4166,1105.6041,1360476884,0.9366715618016668,96.21173451540137,0,0.16569999570492655,6.081,6.005,,3.93,True,0,,False,1606.54186246715,1103.8921020166397,-37.91313358121973,145.1305502995119,0.9366715618016668,0.9366715618016668,short=0.924 small=1.000 angle_diff=1.811 mode=confirmed,,
2026-09-10T11:12:14.259,1789002734,fuzzy,False,-37.91313881,145.1306823,1618.1579727355856,1103.544621385634,1618.1579727355856,1103.544621385634,1618.1567,1103.5451,1606.5395,1103.8924,1360476884,1.2799386324930342,93.78376238419875,0,0.06600000779144466,5.884,6.081,,4.04,True,0,,False,1617.979029117868,1102.2772532131496,-37.913150194409745,145.13067997634425,1.2799386324930342,1.2799386324930342,short=0.876 small=1.000 angle_diff=1.702 mode=following,,
2026-09-10T11:12:16.295,1789002736,fuzzy,False,-37.91315609,145.1308095,1629.3788754408597,1101.8513974016532,1629.3788754408597,1101.8513974016532,1629.3792,1101.8511,1617.9777,1102.2774,1360476884,4.5699603574851215,51.7581978536539,0,0.10509999992791563,5.688,5.884,,4.06,True,0,,False,1624.86,1101.17,-37.913161411861964,145.1307579632248,4.5699603574851215,4.5699603574851215,short=0.035 small=1.000 angle_diff=1.665 mode=entering_pending,,
2026-09-10T11:12:18.329,1789002739,fuzzy,False,-37.91317721,145.1309783,1644.2654687584727,1099.8053844114766,1644.2654687584727,1099.8053844114766,1644.2669,1099.8053,1629.1962,1100.5375,1470433048,1.8331506759453822,87.200907807768,0,0.16339999274350703,5.024,5.688,,4.01,True,0,,False,1643.9378921127782,1098.0017395068696,-37.91319339847138,145.13097416410332,1.8331506759453822,1.8331506759453822,short=0.744 small=1.000 angle_diff=2.468 mode=confirmed,,
2026-09-10T11:12:20.347,1789002741,fuzzy,False,-37.91319581,145.1310851,1653.6958854302648,1097.929692979902,1653.6958854302648,1097.929692979902,1653.6946,1097.9301,1643.9393,1098.0015,1470433048,1.6728272305330107,89.48797563046843,0,0.12199999764561653,4.651,5.024,,4.19,True,0,,False,1653.3969579388179,1096.2837910089238,-37.91321058266614,145.13108132584023,1.6728272305330107,1.6728272305330107,short=0.790 small=1.000 angle_diff=0.955 mode=confirmed,,
2026-09-10T11:12:22.390,1789002743,fuzzy,False,-37.91324295,145.1311333,1658.0381355305435,1092.7837608195841,1658.0381355305435,1092.7837608195841,1658.0407,1092.7838,1653.3957,1096.284,1470433048,3.6489885629136327,56.86213992120818,0,0.13099999341648072,3.451,4.651,,4.2,True,0,,False,1655.73,1095.61,-37.91321707371461,145.13110769986784,3.6489885629136327,3.6489885629136327,short=0.137 small=1.000 angle_diff=6.632 mode=confirmed,,
2026-09-10T11:12:24.420,1789002745,fuzzy,False,-37.91329917,145.1310705,1652.642331927782,1086.4346121018752,1652.642331927782,1086.4346121018752,1652.639,1086.435,1657.9972,1092.7571,1470433048,9.68098327677759,10.000409446616851,0,0.14630000805482268,3.486,3.451,,4.15,True,0,,False,1655.73,1095.61,-37.91321707371461,145.13110769986784,9.68098327677759,9.68098327677759,short=0.000 small=0.000 angle_diff=87.149 mode=entering_pending,,
2026-09-10T11:12:26.442,1789002747,fuzzy,False,-37.91325149,145.1309645,1643.2175538942683,1091.538575376384,1643.2175538942683,1091.538575376384,1643.2201,1091.5383,1652.2252,1085.2463,1470433048,6.487856773061194,10.067651611404996,0,0.05909999890718609,4.624,3.486,,4.1,True,0,,False,1644.3769077800964,1097.9220058079914,-37.91319419602909,145.13097913770972,6.487856773061194,6.487856773061194,short=0.002 small=0.000 angle_diff=161.856 mode=following,,
2026-09-10T11:12:28.476,1789002749,fuzzy,False,-37.91318856,145.1308522,1633.2049827955198,1098.323638793081,1633.2049827955198,1098.323638793081,1633.2079,1098.3242,1643.131,1091.4224,1470433048,1.6012095807698523,42.326191028032156,0,0.039300008211284876,5.845,4.624,,4.08,True,0,,False,1633.49111250128,1099.8990758476887,-37.913174419794395,145.13085581262152,1.6012095807698523,1.6012095807698523,short=0.808 small=0.000 angle_diff=156.170 mode=following,,
2026-09-10T11:12:30.520,1789002751,fuzzy,False,-37.91316706,145.130705,1620.216448759369,1100.4498799825087,1620.216448759369,1100.4498799825087,1620.2173,1100.4496,1632.3563,1095.5515,1470433048,4.986116214639106,10.73531201978331,0,0.18999999156221747,6.419,5.845,,4.15,True,0,,False,1625.16,1101.1,-37.913162096632384,145.1307613583825,4.986116214639106,4.986116214639106,short=0.018 small=0.000 angle_diff=178.638 mode=entering_pending,,
2026-09-10T11:12:32.550,1789002753,fuzzy,False,-37.91315,145.1305527,1606.789435250801,1102.0744238812476,1606.789435250801,1102.0744238812476,1606.7857,1102.0738,1619.9795,1098.7642,711979119,18.40033846619577,50.000000000446974,0,0.12159999459981918,6.639,6.419,,4.28,True,0,,False,1624.71,1097.9,-37.91319084165994,145.13075551204025,18.40033846619577,18.40033846619577,short=0.000 small=1.000 angle_diff=10.175 mode=confirmed,,
2026-09-10T11:12:34.585,1789002755,fuzzy,False,-37.91313507,145.1304123,1594.4133130908012,1103.4835737692192,1594.4133130908012,1103.4835737692192,1594.4123,1103.4837,1606.5854,1100.6546,711979119,30.80690724026561,50.0,0,0.22529999841935933,6.287,6.639,,4.36,True,0,,False,1624.71,1097.9,-37.91319084165994,145.13075551204025,30.80690724026561,30.80690724026561,short=0.000 small=1.000 angle_diff=10.578 mode=entering_pending,,
2026-09-10T11:12:36.616,1789002757,fuzzy,False,-37.91311613,145.1302712,1581.9667213910725,1105.336440528743,1581.9667213910725,1105.336440528743,1581.971,1105.3369,1594.2586,1102.3944,-1360476884,11.032916955834764,50.00005884255145,0,0.11059999815188348,6.337,6.287,,4.41,True,0,,False,1592.66,1102.62,-37.913142532470786,145.13039216719577,11.032916955834764,11.032916955834764,short=0.000 small=1.000 angle_diff=0.434 mode=confirmed,,
2026-09-10T11:12:38.648,1789002759,fuzzy,False,-37.91309392,145.1301305,1569.5480089942575,1107.5528496960178,1569.5480089942575,1107.5528496960178,1569.5443,1107.5525,1581.8031,1104.1871,-1360476884,23.632543967440917,50.0000000000001,0,0.14120001287665218,6.296,6.337,,4.1,True,0,,False,1592.66,1102.62,-37.913142532470786,145.13039216719577,23.632543967440917,23.632543967440917,short=0.000 small=1.000 angle_diff=2.086 mode=entering_pending,,
2026-09-10T11:12:40.678,1789002761,fuzzy,False,-37.91308093,145.1299963,1557.7212451014202,1108.7576065510511,1557.7212451014202,1108.7576065510511,1557.7245,1108.7572,1569.3362,1105.9856,-1470433046#3,13.57167727911901,50.000001012932806,0,0.10830000974237919,5.927,6.296,,3.84,True,0,,False,1570.96,1105.77,-37.913110235464494,145.130146148221,13.57167727911901,13.57167727911901,short=0.000 small=1.000 angle_diff=2.489 mode=confirmed,,
2026-09-10T11:12:42.704,1789002763,fuzzy,False,-37.91307162,145.1298488,1544.733434259193,1109.5305361924693,1544.733434259193,1109.5305361924693,1544.7359,1109.5309,1557.5671,1107.5009,-1470433046#3,26.494799169115133,50.0,0,0.09869999485090375,6.427,5.927,,3.99,True,0,,False,1570.96,1105.77,-37.913110235464494,145.130146148221,26.494799169115133,26.494799169115133,short=0.000 small=1.000 angle_diff=4.900 mode=entering_pending,,
2026-09-10T11:12:44.738,1789002765,fuzzy,False,-37.9130486,145.1296982,1531.4425655834493,1111.8193078748882,1531.4425655834493,1111.8193078748882,1531.4468,1111.8196,1544.6838,1109.115,-1470433046#2,1.0371930579722521,95.60877182145487,0,0.09339999814983457,6.714,6.427,,3.97,True,0,,False,1531.3136262620794,1110.790160610931,-37.913057847478655,145.12969649911395,1.0371930579722521,1.0371930579722521,short=0.912 small=1.000 angle_diff=2.630 mode=confirmed,,
2026-09-10T11:12:46.769,1789002767,fuzzy,False,-37.91302771,145.1295469,1518.0948925224948,1113.870467800647,1518.0948925224948,1113.870467800647,1518.097,1113.8706,1531.3177,1110.7896,-1470433046#2,1.4131170156093358,92.52808130674111,0,0.029199989512562752,6.738,6.714,,4.3,True,0,,False,1517.9192199728104,1112.4683127253818,-37.913040309164245,145.1295445826137,1.4131170156093358,1.4131170156093358,short=0.851 small=1.000 angle_diff=1.595 mode=following,,
2026-09-10T11:12:48.798,1789002769,fuzzy,False,-37.91300839,145.1293971,1504.882576664153,1115.750037457794,1504.882576664153,1115.750037457794,1504.8859,1115.7498,1517.9213,1112.4681,-1470433046#2,1.6356087955115848,89.97382688826646,0,0.04260000423528254,6.745,6.738,,4.55,True,0,,False,1504.6792449059053,1114.1271165330281,-37.91302297286736,145.12939441771832,1.6356087955115848,1.6356087955115848,short=0.799 small=1.000 angle_diff=0.955 mode=following,,
2026-09-10T11:12:50.836,1789002771,fuzzy,False,-37.91299903,145.1292435,1491.3583675355767,1116.5176693201065,1491.3583675355767,1116.5176693201065,1491.3571,1116.5181,1504.6825,1114.1267,-1470433046#2,7.492791875985059,50.016961939590765,0,0.07500000356230885,6.653,6.745,,4.66,True,0,,False,1498.67,1114.88,-37.913015104356816,145.1293262622055,7.492791875985059,7.492791875985059,short=0.000 small=1.000 angle_diff=3.893 mode=entering_pending,,
2026-09-10T11:12:52.859,1789002773,fuzzy,False,-37.91297821,145.1290967,1478.4064358621836,1118.5689374338835,1478.4064358621836,1118.5689374338835,1478.4105,1118.569,1491.2607,1115.8666,-1470433046#1,15.365071640330589,50.000000057464895,0,0.07259999983943999,6.567,6.653,,4.52,True,0,,False,1493.47,1115.54,-37.91300821882732,145.12926728692142,15.365071640330589,15.365071640330589,short=0.000 small=1.000 angle_diff=0.869 mode=confirmed,,
2026-09-10T11:12:54.891,1789002775,fuzzy,False,-37.91296138,145.1289733,1467.5205385328736,1120.2187279229984,1467.5205385328736,1120.2187279229984,1467.5165,1120.219,1478.3831,1118.7478,-1470433046#1,26.367879046508907,50.0,0,0.1360000023851171,5.576,6.567,,3.98,True,0,,False,1493.47,1115.54,-37.91300821882732,145.12926728692142,26.367879046508907,26.367879046508907,short=0.000 small=1.000 angle_diff=0.488 mode=entering_pending,,
2026-09-10T11:12:56.930,1789002777,fuzzy,False,-37.91296662,145.128872,1458.6266657443484,1119.458506415598,1458.6266657443484,1119.458506415598,1458.6259,1119.4583,1467.4134,1119.6501,-1470433046#0,3.7233962928324194,56.18725043016461,0,0.13760000001639128,4.648,5.576,,3.48,True,0,,False,1462.35,1119.48,-37.91296709966573,145.12891434053682,3.7233962928324194,3.7233962928324194,short=0.124 small=1.000 angle_diff=0.452 mode=confirmed,,
2026-09-10T11:12:58.955,1789002779,fuzzy,False,-37.91296595,145.1288037,1452.62074401672,1119.4123182101175,1452.62074401672,1119.4123182101175,1452.6213,1119.4126,1459.3957,1118.4268,-1470433046#0,9.72949139538496,50.00047358805378,0,0.08529999468009919,4.732,4.648,,7.17,True,0,,False,1462.35,1119.48,-37.91296709966573,145.12891434053682,9.72949139538496,9.72949139538496,short=0.000 small=1.000 angle_diff=4.897 mode=confirmed,,
2026-09-10T11:13:00.994,1789002781,fuzzy,False,-37.91314589,145.1287547,1448.7138710439904,1099.3587870262563,1448.7138710439904,1099.3587870262563,1448.7145,1099.3589,1454.4454,1114.8447,-1470433046#0,24.3065263754341,10.000000000000028,0,0.07639999967068434,6.327,0,,2.97,True,0,,False,1462.35,1119.48,-37.91296709966573,145.12891434053682,24.3065263754341,24.3065263754341,short=0.000 small=0.000 angle_diff=73.638 mode=entering_pending,,
2026-09-10T11:13:03.023,1789002783,fuzzy,False,-37.91327256,145.1287333,1447.114727142849,1085.2650733646005,1447.114727142849,1085.2650733646005,1447.1127,1085.2646,1449.3821,1099.2235,1470433047#3,30.99435605051457,18.0384341729455,0,0.06439999560825527,6.936,6.327,,2.69,True,0,,False,1455.26,1115.17,-37.91300464298707,145.1288327409541,30.99435605051457,30.99435605051457,short=0.000 small=0.201 angle_diff=56.962 mode=confirmed,,
2026-09-10T11:13:05.047,1789002785,fuzzy,False,-37.91339986,145.1287149,1445.7807301641442,1071.1067456481978,1445.7807301641442,1071.1067456481978,1445.7825,1071.1071,1447.3034,1085.241,1470433047#3,45.071353881291216,16.947566807387688,0,0.09000000136438757,7.063,6.936,,2.43,True,0,,False,1455.26,1115.17,-37.91300464298707,145.1288327409541,45.071353881291216,45.071353881291216,short=0.000 small=0.174 angle_diff=58.052 mode=entering_pending,,
2026-09-10T11:13:07.090,1789002787,fuzzy,False,-37.91351449,145.1287023,1444.9284032493597,1058.3645813250914,1444.9284032493597,1058.3645813250914,1444.9251,1058.364,1445.5674,1071.1315,-93686025#2,27.52392733265479,50.0,0,0.08509999315720052,6.321,7.063,,2.27,True,0,,False,1447.37,1085.78,-37.91326796759532,145.12873632009538,27.52392733265479,27.52392733265479,short=0.000 small=1.000 angle_diff=4.170 mode=confirmed,,
2026-09-10T11:13:09.123,1789002789,fuzzy,False,-37.91360087,145.128781,1452.0394960198319,1048.9183145891875,1452.0394960198319,1048.9183145891875,1452.0413,1048.9187,1444.0848,1058.4659,-93686025#2,37.156265210660386,30.03071796755725,0,0.2013000048464164,5.78,6.321,,2.2,True,0,,False,1447.37,1085.78,-37.91326796759532,145.12873632009538,37.156265210660386,37.156265210660386,short=0.000 small=0.501 angle_diff=44.969 mode=entering_pending,,
2026-09-10T11:13:11.152,1789002791,fuzzy,False,-37.91361633,145.1289004,1462.5706051053712,1047.4135107165202,1462.5706051053712,1047.4135107165202,1462.5709,1047.4136,1451.9642,1048.4116,-93686025#0,0.6075846011754452,97.69086007418841,0,0.0881000014487654,4.976,5.78,,2.16,True,0,,False,1462.4792743845182,1046.8128296472214,-37.913621724548655,145.12889922442275,0.6075846011754452,0.6075846011754452,short=0.954 small=1.000 angle_diff=0.513 mode=confirmed,,
2026-09-10T11:13:13.198,1789002793,fuzzy,False,-37.91362591,145.1290064,1471.910594708519,1046.5375220254064,1471.910594708519,1046.5375220254064,1471.908,1046.5379,1462.4795,1046.8128,-93686025#0,1.1455148892551739,94.86314761821711,0,0.04839999019168317,4.728,4.976,,2.13,True,0,,False,1471.738403543073,1045.4050227697564,-37.91363608066133,145.12900418362932,1.1455148892551739,1.1455148892551739,short=0.897 small=1.000 angle_diff=3.287 mode=following,,
2026-09-10T11:13:15.239,1789002795,fuzzy,False,-37.91363232,145.1291156,1481.5248390685883,1046.0189285408705,1481.5248390685883,1046.0189285408705,1481.529,1046.0189,1471.7358,1045.4054,-93686025#0,2.078004912773809,83.13323947110064,0,0.11249999806750566,4.838,4.728,,2.11,True,0,,False,1481.2124781459243,1043.9645344522146,-37.91365076994716,145.12911157945067,2.078004912773809,2.078004912773809,short=0.663 small=1.000 angle_diff=5.558 mode=confirmed,,
2026-09-10T11:13:17.274,1789002797,fuzzy,False,-37.91365192,145.1292407,1492.5662543004146,1044.0647488813847,1492.5662543004146,1044.0647488813847,1492.5657,1044.0646,1481.2166,1043.9639,-93686025#0,10.668219294031175,50.0001054651518,0,0.12630000128410757,5.501,4.838,,2.09,True,0,,False,1481.9,1043.86,-37.91365183592667,145.12911937303417,10.668219294031175,10.668219294031175,short=0.000 small=1.000 angle_diff=1.391 mode=entering_pending,,
2026-09-10T11:13:19.299,1789002799,fuzzy,False,-37.91367484,145.1293698,1503.9667039244669,1041.749207675457,1503.9667039244669,1041.749207675457,1503.9692,1041.7497,1492.3373,1042.3942,-93686034#0,0.9366976981017663,96.21158809740218,0,0.09950000094249845,5.726,5.501,,2.12,True,0,,False,1503.8397855272967,1040.82114824951,-37.91368317721568,145.12936814510172,0.9366976981017663,0.9366976981017663,short=0.924 small=1.000 angle_diff=3.694 mode=confirmed,,
2026-09-10T11:13:21.321,1789002802,fuzzy,False,-37.91369232,145.1295618,1520.8846789167728,1040.1482653263956,1520.8846789167728,1040.1482653263956,1520.8828,1040.1479,1503.8422,1040.8208,-93686034#0,1.6346434642124694,89.9862016364228,0,0.05370000144466758,5.258,5.726,,2.12,True,0,,False,1520.6640600900957,1038.528578137952,-37.913706870614575,145.12955892189586,1.6346434642124694,1.6346434642124694,short=0.800 small=1.000 angle_diff=2.351 mode=following,,
2026-09-10T11:13:23.345,1789002804,fuzzy,False,-37.91370754,145.1296772,1531.0635783964535,1038.6629493851215,1531.0635783964535,1038.6629493851215,1531.0609,1038.6632,1520.6623,1038.5288,-93686034#0,1.5367075263108034,91.18244866968598,0,0.04289999196771532,4.662,5.258,,2.1,True,0,,False,1530.8561774439995,1037.1403020634014,-37.91372121885082,145.12967449435155,1.5367075263108034,1.5367075263108034,short=0.824 small=1.000 angle_diff=0.546 mode=following,,
2026-09-10T11:13:25.383,1789002806,fuzzy,False,-37.91372781,145.1297511,1537.6053831346799,1036.5440448923036,1537.6053831346799,1036.5440448923036,1537.6064,1036.5439,1530.8535,1037.1407,-93686034#0,0.32010144774120325,98.51698632179024,0,0.05420000525191426,3.644,4.662,,2.09,True,0,,False,1537.5621808050194,1036.226872233397,-37.91373065935197,145.12975053640687,0.32010144774120325,0.32010144774120325,short=0.970 small=1.000 angle_diff=10.191 mode=following,,
2026-09-10T11:13:27.413,1789002808,fuzzy,False,-37.91379749,145.1297963,1541.7341289650649,1028.8917282531038,1541.7341289650649,1028.8917282531038,1541.7346,1028.8922,1537.5632,1036.2267,-93686034#0,3.3010691380988115,60.862958936894685,0,0.12450000212993473,4.171,3.644,,2.09,True,0,,False,1541.87,1032.19,-37.913767803003665,145.12979859739318,3.3010691380988115,3.3010691380988115,short=0.217 small=1.000 angle_diff=17.788 mode=confirmed,,
2026-09-10T11:13:29.447,1789002810,fuzzy,False,-37.91390565,145.1297756,1540.1551747717313,1016.8532341755927,1540.1551747717313,1016.8532341755927,1540.1524,1016.8532,1542.641,1029.1198,-93686034#0,15.43233655400948,50.00000005160148,0,0.12339999375399202,5.738,4.171,,2.15,True,0,,False,1541.87,1032.19,-37.913767803003665,145.12979859739318,15.43233655400948,15.43233655400948,short=0.000 small=1.000 angle_diff=18.033 mode=entering_pending,,
2026-09-10T11:13:31.482,1789002812,fuzzy,False,-37.91402391,145.1297513,1538.2822335174424,1003.6876420760527,1538.2822335174424,1003.6876420760527,1538.283,1003.6877,1540.9811,1016.6227,114900092#4,4.564554569170119,51.77292936006993,0,0.115999995614402,6.515,5.738,,2.62,True,0,,False,1533.7599641541549,1004.3075115952286,-37.914017508669886,145.12970002086018,4.564554569170119,4.564554569170119,short=0.035 small=1.000 angle_diff=0.292 mode=confirmed,,
2026-09-10T11:13:33.520,1789002814,fuzzy,False,-37.91414286,145.1297322,1536.867974193825,990.4546557944268,1536.867974193825,990.4546557944268,1536.8716,990.4545,1539.3133,1003.5652,114900092#4,4.960444946934321,50.956941274699254,0,0.027300004148855805,6.647,6.515,,3.12,True,0,,False,1531.95348190945,991.1282874878505,-37.91413590346105,145.12967647326,4.960444946934321,4.960444946934321,short=0.019 small=1.000 angle_diff=1.705 mode=following,,
2026-09-10T11:13:35.551,1789002816,fuzzy,False,-37.91426293,145.1297055,1534.7880909586092,977.0839817114174,1534.7880909586092,977.0839817114174,1534.7924,977.0842,1537.7419,990.351,114900092#4,4.715575726509483,51.403037960013954,0,0.1269999920623377,6.712,6.647,,3.49,True,0,,False,1530.1161994706008,977.7243600033041,-37.9142563168527,145.12965252409208,4.715575726509483,4.715575726509483,short=0.028 small=1.000 angle_diff=1.037 mode=confirmed,,
2026-09-10T11:13:37.590,1789002818,fuzzy,False,-37.91436913,145.1296823,1532.9850210599834,965.2585662314668,1532.9850210599834,965.2585662314668,1532.9855,965.259,1536.0605,976.9218,114900092#4,8.511174920073191,50.00332620457265,0,0.11690000246744603,6.018,6.712,,5.37,True,0,,False,1529.47,973.01,-37.91429866802543,145.12964410079422,8.511174920073191,8.511174920073191,short=0.000 small=1.000 angle_diff=0.864 mode=entering_pending,,
2026-09-10T11:13:39.616,1789002820,fuzzy,False,-37.9144525,145.1296732,1532.370665579103,955.9913554210216,1532.370665579103,955.9913554210216,1532.3743,955.9915,1534.4626,965.0607,-46129059#1,0.8775529210702303,96.52991169500811,0,0.12269998842384666,4.863,0,,6.27,True,0,,False,1533.2406632171362,955.8764500726021,-37.91445369235186,145.12968306616816,0.8775529210702303,0.8775529210702303,short=0.931 small=1.000 angle_diff=3.731 mode=confirmed,,
2026-09-10T11:13:41.657,1789002822,fuzzy,False,-37.91453851,145.1296554,1530.9973675226793,946.4158494984731,1530.9973675226793,946.4158494984731,1530.9949,946.4157,1533.2407,955.877,-46129059#1,0.9852264514205109,95.93060629720668,0,0.04939999780617654,4.832,4.863,,5.78,True,0,,False,1531.9741116768876,946.2868455535777,-37.91453984865237,145.12966647673457,0.9852264514205109,0.9852264514205109,short=0.919 small=1.000 angle_diff=0.638 mode=following,,
2026-09-10T11:13:43.680,1789002824,fuzzy,False,-37.91463223,145.129653,1530.9950641929172,936.011968693696,1530.9950641929172,936.011968693696,1530.996,936.0118,1531.9741,946.2864,-46129059#1,0.37475723580789355,98.38583361323052,0,0.1399999891873449,5.043,4.832,,5.46,True,0,,False,1530.6235334257572,936.0610387950189,-37.91463172080727,145.12964878666253,0.37475723580789355,0.37475723580789355,short=0.968 small=1.000 angle_diff=7.511 mode=confirmed,,
2026-09-10T11:13:45.727,1789002826,fuzzy,False,-37.91469299,145.1296257,1528.730399124208,929.2215717695653,1528.730399124208,929.2215717695653,1528.7296,929.2213,1530.6235,936.061,-46129059#1,2.9679458549956808,66.0550858052577,0,0.1120000088121742,3.552,5.043,,5.13,True,0,,False,1530.07,931.87,-37.91466937453565,145.12964153638643,2.9679458549956808,2.9679458549956808,short=0.321 small=1.000 angle_diff=10.920 mode=confirmed,,
2026-09-10T11:13:47.759,1789002828,fuzzy,False,-37.91472352,145.1296314,1529.2994698790135,925.8438630346209,1529.2994698790135,925.8438630346209,1529.2981,925.8435,1528.6635,929.2933,-46129059#1,6.075199041418816,50.163397603304105,0,0.17070000467356294,1.958,3.552,,4.74,True,0,,False,1530.07,931.87,-37.91466937453565,145.12964153638643,6.075199041418816,6.075199041418816,short=0.003 small=1.000 angle_diff=17.087 mode=entering_pending,,
2026-09-10T11:13:49.801,1789002830,fuzzy,False,-37.91473716,145.1296402,1530.1034539951943,924.3458230532706,1530.1034539951943,924.3458230532706,1530.101,924.3456,1529.4109,925.8079,-46129059#0,1.07420743924538,76.50941382045033,0,0.10609999299049377,0.925,1.958,,4.43,True,0,,False,1529.04153054882,924.5078113755986,-37.91473550881663,145.12962816222026,1.07420743924538,1.07420743924538,short=0.907 small=0.703 angle_diff=36.895 mode=confirmed,,
2026-09-10T11:13:51.846,1789002832,fuzzy,False,-37.91474709,145.1296489,1530.8903858370613,923.2592870434746,1530.8903858370613,923.2592870434746,1530.893,923.2596,1529.0414,924.5072,-46129059#0,2.107335858112416,56.84014361764331,0,0.19659999816212803,1.038,0.925,,4.19,True,0,,False,1528.99,924.17,-37.9147385425798,145.12962749920683,2.107335858112416,2.107335858112416,short=0.652 small=0.510 angle_diff=44.587 mode=confirmed,,
2026-09-10T11:13:53.885,1789002834,fuzzy,False,-37.91476326,145.1296518,1531.1813313500606,921.4700974160805,1531.1813313500606,921.4700974160805,1531.1831,921.4703,1528.9864,923.2672,-46129059#0,3.477270056871246,58.656304161495925,0,0.10699999984353781,2.239,1.038,,3.98,True,0,,False,1528.99,924.17,-37.9147385425798,145.12962749920683,3.477270056871246,3.477270056871246,short=0.173 small=1.000 angle_diff=17.909 mode=confirmed,,
2026-09-10T11:13:55.923,1789002836,fuzzy,False,-37.91480773,145.1297863,1543.1042968301335,916.7727357689291,1543.1042968301335,916.7727357689291,1543.1023,916.7732,1529.4079,920.6973,-46129059#0,15.935271981155429,10.000000018461918,0,0.11249999806750566,3.894,2.239,,3.78,True,0,,False,1528.99,924.17,-37.9147385425798,145.12962749920683,15.935271981155429,15.935271981155429,short=0.000 small=0.000 angle_diff=77.170 mode=entering_pending,,
2026-09-10T11:13:57.943,1789002838,fuzzy,False,-37.91481591,145.1298934,1552.537709698663,916.0539516443387,1552.537709698663,916.0539516443387,1552.5393,916.0536,1543.1401,917.1938,44348023#1,3.0405863109079267,64.81543345639115,0,0.13000000035390258,4.84,3.894,,3.61,True,0,,False,1552.2124353859238,913.0308139141728,-37.91484308429346,145.12988901172503,3.0405863109079267,3.0405863109079267,short=0.296 small=1.000 angle_diff=1.784 mode=confirmed,,
2026-09-10T11:13:59.978,1789002840,fuzzy,False,-37.91482579,145.1300133,1563.1001574634574,915.1690915776417,1563.1001574634574,915.1690915776417,1563.1038,915.1692,1552.5563,916.2127,44348023#1,3.2907482883072507,61.004025509982846,0,0.18790000467561185,5.271,4.84,,3.45,True,0,,False,1562.748121448549,911.8972274390802,-37.91485520004426,145.1300085507296,3.2907482883072507,3.2907482883072507,short=0.220 small=1.000 angle_diff=1.352 mode=confirmed,,
2026-09-10T11:14:02.003,1789002842,fuzzy,False,-37.91480244,145.1301338,1573.6413752536755,917.9726455509663,1573.6413752536755,917.9726455509663,1573.642,917.9724,1563.095,915.0861,44348023#1,12.040242464388564,50.00001174168565,0,0.09350001346319914,5.179,5.271,,3.62,True,0,,False,1563.28,911.84,-37.91485581168684,145.13001458548086,12.040242464388564,12.040242464388564,short=0.000 small=1.000 angle_diff=21.035 mode=entering_pending,,
2026-09-10T11:14:04.023,1789002844,fuzzy,False,-37.91481665,145.1302638,1585.1013547416078,916.6250905906782,1585.1013547416078,916.6250905906782,1585.0992,916.6255,1573.1066,913.8136,1038136215,7.518268727631308,50.016284643941226,0,0.07140000525396317,5.627,5.179,,3.5,True,0,,False,1584.1442295443442,909.1679949081995,-37.91488365219999,145.13025121593938,7.518268727631308,7.518268727631308,short=0.000 small=1.000 angle_diff=0.607 mode=confirmed,,
2026-09-10T11:14:06.065,1789002846,fuzzy,False,-37.91482073,145.1303956,1596.697021044325,916.4047699095681,1596.697021044325,916.4047699095681,1596.6933,916.4049,1584.5475,912.3405,1038136215,11.518511354329556,50.00002705616404,0,0.08350001007784158,5.659,5.627,,3.73,True,0,,False,1588.18,908.65,-37.91488904768661,145.13029698715857,11.518511354329556,11.518511354329556,short=0.000 small=1.000 angle_diff=6.225 mode=entering_pending,,
2026-09-10T11:14:08.099,1789002848,fuzzy,False,-37.91483965,145.1305248,1608.0971473159152,914.533126858063,1608.0971473159152,914.533126858063,1608.0978,914.5333,1596.2883,913.1107,139327110#0,6.0466879927703605,50.17099796830638,0,0.06579999171663076,5.675,5.659,,3.66,True,0,,False,1607.3593126804017,908.5316240685486,-37.91489357955272,145.1305150416171,6.0466879927703605,6.0466879927703605,short=0.003 small=1.000 angle_diff=2.315 mode=confirmed,,
2026-09-10T11:14:10.139,1789002850,fuzzy,False,-37.91485199,145.1306659,1620.5287566293846,913.4125990774482,1620.5287566293846,913.4125990774482,1620.5247,913.4123,1607.7497,911.7016,139327110#0,6.451475097461038,50.089624080409834,0,0.04119999357499182,6.123,5.675,,3.8,True,0,,False,1619.7415286819942,907.0093340437325,-37.91490952980666,145.13065548846245,6.451475097461038,6.451475097461038,short=0.002 small=1.000 angle_diff=1.858 mode=following,,
2026-09-10T11:14:12.177,1789002852,fuzzy,False,-37.91487065,145.1308049,1632.7898138247547,911.5870511345565,1632.7898138247547,911.5870511345565,1632.7903,911.5874,1620.1273,910.1799,139327110#0,6.135699187213216,50.14836683721407,0,0.09710001177154481,6.147,6.123,,3.84,True,0,,False,1632.0411177817589,905.4972023062874,-37.91492537345956,145.1307949981687,6.135699187213216,6.135699187213216,short=0.003 small=1.000 angle_diff=1.460 mode=following,,
2026-09-10T11:14:14.219,1789002854,fuzzy,False,-37.91488937,145.1309458,1645.218027628085,909.7581764888018,1645.218027628085,909.7581764888018,1645.2207,909.7587,1632.4313,908.6672,139327110#0,5.837018374069756,50.238832101114774,0,0.0354999938281253,6.236,6.147,,3.97,True,0,,False,1644.5057774955058,903.9647765157404,-37.91494142958006,145.13093638027811,5.837018374069756,5.837018374069756,short=0.005 small=1.000 angle_diff=1.362 mode=following,,
2026-09-10T11:14:16.242,1789002856,fuzzy,False,-37.91490605,145.1310839,1657.3955473083188,908.1507163606584,1657.3955473083188,908.1507163606584,1657.3944,908.1507,1644.8981,907.1345,139327110#0,5.728191033138446,50.2840006214446,0,0.04159999662078917,6.19,6.236,,3.82,True,0,,False,1656.6951555797143,902.4655053761276,-37.91495713714481,145.13107463987708,5.728191033138446,5.728191033138446,short=0.006 small=1.000 angle_diff=0.497 mode=following,,
2026-09-10T11:14:18.283,1789002858,fuzzy,False,-37.91491717,145.131224,1669.7365118194139,907.1637291507795,1669.7365118194139,907.1637291507795,1669.7398,907.1634,1657.0872,905.6379,139327110#0,7.787883398926108,50.01057987092363,0,0.1568000006955117,6.156,6.19,,3.94,True,0,,False,1664.37,901.52,-37.91496704071064,145.13116169248204,7.787883398926108,7.787883398926108,short=0.000 small=1.000 angle_diff=2.451 mode=confirmed,,
2026-09-10T11:14:20.318,1789002860,fuzzy,False,-37.91493298,145.1313641,1682.08790592046,905.6562973391265,1682.08790592046,905.6562973391265,1682.0906,905.656,1669.5065,904.3116,139327110#0,18.19431630713109,50.0000000006215,0,0.16260000120382756,6.241,6.156,,3.91,True,0,,False,1664.37,901.52,-37.91496704071064,145.13116169248204,18.19431630713109,18.19431630713109,short=0.000 small=1.000 angle_diff=0.065 mode=entering_pending,,
2026-09-10T11:14:22.355,1789002863,fuzzy,False,-37.91500275,145.1315679,1700.1592016597278,898.2734292047098,1700.1592016597278,898.2734292047098,1700.1604,898.2735,1682.4901,904.417,44348024#1,4.77483281972227,51.27937283426266,0,0.1731999946059659,6.321,6.241,,8.32,True,0,,False,1696.78,894.9,-37.9150325283964,145.13152870721976,4.77483281972227,4.77483281972227,short=0.026 small=1.000 angle_diff=13.611 mode=confirmed,,
2026-09-10T11:14:24.391,1789002865,fuzzy,False,-37.91502003,145.1317041,1712.1709947055206,896.5959613015875,1712.1709947055206,896.5959613015875,1712.1735,896.5959,1700.1321,897.8622,44348024#1,15.484153278815267,50.00000004749591,0,0.11530000483617187,6.106,6.321,,8.3,True,0,,False,1696.78,894.9,-37.9150325283964,145.13152870721976,15.484153278815267,15.484153278815267,short=0.000 small=1.000 angle_diff=0.661 mode=entering_pending,,
2026-09-10T11:14:26.431,1789002867,fuzzy,False,-37.91503922,145.1318545,1725.4353529459331,894.731552763842,1725.4353529459331,894.731552763842,1725.4389,894.7319,1712.1656,896.5378,1209622645,3.200833707418588,62.28819683624108,0,0.06469999789260328,6.588,6.106,,8.03,True,0,,False,1725.0032224005265,891.5600232252324,-37.91506771183842,145.1318488635785,3.200833707418588,3.200833707418588,short=0.246 small=1.000 angle_diff=0.242 mode=confirmed,,
2026-09-10T11:14:28.464,1789002869,fuzzy,False,-37.91505935,145.1320102,1739.1677177448291,892.7721534790471,1739.1677177448291,892.7721534790471,1739.1651,892.7717,1725.4386,894.7293,1209622645,3.1133195017483186,63.63158449264003,0,0.043100008042529225,6.944,6.588,,7.73,True,0,,False,1738.7474021091878,889.6873369388941,-37.91508706284985,145.13200471774067,3.1133195017483186,3.1133195017483186,short=0.273 small=1.000 angle_diff=0.361 mode=following,,
2026-09-10T11:14:30.510,1789002871,fuzzy,False,-37.9150792,145.1321567,1752.0906799626537,890.827594153583,1752.0906799626537,890.827594153583,1752.0871,890.8277,1739.1768,892.8574,1209622645,2.9312354942350907,66.70191181377389,0,0.04990000161342323,6.707,6.944,,6.52,True,0,,False,1751.6949466916926,887.9231946113509,-37.915105292058016,145.13215153842327,2.9312354942350907,2.9312354942350907,short=0.334 small=1.000 angle_diff=0.798 mode=following,,
2026-09-10T11:14:32.551,1789002873,fuzzy,False,-37.91509869,145.1323005,1764.7754775441717,888.9182058889419,1764.7754775441717,888.9182058889419,1764.7781,888.9183,1752.1233,891.0934,1209622645,2.7518469857416625,70.03012671683996,0,0.08589999924879521,6.387,6.707,,3.5,True,0,,False,1764.4039627303694,886.191552523356,-37.91512318525877,145.13229565435233,2.7518469857416625,2.7518469857416625,short=0.401 small=1.000 angle_diff=0.801 mode=confirmed,,
2026-09-10T11:14:34.594,1789002875,fuzzy,False,-37.91511867,145.1324465,1777.65475958772,886.9583004182205,1777.65475958772,886.9583004182205,1777.6516,886.9583,1764.8384,889.3609,1209622645,11.666695041396437,50.00002134507578,0,0.09460000728722662,6.442,6.387,,3.78,True,0,,False,1766.03,885.97,-37.91512547456669,145.13231409306874,11.666695041396437,11.666695041396437,short=0.000 small=1.000 angle_diff=0.894 mode=entering_pending,,
2026-09-10T11:14:36.635,1789002877,fuzzy,False,-37.91513938,145.1325971,1790.9400431093527,884.9254722781479,1790.9400431093527,884.9254722781479,1790.9376,884.9249,1777.6388,886.872,569766862#0,3.2312645427944346,61.84253892066843,0,0.1247000036528334,6.651,6.442,,5.62,True,0,,False,1790.4654393108763,881.7292523576806,-37.915168086631965,145.13259097527825,3.2312645427944346,3.2312645427944346,short=0.237 small=1.000 angle_diff=0.253 mode=confirmed,,
2026-09-10T11:14:38.674,1789002879,fuzzy,False,-37.91516006,145.1327474,1804.1988792717457,882.8954234281555,1804.1988792717457,882.8954234281555,1804.1996,882.8951,1790.9332,884.8953,569766862#0,3.1706726088236388,62.74092606073643,0,0.04430000262800604,6.578,6.651,,3.43,True,0,,False,1803.7331751351937,879.759138292913,-37.915188228340824,145.13274139018273,3.1706726088236388,3.1706726088236388,short=0.255 small=1.000 angle_diff=0.259 mode=following,,
2026-09-10T11:14:40.705,1789002881,fuzzy,False,-37.91517953,145.13289,1816.7781119787833,880.9860614128411,1816.7781119787833,880.9860614128411,1816.7739,880.9863,1804.2036,882.9221,569766862#0,3.129639359364682,63.37422407284197,0,0.08970001363195479,6.52,6.578,,3.68,True,0,,False,1816.31843475083,877.8903645016778,-37.91520733380881,145.13288406801033,3.129639359364682,3.129639359364682,short=0.267 small=1.000 angle_diff=0.185 mode=confirmed,,
2026-09-10T11:14:42.722,1789002883,fuzzy,False,-37.91520093,145.1330483,1830.7418124665273,878.8901631394401,1830.7418124665273,878.8901631394401,1830.7407,878.8899,1816.7836,881.0516,569766862#0,11.941835925959206,50.00001374390986,0,0.08060000254772604,7.003,6.52,,3.51,True,0,,False,1818.88,877.51,-37.915211222456364,145.13291310822888,11.941835925959206,11.941835925959206,short=0.000 small=1.000 angle_diff=0.090 mode=entering_pending,,
2026-09-10T11:14:44.738,1789002885,fuzzy,False,-37.91522172,145.1332028,1844.3700915038935,876.8552393242717,1844.3700915038935,876.8552393242717,1844.3682,876.8551,1830.7527,878.9711,569766862#0-AddedOffRampEdge,1.505789586108009,91.53598605190079,0,0.05709999823011458,6.938,7.003,,6.09,True,0,,False,1844.1487952045031,875.3657997566801,-37.915235097294044,145.13319994449662,1.505789586108009,1.505789586108009,short=0.831 small=1.000 angle_diff=0.041 mode=confirmed,,
2026-09-10T11:14:46.780,1789002887,fuzzy,False,-37.91524203,145.1333569,1857.962132000248,874.8728520609438,1857.962132000248,874.8728520609438,1857.959,874.8727,1844.3817,876.9461,569766862#0-AddedOffRampEdge,1.5424628605334871,91.11537163020799,0,0.027400004910305142,7.035,6.938,,3.57,True,0,,False,1857.7354460634263,873.3471374211201,-37.9152557331005,145.13335397497877,1.5424628605334871,1.5424628605334871,short=0.822 small=1.000 angle_diff=0.153 mode=following,,
2026-09-10T11:14:48.800,1789002889,fuzzy,False,-37.91526361,145.1335206,1872.400920761167,872.7664167620242,1872.400920761167,872.7664167620242,1872.4016,872.766,1857.9672,874.9276,569766862#0-AddedOffRampEdge,1.580876222017187,90.65741344364156,0,0.032800002372823656,7.241,7.035,,3.73,True,0,,False,1872.1685894574084,871.2027058569547,-37.91527765436625,145.1335176021642,1.580876222017187,1.580876222017187,short=0.813 small=1.000 angle_diff=0.151 mode=following,,
2026-09-10T11:14:50.837,1789002891,fuzzy,False,-37.91528443,145.1336803,1886.4863731263904,870.7372486982495,1886.4863731263904,870.7372486982495,1886.4894,870.7375,1872.4041,872.7826,569766862#0-AddedOffRampEdge,1.6437902447061745,89.86848749746407,0,0.042400002712383866,7.23,7.241,,6.1,True,0,,False,1886.244795749655,869.1113068974335,-37.915299033293905,145.13367718288987,1.6437902447061745,1.6437902447061745,short=0.797 small=1.000 angle_diff=0.253 mode=following,,
2026-09-10T11:14:52.870,1789002893,fuzzy,False,-37.91530445,145.1338361,1900.227191951708,868.7899642791599,1900.227191951708,868.7899642791599,1900.2298,868.7897,1886.4825,870.6909,569766862#0-AddedOffRampEdge,1.7370502159443102,88.60950852262596,0,0.05420000525191426,7.079,7.23,,6.18,True,0,,False,1899.9719087513258,867.0717751334851,-37.915319881812756,145.1338328060728,1.7370502159443102,1.7370502159443102,short=0.772 small=1.000 angle_diff=0.385 mode=following,,
2026-09-10T11:14:54.898,1789002895,fuzzy,False,-37.91532473,145.1339939,1914.144400075893,866.8173260381445,1914.144400075893,866.8173260381445,1914.1438,866.8172,1900.2092,868.6514,569766862#0-AddedOffRampEdge,1.8311544708307594,87.23129909755714,0,0.041400009649805725,6.995,7.079,,3.83,True,0,,False,1913.8752869728767,865.0060544312814,-37.9153409978328,145.13399042765855,1.8311544708307594,1.8311544708307594,short=0.745 small=1.000 angle_diff=0.384 mode=following,,
2026-09-10T11:14:56.937,1789002897,fuzzy,False,-37.91534492,145.134151,1927.9998635887168,864.8534193690866,1927.9998635887168,864.8534193690866,1927.9963,864.8534,1914.1094,866.5862,569766862#0-AddedOffRampEdge,6.8784909283508675,50.04529906567889,0,0.09180000051856041,6.96,6.995,,3.34,True,0,,False,1921.185,863.9200000000001,-37.91535209951464,145.13407329738206,6.8784909283508675,6.8784909283508675,short=0.001 small=1.000 angle_diff=0.384 mode=entering_pending,,
2026-09-10T11:14:58.977,1789002899,fuzzy,False,-37.91530064,145.1343133,1942.169252472464,870.0525544108823,1942.169252472464,870.0525544108823,1942.17,870.0529,1928.0089,865.1862,569766862#0-AddedOffRampEdge,21.86200071883963,46.3995311773059,0,0.11509998876135796,6.695,6.96,,2.78,True,0,,False,1921.185,863.9200000000001,-37.91535209951464,145.13407329738206,21.86200071883963,21.86200071883963,short=0.000 small=0.910 angle_diff=28.600 mode=entering_pending,,
2026-09-10T11:15:01.014,1789002901,fuzzy,False,-37.91525924,145.134445,1953.655015342054,874.8782440023497,1953.655015342054,874.8782440023497,1953.6512,874.8785,1942.1447,868.2744,44348588#0,2.328378384587762,78.41102596071784,0,0.08620000153314322,6.061,6.695,,2.47,True,0,,False,1953.63,872.55,-37.91528020887188,145.13444418567835,2.328378384587762,2.328378384587762,short=0.568 small=1.000 angle_diff=4.538 mode=confirmed,,
2026-09-10T11:15:03.057,1789002903,fuzzy,False,-37.91521102,145.134568,1964.360829511308,880.4453915683553,1964.360829511308,880.4453915683553,1964.364,880.4458,1954.704,875.4643,44348588#0,13.322458857824062,50.00000150922966,0,0.13220000255387276,5.932,6.061,,2.34,True,0,,False,1953.63,872.55,-37.91528020887188,145.13444418567835,13.322458857824062,13.322458857824062,short=0.000 small=1.000 angle_diff=0.147 mode=entering_pending,,
2026-09-10T11:15:05.091,1789002905,fuzzy,False,-37.91513079,145.1346819,1974.1955933585996,889.5485049625859,1974.1955933585996,889.5485049625859,1974.194,889.548,1964.2962,880.5252,44348588#1,12.155100831529149,50.00000977054295,0,0.10109999857377261,6.467,5.932,,2.25,True,0,,False,1965.24,881.33,-37.91520320973819,145.1345781981271,12.155100831529149,12.155100831529149,short=0.000 small=1.000 angle_diff=2.332 mode=confirmed,,
2026-09-10T11:15:07.127,1789002907,fuzzy,False,-37.91500731,145.1347309,1978.2289764134912,903.3366686599329,1978.2289764134912,903.3366686599329,1978.2326,903.3364,1974.7557,889.4029,44348588#1,25.55400113051382,41.76065155346645,0,0.07090000144671649,6.565,6.467,,2.18,True,0,,False,1965.24,881.33,-37.91520320973819,145.1345781981271,25.55400113051382,25.55400113051382,short=0.000 small=0.794 angle_diff=33.239 mode=entering_pending,,
2026-09-10T11:15:09.152,1789002909,fuzzy,False,-37.91489521,145.1347811,1982.3931368850172,915.8641589516774,1982.3931368850172,915.8641589516774,1982.3939,915.8645,1978.3466,903.3069,139332152#2,2.3787954730337253,77.41652194741565,0,0.09140001202467829,6.515,6.565,,2.12,True,0,,False,1980.089911614134,916.4589877119868,-37.914889436438976,145.13475504609147,2.3787954730337253,2.3787954730337253,short=0.548 small=1.000 angle_diff=3.906 mode=confirmed,,
2026-09-10T11:15:11.178,1789002911,fuzzy,False,-37.91479097,145.1348145,1985.0978708844632,927.4899076353759,1985.0978708844632,927.4899076353759,1985.0935,927.4903,1981.64,916.0592,139332152#2,3.316333992238756,60.65672099383304,0,0.13099999341648072,6.029,6.515,,2.09,True,0,,False,1982.43,925.52,-37.91480823448275,145.13478371627392,3.316333992238756,3.316333992238756,short=0.213 small=1.000 angle_diff=1.384 mode=confirmed,,
2026-09-10T11:15:13.213,1789002913,fuzzy,False,-37.91469711,145.1348489,1987.913572660822,937.9655974246562,1987.913572660822,937.9655974246562,1987.9147,937.9652,1984.7713,927.5934,139332152#2,13.600090602018856,50.000000967914595,0,0.13279999257065356,5.564,6.029,,2.07,True,0,,False,1982.43,925.52,-37.91480823448275,145.13478371627392,13.600090602018856,13.600090602018856,short=0.000 small=1.000 angle_diff=0.564 mode=entering_pending,,
2026-09-10T11:15:15.251,1789002915,fuzzy,False,-37.9145978,145.134879,1990.339165820973,949.038480926305,1990.339165820973,949.038480926305,1990.3354,949.0379,1988.073,937.9145,139332152#3,3.0997377397527885,63.848110846710945,0,0.1255000097444281,5.696,5.564,,2.06,True,0,,False,1988.1,946.895,-37.91461670537134,145.13485305153122,3.0997377397527885,3.0997377397527885,short=0.277 small=1.000 angle_diff=12.109 mode=confirmed,,
2026-09-10T11:15:17.285,1789002917,fuzzy,False,-37.91449064,145.1348733,1989.6001338467468,960.9194629667327,1989.6001338467468,960.9194629667327,1989.6031,960.9195,1992.15,952,139332152#3,14.10446606800174,50.00000043187799,0,0.1066999975591898,5.831,5.696,,2.02,True,0,,False,1988.1,946.895,-37.91461670537134,145.13485305153122,14.10446606800174,14.10446606800174,short=0.000 small=1.000 angle_diff=3.806 mode=entering_pending,,
2026-09-10T11:15:19.323,1789002919,fuzzy,False,-37.91439834,145.1348996,1991.7072422259953,971.2077961796895,1991.7072422259953,971.2077961796895,1991.7108,971.2079,1986.9757,960.4751,5322853#4,8.49054133858787,50.00343784005608,0,0.07219999679364264,5.237,5.831,,2.01,True,0,,False,1986.29,964.67,-37.914456257567764,145.13483651507065,8.49054133858787,8.49054133858787,short=0.000 small=1.000 angle_diff=14.437 mode=confirmed,,
2026-09-10T11:15:21.364,1789002922,fuzzy,False,-37.91435757,145.1350689,2006.500023111119,976.0296382755041,2006.500023111119,976.0296382755041,2006.5027,976.0301,1990.4638,972.56,5322853#4,23.183753274702134,10.000000000000169,0,0.0813999940874055,4.93,5.237,,2.01,True,0,,False,1986.29,964.67,-37.914456257567764,145.13483651507065,23.183753274702134,23.183753274702134,short=0.000 small=0.000 angle_diff=74.809 mode=entering_pending,,
2026-09-10T11:15:23.400,1789002924,fuzzy,False,-37.91442697,145.1351963,2017.8539356972906,968.5527473241091,2017.8539356972906,968.5527473241091,2017.8541,968.5525,2006.3065,975.6068,5322853#4,31.8018515732272,10.0,0,0.1740000006975606,6.027,4.93,,2.01,True,0,,False,1986.29,964.67,-37.914456257567764,145.13483651507065,31.8018515732272,31.8018515732272,short=0.000 small=0.000 angle_diff=126.229 mode=entering_pending,,
2026-09-10T11:15:25.422,1789002926,fuzzy,False,-37.91446023,145.1353332,2029.9627521084622,965.1028233701363,2029.9627521084622,965.1028233701363,2029.9669,965.103,2017.5989,967.6614,988996004,48.002948111696696,10.0,0,0.09169999975711107,6.168,6.027,,2.01,True,0,,False,1981.96,965.24,-37.91445034233196,145.13478740997328,48.002948111696696,48.002948111696696,short=0.000 small=0.000 angle_diff=175.615 mode=confirmed,,
2026-09-10T11:15:27.451,1789002928,fuzzy,False,-37.91448365,145.1354897,2043.7727649753797,962.7792446445674,2043.7727649753797,962.7792446445674,2043.7767,962.7789,2029.9739,964.3857,988996004,61.861726704165086,10.0,0,31.093400000827387,6.873,6.168,,2.0,True,0,,False,1981.96,965.24,-37.91445034233196,145.13478740997328,61.861726704165086,61.861726704165086,short=0.000 small=0.000 angle_diff=169.263 mode=entering_pending,,
2026-09-10T11:15:29.479,1789002930,fuzzy,False,-37.91450614,145.1356605,2058.837827150128,960.5839850893244,2058.837827150128,960.5839850893244,2058.8421,960.5837,2042.3021,962.4008,988996004,77.01869112217737,10.0,0,29.560099996160716,7.43,6.873,,2.0,True,0,,False,1981.96,965.24,-37.91445034233196,145.13478740997328,77.01869112217737,77.01869112217737,short=0.000 small=0.000 angle_diff=168.003 mode=entering_pending,,
2026-09-10T11:15:31.500,1789002932,fuzzy,False,-37.91452732,145.1358309,2073.864808305283,958.5333589464426,2073.864808305283,958.5333589464426,2073.8621,958.5337,2059.9912,961.0589,988996004,92.14918786322582,10.0,0,31.538499999442138,7.593,7.43,,2.0,True,0,,False,1981.96,965.24,-37.91445034233196,145.13478740997328,92.14918786322582,92.14918786322582,short=0.000 small=0.000 angle_diff=167.483 mode=entering_pending,,
2026-09-10T11:15:33.529,1789002934,fuzzy,False,-37.91454917,145.1360026,2089.0075511061586,956.4106444194913,2089.0075511061586,956.4106444194913,2089.0061,956.4108,2074.514,958.8202,988996004,107.41105956926735,10.0,0,30.185900002834387,7.751,7.593,,2.5,True,0,,False,1981.96,965.24,-37.91445034233196,145.13478740997328,107.41105956926735,107.41105956926735,short=0.000 small=0.000 angle_diff=167.692 mode=entering_pending,,
2026-09-10T11:15:35.553,1789002936,fuzzy,False,-37.91457125,145.1361781,2104.484855159768,954.2690601758659,2104.484855159768,954.2690601758659,2104.4883,954.2687,2090.307,956.6327,988996004,123.01504644776942,10.0,0,28.207600000314415,7.664,7.751,,3.34,True,0,,False,1981.96,965.24,-37.91445034233196,145.13478740997328,123.01504644776942,123.01504644776942,short=0.000 small=0.000 angle_diff=167.590 mode=entering_pending,,
2026-09-10T11:15:37.570,1789002938,fuzzy,False,-37.91459158,145.1363166,2116.7055765448604,952.2565995827317,2116.7055765448604,952.2565995827317,2116.706,952.2564,2104.2253,952.5421,630680457#5,3.470130813138443,58.73837027400454,0,29.274400003487244,6.347,0,,3.09,True,0,,False,2113.42,951.14,-37.91460104681283,145.1362789869822,3.470130813138443,3.470130813138443,short=0.175 small=1.000 angle_diff=0.673 mode=confirmed,,
2026-09-10T11:15:39.610,1789002940,fuzzy,False,-37.91460415,145.1364187,2125.7091315541184,951.0412311879918,2125.7091315541184,951.0412311879918,2125.7095,951.0417,2116.8844,952.224,630680457#5,12.289528454446542,50.0000078796846,0,0.10509999992791563,4.682,6.347,,2.99,True,0,,False,2113.42,951.14,-37.91460104681283,145.1362789869822,12.289528454446542,12.289528454446542,short=0.000 small=1.000 angle_diff=0.991 mode=entering_pending,,
2026-09-10T11:15:41.637,1789002942,fuzzy,False,-37.91460466,145.1364981,2132.6903594631003,951.1241937559098,2132.6903594631003,951.1241937559098,2132.6894,951.1245,2125.3264,949.5344,630680457#7,3.3988542141497895,59.59146997546402,0,0.1053000014508143,3.656,4.682,,3.14,True,0,,False,2130.36,948.65,-37.91462652845957,145.13647103981415,3.3988542141497895,3.3988542141497895,short=0.192 small=1.000 angle_diff=8.900 mode=confirmed,,
2026-09-10T11:15:43.672,1789002944,fuzzy,False,-37.91457701,145.1365631,2138.3432047311217,954.3066157922149,2138.3432047311217,954.3066157922149,2138.3438,954.3064,2133.5604,948.953,630680457#7,9.784112632208203,37.40293164920263,0,0.09800000407267362,3.359,0,,3.2,True,0,,False,2130.36,948.65,-37.91462652845957,145.13647103981415,9.784112632208203,9.784112632208203,short=0.000 small=0.685 angle_diff=37.598 mode=entering_pending,,
2026-09-10T11:15:45.714,1789002946,fuzzy,False,-37.91448689,145.1365876,2140.297092192108,964.3498376784846,2140.297092192108,964.3498376784846,2140.2992,964.3499,2137.053,954.5584,-630680455#1,1.3081859057546068,93.5335382740029,0,0.07890000415500253,4.615,3.359,,3.25,True,0,,False,2139.013138029427,964.6004610456105,-37.91448440109169,145.13657305759344,1.3081859057546068,1.3081859057546068,short=0.871 small=1.000 angle_diff=0.036 mode=confirmed,,
2026-09-10T11:15:47.743,1789002948,fuzzy,False,-37.91439003,145.136609,2141.96351015073,975.1355145089328,2141.96351015073,975.1355145089328,2141.9601,975.1352,2139.0132,964.6009,-630680455#1,0.8774074003750545,96.53066349783252,0,0.07090000144671649,5.361,4.615,,3.29,True,0,,False,2141.102355112197,975.3036089640526,-37.91438836067794,145.13659924634084,0.8774074003750545,0.8774074003750545,short=0.931 small=1.000 angle_diff=2.262 mode=confirmed,,
2026-09-10T11:15:49.760,1789002950,fuzzy,False,-37.91429204,145.136628,2143.416440633533,986.0423632161692,2143.416440633533,986.0423632161692,2143.4124,986.0427,2141.1022,975.3026,-630680455#1,10.214746222895196,50.000217877994785,0,0.07599999662488699,5.437,5.361,,3.37,True,0,,False,2141.25,976.06,-37.91438157350539,145.13660109709582,10.214746222895196,10.214746222895196,short=0.000 small=1.000 angle_diff=3.457 mode=entering_pending,,
2026-09-10T11:15:51.805,1789002952,fuzzy,False,-37.91418793,145.1366518,2145.277772950707,997.6367525896057,2145.277772950707,997.6367525896057,2145.2767,997.6362,2143.3438,986.058,-630680455#0,1.7070141545758895,89.02666895065559,0,0.05989999044686556,5.808,5.437,,3.41,True,0,,False,2145.54,995.95,-37.91420317191789,145.13665439826315,1.7070141545758895,1.7070141545758895,short=0.781 small=1.000 angle_diff=3.397 mode=confirmed,,
2026-09-10T11:15:53.822,1789002954,fuzzy,False,-37.91408497,145.1366831,2147.800996345177,1009.1167119611055,2147.800996345177,1009.1167119611055,2147.8052,1009.1167,2145.875,997.5074,-630680455#0,13.359431437737898,50.0000014225389,0,0.062400009483098984,5.865,5.808,,3.45,True,0,,False,2145.54,995.95,-37.91420317191789,145.13665439826315,13.359431437737898,13.359431437737898,short=0.000 small=1.000 angle_diff=0.121 mode=entering_pending,,
2026-09-10T11:15:55.846,1789002956,fuzzy,False,-37.91398054,145.1367201,2150.822061429033,1020.769805575721,2150.822061429033,1020.769805575721,2150.8199,1020.7692,2148.3494,1008.9995,-10585186,0.06017668107443787,99.01159273412048,0,0.05190000229049474,5.956,5.865,,3.45,True,0,,False,2150.880889983351,1020.7571393157372,-37.91398066469451,145.13672076603464,0.06017668107443787,0.06017668107443787,short=0.980 small=1.000 angle_diff=2.383 mode=confirmed,,
2026-09-10T11:15:57.866,1789002958,fuzzy,False,-37.91389341,145.1367446,2152.782618137193,1030.4812372541055,2152.782618137193,1030.4812372541055,2152.7823,1030.4818,2150.8807,1020.7561,-10585186,2.127508173687263,82.2368820746177,0,0.10599999222904444,4.945,5.956,,3.54,True,0,,False,2152.52,1028.37,-37.91391238127187,145.13674113401214,2.127508173687263,2.127508173687263,short=0.645 small=1.000 angle_diff=0.737 mode=confirmed,,
2026-09-10T11:15:59.906,1789002960,fuzzy,False,-37.91382166,145.1367683,2154.7069661100395,1038.4846213301644,2154.7069661100395,1038.4846213301644,2154.7099,1038.4843,2152.9688,1030.4414,-10585186,10.348351821381012,50.00017594424064,0,0.11850000009872019,4.217,4.945,,3.54,True,0,,False,2152.52,1028.37,-37.91391238127187,145.13674113401214,10.348351821381012,10.348351821381012,short=0.000 small=1.000 angle_diff=1.369 mode=entering_pending,,
2026-09-10T11:16:01.940,1789002962,fuzzy,False,-37.9137548,145.1368011,2157.442159980128,1045.961377395317,2157.442159980128,1045.961377395317,2157.4425,1045.9611,2154.6299,1039.001,-10585186,18.2670254156074,50.00000000055325,0,0.11669998639263213,3.937,4.217,,3.58,True,0,,False,2152.52,1028.37,-37.91391238127187,145.13674113401214,18.2670254156074,18.2670254156074,short=0.000 small=1.000 angle_diff=7.943 mode=entering_pending,,
2026-09-10T11:16:03.966,1789002964,fuzzy,False,-37.91369294,145.1368236,2159.282959914941,1052.865207850933,2159.282959914941,1052.865207850933,2159.2786,1052.8652,2159.4859,1044.5193,10585197#1,0.3575733156502482,93.5421622886618,0,0.11399999493733048,3.693,3.937,,3.61,True,0,,False,2159.6326666032514,1052.9397994604878,-37.91369233102967,145.13682759329964,0.3575733156502482,0.3575733156502482,short=0.969 small=0.951 angle_diff=26.970 mode=confirmed,,
2026-09-10T11:16:05.990,1789002966,fuzzy,False,-37.91363359,145.1368179,2158.6502210570034,1059.4409613003954,2158.6502210570034,1059.4409613003954,2158.6473,1059.4411,2159.6325,1052.9407,10585197#1,0.39534367080586713,98.33358190460109,0,0.035899996873922646,3.404,3.693,,3.62,True,0,,False,2158.263574962871,1059.3584906029412,-37.9136342632954,145.1368134848929,0.39534367080586713,0.39534367080586713,short=0.967 small=1.000 angle_diff=6.544 mode=following,,
2026-09-10T11:16:08.006,1789002968,fuzzy,False,-37.91354374,145.1368144,2158.143236233329,1069.4050115970895,2158.143236233329,1069.4050115970895,2158.1433,1069.4047,2158.2634,1059.3592,10585197#1,1.9162481937550073,85.89433394825407,0,0.03779999678954482,4.784,3.404,,3.73,True,0,,False,2156.234699216287,1069.5767485897559,-37.91354184928574,145.13679273802342,1.9162481937550073,1.9162481937550073,short=0.718 small=1.000 angle_diff=8.055 mode=following,,
2026-09-10T11:16:10.051,1789002970,fuzzy,False,-37.91344806,145.1368268,2159.0211190532427,1080.0439277952537,2159.0211190532427,1080.0439277952537,2159.025,1080.0441,2156.2347,1069.5765,10585197#1,1.8371229451748872,87.14029087445313,0,0.035200006095692515,5.108,4.784,,3.75,True,0,,False,2157.191388876771,1080.2085734663056,-37.91344624735959,145.13680603251083,1.8371229451748872,1.8371229451748872,short=0.743 small=1.000 angle_diff=0.425 mode=following,,
2026-09-10T11:16:12.082,1789002972,fuzzy,False,-37.91335199,145.1368339,2159.43220640457,1090.7168066175655,2159.43220640457,1090.7168066175655,2159.4317,1090.7172,2157.1914,1080.2091,10585197#1,1.2900368797014277,93.69527705006024,0,0.03539999306667596,5.276,5.108,,4.09,True,0,,False,2158.1473607638627,1090.8324216275996,-37.91335071715661,145.13681931698434,1.2900368797014277,1.2900368797014277,short=0.874 small=1.000 angle_diff=2.936 mode=following,,
2026-09-10T11:16:14.124,1789002974,fuzzy,False,-37.91327157,145.1368482,2160.5109751949785,1099.66573590599,2160.5109751949785,1099.66573590599,2160.5118,1099.666,2158.1474,1090.8327,10585197#1,1.5222587191000716,91.34909109594372,0,0.03749999450519681,4.463,5.276,,4.2,True,0,,False,2159.019219768047,1099.9689476374533,-37.91326856998278,145.13683130697882,1.5222587191000716,1.5222587191000716,short=0.827 small=1.000 angle_diff=4.616 mode=following,,
2026-09-10T11:16:16.157,1789002976,fuzzy,False,-37.91321777,145.1368524,2160.7608770922525,1105.6430301936343,2160.7608770922525,1105.6430301936343,2160.7597,1105.6431,2159.0193,1099.9693,10585197#1,0.5765632069640587,97.79774971917085,0,0.03569999535102397,3.075,4.463,,4.35,True,0,,False,2160.195867161834,1105.7578731740607,-37.913216633728894,145.13684600168696,0.5765632069640587,0.5765632069640587,short=0.956 small=1.000 angle_diff=9.095 mode=following,,
2026-09-10T11:16:18.191,1789002978,fuzzy,False,-37.91318598,145.1368825,2163.3365244021406,1109.2234976654872,2163.3365244021406,1109.2234976654872,2163.3337,1109.2237,2160.1958,1105.7577,10585197#1,2.38742234425199,77.24548521243818,0,0.036299999919719994,2.348,3.075,,4.35,True,0,,False,2160.9969416533418,1109.6990373708288,-37.913181274954205,145.13685600599334,2.38742234425199,2.38742234425199,short=0.545 small=1.000 angle_diff=24.240 mode=following,,
2026-09-10T11:16:20.233,1789002980,fuzzy,False,-37.91317428,145.1369326,2167.7149770158576,1110.6098216818646,2167.7149770158576,1110.6098216818646,2167.717,1110.6099,2160.9969,1109.6987,10585197#1,6.402003220696229,14.293896059313077,0,0.03640000068116933,2.138,2.348,,4.49,True,0,,False,2161.4412582794316,1111.885007336592,-37.913161663180176,145.13686155488563,6.402003220696229,6.402003220696229,short=0.002 small=0.101 angle_diff=60.942 mode=following,,
2026-09-10T11:16:22.267,1789002982,fuzzy,False,-37.91310894,145.1369546,2169.5041295831325,1117.8989278329536,2169.5041295831325,1117.8989278329536,2169.503,1117.8984,2167.4527,1110.6879,10585197#1,6.102773438882226,50.156367426084635,0,0.037699996028095484,3.474,2.138,,4.46,True,0,,False,2163.645259687642,1119.6069931695383,-37.913092498400005,145.13688837033314,6.102773438882226,6.102773438882226,short=0.003 small=1.000 angle_diff=2.462 mode=following,,
2026-09-10T11:16:24.307,1789002984,fuzzy,False,-37.91302047,145.1369802,2171.5584715540754,1127.7609779788181,2171.5584715540754,1127.7609779788181,2171.5594,1127.7615,2167.659,1118.4433,10585197#1,5.3147868420712685,50.54736273626567,0,0.035900011425837874,4.732,3.474,,4.59,True,0,,False,2166.4560955701386,1129.248498901427,-37.913006151346046,145.1369225219308,5.3147868420712685,5.3147868420712685,short=0.011 small=1.000 angle_diff=4.486 mode=following,,
2026-09-10T11:16:26.331,1789002987,fuzzy,False,-37.91288549,145.1370614,2178.3976081068395,1142.8816982014105,2178.3976081068395,1142.8816982014105,2178.3952,1142.8814,2170.5047,1128.0732,10585197#1,8.776586242589467,50.00217536569928,0,0.11700000322889537,5.583,4.732,,4.75,True,0,,False,2169.85,1140.89,-37.91290189278712,145.13696375768774,8.776586242589467,8.776586242589467,short=0.000 small=1.000 angle_diff=8.084 mode=entering_pending,,
2026-09-10T11:16:28.357,1789002989,fuzzy,False,-37.91278966,145.1371276,2184.0049019510625,1153.6317802825943,2184.0049019510625,1153.6317802825943,2184.002,1153.6313,2179.6928,1142.1467,10585197#2,10.156370107122845,50.000239208751466,0,0.09699999645818025,5.994,5.583,,4.77,True,0,,False,2174.225397421055,1156.3727919389755,-37.91276320758285,145.13701702621788,10.156370107122845,10.156370107122845,short=0.000 small=1.000 angle_diff=11.890 mode=confirmed,,
2026-09-10T11:16:30.389,1789002991,fuzzy,False,-37.91267671,145.1371537,2186.0489422114915,1166.211125335656,2186.0489422114915,1166.211125335656,2186.0507,1166.2107,2185.5341,1153.6442,10585197#2,8.729636906100827,50.00234506315261,0,0.02479999966453761,6.279,5.994,,4.72,True,0,,False,2177.643230055663,1168.5670887618821,-37.91265397356112,145.1370586593862,8.729636906100827,8.729636906100827,short=0.000 small=1.000 angle_diff=6.428 mode=following,,
2026-09-10T11:16:32.411,1789002993,fuzzy,False,-37.91256429,145.1371832,2188.3930695020244,1178.7376314895228,2188.3930695020244,1178.7376314895228,2188.3929,1178.7373,2185.4282,1166.2055,10585197#2,8.593198242097097,50.00291713728227,0,0.05329999839887023,6.314,6.279,,4.52,True,0,,False,2179.99,1176.94,-37.9125789707199,145.137087245693,8.593198242097097,8.593198242097097,short=0.000 small=1.000 angle_diff=5.058 mode=confirmed,,
2026-09-10T11:16:34.443,1789002995,fuzzy,False,-37.91246505,145.1372386,2193.04338115477,1189.8471214342862,2193.04338115477,1189.8471214342862,2193.0445,1189.847,2187.8958,1178.89,10585197#2,18.35713875556648,50.00000000047896,0,0.048000001697801054,5.909,6.314,,4.77,True,0,,False,2179.99,1176.94,-37.9125789707199,145.137087245693,18.35713875556648,18.35713875556648,short=0.000 small=1.000 angle_diff=7.056 mode=confirmed,,
2026-09-10T11:16:36.464,1789002997,fuzzy,False,-37.91236246,145.1372839,2196.7983546623145,1201.3105969820172,2196.7983546623145,1201.3105969820172,2196.7956,1201.3111,2192.3762,1190.1893,10585197#2,29.604843923149787,50.0,0,0.05089999467600137,5.944,5.909,,4.9,True,0,,False,2179.99,1176.94,-37.9125789707199,145.137087245693,29.604843923149787,29.604843923149787,short=0.000 small=1.000 angle_diff=2.480 mode=confirmed,,
2026-09-10T11:16:38.491,1789002999,fuzzy,False,-37.91226741,145.1373101,2198.890914696036,1211.9038405381143,2198.890914696036,1211.9038405381143,2198.8932,1211.9043,2197.7147,1200.9473,10585197#2,39.745625187201625,50.0,0,0.050300004659220576,5.206,5.944,,5.03,True,0,,False,2179.99,1176.94,-37.9125789707199,145.137087245693,39.745625187201625,39.745625187201625,short=0.000 small=1.000 angle_diff=4.483 mode=confirmed,,
2026-09-10T11:16:40.535,1789003001,fuzzy,False,-37.91219603,145.1373472,2201.994222517358,1219.8896921304986,2201.994222517358,1219.8896921304986,2201.9921,1219.8891,2197.0684,1211.3374,10585197#2,48.25828284033766,50.0,0,0.05050000618211925,4.558,5.206,,4.86,True,0,,False,2179.99,1176.94,-37.9125789707199,145.137087245693,48.25828284033766,48.25828284033766,short=0.000 small=1.000 angle_diff=5.579 mode=confirmed,,
2026-09-10T11:16:42.575,1789003003,fuzzy,False,-37.91210553,145.1373952,2206.013398872805,1230.0163394510746,2206.013398872805,1230.0163394510746,2206.0158,1230.0166,2204.548,1218.9232,10585197#2,59.11273211769866,50.0,0,28.05860000080429,5.314,4.558,,4.79,True,0,,False,2179.99,1176.94,-37.9125789707199,145.137087245693,59.11273211769866,59.11273211769866,short=0.000 small=1.000 angle_diff=5.991 mode=entering_pending,,
2026-09-10T11:16:44.603,1789003005,fuzzy,False,-37.91200724,145.1374324,2209.065846554993,1240.988429164514,2209.065846554993,1240.988429164514,2209.063,1240.9886,2207.8805,1229.4329,116895895#12,2.3202324091210125,78.570768237717,0,30.70109999680426,5.572,5.314,,4.7,True,0,,False,2211.2801656789807,1240.2954145546544,-37.91201388143038,145.13745741994143,2.3202324091210125,2.3202324091210125,short=0.571 small=1.000 angle_diff=1.832 mode=confirmed,,
2026-09-10T11:16:46.635,1789003007,fuzzy,False,-37.91190733,145.1374746,2212.554280218552,1252.149063535966,2212.554280218552,1252.149063535966,2212.5573,1252.1493,2211.28,1240.2948,116895895#12,2.276063500635236,79.43142310584372,0,0.06940000457689166,5.633,5.572,,4.7,True,0,,False,2214.7493530060606,1251.5472990334713,-37.911913145951715,145.13749942180735,2.276063500635236,2.276063500635236,short=0.589 small=1.000 angle_diff=2.027 mode=following,,
2026-09-10T11:16:48.671,1789003009,fuzzy,False,-37.91181329,145.1375196,2216.301897834288,1262.663250315003,2216.301897834288,1262.663250315003,2216.3053,1262.6631,2214.7496,1251.5482,116895895#12,1.4416276118572355,92.2335110767273,0,0.048000001697801054,5.467,5.633,,4.67,True,0,,False,2217.692227031881,1262.2821008776566,-37.91181697373874,145.13753532177677,1.4416276118572355,1.4416276118572355,short=0.845 small=1.000 angle_diff=4.287 mode=following,,
2026-09-10T11:16:50.705,1789003011,fuzzy,False,-37.91172515,145.1375549,2219.2098414319917,1272.5057035991922,2219.2098414319917,1272.5057035991922,2219.2088,1272.5054,2217.6924,1262.2828,116895895#12,0.8436862764903447,96.70086371666476,0,0.0408000050811097,5.136,5.467,,4.67,True,0,,False,2220.0361077157536,1272.3351440452047,-37.91172683516166,145.1375642560819,0.8436862764903447,0.8436862764903447,short=0.934 small=1.000 angle_diff=4.796 mode=following,,
2026-09-10T11:16:52.738,1789003013,fuzzy,False,-37.91162825,145.1375834,2221.5005557886907,1283.3082638112828,2221.5005557886907,1283.3082638112828,2221.5009,1283.3085,2220.036,1272.3347,116895895#12,0.784114148351392,96.98270086631162,0,0.053799987654201686,5.331,5.136,,4.74,True,0,,False,2222.268479958441,1283.1497473542242,-37.91162981617118,145.1375920954445,0.784114148351392,0.784114148351392,short=0.940 small=1.000 angle_diff=0.309 mode=following,,
2026-09-10T11:16:54.770,1789003015,fuzzy,False,-37.91154249,145.1375905,2221.934611574572,1292.8370851250365,2221.934611574572,1292.8370851250365,2221.9317,1292.837,2222.2685,1283.15,116895895#12,1.4488209094202515,92.15770895927184,0,0.03779999678954482,4.682,5.331,,4.74,True,0,,False,2223.374641217464,1292.6777218445566,-37.91154418476521,145.13760683721065,1.4488209094202515,1.4488209094202515,short=0.843 small=1.000 angle_diff=3.707 mode=following,,
2026-09-10T11:16:56.812,1789003017,fuzzy,False,-37.91149004,145.1375889,2221.6776647885563,1298.6543838595971,2221.6776647885563,1298.6543838595971,2221.6746,1298.6538,2223.3746,1292.6773,116895895#12,2.3440832499530986,78.10226289317136,0,0.03640000068116933,2.963,4.682,,4.74,True,0,,False,2224.007524430553,1298.3965460592162,-37.9114927820014,145.13761533235964,2.3440832499530986,2.3440832499530986,short=0.562 small=1.000 angle_diff=8.844 mode=following,,
2026-09-10T11:16:58.855,1789003019,fuzzy,False,-37.91150626,145.1376367,2225.9159246193594,1296.9384927898645,2225.9159246193594,1296.9384927898645,2225.92,1296.9389,2224.0074,1298.3956,116895895#12,2.057199047253574,36.80262181730191,0,0.03710000601131469,1.549,2.963,,4.65,True,0,,False,2223.871208402115,1297.1647747179063,-37.91150385358702,145.13761350259983,2.057199047253574,2.057199047253574,short=0.670 small=0.000 angle_diff=105.726 mode=following,,
2026-09-10T11:17:00.889,1789003021,fuzzy,False,-37.9115712,145.1376237,2224.9170122796204,1289.7095980346203,2224.9170122796204,1289.7095980346203,2224.9166,1289.7091,2225.8558,1296.946,116895895#12,1.8594913833376212,39.43636822166003,0,0.03679998917505145,3.066,1.549,,4.55,True,0,,False,2223.0688040605796,1289.9141330775274,-37.91156902485341,145.13760273197423,1.8594913833376212,1.8594913833376212,short=0.736 small=0.000 angle_diff=178.448 mode=following,,
2026-09-10T11:17:02.930,1789003023,fuzzy,False,-37.91165176,145.1375922,2222.3263224079856,1280.7149361353368,2222.3263224079856,1280.7149361353368,2222.3283,1280.7147,2225.0567,1289.6936,116895895#12,0.5488694011860257,48.31133731064146,0,0.034199998481199145,4.381,3.066,,4.72,True,0,,False,2221.788785774967,1280.8258955320607,-37.91165066370119,145.13758611330348,0.5488694011860257,0.5488694011860257,short=0.958 small=0.000 angle_diff=175.596 mode=following,,
2026-09-10T11:17:04.963,1789003025,fuzzy,False,-37.91174897,145.1375519,2218.9989109487506,1269.857249907218,2218.9989109487506,1269.857249907218,2218.9989,1269.8572,2223.7493,1280.4204,116895895#12,0.5148503789877403,48.397210697884915,0,0.0337999954354018,5.462,4.381,,4.65,True,0,,False,2219.5031309665387,1269.7531677934542,-37.911749998351866,145.137557609449,0.5148503789877403,0.5148503789877403,short=0.960 small=0.000 angle_diff=174.625 mode=following,,
2026-09-10T11:17:07.006,1789003027,fuzzy,False,-37.91185228,145.1375127,2215.7817391104763,1258.3246081527323,2215.7817391104763,1258.3246081527323,2215.7792,1258.3248,2221.4568,1269.3483,116895895#12,0.7961910578915179,47.54195850278002,0,0.04150001041125506,5.891,5.462,,4.56,True,0,,False,2216.5495987612935,1258.114104572446,-37.91185431447899,145.13752138292475,0.7961910578915179,0.7961910578915179,short=0.939 small=0.000 angle_diff=179.744 mode=following,,
2026-09-10T11:17:09.046,1789003029,fuzzy,False,-37.91191202,145.1372751,2195.025889440323,1251.2781746890396,2195.025889440323,1251.2781746890396,2195.0292,1251.278,2218.475,1257.587,116895895#12,18.792672570272604,10.000000000190877,0,0.0320999970426783,6.107,5.891,,19.14,True,0,,False,2212.9607196321635,1245.6651177390943,-37.911965812234975,145.13747774822897,18.792672570272604,18.792672570272604,short=0.000 small=0.000 angle_diff=126.130 mode=following,,
2026-09-10T11:17:11.089,1789003031,fuzzy,False,-37.91200571,145.1372398,2192.1302908486687,1240.8198560308665,2192.1302908486687,1240.8198560308665,2192.1289,1240.8194,2203.5745,1248.3996,116895895#12,18.43236888495985,10.000000000339716,0,0.03189999551977962,5.485,6.107,,19.96,True,0,,False,2209.7212643916255,1235.3144157648906,-37.91205847096802,145.13743856316202,18.43236888495985,18.43236888495985,short=0.000 small=0.000 angle_diff=178.097 mode=following,,
2026-09-10T11:17:13.117,1789003033,fuzzy,False,-37.9120798,145.1372121,2189.859379756148,1232.5498005431145,2189.859379756148,1232.5498005431145,2189.8565,1232.5493,2200.5485,1238.7232,116895895#12,18.129490857071463,10.000000000551541,0,0.03229999856557697,4.379,5.485,,20.18,True,0,,False,2207.1613009581615,1227.1348248777997,-37.912131694060115,145.1374075972846,18.129490857071463,18.129490857071463,short=0.000 small=0.000 angle_diff=177.976 mode=following,,
2026-09-10T11:17:15.146,1789003035,fuzzy,False,-37.91213974,145.1371905,2188.0933674609987,1225.8606148110703,2188.0933674609987,1225.8606148110703,2188.0957,1225.8603,2199.1184,1231.5218,116895895#12,17.81694085597106,10.00000000090941,0,0.03239999932702631,3.668,4.379,,19.72,True,0,,False,2205.0970058522394,1220.538992603031,-37.9121907394546,145.13738262707298,17.81694085597106,17.81694085597106,short=0.000 small=0.000 angle_diff=177.411 mode=following,,
2026-09-10T11:17:17.171,1789003037,fuzzy,False,-37.91222878,145.1373532,2202.5943215102307,1216.266131487675,2202.5943215102307,1216.266131487675,2202.5915,1216.2662,2198.364,1224.7212,116895895#12,0.8883048380742673,47.17915628414659,0,0.1348000077996403,3.074,3.668,,4.38,True,0,,False,2203.425274506299,1215.9521209724512,-37.91223175826636,145.1373625768363,0.8883048380742673,0.8883048380742673,short=0.929 small=0.000 angle_diff=102.789 mode=confirmed,,
2026-09-10T11:17:19.208,1789003039,fuzzy,False,-37.91224496,145.1372873,2196.8367096415022,1214.354948257096,2196.8367096415022,1214.354948257096,2196.8373,1214.3553,2203.4249,1215.9512,116895895#12,5.598594619528686,10.279186275516668,0,0.13559999933931977,2.705,3.074,,4.36,True,0,,False,2202.07384083056,1212.375878116244,-37.91226373072349,145.13734639808172,5.598594619528686,5.598594619528686,short=0.007 small=0.000 angle_diff=129.064 mode=entering_pending,,
2026-09-10T11:17:21.239,1789003041,fuzzy,False,-37.91219077,145.1372777,2195.8725778388325,1220.35127193667,2195.8725778388325,1220.35127193667,2195.8711,1220.3517,2196.3219,1214.3341,116895895#12,8.620143960545184,45.167908720088796,0,0.032100011594593525,2.262,2.705,,4.35,True,0,,False,2203.9361773415485,1217.304101944641,-37.912219671235924,145.13736869313087,8.620143960545184,8.620143960545184,short=0.000 small=0.879 angle_diff=29.835 mode=following,,
2026-09-10T11:17:23.277,1789003043,fuzzy,False,-37.91212226,145.1372792,2195.852530568489,1227.9561136839911,2195.852530568489,1227.9561136839911,2195.8553,1227.9561,2196.0742,1220.3601,116895895#12,11.037856200768717,50.0000583793642,0,0.056199991377070546,3.393,2.262,,4.36,True,0,,False,2206.386533962763,1224.6592906680764,-37.912153854857,145.13739822552103,11.037856200768717,11.037856200768717,short=0.000 small=1.000 angle_diff=17.530 mode=following,,
2026-09-10T11:17:25.314,1789003045,fuzzy,False,-37.91204765,145.1372977,2197.313488099491,1236.267706796527,2197.313488099491,1236.267706796527,2197.3169,1236.2682,2196.6995,1227.8634,116895895#12,12.126121862448473,50.00001023423403,0,0.03840000135824084,4.206,3.393,,4.29,True,0,,False,2208.8860803252824,1232.6458370309902,-37.91208235988846,145.1374284606,12.126121862448473,12.126121862448473,short=0.000 small=1.000 angle_diff=7.409 mode=following,,
2026-09-10T11:17:27.357,1789003048,fuzzy,False,-37.91193202,145.1373443,2201.153866898152,1249.1804449344054,2201.153866898152,1249.1804449344054,2201.1502,1249.1807,2197.8375,1236.1379,116895895#12,12.317866432457816,50.00000753039216,0,0.03360000846441835,4.462,4.206,,4.28,True,0,,False,2212.9094509943366,1245.5013042731362,-37.911967278681374,145.13747712807458,12.317866432457816,12.317866432457816,short=0.000 small=1.000 angle_diff=0.816 mode=following,,
2026-09-10T11:17:29.402,1789003050,fuzzy,False,-37.91185142,145.1373794,2204.0609224210493,1258.1858777711168,2204.0609224210493,1258.1858777711168,2204.0645,1258.1859,2201.6613,1249.0093,116895895#12,12.06325928165113,50.00001131714108,0,0.03369999467395246,4.64,4.462,,4.23,True,0,,False,2215.694926556006,1254.996493459976,-37.91188224490217,145.13751095682133,12.06325928165113,12.06325928165113,short=0.000 small=1.000 angle_diff=2.560 mode=following,,
2026-09-10T11:17:31.429,1789003052,fuzzy,False,-37.91178394,145.1373937,2205.168466765317,1265.6989107029513,2205.168466765317,1265.6989107029513,2205.166,1265.6989,2204.3777,1258.0966,116895895#12,12.981483255985104,50.00000260429057,0,0.0337999954354018,3.926,4.64,,4.19,True,0,,False,2217.6880210874,1262.266758739265,-37.91181711118772,145.13753527046873,12.981483255985104,12.981483255985104,short=0.000 small=1.000 angle_diff=6.945 mode=following,,
2026-09-10T11:17:33.462,1789003054,fuzzy,False,-37.91171998,145.1373915,2204.833238093881,1272.7923615984619,2204.833238093881,1272.7923615984619,2204.8369,1272.7926,2206.4427,1265.3346,116895895#12,14.981399791780282,50.00000010617081,0,0.034900003811344504,3.593,3.926,,4.26,True,0,,False,2219.5053097826603,1269.7637229471084,-37.91174990366044,145.13755763662053,14.981399791780282,14.981399791780282,short=0.000 small=1.000 angle_diff=14.369 mode=following,,
2026-09-10T11:17:35.492,1789003056,fuzzy,False,-37.91163337,145.1374264,2207.7093993872404,1282.4643401661888,2207.7093993872404,1282.4643401661888,2207.7133,1282.4643,2208.2895,1271.8076,116895895#12,14.119910429053022,50.00000042133665,0,0.034500000765547156,4.789,3.593,,4.32,True,0,,False,2221.537769294829,1279.609860139393,-37.9116615728881,145.13758298294098,14.119910429053022,14.119910429053022,short=0.000 small=1.000 angle_diff=4.898 mode=following,,
2026-09-10T11:17:37.507,1789003058,fuzzy,False,-37.91154641,145.1374474,2209.362785316538,1292.1507379505783,2209.362785316538,1292.1507379505783,2209.3619,1292.151,2211.0576,1281.5102,116895895#12,13.868868012956996,50.00000062960964,0,0.034899989259429276,4.687,4.789,,4.55,True,0,,False,2223.1474987494826,1290.6252296639993,-37.91156263327227,145.13760378828928,13.868868012956996,13.868868012956996,short=0.000 small=1.000 angle_diff=3.372 mode=following,,
2026-09-10T11:17:39.548,1789003060,fuzzy,False,-37.91148798,145.1374263,2207.378243017185,1298.597352148965,2207.378243017185,1298.597352148965,2207.3809,1298.597,2213.7373,1290.9027,116895895#12,16.55046468237595,50.000000008623964,0,0.041099992813542485,3.301,4.687,,4.64,True,0,,False,2223.828281521804,1296.7768812211207,-37.91150734010754,145.1376129263954,16.55046468237595,16.55046468237595,short=0.000 small=1.000 angle_diff=23.426 mode=following,,
2026-09-10T11:17:41.589,1789003062,fuzzy,False,-37.91146413,145.1374074,2205.6637822668417,1301.2106642005965,2205.6637822668417,1301.2106642005965,2205.6652,1301.2104,2211.4275,1300.2194,116895895#12,18.54197396055836,35.41812632657111,0,0.03879998985212296,1.709,3.301,,4.63,True,0,,False,2224.0932458170482,1299.1711369010404,-37.91148581971174,145.13761648299104,18.54197396055836,18.54197396055836,short=0.000 small=0.635 angle_diff=39.582 mode=following,,
2026-09-10T11:17:43.603,1789003064,fuzzy,False,-37.9114291,145.1373708,2202.36844802415,1305.0334700169042,2202.36844802415,1305.0334700169042,2202.3664,1305.0331,2207.9905,1304.0055,116895895#12,22.237802639881664,27.92297511473679,0,0.13050000416114926,2.45,1.709,,4.69,True,0,,False,2224.4713144212315,1302.5874194689607,-37.91145511298537,145.13762155777314,22.237802639881664,22.237802639881664,short=0.000 small=0.448 angle_diff=47.077 mode=confirmed,,
2026-09-10T11:17:45.619,1789003066,fuzzy,False,-37.91140398,145.137327,2198.462101422192,1307.7439638338983,2198.462101422192,1307.7439638338983,2198.4585,1307.7444,2206.11,1305.57,116895895#12,26.41858720010123,13.440555531665956,0,0.12479998986236751,2.482,2.45,,4.65,True,0,,False,2224.7203838945916,1304.8380472402864,-37.91143488356622,145.13762490100854,26.41858720010123,26.41858720010123,short=0.000 small=0.086 angle_diff=61.559 mode=confirmed,,
2026-09-10T11:17:47.650,1789003068,fuzzy,False,-37.91138663,145.1372871,2194.9158474408905,1309.5991100165993,2194.9158474408905,1309.5991100165993,2194.9182,1309.5987,2198.282,1307.827,116895895#12,30.147525381690564,10.0,0,0.14770000416319817,2.011,2.482,,4.51,True,0,,False,2224.87,1306.19,-37.911422731748125,145.13762690929002,30.147525381690564,30.147525381690564,short=0.000 small=0.000 angle_diff=68.700 mode=entering_pending,,
2026-09-10T11:17:49.696,1789003070,fuzzy,False,-37.91137892,145.137258,2192.3404431757517,1310.4035266367719,2192.3404431757517,1310.4035266367719,2192.341,1310.4035,2193.942,1306.1785,116895895#13,33.27583716589648,10.0,0,0.11749999248422682,1.503,2.011,,4.46,True,0,,False,2225.61,1311.05,-37.91137908477408,145.13763642724743,33.27583716589648,33.27583716589648,short=0.000 small=0.000 angle_diff=83.681 mode=confirmed,,
2026-09-10T11:17:51.715,1789003072,fuzzy,False,-37.91136964,145.1372331,2190.1307973359944,1311.389536078088,2190.1307973359944,1311.389536078088,2190.1323,1311.3895,2191.3465,1306.9193,,,,0,0.11360000644344836,1.207,1.503,,4.52,False,,,False,,,,,,,,,no_match
2026-09-10T11:17:53.744,1789003074,fuzzy,False,-37.91136763,145.1372118,2188.253763893328,1311.5751547543332,2188.253763893328,1311.5751547543332,2188.2508,1311.5751,2189.044,1307.5765,,,,0,0.11209999502170831,1.076,1.207,,4.45,False,,,False,,,,,,,,,no_match
2026-09-10T11:17:55.789,1789003076,fuzzy,False,-37.91137058,145.1371625,2183.9261265947716,1311.16119421646,2183.9261265947716,1311.16119421646,2183.9228,1311.1607,2187.2553,1308.0871,,,,0,0.109200002043508,2.259,1.076,,4.39,False,,,False,,,,,,,,,no_match
2026-09-10T11:17:57.825,1789003078,fuzzy,False,-37.91134464,145.1370774,2176.387087056297,1313.8901082389057,2176.387087056297,1313.8901082389057,2176.3888,1313.8903,2183.3627,1309.1981,,,,0,0.10959999053739011,4.036,2.259,,4.29,False,,,False,,,,,,,,,no_match
2026-09-10T11:17:59.868,1789003080,fuzzy,False,-37.91132451,145.1369763,2167.4542963354615,1315.946196269244,2167.4542963354615,1315.946196269244,2167.4509,1315.9467,2176.8052,1313.5117,116895895#13,58.36144794832103,10.0,0,28.907900006743148,4.673,4.036,,4.2,True,0,,False,2225.61,1311.05,-37.91137908477408,145.13763642724743,58.36144794832103,58.36144794832103,short=0.000 small=0.000 angle_diff=88.471 mode=entering_pending,,
2026-09-10T11:18:01.902,1789003082,fuzzy,False,-37.91130627,145.1368718,2158.226783299935,1317.7865766398609,2158.226783299935,1317.7865766398609,2158.2283,1317.7862,2167.7124,1316.8964,116895895#13,67.71912106394063,10.0,0,28.95659999921918,4.657,4.673,,4.14,True,0,,False,2225.61,1311.05,-37.91137908477408,145.13763642724743,67.71912106394063,67.71912106394063,short=0.000 small=0.000 angle_diff=89.747 mode=entering_pending,,
2026-09-10T11:18:03.920,1789003084,fuzzy,False,-37.91128798,145.1367755,2149.720053463476,1319.6469046045095,2149.720053463476,1319.6469046045095,2149.7191,1319.6472,2157.8189,1316.2962,-36667189#1,1.0854959064590963,95.28918165705258,0,27.30759998667054,4.401,4.657,,4.07,True,0,,False,2149.432486925035,1318.6001922042253,-37.91129735727672,145.1367719924388,1.0854959064590963,1.0854959064590963,short=0.906 small=1.000 angle_diff=3.026 mode=confirmed,,
2026-09-10T11:18:05.951,1789003086,fuzzy,False,-37.91127395,145.1366921,2142.3568655740237,1321.057183144614,2142.3568655740237,1321.057183144614,2142.357,1321.0569,2149.4315,1318.6005,-36667189#1,1.2577411724410201,93.9745247327238,0,0.10350000229664147,3.742,4.401,,4.08,True,0,,False,2142.158698717865,1319.8151514405206,-37.9112851028588,145.1366895645242,1.2577411724410201,1.2577411724410201,short=0.879 small=1.000 angle_diff=1.777 mode=confirmed,,
2026-09-10T11:18:07.992,1789003088,fuzzy,False,-37.91126575,145.1366279,2136.6945655513555,1321.8542720396072,2136.6945655513555,1321.8542720396072,2136.6952,1321.854,2142.1589,1319.8151,-36667189#1,3.7723589719311352,55.77488572788668,0,0.08910000906325877,2.991,3.742,,4.09,True,0,,False,2140.06,1320.15,-37.91128170854466,145.1366657781184,3.7723589719311352,3.7723589719311352,short=0.115 small=1.000 angle_diff=1.052 mode=entering_pending,,
2026-09-10T11:18:10.030,1789003090,fuzzy,False,-37.91123796,145.1365648,2131.0855146039976,1324.8270929269493,2131.0855146039976,1324.8270929269493,2131.0834,1324.8265,2136.5249,1320.6503,-36667189#0,4.136134934269421,53.400029199589184,0,0.07900000491645187,3.283,2.991,,4.09,True,0,,False,2132.94,1321.13,-37.91127159832052,145.1365850454311,4.136134934269421,4.136134934269421,short=0.068 small=1.000 angle_diff=20.721 mode=confirmed,,
2026-09-10T11:18:12.052,1789003092,fuzzy,False,-37.91115708,145.1365258,2127.4774314151146,1333.7333933636546,2127.4774314151146,1333.7333933636546,2127.4801,1333.7334,2131.2306,1324.8053,-36667189#0,13.736272413707745,14.256145325948673,0,0.10119999933522195,4.503,3.283,,4.07,True,0,,False,2132.94,1321.13,-37.91127159832052,145.1365850454311,13.736272413707745,13.736272413707745,short=0.000 small=0.106 angle_diff=60.744 mode=entering_pending,,
2026-09-10T11:18:14.085,1789003094,fuzzy,False,-37.91104511,145.1365386,2128.354358263896,1346.1806304426864,2128.354358263896,1346.1806304426864,2128.3517,1346.1806,2127.0424,1333.7963,-73530943#5,0.46238811791055995,98.15185817120381,0,0.08789999992586672,5.813,4.503,,4.08,True,0,,False,2128.8120475565333,1346.1148787659788,-37.91104578472959,145.13654378903178,0.46238811791055995,0.46238811791055995,short=0.963 small=1.000 angle_diff=4.145 mode=confirmed,,
2026-09-10T11:18:16.106,1789003096,fuzzy,False,-37.91093089,145.1365584,2129.841702457983,1358.8898404296488,2129.841702457983,1358.8898404296488,2129.8449,1358.8904,2128.812,1346.1144,-73530943#5,0.7974104685527702,96.92181697004526,0,0.030000010156072676,6.357,5.813,,4.09,True,0,,False,2130.6310095771687,1358.776448512122,-37.91093205360152,145.13656734872066,0.7974104685527702,0.7974104685527702,short=0.938 small=1.000 angle_diff=1.500 mode=following,,
2026-09-10T11:18:18.141,1789003098,fuzzy,False,-37.91081669,145.1365835,2131.7950467999326,1371.6061448967084,2131.7950467999326,1371.6061448967084,2131.7986,1371.6057,2130.6312,1358.7775,-73530943#5,0.6721770387391709,97.45225825111626,0,0.030899987905286252,6.412,6.357,,4.0,True,0,,False,2132.460393121499,1371.5105611962856,-37.91081767085588,145.13659104331157,0.6721770387391709,0.6721770387391709,short=0.949 small=1.000 angle_diff=0.558 mode=following,,
2026-09-10T11:18:20.184,1789003100,fuzzy,False,-37.9107039,145.1366066,2133.5756958840648,1384.162473113276,2133.5756958840648,1384.162473113276,2133.5728,1384.1629,2132.4604,1371.5106,-73530943#5,0.6966806964328819,97.35577531585272,0,0.03310000465717167,6.279,6.412,,3.93,True,0,,False,2134.265283273619,1384.0633104945628,-37.910704917459135,145.13661441810936,0.6966806964328819,0.6966806964328819,short=0.947 small=1.000 angle_diff=0.112 mode=following,,
2026-09-10T11:18:22.226,1789003102,fuzzy,False,-37.91059412,145.1366231,2134.7827873651404,1396.3731973720714,2134.7827873651404,1396.3731973720714,2134.7869,1396.3729,2134.2653,1384.0633,-73530943#5,1.2399027670850185,94.12414508154029,0,0.03300000389572233,6.209,6.279,,4.01,True,0,,False,2136.0100659690015,1396.1967147940934,-37.91059593079861,145.1366370140952,1.2399027670850185,1.2399027670850185,short=0.882 small=1.000 angle_diff=2.537 mode=following,,
2026-09-10T11:18:24.250,1789003104,fuzzy,False,-37.91049437,145.1366436,2136.3637932935962,1407.4779726825655,2136.3637932935962,1407.4779726825655,2136.3599,1407.4778,2136.0101,1396.197,-73530943#5,1.2680170706032725,93.88685077728513,0,0.031200004741549492,5.598,6.209,,4.11,True,0,,False,2137.6185014183097,1407.2947383704968,-37.910496246556285,145.1366578244169,1.2680170706032725,1.2680170706032725,short=0.878 small=1.000 angle_diff=0.206 mode=following,,
2026-09-10T11:18:26.283,1789003106,fuzzy,False,-37.91041622,145.1366944,2140.6565557403374,1416.2391530359164,2140.6565557403374,1416.2391530359164,2140.6561,1416.2395,2137.6184,1407.294,-73530943#5,3.991227408436498,54.21246520047158,0,0.0813000078778714,4.905,5.598,,4.12,True,0,,False,2138.44,1412.92,-37.910445720665976,145.13666844336808,3.991227408436498,3.991227408436498,short=0.084 small=1.000 angle_diff=17.795 mode=confirmed,,
2026-09-10T11:18:28.329,1789003108,fuzzy,False,-37.91039415,145.1368098,2150.7530574504635,1418.8909376459196,2150.7530574504635,1418.8909376459196,2150.7514,1418.8907,2140.3501,1416.5415,-73530943#5,13.68442472849602,10.000000676590158,0,0.0923999905353412,4.968,4.905,,4.05,True,0,,False,2138.44,1412.92,-37.910445720665976,145.13666844336808,13.68442472849602,13.68442472849602,short=0.000 small=0.000 angle_diff=66.975 mode=entering_pending,,
2026-09-10T11:18:30.359,1789003111,fuzzy,False,-37.9103919,145.1370249,2169.6587016338017,1419.5185645483434,2169.6587016338017,1419.5185645483434,2169.6619,1419.5186,2150.6417,1417.765,36667190#0,22.29516073836847,50.00000000000088,0,0.08430000161752105,6.228,0,,4.0,True,0,,False,2147.41,1418.08,-37.91040085320257,145.13677160510713,22.29516073836847,22.29516073836847,short=0.000 small=1.000 angle_diff=7.501 mode=confirmed,,
2026-09-10T11:18:32.397,1789003113,fuzzy,False,-37.91037309,145.1371811,2183.349399238825,1421.880248438567,2183.349399238825,1421.880248438567,2183.3518,1421.8803,2169.8004,1419.0449,36667190#0,36.13976073305529,50.0,0,0.11569999333005399,6.782,6.228,,4.1,True,0,,False,2147.41,1418.08,-37.91040085320257,145.13677160510713,36.13976073305529,36.13976073305529,short=0.000 small=1.000 angle_diff=15.387 mode=entering_pending,,
2026-09-10T11:18:34.434,1789003115,fuzzy,False,-37.91038367,145.1373464,2197.9053012342774,1420.9966372838244,2197.9053012342774,1420.9966372838244,2197.9029,1420.9968,2183.3423,1421.6277,36667190#1,0.5045286145139181,98.02803466172035,0,0.1134999911300838,7.2,6.782,,4.19,True,0,,False,2197.8453223083675,1420.495686536435,-37.910388171899776,145.13734560422614,0.5045286145139181,0.5045286145139181,short=0.961 small=1.000 angle_diff=3.354 mode=confirmed,,
2026-09-10T11:18:36.474,1789003117,fuzzy,False,-37.9103979,145.1374948,2210.9835185537813,1419.6782926255837,2210.9835185537813,1419.6782926255837,2210.987,1419.6789,2197.8429,1420.496,36667190#1,0.7588373893772357,97.09534673901244,0,0.047600013203918934,6.544,7.2,,4.26,True,0,,False,2210.8906343362232,1418.9251613583763,-37.91040466768712,145.137493572812,0.7588373893772357,0.7588373893772357,short=0.942 small=1.000 angle_diff=1.275 mode=following,,
2026-09-10T11:18:38.501,1789003119,fuzzy,False,-37.91040063,145.1376218,2222.1548435922596,1419.598435533233,2222.1548435922596,1419.598435533233,2222.1518,1419.5988,2210.894,1418.9248,36667190#1,1.6884687991045253,89.27869958868581,0,0.05040000542066991,5.75,6.544,,3.6,True,0,,False,2222.5371005193947,1417.9538059314057,-37.91041551405484,145.1376257726742,1.6884687991045253,1.6884687991045253,short=0.786 small=1.000 angle_diff=13.494 mode=following,,
2026-09-10T11:18:40.533,1789003121,fuzzy,False,-37.91037327,145.1377464,2233.048466747743,1422.8532812912017,2233.048466747743,1422.8532812912017,2233.0464,1422.8537,2222.5343,1417.9532,36667190#1,1.9568508689479653,85.22728066507722,0,0.048300003982149065,5.646,5.75,,3.25,True,0,,False,2233.8962707563937,1421.0896221160156,-37.910389310082124,145.1377556389389,1.9568508689479653,1.9568508689479653,short=0.705 small=1.000 angle_diff=9.039 mode=following,,
2026-09-10T11:18:42.574,1789003123,fuzzy,False,-37.9103211,145.1378638,2243.2541102661053,1428.8485061228275,2243.2541102661053,1428.8485061228275,2243.2528,1428.8485,2233.8948,1421.0889,36667190#1,1.2114085582822725,94.35645738288675,0,0.047200010158121586,5.903,5.646,,3.02,True,0,,False,2244.017648330502,1427.9080167186892,-37.910329709577766,145.13787226781986,1.2114085582822725,1.2114085582822725,short=0.887 small=1.000 angle_diff=8.640 mode=following,,
2026-09-10T11:18:44.610,1789003125,fuzzy,False,-37.91025596,145.1379796,2253.2903550094925,1436.2801223574206,2253.2903550094925,1436.2801223574206,2253.289,1436.2798,2244.0168,1427.9073,36667190#1,0.8179802138562113,96.82536285836473,0,0.046200002543628216,6.219,5.903,,2.85,True,0,,False,2253.766164342983,1435.6147674833694,-37.91026203931088,145.13798485883862,0.8179802138562113,0.8179802138562113,short=0.937 small=1.000 angle_diff=0.950 mode=following,,
2026-09-10T11:18:46.649,1789003127,fuzzy,False,-37.91019201,145.1380918,2263.0127584846923,1443.5733558163047,2263.0127584846923,1443.5733558163047,2263.011,1443.573,2253.7651,1435.614,36667190#1,1.0974337550961693,95.2070458050052,0,0.19890000112354755,6.059,6.219,,2.69,True,0,,False,2263.59,1442.64,-37.91020052178064,145.13809815126336,1.0974337550961693,1.0974337550961693,short=0.904 small=1.000 angle_diff=1.306 mode=confirmed,,
2026-09-10T11:18:48.670,1789003129,fuzzy,False,-37.9101436,145.1381967,2272.127834008308,1449.1293649412692,2272.127834008308,1449.1293649412692,2272.1287,1449.1293,2263.6308,1442.668,36667190#1,10.724106811030573,50.000096443827154,0,0.18850000924430788,5.423,6.059,,2.41,True,0,,False,2263.59,1442.64,-37.91020052178064,145.13809815126336,10.724106811030573,10.724106811030573,short=0.000 small=1.000 angle_diff=4.205 mode=entering_pending,,
2026-09-10T11:18:50.710,1789003131,fuzzy,False,-37.91010712,145.1382871,2279.9945798805566,1453.3360933270305,2279.9945798805566,1453.3360933270305,2279.9978,1453.3359,2272.4813,1448.5811,36667190#2,7.858602992787432,50.00944820252146,0,0.14999999257270247,4.592,5.423,,2.21,True,0,,False,2273.35,1449.14,-37.910143724085756,145.13821059841862,7.858602992787432,7.858602992787432,short=0.000 small=1.000 angle_diff=4.619 mode=confirmed,,
2026-09-10T11:18:52.735,1789003133,fuzzy,False,-37.91009802,145.1383714,2287.38572176703,1454.4938858458772,2287.38572176703,1454.4938858458772,2287.3871,1454.4944,2280.3127,1452.0274,36667190#2,15.02216958938259,50.000000099466156,0,0.11209999502170831,3.861,4.592,,2.14,True,0,,False,2273.35,1449.14,-37.910143724085756,145.13821059841862,15.02216958938259,15.02216958938259,short=0.000 small=1.000 angle_diff=23.852 mode=entering_pending,,
2026-09-10T11:18:54.777,1789003135,fuzzy,False,-37.9100832,145.1384477,2294.0608630231,1456.2723453482613,2294.0608630231,1456.2723453482613,2294.0638,1456.2728,2287.5697,1453.7775,146181190,0.2851569533599961,94.92282409266615,0,0.1066999975591898,3.413,3.861,,2.1,True,0,,False,2294.248176838924,1456.0573383194203,-37.91008517053774,145.13844978093428,0.2851569533599961,0.2851569533599961,short=0.972 small=0.971 angle_diff=26.144 mode=confirmed,,
2026-09-10T11:18:56.814,1789003137,fuzzy,False,-37.91001599,145.1384705,2295.916413283092,1463.7703228304163,2295.916413283092,1463.7703228304163,2295.9199,1463.7705,2294.25,1456.059,146181190,4.719724114366004,41.81278890147804,0,0.02849999873433262,3.052,3.413,,2.09,True,0,,False,2299.0167042740045,1460.211672596494,-37.9100486049905,145.13850494220426,4.719724114366004,4.719724114366004,short=0.028 small=0.749 angle_diff=35.038 mode=following,,
2026-09-10T11:18:58.857,1789003139,fuzzy,False,-37.90997434,145.1385472,2302.567279428127,1468.5266645224765,2302.567279428127,1468.5266645224765,2302.5685,1468.5262,2299.0188,1460.2135,146181190,3.937164831946914,54.558369215562074,0,0.0278999941656366,3.946,3.052,,2.09,True,0,,False,2305.1535231073008,1465.5580603814947,-37.91000154720693,145.13857593148637,3.937164831946914,3.937164831946914,short=0.091 small=1.000 angle_diff=5.492 mode=following,,
2026-09-10T11:19:00.895,1789003141,fuzzy,False,-37.90995146,145.1386129,2308.2926659693476,1471.1808795649558,2308.2926659693476,1471.1808795649558,2308.2903,1471.1813,2305.154,1465.5585,146181190,2.17754051277129,81.30983925783922,0,0.07009999535512179,3.291,3.946,,2.08,True,0,,False,2309.7230481422257,1469.5390240523504,-37.90996650757033,145.13862879062268,2.17754051277129,2.17754051277129,short=0.626 small=1.000 angle_diff=16.191 mode=confirmed,,
2026-09-10T11:19:02.928,1789003143,fuzzy,False,-37.90990074,145.138614,2308.2769909863127,1476.810948307626,2308.2769909863127,1476.810948307626,2308.2776,1476.8106,2309.7219,1469.538,146181190,7.190663588632073,25.95675999340255,0,0.0695999915478751,2.704,3.291,,2.07,True,0,,False,2310.08,1469.85,-37.9099637704219,145.13863291975147,7.190663588632073,7.190663588632073,short=0.001 small=0.398 angle_diff=49.097 mode=entering_pending,,
2026-09-10T11:19:04.969,1789003145,fuzzy,False,-37.90984193,145.1385446,2302.045299990452,1483.2149571990594,2302.045299990452,1483.2149571990594,2302.0433,1483.2153,2307.3008,1475.6579,299173860#1,8.471507563816933,50.00354413915529,0,0.08080000407062471,3.917,2.704,,2.06,True,0,,False,2306.72,1476.15,-37.90990641393267,145.1385961470372,8.471507563816933,8.471507563816933,short=0.000 small=1.000 angle_diff=5.507 mode=confirmed,,
2026-09-10T11:19:06.998,1789003147,fuzzy,False,-37.90977808,145.1384862,2296.7695100920973,1490.1975364536047,2296.7695100920973,1490.1975364536047,2296.771,1490.1976,2301.4613,1482.8218,299173860#1,17.214689361781094,50.00000000297959,0,0.07259999983943999,4.323,3.917,,2.06,True,0,,False,2306.72,1476.15,-37.90990641393267,145.1385961470372,17.214689361781094,17.214689361781094,short=0.000 small=1.000 angle_diff=12.652 mode=entering_pending,,
2026-09-10T11:19:09.017,1789003149,fuzzy,False,-37.90970801,145.1384281,2291.5063031231984,1497.8708406612277,2291.5063031231984,1497.8708406612277,2291.5093,1497.8706,2296.6635,1490.1322,146181188#2,3.0881938159587885,64.03380804940016,0,0.05869999586138874,4.611,4.323,,2.05,True,0,,False,2293.61,1495.61,-37.90972875470283,145.13845150552362,3.0881938159587885,3.0881938159587885,short=0.281 small=1.000 angle_diff=12.087 mode=confirmed,,
2026-09-10T11:19:11.043,1789003151,fuzzy,False,-37.90963069,145.1384246,2291.0272579728044,1506.444498614408,2291.0272579728044,1506.444498614408,2291.0262,1506.4442,2292.507,1498.2213,146181188#2,11.138084063457951,50.00004972948751,0,0.19159998919349164,4.299,4.611,,2.05,True,0,,False,2293.61,1495.61,-37.90972875470283,145.13845150552362,11.138084063457951,11.138084063457951,short=0.000 small=1.000 angle_diff=19.162 mode=entering_pending,,
2026-09-10T11:19:13.058,1789003153,fuzzy,False,-37.90954893,145.1384541,2293.439619258221,1515.5687774950638,2293.439619258221,1515.5687774950638,2293.4437,1515.5692,2292.4181,1506.2555,146181188#1,11.735487737473948,50.000019120342124,0,0.079699995694682,4.607,0,,2.05,True,0,,False,2292.1,1503.91,-37.9096537144266,145.13843622150367,11.735487737473948,11.735487737473948,short=0.000 small=1.000 angle_diff=6.279 mode=confirmed,,
2026-09-10T11:19:15.074,1789003155,fuzzy,False,-37.90945818,145.1384667,2294.3462746206205,1525.6609592214227,2294.3462746206205,1525.6609592214227,2294.3487,1525.6611,2293.6713,1515.5387,146181188#1,21.866640727904063,50.00000000000175,0,0.07199999527074397,4.958,4.607,,2.04,True,0,,False,2292.1,1503.91,-37.9096537144266,145.13843622150367,21.866640727904063,21.866640727904063,short=0.000 small=1.000 angle_diff=3.397 mode=entering_pending,,
2026-09-10T11:19:17.100,1789003157,fuzzy,False,-37.90937127,145.1384715,2294.5756914764643,1535.3133416753262,2294.5756914764643,1535.3133416753262,2294.5745,1535.3131,2295.0002,1525.6167,146181188#0,10.001517046029415,50.00030646395928,0,0.09929999941959977,4.772,4.958,,2.04,True,0,,False,2294.98,1525.32,-37.9094613654531,145.1384738279652,10.001517046029415,10.001517046029415,short=0.000 small=1.000 angle_diff=6.259 mode=confirmed,,
2026-09-10T11:19:19.143,1789003159,fuzzy,False,-37.9092812,145.1384565,2293.0573538405006,1545.2816112712026,2293.0573538405006,1545.2816112712026,2293.0598,1545.2814,2294.8161,1535.3028,146181188#0,20.053989448417532,50.00000000003171,0,0.12290000449866056,5.15,4.772,,2.03,True,0,,False,2294.98,1525.32,-37.9094613654531,145.1384738279652,20.053989448417532,20.053989448417532,short=0.000 small=1.000 angle_diff=16.281 mode=entering_pending,,
2026-09-10T11:19:21.165,1789003161,fuzzy,False,-37.90918421,145.1384037,2288.200417830725,1555.951392722316,2288.200417830725,1555.951392722316,2288.1974,1555.9511,2291.5036,1544.6094,-46410623#1,1.4637104869894377,91.99889210701787,0,0.11169999197591096,5.748,5.15,,2.03,True,0,,False,2286.8566322288093,1555.3711439430788,-37.90918919529718,145.13838828963134,1.4637104869894377,1.4637104869894377,short=0.840 small=1.000 angle_diff=1.120 mode=confirmed,,
2026-09-10T11:19:23.202,1789003163,fuzzy,False,-37.90908129,145.1383568,2283.849039911118,1567.2895519658923,2283.849039911118,1567.2895519658923,2283.8497,1567.2897,2286.8563,1555.3719,-46410623#1,1.1470133487146223,94.85208659164523,0,0.04289999196771532,6.03,5.748,,2.03,True,0,,False,2282.7091637007684,1567.1617949809215,-37.90908223580659,145.1383438108063,1.1470133487146223,1.1470133487146223,short=0.897 small=1.000 angle_diff=14.601 mode=following,,
2026-09-10T11:19:25.245,1789003165,fuzzy,False,-37.9089757,145.1383523,2283.2194241823163,1578.998429492116,2283.2194241823163,1578.998429492116,2283.2161,1578.9981,2282.7092,1567.1619,-46410623#1,0.20863351423954624,98.75319490593793,0,0.06350000330712646,5.826,6.03,,2.03,True,0,,False,2283.4243477241466,1578.9592595384825,-37.90897608971896,145.13835462104615,0.20863351423954624,0.20863351423954624,short=0.975 small=1.000 angle_diff=13.899 mode=following,,
2026-09-10T11:19:27.274,1789003167,fuzzy,False,-37.90888206,145.1384091,2288.00562150951,1589.4889022009447,2288.00562150951,1589.4889022009447,2288.0098,1589.4886,2283.4242,1578.9584,-46410623#1,2.5229179369560226,74.54169261282308,0,0.046499990276061,5.746,5.826,,2.02,True,0,,False,2285.5275667191627,1589.9625680880958,-37.908877347302074,145.1383810325916,2.5229179369560226,2.5229179369560226,short=0.491 small=1.000 angle_diff=13.703 mode=following,,
2026-09-10T11:19:29.312,1789003169,fuzzy,False,-37.90878687,145.1384667,2292.8587312724558,1600.152771559544,2292.8587312724558,1600.152771559544,2292.8612,1600.1532,2285.5277,1589.963,-46410623#1,1.4706908968065233,91.92354500994315,0,0.07560000813100487,5.819,5.746,,2.02,True,0,,False,2291.746454586096,1601.1149421717175,-37.90877800242169,145.13845427212246,1.4706908968065233,1.4706908968065233,short=0.838 small=1.000 angle_diff=16.391 mode=following,,
2026-09-10T11:19:31.355,1789003172,fuzzy,False,-37.90865127,145.1385842,2302.8885788136977,1615.4058837685734,2302.8885788136977,1615.4058837685734,2302.8895,1615.4064,2291.7477,1601.1164,-46410623#1,1.0418297780123127,95.57896447818771,0,0.04810000245925039,5.883,5.819,,2.02,True,0,,False,2303.668611424344,1614.715262010531,-37.90865763161663,145.13859291198838,1.0418297780123127,1.0418297780123127,short=0.912 small=1.000 angle_diff=8.194 mode=following,,
2026-09-10T11:19:33.393,1789003174,fuzzy,False,-37.90858034,145.1386696,2310.239588457218,1623.4265372939408,2310.239588457218,1623.4265372939408,2310.2419,1623.4269,2303.6693,1614.716,-46410623#1,0.8548612262460326,96.64533822404789,0,0.040099999750964344,5.419,5.883,,2.02,True,0,,False,2310.879635082993,1622.8598556964164,-37.90858555994491,145.13867674851954,0.8548612262460326,0.8548612262460326,short=0.933 small=1.000 angle_diff=0.985 mode=following,,
2026-09-10T11:19:35.412,1789003176,fuzzy,False,-37.90851555,145.1387505,2317.2085859890794,1630.7579604825005,2317.2085859890794,1630.7579604825005,2317.2066,1630.758,2310.8808,1622.8612,-46410623#1,0.49702449053718245,98.05065212796544,0,0.17680000746622682,5.064,5.419,,2.01,True,0,,False,2317.5807152169928,1630.4284863834785,-37.90851858492309,145.1387546562174,0.49702449053718245,0.49702449053718245,short=0.961 small=1.000 angle_diff=2.027 mode=confirmed,,
2026-09-10T11:19:37.457,1789003178,fuzzy,False,-37.908452,145.1388322,2324.2506775207585,1637.9531850917265,2324.2506775207585,1637.9531850917265,2324.2479,1637.9532,2317.5799,1630.4275,-46410623#1,7.582397074992482,50.01469708213068,0,0.1652000064495951,5.045,5.064,,2.01,True,0,,False,2319.22,1632.28,-37.90850220081947,145.13877371475073,7.582397074992482,7.582397074992482,short=0.000 small=1.000 angle_diff=2.863 mode=entering_pending,,
2026-09-10T11:19:39.492,1789003180,fuzzy,False,-37.90839376,145.138909,2330.8737471201457,1644.550579429604,2330.8737471201457,1644.550579429604,2330.8759,1644.5504,2324.7162,1637.8742,-46410623#0,0.23945503446547983,98.69181713903723,0,0.15150000399444252,4.663,5.045,,2.02,True,0,,False,2330.6996671170937,1644.715002256694,-37.90839224752712,145.13890705808168,0.23945503446547983,0.23945503446547983,short=0.974 small=1.000 angle_diff=1.745 mode=confirmed,,
2026-09-10T11:19:41.524,1789003182,fuzzy,False,-37.90834516,145.1389882,2337.7291853362694,1650.0824793865904,2337.7291853362694,1650.0824793865904,2337.7321,1650.0827,2330.7006,1644.716,-46410623#0,1.4247467787434707,92.40905076887002,0,0.086499989265576,4.444,4.663,,2.02,True,0,,False,2336.69341707963,1651.0607878768315,-37.90833616086098,145.13897664567105,1.4247467787434707,1.4247467787434707,short=0.848 small=1.000 angle_diff=7.733 mode=confirmed,,
2026-09-10T11:19:43.565,1789003184,fuzzy,False,-37.9082956,145.1390466,2342.753811431583,1655.6843941519037,2342.753811431583,1655.6843941519037,2342.7542,1655.6839,2336.6949,1651.0623,-46410623#0,5.852722898074594,50.23293328831401,0,0.07999999797903001,3.835,4.444,,2.02,True,0,,False,2337.93,1652.37,-37.90832458949964,145.13899100241701,5.852722898074594,5.852722898074594,short=0.005 small=1.000 angle_diff=1.475 mode=entering_pending,,
2026-09-10T11:19:45.602,1789003186,fuzzy,False,-37.90823578,145.1390557,2343.4213559326017,1662.3382811015472,2343.4213559326017,1662.3382811015472,2343.4228,1662.3378,2342.6144,1655.8471,-46410623#0,11.380756481797984,37.36317580210728,0,0.07059999916236848,3.269,3.835,,2.01,True,0,,False,2337.93,1652.37,-37.90832458949964,145.13899100241701,11.380756481797984,11.380756481797984,short=0.000 small=0.684 angle_diff=37.637 mode=confirmed,,
2026-09-10T11:19:47.642,1789003188,fuzzy,False,-37.90816857,145.1389973,2338.1380555748474,1669.6937295589596,2338.1380555748474,1669.6937295589596,2338.1404,1669.6938,2342.5737,1662.0597,-46410623#0,17.32497887312419,10.000000001998066,0,0.08149999484885484,4.285,3.269,,2.05,True,0,,False,2337.93,1652.37,-37.90832458949964,145.13899100241701,17.32497887312419,17.32497887312419,short=0.000 small=0.000 angle_diff=79.055 mode=entering_pending,,
2026-09-10T11:19:49.683,1789003190,fuzzy,False,-37.90813547,145.1388769,2327.4793796770973,1673.1553421178833,2327.4793796770973,1673.1553421178833,2327.4817,1673.1556,2337.0061,1666.7993,-46410623#0,23.264692391925575,10.00000000000015,0,0.07530000584665686,5.193,4.285,,2.05,True,0,,False,2337.93,1652.37,-37.90832458949964,145.13899100241701,23.264692391925575,23.264692391925575,short=0.000 small=0.000 angle_diff=115.374 mode=entering_pending,,
2026-09-10T11:19:51.710,1789003192,fuzzy,False,-37.90810108,145.1387653,2317.5915168275824,1676.7755327261984,2317.5915168275824,1676.7755327261984,2317.5927,1676.7757,2327.3014,1672.9446,-46410623#0,31.76922922269686,10.0,0,0.08379999781027436,5.208,5.193,,2.05,True,0,,False,2337.93,1652.37,-37.90832458949964,145.13899100241701,31.76922922269686,31.76922922269686,short=0.000 small=0.000 angle_diff=113.257 mode=entering_pending,,
2026-09-10T11:19:53.753,1789003194,fuzzy,False,-37.90805319,145.1386823,2310.1881978353485,1681.9439420886338,2310.1881978353485,1681.9439420886338,2310.1909,1681.9439,2321.0022,1679.8716,24689623#1,41.75094630473044,10.0,0,0.06819999543949962,4.599,5.208,,2.05,True,0,,False,2343.12,1656.28,-37.908290300469936,145.13905089863854,41.75094630473044,41.75094630473044,short=0.000 small=0.000 angle_diff=100.080 mode=confirmed,,
2026-09-10T11:19:55.782,1789003196,fuzzy,False,-37.90797757,145.1386587,2307.945782167837,1690.2936742333695,2307.945782167837,1690.2936742333695,2307.9436,1690.2932,2311.9857,1685.6318,24689623#1,48.930109696977304,14.967278365456478,0,0.08789999992586672,3.991,4.599,,2.04,True,0,,False,2343.12,1656.28,-37.908290300469936,145.13905089863854,48.930109696977304,48.930109696977304,short=0.000 small=0.124 angle_diff=60.033 mode=entering_pending,,
2026-09-10T11:19:57.818,1789003198,fuzzy,False,-37.90790009,145.1386052,2303.0704784256523,1698.7973118051887,2303.0704784256523,1698.7973118051887,2303.0737,1698.797,2306.7862,1689.3603,46410626#2,14.501105214113162,40.77789167609971,0,0.07179999374784529,4.588,3.991,,2.04,True,0,,False,2310.51,1686.35,-37.90801355690566,145.1386869590048,14.501105214113162,14.501105214113162,short=0.000 small=0.769 angle_diff=34.222 mode=confirmed,,
2026-09-10T11:19:59.854,1789003200,fuzzy,False,-37.9078084,145.1385551,2298.4626030242653,1708.883725677617,2298.4626030242653,1708.883725677617,2298.4584,1708.8838,2302.3413,1698.5612,46410626#2,25.552075587025076,35.50419826976191,0,0.1205000007757917,5.421,4.588,,2.04,True,0,,False,2310.51,1686.35,-37.90801355690566,145.1386869590048,25.552075587025076,25.552075587025076,short=0.000 small=0.638 angle_diff=39.496 mode=entering_pending,,
2026-09-10T11:20:01.898,1789003202,fuzzy,False,-37.90772029,145.1384638,2290.2403985547717,1718.5005525471643,2290.2403985547717,1718.5005525471643,2290.2435,1718.5002,2296.7701,1707.4069,46410626#1,12.42506797710694,50.00000634346198,0,0.09079999290406704,5.978,5.421,,2.03,True,0,,False,2296.47,1707.75,-37.90781825449009,145.13853218746686,12.42506797710694,12.42506797710694,short=0.000 small=1.000 angle_diff=0.648 mode=confirmed,,
2026-09-10T11:20:03.932,1789003204,fuzzy,False,-37.90765152,145.1383934,2283.898533915344,1726.0080058937892,2283.898533915344,1726.0080058937892,2283.9005,1726.0082,2289.188,1717.7693,46410626#1,22.167465771605226,50.00000000000107,0,0.0943000050028786,4.935,5.978,,2.03,True,0,,False,2296.47,1707.75,-37.90781825449009,145.13853218746686,22.167465771605226,22.167465771605226,short=0.000 small=1.000 angle_diff=0.989 mode=entering_pending,,
2026-09-10T11:20:05.966,1789003206,fuzzy,False,-37.90760563,145.1383182,2277.18534896028,1730.9681518496946,2277.18534896028,1730.9681518496946,2277.1818,1730.9685,2282.8327,1724.7321,46410626#0,3.0934054388601115,63.94978529684495,0,0.083099992480129,4.307,4.935,,2.02,True,0,,False,2276.1901210932238,1728.0392136970863,-37.90763183563355,145.13830621964004,3.0934054388601115,3.0934054388601115,short=0.279 small=1.000 angle_diff=17.692 mode=confirmed,,
2026-09-10T11:20:08.008,1789003208,fuzzy,False,-37.9075941,145.1382166,2268.2272419453366,1732.06918709632,2268.2272419453366,1732.06918709632,2268.225,1732.069,2276.1868,1728.0403,46410626#0,2.834307248216833,68.46883625437239,0,0.10489999840501696,4.325,4.307,,2.02,True,0,,False,2268.0090743821606,1729.2432889219917,-37.90761951720882,145.13821347786208,2.834307248216833,2.834307248216833,short=0.369 small=1.000 angle_diff=2.592 mode=following,,
2026-09-10T11:20:10.039,1789003210,fuzzy,False,-37.90759571,145.1381219,2259.9048933709273,1731.7242507748306,2259.9048933709273,1731.7242507748306,2259.9015,1731.7239,2268.0068,1729.2435,46410626#0,1.8497910383776757,86.94572558950085,0,0.04539999645203352,4.189,4.325,,2.02,True,0,,False,2259.7625078185206,1729.8799478604133,-37.907612298363524,145.13811986233728,1.8497910383776757,1.8497910383776757,short=0.739 small=1.000 angle_diff=6.788 mode=following,,
2026-09-10T11:20:12.082,1789003212,fuzzy,False,-37.90759525,145.1380371,2252.4483540343354,1731.626387791708,2252.4483540343354,1731.626387791708,2252.4458,1731.6263,2259.7591,1729.8802,46410626#0,1.1782598050132889,94.61659264884942,0,0.045900000259280205,3.758,4.189,,2.02,True,0,,False,2252.3576588316155,1730.4516237522885,-37.90760581627439,145.1380358020598,1.1782598050132889,1.1782598050132889,short=0.892 small=1.000 angle_diff=5.167 mode=following,,
2026-09-10T11:20:14.114,1789003214,fuzzy,False,-37.90758447,145.137972,2246.700943036005,1732.7082699853927,2246.700943036005,1732.7082699853927,2246.7001,1732.7084,2252.3551,1730.4518,46410626#0,0.9870240961853327,95.91984143050392,0,0.11720000475179404,2.922,3.758,,2.02,True,0,,False,2247.11,1731.81,-37.90759263546047,145.1379764468165,0.9870240961853327,0.9870240961853327,short=0.918 small=1.000 angle_diff=16.747 mode=confirmed,,
2026-09-10T11:20:16.154,1789003216,fuzzy,False,-37.90755515,145.1379634,2245.8798557114787,1735.9466564953327,2245.8798557114787,1735.9466564953327,2245.8808,1735.9465,2246.4121,1732.2872,46410626#0,4.315690203311703,31.183330340238705,0,0.11300000187475234,1.393,2.922,,2.04,True,0,,False,2247.11,1731.81,-37.90759263546047,145.1379764468165,4.315690203311703,4.315690203311703,short=0.052 small=0.416 angle_diff=48.365 mode=entering_pending,,
2026-09-10T11:20:18.189,1789003218,fuzzy,False,-37.90753005,145.1380056,2249.534403516096,1738.8059796644375,2249.534403516096,1738.8059796644375,2249.5322,1738.8061,2246.7145,1734.6582,115936847,2.201614627478244,80.85688281296223,0,0.09719999798107892,1.785,1.393,,2.03,True,0,,False,2250.681635296135,1736.9268931281665,-37.907547183736824,145.1380182168217,2.201614627478244,2.201614627478244,short=0.617 small=1.000 angle_diff=6.635 mode=confirmed,,
2026-09-10T11:20:20.218,1789003220,fuzzy,False,-37.90751568,145.1380562,2253.9512540253345,1740.489398916252,2253.9512540253345,1740.489398916252,2253.9552,1740.4895,2250.6801,1736.926,115936847,4.1884471624359,53.14419957190258,0,0.14960000407882035,2.101,1.785,,2.03,True,0,,False,2251.26,1737.28,-37.907544106916674,145.13802487277152,4.1884471624359,4.1884471624359,short=0.063 small=1.000 angle_diff=10.542 mode=confirmed,,
2026-09-10T11:20:22.253,1789003222,fuzzy,False,-37.90749332,145.1380438,2252.8115023337305,1742.9487980231643,2252.8115023337305,1742.9487980231643,2252.8085,1742.9486,2254.5845,1739.8476,115936847,5.877280878008286,10.179198708849501,0,0.1365000061923638,0.934,2.101,,2.03,True,0,,False,2251.26,1737.28,-37.907544106916674,145.13802487277152,5.877280878008286,5.877280878008286,short=0.004 small=0.000 angle_diff=83.459 mode=entering_pending,,
2026-09-10T11:20:24.294,1789003224,fuzzy,False,-37.90746386,145.1379608,2245.4489310539793,1746.0720699038357,2245.4489310539793,1746.0720699038357,2245.4484,1746.0726,2252.6388,1742.0403,310292416#2,3.648056807997254,56.87097081553746,0,0.13590000162366778,3.358,0.934,,2.02,True,0,,False,2244.2705355112666,1742.6195776997474,-37.90749474895388,145.13794661810468,3.648056807997254,3.648056807997254,short=0.137 small=1.000 angle_diff=4.141 mode=confirmed,,
2026-09-10T11:20:26.325,1789003227,fuzzy,False,-37.90742537,145.1377972,2230.9800617314177,1750.0557978423312,2230.9800617314177,1750.0557978423312,2230.9821,1750.0562,2244.9158,1744.5145,310292416#2,3.002610214334259,65.45664340739557,0,0.06900000153109431,4.973,3.358,,2.02,True,0,,False,2230.482594623259,1747.0946841032924,-37.907451954994094,145.13779087150428,3.002610214334259,3.002610214334259,short=0.309 small=1.000 angle_diff=5.857 mode=following,,
2026-09-10T11:20:28.361,1789003229,fuzzy,False,-37.90741715,145.1376664,2219.4620252755703,1750.7382044531405,2219.4620252755703,1750.7382044531405,2219.4604,1750.7381,2230.8117,1749.0708,310292416#2,2.7528594199680123,70.01068138388881,0,0.06269999721553177,5.616,4.973,,2.18,True,0,,False,2219.6007712364926,1747.9888437011775,-37.90744194195024,145.13766735301752,2.7528594199680123,2.7528594199680123,short=0.400 small=1.000 angle_diff=6.280 mode=following,,
2026-09-10T11:20:30.398,1789003231,fuzzy,False,-37.90742421,145.1375372,2208.1185308883432,1749.7278626589105,2208.1185308883432,1749.7278626589105,2208.1196,1749.7283,2219.4988,1749.9884,310292416#2,2.3155214151947745,78.66301587891982,0,0.062099992646835744,5.795,5.616,,2.29,True,0,,False,2208.2352347205324,1747.4152840894824,-37.907445063332005,145.1375380015781,2.3155214151947745,2.3155214151947745,short=0.573 small=1.000 angle_diff=2.201 mode=following,,
2026-09-10T11:20:32.414,1789003233,fuzzy,False,-37.9074336,145.1374265,2198.406706960057,1748.4914540946484,2198.406706960057,1748.4914540946484,2198.4108,1748.4912,2208.136,1749.4069,310292416#2,2.6373844728631495,72.26332107690537,0,0.052100003813393414,4.564,5.795,,2.5,True,0,,False,2198.9804679871563,1745.9172367103777,-37.90745689250634,145.13743243865315,2.6373844728631495,2.6373844728631495,short=0.445 small=1.000 angle_diff=5.310 mode=following,,
2026-09-10T11:20:34.445,1789003235,fuzzy,False,-37.90744238,145.1373573,2192.342173789686,1747.3956245100126,2192.342173789686,1747.3956245100126,2192.3416,1747.3958,2198.5501,1747.8655,310292416#2,2.887135398646558,67.49570698335103,0,0.045900000259280205,2.92,4.564,,2.72,True,0,,False,2192.970267944614,1744.5776378985001,-37.907467878226974,145.13736380099928,2.887135398646558,2.887135398646558,short=0.350 small=1.000 angle_diff=2.323 mode=following,,
2026-09-10T11:20:36.482,1789003237,fuzzy,False,-37.90744771,145.1373118,2188.35367419268,1746.724253103137,2188.35367419268,1746.724253103137,2188.3539,1746.7246,2192.5351,1746.5266,310292416#2,2.929711644060079,66.7290420319855,0,0.18220000492874533,2.148,2.92,,2.93,True,0,,False,2188.563105158948,1743.8020366519293,-37.90747407180303,145.13731351728768,2.929711644060079,2.929711644060079,short=0.335 small=1.000 angle_diff=5.456 mode=following,,
2026-09-10T11:20:38.507,1789003239,fuzzy,False,-37.9074429,145.1372641,2184.1492705326527,1747.174198367633,2184.1492705326527,1747.174198367633,2184.1522,1747.1747,2188.4203,1745.7937,310292416#2,3.679058351816898,56.58224056097184,0,0.20169999334029853,2.05,2.148,,3.11,True,0,,False,2184.41226868373,1743.5045522908833,-37.90747600449092,145.13726625650546,3.679058351816898,3.679058351816898,short=0.132 small=1.000 angle_diff=10.208 mode=confirmed,,
2026-09-10T11:20:40.544,1789003241,fuzzy,False,-37.90744229,145.1372302,2181.1674619233236,1747.1823327587917,2181.1674619233236,1747.1823327587917,2181.1632,1747.1817,2184.2719,1745.4977,310292416#2,3.900327059697324,54.80850232675642,0,0.18009998893830925,1.548,2.05,,3.26,True,0,,False,2181.4462775079664,1743.2919840543223,-37.90747738548648,145.13723248618754,3.900327059697324,3.900327059697324,short=0.096 small=1.000 angle_diff=4.256 mode=confirmed,,
2026-09-10T11:20:42.575,1789003243,fuzzy,False,-37.90746965,145.1371902,2177.7113653895794,1744.0760629475117,2177.7113653895794,1744.0760629475117,2177.7105,1744.0757,2181.2985,1745.2856,310292416#2,3.084703572569421,60.82010768202726,0,0.16710000636521727,2.276,1.548,,3.3,True,0,,False,2180.66,1743.17,-37.90747834282048,145.13722351884226,3.084703572569421,3.084703572569421,short=0.282 small=0.947 angle_diff=27.122 mode=confirmed,,
2026-09-10T11:20:44.609,1789003245,fuzzy,False,-37.907533,145.1371668,2175.794529218867,1737.0053305542096,2175.794529218867,1737.0053305542096,2175.7966,1737.0048,2177.6307,1744.4715,310292416#2,7.85340405798148,15.017342992211054,0,0.1866999955382198,3.39,2.276,,3.36,True,0,,False,2180.66,1743.17,-37.90747834282048,145.13722351884226,7.85340405798148,7.85340405798148,short=0.000 small=0.125 angle_diff=60.006 mode=entering_pending,,
2026-09-10T11:20:46.653,1789003247,fuzzy,False,-37.90761376,145.1371555,2174.98011955939,1728.0239575505257,2174.98011955939,1728.0239575505257,2174.9836,1728.0246,2176.721,1736.9011,-46410634#0,0.3760890869854544,98.38250161232212,0,0.19999999494757503,4.333,3.39,,3.47,True,0,,False,2175.350151485477,1727.956731253395,-37.9076144322013,145.13715969183588,0.3760890869854544,0.3760890869854544,short=0.968 small=1.000 angle_diff=5.116 mode=confirmed,,
2026-09-10T11:20:48.690,1789003249,fuzzy,False,-37.90769966,145.1371471,2174.4320741425036,1718.4773198775947,2174.4320741425036,1718.4773198775947,2174.4362,1718.4771,2175.3504,1727.9579,-46410634#0,0.7564856696801439,97.10562419864408,0,0.05299999611452222,4.77,4.333,,3.53,True,0,,False,2175.1885469291656,1718.481734792228,-37.90769975640156,145.13715570179426,0.7564856696801439,0.7564856696801439,short=0.942 small=1.000 angle_diff=3.620 mode=following,,
2026-09-10T11:20:50.731,1789003251,fuzzy,False,-37.90779203,145.1371475,2174.672061439138,1708.228199834004,2174.672061439138,1708.228199834004,2174.6749,1708.2284,2175.1885,1718.4815,-46410634#0,0.576317195310429,97.79857823696636,0,0.038300000596791506,5.021,4.77,,3.64,True,0,,False,2175.2483688197153,1708.2315632701152,-37.907792103442326,145.1371540531554,0.576317195310429,0.576317195310429,short=0.956 small=1.000 angle_diff=1.007 mode=following,,
2026-09-10T11:20:52.777,1789003253,fuzzy,False,-37.9078761,145.1371443,2174.577137971879,1698.8937631808221,2174.577137971879,1698.8937631808221,2174.5763,1698.8935,2175.2484,1708.2318,-46410634#0,0.7257156113033846,97.236985862614,0,0.05360000068321824,4.69,5.021,,3.72,True,0,,False,2175.302841224181,1698.897998518781,-37.90787619248115,145.13715255193588,0.7257156113033846,0.7257156113033846,short=0.945 small=1.000 angle_diff=0.917 mode=following,,
2026-09-10T11:20:54.798,1789003255,fuzzy,False,-37.90794951,145.1371449,2174.792668128095,1690.7488877745345,2174.792668128095,1690.7488877745345,2174.794,1690.7493,2175.3028,1698.8978,-46410634#0,0.5577233103810177,97.86034502763945,0,0.0746000005165115,4.186,4.69,,3.76,True,0,,False,2175.3503819403986,1690.7521426951537,-37.90794958107333,145.1371512417426,0.5577233103810177,0.5577233103810177,short=0.957 small=1.000 angle_diff=1.181 mode=following,,
2026-09-10T11:20:56.833,1789003257,fuzzy,False,-37.90802314,145.1371361,2174.1822536086547,1682.5630854405463,2174.1822536086547,1682.5630854405463,2174.1859,1682.5631,2175.3504,1690.7525,-46410634#0,1.215900472230842,94.32037474960042,0,0.05459999374579638,4.122,4.186,,3.77,True,0,,False,2175.3981333739926,1682.5701815389957,-37.90802329494891,145.13714992573637,1.215900472230842,1.215900472230842,short=0.886 small=1.000 angle_diff=4.599 mode=following,,
2026-09-10T11:20:58.863,1789003259,fuzzy,False,-37.90808961,145.1371378,2174.479106175655,1675.1902384795249,2174.479106175655,1675.1902384795249,2174.4772,1675.1901,2175.3981,1682.5702,-46410634#0,2.1423546299979743,81.96390871703612,0,0.14399999054148793,3.73,4.122,,3.92,True,0,,False,2175.43,1677.11,-37.90807248745063,145.13714904750452,2.1423546299979743,2.1423546299979743,short=0.639 small=1.000 angle_diff=1.971 mode=confirmed,,
2026-09-10T11:21:00.898,1789003261,fuzzy,False,-37.90813887,145.137122,2173.1992279656697,1669.6963511444628,2173.1992279656697,1669.6963511444628,2173.2,1669.6962,2173.6812,1675.0906,-46410634#0,7.741998012293441,50.01138564926304,0,0.1154000055976212,2.921,3.73,,4.12,True,0,,False,2175.43,1677.11,-37.90807248745063,145.13714904750452,7.741998012293441,7.741998012293441,short=0.000 small=1.000 angle_diff=13.448 mode=confirmed,,
2026-09-10T11:21:02.933,1789003263,fuzzy,False,-37.90815922,145.137087,2170.1672155380948,1667.3767246911302,2170.1672155380948,1667.3767246911302,2170.1684,1667.3768,2174.98,1671.79,-46410634#0,11.06496943198316,22.08335446297669,0,0.14139999984763563,1.808,2.921,,4.21,True,0,,False,2175.43,1677.11,-37.90807248745063,145.13714904750452,11.06496943198316,11.06496943198316,short=0.000 small=0.302 angle_diff=52.917 mode=confirmed,,
2026-09-10T11:21:04.965,1789003265,fuzzy,False,-37.90813822,145.1370605,2167.790815380984,1669.660427850671,2167.790815380984,1669.660427850671,2167.7887,1669.6602,2174.98,1671.79,-46410634#0,10.670204630252574,10.000084104535977,0,0.460899987956509,1.187,1.808,,4.27,True,0,,False,2175.43,1677.11,-37.90807248745063,145.13714904750452,10.670204630252574,10.670204630252574,short=0.000 small=0.000 angle_diff=134.195 mode=entering_pending,,
2026-09-10T11:21:06.984,1789003267,fuzzy,False,-37.90810086,145.1370424,2166.1166485213907,1673.7742738872766,2166.1166485213907,1673.7742738872766,2166.1125,1673.7744,2174.228,1673.1697,46410634#0,8.034025393694195,50.007136303450345,0,0.11660000018309802,2.238,1.187,,4.29,True,0,,False,2173.43,1677.1,-37.90807221750866,145.13712630592275,8.034025393694195,8.034025393694195,short=0.000 small=1.000 angle_diff=21.811 mode=confirmed,,
2026-09-10T11:21:09.018,1789003269,fuzzy,False,-37.90803457,145.1370263,2164.554163211549,1681.1018467536196,2164.554163211549,1681.1018467536196,2164.5508,1681.1019,2173.7267,1674.7261,46410634#0,8.852420623816704,50.00192681185669,0,0.13670000771526247,3.491,2.238,,4.42,True,0,,False,2173.4064342241536,1681.1533134455533,-37.90803569994305,145.13712695890572,8.852420623816704,8.852420623816704,short=0.000 small=1.000 angle_diff=11.704 mode=confirmed,,
2026-09-10T11:21:11.046,1789003271,fuzzy,False,-37.90795559,145.1370127,2163.1833308822243,1689.8419557744637,2163.1833308822243,1689.8419557744637,2163.1805,1689.8414,2173.4064,1681.1534,46410634#0,10.172416056720621,50.00023314561367,0,0.04719999560620636,4.172,3.491,,4.33,True,0,,False,2173.355575019019,1689.9010967287475,-37.907956888433056,145.1371283681563,10.172416056720621,10.172416056720621,short=0.000 small=1.000 angle_diff=8.581 mode=following,,
2026-09-10T11:21:13.063,1789003273,fuzzy,False,-37.90790028,145.1369964,2161.627606149297,1695.9507826361805,2161.627606149297,1695.9507826361805,2161.6279,1695.9509,2155.986,1690.1085,46410634#0,11.692598661973848,50.00002047849466,0,0.03329999162815511,3.117,4.172,,4.32,True,0,,False,2173.3200071993483,1696.018761712053,-37.907901772479065,145.13712935369614,11.692598661973848,11.692598661973848,short=0.000 small=1.000 angle_diff=13.955 mode=following,,
2026-09-10T11:21:15.080,1789003275,fuzzy,False,-37.90787973,145.1369531,2157.7751622215146,1698.1550311800092,2157.7751622215146,1698.1550311800092,2157.7783,1698.1548,2156.0832,1695.917,46410634#0,15.532162299223147,15.109958191031977,0,0.034199998481199145,2.235,3.117,,4.53,True,0,,False,2173.307062017889,1698.2453329230113,-37.9078817126037,145.13712971239013,15.532162299223147,15.532162299223147,short=0.000 small=0.128 angle_diff=59.890 mode=following,,
2026-09-10T11:21:17.110,1789003277,fuzzy,False,-37.90792833,145.1369162,2154.638746690587,1692.697303804569,2154.638746690587,1692.697303804569,2154.6352,1692.6968,2156.0696,1698.1443,46410634#0,18.700255259689715,10.000000000221295,0,0.05040000542066991,2.618,2.235,,4.48,True,0,,False,2173.338685904759,1692.8060243813954,-37.907930717032876,145.13712883613294,18.700255259689715,18.700255259689715,short=0.000 small=0.000 angle_diff=149.782 mode=following,,
2026-09-10T11:21:19.148,1789003279,fuzzy,False,-37.90801492,145.1368885,2152.3954356916947,1683.040185672231,2152.3954356916947,1683.040185672231,2152.3916,1683.0397,2156.0801,1692.6432,46410634#0,20.99967343203387,10.000000000005587,0,0.0518000015290454,4.569,2.618,,4.38,True,0,,False,2173.394754216666,1683.1622747334227,-37.90801760058387,145.137127282546,20.99967343203387,20.99967343203387,short=0.000 small=0.000 angle_diff=166.589 mode=following,,
2026-09-10T11:21:21.184,1789003281,fuzzy,False,-37.9080844,145.1367897,2143.8631941163912,1675.156740645878,2143.8631941163912,1675.156740645878,2143.8602,1675.1563,2152.8677,1682.7406,,,,0,0.14040000678505749,5.53,4.569,,4.34,False,,,False,,,,,,,,,no_match
2026-09-10T11:21:23.220,1789003283,fuzzy,False,-37.9081213,145.1366566,2132.2431120574474,1670.8282454330474,2132.2431120574474,1670.8282454330474,2132.2463,1670.8281,2144.7355,1674.061,,,,0,0.10689999908208847,5.818,5.53,,4.34,False,,,False,,,,,,,,,no_match
2026-09-10T11:21:25.262,1789003285,fuzzy,False,-37.90810962,145.1365158,2119.838313253247,1671.8768738908693,2119.838313253247,1671.8768738908693,2119.8391,1671.8767,2132.6564,1669.0603,46410634#0,53.84561202840902,10.0,0,31.149700007517822,6.055,5.818,,4.23,True,0,,False,2173.43,1677.1,-37.90807221750866,145.13712630592275,53.84561202840902,53.84561202840902,short=0.000 small=0.000 angle_diff=108.593 mode=entering_pending,,
2026-09-10T11:21:27.304,1789003287,fuzzy,False,-37.90807062,145.1363755,2107.4168649070198,1675.957922546193,2107.4168649070198,1675.957922546193,2107.4164,1675.9576,2118.8302,1669.8067,5094891#1,1.924485319559473,85.76049337415958,0,29.722899998887442,6.391,6.055,,3.99,True,0,,False,2109.34,1676.03,-37.90807031703498,145.136397381755,1.924485319559473,1.924485319559473,short=0.715 small=1.000 angle_diff=19.922 mode=confirmed,,
2026-09-10T11:21:29.341,1789003289,fuzzy,False,-37.90802943,145.136232,2094.709206078667,1680.2763410946354,2094.709206078667,1680.2763410946354,2094.7059,1680.2768,2108.073,1676.9066,5094891#1,15.234550976661671,50.00000007081051,0,0.15439999697264284,6.659,6.391,,4.01,True,0,,False,2109.34,1676.03,-37.90807031703498,145.136397381755,15.234550976661671,15.234550976661671,short=0.000 small=1.000 angle_diff=19.341 mode=entering_pending,,
2026-09-10T11:21:31.365,1789003292,fuzzy,False,-37.9079785,145.136015,2075.5179183037253,1685.5463327495381,2075.5179183037253,1685.5463327495381,2075.5149,1685.5459,2095.0452,1681.3198,1209653407,0.36277716522482634,98.41550832410225,0,0.17880000814329833,6.499,6.659,,4.65,True,0,,False,2075.5579803397063,1685.906891073366,-37.90797525921291,145.13601553745852,0.36277716522482634,0.36277716522482634,short=0.968 small=1.000 angle_diff=9.015 mode=confirmed,,
2026-09-10T11:21:33.400,1789003294,fuzzy,False,-37.90795945,145.1358703,2062.75385021104,1687.4058309579268,2062.75385021104,1687.4058309579268,2062.7563,1687.4062,2075.5551,1685.9072,1209653407,12.229552265575172,50.000008673303675,0,0.14370000280905515,6.363,6.499,,4.44,True,0,,False,2074.9,1685.98,-37.907974482112834,145.13600807308413,12.229552265575172,12.229552265575172,short=0.000 small=1.000 angle_diff=1.948 mode=entering_pending,,
2026-09-10T11:21:35.439,1789003296,fuzzy,False,-37.90794316,145.1357207,2049.565099434112,1688.9504312239587,2049.565099434112,1688.9504312239587,2049.5628,1688.9502,2062.6851,1686.8282,24801549#0,0.5033267552956557,98.0316739216415,0,0.10380000458098948,6.541,6.363,,4.01,True,0,,False,2049.50360334941,1688.450875367059,-37.9079476490498,145.13571988722762,0.5033267552956557,0.5033267552956557,short=0.961 small=1.000 angle_diff=0.338 mode=confirmed,,
2026-09-10T11:21:37.476,1789003298,fuzzy,False,-37.9079275,145.1355768,2036.878876185161,1690.4351251432672,2036.878876185161,1690.4351251432672,2036.8773,1690.4348,2049.5013,1688.4512,24801549#0,0.42690420082007835,98.2502925335221,0,0.12229999992996454,6.408,6.541,,3.62,True,0,,False,2036.8267173507315,1690.0114192869603,-37.907931307454454,145.1355761106276,0.42690420082007835,0.42690420082007835,short=0.965 small=1.000 angle_diff=0.343 mode=confirmed,,
2026-09-10T11:21:39.516,1789003300,fuzzy,False,-37.90791177,145.1354322,2024.1309489983832,1691.926336184144,2024.1309489983832,1691.926336184144,2024.1351,1691.926,2036.8252,1690.0116,24801549#0,10.314895842907802,50.00018561905876,0,0.18670001009013504,6.44,6.408,,3.54,True,0,,False,2034.32,1690.32,-37.907928076059775,145.1355476803655,10.314895842907802,10.314895842907802,short=0.000 small=1.000 angle_diff=0.346 mode=entering_pending,,
2026-09-10T11:21:41.553,1789003302,fuzzy,False,-37.90789567,145.1352948,2012.0152083997382,1693.4712465731427,2012.0152083997382,1693.4712465731427,2012.0192,1693.4708,2024.0943,1691.5995,24801549#1,0.35910300504736675,98.42450303667165,0,0.08579999848734587,6.184,6.44,,3.39,True,0,,False,2011.970667153817,1693.1149166057728,-37.907898871885806,145.13529421254543,0.35910300504736675,0.35910300504736675,short=0.968 small=1.000 angle_diff=0.142 mode=confirmed,,
2026-09-10T11:21:43.602,1789003304,fuzzy,False,-37.90788106,145.1351673,2000.7731635177624,1694.8682130109519,2000.7731635177624,1694.8682130109519,2000.7712,1694.8682,2011.9746,1693.1144,24801549#1,0.3917100118074524,98.3429219538333,0,0.03369999467395246,5.719,6.184,,3.36,True,0,,False,2000.7275624873546,1694.479166382158,-37.9078845564141,145.13516669304965,0.3917100118074524,0.3917100118074524,short=0.967 small=1.000 angle_diff=0.398 mode=following,,
2026-09-10T11:21:45.648,1789003306,fuzzy,False,-37.90786702,145.1350447,1989.9631803956,1696.210532530211,1989.9631803956,1696.210532530211,1989.965,1696.2107,2000.7256,1694.4794,24801549#1,0.46645539433179084,98.1402407133858,0,0.18250000721309334,5.651,5.719,,3.67,True,0,,False,1989.9088778606133,1695.7472487407306,-37.90787118359246,145.13504397722582,0.46645539433179084,0.46645539433179084,short=0.963 small=1.000 angle_diff=0.393 mode=confirmed,,
2026-09-10T11:21:47.688,1789003308,fuzzy,False,-37.90785275,145.1349202,1978.985637048143,1697.5750178033486,1978.985637048143,1697.5750178033486,1978.9819,1697.5752,1989.9107,1695.747,24801549#1,8.221435554067616,50.005287659128406,0,0.17490000755060464,5.628,5.651,,3.77,True,0,,False,1987.07,1696.08,-37.90786767447504,145.13501177597783,8.221435554067616,8.221435554067616,short=0.000 small=1.000 angle_diff=0.400 mode=entering_pending,,
2026-09-10T11:21:49.704,1789003310,fuzzy,False,-37.90786055,145.134781,1966.7646856267238,1696.4646349214017,1966.7646856267238,1696.4646349214017,1966.7617,1696.4645,1979.273,1697.385,24801549#3,2.0929339816144656,82.86523114674085,0,0.20650000078603625,5.933,5.628,,3.68,True,0,,False,1967.0260804567233,1698.5411814280435,-37.907841891055696,145.13478444433994,2.0929339816144656,2.0929339816144656,short=0.657 small=1.000 angle_diff=12.366 mode=confirmed,,
2026-09-10T11:21:51.743,1789003312,fuzzy,False,-37.90785064,145.1346478,1955.0319253352936,1697.3299771910533,1955.0319253352936,1697.3299771910533,1955.0328,1697.3302,1967.0232,1698.5415,24801549#3,2.69971824994995,71.03928076060923,0,0.03260000084992498,5.853,5.933,,3.59,True,0,,False,1955.369103860365,1700.0085569026437,-37.907826571453086,145.1346522429665,2.69971824994995,2.69971824994995,short=0.421 small=1.000 angle_diff=2.956 mode=following,,
2026-09-10T11:21:53.784,1789003314,fuzzy,False,-37.90783653,145.1345289,1944.547071780078,1698.6865138253197,1944.547071780078,1698.6865138253197,1944.5444,1698.6861,1955.3699,1700.0085,24801549#3,3.2128506216996073,62.110868829019594,0,0.10699999984353781,5.281,5.853,,3.58,True,0,,False,1946.51,1701.23,-37.90781397147603,145.13455179638913,3.2128506216996073,3.2128506216996073,short=0.242 small=1.000 angle_diff=0.857 mode=confirmed,,
2026-09-10T11:21:55.821,1789003316,fuzzy,False,-37.90782226,145.1344137,1934.3871577330283,1700.0673014819622,1934.3871577330283,1700.0673014819622,1934.3874,1700.0669,1944.899,1701.4376,24801549#3,12.178471680540335,50.00000941193615,0,0.1340000017080456,5.244,5.281,,3.7,True,0,,False,1946.51,1701.23,-37.90781397147603,145.13455179638913,12.178471680540335,12.178471680540335,short=0.000 small=1.000 angle_diff=0.490 mode=entering_pending,,
2026-09-10T11:21:57.840,1789003318,fuzzy,False,-37.90780586,145.1342834,1922.8949375456432,1701.657862576656,1922.8949375456432,1701.657862576656,1922.8913,1701.6579,1934.6948,1702.7202,24801549#4,2.4132895565384866,76.73143256001306,0,0.10349998774472624,5.628,5.244,,3.76,True,0,,False,1923.1726683214865,1704.055117694462,-37.907784314994736,145.1342871031707,2.4132895565384866,2.4132895565384866,short=0.535 small=1.000 angle_diff=1.271 mode=confirmed,,
2026-09-10T11:21:59.874,1789003320,fuzzy,False,-37.90778701,145.1341546,1911.529148763162,1703.522911223583,1911.529148763162,1703.522911223583,1911.5319,1703.5226,1923.1691,1704.0555,24801549#4,1.8686520207686348,86.6525413813723,0,0.025300003471784294,5.683,5.628,,3.72,True,0,,False,1911.7442005268856,1705.379147499934,-37.90777032733206,145.13415746745764,1.8686520207686348,1.8686520207686348,short=0.733 small=1.000 angle_diff=2.710 mode=following,,
2026-09-10T11:22:01.918,1789003322,fuzzy,False,-37.90777009,145.1340242,1900.0269708106061,1705.1709663392976,1900.0269708106061,1705.1709663392976,1900.0267,1705.1705,1911.7469,1705.3788,24801549#4,1.5552624600867555,90.96476270932885,0,0.024499997380189598,5.752,5.683,,3.86,True,0,,False,1900.2059564812273,1706.7158952857114,-37.907756205167075,145.13402658658336,1.5552624600867555,1.5552624600867555,short=0.819 small=1.000 angle_diff=1.545 mode=following,,
2026-09-10T11:22:03.940,1789003324,fuzzy,False,-37.90776125,145.1338971,1888.8328669739421,1705.9282168708742,1888.8328669739421,1705.9282168708742,1888.8355,1705.9283,1900.2057,1706.7159,24801549#4,2.0913044064997526,82.89458471965325,0,0.03189999551977962,5.535,5.752,,3.84,True,0,,False,1889.0735424427305,1708.0056261804154,-37.907742579578496,145.13390030918242,2.0913044064997526,2.0913044064997526,short=0.658 small=1.000 angle_diff=2.738 mode=following,,
2026-09-10T11:22:05.978,1789003326,fuzzy,False,-37.90774188,145.1337728,1877.8615413141088,1707.8588406909257,1877.8615413141088,1707.8588406909257,1877.8646,1707.8585,1889.0761,1708.0053,24801549#4,1.4361310389455475,92.29102945733217,0,0.025200002710334957,5.528,5.535,,3.87,True,0,,False,1878.0268168760813,1709.2854297521615,-37.90772905873602,145.13377500381608,1.4361310389455475,1.4361310389455475,short=0.846 small=1.000 angle_diff=3.372 mode=following,,
2026-09-10T11:22:08.008,1789003328,fuzzy,False,-37.90772916,145.1336486,1866.913774946006,1709.0517094284296,1866.913774946006,1709.0517094284296,1866.9129,1709.0522,1878.0299,1709.2851,24801549#4,3.2625741277710802,61.395778953472686,0,0.0619000056758523,5.486,5.528,,3.85,True,0,,False,1869.96,1710.22,-37.9077191851239,145.13368350022262,3.2625741277710802,3.2625741277710802,short=0.228 small=1.000 angle_diff=0.390 mode=entering_pending,,
2026-09-10T11:22:10.050,1789003330,fuzzy,False,-37.90771941,145.1335465,1857.9156079996028,1709.95389981661,1857.9156079996028,1709.95389981661,1857.919,1709.9539,1867.0898,1710.5573,1209653409#0,1.6994917482431224,89.12940848688193,0,0.05200000305194408,4.618,5.486,,3.82,True,0,,False,1858.121180271277,1711.6409126332373,-37.90770425004736,145.13354922129227,1.6994917482431224,1.6994917482431224,short=0.783 small=1.000 angle_diff=1.222 mode=confirmed,,
2026-09-10T11:22:12.084,1789003332,fuzzy,False,-37.90770957,145.1334429,1848.7853604147676,1710.8634267011657,1848.7853604147676,1710.8634267011657,1848.7824,1710.8636,1858.1245,1711.6405,1209653409#0,1.9010474345252037,86.13930687697636,0,0.1171000039903447,4.646,4.618,,3.81,True,0,,False,1849.0153130697772,1712.750515232414,-37.90769261211624,145.1334459440542,1.9010474345252037,1.9010474345252037,short=0.723 small=1.000 angle_diff=1.259 mode=confirmed,,
2026-09-10T11:22:14.125,1789003334,fuzzy,False,-37.9077479,145.1333537,1841.028170087433,1706.453114467673,1841.028170087433,1706.453114467673,1841.0264,1706.4533,1849.0124,1712.7509,1209653409#0,8.88781795260416,38.43491208138258,0,0.11480000102892518,4.412,4.646,,3.78,True,0,,False,1847.05,1712.99,-37.907690100297756,145.13342365380353,8.88781795260416,8.88781795260416,short=0.000 small=0.711 angle_diff=36.568 mode=entering_pending,,
2026-09-10T11:22:16.141,1789003336,fuzzy,False,-37.90782684,145.1333279,1838.935266256216,1697.6481251344085,1838.935266256216,1697.6481251344085,1838.9373,1697.6487,1841.0553,1706.4471,1209653409#0,17.355749137504134,10.000000001902077,0,0.1244999875780195,4.226,4.412,,3.94,True,0,,False,1847.05,1712.99,-37.907690100297756,145.13342365380353,17.355749137504134,17.355749137504134,short=0.000 small=0.000 angle_diff=83.577 mode=entering_pending,,
2026-09-10T11:22:18.175,1789003338,fuzzy,False,-37.90790437,145.1333116,1837.6744608914014,1689.0163201475516,1837.6744608914014,1689.0163201475516,1837.6749,1689.0159,1839.4297,1697.5757,-5094896#1,0.4819559198009302,98.09531939302417,0,0.10410000686533749,4.357,4.226,,4.11,True,0,,False,1838.1512133559704,1688.9456901528006,-37.90790509224945,145.13331700440693,0.4819559198009302,0.4819559198009302,short=0.962 small=1.000 angle_diff=0.117 mode=confirmed,,
2026-09-10T11:22:20.216,1789003340,fuzzy,False,-37.90797133,145.1332927,1836.1615844015032,1681.5528365634382,1836.1615844015032,1681.5528365634382,1836.1621,1681.5527,1838.1512,1688.9453,-5094896#1,5.148168169856628,50.71220282387537,0,0.08720000914763659,3.914,4.357,,4.3,True,0,,False,1837.78,1686.44,-37.90792759716314,145.1333122133998,5.148168169856628,5.148168169856628,short=0.014 small=1.000 angle_diff=3.032 mode=entering_pending,,
2026-09-10T11:22:22.251,1789003342,fuzzy,False,-37.90803733,145.1332814,1835.3147578478092,1674.2092587677762,1835.3147578478092,1674.2092587677762,1835.3174,1674.2088,1836.3466,1681.8748,-5094896#0,0.7361914211101865,97.19290580411295,0,0.08090000483207405,3.882,3.914,,4.43,True,0,,False,1836.044159041312,1674.109500522839,-37.908038360219294,145.13328967030586,0.7361914211101865,0.7361914211101865,short=0.944 small=1.000 angle_diff=1.210 mode=confirmed,,
2026-09-10T11:22:24.284,1789003344,fuzzy,False,-37.9081003,145.1332691,1834.373282239132,1667.2001439100131,1834.373282239132,1667.2001439100131,1834.37,1667.2004,1836.0441,1674.1094,-5094896#0,0.7412307394417954,97.17146652633551,0,0.03330000618007034,3.426,3.882,,4.71,True,0,,False,1835.1081636530903,1667.103333184821,-37.90810130465691,145.13327743329185,0.7412307394417954,0.7412307394417954,short=0.943 small=1.000 angle_diff=0.146 mode=following,,
2026-09-10T11:22:26.318,1789003346,fuzzy,False,-37.9081519,145.1332445,1832.3251494358992,1661.4310451969504,1832.3251494358992,1661.4310451969504,1832.3225,1661.431,1835.1081,1667.1031,-5094896#0,2.018328476929653,84.18333849615733,0,0.03270000161137432,3.144,3.426,,4.86,True,0,,False,1834.3261890663862,1661.1674351857487,-37.908154635626445,145.13326719108747,2.018328476929653,2.018328476929653,short=0.684 small=1.000 angle_diff=12.041 mode=following,,
2026-09-10T11:22:28.348,1789003349,fuzzy,False,-37.90825319,145.1332293,1831.2138658881886,1650.1646485580131,1831.2138658881886,1650.1646485580131,1831.21,1650.1649,1834.3261,1661.1671,-5094896#0,1.09364822327705,95.23322903283989,0,0.15279999934136868,3.672,3.144,,5.1,True,0,,False,1832.2620026882569,1649.8524375962907,-37.908256191546315,145.13324114587328,1.09364822327705,1.09364822327705,short=0.905 small=1.000 angle_diff=10.954 mode=confirmed,,
2026-09-10T11:22:30.383,1789003351,fuzzy,False,-37.90832277,145.1332506,1833.2411328773596,1642.4812095686793,1833.2411328773596,1642.4812095686793,1833.2432,1642.4812,1832.2618,1649.8516,-5094896#0,7.111451555479555,43.67119152102264,0,0.1387999946018681,3.936,3.672,,5.36,True,0,,False,1832.16,1649.51,-37.90825925790792,145.13323990817253,7.111451555479555,7.111451555479555,short=0.001 small=0.841 angle_diff=31.368 mode=entering_pending,,
2026-09-10T11:22:32.429,1789003353,fuzzy,False,-37.90837786,145.1333243,1839.8431021373253,1636.4979020850733,1839.8431021373253,1636.4979020850733,1839.8387,1636.4974,1832.548,1641.9521,4577074#0,8.251780481320464,50.005037091173726,0,0.11860000086016953,4.215,3.936,,5.33,True,0,,False,1833.09,1641.24,-37.90833392385735,145.13324859907542,8.251780481320464,8.251780481320464,short=0.000 small=1.000 angle_diff=10.541 mode=confirmed,,
2026-09-10T11:22:34.465,1789003355,fuzzy,False,-37.9084225,145.1334137,1847.8021547304234,1631.7018112195656,1847.8021547304234,1631.7018112195656,1847.8025,1631.7022,1838.4233,1634.8712,4577074#0,17.533526229002714,50.00000000178898,0,0.059600002714432776,4.575,4.215,,5.21,True,0,,False,1833.09,1641.24,-37.90833392385735,145.13324859907542,17.533526229002714,17.533526229002714,short=0.000 small=1.000 angle_diff=21.654 mode=entering_pending,,
2026-09-10T11:22:36.509,1789003357,fuzzy,False,-37.90844688,145.133514,1856.674490112986,1629.173049387522,1856.674490112986,1629.173049387522,1856.6742,1629.1729,1846.2217,1628.9526,4577074#0,26.492253036944938,38.18180779892177,0,0.05099999543745071,4.415,4.575,,5.06,True,0,,False,1833.09,1641.24,-37.90833392385735,145.13324859907542,26.492253036944938,26.492253036944938,short=0.000 small=0.705 angle_diff=36.818 mode=confirmed,,
2026-09-10T11:22:38.555,1789003359,fuzzy,False,-37.90845088,145.1335985,1864.1124398988904,1628.877931687981,1864.1124398988904,1628.877931687981,1864.1113,1628.878,1856.7338,1626.2473,4577074#0,33.39479765219879,24.545531870171285,0,0.05129999772179872,3.689,4.415,,4.96,True,0,,False,1833.09,1641.24,-37.90833392385735,145.13324859907542,33.39479765219879,33.39479765219879,short=0.000 small=0.364 angle_diff=50.454 mode=confirmed,,
2026-09-10T11:22:40.587,1789003361,fuzzy,False,-37.90845055,145.1336881,1871.9891507902648,1629.0722620282322,1871.9891507902648,1629.0722620282322,1871.993,1629.0728,1864.087,1626.3866,4577074#0,40.75779409577225,20.860095767157716,0,0.04870000702794641,3.851,3.689,,5.06,True,0,,False,1833.09,1641.24,-37.90833392385735,145.13324859907542,40.75779409577225,40.75779409577225,short=0.000 small=0.272 angle_diff=54.140 mode=confirmed,,
2026-09-10T11:22:42.633,1789003363,fuzzy,False,-37.9084549,145.1338016,1881.9774956601905,1628.7893339544535,1881.9774956601905,1628.7893339544535,1881.9805,1628.7889,1871.966,1626.3098,,,,0,0.06520000169984996,4.722,3.851,,5.43,False,,,False,,,,,,,,,no_match
2026-09-10T11:22:44.671,1789003365,fuzzy,False,-37.9084601,145.1339189,1892.3018152500736,1628.4187612580135,1892.3018152500736,1628.4187612580135,1892.2986,1628.4191,1881.9553,1626.2124,4577074#0,60.58401792624741,24.1160714981739,0,30.15669999876991,5.024,4.722,,5.3,True,0,,False,1833.09,1641.24,-37.90833392385735,145.13324859907542,60.58401792624741,60.58401792624741,short=0.000 small=0.353 angle_diff=50.884 mode=entering_pending,,
2026-09-10T11:22:46.709,1789003367,fuzzy,False,-37.90847061,145.1340247,1901.6268718617503,1627.4387140953913,1901.6268718617503,1627.4387140953913,1901.6227,1627.4381,1892.1244,1626.0055,4577074#2,3.210639255275234,62.143369810524604,0,28.901500001666136,4.727,5.024,,5.51,True,0,,False,1900.69986670306,1624.3648133384904,-37.908498133309784,145.13401346066186,3.210639255275234,3.210639255275234,short=0.243 small=1.000 angle_diff=10.782 mode=confirmed,,
2026-09-10T11:22:48.743,1789003369,fuzzy,False,-37.90850224,145.1341319,1911.121918523626,1624.1175412042066,1911.121918523626,1624.1175412042066,1911.1204,1624.1177,1900.6962,1624.3659,4577074#2,2.7724091974648735,69.63645747549992,0,0.06949999078642577,5.042,4.727,,5.47,True,0,,False,1910.3214431591553,1621.4632066455906,-37.908526006577915,145.13412219478386,2.7724091974648735,2.7724091974648735,short=0.393 small=1.000 angle_diff=2.497 mode=following,,
2026-09-10T11:22:50.782,1789003371,fuzzy,False,-37.90853195,145.1342485,1921.4391202077968,1621.025950522162,1921.4391202077968,1621.025950522162,1921.4411,1621.0259,1910.32,1621.4636,4577074#2,2.7913637551312576,69.27601541173544,0,0.06409999332390726,5.37,5.042,,5.33,True,0,,False,1920.6331721099107,1618.3534686649787,-37.908555879077014,145.13423872846374,2.7913637551312576,2.7913637551312576,short=0.386 small=1.000 angle_diff=0.101 mode=following,,
2026-09-10T11:22:52.821,1789003373,fuzzy,False,-37.90856313,145.1343659,1931.8299122073222,1617.772636291571,1931.8299122073222,1617.772636291571,1931.8305,1617.7728,1920.635,1618.3529,4577074#2,2.6767301073903624,71.4887626459063,0,0.06330000178422779,5.354,5.37,,5.33,True,0,,False,1931.057062185665,1615.2099059288846,-37.908586076385596,145.13435652978578,2.6767301073903624,2.6767301073903624,short=0.430 small=1.000 angle_diff=0.603 mode=following,,
2026-09-10T11:22:54.853,1789003375,fuzzy,False,-37.9085913,145.134473,1941.3084587957128,1614.8351917639375,1941.3084587957128,1614.8351917639375,1941.3076,1614.8348,1931.0576,1615.2098,4577074#2,2.7103352553641287,70.83255346991767,0,0.05129999772179872,4.956,5.354,,5.27,True,0,,False,1940.4900917813122,1612.25135883083,-37.90861442828658,145.1344631074978,2.7103352553641287,2.7103352553641287,short=0.417 small=1.000 angle_diff=0.356 mode=following,,
2026-09-10T11:22:56.898,1789003377,fuzzy,False,-37.90862155,145.1345829,1951.037786228233,1611.6718555223197,1951.037786228233,1611.6718555223197,1951.0391,1611.6716,1940.4895,1612.2516,4577074#2,3.182929159075549,62.55563507561283,0,0.09049999061971903,5.1,4.956,,5.24,True,0,,False,1949.8110890146922,1608.7348073480493,-37.90864778654154,145.13456828456196,3.182929159075549,3.182929159075549,short=0.251 small=1.000 angle_diff=4.657 mode=following,,
2026-09-10T11:22:58.943,1789003379,fuzzy,False,-37.90864739,145.1346531,1957.266982971225,1608.928022584878,1957.266982971225,1608.928022584878,1957.2651,1608.9277,1949.8123,1608.7343,4577074#2,3.238791005080191,61.734049883925806,0,0.08480000542476773,3.167,5.1,,5.29,True,0,,False,1955.09,1606.53,-37.908668599577176,145.13462780272164,3.238791005080191,3.238791005080191,short=0.235 small=1.000 angle_diff=1.104 mode=following,,
2026-09-10T11:23:00.987,1789003381,fuzzy,False,-37.90868359,145.1346756,1959.3255078077782,1604.950675596483,1959.3255078077782,1604.950675596483,1959.3259,1604.9505,1955.09,1606.53,4577074#2,1.7661430301007741,88.19490716454321,0,0.05370000144466758,2.382,3.167,,5.35,True,0,,False,1958.1109417542611,1603.6684546699585,-37.9086949216395,145.1346614989942,1.7661430301007741,1.7661430301007741,short=0.764 small=1.000 angle_diff=19.188 mode=following,,
2026-09-10T11:23:03.017,1789003383,fuzzy,False,-37.90874769,145.1347078,1962.2987786803278,1597.8944714758545,1962.2987786803278,1597.8944714758545,1962.2974,1597.8942,1958.1112,1603.6682,4577074#2,0.7375923559796851,97.18696105208294,0,0.17710000975057483,3.778,2.382,,5.61,True,0,,False,1961.58,1598.06,-37.9087460693174,145.1346996653293,0.7375923559796851,0.7375923559796851,short=0.944 small=1.000 angle_diff=5.255 mode=entering_pending,,
2026-09-10T11:23:05.048,1789003385,fuzzy,False,-37.90883049,145.1347111,1962.7727506604278,1588.7123829396442,1962.7727506604278,1588.7123829396442,1962.7691,1588.7128,1961.7043,1597.7863,405414870#0,0.31785156282545224,98.52215779273746,0,0.14379998901858926,4.538,3.778,,5.67,True,0,,False,1962.45494513219,1588.7069734838444,-37.9088304814453,145.13470748539808,0.31785156282545224,0.31785156282545224,short=0.970 small=1.000 angle_diff=1.980 mode=confirmed,,
2026-09-10T11:23:07.087,1789003387,fuzzy,False,-37.90891846,145.1346956,1961.6053556652041,1578.9235330987722,1961.6053556652041,1578.9235330987722,1961.6072,1578.9232,1962.4549,1588.7075,405414870#0,0.7903142888161718,96.9544518987066,0,0.04290000651963055,4.729,4.538,,5.64,True,0,,False,1962.3936929142985,1578.867666679545,-37.908919105357484,145.13470455050282,0.7903142888161718,0.7903142888161718,short=0.939 small=1.000 angle_diff=2.747 mode=following,,
2026-09-10T11:23:09.132,1789003389,fuzzy,False,-37.90899737,145.1347163,1963.6004516031244,1570.2037075925618,1963.6004516031244,1570.2037075925618,1963.6,1570.2039,1962.3937,1578.8675,405414870#0,1.823071396777995,87.35387457265766,0,0.0931999966269359,4.496,4.729,,5.3,True,0,,False,1961.8,1570.49,-37.908994466472926,145.1346958943918,1.823071396777995,1.823071396777995,short=0.747 small=1.000 angle_diff=16.941 mode=confirmed,,
2026-09-10T11:23:11.152,1789003391,fuzzy,False,-37.90908933,145.1347341,1965.369559502229,1560.0306880539283,1965.369559502229,1560.0306880539283,1965.3733,1560.031,1961.7887,1570.3442,405414870#0,11.051649715096492,50.00005710506845,0,0.10850001126527786,5.03,4.496,,4.98,True,0,,False,1961.8,1570.49,-37.908994466472926,145.1346958943918,11.051649715096492,11.051649715096492,short=0.000 small=1.000 angle_diff=13.919 mode=entering_pending,,
2026-09-10T11:23:13.188,1789003393,fuzzy,False,-37.9091582,145.1347941,1970.7974962597364,1552.4940827796236,1970.7974962597364,1552.4940827796236,1970.8004,1552.4937,1963.8636,1559.2224,405414870#2,7.560668680102784,50.01521685983368,0,0.08910000906325877,4.544,5.03,,4.69,True,0,,False,1964.92,1557.25,-37.909114298104846,145.13472835598785,7.560668680102784,7.560668680102784,short=0.000 small=1.000 angle_diff=7.589 mode=confirmed,,
2026-09-10T11:23:15.212,1789003395,fuzzy,False,-37.9092348,145.1348529,1976.1370851031388,1544.0976045764983,1976.1370851031388,1544.0976045764983,1976.1412,1544.0977,1968.1981,1551.1054,405414870#2,17.286078317166282,50.00000000265797,0,0.07480000203941017,4.977,4.544,,4.42,True,0,,False,1964.92,1557.25,-37.909114298104846,145.13472835598785,17.286078317166282,17.286078317166282,short=0.000 small=1.000 angle_diff=4.280 mode=entering_pending,,
2026-09-10T11:23:17.235,1789003397,fuzzy,False,-37.90933153,145.1348773,1978.497015431407,1533.4068896165118,1978.497015431407,1533.4068896165118,1978.4954,1533.407,1972.8704,1542.3515,405414870#3,5.938753510828781,50.20310079416697,0,0.06289999873843044,5.323,4.977,,4.19,True,0,,False,1975.06,1538.25,-37.90928728256286,145.1348393234667,5.938753510828781,5.938753510828781,short=0.004 small=1.000 angle_diff=15.648 mode=confirmed,,
2026-09-10T11:23:19.274,1789003399,fuzzy,False,-37.90941999,145.134884,1979.2824538535788,1523.6027192762122,1979.2824538535788,1523.6027192762122,1979.2841,1523.6024,1976.535,1533.4543,405414870#3,15.243751150784693,50.00000006977578,0,0.06930000381544232,4.991,5.323,,4.0,True,0,,False,1975.06,1538.25,-37.90928728256286,145.1348393234667,15.243751150784693,15.243751150784693,short=0.000 small=1.000 angle_diff=23.516 mode=entering_pending,,
2026-09-10T11:23:21.314,1789003401,fuzzy,False,-37.90950811,145.134894,1980.3572612659773,1513.8420815998688,1980.3572612659773,1513.8420815998688,1980.3539,1513.8417,1976.7385,1523.4914,405414870#4,12.25224731444548,50.00000836400762,0,0.06769999163225293,4.593,0,,3.88,True,0,,False,1976.65,1525.52,-37.90940224418743,145.13485450556195,12.25224731444548,12.25224731444548,short=0.000 small=1.000 angle_diff=3.531 mode=confirmed,,
2026-09-10T11:23:23.351,1789003404,fuzzy,False,-37.90962828,145.1348866,1979.9734759937273,1500.4944114461541,1979.9734759937273,1500.4944114461541,1979.9706,1500.4948,1976.8544,1513.8331,405414870#4,25.245307982816577,50.00000000000001,0,0.06560000474564731,4.769,4.593,,3.67,True,0,,False,1976.65,1525.52,-37.90940224418743,145.13485450556195,25.245307982816577,25.245307982816577,short=0.000 small=1.000 angle_diff=4.399 mode=entering_pending,,
2026-09-10T11:23:25.395,1789003406,fuzzy,False,-37.9097236,145.1348804,1979.6400215658941,1489.90632993076,1979.6400215658941,1489.90632993076,1979.642,1489.9062,1976.8871,1500.4873,998107627#0,30.891740276809433,50.0,0,0.05390000296756625,5.144,4.769,,3.6,True,0,,False,1976.83,1520.67,-37.90944596665101,145.13485544881124,30.891740276809433,30.891740276809433,short=0.000 small=1.000 angle_diff=2.448 mode=confirmed,,
2026-09-10T11:23:27.435,1789003408,fuzzy,False,-37.9098129,145.1348743,1979.3019950480084,1479.9864329062402,1979.3019950480084,1479.9864329062402,1979.2999,1479.9861,1976.92,1489.9,998107627#0,40.75859898217599,50.0,0,0.09250000584870577,5.09,5.144,,3.59,True,0,,False,1976.83,1520.67,-37.90944596665101,145.13485544881124,40.75859898217599,40.75859898217599,short=0.000 small=1.000 angle_diff=2.595 mode=entering_pending,,
2026-09-10T11:23:29.478,1789003410,fuzzy,False,-37.90990039,145.1348532,1977.6412092532846,1470.240996430628,1977.6412092532846,1470.240996430628,1977.6452,1470.2412,1976.9426,1479.9807,998107627#1,29.07870842830505,50.0,0,0.07139999070204794,4.743,5.09,,3.46,True,0,,False,1976.89,1499.31,-37.9096383937174,145.13485127180573,29.07870842830505,29.07870842830505,short=0.000 small=1.000 angle_diff=9.812 mode=confirmed,,
2026-09-10T11:23:31.504,1789003412,fuzzy,False,-37.90998041,145.1348621,1978.6013248617528,1461.3772392496467,1978.6013248617528,1461.3772392496467,1978.5984,1461.3769,1976.9647,1470.2396,998107627#1,37.97134407584218,50.0,0,0.05869999586138874,4.251,4.743,,3.35,True,0,,False,1976.89,1499.31,-37.9096383937174,145.13485127180573,37.97134407584218,37.97134407584218,short=0.000 small=1.000 angle_diff=6.042 mode=entering_pending,,
2026-09-10T11:23:33.535,1789003414,fuzzy,False,-37.91004313,145.134873,1979.6988614000147,1454.4366931086406,1979.6988614000147,1454.4366931086406,1979.6981,1454.4362,1976.9856,1461.3727,998107627#2,9.471911383521254,50.000715127642046,0,0.0484000047435984,3.389,4.251,,3.22,True,0,,False,1976.98,1463.51,-37.909960905327594,145.1348441508366,9.471911383521254,9.471911383521254,short=0.000 small=1.000 angle_diff=8.856 mode=confirmed,,
2026-09-10T11:23:35.574,1789003416,fuzzy,False,-37.91008964,145.1349159,1983.5737169542117,1449.351176715456,1983.5737169542117,1449.351176715456,1983.5729,1449.3514,1976.984,1454.4499,998107627#2,15.61887896345974,37.82501182081786,0,0.05670000973623246,3.114,3.389,,3.1,True,0,,False,1976.98,1463.51,-37.909960905327594,145.1348441508366,15.61887896345974,15.61887896345974,short=0.000 small=0.696 angle_diff=37.175 mode=entering_pending,,
2026-09-10T11:23:37.601,1789003418,fuzzy,False,-37.91011249,145.1349539,1986.9652520659147,1446.8824696913362,1986.9652520659147,1446.8824696913362,1986.9612,1446.8819,1984.1463,1444.1907,998107627#3,16.05466187774593,23.913373540408383,0,0.05060000694356859,3.254,3.114,,4.92,True,0,,False,1977.0,1459.47,-37.90999730226558,145.13484345915444,16.05466187774593,16.05466187774593,short=0.000 small=0.348 angle_diff=51.087 mode=confirmed,,
2026-09-10T11:23:39.637,1789003420,fuzzy,False,-37.91007754,145.1351097,2000.5849634765182,1451.0347290365025,2000.5849634765182,1451.0347290365025,2000.587,1451.0348,1987.2151,1444.5235,998107627#3,25.048039811855933,10.000000000000009,0,0.06079999729990959,4.545,3.254,,2.89,True,0,,False,1977.0,1459.47,-37.90999730226558,145.13484345915444,25.048039811855933,25.048039811855933,short=0.000 small=0.000 angle_diff=104.093 mode=entering_pending,,
2026-09-10T11:23:41.677,1789003422,fuzzy,False,-37.91009839,145.1352291,2011.1284098454053,1448.9311067806557,2011.1284098454053,1448.9311067806557,2011.1291,1448.9312,2000.064,1444.9421,998107627#4,34.17179076950799,10.0,0,0.053799987654201686,5.316,4.545,,2.81,True,0,,False,1976.9570531322656,1449.103341441508,-37.91009067998369,145.13484061247757,34.17179076950799,34.17179076950799,short=0.000 small=0.000 angle_diff=79.005 mode=confirmed,,
2026-09-10T11:23:43.713,1789003424,fuzzy,False,-37.9101239,145.1353626,2022.921807691455,1446.3351707188413,2022.921807691455,1446.3351707188413,2022.9258,1446.3349,2010.5026,1443.871,998107627#4,45.97812300260034,10.0,0,0.0850000069476664,5.916,5.316,,2.73,True,0,,False,1976.9442687114254,1446.5669123467646,-37.91011352646825,145.1348398900901,45.97812300260034,45.97812300260034,short=0.000 small=0.000 angle_diff=77.875 mode=entering_pending,,
2026-09-10T11:23:45.750,1789003426,fuzzy,False,-37.91013447,145.1354835,2033.5742983232485,1445.3748771045357,2033.5742983232485,1445.3748771045357,2033.5773,1445.3755,2022.4379,1442.3935,998107627#4,56.635349883086946,10.0,0,28.854299991508015,5.273,5.916,,2.68,True,0,,False,1976.94,1445.72,-37.91012115489745,145.1348396488851,56.635349883086946,56.635349883086946,short=0.000 small=0.000 angle_diff=85.138 mode=entering_pending,,
2026-09-10T11:23:47.785,1789003428,fuzzy,False,-37.91012645,145.1355783,2041.890923655359,1446.4315140862018,2041.890923655359,1446.4315140862018,2041.8912,1446.4319,2032.9767,1441.0068,998107627#4,64.94651242182456,10.0,0,28.151799997431226,4.229,5.273,,2.61,True,0,,False,1976.9452361960748,1446.758861301218,-37.91011179751834,145.1348399447581,64.94651242182456,64.94651242182456,short=0.000 small=0.000 angle_diff=97.529 mode=entering_pending,,
2026-09-10T11:23:49.822,1789003430,fuzzy,False,-37.91014097,145.135622,2045.76507221238,1444.897143774666,2045.76507221238,1444.897143774666,2045.7629,1444.8967,2046.989,1446.4133,-403774582#3,5.73295284465525,50.28185722258867,0,27.55930001148954,3.226,4.229,,6.16,True,0,,False,2043.75,1439.53,-37.91018895554459,145.13559786818888,5.73295284465525,5.73295284465525,short=0.006 small=1.000 angle_diff=13.789 mode=confirmed,,
2026-09-10T11:23:51.842,1789003432,fuzzy,False,-37.9101293,145.1356195,2045.5193830312346,1446.1877084290609,2045.5193830312346,1446.1877084290609,2045.517,1446.1877,2046.9835,1444.8923,-403774582#3,6.888816867765436,10.035645973601296,0,0.11280000035185367,2.933,3.226,,11.71,True,0,,False,2043.75,1439.53,-37.91018895554459,145.13559786818888,6.888816867765436,6.888816867765436,short=0.001 small=0.000 angle_diff=108.596 mode=entering_pending,,
2026-09-10T11:23:53.879,1789003434,fuzzy,False,-37.90999368,145.1356649,2049.2097868950223,1461.3165968116373,2049.2097868950223,1461.3165968116373,2049.2137,1461.3167,2046.9882,1446.1823,988580237#0,9.397683953077541,50.00080530664649,0,0.06910000229254365,2.293,2.933,,2.53,True,0,,False,2047.01,1452.18,-37.9100755884706,145.13563781090213,9.397683953077541,9.397683953077541,short=0.000 small=1.000 angle_diff=13.500 mode=confirmed,,
2026-09-10T11:23:55.906,1789003436,fuzzy,False,-37.90998791,145.1357284,2054.779650605982,1462.0685140350834,2054.779650605982,1462.0685140350834,2054.7825,1462.068,2050.2551,1461.4621,988580237#0,12.575777525110661,10.000003987425849,0,0.0940000027185306,2.548,2.293,,2.53,True,0,,False,2047.01,1452.18,-37.9100755884706,145.13563781090213,12.575777525110661,12.575777525110661,short=0.000 small=0.000 angle_diff=82.103 mode=entering_pending,,
2026-09-10T11:23:57.944,1789003438,fuzzy,False,-37.91016206,145.1357738,2059.1575018548756,1442.8237984087318,2059.1575018548756,1442.8237984087318,2059.1551,1442.8237,2053.349,1458.4901,988580237#0,12.177501854875572,10.000007541241741,0,0.08270000398624688,3.003,2.548,,19.28,True,0,,False,2046.98,1442.8237984087318,-37.910159866112,145.1356353422056,12.177501854875572,12.177501854875572,short=0.000 small=0.000 angle_diff=167.184 mode=confirmed,,
2026-09-10T11:23:59.980,1789003440,fuzzy,False,-37.91014257,145.1358011,2061.5143537527765,1445.0345027698204,2061.5143537527765,1445.0345027698204,2061.5171,1445.0349,2050.18,1442.8237,988580237#0,14.53024131167438,28.37568701153619,0,0.11719999019987881,3.863,3.003,,24.38,True,0,,False,2046.9842085078606,1445.08733966162,-37.91013947631435,145.1356359047857,14.53024131167438,14.53024131167438,short=0.000 small=0.459 angle_diff=46.624 mode=confirmed,,
2026-09-10T11:24:02.018,1789003442,fuzzy,False,-37.90983805,145.1358294,2063.326622217777,1478.8752911016345,2063.326622217777,1478.8752911016345,2063.3265,1478.8755,2062.9349,1453.617,988580237#0,31.286909844193037,50.0,0,0.10689999908208847,5.267,3.863,,2.4,True,0,,False,2047.01,1452.18,-37.9100755884706,145.13563781090213,31.286909844193037,31.286909844193037,short=0.000 small=1.000 angle_diff=2.857 mode=entering_pending,,
2026-09-10T11:24:04.065,1789003444,fuzzy,False,-37.90973491,145.1358344,2063.5373303975794,1490.3290016083047,2063.5373303975794,1490.3290016083047,2063.537,1490.3287,2064.0775,1478.87,988580237#1,16.40710891265957,50.00000001084728,0,0.08680000610183924,5.85,5.267,,2.36,True,0,,False,2047.1303021894903,1490.380462766891,-37.90973149063506,145.13564786540806,16.40710891265957,16.40710891265957,short=0.000 small=1.000 angle_diff=0.874 mode=confirmed,,
2026-09-10T11:24:06.109,1789003446,fuzzy,False,-37.90962757,145.135844,2064.143136160914,1502.2568518230692,2064.143136160914,1502.2568518230692,2064.1435,1502.2567,2064.1609,1490.3242,988580237#1,16.975499803815325,50.0000000043688,0,0.027000001864507794,5.979,5.85,,2.33,True,0,,False,2047.1677198575146,1502.310095748744,-37.90962403219586,145.13565100357664,16.975499803815325,16.975499803815325,short=0.000 small=1.000 angle_diff=2.728 mode=following,,
2026-09-10T11:24:08.130,1789003448,fuzzy,False,-37.90951979,145.13584,2063.552302812808,1514.2096159243956,2063.552302812808,1514.2096159243956,2063.5558,1514.2099,2064.2479,1502.256,988580237#1,16.34717932685084,50.000000011938894,0,0.05729999975301325,6.014,5.979,,2.51,True,0,,False,2047.2052038957415,1514.260889112881,-37.90951638314828,145.13565414729587,16.34717932685084,16.34717932685084,short=0.000 small=1.000 angle_diff=3.010 mode=confirmed,,
2026-09-10T11:24:10.168,1789003450,fuzzy,False,-37.90941404,145.1358462,2063.862724269333,1525.9550538938493,2063.862724269333,1525.9550538938493,2063.8632,1525.9555,2064.335,1514.2042,988580237#1,19.51003706442625,50.000000000075715,0,0.08299999171867967,5.917,6.014,,2.6,True,0,,False,2047.21,1515.79,-37.90950260939054,145.13565454953542,19.51003706442625,19.51003706442625,short=0.000 small=1.000 angle_diff=1.334 mode=entering_pending,,
2026-09-10T11:24:12.205,1789003452,fuzzy,False,-37.90930877,145.1358513,2064.0775044328184,1537.645294552669,2064.0775044328184,1537.645294552669,2064.0747,1537.6448,2064.4206,1525.9514,988580237#2,16.795495703005365,50.00000000582696,0,0.06349998875521123,5.896,5.917,,3.05,True,0,,False,2047.2820884388032,1537.697039094884,-37.90930527816519,145.13566035064136,16.795495703005365,16.795495703005365,short=0.000 small=1.000 angle_diff=0.876 mode=confirmed,,
2026-09-10T11:24:14.251,1789003454,fuzzy,False,-37.90920885,145.1358447,2063.275529487699,1548.7213029824197,2063.275529487699,1548.7213029824197,2063.2792,1548.721,2064.5058,1537.6417,988580237#2,15.959400951522898,50.00000002220344,0,0.05049999163020402,5.645,5.896,,2.63,True,0,,False,2047.3162042771814,1548.7704716351864,-37.90920553199537,145.13566325651598,15.959400951522898,15.959400951522898,short=0.000 small=1.000 angle_diff=4.318 mode=following,,
2026-09-10T11:24:16.268,1789003456,fuzzy,False,-37.90913259,145.1358526,2063.800852733315,1557.1973745329306,2063.800852733315,1557.1973745329306,2063.8045,1557.1979,2064.5865,1548.7114,988580237#2,16.458608128705883,50.000000009989314,0,0.10170000314246863,4.434,5.645,,2.57,True,0,,False,2047.3423227147796,1557.2480811722687,-37.90912916822184,145.1356654811893,16.458608128705883,16.458608128705883,short=0.000 small=1.000 angle_diff=3.370 mode=confirmed,,
2026-09-10T11:24:18.289,1789003458,fuzzy,False,-37.9090902,145.1358853,2066.5816790916724,1561.9586656000465,2066.5816790916724,1561.9586656000465,2066.5781,1561.9582,2064.2954,1558.4674,988580237#2,19.359234430366897,44.88950698544661,0,0.0805000017862767,3.048,4.434,,3.43,True,0,,False,2047.35,1559.74,-37.90910672176144,145.13566613511097,19.359234430366897,19.359234430366897,short=0.000 small=0.872 angle_diff=30.110 mode=confirmed,,
2026-09-10T11:24:20.309,1789003460,fuzzy,False,-37.90909699,145.1359749,2074.47411829303,1561.3627334022895,2074.47411829303,1561.3627334022895,2074.4763,1561.363,2066.2609,1561.1338,988580237#2,27.172615937174793,10.0,0,0.11430001177359372,3.547,3.048,,3.91,True,0,,False,2047.35,1559.74,-37.90910672176144,145.13566613511097,27.172615937174793,27.172615937174793,short=0.000 small=0.000 angle_diff=94.142 mode=entering_pending,,
2026-09-10T11:24:22.340,1789003463,fuzzy,False,-37.90918564,145.1360807,2083.972437733086,1551.7116859806702,2083.972437733086,1551.7116859806702,2083.9713,1551.7121,2073.3293,1558.4111,988580237#2,36.64699802612267,10.0,0,0.03500000457279384,4.332,3.547,,4.23,True,0,,False,2047.3256136283082,1551.8245901884384,-37.90917802140817,145.13566405797113,36.64699802612267,36.64699802612267,short=0.000 small=0.000 angle_diff=135.280 mode=following,,
2026-09-10T11:24:24.365,1789003465,fuzzy,False,-37.90928326,145.1360713,2083.362611477496,1540.8627694705501,2083.362611477496,1540.8627694705501,2083.3653,1540.8628,2083.7888,1551.3802,988580237#2,36.07059863907591,10.0,0,0.02989999484270811,5.051,4.332,,3.95,True,0,,False,2047.2921840242573,1540.9738978734867,-37.90927576120116,145.13566121055143,36.07059863907591,36.07059863907591,short=0.000 small=0.000 angle_diff=176.959 mode=following,,
2026-09-10T11:24:26.397,1789003467,fuzzy,False,-37.90938059,145.1360659,2083.1038115043193,1530.0530641349033,2083.1038115043193,1530.0530641349033,2083.1056,1530.0533,2083.9269,1540.8574,988580237#2,35.845103064450534,10.0,0,0.027000001864507794,5.401,5.051,,3.78,True,0,,False,2047.2588785555365,1530.1634978179288,-37.90937313805172,145.1356583736923,35.845103064450534,35.845103064450534,short=0.000 small=0.000 angle_diff=178.805 mode=following,,
2026-09-10T11:24:28.443,1789003469,fuzzy,False,-37.90947955,145.1360637,2083.129963112995,1519.0681111337617,2083.129963112995,1519.0681111337617,2083.1338,1519.0679,2083.8234,1530.0464,,,,0,0.07419999747071415,5.455,5.401,,3.66,False,,,False,,,,,,,,,no_match
2026-09-10T11:24:30.474,1789003471,fuzzy,False,-37.90958028,145.1360532,2082.4303357858444,1507.872159389779,2082.4303357858444,1507.872159389779,2082.4293,1507.8719,2083.7182,1519.0623,,,,0,0.06570000550709665,5.561,5.455,,3.5,False,,,False,,,,,,,,,no_match
2026-09-10T11:24:32.514,1789003473,fuzzy,False,-37.90967803,145.1360504,2082.401055826689,1497.0204187706113,2082.401055826689,1497.0204187706113,2082.3993,1497.0208,2083.611,1507.8606,,,,0,0.07500000356230885,5.405,5.561,,3.43,False,,,False,,,,,,,,,no_match
2026-09-10T11:24:34.542,1789003475,fuzzy,False,-37.90977186,145.1360552,2083.0312431784114,1486.617020599544,2083.0312431784114,1486.617020599544,2083.031,1486.6166,2083.5071,1497.0102,,,,0,0.06669999856967479,5.214,5.405,,3.42,False,,,False,,,,,,,,,no_match
2026-09-10T11:24:36.583,1789003477,fuzzy,False,-37.90985548,145.1360508,2082.829947071383,1477.3304009987041,2082.829947071383,1477.3304009987041,2082.8278,1477.3301,2083.4075,1486.613,988580237#2,56.17911513043514,10.0,0,28.2184999960009,4.631,5.214,,3.54,True,0,,False,2047.23,1520.79,-37.90945757171521,145.13565591389386,56.17911513043514,56.17911513043514,short=0.000 small=0.000 angle_diff=179.879 mode=entering_pending,,
2026-09-10T11:24:38.618,1789003479,fuzzy,False,-37.90992523,145.1360484,2082.773709584377,1469.586380268447,2082.773709584377,1469.586380268447,2082.7738,1469.5859,2083.3186,1477.3254,773028722,0.47075484654231303,98.12788376464678,0,30.535099998814985,3.966,4.631,,3.56,True,0,,False,2083.24444285147,1469.5818728529123,-37.909925355394634,145.13605375118095,0.47075484654231303,0.47075484654231303,short=0.963 small=1.000 angle_diff=0.133 mode=confirmed,,
2026-09-10T11:24:40.658,1789003481,fuzzy,False,-37.90998184,145.1360485,2082.9081077084993,1463.3048330713063,2082.9081077084993,1463.3048330713063,2082.9106,1463.3045,2083.2444,1469.5814,773028722,0.2762178977430771,98.61475674723688,0,0.08889999298844486,3.161,3.966,,3.59,True,0,,False,2083.1843129443864,1463.302188321385,-37.90998191357605,145.13605163983615,0.2762178977430771,0.2762178977430771,short=0.972 small=1.000 angle_diff=1.774 mode=following,,
2026-09-10T11:24:42.692,1789003483,fuzzy,False,-37.91002129,145.1360468,2082.8461824333062,1458.9242792464793,2082.8461824333062,1458.9242792464793,2082.8455,1458.9242,2083.1843,1463.3019,773028722,0.29619710946011907,98.57104564033531,0,0.11739999172277749,2.38,3.161,,3.63,True,0,,False,2083.1423659650613,1458.9214431982423,-37.910021368898015,145.13605016694652,0.29619710946011907,0.29619710946011907,short=0.971 small=1.000 angle_diff=0.261 mode=confirmed,,
2026-09-10T11:24:44.724,1789003485,fuzzy,False,-37.91006546,145.1360919,2086.9091965639964,1454.1022414015606,2086.9091965639964,1454.1022414015606,2086.9059,1454.1019,2083.1424,1458.9213,773028722,5.16985564577823,35.42367871693996,0,0.10940000356640667,3.016,2.38,,3.74,True,0,,False,2083.13,1457.63,-37.910033000322684,145.13604973273834,5.16985564577823,5.16985564577823,short=0.014 small=0.608 angle_diff=40.666 mode=entering_pending,,
2026-09-10T11:24:46.751,1789003487,fuzzy,False,-37.9100705,145.1361921,2095.7295564049855,1453.719114271924,2095.7295564049855,1453.719114271924,2095.7324,1453.7187,2086.8136,1453.4261,-988580230#1,3.0800601804212313,64.16555479091541,0,0.0788000033935532,4.025,3.016,,3.83,True,0,,False,2092.86,1452.6,-37.91008006442433,145.13615921885506,3.0800601804212313,3.0800601804212313,short=0.283 small=1.000 angle_diff=5.293 mode=confirmed,,
2026-09-10T11:24:48.788,1789003489,fuzzy,False,-37.91008491,145.1362928,2104.614660418476,1452.2971154348925,2104.614660418476,1452.2971154348925,2104.616,1452.2967,2096.3683,1453.7865,-988580230#1,11.758562012995602,50.00001842731314,0,0.09600000339560211,4.396,4.025,,3.82,True,0,,False,2092.86,1452.6,-37.91008006442433,145.13615921885506,11.758562012995602,11.758562012995602,short=0.000 small=1.000 angle_diff=1.313 mode=entering_pending,,
2026-09-10T11:24:50.828,1789003491,fuzzy,False,-37.91007355,145.1363781,2112.088687300682,1453.707605204545,2112.088687300682,1453.707605204545,2112.0865,1453.708,2104.4632,1451.0808,-298236187#1,4.452700532434531,52.105755860289555,0,0.08090000483207405,3.701,4.396,,3.87,True,0,,False,2108.99,1450.51,-37.910101796794294,145.13634214119773,4.452700532434531,4.452700532434531,short=0.042 small=1.000 angle_diff=18.073 mode=confirmed,,
2026-09-10T11:24:52.864,1789003493,fuzzy,False,-37.91000319,145.1363912,2113.0842994020786,1461.5381200527772,2113.0842994020786,1461.5381200527772,2113.0809,1461.538,2112.304,1453.7052,-298236187#1,11.76361846934567,10.000014623065276,0,0.09099999442696571,3.459,3.701,,3.82,True,0,,False,2108.99,1450.51,-37.910101796794294,145.13634214119773,11.76361846934567,11.76361846934567,short=0.000 small=0.000 angle_diff=90.140 mode=entering_pending,,
2026-09-10T11:24:54.896,1789003495,fuzzy,False,-37.90992375,145.1363791,2111.8442850190913,1470.331904192455,2111.8442850190913,1470.331904192455,2111.8425,1470.3323,2112.4043,1461.5467,-298236187#0,0.6723347772593568,97.45164794285458,0,0.07740000728517771,4.248,3.459,,3.91,True,0,,False,2112.516564817635,1470.323306216956,-37.909923948525424,145.13638674182317,0.6723347772593568,0.6723347772593568,short=0.949 small=1.000 angle_diff=8.759 mode=confirmed,,
2026-09-10T11:24:56.932,1789003497,fuzzy,False,-37.90984795,145.1363782,2111.5970051838085,1478.7414612807333,2111.5970051838085,1478.7414612807333,2111.5971,1478.7418,2112.5166,1470.3237,-298236187#0,1.0271377886739432,95.6727892683326,0,0.025999994250014424,4.112,4.248,,3.82,True,0,,False,2112.624058980521,1478.728326000751,-37.90984825329041,145.13638987453712,1.0271377886739432,1.0271377886739432,short=0.913 small=1.000 angle_diff=2.417 mode=following,,
2026-09-10T11:24:58.969,1789003499,fuzzy,False,-37.90979172,145.1363772,2111.384348012274,1484.9792595766485,2111.384348012274,1484.9792595766485,2111.3837,1484.9787,2112.6241,1478.7287,-298236187#0,1.3195480045421837,93.43049406297212,0,0.059300000430084765,3.224,4.112,,3.81,True,0,,False,2112.703788113645,1484.962384885949,-37.9097921096321,145.1363921980856,1.3195480045421837,1.3195480045421837,short=0.869 small=1.000 angle_diff=2.685 mode=confirmed,,
2026-09-10T11:25:01.001,1789003501,fuzzy,False,-37.90975949,145.1363835,2111.8667216035537,1488.5667310124263,2111.8667216035537,1488.5667310124263,2111.8641,1488.5671,2112.7038,1484.9618,-298236187#0,2.4876486581260604,75.24701879825382,0,0.05059999239165336,2.065,3.224,,3.84,True,0,,False,2112.72,1486.23,-37.90978069354643,145.13639267054842,2.4876486581260604,2.4876486581260604,short=0.505 small=1.000 angle_diff=6.925 mode=confirmed,,
2026-09-10T11:25:03.041,1789003503,fuzzy,False,-37.90976062,145.1364265,2115.6496295976685,1488.5169170955196,2115.6496295976685,1488.5169170955196,2115.6528,1488.5168,2113.5364,1487.4148,-298236187#0,3.7165467010810467,14.997530517441152,0,0.07920000643935055,1.552,2.065,,3.99,True,0,,False,2112.72,1486.23,-37.90978069354643,145.13639267054842,3.7165467010810467,3.7165467010810467,short=0.125 small=0.000 angle_diff=90.022 mode=entering_pending,,
2026-09-10T11:25:05.069,1789003505,fuzzy,False,-37.90981384,145.1364469,2117.5611813133582,1482.6472198404372,2117.5611813133582,1482.6472198404372,2117.5572,1482.6471,2115.0928,1487.4242,298236187#0,1.6863393086850516,89.30736825242712,0,0.05819999205414206,2.518,1.552,,4.19,True,0,,False,2115.8749798174745,1482.6687785810238,-37.90981334213041,145.13642773292705,1.6863393086850516,1.6863393086850516,short=0.786 small=1.000 angle_diff=18.771 mode=confirmed,,
2026-09-10T11:25:07.099,1789003507,fuzzy,False,-37.90988863,145.1364248,2115.7841427915264,1474.3093134006485,2115.7841427915264,1474.3093134006485,2115.7815,1474.3098,2115.875,1482.6686,298236187#0,0.01604066992478328,99.07774113797876,0,0.025900008040480316,3.841,2.518,,4.18,True,0,,False,2115.768103432494,1474.3095184700792,-37.90988862526417,145.1364246176802,0.01604066992478328,0.01604066992478328,short=0.982 small=1.000 angle_diff=11.299 mode=following,,
2026-09-10T11:25:09.140,1789003509,fuzzy,False,-37.90997426,145.1364238,2115.8861844663043,1464.8056319681928,2115.8861844663043,1464.8056319681928,2115.8903,1464.8061,2115.7681,1474.31,298236187#0,0.2395723312767003,98.69157802820975,0,0.02510000194888562,4.586,3.841,,4.15,True,0,,False,2115.6466317136105,1464.808694743113,-37.90997418926891,145.13642107699505,0.2395723312767003,0.2395723312767003,short=0.974 small=1.000 angle_diff=1.348 mode=following,,
2026-09-10T11:25:11.173,1789003511,fuzzy,False,-37.91005393,145.1364243,2116.1068791989237,1455.9659375576302,2116.1068791989237,1455.9659375576302,2116.1101,1455.9656,2115.6466,1464.8092,298236187#0,0.5732587157671144,97.80885378406622,0,0.07829999958630651,4.396,4.586,,4.16,True,0,,False,2115.5336673316106,1455.9732662938334,-37.9100537607514,145.1364177842726,0.5732587157671144,0.5732587157671144,short=0.956 small=1.000 angle_diff=2.163 mode=confirmed,,
2026-09-10T11:25:13.211,1789003513,fuzzy,False,-37.91009843,145.1363758,2111.9416749622906,1450.9427560316399,2111.9416749622906,1450.9427560316399,2111.9416,1450.9422,2115.5337,1455.973,298236187#0,4.29050762938705,39.85697885489325,0,0.06719998782500625,3.251,4.396,,4.08,True,0,,False,2115.5,1453.34,-37.910077475832324,145.1364168029242,4.29050762938705,4.29050762938705,short=0.054 small=0.652 angle_diff=38.933 mode=confirmed,,
2026-09-10T11:25:15.239,1789003515,fuzzy,False,-37.91010291,145.1362808,2103.599602974835,1450.2786547653377,2103.599602974835,1450.2786547653377,2103.6007,1450.2782,2111.5612,1451.1905,298236187#0,12.287851073411842,10.000006320688465,0,0.1053000014508143,3.892,3.251,,4.13,True,0,,False,2115.5,1453.34,-37.910077475832324,145.1364168029242,12.287851073411842,12.287851073411842,short=0.000 small=0.000 angle_diff=84.716 mode=entering_pending,,
2026-09-10T11:25:17.282,1789003517,fuzzy,False,-37.91008633,145.1361754,2094.2964815771556,1451.9331845659763,2094.2964815771556,1451.9331845659763,2094.2935,1451.9333,2103.3112,1448.0028,298236187#1,8.421169805362961,50.00384137265677,0,0.10619999375194311,4.514,3.892,,4.01,True,0,,False,2101.84,1448.19,-37.91012140822882,145.13626031858104,8.421169805362961,8.421169805362961,short=0.000 small=1.000 angle_diff=2.835 mode=confirmed,,
2026-09-10T11:25:19.318,1789003519,fuzzy,False,-37.91006799,145.1360619,2084.27733167354,1453.7687630364671,2084.27733167354,1453.7687630364671,2084.2741,1453.7684,2094.2888,1452.6099,298236187#1,18.427422927861933,50.000000000428024,0,0.11199999426025897,4.96,4.514,,3.94,True,0,,False,2101.84,1448.19,-37.91012140822882,145.13626031858104,18.427422927861933,18.427422927861933,short=0.000 small=1.000 angle_diff=3.132 mode=entering_pending,,
2026-09-10T11:25:21.356,1789003522,fuzzy,False,-37.91004689,145.1358874,2068.8891781351995,1455.803351169452,2068.8891781351995,1455.803351169452,2068.8906,1455.8034,2084.6882,1452.914,988580230#1,17.51488434743163,50.00000000184314,0,0.09689999569673091,5.073,4.96,,3.76,True,0,,False,2085.54,1450.37,-37.91009883436701,145.13607548378732,17.51488434743163,17.51488434743163,short=0.000 small=1.000 angle_diff=0.237 mode=confirmed,,
2026-09-10T11:25:23.376,1789003524,fuzzy,False,-37.91003613,145.1357942,2060.671531811531,1456.833476019092,2060.671531811531,1456.833476019092,2060.6748,1456.8335,2069.1789,1456.2407,988580230#1,25.694692687211926,50.0,0,0.08550001075491309,4.2,5.073,,3.77,True,0,,False,2085.54,1450.37,-37.91009883436701,145.13607548378732,25.694692687211926,25.694692687211926,short=0.000 small=1.000 angle_diff=0.624 mode=entering_pending,,
2026-09-10T11:25:25.407,1789003526,fuzzy,False,-37.91003532,145.1357215,2054.278242020635,1456.7955360049382,2054.278242020635,1456.7955360049382,2054.2767,1456.796,2060.7001,1457.2503,988580230#2,17.53129561224678,50.00000000179538,0,0.07939999341033399,3.306,4.2,,3.7,True,0,,False,2071.21,1452.25,-37.910079317569696,145.13591297972073,17.53129561224678,17.53129561224678,short=0.000 small=1.000 angle_diff=7.634 mode=confirmed,,
2026-09-10T11:25:27.449,1789003528,fuzzy,False,-37.91004535,145.1356636,2049.2101655321894,1455.5807542772964,2049.2101655321894,1455.5807542772964,2049.2111,1455.5808,2054.21,1455.3,988580230#2,22.250542480281148,50.000000000000945,0,0.09339999814983457,2.654,3.306,,3.81,True,0,,False,2071.21,1452.25,-37.910079317569696,145.13591297972073,22.250542480281148,22.250542480281148,short=0.000 small=1.000 angle_diff=20.773 mode=entering_pending,,
2026-09-10T11:25:29.465,1789003530,fuzzy,False,-37.91009828,145.135649,2048.0440590895014,1449.6817104723305,2048.0440590895014,1449.6817104723305,2048.0451,1449.682,2049.5981,1456.239,988580235,7.7480317271361825,10.009021029100362,0,0.079699995694682,2.657,2.654,,3.86,True,0,,False,2053.39,1455.29,-37.91004872222901,145.1357110583908,7.7480317271361825,7.7480317271361825,short=0.000 small=0.000 angle_diff=78.119 mode=confirmed,,
2026-09-10T11:25:31.493,1789003532,fuzzy,False,-37.91015503,145.1356393,2047.3172200298868,1443.3673962187022,2047.3172200298868,1443.3673962187022,2047.3185,1443.3669,2050.2009,1449.6742,988580235,13.380102297487198,10.000001101008204,0,0.10539998766034842,3.081,2.657,,4.02,True,0,,False,2053.39,1455.29,-37.91004872222901,145.1357110583908,13.380102297487198,13.380102297487198,short=0.000 small=0.000 angle_diff=82.735 mode=entering_pending,,
2026-09-10T11:25:33.524,1789003534,fuzzy,False,-37.91018071,145.1355745,2041.6772668178892,1440.4038761872798,2041.6772668178892,1440.4038761872798,2041.6808,1440.4038,2050.18,1443.3669,988580235,18.941615579536784,47.978960515876146,0,0.09349999891128391,3.105,3.081,,4.13,True,0,,False,2053.39,1455.29,-37.91004872222901,145.1357110583908,18.941615579536784,18.941615579536784,short=0.000 small=0.949 angle_diff=27.021 mode=confirmed,,
2026-09-10T11:25:35.557,1789003536,fuzzy,False,-37.91016459,145.1354744,2032.8411151633481,1442.016611861065,2032.8411151633481,1442.016611861065,2032.8448,1442.0163,2041.6014,1439.825,988580235,24.463023131182982,50.00000000000003,0,0.09359999967273325,4.124,3.105,,4.24,True,0,,False,2053.39,1455.29,-37.91004872222901,145.1357110583908,24.463023131182982,24.463023131182982,short=0.000 small=1.000 angle_diff=11.042 mode=confirmed,,
2026-09-10T11:25:37.600,1789003538,fuzzy,False,-37.91015138,145.1353653,2023.220175952476,1443.290603053756,2023.220175952476,1443.290603053756,2023.2166,1443.2904,2032.711,1441.0434,988580235,32.46850489523776,50.0,0,0.09209998825099319,4.718,4.124,,4.4,True,0,,False,2053.39,1455.29,-37.91004872222901,145.1357110583908,32.46850489523776,32.46850489523776,short=0.000 small=1.000 angle_diff=8.242 mode=confirmed,,
2026-09-10T11:25:39.643,1789003540,fuzzy,False,-37.91013685,145.1352477,2012.8490181684028,1444.6961079128087,2012.8490181684028,1444.6961079128087,2012.8512,1444.6958,2023.0955,1442.3121,988580235,41.90228821227948,50.0,0,0.09830000635702163,5.17,4.718,,4.56,True,0,,False,2053.39,1455.29,-37.91004872222901,145.1357110583908,41.90228821227948,41.90228821227948,short=0.000 small=1.000 angle_diff=8.416 mode=confirmed,,
2026-09-10T11:25:41.683,1789003542,fuzzy,False,-37.91012351,145.135127,2002.2079585826723,1445.964099231176,2002.2079585826723,1445.964099231176,2002.2105,1445.9637,2012.7152,1443.5971,,,,0,0.09259999205823988,5.242,5.17,,4.66,False,,,False,,,,,,,,,no_match
2026-09-10T11:25:43.713,1789003544,fuzzy,False,-37.91011997,145.1350106,1991.966689867957,1446.1521839704365,1991.966689867957,1446.1521839704365,1991.9665,1446.1523,2002.1077,1444.7667,988580235,62.0992971728929,50.0,0,28.752699989126995,5.135,5.242,,4.8,True,0,,False,2053.39,1455.29,-37.91004872222901,145.1357110583908,62.0992971728929,62.0992971728929,short=0.000 small=1.000 angle_diff=4.687 mode=entering_pending,,
2026-09-10T11:25:45.745,1789003546,fuzzy,False,-37.91012343,145.1348994,1982.1981239704182,1445.5726483929902,1982.1981239704182,1445.5726483929902,1982.1949,1445.5723,1992.0854,1445.0477,403774582#1,2.9635243937955895,66.13229185188439,0,28.744700000970624,4.922,5.135,,4.6,True,0,,False,1984.86,1444.27,-37.91013564434767,145.1349293690794,2.9635243937955895,2.9635243937955895,short=0.323 small=1.000 angle_diff=2.748 mode=confirmed,,
2026-09-10T11:25:47.779,1789003548,fuzzy,False,-37.91014902,145.1348017,1973.6655585821136,1442.5611954675987,1973.6655585821136,1442.5611954675987,1973.6653,1442.5608,1982.4424,1443.9634,403774582#1,11.324112838913408,50.000036927343125,0,0.09669999417383224,4.568,4.922,,4.51,True,0,,False,1984.86,1444.27,-37.91013564434767,145.1349293690794,11.324112838913408,11.324112838913408,short=0.000 small=1.000 angle_diff=13.297 mode=entering_pending,,
2026-09-10T11:25:49.813,1789003550,fuzzy,False,-37.91017878,145.1346982,1964.6323463944136,1439.0768063087016,1964.6323463944136,1439.0768063087016,1964.6293,1439.0764,1974.0156,1441.4638,403774582#0,15.579755331974612,50.00000004075915,0,0.0740000104997307,4.807,0,,4.49,True,0,,False,1979.64,1443.26,-37.91014380184491,145.13486978813123,15.579755331974612,15.579755331974612,short=0.000 small=1.000 angle_diff=5.148 mode=confirmed,,
2026-09-10T11:25:51.846,1789003552,fuzzy,False,-37.91021608,145.1346126,1957.1895769810653,1434.787222823128,1957.1895769810653,1434.787222823128,1957.1908,1434.7876,1965.1877,1437.8634,403774582#0,23.996029813659536,50.00000000000006,0,0.11170000652782619,4.246,4.807,,4.34,True,0,,False,1979.64,1443.26,-37.91014380184491,145.13486978813123,23.996029813659536,23.996029813659536,short=0.000 small=1.000 angle_diff=14.011 mode=entering_pending,,
2026-09-10T11:25:53.888,1789003554,fuzzy,False,-37.91025321,145.1345572,1952.4014930952108,1430.5696289232,1952.4014930952108,1430.5696289232,1952.4018,1430.5698,1957.7608,1433.8265,1004615767#2,13.87851789292176,50.00000061996325,0,0.07660000119358301,3.297,4.246,,4.21,True,0,,False,1964.42,1437.51,-37.910192855905656,145.13469542915735,13.87851789292176,13.87851789292176,short=0.000 small=1.000 angle_diff=16.658 mode=confirmed,,
2026-09-10T11:25:55.927,1789003556,fuzzy,False,-37.91028904,145.1345033,1947.7424008278176,1426.4989255405962,1947.7424008278176,1426.4989255405962,1947.7404,1426.499,1952.3822,1430.5945,1004615767#2,19.984645978813692,50.00000000003543,0,0.09780000254977494,3.062,3.297,,4.18,True,0,,False,1964.42,1437.51,-37.910192855905656,145.13469542915735,19.984645978813692,19.984645978813692,short=0.000 small=1.000 angle_diff=16.427 mode=entering_pending,,
2026-09-10T11:25:57.959,1789003558,fuzzy,False,-37.91031929,145.1344458,1942.7544251341023,1423.0410696398467,1942.7544251341023,1423.0410696398467,1942.7581,1423.0409,1947.5462,1426.7428,1004615767#1,4.526011129156303,51.88146302741025,0,0.07819999882485718,3.049,3.062,,4.18,True,0,,False,1946.35,1425.79,-37.91029517516035,145.13448730712219,4.526011129156303,4.526011129156303,short=0.038 small=1.000 angle_diff=3.805 mode=confirmed,,
2026-09-10T11:26:00.003,1789003560,fuzzy,False,-37.91031932,145.1343561,1934.8684565036092,1422.8799142986536,1934.8684565036092,1422.8799142986536,1934.8674,1422.8796,1943.0778,1422.7677,1004615767#1,11.844595385604881,37.63431792840698,0,0.06859999848529696,3.731,3.049,,4.06,True,0,,False,1946.35,1425.79,-37.91029517516035,145.13448730712219,11.844595385604881,11.844595385604881,short=0.000 small=0.691 angle_diff=37.366 mode=confirmed,,
2026-09-10T11:26:02.047,1789003562,fuzzy,False,-37.91029326,145.1342821,1928.3048197856406,1425.6414523730054,1928.3048197856406,1425.6414523730054,1928.3091,1425.6416,1934.8779,1423.2759,1004615767#1,18.04579162481356,13.64548413590307,0,0.0678999931551516,3.499,3.731,,4.05,True,0,,False,1946.35,1425.79,-37.91029517516035,145.13448730712219,18.04579162481356,18.04579162481356,short=0.000 small=0.091 angle_diff=61.355 mode=confirmed,,
2026-09-10T11:26:04.091,1789003564,fuzzy,False,-37.91029096,145.1341861,1919.8598042633384,1425.7277454519644,1919.8598042633384,1425.7277454519644,1919.8625,1425.7273,1928.2474,1423.4575,1004615767#1,26.49026888869549,35.878136280609624,0,0.06220000796020031,4.117,3.499,,4.04,True,0,,False,1946.35,1425.79,-37.91029517516035,145.13448730712219,26.49026888869549,26.49026888869549,short=0.000 small=0.647 angle_diff=39.122 mode=confirmed,,
2026-09-10T11:26:06.130,1789003566,fuzzy,False,-37.91029255,145.1340807,1910.5970207994105,1425.36583421845,1910.5970207994105,1425.36583421845,1910.5928,1425.366,1919.8054,1423.6953,1004615767#1,35.75549521860961,38.70107348609599,0,0.06690000009257346,4.62,4.117,,4.03,True,0,,False,1946.35,1425.79,-37.91029517516035,145.13448730712219,35.75549521860961,35.75549521860961,short=0.000 small=0.718 angle_diff=36.299 mode=confirmed,,
2026-09-10T11:26:08.161,1789003568,fuzzy,False,-37.91028798,145.1339731,1901.1271398778772,1425.6835847431794,1901.1271398778772,1425.6835847431794,1901.1297,1425.6836,1910.5531,1423.9556,1004615767#1,45.22298532640189,34.54180680443801,0,0.0658999924780801,4.595,4.62,,3.96,True,0,,False,1946.35,1425.79,-37.91029517516035,145.13448730712219,45.22298532640189,45.22298532640189,short=0.000 small=0.614 angle_diff=40.458 mode=confirmed,,
2026-09-10T11:26:10.208,1789003570,fuzzy,False,-37.91028658,145.1338689,1891.9632129751844,1425.6555494777858,1891.9632129751844,1425.6555494777858,1891.9629,1425.656,1901.0886,1424.2219,1004615767#1,54.386953213298874,36.638861971880715,0,33.653799997409806,4.65,4.595,,3.95,True,0,,False,1946.35,1425.79,-37.91029517516035,145.13448730712219,54.386953213298874,54.386953213298874,short=0.000 small=0.666 angle_diff=38.361 mode=entering_pending,,
2026-09-10T11:26:12.251,1789003572,fuzzy,False,-37.91028424,145.1337679,1883.078527630074,1425.7374432990327,1883.078527630074,1425.7374432990327,1883.0827,1425.738,1891.9298,1424.4796,1004615766#2,1.008413467182574,95.78975082479819,0,35.83380000782199,4.412,4.65,,3.9,True,0,,False,1883.0501656868425,1424.729428755005,-37.91029331532677,145.1337673480721,1.008413467182574,1.008413467182574,short=0.916 small=1.000 angle_diff=1.084 mode=confirmed,,
2026-09-10T11:26:14.287,1789003574,fuzzy,False,-37.91028219,145.1336652,1874.0450291526504,1425.7841553520411,1874.0450291526504,1425.7841553520411,1874.0421,1425.7839,1883.0543,1424.7293,1004615766#2,0.9326561044646574,96.2341678627621,0,0.08779999916441739,4.536,4.412,,3.93,True,0,,False,1874.5,1424.97,-37.91028960616718,145.13367018767102,0.9326561044646574,0.9326561044646574,short=0.925 small=1.000 angle_diff=1.315 mode=confirmed,,
2026-09-10T11:26:16.330,1789003577,fuzzy,False,-37.91028032,145.1334938,1858.9721197680337,1425.689950128086,1858.9721197680337,1425.689950128086,1858.9743,1425.6895,1874.0197,1424.9834,1004615766#2,15.544561514729825,50.000000043120146,0,0.07639999967068434,4.742,4.536,,3.98,True,0,,False,1874.5,1424.97,-37.91028960616718,145.13367018767102,15.544561514729825,15.544561514729825,short=0.000 small=1.000 angle_diff=1.970 mode=entering_pending,,
2026-09-10T11:26:18.367,1789003579,fuzzy,False,-37.9102729,145.1333899,1849.8211888439837,1426.3304048506543,1849.8211888439837,1426.3304048506543,1849.8222,1426.33,1858.9663,1425.411,1004615766#3,0.6158605891600467,97.66151964170577,0,0.06829999620094895,4.621,4.742,,3.99,True,0,,False,1849.799325992147,1425.7149324459194,-37.9102784403812,145.1333895112924,0.6158605891600467,0.6158605891600467,short=0.953 small=1.000 angle_diff=1.969 mode=confirmed,,
2026-09-10T11:26:20.400,1789003581,fuzzy,False,-37.91026512,145.1332774,1839.9133805893362,1426.9956560796127,1839.9133805893362,1426.9956560796127,1839.9161,1426.9959,1849.8003,1425.7149,1004615766#3,6.748059253307636,50.055799609086996,0,0.08859999070409685,4.856,4.621,,3.99,True,0,,False,1846.56,1425.83,-37.910276819498904,145.13335270645177,6.748059253307636,6.748059253307636,short=0.001 small=1.000 angle_diff=1.807 mode=entering_pending,,
2026-09-10T11:26:22.416,1789003583,fuzzy,False,-37.91025857,145.1331788,1831.230332446983,1427.5488815456629,1831.230332446983,1427.5488815456629,1831.226,1427.5491,1839.9306,1425.8909,1004615766#4,12.533360894289208,50.000005334291245,0,0.06630001007579267,4.396,4.856,,3.92,True,0,,False,1843.66,1425.94,-37.91027530546595,145.13331975858554,12.533360894289208,12.533360894289208,short=0.000 small=1.000 angle_diff=0.783 mode=confirmed,,
2026-09-10T11:26:24.436,1789003585,fuzzy,False,-37.91032691,145.1330921,1823.7599115513149,1419.812885322608,1823.7599115513149,1419.812885322608,1823.7628,1419.8126,1831.3101,1425.6096,1004615766#4,20.821984884621518,26.137043592552008,0,0.07599999662488699,4.05,4.396,,7.65,True,0,,False,1843.66,1425.94,-37.91027530546595,145.13331975858554,20.821984884621518,20.821984884621518,short=0.000 small=0.403 angle_diff=48.863 mode=entering_pending,,
2026-09-10T11:26:26.458,1789003587,fuzzy,False,-37.91032602,145.1330021,1815.8455229230458,1419.7531748525798,1815.8455229230458,1419.7531748525798,1815.844,1419.7534,1823.5261,1425.272,10801654#0,5.203052007769501,50.65311080109101,0,0.060300008044578135,3.813,4.05,,7.19,True,0,,False,1816.1,1424.95,-37.91027925166038,145.13300617682958,5.203052007769501,5.203052007769501,short=0.013 small=1.000 angle_diff=2.051 mode=confirmed,,
2026-09-10T11:26:28.481,1789003589,fuzzy,False,-37.91032237,145.1329109,1807.8195009256015,1419.9976069377735,1807.8195009256015,1419.9976069377735,1807.8214,1419.998,1815.4969,1424.9094,10801654#0,9.648464228254305,50.000539142554366,0,0.08840000373311341,3.97,3.813,,5.87,True,0,,False,1816.1,1424.95,-37.91027925166038,145.13300617682958,9.648464228254305,9.648464228254305,short=0.000 small=1.000 angle_diff=4.228 mode=entering_pending,,
2026-09-10T11:26:30.518,1789003591,fuzzy,False,-37.91031796,145.1328044,1798.4466787821148,1420.2994213765487,1798.4466787821148,1420.2994213765487,1798.4446,1420.2996,1807.4131,1424.2617,10801654#1,3.0893317957917508,64.01543500949452,0,0.07530000584665686,4.589,3.97,,5.87,True,0,,False,1798.152139398166,1423.3746803080523,-37.910290204183426,145.13280175147617,3.0893317957917508,3.0893317957917508,short=0.280 small=1.000 angle_diff=7.315 mode=confirmed,,
2026-09-10T11:26:32.550,1789003593,fuzzy,False,-37.91031274,145.1326927,1788.6148932913784,1420.6819490129128,1788.6148932913784,1420.6819490129128,1788.618,1420.6824,1798.1501,1423.3745,10801654#1,1.7711763366137732,88.12212921159309,0,0.03300000389572233,4.88,4.589,,3.29,True,0,,False,1788.44602791157,1422.4450570920965,-37.91029682702874,145.1326911815718,1.7711763366137732,1.7711763366137732,short=0.762 small=1.000 angle_diff=7.699 mode=following,,
2026-09-10T11:26:34.588,1789003595,fuzzy,False,-37.91030667,145.1325801,1778.7020926092518,1421.157200012356,1778.7020926092518,1421.157200012356,1778.6987,1421.1573,1788.4492,1422.4454,10801654#1,1.3750443993421584,92.90701436776436,0,0.036600002204068005,4.866,4.88,,3.16,True,0,,False,1778.7200324444088,1422.532127378611,-37.91029428756359,145.13258061714788,1.3750443993421584,1.3750443993421584,short=0.858 small=1.000 angle_diff=1.997 mode=following,,
2026-09-10T11:26:36.620,1789003597,fuzzy,False,-37.91030119,145.1324783,1769.7400914524915,1421.585991899483,1769.7400914524915,1421.585991899483,1769.7365,1421.5864,1778.7167,1422.5322,10801654#1,1.063213830950491,95.43912020647451,0,0.03739999374374747,4.453,4.866,,3.05,True,0,,False,1769.7539629179314,1422.6491152379394,-37.91029161563518,145.132478699883,1.063213830950491,1.063213830950491,short=0.909 small=1.000 angle_diff=1.992 mode=following,,
2026-09-10T11:26:38.644,1789003599,fuzzy,False,-37.91028273,145.13239,1761.9360941640916,1423.4788780817762,1761.9360941640916,1423.4788780817762,1761.9333,1423.4792,1769.7504,1422.6492,10801654#1,0.7276945858980448,97.22870897370986,0,0.04780000017490238,4.006,4.453,,2.95,True,0,,False,1761.9266001281742,1422.751245431583,-37.9102892829744,145.1323897263006,0.7276945858980448,0.7276945858980448,short=0.945 small=1.000 angle_diff=12.886 mode=following,,
2026-09-10T11:26:40.682,1789003601,fuzzy,False,-37.91028223,145.132283,1752.527998843114,1423.3458864931017,1752.527998843114,1423.3458864931017,1752.5316,1423.3465,1761.9238,1422.7513,10801654#1,2.8973447758053585,67.31037585165811,0,0.09729999874252826,4.609,4.006,,2.85,True,0,,False,1755.42,1423.17,-37.910284336400366,145.13231584188003,2.8973447758053585,2.8973447758053585,short=0.346 small=1.000 angle_diff=8.418 mode=entering_pending,,
2026-09-10T11:26:42.726,1789003603,fuzzy,False,-37.91026508,145.1321714,1742.678470576473,1425.0523474486545,1742.678470576473,1425.0523474486545,1742.6807,1425.0529,1752.5581,1423.5475,10801654#2,9.391400729042742,50.000813443220714,0,0.07109998841769993,4.881,4.609,,2.77,True,0,,False,1751.96,1423.62,-37.91027965820215,145.1322766043199,9.391400729042742,9.391400729042742,short=0.000 small=1.000 angle_diff=4.119 mode=confirmed,,
2026-09-10T11:26:44.754,1789003605,fuzzy,False,-37.91027142,145.1320653,1733.3647059595678,1424.161918958649,1733.3647059595678,1424.161918958649,1733.364,1424.1616,1742.6575,1424.8818,10801654#2,18.603188882766258,50.0000000003231,0,0.06599999323952943,4.641,4.881,,2.69,True,0,,False,1751.96,1423.62,-37.91027965820215,145.1322766043199,18.603188882766258,18.603188882766258,short=0.000 small=1.000 angle_diff=11.172 mode=entering_pending,,
2026-09-10T11:26:46.792,1789003607,fuzzy,False,-37.91026233,145.1319665,1724.6584163095104,1424.9965303782374,1724.6584163095104,1424.9965303782374,1724.6619,1424.9964,1733.5961,1426.0365,10801654#3,16.831639823201225,50.000000005499544,0,0.05400000372901559,4.401,4.641,,4.5,True,0,,False,1741.49,1425.04,-37.910264976708014,145.13215788432396,16.831639823201225,16.831639823201225,short=0.000 small=1.000 angle_diff=2.239 mode=confirmed,,
2026-09-10T11:26:48.810,1789003609,fuzzy,False,-37.91025178,145.131856,1714.9202630483196,1425.9725273801014,1714.9202630483196,1425.9725273801014,1714.922,1425.9724,1724.9235,1427.11,10801654#3,26.586096535522653,50.0,0,0.06310000026132911,4.887,4.401,,4.58,True,0,,False,1741.49,1425.04,-37.910264976708014,145.13215788432396,26.586096535522653,26.586096535522653,short=0.000 small=1.000 angle_diff=1.992 mode=entering_pending,,
2026-09-10T11:26:50.844,1789003611,fuzzy,False,-37.91024074,145.1317525,1705.7964276804123,1427.0152196846902,1705.7964276804123,1427.0152196846902,1705.7949,1427.0147,1715.2096,1428.3078,10801654#4,36.22966249826247,50.0,0,0.05290000990498811,4.429,4.887,,3.84,True,0,,False,1741.97,1425.0,-37.91026542367839,145.1321633327918,36.22966249826247,36.22966249826247,short=0.000 small=1.000 angle_diff=0.809 mode=confirmed,,
2026-09-10T11:26:52.888,1789003613,fuzzy,False,-37.91022663,145.1316902,1700.287892983877,1428.471161604859,1700.287892983877,1428.471161604859,1700.2883,1428.4712,1706.0919,1429.4379,10801654#4,41.826391288163634,50.0,0,0.0636000040685758,3.377,4.429,,2.23,True,0,,False,1741.97,1425.0,-37.91026542367839,145.1321633327918,41.826391288163634,41.826391288163634,short=0.000 small=1.000 angle_diff=9.095 mode=entering_pending,,
2026-09-10T11:26:54.919,1789003615,fuzzy,False,-37.91022048,145.1316119,1693.3904067741823,1429.0156248481944,1693.3904067741823,1429.0156248481944,1693.3863,1429.0157,1700.3879,1430.1183,10801654#5,18.96292815788534,50.0000000001817,0,0.05440000677481294,3.605,3.377,,2.17,True,0,,False,1712.35,1428.66,-37.91022710659893,145.13182738860397,18.96292815788534,18.96292815788534,short=0.000 small=1.000 angle_diff=2.507 mode=confirmed,,
2026-09-10T11:26:56.948,1789003617,fuzzy,False,-37.91021137,145.1314882,1682.494957019342,1429.8085339386016,1682.494957019342,1429.8085339386016,1682.4988,1429.8085,1693.5767,1429.878,10801654#5,29.877127063776467,50.0,0,0.062399994931183755,5.103,3.605,,2.13,True,0,,False,1712.35,1428.66,-37.91022710659893,145.13182738860397,29.877127063776467,29.877127063776467,short=0.000 small=1.000 angle_diff=2.858 mode=entering_pending,,
2026-09-10T11:26:58.986,1789003619,fuzzy,False,-37.91017909,145.1313521,1670.457808304578,1433.1506338482723,1670.457808304578,1433.1506338482723,1670.4538,1433.1502,1682.7158,1431.437,10801654#6,30.385716736403754,50.0,0,0.0610999995842576,5.908,5.103,,2.11,True,0,,False,1700.69,1430.1,-37.91021202964139,145.13169514311872,30.385716736403754,30.385716736403754,short=0.000 small=1.000 angle_diff=8.529 mode=confirmed,,
2026-09-10T11:27:01.026,1789003621,fuzzy,False,-37.91017974,145.1312163,1658.5202788965544,1432.8391683856025,1658.5202788965544,1432.8391683856025,1658.5206,1432.8397,1670.4439,1433.0766,10801654#6,42.25858991243173,50.0,0,0.06269999721553177,5.845,5.908,,2.12,True,0,,False,1700.69,1430.1,-37.91021202964139,145.13169514311872,42.25858991243173,42.25858991243173,short=0.000 small=1.000 angle_diff=8.483 mode=entering_pending,,
2026-09-10T11:27:03.157,1789003623,fuzzy,False,-37.91015298,145.1310802,1646.4953947245958,1435.568706852384,1646.4953947245958,1435.568706852384,1646.4927,1435.5682,1658.7588,1434.6314,-11527061#5,30.831399037616322,50.0,0,0.1604999997653067,5.916,5.845,,2.2,True,0,,False,1677.14,1432.18,-37.91018904033911,145.13142785491098,30.831399037616322,30.831399037616322,short=0.000 small=1.000 angle_diff=5.199 mode=confirmed,,
2026-09-10T11:27:05.201,1789003625,fuzzy,False,-37.91013269,145.1309458,1634.6343538322253,1437.583281177096,1634.6343538322253,1437.583281177096,1634.632,1437.5835,1646.5833,1436.2499,-11527061#5,42.847700097191066,50.0,0,0.12110000534448773,5.763,5.916,,2.65,True,0,,False,1677.14,1432.18,-37.91018904033911,145.13142785491098,42.847700097191066,42.847700097191066,short=0.000 small=1.000 angle_diff=2.050 mode=entering_pending,,
2026-09-10T11:27:07.245,1789003627,fuzzy,False,-37.91011878,145.1308182,1623.3853305287776,1438.9018694674596,1623.3853305287776,1438.9018694674596,1623.3841,1438.9019,1634.6653,1437.8341,-11527061#3,0.4279204906091964,98.24754488392291,0,0.07809999806340784,5.749,5.763,,3.11,True,0,,False,1623.4417173964298,1439.326058655723,-37.91011496899147,145.13081893782433,0.4279204906091964,0.4279204906091964,short=0.965 small=1.000 angle_diff=0.886 mode=confirmed,,
2026-09-10T11:27:09.277,1789003629,fuzzy,False,-37.91010448,145.1306902,1612.1002685953863,1440.2630135873333,1612.1002685953863,1440.2630135873333,1612.1041,1440.263,1623.4405,1439.3262,-11527061#3,0.5656719553320465,97.83414574407438,0,0.032500000088475645,5.623,5.749,,7.51,True,0,,False,1612.1748069042073,1440.8237531004472,-37.910099442194756,145.1306911753451,0.5656719553320465,0.5656719553320465,short=0.957 small=1.000 angle_diff=0.694 mode=following,,
2026-09-10T11:27:11.309,1789003631,fuzzy,False,-37.910092,145.1305729,1601.7599532720633,1441.4410512587056,1601.7599532720633,1441.4410512587056,1601.7574,1441.4406,1612.1786,1440.8233,-11527061#3,4.503217097897768,51.948623874040216,0,0.07239999831654131,5.439,5.623,,10.89,True,0,,False,1606.26,1441.61,-37.91009129101397,145.1306241037085,4.503217097897768,4.503217097897768,short=0.039 small=1.000 angle_diff=1.072 mode=confirmed,,
2026-09-10T11:27:13.336,1789003633,fuzzy,False,-37.91007383,145.1304533,1591.2047645297134,1443.246411385946,1591.2047645297134,1443.246411385946,1591.2063,1443.2461,1601.8475,1442.1616,-11527061#3,15.143908256781952,50.000000081862055,0,0.07999999797903001,5.582,5.439,,11.88,True,0,,False,1606.26,1441.61,-37.91009129101397,145.1306241037085,15.143908256781952,15.143908256781952,short=0.000 small=1.000 angle_diff=2.134 mode=entering_pending,,
2026-09-10T11:27:15.365,1789003635,fuzzy,False,-37.91004947,145.1303313,1580.4247953748563,1445.734399373643,1580.4247953748563,1445.734399373643,1580.4267,1445.734,1591.2284,1443.4366,-11527061#2,4.065859755904197,53.77410939976945,0,0.06779999239370227,5.847,5.582,,10.65,True,0,,False,1584.21,1444.25,-37.910063525701894,145.13037399895188,4.065859755904197,4.065859755904197,short=0.075 small=1.000 angle_diff=6.385 mode=confirmed,,
2026-09-10T11:27:17.398,1789003638,fuzzy,False,-37.91003236,145.1301295,1562.645254170522,1447.2771513462067,1562.645254170522,1447.2771513462067,1562.6457,1447.2776,1580.5343,1446.6828,-11527061#2,21.77617753332359,50.00000000000201,0,0.07919999188743532,5.711,5.847,,9.11,True,0,,False,1584.21,1444.25,-37.910063525701894,145.13037399895188,21.77617753332359,21.77617753332359,short=0.000 small=1.000 angle_diff=1.652 mode=entering_pending,,
2026-09-10T11:27:19.433,1789003640,fuzzy,False,-37.91002054,145.1300169,1552.7195943796542,1448.390179309994,1552.7195943796542,1448.390179309994,1552.7229,1448.3902,1562.5789,1446.6683,-11527061#0,0.6364598573726569,97.58694350463,0,0.08719999459572136,5.076,5.711,,8.47,True,0,,False,1552.650191036497,1447.7575148444157,-37.91002622664268,145.13001596658953,0.6364598573726569,0.6364598573726569,short=0.952 small=1.000 angle_diff=0.138 mode=confirmed,,
2026-09-10T11:27:21.461,1789003642,fuzzy,False,-37.91000917,145.1299135,1543.6037610623753,1449.4694873858243,1543.6037610623753,1449.4694873858243,1543.5995,1449.4696,1552.6535,1447.7572,-11527061#0,0.7152873883244396,97.28021780660221,0,0.0295999925583601,4.468,5.076,,8.0,True,0,,False,1543.5257618995172,1448.758465460361,-37.910015560949894,145.129912450975,0.7152873883244396,0.7152873883244396,short=0.946 small=1.000 angle_diff=0.492 mode=following,,
2026-09-10T11:27:23.493,1789003644,fuzzy,False,-37.91000182,145.1298336,1536.5629026818788,1450.1441556327045,1536.5629026818788,1450.1441556327045,1536.5591,1450.1441,1543.5216,1448.7589,-11527061#0,1.5054551749125165,91.53974749787375,0,0.07270000060088933,3.87,4.468,,7.63,True,0,,False,1537.86,1449.38,-37.910008938103736,145.12984817356528,1.5054551749125165,1.5054551749125165,short=0.831 small=1.000 angle_diff=0.787 mode=confirmed,,
2026-09-10T11:27:25.526,1789003646,fuzzy,False,-37.90997603,145.1297557,1529.6568219964392,1452.868540192023,1529.6568219964392,1452.868540192023,1529.6553,1452.8683,1536.489,1449.5387,-11527061#0,8.914148418635392,50.0017456132066,0,0.11579999409150332,3.793,3.87,,7.0,True,0,,False,1537.86,1449.38,-37.910008938103736,145.12984817356528,8.914148418635392,8.914148418635392,short=0.000 small=1.000 angle_diff=15.268 mode=entering_pending,,
2026-09-10T11:27:27.567,1789003648,fuzzy,False,-37.90996403,145.1297288,1527.2651620000834,1454.1526716956869,1527.2651620000834,1454.1526716956869,1527.2682,1454.1526,1529.3472,1450.3966,-996576401,4.278423081172534,52.7457795968464,0,0.09609998960513622,3.607,3.793,,6.77,True,0,,False,1529.32,1450.4,-37.90999820628955,145.12975130725357,4.278423081172534,4.278423081172534,short=0.055 small=1.000 angle_diff=21.127 mode=confirmed,,
2026-09-10T11:27:29.588,1789003650,fuzzy,False,-37.90981782,145.1297467,1528.5133522440447,1470.4084375463426,1528.5133522440447,1470.4084375463426,1528.514,1470.4085,1527.2686,1454.1526,-996576401,20.02469109994151,10.000000000026585,0,0.10089999705087394,4.824,3.607,,6.49,True,0,,False,1529.32,1450.4,-37.90999820628955,145.12975130725357,20.02469109994151,20.02469109994151,short=0.000 small=0.000 angle_diff=87.286 mode=entering_pending,,
2026-09-10T11:27:31.612,1789003652,fuzzy,False,-37.90971636,145.1297621,1529.6413846667856,1481.6941095339134,1529.6413846667856,1481.6941095339134,1529.639,1481.6938,1527.2689,1470.7419,45606689#0,21.879220895131446,50.000000000001705,0,0.0931999966269359,5.454,4.824,,6.24,True,0,,False,1527.83,1459.89,-37.909912448944254,145.12973653093673,21.879220895131446,21.879220895131446,short=0.000 small=1.000 angle_diff=0.726 mode=confirmed,,
2026-09-10T11:27:33.646,1789003654,fuzzy,False,-37.90961314,145.1297765,1530.677586545702,1493.1733156163245,1530.677586545702,1493.1733156163245,1530.6814,1493.1731,1529.3209,1481.7444,45606689#0,33.40490753693431,50.0,0,0.09099999442696571,5.73,5.454,,6.09,True,0,,False,1527.83,1459.89,-37.909912448944254,145.12973653093673,33.40490753693431,33.40490753693431,short=0.000 small=1.000 angle_diff=1.276 mode=entering_pending,,
2026-09-10T11:27:35.684,1789003656,fuzzy,False,-37.90951571,145.1298051,1532.975099283678,1504.0350802885368,1532.975099283678,1504.0350802885368,1532.9757,1504.0355,1531.1289,1493.1019,-1164319799#0,0.10443585127709977,98.94059795744398,0,0.061700004152953625,5.327,5.73,,5.85,True,0,,False,1532.8719621118605,1504.0514989005812,-37.90951554345784,145.12980393109314,0.10443585127709977,0.10443585127709977,short=0.979 small=1.000 angle_diff=2.898 mode=confirmed,,
2026-09-10T11:27:37.713,1789003658,fuzzy,False,-37.90942338,145.1298223,1534.281721253763,1514.3108152458444,1534.281721253763,1514.3108152458444,1534.286,1514.3104,1532.872,1504.052,-1164319799#0,0.22066334301369286,98.72957996005792,0,0.04680000711232424,5.171,5.327,,5.49,True,0,,False,1534.4996406065898,1514.2761242295214,-37.90942373188782,145.1298247697897,0.22066334301369286,0.22066334301369286,short=0.975 small=1.000 angle_diff=1.799 mode=following,,
2026-09-10T11:27:39.726,1789003660,fuzzy,False,-37.90933138,145.1298363,1535.30774798739,1524.54428717494,1535.30774798739,1524.54428717494,1535.3097,1524.5441,1534.4997,1514.2764,-1164319799#0,0.8162242466151356,96.83370560510237,0,0.10790000669658184,5.202,5.171,,5.27,True,0,,False,1536.1138223319308,1524.4159665926643,-37.90933268161637,145.12984543563527,0.8162242466151356,0.8162242466151356,short=0.937 small=1.000 angle_diff=3.320 mode=confirmed,,
2026-09-10T11:27:41.762,1789003662,fuzzy,False,-37.90923441,145.1298406,1535.4699191846885,1535.312146089971,1535.4699191846885,1535.312146089971,1535.4685,1535.3124,1536.1138,1524.4161,-1164319799#0,7.14415021481295,50.02962282883683,0,0.10240000847261399,5.367,5.202,,5.08,True,0,,False,1536.73,1528.28,-37.90929798488612,145.12985332283276,7.14415021481295,7.14415021481295,short=0.001 small=1.000 angle_diff=8.255 mode=entering_pending,,
2026-09-10T11:27:43.793,1789003664,fuzzy,False,-37.90914347,145.1298619,1537.1401066639228,1545.4408699963242,1537.1401066639228,1545.4408699963242,1537.1402,1545.4408,1537.7453,1534.9667,-45897352#1,2.1135934132439393,82.49102782239203,0,0.22739999985788018,5.188,5.367,,5.0,True,0,,False,1539.2320434042415,1545.1390790239395,-37.90914656665269,145.12988561600875,2.1135934132439393,2.1135934132439393,short=0.650 small=1.000 angle_diff=1.155 mode=confirmed,,
2026-09-10T11:27:45.820,1789003666,fuzzy,False,-37.90904034,145.1298882,1539.2227491763188,1556.9310750598088,1539.2227491763188,1556.9310750598088,1539.2231,1556.9306,1539.232,1545.139,-45897352#1,1.6929277241615128,89.21848959376041,0,0.03940000897273421,5.71,5.188,,4.85,True,0,,False,1540.898330526396,1556.6893491437218,-37.90904282032551,145.12990719581754,1.6929277241615128,1.6929277241615128,short=0.784 small=1.000 angle_diff=2.064 mode=following,,
2026-09-10T11:27:47.835,1789003668,fuzzy,False,-37.90893797,145.129912,1541.0872970643686,1568.3325365558267,1541.0872970643686,1568.3325365558267,1541.0889,1568.3325,1540.8983,1556.6889,-45897352#1,1.4242987962864213,92.41366455260898,0,0.042800005758181214,5.786,5.71,,4.81,True,0,,False,1542.4979831094943,1568.1360882338927,-37.908939994580415,145.12992799432826,1.4242987962864213,1.4242987962864213,short=0.848 small=1.000 angle_diff=1.360 mode=following,,
2026-09-10T11:27:49.855,1789003670,fuzzy,False,-37.90884629,145.1299231,1541.8590956110274,1578.5253828028217,1541.8590956110274,1578.5253828028217,1541.8616,1578.5254,1542.498,1568.1363,-45897352#1,2.0657387131881255,83.35189347527046,0,0.03310000465717167,5.136,5.786,,4.68,True,0,,False,1543.9050910041067,1578.2404630199658,-37.90884922635648,145.1299462974243,2.0657387131881255,2.0657387131881255,short=0.667 small=1.000 angle_diff=3.598 mode=following,,
2026-09-10T11:27:51.880,1789003672,fuzzy,False,-37.90876276,145.1299364,1542.8424578111153,1587.8177443156019,1542.8424578111153,1587.8177443156019,1542.8437,1587.8174,1543.9051,1578.2408,-45897352#1,2.3734364337532963,77.52265667478021,0,0.13010000111535192,4.52,5.136,,4.71,True,0,,False,1545.1932101004652,1587.4903849119125,-37.9087661337311,145.12996305271824,2.3734364337532963,2.3734364337532963,short=0.550 small=1.000 angle_diff=1.887 mode=confirmed,,
2026-09-10T11:27:53.910,1789003674,fuzzy,False,-37.90870972,145.1299619,1544.9662891894695,1593.748300141655,1544.9662891894695,1593.748300141655,1544.9629,1593.7487,1545.1932,1587.4902,-45897352#1,5.785759981823587,50.259139376131415,0,0.10380000458098948,3.243,4.52,,4.58,True,0,,False,1545.26,1587.97,-37.90876182531873,145.12996392149114,5.785759981823587,5.785759981823587,short=0.005 small=1.000 angle_diff=11.775 mode=confirmed,,
2026-09-10T11:27:55.946,1789003676,fuzzy,False,-37.90867731,145.1300151,1549.571365167969,1597.438500130549,1549.571365167969,1597.438500130549,1549.5675,1597.438,1544.0664,1592.6264,-45897352#1,10.403862952470247,31.634502650266583,0,0.11550000635907054,3.008,3.243,,4.6,True,0,,False,1545.26,1587.97,-37.90876182531873,145.12996392149114,10.403862952470247,10.403862952470247,short=0.000 small=0.541 angle_diff=43.366 mode=entering_pending,,
2026-09-10T11:27:57.990,1789003678,fuzzy,False,-37.90869326,145.1301198,1558.8118474526564,1595.8532532509416,1558.8118474526564,1595.8532532509416,1558.8107,1595.8537,1549.828,1597.8559,-45897352#1,15.67795430528328,10.00000002786631,0,0.11219999578315765,4.163,3.008,,4.71,True,0,,False,1545.26,1587.97,-37.90876182531873,145.12996392149114,15.67795430528328,15.67795430528328,short=0.000 small=0.000 angle_diff=91.807 mode=entering_pending,,
2026-09-10T11:28:00.032,1789003680,fuzzy,False,-37.90871239,145.1302356,1569.0352890252252,1593.9347012527287,1569.0352890252252,1593.9347012527287,1569.0381,1593.9348,1558.9629,1596.4314,-1272942442#0,9.634272922714473,50.00055152427636,0,0.0982999918051064,5.055,4.163,,4.7,True,0,,False,1578.54,1592.36,-37.908728292547345,145.13034330671402,9.634272922714473,9.634272922714473,short=0.000 small=1.000 angle_diff=2.136 mode=confirmed,,
2026-09-10T11:28:02.047,1789003682,fuzzy,False,-37.90871767,145.1303605,1580.0279519518372,1593.569047360681,1580.0279519518372,1593.569047360681,1580.029,1593.5696,1568.9791,1593.3853,-1272942442#0,1.415536237611463,92.50344799534481,0,0.06949999078642577,5.437,5.055,,4.62,True,0,,False,1579.8189000376174,1592.1690330260571,-37.9087302438813,145.13035780389234,1.415536237611463,1.415536237611463,short=0.850 small=1.000 angle_diff=6.588 mode=confirmed,,
2026-09-10T11:28:04.088,1789003684,fuzzy,False,-37.9087381,145.1304818,1590.737824139651,1591.5159121314064,1590.737824139651,1591.5159121314064,1590.7412,1591.5165,1579.8198,1592.1689,-1272942442#0,10.001045814375043,50.00030669510981,0,0.07449999975506216,5.376,5.437,,4.47,True,0,,False,1580.75,1592.03,-37.90873166454397,145.13036835852716,10.001045814375043,10.001045814375043,short=0.000 small=1.000 angle_diff=2.359 mode=entering_pending,,
2026-09-10T11:28:06.123,1789003686,fuzzy,False,-37.90875732,145.1305977,1600.9702428269084,1589.5875101927668,1600.9702428269084,1589.5875101927668,1600.9666,1589.5871,1590.5955,1590.5506,-250248456,0.5945614072893687,97.73632220916934,0,0.06579999171663076,5.182,5.376,,4.47,True,0,,False,1600.8815911334664,1588.9995951102185,-37.90876260006011,145.1305965580088,0.5945614072893687,0.5945614072893687,short=0.955 small=1.000 angle_diff=2.098 mode=confirmed,,
2026-09-10T11:28:08.160,1789003688,fuzzy,False,-37.90878225,145.1307029,1610.2746436763555,1587.0066220900044,1610.2746436763555,1587.0066220900044,1610.277,1587.0063,1600.8781,1589.0001,-250248456,0.5701494900677287,97.81925290347529,0,0.05539999983739108,4.838,5.182,,4.52,True,0,,False,1610.3596554466956,1587.570398144771,-37.90877718673113,145.13070399509562,0.5701494900677287,0.5701494900677287,short=0.956 small=1.000 angle_diff=6.928 mode=following,,
2026-09-10T11:28:10.201,1789003690,fuzzy,False,-37.90878946,145.130811,1619.7945721894503,1586.3971350323409,1619.7945721894503,1586.3971350323409,1619.7921,1586.3973,1610.362,1587.57,-250248456,0.24663939726869102,98.67709300312617,0,0.060399994254112244,4.826,4.838,,4.55,True,0,,False,1619.757797181908,1586.1532527018917,-37.90879165030605,145.13081052627868,0.24663939726869102,0.24663939726869102,short=0.974 small=1.000 angle_diff=4.912 mode=following,,
2026-09-10T11:28:12.236,1789003692,fuzzy,False,-37.90880253,145.1309304,1630.321004306723,1585.1573013653979,1630.321004306723,1585.1573013653979,1630.3219,1585.1571,1619.7553,1586.1536,-250248456,0.5200019999675518,97.98060092066032,0,0.0399000127799809,5.346,4.826,,4.59,True,0,,False,1630.249281864473,1584.6422693554723,-37.90880715657394,145.13092946712723,0.5200019999675518,0.5200019999675518,short=0.960 small=1.000 angle_diff=1.210 mode=following,,
2026-09-10T11:28:14.269,1789003694,fuzzy,False,-37.90881505,145.1310565,1641.4352561983978,1583.990294626914,1641.4352561983978,1583.990294626914,1641.4374,1583.9901,1630.2502,1584.6421,-250248456,0.9068259720179581,96.37557896691374,0,0.05779998900834471,5.506,5.346,,4.71,True,0,,False,1641.3072302242967,1583.0925515158394,-37.90882311395736,145.13105483974078,0.9068259720179581,0.9068259720179581,short=0.928 small=1.000 angle_diff=2.122 mode=following,,
2026-09-10T11:28:16.309,1789003696,fuzzy,False,-37.90883121,145.1311628,1650.81683539995,1582.3844626629725,1650.81683539995,1582.3844626629725,1650.8185,1582.385,1641.3093,1583.0923,-250248456,0.6415724672562771,97.56808734152165,0,0.08240000170189887,4.911,5.506,,4.68,True,0,,False,1650.7262579985395,1581.749316250643,-37.90883691518966,145.13116162538714,0.6415724672562771,0.6415724672562771,short=0.951 small=1.000 angle_diff=1.597 mode=following,,
2026-09-10T11:28:18.342,1789003699,fuzzy,False,-37.90884864,145.1313298,1665.537825053325,1580.7446720600128,1665.537825053325,1580.7446720600128,1665.542,1580.7444,1650.7278,1581.7491,-250248456,1.096520092736364,95.2133770415042,0,0.05360000068321824,4.941,4.911,,4.57,True,0,,False,1665.3830180039838,1579.6591348237796,-37.90885839081939,145.1313277924747,1.096520092736364,1.096520092736364,short=0.904 small=1.000 angle_diff=1.760 mode=following,,
2026-09-10T11:28:20.378,1789003701,fuzzy,False,-37.90885718,145.1314319,1674.5331923862686,1579.9769641989842,1674.5331923862686,1579.9769641989842,1674.5305,1579.9773,1665.3871,1579.6586,-250248456,1.6064704425391405,90.34231769082774,0,0.04610000178217888,4.492,4.941,,4.55,True,0,,False,1674.3063903871894,1578.386584327392,-37.908871465562626,145.13142895886904,1.6064704425391405,1.6064704425391405,short=0.807 small=1.000 angle_diff=3.238 mode=following,,
2026-09-10T11:28:22.421,1789003703,fuzzy,False,-37.90886527,145.1315313,1683.2901795866783,1579.2544228751212,1683.2901795866783,1579.2544228751212,1683.2879,1579.2543,1674.3037,1578.387,-250248456,1.5918470055675922,90.52332940234191,0,0.044599990360438824,4.373,4.492,,4.31,True,0,,False,1683.253349390812,1577.6630019924485,-37.90887959924406,145.13153051858106,1.5918470055675922,1.5918470055675922,short=0.810 small=1.000 angle_diff=3.391 mode=following,,
2026-09-10T11:28:24.467,1789003705,fuzzy,False,-37.90888369,145.1316283,1691.8591370338108,1577.381375300698,1691.8591370338108,1577.381375300698,1691.8585,1577.3814,1683.2511,1577.6631,-250248456,0.08244118526204135,98.9764815915022,0,0.04849999095313251,4.344,4.373,,4.08,True,0,,False,1691.8610444564401,1577.4637944172082,-37.90888294789354,145.13162834046844,0.08244118526204135,0.08244118526204135,short=0.980 small=1.000 angle_diff=11.004 mode=following,,
2026-09-10T11:28:26.488,1789003707,fuzzy,False,-37.90889524,145.1317197,1699.9204744939925,1576.26078091003,1699.9204744939925,1576.26078091003,1699.9223,1576.2614,1691.8604,1577.4638,-250248456,1.0162223033679765,95.74132592486849,0,0.06269999721553177,4.101,4.344,,3.88,True,0,,False,1699.9439865943048,1577.276731179975,-37.90888609232464,145.13172019882836,1.0162223033679765,1.0162223033679765,short=0.915 small=1.000 angle_diff=6.588 mode=following,,
2026-09-10T11:28:28.532,1789003709,fuzzy,False,-37.90890529,145.1317994,1706.9498402606696,1575.2860116232187,1706.9498402606696,1575.2860116232187,1706.9469,1575.2857,1699.9458,1577.2767,-250248456,2.411402888764477,76.76898097112482,0,0.22839999292045832,3.61,4.101,,3.69,True,0,,False,1705.42,1577.15,-37.90888822256609,145.131782430829,2.411402888764477,2.411402888764477,short=0.535 small=1.000 angle_diff=6.569 mode=confirmed,,
2026-09-10T11:28:30.567,1789003711,fuzzy,False,-37.90891637,145.1318871,1714.6848334242823,1574.2110372399911,1714.6848334242823,1574.2110372399911,1714.6809,1574.2115,1706.8797,1575.3214,-250248456,9.719806607356748,50.00048098369524,0,0.1412999990861863,3.834,3.61,,3.53,True,0,,False,1705.42,1577.15,-37.90888822256609,145.131782430829,9.719806607356748,9.719806607356748,short=0.000 small=1.000 angle_diff=6.586 mode=entering_pending,,
2026-09-10T11:28:32.601,1789003713,fuzzy,False,-37.90892317,145.1319409,1719.4299086504616,1573.5512613821775,1719.4299086504616,1573.5512613821775,1719.4338,1573.5514,1714.6636,1574.3748,-1272942443#3,3.127699160650861,63.40465848086484,0,0.1238000113517046,2.52,3.834,,3.38,True,0,,False,1719.3550415365532,1576.6780643748189,-37.90889498950116,145.13194076119183,3.127699160650861,3.127699160650861,short=0.268 small=1.000 angle_diff=9.288 mode=confirmed,,
2026-09-10T11:28:34.643,1789003715,fuzzy,False,-37.9089313,145.1320054,1725.118655978411,1572.7627500034869,1725.118655978411,1572.7627500034869,1725.1155,1572.7622,1719.4069,1574.6783,-1272942443#3,4.171799896177273,53.223600666119374,0,0.0703000114299357,2.925,2.52,,3.25,True,0,,False,1724.03,1576.79,-37.90889482505885,145.13199393979434,4.171799896177273,4.171799896177273,short=0.064 small=1.000 angle_diff=9.263 mode=confirmed,,
