wall_time,phone_timestamp,method,kalman,lat,lon,raw_x,raw_y,filt_x,filt_y,match_x,match_y,actual_x,actual_y,edge_id,raw_dist,score,correction_m,match_ms,phone_speed_mps,sumo_speed_mps,phone_course_deg,accuracy_m,matched,lane_index,lane_pos,is_internal_edge,matched_x,matched_y,matched_lat,matched_lon,match_error_raw_m,match_error_filt_m,components,window_len,unmatched_reason
2026-09-10T11:08:54.620,1789002535,fuzzy,True,-37.90890681,145.1320219,1726.5148374992423,1575.5093499543145,1726.5148374992423,1575.5093499543145,1726.5176,1575.5092,1722.1289,1574.7433,1272942443#3,2.5388773118229055,52.14469340575869,0,30.43739999702666,2.245,1.256,,4.68,True,0,,False,1724.08,1574.79,-37.90891285056006,145.13199405261398,2.5388773118229055,2.5388773118229055,short=0.484 small=0.500 angle_diff=45.000 mode=confirmed,,
2026-09-10T11:08:56.669,1789002537,fuzzy,True,-37.90885979,145.1320446,1728.4060120095965,1580.7669123345986,1728.225997571279,1580.2664629399906,1728.4019,1580.7665,1726.4281,1575.618,1272942443#3,6.868838489449523,10.036802753201101,0,0.0833000085549429,2.891,2.245,,4.59,True,0,,False,1724.08,1574.79,-37.90891285056006,145.13199405261398,7.378201743151965,6.868838489449523,short=0.001 small=0.000 angle_diff=111.154 mode=entering_pending,,
2026-09-10T11:08:58.710,1789002539,fuzzy,True,-37.90878913,145.1320459,1728.3631909701508,1588.6099854325876,1728.5016239353258,1587.465388598144,1728.3596,1588.6103,1728.8428,1580.6713,-1272942443#3,11.574080626138896,10.00001980353615,0,0.04529999569058418,4.227,2.891,,4.72,True,0,,False,1724.03,1576.79,-37.90889482505885,145.13199393979434,12.589225536560196,11.574080626138896,short=0.000 small=0.000 angle_diff=86.436 mode=confirmed,,
2026-09-10T11:09:00.734,1789002541,fuzzy,True,-37.9086944,145.1320598,1729.3746126800543,1599.146181775257,1729.263730570436,1597.5778970033693,1729.3731,1599.1461,1727.8004,1588.6762,-1272942443#3,21.436618145281486,10.000000000002776,0,0.03709999145939946,4.621,4.227,,4.74,True,0,,False,1724.03,1576.79,-37.90889482505885,145.13199393979434,22.98616427915131,21.436618145281486,short=0.000 small=0.000 angle_diff=84.319 mode=entering_pending,,
2026-09-10T11:09:02.755,1789002543,fuzzy,True,-37.90859914,145.1320767,1730.6486127654207,1609.7464741421863,1730.3776470236908,1608.281652421971,1730.6496,1609.7462,1729.0388,1599.1855,-1272942443#2,8.927935105111077,50.00170753014205,0,0.02920000406447798,4.889,4.621,,4.75,True,0,,False,1729.07,1599.45,-37.908691608148736,145.1320564058571,10.416784437812872,8.927935105111077,short=0.000 small=1.000 angle_diff=0.779 mode=confirmed,,
2026-09-10T11:09:04.800,1789002545,fuzzy,True,-37.90850578,145.1320856,1731.2234988441924,1620.121839493513,1731.210303190369,1618.9623862155968,1731.2259,1620.1223,1730.3157,1609.7871,-1272942443#2,19.62941959338872,50.00000000006255,0,0.05369998689275235,5.022,4.889,,4.75,True,0,,False,1729.07,1599.45,-37.908691608148736,145.1320564058571,20.783707689377863,19.62941959338872,short=0.000 small=1.000 angle_diff=2.263 mode=entering_pending,,
2026-09-10T11:09:06.829,1789002547,fuzzy,True,-37.90841206,145.1320783,1730.3733158264658,1630.5086132911965,1731.517887798159,1629.1862495387652,1730.3721,1630.5083,1731.576,1620.0795,-1272942443#1,1.164489133000839,94.72152352745934,0,0.040700004319660366,5.241,5.022,,7.51,True,0,,False,1732.6737444430687,1629.0447208939777,-37.90842566232274,145.1321041216257,2.7267109804158687,1.164489133000839,short=0.894 small=1.000 angle_diff=5.258 mode=confirmed,,
2026-09-10T11:09:08.865,1789002549,fuzzy,True,-37.90831408,145.1321039,1732.406164638931,1641.4260556353256,1732.2627289750956,1639.897648529759,1732.4034,1641.4255,1732.8163,1630.209,-1272942443#1,1.7270020329900573,88.7502974815427,0,0.015600002370774746,5.11,5.241,,7.35,True,0,,False,1733.9769285489979,1639.6877536923166,-37.90833002256074,145.13212136304205,2.3428599843434155,1.7270020329900573,short=0.775 small=1.000 angle_diff=3.003 mode=following,,
2026-09-10T11:09:10.900,1789002551,fuzzy,True,-37.90820435,145.1321049,1732.250107034226,1653.603999347426,1732.6955346679208,1651.2784780956245,1732.2464,1653.6035,1734.1633,1641.21,-1272942443#1,2.680597921125914,71.41296548802967,0,0.014199991710484028,5.362,5.11,,7.8,True,0,,False,1735.3562610170623,1650.9526859690636,-37.90822879431854,145.13213961186403,4.083828497301661,2.680597921125914,short=0.428 small=1.000 angle_diff=4.803 mode=following,,
2026-09-10T11:09:12.948,1789002553,fuzzy,True,-37.90809307,145.1321135,1732.7587834526785,1665.967326803133,1733.10299637356,1663.3163731386446,1732.7623,1665.9673,1735.6301,1653.1892,-1272942443#1,2.6048622373214485,72.90766122814829,0,0.01479999627918005,5.402,5.362,,7.71,True,0,,False,1735.6810615897539,1663.6890486227787,-37.90811412073606,145.13214620619672,3.705436678383103,2.6048622373214485,short=0.458 small=1.000 angle_diff=10.164 mode=following,,
2026-09-10T11:09:14.964,1789002555,fuzzy,True,-37.90798346,145.132127,1733.7019763602875,1678.1539743822068,1733.6827684746952,1675.742083466035,1733.7061,1678.154,1735.2987,1666.334,-1272942443#1,1.6884448160987582,89.27902277532417,0,0.014300007023848593,5.78,5.402,,7.42,True,0,,False,1735.3501480716936,1675.4762053425948,-37.90800787947295,145.13214512905034,3.1443468351605426,1.6884448160987582,short=0.786 small=1.000 angle_diff=6.389 mode=following,,
2026-09-10T11:09:16.985,1789002557,fuzzy,True,-37.90790482,145.1321639,1736.771325328271,1686.9452586760744,1735.4083874119124,1686.9414987931782,1736.7688,1686.9451,1735.7258,1677.8319,-1272942443#1,1.7479183160559484,88.45583827498956,0,0.013899989426136017,5.045,5.78,,6.49,True,0,,False,1737.1344985110868,1686.666255422848,-37.907907398878145,145.13216796557447,0.45797115195996874,1.7479183160559484,short=0.769 small=1.000 angle_diff=0.301 mode=following,,
2026-09-10T11:09:19.031,1789002559,fuzzy,True,-37.90782482,145.1321636,1736.567083476577,1695.8219242310151,1736.4040890748668,1697.0232120090602,1736.5658,1695.8216,1737.1688,1686.8813,-1272942443#1,2.3521988608891444,77.9423234230575,0,0.013800003216601908,4.75,5.045,,5.82,True,0,,False,1738.726941649813,1696.6528130400632,-37.90781772498796,145.13218834596802,2.314165841398481,2.3521988608891444,short=0.559 small=1.000 angle_diff=3.420 mode=following,,
2026-09-10T11:09:21.077,1789002561,fuzzy,True,-37.9077477,145.1322051,1740.0442491235444,1704.4526432398707,1738.604119482492,1706.2773904272788,1740.0436,1704.4531,1738.5441,1695.5062,-1272942443#1,1.8470222836552874,86.98841216151754,0,0.049700000090524554,4.686,4.75,,5.44,True,0,,False,1740.3071081518676,1705.5623233616845,-37.90773775117714,145.13220834137815,1.1403880223502356,1.8470222836552874,short=0.740 small=1.000 angle_diff=9.404 mode=confirmed,,
2026-09-10T11:09:23.119,1789002563,fuzzy,True,-37.90767421,145.1322265,1741.7623241914553,1712.645151742734,1740.7655357271835,1714.7680021903336,1741.7624,1712.6449,1739.9726,1704.4644,-1272942443#1,8.008125632877226,50.00743819711925,0,0.05160000000614673,4.043,4.686,,5.06,True,0,,False,1740.81,1706.76,-37.90772705298304,145.13221433187067,5.961705494289059,8.008125632877226,short=0.000 small=1.000 angle_diff=8.495 mode=entering_pending,,
2026-09-10T11:09:25.157,1789002565,fuzzy,True,-37.90761788,145.1322241,1741.4260835440364,1718.8915781145915,1741.8382739587048,1721.8433156763424,1741.4229,1718.8911,1742.5488,1712.4436,-1272942443#0,5.544036323898758,50.38057359652223,0,0.05230000533629209,3.22,4.043,,4.74,True,0,,False,1743.61,1716.59,-37.907639007332286,145.1322484058723,3.172814665907136,5.544036323898758,short=0.008 small=1.000 angle_diff=5.735 mode=confirmed,,
2026-09-10T11:09:27.190,1789002567,fuzzy,True,-37.90757032,145.1322276,1741.6280625027139,1724.1752349557355,1742.4136243275377,1727.577904180174,1741.6243,1724.1751,1744.0294,1718.4149,-1272942443#0,11.05284366225941,50.00005699608401,0,0.02990000939462334,2.786,3.22,,4.48,True,0,,False,1743.61,1716.59,-37.907639007332286,145.1322484058723,7.839889385499099,11.05284366225941,short=0.000 small=1.000 angle_diff=8.627 mode=entering_pending,,
2026-09-10T11:09:29.234,1789002569,fuzzy,True,-37.90753798,145.1321181,1731.9290316894185,1727.570950540714,1737.6443338589775,1731.5744228281324,1731.9249,1727.5709,1741.5934,1724.2687,-996237862#0,11.559000012992362,16.081372393688763,0,0.0281000102404505,4.324,2.786,,4.24,True,0,,False,1744.61,1722.35,-37.90758730034565,145.13226108750428,13.713689578029415,11.559000012992362,short=0.000 small=0.152 angle_diff=58.919 mode=confirmed,,
2026-09-10T11:09:31.273,1789002571,fuzzy,True,-37.90752425,145.1319933,1720.9262104933732,1728.8746434850618,1728.6940343619337,1733.505376816144,1720.928,1728.8746,1731.8829,1727.2104,-996237862#0,19.436059119643257,10.000000000068184,0,0.044500004150904715,5.294,4.324,,4.02,True,0,,False,1744.61,1722.35,-37.90758730034565,145.13226108750428,24.56609163056592,19.436059119643257,short=0.000 small=0.000 angle_diff=86.706 mode=entering_pending,,
2026-09-10T11:09:33.312,1789002573,fuzzy,True,-37.90751024,145.1318477,1708.0940462810686,1730.1727455127984,1716.6892250761782,1734.46222077189,1708.0969,1730.1725,1720.8823,1728.4721,1209653411,13.068463222481052,50.000002265946065,0,0.03579999611247331,6.348,5.294,,3.97,True,0,,False,1727.86,1727.68,-37.90753626320709,145.13207186182467,19.922517577116377,13.068463222481052,short=0.000 small=1.000 angle_diff=2.101 mode=confirmed,,
2026-09-10T11:09:35.352,1789002576,fuzzy,True,-37.90749283,145.131628,1688.7395129092038,1731.7175418939441,1697.1512109233552,1735.5655581014394,1688.7382,1731.7179,1708.069,1729.9267,1209653411,31.705074564255955,50.0,0,0.056899996707215905,6.548,6.348,,4.15,True,0,,False,1727.86,1727.68,-37.90753626320709,145.13207186182467,39.32828822573518,31.705074564255955,short=0.000 small=1.000 angle_diff=3.426 mode=entering_pending,,
2026-09-10T11:09:37.385,1789002578,fuzzy,True,-37.907479,145.1314802,1675.714314861456,1732.9917433215305,1681.521282446817,1735.3897857998775,1675.7118,1732.992,1688.8072,1732.2783,1209653411,46.97571225169085,50.0,0,0.057199998991563916,6.572,6.548,,4.06,True,0,,False,1727.86,1727.68,-37.90753626320709,145.13207186182467,52.41552342276083,46.97571225169085,short=0.000 small=1.000 angle_diff=7.302 mode=entering_pending,,
2026-09-10T11:09:39.431,1789002580,fuzzy,True,-37.90744598,145.1313347,1662.8486413902137,1736.3993946071714,1666.8954830974499,1736.7336462670694,1662.848,1736.3999,1675.8205,1733.8758,1209653410,1.7467610027655924,88.47227098209001,0,0.050000002374872565,6.535,6.572,,4.43,True,0,,False,1666.6822170897835,1734.9999532115498,-37.9074592787216,145.13137796699107,4.08102179167317,1.7467610027655924,short=0.769 small=1.000 angle_diff=1.763 mode=confirmed,,
2026-09-10T11:09:41.477,1789002582,fuzzy,True,-37.90745519,145.1311883,1649.99776833551,1735.1193906767294,1652.522607429294,1736.8621254346754,1649.9997,1735.1191,1662.7355,1735.4855,1209653410,0.11946203783838549,98.91537848076342,0,0.01030000566970557,6.378,6.535,,4.58,True,0,,False,1652.508022038484,1736.7435571216258,-37.90744101243484,145.1312172105581,2.989864594596458,0.11946203783838549,short=0.978 small=1.000 angle_diff=6.501 mode=following,,
2026-09-10T11:09:43.522,1789002584,fuzzy,True,-37.90743482,145.1310711,1639.6483322769636,1737.1731773009524,1639.5910570693761,1737.5858266508878,1639.6456,1737.1734,1650.2339,1737.0233,1209653410,0.7410932086998824,97.17205367501522,0,0.010500007192604244,5.543,6.378,,4.48,True,0,,False,1639.6815388179828,1738.321375559629,-37.907424482756866,145.13107173925613,1.1486783342582336,0.7410932086998824,short=0.943 small=1.000 angle_diff=3.810 mode=following,,
2026-09-10T11:09:45.568,1789002586,fuzzy,True,-37.90741653,145.1309364,1627.7649324197555,1738.9652965581045,1627.1338626439456,1738.74105404225,1627.7617,1738.9651,1639.7852,1738.3086,1209653410,1.115435442611915,95.08076794311101,0,0.03340000694151968,5.828,5.543,,4.69,True,0,,False,1627.270048683867,1739.8481446388885,-37.9074084877169,145.13093097465895,1.01209221209882,1.115435442611915,short=0.902 small=1.000 angle_diff=1.715 mode=confirmed,,
2026-09-10T11:09:47.602,1789002588,fuzzy,True,-37.90738725,145.1308054,1616.1823755856603,1741.983425945975,1615.1388674343896,1740.7402311452256,1616.1809,1741.9838,1627.8614,1739.7754,1209653410,7.407631646971026,50.01943700714113,0,0.03310000465717167,5.849,5.828,,4.86,True,0,,False,1622.54,1740.43,-37.90740239192486,145.13087732895093,6.544655862872779,7.407631646971026,short=0.000 small=1.000 angle_diff=2.450 mode=entering_pending,,
2026-09-10T11:09:49.638,1789002590,fuzzy,True,-37.90737097,145.1306708,1604.312226242444,1743.5526483440772,1603.361131690447,1742.7374536327911,1604.31,1743.5525,1616.5333,1742.0599,1147258794#0,0.0244434738328001,99.0654914253349,0,0.030700000934302807,5.867,5.849,,4.84,True,0,,False,1603.3582812907002,1742.713176923082,-37.907378359838816,145.13065976273202,1.2707176073482913,0.0244434738328001,short=0.981 small=1.000 angle_diff=2.928 mode=confirmed,,
2026-09-10T11:09:51.671,1789002592,fuzzy,True,-37.90735952,145.130537,1592.5231547788717,1744.5873035062104,1591.6892121902563,1744.4081714042259,1592.5225,1744.5868,1604.1998,1742.6144,1147258794#0,6.59123350764394,50.07169132977628,0,0.048000001697801054,5.765,5.867,,5.0,True,0,,False,1598.19,1743.32,-37.907371959846564,145.13060114027806,5.806822964158533,6.59123350764394,short=0.001 small=1.000 angle_diff=1.449 mode=confirmed,,
2026-09-10T11:09:53.708,1789002594,fuzzy,True,-37.90735282,145.1304214,1582.3447804509779,1745.126948765479,1580.8350217884008,1745.5905903330827,1582.3448,1745.127,1592.531,1743.5732,1147258794#0,17.50288116813267,50.00000000187888,0,0.05319999763742089,5.425,5.765,,4.88,True,0,,False,1598.19,1743.32,-37.907371959846564,145.13060114027806,15.947916678920222,17.50288116813267,short=0.000 small=1.000 angle_diff=0.480 mode=entering_pending,,
2026-09-10T11:09:55.730,1789002596,fuzzy,True,-37.90740172,145.1302707,1569.2041792010423,1739.4350375998765,1569.140536061616,1743.5665215235974,1569.207,1739.4356,1582.8443,1742.6843,1147258794#2,4.446876785247901,52.1246313222555,0,0.05490001058205962,5.918,5.425,,4.86,True,0,,False,1570.7485495829915,1739.4205589504124,-37.907402129451675,145.1302882554287,1.5444382499576343,4.446876785247901,short=0.042 small=1.000 angle_diff=11.379 mode=confirmed,,
2026-09-10T11:09:57.765,1789002598,fuzzy,True,-37.90746615,145.1301432,1558.1378846860607,1732.060731724836,1557.7346131112622,1738.6551370477923,1558.14,1732.0612,1569.4536,1738.901,1147258794#2,6.57834573801428,50.07318279669094,0,0.04089999129064381,5.988,5.918,,4.94,True,0,,False,1563.74,1735.97,-37.90743194661295,145.13020778481163,6.831257163793324,6.57834573801428,short=0.001 small=1.000 angle_diff=5.068 mode=confirmed,,
2026-09-10T11:09:59.802,1789002600,fuzzy,True,-37.90758172,145.1300857,1553.3397695865715,1719.1351113393903,1549.3859155005941,1729.159822170995,1553.3385,1719.1353,1559.2258,1731.3058,1147258794#2,15.88767647828827,50.00000002490346,0,0.04030000127386302,6.183,5.988,,4.9,True,0,,False,1563.74,1735.97,-37.90743194661295,145.13020778481163,19.78833668774438,15.88767647828827,short=0.000 small=1.000 angle_diff=20.312 mode=confirmed,,
2026-09-10T11:10:01.829,1789002602,fuzzy,True,-37.90764228,145.1299724,1543.5133510350715,1712.2152604833245,1540.9126676522667,1719.4455346402303,1543.5177,1712.2158,1552.7652,1717.8131,1147258794#2,28.180579439395856,50.0,0,0.04050000279676169,6.131,6.183,,4.87,True,0,,False,1563.74,1735.97,-37.90743194661295,145.13020778481163,31.199438742636808,28.180579439395856,short=0.000 small=1.000 angle_diff=20.539 mode=confirmed,,
2026-09-10T11:10:03.876,1789002604,fuzzy,True,-37.90760943,145.1298189,1529.944670386496,1715.589730949141,1530.4623083190613,1714.7320180512577,1529.9416,1715.5894,1541.9885,1716.9977,1147258794#2,39.47729272463756,50.0,0,0.0405999890062958,6.12,6.131,,4.82,True,0,,False,1563.74,1735.97,-37.90743194661295,145.13020778481163,39.46491695507264,39.47729272463756,short=0.000 small=1.000 angle_diff=4.087 mode=confirmed,,
2026-09-10T11:10:05.916,1789002606,fuzzy,True,-37.90762443,145.1297041,1519.884968351631,1713.7227689800784,1520.1146545574413,1711.505891380819,1519.8856,1713.7225,1529.9549,1715.7226,,,,0,0.03980001201853156,5.565,6.12,,4.66,False,,,False,,,,,,,,,no_match
2026-09-10T11:10:07.958,1789002608,fuzzy,True,-37.90756423,145.1296124,1511.6887753895135,1720.24110752251,1510.7463013520417,1713.1504743726769,1511.691,1720.2409,1522.4096,1718.283,1147258794#2,57.69803156301506,50.0,0,12.182199992821552,5.115,5.565,,4.63,True,0,,False,1563.74,1735.97,-37.90743194661295,145.13020778481163,54.37580382872296,57.69803156301506,short=0.000 small=1.000 angle_diff=23.778 mode=entering_pending,,
2026-09-10T11:10:09.991,1789002610,fuzzy,True,-37.90755116,145.129532,1504.5909874159843,1721.5495933974162,1502.5482479661655,1715.5559597002946,1504.5941,1721.5492,1511.7834,1722.851,35177165#2,14.202395961996883,50.00000036924312,0,12.281299990718253,3.695,5.115,,4.66,True,0,,False,1510.72,1703.94,-37.90771089898941,145.12959766694624,18.64571197024519,14.202395961996883,short=0.000 small=1.000 angle_diff=8.168 mode=confirmed,,
2026-09-10T11:10:12.036,1789002612,fuzzy,True,-37.90762334,145.129471,1499.3886373038404,1713.4325339021161,1495.9675586782646,1713.952121137869,1499.3919,1713.4323,1504.626,1721.4932,35177165#2,17.82910807165094,50.00000000111484,0,0.05810000584460795,4.187,3.695,,4.74,True,0,,False,1510.72,1703.94,-37.90771089898941,145.12959766694624,14.78201543886156,17.82910807165094,short=0.000 small=1.000 angle_diff=21.882 mode=confirmed,,
2026-09-10T11:10:14.075,1789002614,fuzzy,True,-37.90772286,145.1294545,1498.159560738597,1702.3601928101853,1492.293396915824,1707.9771964385275,1498.1558,1702.3603,1499.7802,1713.377,35177165#2,18.86368618019891,10.000000000170376,0,0.05679999594576657,5.259,4.187,,4.77,True,0,,False,1510.72,1703.94,-37.90771089898941,145.12959766694624,12.659400664975555,18.86368618019891,short=0.000 small=0.000 angle_diff=66.596 mode=entering_pending,,
2026-09-10T11:10:16.102,1789002616,fuzzy,True,-37.90782895,145.129436,1496.7692797776544,1690.5552831338719,1490.33444873256,1698.7476919889818,1496.7727,1690.555,1498.205,1702.3532,35177165#3,19.486155466398543,50.000000000078664,0,0.03789999755099416,5.872,5.259,,4.91,True,0,,False,1509.6386558122483,1696.0910317011076,-37.90778140883697,145.12958358205657,14.00947364176939,19.486155466398543,short=0.000 small=1.000 angle_diff=4.147 mode=confirmed,,
2026-09-10T11:10:18.145,1789002618,fuzzy,True,-37.90793824,145.1294164,1495.289418771048,1678.3933444032446,1489.661387946865,1686.806461004794,1495.2887,1678.3936,1496.5064,1690.5935,35177165#3,18.524914579654695,50.0000000003662,0,0.011900003300979733,6.045,5.872,,4.78,True,0,,False,1508.0133295494988,1684.280852247084,-37.90788750384925,145.12956240865506,14.020009062381096,18.524914579654695,short=0.000 small=1.000 angle_diff=4.610 mode=following,,
2026-09-10T11:10:20.167,1789002620,fuzzy,True,-37.90805704,145.1293864,1492.9163871505298,1665.157780633308,1488.962123014317,1673.1410196978356,1492.9121,1665.1572,1494.7545,1678.4708,35177165#3,17.35456159677253,50.00000000238212,0,0.03919999289792031,6.451,6.045,,4.78,True,0,,False,1506.1546395894309,1670.774971931917,-37.90800883193228,145.12953819510278,14.380687247876557,17.35456159677253,short=0.000 small=1.000 angle_diff=4.907 mode=confirmed,,
2026-09-10T11:10:22.207,1789002622,fuzzy,True,-37.90817003,145.1293646,1491.2513576347847,1652.5813887417316,1488.3612517337936,1658.8816547008425,1491.2538,1652.5812,1492.8322,1665.1687,35177165#3,20.300542372332643,50.00000000002137,0,0.03440000000409782,6.413,6.451,,4.77,True,0,,False,1505.92,1669.07,-37.908024148295375,145.12953513839634,22.069059111454763,20.300542372332643,short=0.000 small=1.000 angle_diff=5.423 mode=entering_pending,,
2026-09-10T11:10:24.247,1789002624,fuzzy,True,-37.90829158,145.1293446,1489.763647927437,1639.058311527595,1487.7633303025339,1644.0623992703968,1489.7635,1639.0583,1491.0181,1652.6153,35177165#4,14.543520314744102,50.0000002139316,0,0.03130000550299883,6.632,6.413,,4.73,True,0,,False,1502.168205945062,1642.0590169133134,-37.90826679120598,145.12948631990776,12.762338830500685,14.543520314744102,short=0.000 small=1.000 angle_diff=5.607 mode=confirmed,,
2026-09-10T11:10:26.291,1789002626,fuzzy,True,-37.90840631,145.1293252,1488.3135091998265,1626.2930733207613,1487.0697655212462,1629.4457088535664,1488.3172,1626.2937,1489.0733,1639.158,35177165#4,13.217011680106157,50.00000178660083,0,0.010000003385357559,6.395,6.632,,4.63,True,0,,False,1500.1607782538895,1627.6250541949798,-37.90839645274987,145.12946020325268,11.921910798552464,13.217011680106157,short=0.000 small=1.000 angle_diff=5.201 mode=following,,
2026-09-10T11:10:28.332,1789002629,fuzzy,True,-37.90857858,145.1292882,1485.444151321135,1607.1118580549955,1485.2027843887615,1608.519005607843,1485.4461,1607.1115,1487.2368,1626.4498,35177165#4,12.238653869476193,50.00000854791336,0,0.021500003640539944,6.466,6.395,,4.27,True,0,,False,1497.43,1607.99,-37.90857283613382,145.12942467563707,12.017974114975774,12.238653869476193,short=0.000 small=1.000 angle_diff=2.820 mode=confirmed,,
2026-09-10T11:10:30.362,1789002631,fuzzy,True,-37.90868878,145.1292633,1483.5003938882146,1594.839585725218,1483.666988176366,1595.0700661797653,1483.5024,1594.84,1485.1997,1607.0061,35177165#4,18.877107415510917,50.000000000208445,0,0.019500002963468432,6.338,6.466,,4.39,True,0,,False,1497.43,1607.99,-37.90857283613382,145.12942467563707,19.156391153551855,18.877107415510917,short=0.000 small=1.000 angle_diff=1.403 mode=confirmed,,
2026-09-10T11:10:32.406,1789002633,fuzzy,True,-37.90880577,145.1292417,1481.8618918436696,1581.8196825785562,1482.0516411537676,1581.8014414337583,1481.8592,1581.8192,1482.7883,1594.9345,35177165#4,30.36996082613487,50.0,0,0.01930000144056976,6.554,6.338,,4.14,True,0,,False,1497.43,1607.99,-37.90857283613382,145.12942467563707,30.450804677484747,30.36996082613487,short=0.000 small=1.000 angle_diff=0.977 mode=confirmed,,
2026-09-10T11:10:34.436,1789002635,fuzzy,True,-37.90892895,145.1292209,1480.3075148561038,1568.1143168890849,1480.4454332832604,1568.3251869874662,1480.3103,1568.1139,1481.0666,1581.924,35177165#4,43.1482664527169,50.0,0,0.021799991372972727,6.863,6.554,,4.22,True,0,,False,1497.43,1607.99,-37.90857283613382,145.12942467563707,43.39642382806526,43.1482664527169,short=0.000 small=1.000 angle_diff=1.121 mode=confirmed,,
2026-09-10T11:10:36.470,1789002637,fuzzy,True,-37.90904376,145.1292006,1478.7784640415339,1555.3386096237227,1478.854463386514,1555.1552625188008,1478.7789,1555.339,1479.1909,1568.272,35177165#4,56.005000180217834,50.0,0,11.74689999606926,6.542,6.863,,4.16,True,0,,False,1497.43,1607.99,-37.90857283613382,145.12942467563707,55.85739612768483,56.005000180217834,short=0.000 small=1.000 angle_diff=1.030 mode=entering_pending,,
2026-09-10T11:10:38.516,1789002639,fuzzy,True,-37.90916468,145.1291757,1476.858607404225,1541.8767893016338,1477.087481408047,1541.8721676057996,1476.8585,1541.8767,1477.3913,1555.5351,-4577073#9,1.6107031980992357,90.28943558930035,0,14.153799987980165,6.668,6.542,,4.06,True,0,,False,1475.4926193684744,1542.097511492109,-37.90916244473304,145.1291602193932,1.3837057487710855,1.6107031980992357,short=0.806 small=1.000 angle_diff=0.465 mode=confirmed,,
2026-09-10T11:10:40.542,1789002641,fuzzy,True,-37.9092745,145.1291489,1474.7469968339428,1529.6433270908892,1475.0830166875237,1529.1538258404732,1474.7482,1529.6435,1475.4888,1542.0702,-4577073#9,1.405299662547451,92.60722419368543,0,0.02849999873433262,6.282,6.668,,3.69,True,0,,False,1473.6915380534301,1529.3504329421178,-37.90927694763989,145.12913683282326,1.0953447949143316,1.405299662547451,short=0.852 small=1.000 angle_diff=0.914 mode=following,,
2026-09-10T11:10:42.563,1789002643,fuzzy,True,-37.90938893,145.1291247,1472.874244261533,1516.9029028583318,1473.1065068186786,1516.4802123983632,1472.8766,1516.9027,1473.7528,1529.7841,-4577073#9,1.2213183714059266,94.27658641380364,0,0.015500001609325409,6.503,6.282,,3.76,True,0,,False,1471.8972000319989,1516.6510797739036,-37.909391021836335,145.1291135337339,1.008974871994809,1.2213183714059266,short=0.886 small=1.000 angle_diff=0.822 mode=following,,
2026-09-10T11:10:44.603,1789002645,fuzzy,True,-37.90951519,145.129106,1471.5113868610351,1502.8594664437696,1471.3899459287982,1503.2173838388835,1471.5102,1502.8592,1471.9512,1517.0334,-4577073#9,1.3771630543127373,92.88635605987774,0,0.021200001356191933,6.959,6.503,,4.08,True,0,,False,1470.026327181274,1503.4100545153353,-37.90950996168944,145.1290892407721,1.5838401046200634,1.3771630543127373,short=0.858 small=1.000 angle_diff=0.668 mode=following,,
2026-09-10T11:10:46.638,1789002647,fuzzy,True,-37.9096467,145.1290762,1469.1843545496813,1488.2138771098107,1469.4345563397214,1489.3684092384417,1469.184,1488.2137,1469.9791,1503.0755,-4577073#9,5.330702173530722,50.53374728351573,0,0.05729999975301325,7.323,6.959,,4.71,True,0,,False,1468.79,1494.66,-37.90958856059778,145.1290731872293,6.4581743415827475,5.330702173530722,short=0.011 small=1.000 angle_diff=0.006 mode=confirmed,,
2026-09-10T11:10:48.680,1789002649,fuzzy,True,-37.90977783,145.1290574,1467.8235662769293,1473.6298630870879,1467.6854781877053,1475.0755053020998,1467.828,1473.6299,1469.7321,1487.4087,-4577073#9,19.615616253534274,50.00000000006395,0,0.06489999941550195,7.246,7.323,,5.1,True,0,,False,1468.79,1494.66,-37.90958856059778,145.1290731872293,21.05233128935893,19.615616253534274,short=0.000 small=1.000 angle_diff=1.065 mode=entering_pending,,
2026-09-10T11:10:50.726,1789002651,fuzzy,True,-37.90989822,145.1290296,1465.6476189935347,1460.2217315891758,1465.770683372242,1460.886491853013,1465.6462,1460.2216,1468.6,1474.87,-4577073#4,1.6680690096009838,89.55104038739297,0,0.05230000533629209,6.854,7.246,,4.85,True,0,,False,1464.1168140736113,1461.103679706812,-37.909889998441294,145.12901239619234,1.7666907440364057,1.6680690096009838,short=0.791 small=1.000 angle_diff=0.204 mode=confirmed,,
2026-09-10T11:10:52.757,1789002653,fuzzy,True,-37.91002136,145.1290042,1463.6888038247125,1446.5126802334562,1463.8301434709176,1446.8507275579045,1463.6886,1446.5129,1464.0289,1460.434,-4577073#4,1.5715491168639284,90.7702554699071,0,0.013199998647905886,6.956,6.854,,5.36,True,0,,False,1462.27197242361,1447.0553482168023,-37.91001621535461,145.12898821460783,1.517201291621951,1.5715491168639284,short=0.815 small=1.000 angle_diff=0.390 mode=following,,
2026-09-10T11:10:54.792,1789002655,fuzzy,True,-37.91014228,145.12899,1462.7097109706956,1433.0697337891906,1462.3026598968931,1433.0199855439294,1462.7073,1433.0698,1462.226,1446.705,-4577073#4,1.8575531898639497,86.82557276643746,0,0.01309999788645655,6.764,6.956,,5.01,True,0,,False,1460.4609075122783,1433.2617540425786,-37.91014014363552,145.12896447510514,2.256986657537203,1.8575531898639497,short=0.737 small=1.000 angle_diff=1.176 mode=following,,
2026-09-10T11:10:56.836,1789002657,fuzzy,True,-37.91026796,145.1289663,1460.9060245934525,1419.081829519011,1460.7208786209544,1419.1201067407733,1460.9104,1419.082,1460.4742,1433.3629,-4577073#4,2.0983556579640084,82.7673973720874,0,0.044500004150904715,6.985,6.764,,4.5,True,0,,False,1458.6403720933818,1419.393216711366,-37.91026474529912,145.12894061073177,2.286950641058808,2.0983556579640084,short=0.655 small=1.000 angle_diff=0.986 mode=confirmed,,
2026-09-10T11:10:58.880,1789002659,fuzzy,True,-37.91039238,145.1289342,1458.3610482780496,1405.2189172236249,1458.7631487392055,1405.2371532738382,1458.3646,1405.2186,1458.6387,1419.3802,-4577073#4,10.589471815049608,50.00011962672465,0,0.04530001024249941,6.895,6.985,,5.58,True,0,,False,1458.17,1415.81,-37.910296938653865,145.1289344448745,10.59280575771,10.589471815049608,short=0.000 small=1.000 angle_diff=0.548 mode=entering_pending,,
2026-09-10T11:11:00.908,1789002661,fuzzy,True,-37.91051662,145.1289136,1456.826709559653,1391.3962710993364,1456.9200371904958,1391.3745705252506,1456.8248,1391.3959,1456.8355,1405.4144,-4577073#3,1.8663016037093254,86.68930486121681,0,0.03999999898951501,6.92,6.895,,6.03,True,0,,False,1455.0688369615866,1391.6115080454845,-37.91051436324418,145.12889366215043,1.771000568610761,1.8663016037093254,short=0.734 small=1.000 angle_diff=0.280 mode=confirmed,,
2026-09-10T11:11:02.942,1789002663,fuzzy,True,-37.91063651,145.1288885,1454.8870695723454,1378.048380942084,1455.0198459999308,1377.7313676861186,1454.8858,1378.0485,1455.07,1391.6205,-4577073#3,1.7130868563236,88.94322134774787,0,0.012400007108226418,6.89,6.92,,5.78,True,0,,False,1453.3205996991985,1377.9486890765897,-37.910637124796544,145.1288706664914,1.5696389175611032,1.7130868563236,short=0.779 small=1.000 angle_diff=0.641 mode=following,,
2026-09-10T11:11:04.985,1789002665,fuzzy,True,-37.91076064,145.1288732,1453.8184507174883,1364.247292415239,1453.508251053769,1364.08851247901,1453.8145,1364.2476,1453.3583,1378.2438,-4577073#3,1.9444307264098426,85.4332678291924,0,0.012600008631125093,6.716,6.89,,4.89,True,0,,False,1451.5795299812294,1364.3351820437074,-37.91075944342332,145.12884776349725,2.2406451414810356,1.9444307264098426,short=0.709 small=1.000 angle_diff=0.966 mode=following,,
2026-09-10T11:11:07.031,1789002667,fuzzy,True,-37.91087666,145.1288517,1452.1866993585136,1351.3351883590221,1451.9522320245064,1350.7742612950542,1452.1836,1351.3349,1451.6045,1364.5302,-4577073#3,2.090022877862185,82.9176519574485,0,0.012100004823878407,6.377,6.716,,5.19,True,0,,False,1449.8790950842845,1351.039400611404,-37.91087890724749,145.1288253949547,2.3264840162961398,2.090022877862185,short=0.658 small=1.000 angle_diff=0.622 mode=following,,
2026-09-10T11:11:09.079,1789002669,fuzzy,True,-37.91100317,145.1288209,1449.7607118812157,1337.2426480725408,1450.0531137090998,1337.1826362698853,1449.7646,1337.2427,1449.9534,1351.6202,-4577073#3,4.8307410482385125,51.17246539869028,0,0.03029999788850546,6.767,6.377,,5.46,True,0,,False,1448.7,1341.82,-37.9109617444085,145.12880988438224,4.698644523984152,4.8307410482385125,short=0.023 small=1.000 angle_diff=0.666 mode=entering_pending,,
2026-09-10T11:11:11.125,1789002671,fuzzy,True,-37.9111376,145.1287904,1447.3787508165697,1322.2717928756028,1447.9342023078925,1323.0461801116567,1447.3747,1322.2715,1448.1365,1337.4528,-4577073#2,7.003472318240323,50.03709493365818,0,0.026599998818710446,7.255,6.767,,5.79,True,0,,False,1447.19,1330.01,-37.91106785841185,145.12879002007892,7.740508792762043,7.003472318240323,short=0.001 small=1.000 angle_diff=1.286 mode=confirmed,,
2026-09-10T11:11:13.171,1789002673,fuzzy,True,-37.91126207,145.1287656,1445.475727257086,1308.4162076516077,1445.7789507595357,1308.849068895725,1445.472,1308.4162,1446.9143,1322.6639,-4577073#2,21.207924583958945,50.000000000005,0,0.05459999374579638,6.877,7.255,,4.91,True,0,,False,1447.19,1330.01,-37.91106785841185,145.12879002007892,21.661731210191487,21.207924583958945,short=0.000 small=1.000 angle_diff=1.394 mode=entering_pending,,
2026-09-10T11:11:15.202,1789002675,fuzzy,True,-37.91137062,145.128743,1443.7306605614722,1296.3310675648972,1443.7828316315986,1295.667509322238,1443.7317,1296.3313,1444.2717,1308.5825,-4577073#1,1.2876172702797735,93.71657643236652,0,0.03980001201853156,6.108,6.877,,4.47,True,0,,False,1442.5073897164689,1295.8441619640325,-37.91137478493858,145.12872898014112,1.3166125566728053,1.2876172702797735,short=0.874 small=1.000 angle_diff=0.726 mode=confirmed,,
2026-09-10T11:11:17.245,1789002677,fuzzy,True,-37.91149985,145.1287287,1442.761356283212,1281.9658180996776,1442.382877285657,1281.9716999404895,1442.7583,1281.966,1442.5966,1296.4885,-4577073#1,1.719746886641967,88.85118168492846,0,0.024499997380189598,6.771,6.108,,3.57,True,0,,False,1440.6782928874716,1282.1995625823977,-37.911497367678784,145.1287050686568,2.0961368261342286,1.719746886641967,short=0.777 small=1.000 angle_diff=1.778 mode=following,,
2026-09-10T11:11:19.279,1789002679,fuzzy,True,-37.91161248,145.1286973,1440.2517458837247,1269.4124082177877,1440.383794362228,1268.9743998646597,1440.2546,1269.4126,1440.6841,1282.2433,-4577073#1,1.460402658447331,92.03439789666999,0,0.02300000051036477,6.505,6.771,,3.02,True,0,,False,1438.9362676325713,1269.1678999724884,-37.91161444468874,145.12868228701026,1.338008711211081,1.460402658447331,short=0.841 small=1.000 angle_diff=1.130 mode=following,,
2026-09-10T11:11:21.324,1789002681,fuzzy,True,-37.91171807,145.1286917,1439.994644614635,1257.6857258183882,1439.4009383468651,1256.8067599540914,1439.9924,1257.6851,1438.9915,1269.5815,-4577073#1,2.098397444121779,82.76664231506683,0,0.01819999306462705,5.945,6.505,,2.78,True,0,,False,1437.321041838707,1257.0847929536592,-37.91172299982738,145.12866116353496,2.740305112822502,2.098397444121779,short=0.655 small=1.000 angle_diff=2.996 mode=following,,
2026-09-10T11:11:23.371,1789002684,fuzzy,True,-37.91184553,145.128666,1438.0191947358544,1243.4967627171427,1437.7304906722857,1241.579322674135,1438.0179,1243.4964,1437.4468,1258.0254,-4577073#1,2.4602792122239463,75.79414847525281,0,0.015699988580308855,4.414,5.945,,2.56,True,0,,False,1435.2919029981856,1241.9053042040237,-37.91185937297857,145.12863462692223,3.1576669269154345,2.4602792122239463,short=0.516 small=1.000 angle_diff=1.354 mode=following,,
2026-09-10T11:11:25.411,1789002686,fuzzy,True,-37.91192503,145.128661,1437.7567276044283,1234.6662167478353,1437.2429560846904,1232.9207743972377,1437.758,1234.6662,1435.5487,1243.8264,-4577073#1,3.1242814806630155,63.45837562818179,0,0.023300002794712782,4.262,4.414,,2.47,True,0,,False,1434.1462204494383,1233.334734752554,-37.91193637132188,145.12861964390058,3.848195189954995,3.1242814806630155,short=0.269 small=1.000 angle_diff=4.391 mode=following,,
2026-09-10T11:11:27.444,1789002688,fuzzy,True,-37.91201703,145.1286154,1433.9528113831184,1224.3769501028582,1434.879647301714,1223.6344053345904,1433.9508,1224.3771,1434.3845,1235.1172,-4577073#1,2.012232547146271,84.28861670753597,0,0.023600005079060793,5.202,4.262,,2.4,True,0,,False,1432.8851560006806,1223.9010216767322,-37.91202112417824,145.12860315189616,1.1689293744462326,2.012232547146271,short=0.686 small=1.000 angle_diff=6.664 mode=following,,
2026-09-10T11:11:29.476,1789002690,fuzzy,True,-37.91213081,145.1285852,1431.5512967033428,1211.6980436285958,1432.2704223144822,1212.5060876201048,1431.5521,1211.6975,1432.9664,1224.5087,-4577073#1,0.9004896825263864,96.40951265368356,0,0.06520000169984996,6.07,5.202,,2.34,True,0,,False,1431.3778719772877,1212.625400502521,-37.91212242480492,145.12858343981551,0.9434335732968196,0.9004896825263864,short=0.928 small=1.000 angle_diff=5.582 mode=following,,
2026-09-10T11:11:31.521,1789002692,fuzzy,True,-37.91223527,145.1285613,1429.6828820761875,1200.0644500218332,1429.9245367130422,1200.8795558469135,1429.6835,1200.0644,1431.2591,1211.7367,-4577073#1,0.11577667588692264,98.92161768720179,0,0.025699991965666413,6.006,6.07,,2.31,True,0,,False,1429.8097808051098,1200.8948959992601,-37.91222781211462,145.12856293244286,0.8400855961309552,0.11577667588692264,short=0.978 small=1.000 angle_diff=3.793 mode=following,,
2026-09-10T11:11:33.552,1789002694,fuzzy,True,-37.91235695,145.1285646,1430.2440799816977,1186.568046568893,1429.261952327492,1187.912835706462,1430.2481,1186.5686,1429.6985,1200.0624,-4577073#1,5.5780332962060815,50.360570490424244,0,0.057199998991563916,6.563,6.006,,2.25,True,0,,False,1429.61,1193.48,-37.91229457095991,145.1285589682136,6.940976707710769,5.5780332962060815,short=0.007 small=1.000 angle_diff=2.736 mode=entering_pending,,
2026-09-10T11:11:35.585,1789002696,fuzzy,True,-37.91247759,145.1285554,1429.7040461370489,1173.1649835593998,1428.942965440711,1174.3117080637692,1429.7023,1173.1649,1429.7001,1186.4752,-4577073#1,19.179894443292905,50.00000000012841,0,0.06550000398419797,6.536,6.563,,2.17,True,0,,False,1429.61,1193.48,-37.91229457095991,145.1285589682136,20.315234127564203,19.179894443292905,short=0.000 small=1.000 angle_diff=1.155 mode=entering_pending,,
2026-09-10T11:11:37.619,1789002698,fuzzy,True,-37.91258599,145.1285439,1428.9345464737853,1161.1160729164258,1428.5491495636247,1161.3568987848655,1428.9373,1161.1157,1429.4411,1173.1799,1162333280#0,4.444633517153281,52.131945072785456,0,0.0594000011915341,6.021,6.536,,2.12,True,0,,False,1432.9917332058212,1161.2219258842874,-37.91258577022998,145.12859005556993,4.05856736169469,4.444633517153281,short=0.043 small=1.000 angle_diff=0.001 mode=confirmed,,
2026-09-10T11:11:39.662,1789002700,fuzzy,True,-37.91270203,145.1285401,1428.8590008382453,1148.2329798294231,1428.4515093225311,1148.382066024407,1428.8552,1148.2333,1428.7459,1161.1268,1162333280#0,11.699073278211086,50.00002026744517,0,0.050300004659220576,6.388,6.021,,2.09,True,0,,False,1432.93,1159.19,-37.91260406308958,145.12858888979852,11.688854742592957,11.699073278211086,short=0.000 small=1.000 angle_diff=1.309 mode=entering_pending,,
2026-09-10T11:11:41.703,1789002702,fuzzy,True,-37.91281212,145.1285644,1431.240549711336,1136.0597266368568,1429.9752931360404,1135.8558410401827,1431.2366,1136.0598,1428.337,1148.2449,1162333280#1,6.760833775110359,50.05467191866167,0,0.031200004741549492,6.12,6.388,,2.07,True,0,,False,1435.27,1140.06,-37.91277681343545,145.12861112935096,5.6779095280470555,6.760833775110359,short=0.001 small=1.000 angle_diff=24.469 mode=confirmed,,
2026-09-10T11:11:43.741,1789002704,fuzzy,True,-37.91288392,145.1286609,1439.8840843836078,1128.2627570405602,1436.1978834138997,1126.2759799400455,1439.8812,1128.263,1429.1489,1135.6628,1162333280#1,13.815215403424427,50.00000068604566,0,0.03609999839682132,5.544,6.12,,2.05,True,0,,False,1435.27,1140.06,-37.91277681343545,145.12861112935096,12.667466840023836,13.815215403424427,short=0.000 small=1.000 angle_diff=1.601 mode=entering_pending,,
2026-09-10T11:11:45.774,1789002706,fuzzy,True,-37.91290272,145.1287809,1450.4754851353355,1126.3884011190385,1446.0926629316061,1121.9419088340326,1450.4773,1126.3885,1439.054,1126.2873,725249377#0,11.643742457165246,50.00002214352634,0,0.03029999788850546,5.363,5.544,,2.04,True,0,,False,1449.0293152876764,1133.2092426512397,-37.91284101486734,145.12876601347762,6.97246630939727,11.643742457165246,short=0.000 small=1.000 angle_diff=9.046 mode=confirmed,,
2026-09-10T11:11:47.818,1789002708,fuzzy,True,-37.91292849,145.1289287,1463.5263767871656,1123.7896641679108,1459.1242595790636,1119.8941393981406,1463.5223,1123.7899,1450.6652,1125.4689,725249377#0,10.922472249271912,50.00007021602492,0,0.014000004739500582,6.426,5.363,,2.03,True,0,,False,1460.4941126875308,1130.7303704079216,-37.912865418307284,145.12889580627757,7.574168514104927,10.922472249271912,short=0.000 small=1.000 angle_diff=1.726 mode=following,,
2026-09-10T11:11:49.853,1789002710,fuzzy,True,-37.91294896,145.1290766,1476.5742458957247,1121.7791979713365,1473.3861859778654,1118.949125603544,1476.5777,1121.7791,1463.6112,1122.8119,725249377#0,10.071350249390589,50.000274065651865,0,0.07239999831654131,6.629,6.426,,2.02,True,0,,False,1474.64929474397,1128.9409548700442,-37.9128840972896,145.12905634711862,7.415942206680707,10.071350249390589,short=0.000 small=1.000 angle_diff=3.414 mode=confirmed,,
2026-09-10T11:11:51.890,1789002712,fuzzy,True,-37.91296858,145.1292224,1489.4355981107801,1119.8593262294307,1487.6666905445418,1118.1844195734534,1489.4355,1119.8595,1475.8075,1121.9192,725249377#0,14.915037639789302,50.00000011806421,0,0.05780000356025994,6.561,6.629,,2.02,True,0,,False,1477.03,1128.64,-37.91288723881398,145.12908334786988,15.198654425683769,14.915037639789302,short=0.000 small=1.000 angle_diff=4.140 mode=entering_pending,,
2026-09-10T11:11:53.931,1789002714,fuzzy,True,-37.91298794,145.1293613,1501.6897676814115,1117.956111826934,1501.1647594144554,1117.1330200398206,1501.6921,1117.9564,1489.8607,1120.4369,1470433046#1,7.322210654927806,50.02228236347339,0,0.05280000914353877,6.194,6.561,,2.14,True,0,,False,1494.01,1118.69,-37.912979940569876,145.12927414574497,7.714753624777564,7.322210654927806,short=0.000 small=1.000 angle_diff=6.856 mode=confirmed,,
2026-09-10T11:11:55.980,1789002716,fuzzy,True,-37.9130024,145.1294893,1512.9747729254887,1116.5773786539212,1513.4867114379783,1116.1314909510545,1512.9732,1116.5771,1501.6643,1117.7345,1470433046#1,19.644038713864635,50.0000000000611,0,0.039399994420818985,5.78,6.194,,2.11,True,0,,False,1494.01,1118.69,-37.912979940569876,145.12927414574497,19.082080103260644,19.644038713864635,short=0.000 small=1.000 angle_diff=6.663 mode=entering_pending,,
2026-09-10T11:11:58.026,1789002718,fuzzy,True,-37.91301289,145.129632,1525.5432478577131,1115.6650927532464,1525.8537698087569,1115.258969918422,1525.5466,1115.6653,1512.9409,1116.3198,1470433046#2,0.5549147699337403,97.86952958321884,0,0.02549999044276774,6.054,5.78,,2.33,True,0,,False,1525.7846916643653,1114.7083715059125,-37.9130215519975,145.1296345270235,0.9867171108635084,0.5549147699337403,short=0.957 small=1.000 angle_diff=3.115 mode=confirmed,,
2026-09-10T11:12:00.068,1789002720,fuzzy,True,-37.91302765,145.1297621,1537.013528401556,1114.2567416764796,1537.757482626271,1114.1779639744022,1537.0135,1114.2566,1525.4321,1114.7526,1470433046#2,0.9641420034060187,96.05494699943273,0,0.016999998479150236,5.702,6.054,,2.85,True,0,,False,1537.637462140002,1113.2213214677115,-37.913037090065544,145.1297689581375,1.208878951217475,0.9641420034060187,short=0.921 small=1.000 angle_diff=1.962 mode=following,,
2026-09-10T11:12:02.086,1789002722,fuzzy,True,-37.91304358,145.1298981,1549.0050925372634,1112.7289519179612,1549.6174205348905,1112.9213516589116,1549.0061,1112.7291,1536.8953,1113.3144,1470433046#2,1.1936795183156161,94.49692358929659,0,0.012599994079209864,5.944,5.702,,3.6,True,0,,False,1549.4688262451164,1111.7369570753826,-37.9130525999197,145.12990314652856,1.095035487781835,1.1936795183156161,short=0.890 small=1.000 angle_diff=1.103 mode=following,,
2026-09-10T11:12:04.122,1789002724,fuzzy,True,-37.91305657,145.1300297,1560.6032916678814,1111.5196219012141,1561.2150526306393,1111.6416983086297,1560.6052,1111.5199,1548.8908,1111.8095,1470433046#2,1.367702280935154,92.97821771796339,0,0.04470000567380339,5.856,5.944,,3.72,True,0,,False,1561.044795249207,1110.2846345837652,-37.913067774827056,145.13003443835254,1.3115331054087294,1.367702280935154,short=0.860 small=1.000 angle_diff=0.855 mode=confirmed,,
2026-09-10T11:12:06.155,1789002726,fuzzy,True,-37.91307134,145.1301551,1571.6603916300228,1110.1018238561228,1572.4505448939701,1110.2756884826554,1571.6624,1110.1021,1560.4594,1110.3581,1470433046#2,8.190108920983096,50.00555941460786,0,0.03739999374374747,5.415,5.856,,3.89,True,0,,False,1564.27,1109.88,-37.913072002713626,145.13007101785078,7.39371992086908,8.190108920983096,short=0.000 small=1.000 angle_diff=0.219 mode=entering_pending,,
2026-09-10T11:12:08.193,1789002728,fuzzy,True,-37.91309017,145.1302803,1582.7089413998765,1108.2331402609125,1583.467034105046,1108.6455931163023,1582.7101,1108.2327,1571.4902,1108.9212,1470433046#3,1.4548028008344855,92.09421478910251,0,0.029000002541579306,5.694,5.415,,4.01,True,0,,False,1583.257191690903,1107.2060038170428,-37.913099521739554,145.13028629954997,1.1642970651582085,1.4548028008344855,short=0.842 small=1.000 angle_diff=0.124 mode=confirmed,,
2026-09-10T11:12:10.209,1789002730,fuzzy,True,-37.91310419,145.1304152,1594.5995300714858,1106.9152878150344,1594.7683066454363,1107.0917326320414,1594.6017,1106.9149,1582.5749,1107.3055,1470433046#3,11.058411983793551,50.0000564905439,0,0.05529999907594174,6.005,5.694,,3.99,True,0,,False,1583.71,1107.14,-37.91310019813642,145.13029143310052,10.891848362140584,11.058411983793551,short=0.000 small=1.000 angle_diff=0.465 mode=entering_pending,,
2026-09-10T11:12:12.227,1789002732,fuzzy,True,-37.91312525,145.130552,1606.6728151500574,1104.819574393332,1606.4199353064243,1105.240136803103,1606.6704,1104.8193,1594.4166,1105.6041,1360476884,1.3177493464996322,93.44689865010514,0,0.04780000017490238,6.081,6.005,,3.93,True,0,,False,1606.2357055087439,1103.9353292610315,-37.91313313650591,145.1305468282453,0.9863844547266698,1.3177493464996322,short=0.869 small=1.000 angle_diff=0.993 mode=confirmed,,
2026-09-10T11:12:14.259,1789002734,fuzzy,True,-37.91313881,145.1306823,1618.1579727355856,1103.544621385634,1618.026329993174,1103.6064955275622,1618.1567,1103.5451,1606.5395,1103.8924,1360476884,1.3228006011948694,93.4007403893505,0,0.011800002539530396,5.884,6.081,,4.04,True,0,,False,1617.8413939977381,1102.2966863398888,-37.91314999448709,145.13067841580997,1.2874641648046576,1.3228006011948694,short=0.868 small=1.000 angle_diff=0.025 mode=following,,
2026-09-10T11:12:16.295,1789002736,fuzzy,True,-37.91315609,145.1308095,1629.3788754408597,1101.8513974016532,1629.4692551672306,1101.9343239484767,1629.3792,1101.8511,1617.9777,1102.2774,1360476884,4.672196945213003,51.50084933818803,0,0.03940000897273421,5.688,5.884,,4.06,True,0,,False,1624.86,1101.17,-37.913161411861964,145.1307579632248,4.5699603574851215,4.672196945213003,short=0.030 small=1.000 angle_diff=1.932 mode=entering_pending,,
2026-09-10T11:12:18.329,1789002739,fuzzy,True,-37.91317721,145.1309783,1644.2654687584727,1099.8053844114766,1645.324307248448,1099.6747904087208,1644.2669,1099.8053,1629.1962,1100.5375,1470433048,1.8938688453224422,86.25407973687693,0,0.034899989259429276,5.024,5.688,,4.01,True,0,,False,1644.9858805103315,1097.811404633791,-37.91319530234667,145.13098603675903,2.1201293465341524,1.8938688453224422,short=0.725 small=1.000 angle_diff=2.183 mode=confirmed,,
2026-09-10T11:12:20.347,1789002741,fuzzy,True,-37.91319581,145.1310851,1653.6958854302648,1097.929692979902,1655.059803065136,1098.0194294984833,1653.6946,1097.9301,1643.9393,1098.0015,1470433048,2.0048459709005244,84.4156741286118,0,0.05880001117475331,4.651,5.024,,4.19,True,0,,False,1654.7015451614627,1096.046852848137,-37.913212952689776,145.13109610551035,2.1345815647892925,2.0048459709005244,short=0.688 small=1.000 angle_diff=0.644 mode=confirmed,,
2026-09-10T11:12:22.390,1789002743,fuzzy,True,-37.91324295,145.1311333,1658.0381355305435,1092.7837608195841,1662.0170152978517,1094.670898307457,1658.0407,1092.7838,1653.3957,1096.284,1470433048,6.3567659501005505,50.10425767028885,0,0.05129999772179872,3.451,4.651,,4.2,True,0,,False,1655.73,1095.61,-37.91321707371461,145.13110769986784,3.6489885629136327,6.3567659501005505,short=0.002 small=1.000 angle_diff=17.508 mode=entering_pending,,
2026-09-10T11:12:24.420,1789002745,fuzzy,True,-37.91329917,145.1310705,1652.642331927782,1086.4346121018752,1662.3619871044023,1089.5718834890783,1652.639,1086.435,1657.9972,1092.7571,1470433048,8.968952221548575,32.083259522332064,0,0.04699999408330768,3.486,3.451,,4.15,True,0,,False,1655.73,1095.61,-37.91321707371461,145.13110769986784,9.68098327677759,8.968952221548575,short=0.000 small=0.552 angle_diff=42.919 mode=entering_pending,,
2026-09-10T11:12:26.442,1789002747,fuzzy,True,-37.91325149,145.1309645,1643.2175538942683,1091.538575376384,1656.3824191371914,1088.9511748941777,1643.2201,1091.5383,1652.2252,1085.2463,711979119,2.4330249707764935,31.070576186809458,0,0.04159999662078917,4.624,3.486,,4.1,True,0,,False,1658.774679637775,1088.5076659249685,-37.913281603061506,145.13114069997295,15.849623765312524,2.4330249707764935,short=0.527 small=0.000 angle_diff=73.571 mode=confirmed,,
2026-09-10T11:12:28.476,1789002749,fuzzy,True,-37.91318856,145.1308522,1633.2049827955198,1098.323638793081,1646.3860732504693,1092.343460469865,1633.2079,1098.3242,1643.131,1091.4224,711979119,2.713874174635998,70.76377453036235,0,0.016000005416572094,5.845,4.624,,4.08,True,0,,False,1644.7322393688282,1090.1917294161103,-37.91326389628821,145.1309814155264,14.10693426021926,2.713874174635998,short=0.415 small=1.000 angle_diff=18.801 mode=following,,
2026-09-10T11:12:30.520,1789002751,fuzzy,True,-37.91316706,145.130705,1620.216448759369,1100.4498799825087,1633.1110069329018,1095.971900806201,1620.2173,1100.4496,1632.3563,1095.5515,711979119,0.623501043402535,97.63411789288087,0,0.01610000617802143,6.419,5.845,,4.15,True,0,,False,1632.927940778603,1095.3758803918909,-37.913215064026915,145.13084837780622,13.68676372268614,0.623501043402535,short=0.953 small=1.000 angle_diff=1.787 mode=following,,
2026-09-10T11:12:32.550,1789002753,fuzzy,True,-37.91315,145.1305527,1606.789435250801,1102.0744238812476,1618.0238053513574,1099.273924695395,1606.7857,1102.0738,1619.9795,1098.7642,711979119,6.825896860351271,50.04927206958222,0,0.05149999924469739,6.639,6.419,,4.28,True,0,,False,1624.71,1097.9,-37.91319084165994,145.13075551204025,18.40033846619577,6.825896860351271,short=0.001 small=1.000 angle_diff=4.729 mode=entering_pending,,
2026-09-10T11:12:34.585,1789002755,fuzzy,True,-37.91313507,145.1304123,1594.4133130908012,1103.4835737692192,1602.5266757656916,1102.1143438897516,1594.4123,1103.4837,1606.5854,1100.6546,-1360476884,0.878212839796146,96.5265004678202,0,0.043100008042529225,6.287,6.639,,4.36,True,0,,False,1602.4039420822724,1101.2447495964532,-37.91315668155909,145.13050264600966,8.298342325784121,0.878212839796146,short=0.931 small=1.000 angle_diff=2.353 mode=confirmed,,
2026-09-10T11:12:36.616,1789002757,fuzzy,True,-37.91311613,145.1302712,1581.9667213910725,1105.336440528743,1587.2256696989248,1104.7021861575918,1581.971,1105.3369,1594.2586,1102.3944,-1360476884,5.819574298524975,50.245558727074425,0,0.04919999628327787,6.337,6.287,,4.41,True,0,,False,1592.66,1102.62,-37.913142532470786,145.13039216719577,11.032916955834764,5.819574298524975,short=0.005 small=1.000 angle_diff=1.566 mode=entering_pending,,
2026-09-10T11:12:38.648,1789002759,fuzzy,True,-37.91309392,145.1301305,1569.5480089942575,1107.5528496960178,1572.2623037467029,1107.2372744300826,1569.5443,1107.5525,1581.8031,1104.1871,-1470433046#3,1.6400081837675426,89.91728531777758,0,0.043199994252063334,6.296,6.337,,4.1,True,0,,False,1572.025397625512,1105.6144674999252,-37.91311182906095,145.13015822672634,3.1455969176607845,1.6400081837675426,short=0.798 small=1.000 angle_diff=1.310 mode=confirmed,,
2026-09-10T11:12:40.678,1789002761,fuzzy,True,-37.91308093,145.1299963,1557.7212451014202,1108.7576065510511,1558.4254889378553,1109.1360929294078,1557.7245,1108.7572,1569.3362,1105.9856,-1470433046#3,12.978618924078068,50.00000261625324,0,0.0315000070258975,5.927,6.296,,3.84,True,0,,False,1570.96,1105.77,-37.913110235464494,145.130146148221,13.57167727911901,12.978618924078068,short=0.000 small=1.000 angle_diff=0.492 mode=entering_pending,,
2026-09-10T11:12:42.704,1789002763,fuzzy,True,-37.91307162,145.1298488,1544.733434259193,1109.5305361924693,1544.9307918728075,1110.4535431357144,1544.7359,1109.5309,1557.5671,1107.5009,-1470433046#2,1.3588204513869266,93.0635527624928,0,0.027299989596940577,6.427,5.927,,3.99,True,0,,False,1544.7618692353885,1109.1052634311743,-37.91307545608998,145.1298490262991,0.4262223238765256,1.3588204513869266,short=0.861 small=1.000 angle_diff=1.565 mode=confirmed,,
2026-09-10T11:12:44.738,1789002765,fuzzy,True,-37.9130486,145.1296982,1531.4425655834493,1111.8193078748882,1531.5029122324825,1112.0923040579073,1531.4468,1111.8196,1544.6838,1109.115,-1470433046#2,1.315573566382686,93.4666962605767,0,0.010200004908256233,6.714,6.427,,3.97,True,0,,False,1531.3393658593577,1110.7869357602983,-37.913057881181274,145.12969679104705,1.0375174051722347,1.315573566382686,short=0.869 small=1.000 angle_diff=0.183 mode=following,,
2026-09-10T11:12:46.769,1789002767,fuzzy,True,-37.91302771,145.1295469,1518.0948925224948,1113.870467800647,1518.1052149877112,1113.8898780480577,1518.097,1113.8706,1531.3177,1110.7896,-1470433046#2,1.433659936246502,92.31677437155979,0,0.010200004908256233,6.738,6.714,,4.3,True,0,,False,1517.9269886316495,1112.4673394092842,-37.913040319336396,145.12954467072416,1.413138704872692,1.433659936246502,short=0.846 small=1.000 angle_diff=0.501 mode=following,,
2026-09-10T11:12:48.798,1789002769,fuzzy,True,-37.91300839,145.1293971,1504.882576664153,1115.750037457794,1504.7874725048266,1115.7208594335302,1504.8859,1115.7498,1517.9213,1112.4681,-1470433046#2,1.5948341786005042,90.48656602943169,0,0.009399998816661537,6.745,6.738,,4.55,True,0,,False,1504.5892096692767,1114.1383968256712,-37.913022854975424,145.12939339655867,1.63812384171401,1.5948341786005042,short=0.810 small=1.000 angle_diff=0.687 mode=following,,
2026-09-10T11:12:50.836,1789002771,fuzzy,True,-37.91299903,145.1292435,1491.3583675355767,1116.5176693201065,1491.3923303468116,1117.0831872566102,1491.3571,1116.5181,1504.6825,1114.1267,-1470433046#2,7.603848345977822,50.01420134762893,0,0.024500011932104826,6.653,6.745,,4.66,True,0,,False,1498.67,1114.88,-37.913015104356816,145.1293262622055,7.492791875985059,7.603848345977822,short=0.000 small=1.000 angle_diff=1.334 mode=entering_pending,,
2026-09-10T11:12:52.859,1789002773,fuzzy,True,-37.91297821,145.1290967,1478.4064358621836,1118.5689374338835,1478.1999790870834,1118.6674485732483,1478.4105,1118.569,1491.2607,1115.8666,-1470433046#1,15.586996928825755,50.00000004028962,0,0.019500002963468432,6.567,6.653,,4.52,True,0,,False,1493.47,1115.54,-37.91300821882732,145.12926728692142,15.365071640330589,15.586996928825755,short=0.000 small=1.000 angle_diff=1.282 mode=confirmed,,
2026-09-10T11:12:54.891,1789002775,fuzzy,True,-37.91296138,145.1289733,1467.5205385328736,1120.2187279229984,1466.2855416006644,1120.2625439230221,1467.5165,1120.219,1478.3831,1118.7478,-1470433046#1,27.591614660437767,50.0,0,0.051099996198900044,5.576,6.567,,3.98,True,0,,False,1493.47,1115.54,-37.91300821882732,145.12926728692142,26.367879046508907,27.591614660437767,short=0.000 small=1.000 angle_diff=0.505 mode=entering_pending,,
2026-09-10T11:12:56.930,1789002777,fuzzy,True,-37.91296662,145.128872,1458.6266657443484,1119.458506415598,1456.3688719317959,1120.509394556654,1458.6259,1119.4583,1467.4134,1119.6501,-1470433046#0,6.069064682595403,50.16500392417648,0,0.04529999569058418,4.648,5.576,,3.48,True,0,,False,1462.35,1119.48,-37.91296709966573,145.12891434053682,3.7233962928324194,6.069064682595403,short=0.003 small=1.000 angle_diff=6.764 mode=confirmed,,
2026-09-10T11:12:58.955,1789002779,fuzzy,True,-37.91296595,145.1288037,1452.62074401672,1119.4123182101175,1446.1223193055134,1121.22650721468,1452.6213,1119.4126,1459.3957,1118.4268,-1470433046#0,16.32139418594926,50.00000001244176,0,0.02519998815841973,4.732,4.648,,7.17,True,0,,False,1462.35,1119.48,-37.91296709966573,145.12891434053682,9.72949139538496,16.32139418594926,short=0.000 small=1.000 angle_diff=9.341 mode=confirmed,,
2026-09-10T11:13:00.994,1789002781,fuzzy,True,-37.91314589,145.1287547,1448.7138710439904,1099.3587870262563,1444.5165347189384,1106.2408703629105,1448.7145,1099.3589,1454.4454,1114.8447,-1470433046#0,22.210516371270806,10.000000000000805,0,0.029000002541579306,6.327,0,,2.97,True,0,,False,1462.35,1119.48,-37.91296709966573,145.12891434053682,24.3065263754341,22.210516371270806,short=0.000 small=0.000 angle_diff=78.546 mode=entering_pending,,
2026-09-10T11:13:03.023,1789002783,fuzzy,True,-37.91327256,145.1287333,1447.114727142849,1085.2650733646005,1443.0324946363805,1091.6209312477251,1447.1127,1085.2646,1449.3821,1099.2235,1470433047#3,26.534327323614487,17.361175345763776,0,0.023599990527145565,6.936,6.327,,2.69,True,0,,False,1455.26,1115.17,-37.91300464298707,145.1288327409541,30.99435605051457,26.534327323614487,short=0.000 small=0.184 angle_diff=57.639 mode=confirmed,,
2026-09-10T11:13:05.047,1789002785,fuzzy,True,-37.91339986,145.1287149,1445.7807301641442,1071.1067456481978,1442.466204729702,1076.0032298634092,1445.7825,1071.1071,1447.3034,1085.241,1470433047#3,41.20336248840438,13.641657238681857,0,0.03440000000409782,7.063,6.936,,2.43,True,0,,False,1455.26,1115.17,-37.91300464298707,145.1288327409541,45.071353881291216,41.20336248840438,short=0.000 small=0.091 angle_diff=61.358 mode=entering_pending,,
2026-09-10T11:13:07.090,1789002787,fuzzy,True,-37.91351449,145.1287023,1444.9284032493597,1058.3645813250914,1442.505235860022,1061.0110145044612,1444.9251,1058.364,1445.5674,1071.1315,-93686025#2,25.242198252446777,50.00000000000001,0,0.038700003642588854,6.321,7.063,,2.27,True,0,,False,1447.37,1085.78,-37.91326796759532,145.12873632009538,27.52392733265479,25.242198252446777,short=0.000 small=1.000 angle_diff=8.146 mode=confirmed,,
2026-09-10T11:13:09.123,1789002789,fuzzy,True,-37.91360087,145.128781,1452.0394960198319,1048.9183145891875,1447.468311705669,1048.7760402683,1452.0413,1048.9187,1444.0848,1058.4659,-93686025#2,37.00409032818865,44.92316381217782,0,0.04089999129064381,5.78,6.321,,2.2,True,0,,False,1447.37,1085.78,-37.91326796759532,145.12873632009538,37.156265210660386,37.00409032818865,short=0.000 small=0.873 angle_diff=30.077 mode=entering_pending,,
2026-09-10T11:13:11.152,1789002791,fuzzy,True,-37.91361633,145.1289004,1462.5706051053712,1047.4135107165202,1457.0012702984266,1043.1206110376177,1462.5709,1047.4136,1451.9642,1048.4116,-93686025#0,4.473707660236449,52.03899302287055,0,0.03599999763537198,4.976,5.78,,2.16,True,0,,False,1457.6737477521087,1047.5434872854396,-37.913614273629804,145.1288447501746,4.898582024082972,4.473707660236449,short=0.041 small=1.000 angle_diff=22.033 mode=confirmed,,
2026-09-10T11:13:13.198,1789002793,fuzzy,True,-37.91362591,145.1290064,1471.910594708519,1046.5375220254064,1467.8880014250958,1041.5084202212104,1471.908,1046.5379,1462.4795,1046.8128,-93686025#0,4.4311119493377,52.176541530460845,0,0.013199998647905886,4.728,4.976,,2.13,True,0,,False,1468.5540759894122,1045.889184741512,-37.91363114342937,145.12896808687182,3.4185609758203683,4.4311119493377,short=0.044 small=1.000 angle_diff=0.222 mode=following,,
2026-09-10T11:13:15.239,1789002795,fuzzy,True,-37.91363232,145.1291156,1481.5248390685883,1046.0189285408705,1479.0689133585108,1041.8945729202253,1481.529,1046.0189,1471.7358,1045.4054,-93686025#0,2.3686578311698843,77.61721866647225,0,0.032800002372823656,4.838,4.728,,2.11,True,0,,False,1479.4249645598684,1044.2363174543652,-37.91364799846513,145.12909131662482,2.754482753277555,2.3686578311698843,short=0.552 small=1.000 angle_diff=10.623 mode=confirmed,,
2026-09-10T11:13:17.274,1789002797,fuzzy,True,-37.91365192,145.1292407,1492.5662543004146,1044.0647488813847,1490.8272711551008,1041.9699670302857,1492.5657,1044.0646,1481.2166,1043.9639,-93686025#0,9.125151774261049,50.001245466970055,0,0.04129999433644116,5.501,4.838,,2.09,True,0,,False,1481.9,1043.86,-37.91365183592667,145.12911937303417,10.668219294031175,9.125151774261049,short=0.000 small=1.000 angle_diff=9.013 mode=entering_pending,,
2026-09-10T11:13:19.299,1789002799,fuzzy,True,-37.91367484,145.1293698,1503.9667039244669,1041.749207675457,1502.8083379646305,1041.1419435339044,1503.9692,1041.7497,1492.3373,1042.3942,-93686034#0,0.17808030958206567,98.81126510999715,0,0.031799994758330286,5.726,5.501,,2.12,True,0,,False,1502.7842088699338,1040.9655054896793,-37.91368168598091,145.12935617564273,1.4186203403264372,0.17808030958206567,short=0.976 small=1.000 angle_diff=3.834 mode=confirmed,,
2026-09-10T11:13:21.321,1789002802,fuzzy,True,-37.91369232,145.1295618,1520.8846789167728,1040.1482653263956,1520.4195369346871,1039.8458327963292,1520.8828,1040.1479,1503.8422,1040.8208,-93686034#0,1.272200408210204,93.85084517255227,0,0.012499993317760527,5.258,5.726,,2.12,True,0,,False,1520.24783505137,1038.5852724677786,-37.91370628465983,145.12955420215636,1.6877549540703511,1.272200408210204,short=0.877 small=1.000 angle_diff=3.547 mode=following,,
2026-09-10T11:13:23.345,1789002804,fuzzy,True,-37.91370754,145.1296772,1531.0635783964535,1038.6629493851215,1531.370169716268,1038.7145782914479,1531.0609,1038.6632,1520.6623,1038.5288,-93686034#0,1.6292429927220906,90.05521999949684,0,0.01170000177808106,4.662,5.258,,2.1,True,0,,False,1531.1502797614887,1037.1002421625326,-37.91372163287985,145.12967782929496,1.5651105361061197,1.6292429927220906,short=0.801 small=1.000 angle_diff=1.859 mode=following,,
2026-09-10T11:13:25.383,1789002806,fuzzy,True,-37.91372781,145.1297511,1537.6053831346799,1036.5440448923036,1539.5762825165891,1036.9723553788351,1537.6064,1036.5439,1530.8535,1037.1407,-93686034#0,1.0104945160484875,95.77689471372774,0,0.011299998732283711,3.644,4.662,,2.09,True,0,,False,1539.4399016363698,1035.9711064475125,-37.913733302739715,145.12977182863855,1.9219044186853407,1.0104945160484875,short=0.916 small=1.000 angle_diff=4.230 mode=following,,
2026-09-10T11:13:27.413,1789002808,fuzzy,True,-37.91379749,145.1297963,1541.7341289650649,1028.8917282531038,1544.8056148480364,1031.54921794237,1541.7346,1028.8922,1537.5632,1036.2267,-93686034#0,3.0047356258734244,54.946812217933605,0,0.03919999289792031,4.171,3.644,,2.09,True,0,,False,1541.87,1032.19,-37.913767803003665,145.12979859739318,3.3010691380988115,3.0047356258734244,short=0.308 small=0.790 angle_diff=33.397 mode=confirmed,,
2026-09-10T11:13:29.447,1789002810,fuzzy,True,-37.91390565,145.1297756,1540.1551747717313,1016.8532341755927,1545.2569555228524,1021.5639121324813,1540.1524,1016.8532,1542.641,1029.1198,-93686034#0,11.152811801604608,50.00004857134312,0,0.04499999340623617,5.738,4.171,,2.15,True,0,,False,1541.87,1032.19,-37.913767803003665,145.12979859739318,15.43233655400948,11.152811801604608,short=0.000 small=1.000 angle_diff=7.973 mode=entering_pending,,
2026-09-10T11:13:31.482,1789002812,fuzzy,True,-37.91402391,145.1297513,1538.2822335174424,1003.6876420760527,1544.0288512178493,1009.5108507999811,1538.283,1003.6877,1540.9811,1016.6227,-93686034#0,22.781669100782118,50.000000000000405,0,0.044800006435252726,6.515,5.738,,2.62,True,0,,False,1541.87,1032.19,-37.913767803003665,145.12979859739318,28.727277552148347,22.781669100782118,short=0.000 small=1.000 angle_diff=16.379 mode=entering_pending,,
2026-09-10T11:13:33.520,1789002814,fuzzy,True,-37.91414286,145.1297322,1536.867974193825,990.4546557944268,1541.8008923095476,995.988809956996,1536.8716,990.4545,1539.3133,1003.5652,114900092#4,9.09612362060893,50.001304675560974,0,0.037999998312443495,6.647,6.515,,3.12,True,0,,False,1532.7890335288487,997.2240695402977,-37.9140811423596,145.12968736473385,7.903335967247174,9.09612362060893,short=0.000 small=1.000 angle_diff=1.551 mode=confirmed,,
2026-09-10T11:13:35.551,1789002816,fuzzy,True,-37.91426293,145.1297055,1534.7880909586092,977.0839817114174,1538.7276213550615,981.5117153732275,1534.7924,977.0842,1537.7419,990.351,114900092#4,8.017321877913512,50.00732956872817,0,0.01060000795405358,6.712,6.647,,3.49,True,0,,False,1530.7845704933222,982.6004729687894,-37.91421251258067,145.12966123638796,6.8161464119129125,8.017321877913512,short=0.000 small=1.000 angle_diff=4.180 mode=following,,
2026-09-10T11:13:37.590,1789002818,fuzzy,True,-37.91436913,145.1296823,1532.9850210599834,965.2585662314668,1536.2980324225741,968.1155094501888,1532.9855,965.259,1536.0605,976.9218,114900092#4,8.401075199396438,50.00396687497481,0,0.04449998959898949,6.018,6.712,,5.37,True,0,,False,1529.47,973.01,-37.91429866802543,145.12964410079422,8.511174920073191,8.401075199396438,short=0.000 small=1.000 angle_diff=2.475 mode=entering_pending,,
2026-09-10T11:13:39.616,1789002820,fuzzy,True,-37.9144525,145.1296732,1532.370665579103,955.9913554210216,1534.0244212540247,955.6258691769855,1532.3743,955.9915,1534.4626,965.0607,-46129059#1,0.8098209338006913,96.86395537604363,0,0.04780000017490238,4.863,0,,6.27,True,0,,False,1533.2215724653986,955.7319058094455,-37.9144549909872,145.12968281611566,0.8895822784275549,0.8098209338006913,short=0.937 small=1.000 angle_diff=2.793 mode=confirmed,,
2026-09-10T11:13:41.657,1789002822,fuzzy,True,-37.91453851,145.1296554,1530.9973675226793,946.4158494984731,1531.7359544322096,944.3849482143397,1530.9949,946.4157,1533.2407,955.877,-46129059#1,0.012924503811181636,99.08224376119992,0,0.00960000033956021,4.832,4.863,,5.78,True,0,,False,1531.7231412017838,944.3866405277922,-37.9145569207464,145.12966318949015,2.155095468876673,0.012924503811181636,short=0.982 small=1.000 angle_diff=3.983 mode=following,,
2026-09-10T11:13:43.680,1789002824,fuzzy,True,-37.91463223,145.129653,1530.9950641929172,936.011968693696,1530.328875156828,933.8973575331848,1530.996,936.0118,1531.9741,946.2864,-46129059#1,0.008812515518969987,99.08815227168536,0,0.03519999154377729,5.043,4.832,,5.46,True,0,,False,1530.3376118010833,933.8962036367737,-37.91465117042811,145.1296450416129,2.21555984428793,0.008812515518969987,short=0.982 small=1.000 angle_diff=0.118 mode=confirmed,,
2026-09-10T11:13:45.727,1789002826,fuzzy,True,-37.91469299,145.1296257,1528.730399124208,929.2215717695653,1528.6278175044092,925.4961892737206,1528.7296,929.2213,1530.6235,936.061,-46129059#1,6.534933322155856,50.078438506962556,0,0.03460000152699649,3.552,5.043,,5.13,True,0,,False,1530.07,931.87,-37.91466937453565,145.12964153638643,2.9679458549956808,6.534933322155856,short=0.002 small=1.000 angle_diff=3.923 mode=entering_pending,,
2026-09-10T11:13:47.759,1789002828,fuzzy,True,-37.91472352,145.1296314,1529.2994698790135,925.8438630346209,1528.0608154597626,920.1841478343066,1529.2981,925.8435,1528.6635,929.2933,-46129059#0,4.092725424039424,53.6268346832176,0,0.03239999932702631,1.958,3.552,,4.74,True,0,,False,1528.99,924.17,-37.9147385425798,145.12962749920683,1.7022306144253716,4.092725424039424,short=0.073 small=1.000 angle_diff=2.581 mode=confirmed,,
2026-09-10T11:13:49.801,1789002830,fuzzy,True,-37.91473716,145.1296402,1530.1034539951943,924.3458230532706,1528.3722295403275,917.6567316315181,1530.101,924.3456,1529.4109,925.8079,-46129059#0,6.542499918281226,50.07749607510631,0,0.028099995688535273,0.925,1.958,,4.43,True,0,,False,1528.99,924.17,-37.9147385425798,145.12962749920683,1.1272504360059037,6.542499918281226,short=0.002 small=1.000 angle_diff=15.697 mode=confirmed,,
2026-09-10T11:13:51.846,1789002832,fuzzy,True,-37.91474709,145.1296489,1530.8903858370613,923.2592870434746,1529.191221776942,916.8896834423742,1530.893,923.2596,1529.0414,924.5072,-46129059#0,7.283096826402556,19.503671963769108,0,0.029300004825927317,1.038,0.925,,4.19,True,0,,False,1528.99,924.17,-37.9147385425798,145.12962749920683,2.107335858112416,7.283096826402556,short=0.000 small=0.236 angle_diff=55.549 mode=entering_pending,,
2026-09-10T11:13:53.885,1789002834,fuzzy,True,-37.91476326,145.1296518,1531.1813313500606,921.4700974160805,1530.019438522264,916.6486274801005,1531.1831,921.4703,1528.9864,923.2672,44348023#1,3.9668624515916644,54.36530619161081,0,0.026599998818710446,2.239,1.038,,3.98,True,0,,False,1533.55,914.84,-37.9148234135182,145.12967722051602,7.040510132080109,3.9668624515916644,short=0.087 small=1.000 angle_diff=11.134 mode=confirmed,,
2026-09-10T11:13:55.923,1789002836,fuzzy,True,-37.91480773,145.1297863,1543.1042968301335,916.7727357689291,1536.8491005961216,914.9334814037453,1543.1023,916.7732,1529.4079,920.6973,44348023#1,0.38602115629147854,98.35744327614904,0,0.02580000727903098,3.894,2.239,,3.78,True,0,,False,1536.8148279093377,914.5489846988892,-37.914826625192006,145.12971427731927,6.67101852247167,0.38602115629147854,short=0.967 small=1.000 angle_diff=9.004 mode=confirmed,,
2026-09-10T11:13:57.943,1789002838,fuzzy,True,-37.91481591,145.1298934,1552.537709698663,916.0539516443387,1546.1871511443853,914.0779410260822,1552.5393,916.0536,1543.1401,917.1938,44348023#1,0.39654828584921126,98.33047432770171,0,0.01170000177808106,4.84,3.894,,3.61,True,0,,False,1546.1447294013535,913.6836683555506,-37.914836106542865,145.12982016691342,6.818243171880602,0.39654828584921126,short=0.967 small=1.000 angle_diff=0.906 mode=following,,
2026-09-10T11:13:59.978,1789002840,fuzzy,True,-37.91482579,145.1300133,1563.1001574634574,915.1690915776417,1557.3800395443845,913.5796261156029,1563.1038,915.1692,1552.5563,916.2127,44348023#1,1.0984801688046124,95.1997854699555,0,0.014700010069645941,5.271,4.84,,3.45,True,0,,False,1557.262526885499,912.487449638902,-37.91484889177559,145.12994631058993,6.424105716153981,1.0984801688046124,short=0.904 small=1.000 angle_diff=3.592 mode=following,,
2026-09-10T11:14:02.003,1789002842,fuzzy,True,-37.91480244,145.1301338,1573.6413752536755,917.9726455509663,1568.9006370270324,914.9026669041336,1573.642,917.9724,1563.095,915.0861,44348023#1,6.400897527325636,50.097163689445125,0,0.03920000744983554,5.179,5.271,,3.62,True,0,,False,1563.28,911.84,-37.91485581168684,145.13001458548086,12.040242464388564,6.400897527325636,short=0.002 small=1.000 angle_diff=12.692 mode=entering_pending,,
2026-09-10T11:14:04.023,1789002844,fuzzy,True,-37.91481665,145.1302638,1585.1013547416078,916.6250905906782,1581.392525481803,915.4862663059521,1585.0992,916.6255,1573.1066,913.8136,1038136215,5.916552158312164,50.21041413678145,0,0.03090000245720148,5.627,5.179,,3.5,True,0,,False,1580.6393093682536,909.6178546870966,-37.91487896640137,145.13021146530266,8.307298232416693,5.916552158312164,short=0.004 small=1.000 angle_diff=9.989 mode=confirmed,,
2026-09-10T11:14:06.065,1789002846,fuzzy,True,-37.91482073,145.1303956,1596.697021044325,916.4047699095681,1593.8887171265987,915.8158620047737,1596.6933,916.4049,1584.5475,912.3405,1038136215,9.161824572811986,50.001174491722956,0,0.03409999771974981,5.659,5.627,,3.73,True,0,,False,1588.18,908.65,-37.91488904768661,145.13029698715857,11.518511354329556,9.161824572811986,short=0.000 small=1.000 angle_diff=8.825 mode=entering_pending,,
2026-09-10T11:14:08.099,1789002848,fuzzy,True,-37.91483965,145.1305248,1608.0971473159152,914.533126858063,1606.402150718152,915.1549259890451,1608.0978,914.5333,1596.2883,913.1107,139327110#0,6.457012128093029,50.088834989604386,0,0.02610000956337899,5.675,5.659,,3.66,True,0,,False,1605.6142471260146,908.746165301374,-37.914891331618726,145.13049524799655,6.2971197711021,6.457012128093029,short=0.002 small=1.000 angle_diff=3.985 mode=confirmed,,
2026-09-10T11:14:10.139,1789002850,fuzzy,True,-37.91485199,145.1306659,1620.5287566293846,913.4125990774482,1619.1167271735883,914.1826130163569,1620.5247,913.4123,1607.7497,911.7016,139327110#0,7.043434955114184,50.03479891247845,0,0.012799995602108538,6.123,5.675,,3.8,True,0,,False,1618.2572665450455,907.1918116749576,-37.914907617850865,145.13063865302857,6.6225269429604205,7.043434955114184,short=0.001 small=1.000 angle_diff=2.636 mode=following,,
2026-09-10T11:14:12.177,1789002852,fuzzy,True,-37.91487065,145.1308049,1632.7898138247547,911.5870511345565,1631.8502997128921,912.663268049279,1632.7903,911.5874,1620.1273,910.1799,139327110#0,7.089231562364332,50.03234180737277,0,0.016400008462369442,6.147,6.123,,3.84,True,0,,False,1630.985250847771,905.6270123258296,-37.9149240133564,145.1307830218566,6.227239367442938,7.089231562364332,short=0.001 small=1.000 angle_diff=0.205 mode=following,,
2026-09-10T11:14:14.219,1789002854,fuzzy,True,-37.91488937,145.1309458,1645.218027628085,909.7581764888018,1644.5758915541876,910.8393404176052,1645.2207,909.7587,1632.4313,908.6672,139327110#0,6.831747737614366,50.048813414338944,0,0.010700008715502918,6.236,6.147,,3.97,True,0,,False,1643.7422616219123,904.0586444145083,-37.91494044607607,145.1309277199928,5.887491076076108,6.831747737614366,short=0.001 small=1.000 angle_diff=1.148 mode=following,,
2026-09-10T11:14:16.242,1789002856,fuzzy,True,-37.91490605,145.1310839,1657.3955473083188,908.1507163606584,1657.1568709725761,908.9030895645545,1657.3944,908.1507,1644.8981,907.1345,139327110#0,6.445735795195203,50.09044938262749,0,0.011699987226165831,6.19,6.236,,3.82,True,0,,False,1656.3687443179995,902.5057177356074,-37.91495671594456,145.1310709375289,5.7376244089132,6.445735795195203,short=0.002 small=1.000 angle_diff=1.726 mode=following,,
2026-09-10T11:14:18.283,1789002858,fuzzy,True,-37.91491717,145.131224,1669.7365118194139,907.1637291507795,1669.6535337970297,907.3256226943084,1669.7398,907.1634,1657.0872,905.6379,139327110#0,7.849903455013032,50.009580608673836,0,0.05709999823011458,6.156,6.19,,3.94,True,0,,False,1664.37,901.52,-37.91496704071064,145.13116169248204,7.787883398926108,7.849903455013032,short=0.000 small=1.000 angle_diff=0.171 mode=confirmed,,
2026-09-10T11:14:20.318,1789002860,fuzzy,True,-37.91493298,145.1313641,1682.08790592046,905.6562973391265,1682.0933249905956,905.754326157148,1682.0906,905.656,1669.5065,904.3116,139327110#0,18.2221230027509,50.00000000059446,0,0.05640000745188445,6.241,6.156,,3.91,True,0,,False,1664.37,901.52,-37.91496704071064,145.13116169248204,18.19431630713109,18.2221230027509,short=0.000 small=1.000 angle_diff=0.176 mode=entering_pending,,
2026-09-10T11:14:22.355,1789002863,fuzzy,True,-37.91500275,145.1315679,1700.1592016597278,898.2734292047098,1700.6219181246347,902.3044679396008,1700.1604,898.2735,1682.4901,904.417,44348024#1,8.341851134189215,50.00436112147566,0,0.054800009820610285,6.321,6.241,,8.32,True,0,,False,1696.78,894.9,-37.9150325283964,145.13152870721976,4.77483281972227,8.341851134189215,short=0.000 small=1.000 angle_diff=1.936 mode=confirmed,,
2026-09-10T11:14:24.391,1789002865,fuzzy,True,-37.91502003,145.1317041,1712.1709947055206,896.5959613015875,1712.7723126312692,899.2992769085693,1712.1735,896.5959,1700.1321,897.8622,44348024#1,16.586370929607348,50.000000008142486,0,0.025699991965666413,6.106,6.321,,8.3,True,0,,False,1696.78,894.9,-37.9150325283964,145.13152870721976,15.484153278815267,16.586370929607348,short=0.000 small=1.000 angle_diff=5.282 mode=entering_pending,,
2026-09-10T11:14:26.431,1789002867,fuzzy,True,-37.91503922,145.1318545,1725.4353529459331,894.731552763842,1725.218993774841,896.2703472432933,1725.4389,894.7319,1712.1656,896.5378,1209622645,4.696330561168436,51.445644165313894,0,0.021100000594742596,6.588,6.106,,8.03,True,0,,False,1724.5849627465798,891.617012375162,-37.915067122949765,145.13184412066263,3.2285484856008884,4.696330561168436,short=0.029 small=1.000 angle_diff=5.918 mode=confirmed,,
2026-09-10T11:14:28.464,1789002869,fuzzy,True,-37.91505935,145.1320102,1739.1677177448291,892.7721534790471,1738.1907408838224,893.4396250519894,1739.1651,892.7717,1725.4386,894.7293,1209622645,3.642782891878246,56.921135626615374,0,0.010000003385357559,6.944,6.588,,7.73,True,0,,False,1737.6989447139006,889.8301924477411,-37.91508558668958,145.13199282859955,3.288225802177586,3.642782891878246,short=0.138 small=1.000 angle_diff=4.551 mode=following,,
2026-09-10T11:14:30.510,1789002871,fuzzy,True,-37.9150792,145.1321567,1752.0906799626537,890.827594153583,1751.349522717473,890.8795700472681,1752.0871,890.8277,1739.1768,892.8574,1209622645,2.882675145062954,67.57696108921269,0,0.012299991794861853,6.707,6.944,,6.52,True,0,,False,1750.9603453666537,888.0232862760764,-37.91510425779723,145.13214320829587,3.023540800247328,2.882675145062954,short=0.352 small=1.000 angle_diff=3.250 mode=following,,
2026-09-10T11:14:32.551,1789002873,fuzzy,True,-37.91509869,145.1323005,1764.7754775441717,888.9182058889419,1764.5648147270408,888.7626313849898,1764.7781,888.9183,1752.1233,891.0934,1209622645,2.5692561277886825,73.61629301114687,0,0.0315000070258975,6.387,6.707,,3.5,True,0,,False,1764.2179507055776,886.216897227464,-37.91512292337111,145.13229354503855,2.758243038662199,2.5692561277886825,short=0.472 small=1.000 angle_diff=1.342 mode=confirmed,,
2026-09-10T11:14:34.594,1789002875,fuzzy,True,-37.91511867,145.1324465,1777.65475958772,886.9583004182205,1777.5134225421923,886.6595384656056,1777.6516,886.9583,1764.8384,889.3609,1209622645,11.5041060747057,50.00002768700834,0,0.03199999628122896,6.442,6.387,,3.78,True,0,,False,1766.03,885.97,-37.91512547456669,145.13231409306874,11.666695041396437,11.5041060747057,short=0.000 small=1.000 angle_diff=1.466 mode=entering_pending,,
2026-09-10T11:14:36.635,1789002877,fuzzy,True,-37.91513938,145.1325971,1790.9400431093527,884.9254722781479,1790.5370953969366,884.5151114813559,1790.9376,884.9249,1777.6388,886.872,569766862#0,2.7661698876580294,69.75562662037296,0,0.026299996534362435,6.651,6.442,,5.62,True,0,,False,1790.130804077075,881.7789420401862,-37.91516757862079,145.1325871815555,3.248926030208976,2.7661698876580294,short=0.395 small=1.000 angle_diff=0.904 mode=confirmed,,
2026-09-10T11:14:38.674,1789002879,fuzzy,True,-37.91516006,145.1327474,1804.1988792717457,882.8954234281555,1803.9101560359593,882.6489462973916,1804.1996,882.8951,1790.9332,884.8953,569766862#0,2.884461360115391,67.54440016618554,0,0.010100004146806896,6.578,6.651,,3.43,True,0,,False,1803.4864902234149,879.7957683118324,-37.91518785385096,145.13273859354138,3.1804653741755593,2.884461360115391,short=0.351 small=1.000 angle_diff=0.502 mode=following,,
2026-09-10T11:14:40.705,1789002881,fuzzy,True,-37.91517953,145.13289,1816.7781119787833,880.9860614128411,1816.8684710413966,880.7545278970999,1816.7739,880.9863,1804.2036,882.9221,569766862#0,2.9138887540856038,67.01203226902643,0,0.022100008209235966,6.52,6.578,,3.68,True,0,,False,1816.4404829727282,877.8722416718502,-37.91520751908729,145.13288545165918,3.1320706769027353,2.9138887540856038,short=0.340 small=1.000 angle_diff=0.129 mode=confirmed,,
2026-09-10T11:14:42.722,1789002883,fuzzy,True,-37.91520093,145.1330483,1830.7418124665273,878.8901631394401,1830.3416544032684,878.7996780736594,1830.7407,878.8899,1816.7836,881.0516,569766862#0,11.53398418559856,50.000026394570824,0,0.02689998655114323,7.003,6.52,,3.51,True,0,,False,1818.88,877.51,-37.915211222456364,145.13291310822888,11.941835925959206,11.53398418559856,short=0.000 small=1.000 angle_diff=0.191 mode=entering_pending,,
2026-09-10T11:14:44.738,1789002885,fuzzy,True,-37.91522172,145.1332028,1844.3700915038935,876.8552393242717,1843.7416320016896,876.798018064687,1844.3682,876.8551,1830.7527,878.9711,569766862#0-AddedOffRampEdge,1.356828952858309,93.08256691149083,0,0.020899999071843922,6.938,7.003,,6.09,True,0,,False,1843.5422274972732,875.455921700437,-37.91523417601644,145.13319306790228,1.6258685758177949,1.356828952858309,short=0.862 small=1.000 angle_diff=0.045 mode=confirmed,,
2026-09-10T11:14:46.780,1789002887,fuzzy,True,-37.91524203,145.1333569,1857.962132000248,874.8728520609438,1857.5754741388112,874.836932756268,1857.959,874.8727,1844.3817,876.9461,569766862#0-AddedOffRampEdge,1.4501089295634964,92.14407256119162,0,0.009499999578110874,7.035,6.938,,3.57,True,0,,False,1857.3623608706719,873.4025692589136,-37.91525516645036,145.13334974534854,1.5879096088313693,1.4501089295634964,short=0.843 small=1.000 angle_diff=0.383 mode=following,,
2026-09-10T11:14:48.800,1789002889,fuzzy,True,-37.91526361,145.1335206,1872.400920761167,872.7664167620242,1871.7288225653574,872.8017228653453,1872.4016,872.766,1857.9672,874.9276,569766862#0-AddedOffRampEdge,1.5170249793317214,91.40883584544801,0,0.00960000033956021,7.241,7.035,,3.73,True,0,,False,1871.5058750718256,871.3011698995875,-37.915276647831035,145.13351008903138,1.7169901437949966,1.5170249793317214,short=0.828 small=1.000 angle_diff=0.268 mode=following,,
2026-09-10T11:14:50.837,1789002891,fuzzy,True,-37.91528443,145.1336803,1886.4863731263904,870.7372486982495,1885.6984803257194,870.7768410932757,1886.4894,870.7375,1872.4041,872.7826,569766862#0-AddedOffRampEdge,1.5671611575869793,90.82297642532349,0,0.009900002623908222,7.23,7.241,,6.1,True,0,,False,1885.4681646375768,869.2266963330534,-37.91529785375295,145.1336683782879,1.8216797124334112,1.5671611575869793,short=0.816 small=1.000 angle_diff=0.204 mode=following,,
2026-09-10T11:14:52.870,1789002893,fuzzy,True,-37.91530445,145.1338361,1900.227191951708,868.7899642791599,1899.7267041082052,868.7714356231646,1900.2298,868.7897,1886.4825,870.6909,569766862#0-AddedOffRampEdge,1.6451692371494802,89.85065136156052,0,0.00960000033956021,7.079,7.23,,6.18,True,0,,False,1899.4849240697383,867.1441298031474,-37.915319142191734,145.13382728516473,1.8054729937152272,1.6451692371494802,short=0.797 small=1.000 angle_diff=0.315 mode=following,,
2026-09-10T11:14:54.898,1789002895,fuzzy,True,-37.91532473,145.1339939,1914.144400075893,866.8173260381445,1913.9285644147149,866.7952735598517,1914.1438,866.8172,1900.2092,868.6514,569766862#0-AddedOffRampEdge,1.7776214489718438,88.02848750798542,0,0.009399998816661537,6.995,7.079,,3.83,True,0,,False,1913.6673187187664,865.0369537077789,-37.915340681978584,145.13398806993686,1.84318535585792,1.7776214489718438,short=0.761 small=1.000 angle_diff=0.529 mode=following,,
2026-09-10T11:14:56.937,1789002897,fuzzy,True,-37.91534492,145.134151,1927.9998635887168,864.8534193690866,1927.9526526953723,864.8294824451368,1927.9963,864.8534,1914.1094,866.5862,569766862#0-AddedOffRampEdge,6.82849041320208,50.049068229916735,0,0.032199997804127634,6.96,6.995,,3.34,True,0,,False,1921.185,863.9200000000001,-37.91535209951464,145.13407329738206,6.8784909283508675,6.82849041320208,short=0.001 small=1.000 angle_diff=0.472 mode=entering_pending,,
2026-09-10T11:14:58.977,1789002899,fuzzy,True,-37.91530064,145.1343133,1942.169252472464,870.0525544108823,1942.0788484359368,867.3525254826434,1942.17,870.0529,1928.0089,865.1862,569766862#0-AddedOffRampEdge,21.173925796906396,50.00000000000528,0,0.031400006264448166,6.695,6.96,,2.78,True,0,,False,1921.185,863.9200000000001,-37.91535209951464,145.13407329738206,21.86200071883963,21.173925796906396,short=0.000 small=1.000 angle_diff=18.578 mode=entering_pending,,
2026-09-10T11:15:01.014,1789002901,fuzzy,True,-37.91525924,145.134445,1953.655015342054,874.8782440023497,1954.5750639727112,871.8733120733423,1953.6512,874.8785,1942.1447,868.2744,44348588#0,1.162347823416336,94.73767706721696,0,0.028599999495781958,6.061,6.695,,2.47,True,0,,False,1953.63,872.55,-37.91528020887188,145.13444418567835,2.328378384587762,1.162347823416336,short=0.895 small=1.000 angle_diff=7.439 mode=confirmed,,
2026-09-10T11:15:03.057,1789002903,fuzzy,True,-37.91521102,145.134568,1964.360829511308,880.4453915683553,1965.782403149189,877.6649940814731,1964.364,880.4458,1954.704,875.4643,44348588#0,13.18499399900958,50.000001880510204,0,0.04820000322069973,5.932,6.061,,2.34,True,0,,False,1953.63,872.55,-37.91528020887188,145.13444418567835,13.322458857824062,13.18499399900958,short=0.000 small=1.000 angle_diff=0.001 mode=entering_pending,,
2026-09-10T11:15:05.091,1789002905,fuzzy,True,-37.91513079,145.1346819,1974.1955933585996,889.5485049625859,1975.7962881872375,886.1742643092626,1974.194,889.548,1964.2962,880.5252,44348588#1,11.614737060734702,50.000023195395805,0,0.03530000685714185,6.467,5.932,,2.25,True,0,,False,1965.24,881.33,-37.91520320973819,145.1345781981271,12.155100831529149,11.614737060734702,short=0.000 small=1.000 angle_diff=0.099 mode=confirmed,,
2026-09-10T11:15:07.127,1789002907,fuzzy,True,-37.91500731,145.1347309,1978.2289764134912,903.3366686599329,1981.7246730896989,898.8040597053391,1978.2326,903.3364,1974.7557,889.4029,44348588#1,24.02263951900365,50.00000000000006,0,0.0261999957729131,6.565,6.467,,2.18,True,0,,False,1965.24,881.33,-37.91520320973819,145.1345781981271,25.55400113051382,24.02263951900365,short=0.000 small=1.000 angle_diff=24.400 mode=entering_pending,,
2026-09-10T11:15:09.152,1789002909,fuzzy,True,-37.91489521,145.1347811,1982.3931368850172,915.8641589516774,1985.6317607890671,912.5856605444961,1982.3939,915.8645,1978.3466,903.3069,139332152#2,6.334337539840259,50.10805871185744,0,0.02200000744778663,6.515,6.565,,2.12,True,0,,False,1979.4986541552894,914.1695908104299,-37.91490995329595,145.13474780214122,3.3540410638546576,6.334337539840259,short=0.002 small=1.000 angle_diff=1.347 mode=confirmed,,
2026-09-10T11:15:11.178,1789002911,fuzzy,True,-37.91479097,145.1348145,1985.0978708844632,927.4899076353759,1987.9528576489565,925.909912872389,1985.0935,927.4903,1981.64,916.0592,139332152#2,5.536604434009307,50.385090957131055,0,0.03099998866673559,6.029,6.515,,2.09,True,0,,False,1982.43,925.52,-37.91480823448275,145.13478371627392,3.316333992238756,5.536604434009307,short=0.008 small=1.000 angle_diff=4.599 mode=confirmed,,
2026-09-10T11:15:13.213,1789002913,fuzzy,True,-37.91469711,145.1348489,1987.913572660822,937.9655974246562,1989.810347908494,937.9191592209145,1987.9147,937.9652,1984.7713,927.5934,139332152#2,14.429438126136384,50.00000025677182,0,0.03460000152699649,5.564,6.029,,2.07,True,0,,False,1982.43,925.52,-37.91480823448275,145.13478371627392,13.600090602018856,14.429438126136384,short=0.000 small=1.000 angle_diff=5.688 mode=entering_pending,,
2026-09-10T11:15:15.251,1789002915,fuzzy,True,-37.9145978,145.134879,1990.339165820973,949.038480926305,1991.502247212153,949.370629223997,1990.3354,949.0379,1988.073,937.9145,139332152#3,4.207615256568858,53.05503642976912,0,0.03090000245720148,5.696,5.564,,2.06,True,0,,False,1988.1,946.895,-37.91461670537134,145.13485305153122,3.0997377397527885,4.207615256568858,short=0.061 small=1.000 angle_diff=8.158 mode=confirmed,,
2026-09-10T11:15:17.285,1789002917,fuzzy,True,-37.91449064,145.1348733,1989.6001338467468,960.9194629667327,1991.362414728404,960.991649419359,1989.6031,960.9195,1992.15,952,139332152#3,14.469238912687219,50.000000240930035,0,0.029000002541579306,5.831,5.696,,2.02,True,0,,False,1988.1,946.895,-37.91461670537134,145.13485305153122,14.10446606800174,14.469238912687219,short=0.000 small=1.000 angle_diff=0.936 mode=entering_pending,,
2026-09-10T11:15:19.323,1789002919,fuzzy,True,-37.91439834,145.1348996,1991.7072422259953,971.2077961796895,1992.1224135268108,971.7753825319293,1991.7108,971.2079,1986.9757,960.4751,5322853#4,9.192578989204918,50.00111809857251,0,0.02340000355616212,5.237,5.831,,2.01,True,0,,False,1986.29,964.67,-37.914456257567764,145.13483651507065,8.49054133858787,9.192578989204918,short=0.000 small=1.000 angle_diff=6.894 mode=confirmed,,
2026-09-10T11:15:21.364,1789002922,fuzzy,True,-37.91435757,145.1350689,2006.500023111119,976.0296382755041,2002.798510139084,979.7210124526368,2006.5027,976.0301,1990.4638,972.56,5322853#4,22.339737752750686,18.795871463198605,0,0.02950000634882599,4.93,5.237,,2.01,True,0,,False,1986.29,964.67,-37.914456257567764,145.13483651507065,23.183753274702134,22.339737752750686,short=0.000 small=0.220 angle_diff=56.204 mode=entering_pending,,
2026-09-10T11:15:23.400,1789002924,fuzzy,True,-37.91442697,145.1351963,2017.8539356972906,968.5527473241091,2014.0760218134806,975.4852600762985,2017.8541,968.5525,2006.3065,975.6068,5322853#4,29.81665404999689,10.0,0,0.028300011763349175,6.027,4.93,,2.01,True,0,,False,1986.29,964.67,-37.914456257567764,145.13483651507065,31.8018515732272,29.81665404999689,short=0.000 small=0.000 angle_diff=113.448 mode=entering_pending,,
2026-09-10T11:15:25.422,1789002926,fuzzy,True,-37.91446023,145.1353332,2029.9627521084622,965.1028233701363,2026.7527701274828,970.0961477106254,2029.9669,965.103,2017.5989,967.6614,988996004,45.055237501104386,10.0,0,0.024100008886307478,6.168,6.027,,2.01,True,0,,False,1981.96,965.24,-37.91445034233196,145.13478740997328,48.002948111696696,45.055237501104386,short=0.000 small=0.000 angle_diff=177.257 mode=confirmed,,
2026-09-10T11:15:27.451,1789002928,fuzzy,True,-37.91448365,145.1354897,2043.7727649753797,962.7792446445674,2041.015784083493,965.2005594062549,2043.7767,962.7789,2029.9739,964.3857,988996004,59.05579725375457,10.0,0,12.539800009108149,6.873,6.168,,2.0,True,0,,False,1981.96,965.24,-37.91445034233196,145.13478740997328,61.861726704165086,59.05579725375457,short=0.000 small=0.000 angle_diff=178.656 mode=entering_pending,,
2026-09-10T11:15:29.479,1789002930,fuzzy,True,-37.91450614,145.1356605,2058.837827150128,960.5839850893244,2056.538697252486,961.2847149679312,2058.8421,960.5837,2042.3021,962.4008,988996004,74.68350797574313,10.0,0,12.480999997933395,7.43,6.873,,2.0,True,0,,False,1981.96,965.24,-37.91445034233196,145.13478740997328,77.01869112217737,74.68350797574313,short=0.000 small=0.000 angle_diff=173.870 mode=entering_pending,,
2026-09-10T11:15:31.500,1789002932,fuzzy,True,-37.91452732,145.1358309,2073.864808305283,958.5333589464426,2072.3998390038046,958.3154691934267,2073.8621,958.5337,2059.9912,961.0589,988996004,90.70454016158875,10.0,0,12.323699993430637,7.593,7.43,,2.0,True,0,,False,1981.96,965.24,-37.91445034233196,145.13478740997328,92.14918786322582,90.70454016158875,short=0.000 small=0.000 angle_diff=170.315 mode=entering_pending,,
2026-09-10T11:15:33.529,1789002934,fuzzy,True,-37.91454917,145.1360026,2089.0075511061586,956.4106444194913,2088.0095427524393,955.787747776035,2089.0061,956.4108,2074.514,958.8202,988996004,106.46995158309642,10.0,0,12.112600001273677,7.751,7.593,,2.5,True,0,,False,1981.96,965.24,-37.91445034233196,145.13478740997328,107.41105956926735,106.46995158309642,short=0.000 small=0.000 angle_diff=168.910 mode=entering_pending,,
2026-09-10T11:15:35.553,1789002936,fuzzy,True,-37.91457125,145.1361781,2104.484855159768,954.2690601758659,2103.651348658335,953.4724864295397,2104.4883,954.2687,2090.307,956.6327,630680457#4,4.86242884226952,51.11579612930322,0,12.009400001261383,7.664,7.751,,3.34,True,0,,False,2098.79,953.37,-37.91457832312106,145.13611314137665,5.765386759842181,4.86242884226952,short=0.022 small=1.000 angle_diff=0.229 mode=confirmed,,
2026-09-10T11:15:37.570,1789002938,fuzzy,True,-37.91459158,145.1363166,2116.7055765448604,952.2565995827317,2117.7807836983784,951.5816477132971,2116.706,952.2564,2104.2253,952.5421,630680457#4,19.074801948642918,50.00000000015192,0,0.05539999983739108,6.347,0,,3.09,True,0,,False,2098.79,953.37,-37.91457832312106,145.13611314137665,17.950140484796375,19.074801948642918,short=0.000 small=1.000 angle_diff=1.026 mode=entering_pending,,
2026-09-10T11:15:39.610,1789002940,fuzzy,True,-37.91460415,145.1364187,2125.7091315541184,951.0412311879918,2128.839009993048,950.2258555923737,2125.7095,951.0417,2116.8844,952.224,630680457#5,15.446084590073474,50.0000000504788,0,0.05830000736750662,4.682,6.347,,2.99,True,0,,False,2113.42,951.14,-37.91460104681283,145.1362789869822,12.289528454446542,15.446084590073474,short=0.000 small=1.000 angle_diff=1.689 mode=confirmed,,
2026-09-10T11:15:41.637,1789002942,fuzzy,True,-37.91460466,145.1364981,2132.6903594631003,951.1241937559098,2137.341455203547,949.7298525391642,2132.6894,951.1245,2125.3264,949.5344,630680457#5,23.962982596425718,50.00000000000006,0,0.05980000423733145,3.656,4.682,,3.14,True,0,,False,2113.42,951.14,-37.91460104681283,145.1362789869822,19.270365945524997,23.962982596425718,short=0.000 small=1.000 angle_diff=5.340 mode=entering_pending,,
2026-09-10T11:15:43.672,1789002944,fuzzy,True,-37.91457701,145.1365631,2138.3432047311217,954.3066157922149,2143.4973814553537,951.3891737021695,2138.3438,954.3064,2133.5604,948.953,630680457#7,13.419905516587068,50.00000129134551,0,0.08620000153314322,3.359,0,,3.2,True,0,,False,2130.36,948.65,-37.91462652845957,145.13647103981415,9.784112632208203,13.419905516587068,short=0.000 small=1.000 angle_diff=23.305 mode=confirmed,,
2026-09-10T11:15:45.714,1789002946,fuzzy,True,-37.91448689,145.1365876,2140.297092192108,964.3498376784846,2146.510906572447,957.9157011916946,2140.2992,964.3499,2137.053,954.5584,630680457#7,18.620016156965956,10.000000000251609,0,0.050300004659220576,4.615,3.359,,3.25,True,0,,False,2130.36,948.65,-37.91462652845957,145.13647103981415,18.580384935872925,18.620016156965956,short=0.000 small=0.000 angle_diff=73.435 mode=entering_pending,,
2026-09-10T11:15:47.743,1789002948,fuzzy,True,-37.91439003,145.136609,2141.96351015073,975.1355145089328,2147.6551401187985,967.8516095775037,2141.9601,975.1352,2139.0132,964.6009,-630680455#1,7.859067063197596,50.00944119103956,0,0.04430000262800604,5.361,4.615,,3.29,True,0,,False,2139.941647849701,969.3572563217336,-37.91444171789438,145.13658469665586,6.121780365404931,7.859067063197596,short=0.000 small=1.000 angle_diff=4.476 mode=confirmed,,
2026-09-10T11:15:49.760,1789002950,fuzzy,True,-37.91429204,145.136628,2143.416440633533,986.0423632161692,2147.9577859353917,979.5575736716717,2143.4124,986.0427,2141.1022,975.3026,-630680455#1,7.564880286151926,50.01511469556768,0,0.03360000846441835,5.437,5.361,,3.37,True,0,,False,2141.25,976.06,-37.91438157350539,145.13660109709582,10.214746222895196,7.564880286151926,short=0.000 small=1.000 angle_diff=9.564 mode=entering_pending,,
2026-09-10T11:15:51.805,1789002952,fuzzy,True,-37.91418793,145.1366518,2145.277772950707,997.6367525896057,2148.211988972512,992.4073785217115,2145.2767,997.6362,2143.3438,986.058,-630680455#0,3.3762948196625686,59.874378395945556,0,0.029800008633174002,5.808,5.437,,3.41,True,0,,False,2144.9159490324278,993.1391485830362,-37.91422838039857,145.13664666349746,4.512134566671216,3.3762948196625686,short=0.197 small=1.000 angle_diff=11.384 mode=confirmed,,
2026-09-10T11:15:53.822,1789002954,fuzzy,True,-37.91408497,145.1366831,2147.800996345177,1009.1167119611055,2149.0876394793736,1005.5061457300427,2147.8052,1009.1167,2145.875,997.5074,-630680455#0,10.193412926464958,50.00022544322923,0,0.02920000406447798,5.865,5.808,,3.45,True,0,,False,2145.54,995.95,-37.91420317191789,145.13665439826315,13.359431437737898,10.193412926464958,short=0.000 small=1.000 angle_diff=8.693 mode=entering_pending,,
2026-09-10T11:15:55.846,1789002956,fuzzy,True,-37.91398054,145.1367201,2150.822061429033,1020.769805575721,2150.819519523198,1018.5412830913675,2150.8199,1020.7692,2148.3494,1008.9995,-10585186,0.40640785000767454,98.30482822328894,0,0.024199995095841587,5.956,5.865,,3.45,True,0,,False,2150.422216351062,1018.626825653632,-37.91399977250523,145.13671506643797,2.179963080617233,0.40640785000767454,short=0.966 small=1.000 angle_diff=4.583 mode=confirmed,,
2026-09-10T11:15:57.866,1789002958,fuzzy,True,-37.91389341,145.1367446,2152.782618137193,1030.4812372541055,2152.666059108346,1030.2748512751534,2152.7823,1030.4818,2150.8807,1020.7561,-10585186,1.9104427873100158,85.98820267368454,0,0.04700000863522291,4.945,5.956,,3.54,True,0,,False,2152.52,1028.37,-37.91391238127187,145.13674113401214,2.127508173687263,1.9104427873100158,short=0.720 small=1.000 angle_diff=3.207 mode=confirmed,,
2026-09-10T11:15:59.906,1789002960,fuzzy,True,-37.91382166,145.1367683,2154.7069661100395,1038.4846213301644,2154.5736425124073,1040.1603717747153,2154.7099,1038.4843,2152.9688,1030.4414,-10585186,11.967886787347696,50.00001318281964,0,0.04959999932907522,4.217,4.945,,3.54,True,0,,False,2152.52,1028.37,-37.91391238127187,145.13674113401214,10.348351821381012,11.967886787347696,short=0.000 small=1.000 angle_diff=1.229 mode=entering_pending,,
2026-09-10T11:16:01.940,1789002962,fuzzy,True,-37.9137548,145.1368011,2157.442159980128,1045.961377395317,2156.919647817479,1048.5495167532579,2157.4425,1045.9611,2154.6299,1039.001,-10585186,20.653566212953823,50.00000000001215,0,0.05269999383017421,3.937,4.217,,3.58,True,0,,False,2152.52,1028.37,-37.91391238127187,145.13674113401214,18.2670254156074,20.653566212953823,short=0.000 small=1.000 angle_diff=3.473 mode=entering_pending,,
2026-09-10T11:16:03.966,1789002964,fuzzy,True,-37.91369294,145.1368236,2159.282959914941,1052.865207850933,2159.1030002105244,1055.746196917175,2159.2786,1052.8652,2159.4859,1044.5193,10585197#1,0.06741505078808797,92.59985684476364,0,0.048000001697801054,3.693,3.937,,3.61,True,0,,False,2159.0370682935677,1055.7321337952183,-37.913667069722756,145.1368214556925,2.8774514869024346,0.06741505078808797,short=0.980 small=0.902 angle_diff=28.918 mode=confirmed,,
2026-09-10T11:16:05.990,1789002966,fuzzy,True,-37.91363359,145.1368179,2158.6502210570034,1059.4409613003954,2159.9028953822312,1062.1228651484298,2158.6473,1059.4411,2159.6325,1052.9407,10585197#1,2.1799178730028137,81.26529960327724,0,0.015500001609325409,3.404,3.693,,3.62,True,0,,False,2157.770935790195,1061.6681232095661,-37.91361336882763,145.13680840828093,2.394450406687794,2.1799178730028137,short=0.625 small=1.000 angle_diff=19.191 mode=following,,
2026-09-10T11:16:08.006,1789002968,fuzzy,True,-37.91354374,145.1368144,2158.143236233329,1069.4050115970895,2159.874029980793,1069.8481889977988,2158.1433,1069.4047,2158.2634,1059.3592,10585197#1,3.6003588389217223,57.33592235592611,0,0.017699989257380366,4.784,3.404,,3.73,True,0,,False,2156.2881593503025,1070.1708584732519,-37.91353650701866,145.1367934809248,2.0069458586784847,3.6003588389217223,short=0.147 small=1.000 angle_diff=5.356 mode=following,,
2026-09-10T11:16:10.051,1789002970,fuzzy,True,-37.91344806,145.1368268,2159.0211190532427,1080.0439277952537,2159.988419730333,1078.9335192396275,2159.025,1080.0441,2156.2347,1069.5765,10585197#1,2.9000475608110885,67.26146688490627,0,0.015199999324977398,5.108,4.784,,3.75,True,0,,False,2157.100042254478,1079.193425784253,-37.91345537562089,145.13680476312857,2.1009259238413174,2.9000475608110885,short=0.345 small=1.000 angle_diff=4.420 mode=following,,
2026-09-10T11:16:12.082,1789002972,fuzzy,True,-37.91335199,145.1368339,2159.43220640457,1090.7168066175655,2160.137136164794,1088.8546058933673,2159.4317,1090.7172,2157.1914,1080.2091,10585197#1,2.159023109848475,81.65527836934739,0,0.014599994756281376,5.276,5.108,,4.09,True,0,,False,2157.986801182497,1089.0481007324968,-37.91336676186448,145.13681708580276,2.2076629241935812,2.159023109848475,short=0.633 small=1.000 angle_diff=4.283 mode=following,,
2026-09-10T11:16:14.124,1789002974,fuzzy,True,-37.91327157,145.1368482,2160.5109751949785,1099.66573590599,2160.5982754235893,1098.6336696663684,2160.5118,1099.666,2158.1474,1090.8327,10585197#1,1.7418925624319372,88.54121850354325,0,0.01440000778529793,4.463,5.276,,4.2,True,0,,False,2158.86339241316,1098.7897806499013,-37.91327916416206,145.1368292671501,1.8659653355875216,1.7418925624319372,short=0.771 small=1.000 angle_diff=2.442 mode=following,,
2026-09-10T11:16:16.157,1789002976,fuzzy,True,-37.91321777,145.1368524,2160.7608770922525,1105.6430301936343,2160.9504263343924,1106.83097792731,2160.7597,1105.6431,2159.0193,1099.9693,10585197#1,0.5256923677230061,97.96288367163076,0,0.014899997040629387,3.075,4.463,,4.35,True,0,,False,2160.43526788425,1106.935688178619,-37.91320606677639,145.13684899147015,1.333036392031664,0.5256923677230061,short=0.959 small=1.000 angle_diff=9.029 mode=following,,
2026-09-10T11:16:18.191,1789002978,fuzzy,True,-37.91318598,145.1368825,2163.3365244021406,1109.2234976654872,2162.309878622242,1112.6736037905296,2163.3337,1109.2237,2160.1958,1105.7577,10585197#1,0.6585297947724242,97.50454029373404,0,0.014500008546747267,2.348,3.075,,4.35,True,0,,False,2161.6776676400527,1112.8579153870232,-37.91315294154281,145.1368644640808,3.9950967362180085,0.6585297947724242,short=0.950 small=1.000 angle_diff=3.155 mode=following,,
2026-09-10T11:16:20.233,1789002980,fuzzy,True,-37.91317428,145.1369326,2167.7149770158576,1110.6098216818646,2165.1777033046537,1116.0378026107646,2167.717,1110.6099,2160.9969,1109.6987,10585197#1,2.4701553479452354,75.59677964730854,0,0.014299992471933365,2.138,2.348,,4.49,True,0,,False,2162.8062702258744,1116.7291582326075,-37.91311827160918,145.13687817661236,7.844850678711794,2.4701553479452354,short=0.512 small=1.000 angle_diff=24.193 mode=following,,
2026-09-10T11:16:22.267,1789002982,fuzzy,True,-37.91310894,145.1369546,2169.5041295831325,1117.8989278329536,2167.9512783533596,1120.357824233958,2169.503,1117.8984,2167.4527,1110.6879,10585197#1,3.9237790580033725,54.64787674758546,0,0.015099998563528061,3.474,2.138,,4.46,True,0,,False,2164.1843171135693,1121.456025087146,-37.91307593890678,145.13689491987617,6.399480102875736,3.9237790580033725,short=0.093 small=1.000 angle_diff=16.448 mode=following,,
2026-09-10T11:16:24.307,1789002984,fuzzy,True,-37.91302047,145.1369802,2171.5584715540754,1127.7609779788181,2170.593340826307,1126.8831677763867,2171.5594,1127.7615,2167.659,1118.4433,10585197#1,4.633913100177988,51.59263674858474,0,0.014899997040629387,4.732,3.474,,4.59,True,0,,False,2166.1446267731235,1128.1801234013049,-37.91301571946599,145.13691873759552,5.430045874339503,4.633913100177988,short=0.032 small=1.000 angle_diff=5.789 mode=following,,
2026-09-10T11:16:26.331,1789002987,fuzzy,True,-37.91288549,145.1370614,2178.3976081068395,1142.8816982014105,2176.148430866317,1139.5271529850336,2178.3952,1142.8814,2170.5047,1128.0732,10585197#1,6.44418989198643,50.090672974910426,0,0.041099992813542485,5.583,4.732,,4.75,True,0,,False,2169.85,1140.89,-37.91290189278712,145.13696375768774,8.776586242589467,6.44418989198643,short=0.002 small=1.000 angle_diff=7.465 mode=confirmed,,
2026-09-10T11:16:28.357,1789002989,fuzzy,True,-37.91278966,145.1371276,2184.0049019510625,1153.6317802825943,2181.3836030228676,1149.9912844999021,2184.002,1153.6313,2179.6928,1142.1467,10585197#1,14.69208556459091,50.00000016867131,0,0.04880000778939575,5.994,5.583,,4.77,True,0,,False,2169.85,1140.89,-37.91290189278712,145.13696375768774,19.045057469435495,14.69208556459091,short=0.000 small=1.000 angle_diff=10.325 mode=entering_pending,,
2026-09-10T11:16:30.389,1789002991,fuzzy,True,-37.91267671,145.1371537,2186.0489422114915,1166.211125335656,2185.4359191362,1161.8937841051409,2186.0507,1166.2107,2185.5341,1153.6442,10585197#2,9.30452937595173,50.00093473948698,0,0.041400009649805725,6.279,5.994,,4.72,True,0,,False,2176.476646657749,1164.4049001050137,-37.912691257599725,145.137044449061,9.741216133112426,9.30452937595173,short=0.000 small=1.000 angle_diff=3.144 mode=confirmed,,
2026-09-10T11:16:32.411,1789002993,fuzzy,True,-37.91256429,145.1371832,2188.3930695020244,1178.7376314895228,2188.7597438803396,1174.7850755597267,2188.3929,1178.7373,2185.4282,1166.2055,10585197#2,9.030620525193404,50.00144883019257,0,0.023899992811493576,6.314,6.279,,4.52,True,0,,False,2179.99,1176.94,-37.9125789707199,145.137087245693,8.593198242097097,9.030620525193404,short=0.000 small=1.000 angle_diff=1.199 mode=confirmed,,
2026-09-10T11:16:34.443,1789002995,fuzzy,True,-37.91246505,145.1372386,2193.04338115477,1189.8471214342862,2192.6444503900334,1187.2009807590064,2193.0445,1189.847,2187.8958,1178.89,10585197#2,16.29180287170575,50.00000001304499,0,0.021299987565726042,5.909,6.314,,4.77,True,0,,False,2179.99,1176.94,-37.9125789707199,145.137087245693,18.35713875556648,16.29180287170575,short=0.000 small=1.000 angle_diff=1.717 mode=confirmed,,
2026-09-10T11:16:36.464,1789002997,fuzzy,True,-37.91236246,145.1372839,2196.7983546623145,1201.3105969820172,2196.52264115595,1199.5332938535155,2196.7956,1201.3111,2192.3762,1190.1893,10585197#2,27.99616314323666,50.0,0,0.02099999983329326,5.944,5.909,,4.9,True,0,,False,2179.99,1176.94,-37.9125789707199,145.137087245693,29.604843923149787,27.99616314323666,short=0.000 small=1.000 angle_diff=1.800 mode=confirmed,,
2026-09-10T11:16:38.491,1789002999,fuzzy,True,-37.91226741,145.1373101,2198.890914696036,1211.9038405381143,2199.658237323023,1211.3361082535946,2198.8932,1211.9043,2197.7147,1200.9473,10585197#2,39.622365179122774,50.0,0,0.021100000594742596,5.206,5.944,,5.03,True,0,,False,2179.99,1176.94,-37.9125789707199,145.137087245693,39.745625187201625,39.622365179122774,short=0.000 small=1.000 angle_diff=0.779 mode=confirmed,,
2026-09-10T11:16:40.535,1789003001,fuzzy,True,-37.91219603,145.1373472,2201.994222517358,1219.8896921304986,2202.6471391110717,1221.4739674734733,2201.9921,1219.8891,2197.0684,1211.3374,10585197#2,49.96619068557097,50.0,0,0.021100000594742596,4.558,5.206,,4.86,True,0,,False,2179.99,1176.94,-37.9125789707199,145.137087245693,48.25828284033766,49.96619068557097,short=0.000 small=1.000 angle_diff=0.770 mode=confirmed,,
2026-09-10T11:16:42.575,1789003003,fuzzy,True,-37.91210553,145.1373952,2206.013398872805,1230.0163394510746,2206.0218330601383,1231.3799056048774,2206.0158,1230.0166,2204.548,1218.9232,10585197#2,60.34367949287547,50.0,0,12.261499985470437,5.314,4.558,,4.79,True,0,,False,2179.99,1176.94,-37.9125789707199,145.137087245693,59.11273211769866,60.34367949287547,short=0.000 small=1.000 angle_diff=3.155 mode=entering_pending,,
2026-09-10T11:16:44.603,1789003005,fuzzy,True,-37.91200724,145.1374324,2209.065846554993,1240.988429164514,2209.2440516986658,1241.5885078341814,2209.063,1240.9886,2207.8805,1229.4329,116895895#12,2.329395382378836,78.39106244499783,0,12.377200007904321,5.572,5.314,,4.7,True,0,,False,2211.4671155272085,1240.8927563974796,-37.912008534069535,145.1374596813223,2.4031741416876473,2.329395382378836,short=0.568 small=1.000 angle_diff=0.139 mode=confirmed,,
2026-09-10T11:16:46.635,1789003007,fuzzy,True,-37.91190733,145.1374746,2212.554280218552,1252.149063535966,2212.566407490917,1252.1600592742627,2212.5573,1252.1493,2211.28,1240.2948,116895895#12,2.2672749055177737,79.6014575411601,0,0.031499992473982275,5.633,5.572,,4.7,True,0,,False,2214.753004413856,1251.56061837327,-37.91191302662484,145.13749946635076,2.2761054010121744,2.2672749055177737,short=0.592 small=1.000 angle_diff=2.116 mode=following,,
2026-09-10T11:16:48.671,1789003009,fuzzy,True,-37.91181329,145.1375196,2216.301897834288,1262.663250315003,2216.084485028429,1262.7034280826076,2216.3053,1262.6631,2214.7496,1251.5482,116895895#12,1.6619266008757003,89.63203866986242,0,0.020899999071843922,5.467,5.633,,4.67,True,0,,False,2217.687274166518,1262.2640341755925,-37.91181713559686,145.1375352613571,1.4417493221322437,1.6619266008757003,short=0.793 small=1.000 angle_diff=3.122 mode=following,,
2026-09-10T11:16:50.705,1789003011,fuzzy,True,-37.91172515,145.1375549,2219.2098414319917,1272.5057035991922,2219.350336265562,1272.9171454520497,2219.2088,1272.5054,2217.6924,1262.2828,116895895#12,0.789269360645813,96.95923004950407,0,0.027600006433203816,5.136,5.467,,4.67,True,0,,False,2220.123309205481,1272.7575868176627,-37.911723045381486,145.13756534355159,0.9475592482532931,0.789269360645813,short=0.939 small=1.000 angle_diff=6.068 mode=following,,
2026-09-10T11:16:52.738,1789003013,fuzzy,True,-37.91162825,145.1375834,2221.5005557886907,1283.3082638112828,2222.1549987653957,1283.3458608211413,2221.5009,1283.3085,2220.036,1272.3347,116895895#12,0.15078437642931206,98.86090666663206,0,0.025999994250014424,5.331,5.136,,4.74,True,0,,False,2222.3026698249273,1283.315378262981,-37.91162833027808,145.13759252181728,0.8021455868798155,0.15078437642931206,short=0.977 small=1.000 angle_diff=3.389 mode=following,,
2026-09-10T11:16:54.770,1789003015,fuzzy,True,-37.91154249,145.1375905,2221.934611574572,1292.8370851250365,2223.781413252547,1293.3574926663855,2221.9317,1292.837,2222.2685,1283.15,116895895#12,0.32953229565711584,98.49511753829833,0,0.03480000304989517,4.682,5.331,,4.74,True,0,,False,2223.4538805182033,1293.3937396223196,-37.91153774895062,145.1376079008352,1.618036573266435,0.32953229565711584,short=0.970 small=1.000 angle_diff=2.912 mode=following,,
2026-09-10T11:16:56.812,1789003017,fuzzy,True,-37.91149004,145.1375889,2221.6776647885563,1298.6543838595971,2224.283624558422,1301.3718147390057,2221.6746,1298.6538,2223.3746,1292.6773,116895895#12,0.05284035320410741,99.02290155289195,0,0.07190000906120986,2.963,4.682,,4.74,True,0,,False,2224.3361442828823,1301.3660025561655,-37.91146609150204,145.13761974339664,3.797418751906499,0.05284035320410741,short=0.980 small=1.000 angle_diff=2.729 mode=confirmed,,
2026-09-10T11:16:58.855,1789003019,fuzzy,True,-37.91150626,145.1376367,2225.9159246193594,1296.9384927898645,2226.133273188147,1304.4066166862133,2225.92,1296.9389,2224.0074,1298.3956,116895895#12,1.451771326300836,91.98263859630549,0,0.06229999416973442,1.549,2.963,,4.65,True,0,,False,2224.69031103114,1304.5663044982555,-37.91143732608378,145.13762449734352,7.725648201043968,1.451771326300836,short=0.843 small=0.999 angle_diff=25.046 mode=confirmed,,
2026-09-10T11:17:00.889,1789003021,fuzzy,True,-37.9115712,145.1376237,2224.9170122796204,1289.7095980346203,2226.595738977116,1301.4224791856795,2224.9166,1289.7091,2225.8558,1296.946,116895895#12,2.239671596793109,34.10606084733874,0,0.06719998782500625,3.066,1.549,,4.55,True,0,,False,2224.36965743125,1301.6688322100888,-37.91146336956462,145.13762019324065,11.971753396797343,2.239671596793109,short=0.603 small=0.000 angle_diff=164.876 mode=entering_pending,,
2026-09-10T11:17:02.930,1789003023,fuzzy,True,-37.91165176,145.1375922,2222.3263224079856,1280.7149361353368,2225.5069176321654,1294.5080712703416,2222.3283,1280.7147,2225.0567,1289.6936,116895895#12,1.9180084557194181,38.692637307931236,0,0.017099999240599573,4.381,3.066,,4.72,True,0,,False,2223.6005474151184,1294.7190429076948,-37.911525836667835,145.13760986953594,14.061957753471095,1.9180084557194181,short=0.717 small=0.000 angle_diff=177.366 mode=following,,
2026-09-10T11:17:04.963,1789003025,fuzzy,True,-37.91174897,145.1375519,2218.9989109487506,1269.857249907218,2222.877947434251,1283.5869983555517,2218.9989,1269.8572,2223.7493,1280.4204,116895895#12,0.508488880877527,48.41279773007015,0,0.016699996194802225,5.462,4.381,,4.65,True,0,,False,2222.379957565689,1283.6897944293373,-37.91162497134946,145.13759348565216,14.239759976289148,0.508488880877527,short=0.960 small=0.000 angle_diff=178.128 mode=following,,
2026-09-10T11:17:07.006,1789003027,fuzzy,True,-37.91185228,145.1375127,2215.7817391104763,1258.3246081527323,2219.3653720934312,1270.2334373336923,2215.7792,1258.3248,2221.4568,1269.3483,116895895#12,0.23200575399765788,48.96553262279795,0,0.016599995433352888,5.891,5.462,,4.56,True,0,,False,2219.592587514031,1270.1865350679723,-37.91174611056687,145.13755872504174,12.459047945062697,0.23200575399765788,short=0.974 small=0.000 angle_diff=176.926 mode=following,,
2026-09-10T11:17:09.046,1789003029,fuzzy,True,-37.91191202,145.1372751,2195.025889440323,1251.2781746890396,2216.98775255449,1263.6778595868075,2195.0292,1251.278,2218.475,1257.587,116895895#12,1.0484289209701412,46.42898124881797,0,0.015199999324977398,6.107,5.891,,19.14,True,0,,False,2217.998874517219,1263.4006672730375,-37.9118069525929,145.13753906254806,25.975235702344698,1.0484289209701412,short=0.911 small=0.000 angle_diff=175.396 mode=following,,
2026-09-10T11:17:11.089,1789003031,fuzzy,True,-37.91200571,145.1372398,2192.1302908486687,1240.8198560308665,2213.678290976938,1256.3331871234752,2192.1289,1240.8194,2203.5745,1248.3996,116895895#12,2.2982823976034186,33.19975417369636,0,0.014899997040629387,5.485,6.107,,19.96,True,0,,False,2215.8947920313162,1255.725548205141,-37.91187571336041,145.137513394971,28.052293589906057,2.2982823976034186,short=0.580 small=0.000 angle_diff=171.075 mode=following,,
2026-09-10T11:17:13.117,1789003033,fuzzy,True,-37.9120798,145.1372121,2189.859379756148,1232.5498005431145,2209.263013981782,1248.0130182312187,2189.8565,1232.5493,2200.5485,1238.7232,116895895#12,4.230192476181113,12.362438983759798,0,0.01410000550094992,4.379,5.485,,20.18,True,0,,False,2213.3001078786406,1246.7495304974093,-37.91195610464966,145.13748185352785,27.406204875675712,4.230192476181113,short=0.059 small=0.000 angle_diff=169.425 mode=following,,
2026-09-10T11:17:15.146,1789003035,fuzzy,True,-37.91213974,145.1371905,2188.0933674609987,1225.8606148110703,2203.8046613290394,1238.7889026066525,2188.0957,1225.8603,2199.1184,1231.5218,116895895#12,6.684294811444704,10.04942846925633,0,0.013900003978051245,3.668,4.379,,19.72,True,0,,False,2210.183833421097,1236.7924155552996,-37.912045240022174,145.1374441584913,24.64737214888831,6.684294811444704,short=0.001 small=0.000 angle_diff=166.764 mode=following,,
2026-09-10T11:17:17.171,1789003037,fuzzy,True,-37.91222878,145.1373532,2202.5943215102307,1216.266131487675,2202.230011549231,1218.94037753863,2202.5915,1216.2662,2198.364,1224.7212,116895895#12,2.174423954978186,35.09453035169016,0,0.013500000932253897,3.074,3.668,,4.38,True,0,,False,2204.2640476398474,1218.1717315095282,-37.912211914421704,145.13737261824272,2.5336331208783167,2.174423954978186,short=0.627 small=0.000 angle_diff=163.835 mode=following,,
2026-09-10T11:17:19.208,1789003039,fuzzy,True,-37.91224496,145.1372873,2196.8367096415022,1214.354948257096,2197.9097457361913,1212.048619568455,2196.8373,1214.3553,2203.4249,1215.9512,116895895#12,3.9574547435427867,13.54052099480353,0,0.05869999586138874,2.705,3.074,,4.36,True,0,,False,2201.86,1211.81,-37.91226878980747,145.1373438380744,5.6311817282942185,3.9574547435427867,short=0.089 small=0.000 angle_diff=168.619 mode=entering_pending,,
2026-09-10T11:17:21.239,1789003041,fuzzy,True,-37.91219077,145.1372777,2195.8725778388325,1220.35127193667,2195.2513337565633,1211.4820281024868,2195.8711,1220.3517,2196.3219,1214.3341,-116895895#12,8.487268508694807,17.811676764165096,0,0.049299997044727206,2.262,2.705,,4.35,True,0,,False,2203.73,1211.1,-37.9122755222875,145.1373649392227,12.137755783711617,8.487268508694807,short=0.000 small=0.195 angle_diff=57.196 mode=confirmed,,
2026-09-10T11:17:23.277,1789003043,fuzzy,True,-37.91212226,145.1372792,2195.852530568489,1227.9561136839911,2193.9195308478465,1215.8102843726726,2195.8553,1227.9561,2196.0742,1220.3601,-116895895#12,10.843286685960566,10.000063760235022,0,0.07860000187065452,3.393,2.262,,4.36,True,0,,False,2204.0579770763743,1211.964666837714,-37.91226779218177,145.1373688648791,17.973750989458892,10.843286685960566,short=0.000 small=0.000 angle_diff=142.125 mode=entering_pending,,
2026-09-10T11:17:25.314,1789003045,fuzzy,True,-37.91204765,145.1372977,2197.313488099491,1236.267706796527,2194.26309998439,1224.078441880518,2197.3169,1236.2682,2196.6995,1227.8634,-116895895#12,13.406535119878193,10.000001055414725,0,0.015599987818859518,4.206,3.393,,4.29,True,0,,False,2207.0589985743813,1220.078421481172,-37.91219524156592,145.1374048308577,18.89624125158652,13.406535119878193,short=0.000 small=0.000 angle_diff=165.020 mode=following,,
2026-09-10T11:17:27.357,1789003048,fuzzy,True,-37.91193202,145.1373443,2201.153866898152,1249.1804449344054,2197.0920448248894,1238.529233325458,2201.1502,1249.1807,2197.8375,1236.1379,-116895895#12,15.018030489678406,10.000000080101653,0,0.014599994756281376,4.462,4.206,,4.28,True,0,,False,2211.4260389142637,1234.048401568441,-37.91207018241079,145.13745765927897,18.289238758297554,15.018030489678406,short=0.000 small=0.000 angle_diff=173.717 mode=following,,
2026-09-10T11:17:29.402,1789003050,fuzzy,True,-37.91185142,145.1373794,2204.0609224210493,1258.1858777711168,2200.688327555921,1250.9400448007104,2204.0645,1258.1859,2201.6613,1249.0093,-116895895#12,15.288482915588967,10.000000051965115,0,0.014600009308196604,4.64,4.462,,4.23,True,0,,False,2215.280455591496,1246.378519918212,-37.91195980325971,145.13750428629734,16.28777529404494,15.288482915588967,short=0.000 small=0.000 angle_diff=178.801 mode=following,,
2026-09-10T11:17:31.429,1789003052,fuzzy,True,-37.91178394,145.1373937,2205.168466765317,1265.6989107029513,2203.454895422139,1261.7908308267322,2205.166,1265.6989,2204.3777,1258.0966,-116895895#12,15.59701020690793,10.000000031719415,0,0.014200006262399256,3.926,4.64,,4.19,True,0,,False,2218.498666266096,1257.6735882799653,-37.91185863357639,145.1375434442119,15.559563577537814,15.59701020690793,short=0.000 small=0.000 angle_diff=178.998 mode=following,,
2026-09-10T11:17:33.462,1789003054,fuzzy,True,-37.91171998,145.1373915,2204.833238093881,1272.7923615984619,2204.9515863850047,1271.3234789553221,2204.8369,1272.7926,2206.4427,1265.3346,-116895895#12,16.562831632371488,10.000000006764001,0,0.01340000017080456,3.593,3.926,,4.26,True,0,,False,2221.1704067113005,1267.9653159298543,-37.91176640387554,145.13757616058896,17.035358767012283,16.562831632371488,short=0.000 small=0.000 angle_diff=177.225 mode=following,,
2026-09-10T11:17:35.492,1789003056,fuzzy,True,-37.91163337,145.1374264,2207.7093993872404,1282.4643401661888,2207.0790079795383,1281.1270749872842,2207.7133,1282.4643,2208.2895,1271.8076,-116895895#12,16.467304797106795,10.000000007881022,0,0.013500000932253897,4.789,3.593,,4.32,True,0,,False,2223.2042855703958,1277.7882803097684,-37.91167828210125,145.137601517768,16.185086765592725,16.467304797106795,short=0.000 small=0.000 angle_diff=179.454 mode=following,,
2026-09-10T11:17:37.507,1789003058,fuzzy,True,-37.91154641,145.1374474,2209.362785316538,1292.1507379505783,2209.0667059577586,1291.031716940014,2209.3619,1292.151,2211.0576,1281.5102,-116895895#12,16.040375819383474,10.000000015604261,0,0.01309999788645655,4.687,4.789,,4.55,True,0,,False,2225.010602448218,1289.2750663974812,-37.91157513121939,145.13762466542642,15.909860711765704,16.040375819383474,short=0.000 small=0.000 angle_diff=174.940 mode=following,,
2026-09-10T11:17:39.548,1789003060,fuzzy,True,-37.91148798,145.1374263,2207.378243017185,1298.597352148965,2209.3102714615243,1299.5443154147456,2207.3809,1298.597,2213.7373,1290.9027,-116895895#12,16.730526578503508,10.000000005172224,0,0.012099990271963179,3.301,4.687,,4.64,True,0,,False,2225.940167606239,1297.7120834943769,-37.911499295654856,145.13763715138165,18.58302303287922,16.730526578503508,short=0.000 small=0.000 angle_diff=175.352 mode=following,,
2026-09-10T11:17:41.589,1789003062,fuzzy,True,-37.91146413,145.1374074,2205.6637822668417,1301.2106642005965,2208.3508150194493,1305.1960702297556,2205.6652,1301.2104,2211.4275,1300.2194,-116895895#12,18.303160078219552,10.000000000417733,0,0.07470000127796084,1.709,3.301,,4.63,True,0,,False,2226.543885619628,1303.1916124512406,-37.91145004327333,145.13764526052998,20.973861637637473,18.303160078219552,short=0.000 small=0.000 angle_diff=164.078 mode=entering_pending,,
2026-09-10T11:17:43.603,1789003064,fuzzy,True,-37.9114291,145.1373708,2202.36844802415,1305.0334700169042,2205.9615362935365,1309.4725961812426,2202.3664,1305.0331,2207.9905,1304.0055,48114467,2.1476642695798893,57.57767634224463,0,0.06410000787582248,2.45,1.709,,4.69,True,0,,False,2206.56,1307.41,-37.91140844607902,145.137418998603,4.818402507761835,2.1476642695798893,short=0.637 small=0.552 angle_diff=42.935 mode=confirmed,,
2026-09-10T11:17:45.619,1789003066,fuzzy,True,-37.91140398,145.137327,2198.462101422192,1307.7439638338983,2202.326178542354,1312.352380527016,2198.4585,1307.7444,2206.11,1305.57,48114467,6.5078698057852975,10.065523156977212,0,0.07419999747071415,2.482,2.45,,4.65,True,0,,False,2206.56,1307.41,-37.91140844607902,145.137418998603,8.104782120378989,6.5078698057852975,short=0.002 small=0.000 angle_diff=65.358 mode=entering_pending,,
2026-09-10T11:17:47.650,1789003068,fuzzy,True,-37.91138663,145.1372871,2194.9158474408905,1309.5991100165993,2198.09891088559,1313.986220483649,2194.9182,1309.5987,2198.282,1307.827,605959218#0,5.73735655570545,50.27988933203758,0,0.06019999273121357,2.011,2.482,,4.51,True,0,,False,2203.01,1311.02,-37.911375287253016,145.13737945468338,8.2179215130756,5.73735655570545,short=0.006 small=1.000 angle_diff=4.550 mode=confirmed,,
2026-09-10T11:17:49.696,1789003070,fuzzy,True,-37.91137892,145.137258,2192.3404431757517,1310.4035266367719,2194.2027927834033,1314.5976579744356,2192.341,1310.4035,2193.942,1306.1785,605959218#0,9.506131470694031,50.0006770259951,0,0.02579999272711575,1.503,2.011,,4.46,True,0,,False,2203.01,1311.02,-37.911375287253016,145.13737945468338,10.687351506965493,9.506131470694031,short=0.000 small=1.000 angle_diff=7.662 mode=confirmed,,
2026-09-10T11:17:51.715,1789003072,fuzzy,True,-37.91136964,145.1372331,2190.1307973359944,1311.389536078088,2190.8535168579433,1314.8505566184515,2190.1323,1311.3895,2191.3465,1306.9193,605959218#0,12.745714824609744,50.00000379767778,0,0.029000002541579306,1.207,1.503,,4.52,True,0,,False,2203.01,1311.02,-37.911375287253016,145.13737945468338,12.884503023925388,12.745714824609744,short=0.000 small=1.000 angle_diff=12.263 mode=entering_pending,,
2026-09-10T11:17:53.744,1789003074,fuzzy,True,-37.91136763,145.1372118,2188.253763893328,1311.5751547543332,2188.087122631381,1314.5241845359744,2188.2508,1311.5751,2189.044,1307.5765,-36667189#3,6.418217550887196,50.09451307197891,0,0.024900000425986946,1.076,1.207,,4.45,True,0,,False,2186.325552801839,1308.352443431054,-37.91139631390823,145.13718914366004,3.7555114547200095,6.418217550887196,short=0.002 small=1.000 angle_diff=22.659 mode=confirmed,,
2026-09-10T11:17:55.789,1789003076,fuzzy,True,-37.91137058,145.1371625,2183.9261265947716,1311.16119421646,2184.600303863729,1313.7023750281016,2183.9228,1311.1607,2187.2553,1308.0871,-36667189#3,4.670961373698223,47.46415387056424,0,0.012200005585327744,2.259,1.076,,4.39,True,0,,False,2183.3182929992445,1309.2107908645883,-37.911388040317156,145.13715514565308,2.042923129940023,4.670961373698223,short=0.030 small=0.895 angle_diff=29.192 mode=following,,
2026-09-10T11:17:57.825,1789003078,fuzzy,True,-37.91134464,145.1370774,2176.387087056297,1313.8901082389057,2179.03747819704,1314.1950915426921,2176.3888,1313.8903,2183.3627,1309.1981,-36667189#3,3.617960748261921,57.161380829084194,0,0.05190000229049474,4.036,2.259,,4.29,True,0,,False,2178.0444781237215,1310.7160700092213,-37.91137353094297,145.1370955235557,3.580707169523485,3.617960748261921,short=0.143 small=1.000 angle_diff=10.868 mode=confirmed,,
2026-09-10T11:17:59.868,1789003080,fuzzy,True,-37.91132451,145.1369763,2167.4542963354615,1315.946196269244,2171.4042042865512,1315.4049811568218,2167.4509,1315.9467,2176.8052,1313.5117,-36667189#3,7.431696361839115,50.018703112862305,0,0.04290000651963055,4.673,4.036,,4.2,True,0,,False,2177.33,1310.92,-37.91137156526107,145.1370874461629,11.08116292663987,7.431696361839115,short=0.000 small=1.000 angle_diff=6.924 mode=entering_pending,,
2026-09-10T11:18:01.902,1789003082,fuzzy,True,-37.91130627,145.1368718,2158.226783299935,1317.7865766398609,2162.378864228571,1317.0074884095468,2158.2283,1317.7862,2167.7124,1316.8964,-36667189#2,6.455161291610362,50.08909798049728,0,0.03399999695830047,4.657,4.673,,4.14,True,0,,False,2167.83,1313.55,-37.91134616320015,145.13698002728302,10.496206582085746,6.455161291610362,short=0.002 small=1.000 angle_diff=5.358 mode=confirmed,,
2026-09-10T11:18:03.920,1789003084,fuzzy,True,-37.91128798,145.1367755,2149.720053463476,1319.6469046045095,2152.9408916819925,1318.8625031439087,2149.7191,1319.6472,2157.8189,1316.2962,-36667189#2,15.808486207078708,50.00000002826744,0,0.035599994589574635,4.401,4.657,,4.07,True,0,,False,2167.83,1313.55,-37.91134616320015,145.13698002728302,19.108699833119267,15.808486207078708,short=0.000 small=1.000 angle_diff=4.307 mode=entering_pending,,
2026-09-10T11:18:05.951,1789003086,fuzzy,True,-37.91127395,145.1366921,2142.3568655740237,1321.057183144614,2144.037814538796,1320.6166990939594,2142.357,1321.0569,2149.4315,1318.6005,-36667189#1,1.0876053853354204,95.27476014527475,0,0.031100003980100155,3.742,4.401,,4.08,True,0,,False,2143.8664538926823,1319.5426781429653,-37.91128786487991,145.13670892002338,2.138359719937181,1.0876053853354204,short=0.905 small=1.000 angle_diff=2.081 mode=confirmed,,
2026-09-10T11:18:07.992,1789003088,fuzzy,True,-37.91126575,145.1366279,2136.6945655513555,1321.8542720396072,2136.4448532523625,1321.9753849443541,2136.6952,1321.854,2142.1589,1319.8151,-36667189#1,4.049853849465215,53.864443846030255,0,0.0374000082956627,2.991,3.742,,4.09,True,0,,False,2140.06,1320.15,-37.91128170854466,145.1366657781184,3.7723589719311352,4.049853849465215,short=0.077 small=1.000 angle_diff=1.080 mode=entering_pending,,
2026-09-10T11:18:10.030,1789003090,fuzzy,True,-37.91123796,145.1365648,2131.0855146039976,1324.8270929269493,2129.851822002584,1324.0964601381568,2131.0834,1324.8265,2136.5249,1320.6503,-36667189#0,4.282140714058488,52.73038482623572,0,0.031200004741549492,3.283,2.991,,4.09,True,0,,False,2132.94,1321.13,-37.91127159832052,145.1365850454311,4.136134934269421,4.282140714058488,short=0.055 small=1.000 angle_diff=10.631 mode=confirmed,,
2026-09-10T11:18:12.052,1789003092,fuzzy,True,-37.91115708,145.1365258,2127.4774314151146,1333.7333933636546,2124.9109569301786,1329.6379591685413,2127.4801,1333.7334,2131.2306,1324.8053,-36667189#0,11.698329018736501,33.9230965527572,0,0.04220000118948519,4.503,3.283,,4.07,True,0,,False,2132.94,1321.13,-37.91127159832052,145.1365850454311,13.736272413707745,11.698329018736501,short=0.000 small=0.598 angle_diff=41.077 mode=entering_pending,,
2026-09-10T11:18:14.085,1789003094,fuzzy,True,-37.91104511,145.1365386,2128.354358263896,1346.1806304426864,2123.183734396334,1339.1559323135564,2128.3517,1346.1806,2127.0424,1333.7963,-73530943#5,4.581554303864616,51.72699952113264,0,0.03670000296551734,5.813,4.503,,4.08,True,0,,False,2127.718730576581,1338.5044344360433,-37.91111414468677,145.1365296280557,7.702467636367202,4.581554303864616,short=0.035 small=1.000 angle_diff=18.461 mode=confirmed,,
2026-09-10T11:18:16.106,1789003096,fuzzy,True,-37.91093089,145.1365584,2129.841702457983,1358.8898404296488,2123.813704816347,1351.3081992203965,2129.8449,1358.8904,2128.812,1346.1144,-73530943#5,5.686040317285649,50.30369422946346,0,0.012899996363557875,6.357,5.813,,4.09,True,0,,False,2129.441963134244,1350.4996432255368,-37.91100639907632,145.13655194787802,8.399714319596294,5.686040317285649,short=0.006 small=1.000 angle_diff=5.208 mode=following,,
2026-09-10T11:18:18.141,1789003098,fuzzy,True,-37.91081669,145.1365835,2131.7950467999326,1371.6061448967084,2126.1599533422063,1365.07465261552,2131.7986,1371.6057,2130.6312,1358.7775,-73530943#5,5.321226801167943,50.54181250650204,0,0.011800002539530396,6.412,6.357,,4.0,True,0,,False,2131.427105408301,1364.3179731707733,-37.91088227747598,145.13657765994446,7.2974535267034515,5.321226801167943,short=0.011 small=1.000 angle_diff=1.497 mode=following,,
2026-09-10T11:18:20.184,1789003100,fuzzy,True,-37.9107039,145.1366066,2133.5756958840648,1384.162473113276,2129.1682647323028,1379.3318558862338,2133.5728,1384.1629,2132.4604,1371.5106,-73530943#5,4.3716673889846565,52.38336726507477,0,0.01309999788645655,6.279,6.412,,3.93,True,0,,False,2133.4954216611577,1378.709611020466,-37.91075300633691,145.13660444791492,5.453452938649914,4.3716673889846565,short=0.048 small=1.000 angle_diff=3.732 mode=following,,
2026-09-10T11:18:22.226,1789003102,fuzzy,True,-37.91059412,145.1366231,2134.7827873651404,1396.3731973720714,2131.908161155044,1393.2599379081703,2134.7869,1396.3729,2134.2653,1384.0633,-73530943#5,3.6421324134051494,56.92734414450421,0,0.01239999255631119,6.209,6.279,,4.01,True,0,,False,2135.513210923511,1392.7415320019024,-37.91062696651082,145.13663057953082,3.7043908993932506,3.6421324134051494,short=0.139 small=1.000 angle_diff=2.946 mode=following,,
2026-09-10T11:18:24.250,1789003104,fuzzy,True,-37.91049437,145.1366436,2136.3637932935962,1407.4779726825655,2134.5109283182796,1406.297063433142,2136.3599,1407.4778,2136.0101,1396.197,-73530943#5,2.93078778045672,66.70988051491835,0,0.012600008631125093,5.598,6.209,,4.11,True,0,,False,2137.4109549229693,1405.873551088379,-37.91050901160723,145.13665514160255,1.9159113053383288,2.93078778045672,short=0.334 small=1.000 angle_diff=2.982 mode=following,,
2026-09-10T11:18:26.283,1789003106,fuzzy,True,-37.91041622,145.1366944,2140.6565557403374,1416.2391530359164,2138.227305040718,1417.4810837978791,2140.6561,1416.2395,2137.6184,1407.294,-73530943#5,4.566040358667334,51.76886857474924,0,0.033200005418621004,4.905,5.598,,4.12,True,0,,False,2138.44,1412.92,-37.910445720665976,145.13666844336808,3.991227408436498,4.566040358667334,short=0.035 small=1.000 angle_diff=10.073 mode=confirmed,,
2026-09-10T11:18:28.329,1789003108,fuzzy,True,-37.91039415,145.1368098,2150.7530574504635,1418.8909376459196,2145.4963827147453,1424.265195878781,2150.7514,1418.8907,2140.3501,1416.5415,-73530943#5,13.360614003288317,36.33214318839988,0,0.03959999594371766,4.968,4.905,,4.05,True,0,,False,2138.44,1412.92,-37.910445720665976,145.13666844336808,13.68442472849602,13.360614003288317,short=0.000 small=0.658 angle_diff=38.668 mode=entering_pending,,
2026-09-10T11:18:30.359,1789003111,fuzzy,True,-37.9103919,145.1370249,2169.6587016338017,1419.5185645483434,2161.794399598665,1428.1439626331387,2169.6619,1419.5186,2150.6417,1417.765,-73530943#5,27.878253511820517,10.0,0,0.038399986806325614,6.228,0,,4.0,True,0,,False,2138.44,1412.92,-37.910445720665976,145.13666844336808,31.90843753302537,27.878253511820517,short=0.000 small=0.000 angle_diff=68.305 mode=entering_pending,,
2026-09-10T11:18:32.397,1789003113,fuzzy,True,-37.91037309,145.1371811,2183.349399238825,1421.880248438567,2176.1912180882023,1428.3082125800552,2183.3518,1421.8803,2169.8004,1419.0449,36667190#0,30.544636963360205,50.0,0,0.03199999628122896,6.782,6.228,,4.1,True,0,,False,2147.41,1418.08,-37.91040085320257,145.13677160510713,36.13976073305529,30.544636963360205,short=0.000 small=1.000 angle_diff=6.253 mode=confirmed,,
2026-09-10T11:18:34.434,1789003115,fuzzy,True,-37.91038367,145.1373464,2197.9053012342774,1420.9966372838244,2191.4532369714966,1427.2629877554696,2197.9029,1420.9968,2183.3423,1421.6277,36667190#0,44.99037660483099,50.0,0,0.048600006266497076,7.2,6.782,,4.19,True,0,,False,2147.41,1418.08,-37.91040085320257,145.13677160510713,50.579464407858545,44.99037660483099,short=0.000 small=1.000 angle_diff=1.682 mode=entering_pending,,
2026-09-10T11:18:36.474,1789003117,fuzzy,True,-37.9103979,145.1374948,2210.9835185537813,1419.6782926255837,2206.5777003306234,1425.2273625936477,2210.987,1419.6789,2197.8429,1420.496,36667190#1,5.736236218175564,50.280388678798055,0,0.04400000034365803,6.544,7.2,,4.26,True,0,,False,2205.895770154148,1419.5318049225218,-37.91039830385641,145.1374369189459,5.089856817742431,5.736236218175564,short=0.006 small=1.000 angle_diff=0.838 mode=confirmed,,
2026-09-10T11:18:38.501,1789003119,fuzzy,True,-37.91040063,145.1376218,2222.1548435922596,1419.598435533233,2220.7837233552227,1422.6614844471508,2222.1518,1419.5988,2210.894,1418.9248,36667190#1,4.919174552497765,51.02092980339196,0,0.01990000600926578,5.75,6.544,,3.6,True,0,,False,2220.1816000469394,1417.7792999156563,-37.91041666211797,145.13759895094896,2.6838301891669327,4.919174552497765,short=0.020 small=1.000 angle_diff=3.207 mode=following,,
2026-09-10T11:18:40.533,1789003121,fuzzy,True,-37.91037327,145.1377464,2233.048466747743,1422.8532812912017,2233.3759788743664,1422.7975602261506,2233.0464,1422.8537,2222.5343,1417.9532,36667190#1,1.7647365553704841,88.0560969391314,0,0.02169999061152339,5.646,5.75,,3.25,True,0,,False,2234.140549516717,1421.207048722666,-37.91038829623295,145.13775844306483,1.9755319395031212,1.7647365553704841,short=0.764 small=0.999 angle_diff=25.055 mode=following,,
2026-09-10T11:18:42.574,1789003123,fuzzy,True,-37.9103211,145.1378638,2243.2541102661053,1428.8485061228275,2244.5393623847444,1426.2983998863174,2243.2528,1428.8485,2233.8948,1421.0889,36667190#1,1.5784733413348926,90.68658542849553,0,0.02059999678749591,5.903,5.646,,3.02,True,0,,False,2243.5444672508897,1427.5238637829448,-37.91033308498026,145.1378668004952,1.3560916293610816,1.5784733413348926,short=0.814 small=1.000 angle_diff=21.660 mode=following,,
2026-09-10T11:18:44.610,1789003125,fuzzy,True,-37.91025596,145.1379796,2253.2903550094925,1436.2801223574206,2254.790677403892,1432.582771290691,2253.289,1436.2798,2244.0168,1427.9073,36667190#1,3.0622089374976476,64.45731041348647,0,0.021100000594742596,6.219,5.903,,2.85,True,0,,False,2253.0094269911347,1435.0736086085305,-37.910266778047124,145.13797613183132,1.2387881084992853,3.0622089374976476,short=0.289 small=1.000 angle_diff=4.060 mode=following,,
2026-09-10T11:18:46.649,1789003127,fuzzy,True,-37.91019201,145.1380918,2263.0127584846923,1443.5733558163047,2264.3901793471587,1440.3015340574634,2263.011,1443.573,2253.7651,1435.614,36667190#1,2.367590904655289,77.63832144136748,0,0.07270000060088933,6.059,6.219,,2.69,True,0,,False,2263.012979958666,1442.2273607724464,-37.910204135122726,145.13809149684127,1.345995062079227,2.367590904655289,short=0.553 small=1.000 angle_diff=3.233 mode=confirmed,,
2026-09-10T11:18:48.670,1789003129,fuzzy,True,-37.9101436,145.1381967,2272.127834008308,1449.1293649412692,2273.2928548423633,1447.6263024350233,2272.1287,1449.1293,2263.6308,1442.668,36667190#1,10.909106474202588,50.00007173378026,0,0.08040000102482736,5.423,6.059,,2.41,True,0,,False,2263.59,1442.64,-37.91020052178064,145.13809815126336,10.724106811030573,10.909106474202588,short=0.000 small=1.000 angle_diff=3.877 mode=entering_pending,,
2026-09-10T11:18:50.710,1789003131,fuzzy,True,-37.91010712,145.1382871,2279.9945798805566,1453.3360933270305,2281.23624204943,1453.387382057564,2279.9978,1453.3359,2272.4813,1448.5811,36667190#2,8.957291331932716,50.00162918447756,0,0.06600000779144466,4.592,5.423,,2.21,True,0,,False,2273.35,1449.14,-37.910143724085756,145.13821059841862,7.858602992787432,8.957291331932716,short=0.000 small=1.000 angle_diff=3.197 mode=confirmed,,
2026-09-10T11:18:52.735,1789003133,fuzzy,True,-37.91009802,145.1383714,2287.38572176703,1454.4938858458772,2288.547858057236,1456.2970567765892,2287.3871,1454.4944,2280.3127,1452.0274,36667190#2,16.79876040757838,50.00000000579661,0,0.04850000550504774,3.861,4.592,,2.14,True,0,,False,2273.35,1449.14,-37.910143724085756,145.13821059841862,15.02216958938259,16.79876040757838,short=0.000 small=1.000 angle_diff=11.055 mode=entering_pending,,
2026-09-10T11:18:54.777,1789003135,fuzzy,True,-37.9100832,145.1384477,2294.0608630231,1456.2723453482613,2295.169189628506,1458.047607239632,2294.0638,1456.2728,2287.5697,1453.7775,146181190,0.8956589838707074,92.51758106787327,0,0.04669999179895967,3.413,3.861,,2.1,True,0,,False,2295.7575298389374,1457.3722844929562,-37.91007359667035,145.1384672408016,2.02201493713479,0.8956589838707074,short=0.929 small=0.969 angle_diff=26.253 mode=confirmed,,
2026-09-10T11:18:56.814,1789003137,fuzzy,True,-37.91001599,145.1384705,2295.916413283092,1463.7703228304163,2298.6006143118884,1462.8308386712833,2295.9199,1463.7705,2294.25,1456.059,146181190,2.2481602035573442,79.96973517936122,0,0.011800002539530396,3.052,3.413,,2.09,True,0,,False,2300.0773851265217,1461.135736237238,-37.91004047157948,145.1385172119182,4.9249094609717865,2.2481602035573442,short=0.599 small=1.000 angle_diff=13.283 mode=following,,
2026-09-10T11:18:58.857,1789003139,fuzzy,True,-37.90997434,145.1385472,2302.567279428127,1468.5266645224765,2303.2681557971773,1467.8475276848671,2302.5685,1468.5262,2299.0188,1460.2135,146181190,2.9647073222458107,66.11161690288068,0,0.011199997970834374,3.946,3.052,,2.09,True,0,,False,2305.215611872814,1465.6121520251527,-37.9100010711034,145.13857664971422,3.938025880391986,2.9647073222458107,short=0.322 small=1.000 angle_diff=6.002 mode=following,,
2026-09-10T11:19:00.895,1789003141,fuzzy,True,-37.90995146,145.1386129,2308.2926659693476,1471.1808795649558,2308.3863136758987,1471.615952121974,2308.2903,1471.1813,2305.154,1465.5585,146181190,2.444067937973357,76.11789526679877,0,0.03029999788850546,3.291,3.946,,2.08,True,0,,False,2309.9917723056124,1469.7731361589144,-37.90996444696216,145.13863189915585,2.206513956264072,2.444067937973357,short=0.522 small=1.000 angle_diff=4.699 mode=confirmed,,
2026-09-10T11:19:02.928,1789003143,fuzzy,True,-37.90990074,145.138614,2308.2769909863127,1476.810948307626,2310.360398315447,1476.3967852815601,2308.2776,1476.8106,2309.7219,1469.538,146181190,6.552787249572454,48.57943349068022,0,0.026699999580159783,2.704,3.291,,2.07,True,0,,False,2310.08,1469.85,-37.9099637704219,145.13863291975147,7.190663588632073,6.552787249572454,short=0.002 small=0.962 angle_diff=26.501 mode=confirmed,,
2026-09-10T11:19:04.969,1789003145,fuzzy,True,-37.90984193,145.1385446,2302.045299990452,1483.2149571990594,2306.7760748181163,1482.2776796429205,2302.0433,1483.2153,2307.3008,1475.6579,146181190,12.85936012850356,10.00000253302374,0,0.033500007702969015,3.917,2.704,,2.06,True,0,,False,2310.08,1469.85,-37.9099637704219,145.13863291975147,15.59418113195188,12.85936012850356,short=0.000 small=0.000 angle_diff=80.299 mode=entering_pending,,
2026-09-10T11:19:06.998,1789003147,fuzzy,True,-37.90977808,145.1384862,2296.7695100920973,1490.1975364536047,2300.889860440639,1489.0796134482894,2296.771,1490.1976,2301.4613,1482.8218,299173860#1,14.183279987499581,50.000000380711114,0,0.02680000034160912,4.323,3.917,,2.06,True,0,,False,2306.72,1476.15,-37.90990641393267,145.1385961470372,17.214689361781094,14.183279987499581,short=0.000 small=1.000 angle_diff=8.853 mode=confirmed,,
2026-09-10T11:19:09.017,1789003149,fuzzy,True,-37.90970801,145.1384281,2291.5063031231984,1497.8708406612277,2294.244541568892,1496.720714185114,2291.5093,1497.8706,2296.6635,1490.1322,299173860#1,24.058082740566498,50.00000000000006,0,0.0320999970426783,4.611,4.323,,2.05,True,0,,False,2306.72,1476.15,-37.90990641393267,145.1385961470372,26.51888933740691,24.058082740566498,short=0.000 small=1.000 angle_diff=8.712 mode=entering_pending,,
2026-09-10T11:19:11.043,1789003151,fuzzy,True,-37.90963069,145.1384246,2291.0272579728044,1506.444498614408,2290.6015721330614,1505.2403798622208,2291.0262,1506.4442,2292.507,1498.2213,146181188#2,10.08934361201184,50.0002662880076,0,0.03809999907389283,4.299,4.611,,2.05,True,0,,False,2293.61,1495.61,-37.90972875470283,145.13845150552362,11.138084063457951,10.08934361201184,short=0.000 small=1.000 angle_diff=0.792 mode=confirmed,,
2026-09-10T11:19:13.058,1789003153,fuzzy,True,-37.90954893,145.1384541,2293.439619258221,1515.5687774950638,2290.751377621044,1514.4559150408363,2293.4437,1515.5692,2292.4181,1506.2555,146181188#2,19.061485661718326,50.0000000001552,0,0.040399987483397126,4.607,0,,2.05,True,0,,False,2293.61,1495.61,-37.90972875470283,145.13845150552362,19.95950472067481,19.061485661718326,short=0.000 small=1.000 angle_diff=23.291 mode=entering_pending,,
2026-09-10T11:19:15.074,1789003155,fuzzy,True,-37.90945818,145.1384667,2294.3462746206205,1525.6609592214227,2292.1092197148564,1524.5148658696803,2294.3487,1525.6611,2293.6713,1515.5387,146181188#1,20.604867932375956,50.00000000001314,0,0.030099996365606785,4.958,4.607,,2.04,True,0,,False,2292.1,1503.91,-37.9096537144266,145.13843622150367,21.866640727904063,20.604867932375956,short=0.000 small=1.000 angle_diff=0.843 mode=confirmed,,
2026-09-10T11:19:17.100,1789003157,fuzzy,True,-37.90937127,145.1384715,2294.5756914764643,1535.3133416753262,2293.3900474491156,1534.6387054914635,2294.5745,1535.3131,2295.0002,1525.6167,146181188#1,30.755772850020595,50.0,0,0.03399999695830047,4.772,4.958,,2.04,True,0,,False,2292.1,1503.91,-37.9096537144266,145.13843622150367,31.50077644541344,30.755772850020595,short=0.000 small=1.000 angle_diff=1.320 mode=entering_pending,,
2026-09-10T11:19:19.143,1789003159,fuzzy,True,-37.9092812,145.1384565,2293.0573538405006,1545.2816112712026,2293.292439190329,1544.8553900807597,2293.0598,1545.2814,2294.8161,1535.3028,146181188#0,19.608144407204456,50.000000000064716,0,0.0585000088904053,5.15,4.772,,2.03,True,0,,False,2294.98,1525.32,-37.9094613654531,145.1384738279652,20.053989448417532,19.608144407204456,short=0.000 small=1.000 angle_diff=8.168 mode=confirmed,,
2026-09-10T11:19:21.165,1789003161,fuzzy,True,-37.90918421,145.1384037,2288.200417830725,1555.951392722316,2290.2313881869622,1555.4646046286864,2288.1974,1555.9511,2291.5036,1544.6094,146181188#0,30.51633173188985,50.0,0,0.06199999188538641,5.748,5.15,,2.03,True,0,,False,2294.98,1525.32,-37.9094613654531,145.1384738279652,31.372678471860063,30.51633173188985,short=0.000 small=1.000 angle_diff=23.715 mode=entering_pending,,
2026-09-10T11:19:23.202,1789003163,fuzzy,True,-37.90908129,145.1383568,2283.849039911118,1567.2895519658923,2285.8258796088817,1566.6516156969599,2283.8497,1567.2897,2286.8563,1555.3719,-46410623#1,3.0404976148452616,64.81691301931683,0,0.05870001041330397,6.03,5.748,,2.03,True,0,,False,2282.804301087001,1566.3129580793145,-37.90908989947388,145.13834469976325,1.4301100761543473,3.0404976148452616,short=0.296 small=1.000 angle_diff=15.100 mode=confirmed,,
2026-09-10T11:19:25.245,1789003165,fuzzy,True,-37.9089757,145.1383523,2283.2194241823163,1578.998429492116,2283.1747851725822,1578.332187216677,2283.2161,1578.9981,2282.7092,1567.1619,-46410623#1,0.12739491208620196,98.90182836704429,0,0.01780000457074493,5.826,6.03,,2.03,True,0,,False,2283.299914717042,1578.3082694256273,-37.90898193162857,145.13835305845421,0.6948378541474006,0.12739491208620196,short=0.978 small=1.000 angle_diff=23.609 mode=following,,
2026-09-10T11:19:27.274,1789003167,fuzzy,True,-37.90888206,145.1384091,2288.00562150951,1589.4889022009447,2285.082136813735,1589.4718329956245,2288.0098,1589.4886,2283.4242,1578.9584,-46410623#1,0.34537597327802627,98.45767309330296,0,0.01610000617802143,5.746,5.826,,2.02,True,0,,False,2285.421371226601,1589.4069902932968,-37.908882332993116,145.1383796990247,2.5855481208692326,0.34537597327802627,short=0.969 small=1.000 angle_diff=1.105 mode=following,,
2026-09-10T11:19:29.312,1789003169,fuzzy,True,-37.90878687,145.1384667,2292.8587312724558,1600.152771559544,2289.588768414491,1600.3259225468723,2292.8612,1600.1532,2285.5277,1589.963,-46410623#1,1.1156474370415728,95.07926333913535,0,0.015099998563528061,5.819,5.746,,2.02,True,0,,False,2290.4325273832264,1599.596032139718,-37.908791448814334,145.13843898820568,2.4892617567663518,1.1156474370415728,short=0.902 small=1.000 angle_diff=18.313 mode=following,,
2026-09-10T11:19:31.355,1789003172,fuzzy,True,-37.90865127,145.1385842,2302.8885788136977,1615.4058837685734,2299.742970383045,1615.8229563150303,2302.8895,1615.4064,2291.7477,1601.1164,-46410623#1,3.673465568581441,56.63355624312346,0,0.01479999627918005,5.883,5.819,,2.02,True,0,,False,2302.493345730394,1613.3878413829898,-37.90866937798206,145.13857924814317,2.0563813508563094,3.673465568581441,short=0.133 small=1.000 angle_diff=8.287 mode=following,,
2026-09-10T11:19:33.393,1789003174,fuzzy,True,-37.90858034,145.1386696,2310.239588457218,1623.4265372939408,2308.144057067477,1624.533531545749,2310.2419,1623.4269,2303.6693,1614.716,-46410623#1,3.157633893710341,62.940006731514316,0,0.015099998563528061,5.419,5.883,,2.02,True,0,,False,2310.508221983434,1622.440357865218,-37.90858927209118,145.1386724304146,1.0221124385523144,3.157633893710341,short=0.259 small=1.000 angle_diff=2.443 mode=following,,
2026-09-10T11:19:35.412,1789003176,fuzzy,True,-37.90851555,145.1387505,2317.2085859890794,1630.7579604825005,2316.168327741636,1632.1334780267339,2317.2066,1630.758,2310.8808,1622.8612,-46410623#1,2.1877015457437325,81.11917729065144,0,0.06779999239370227,5.064,5.419,,2.01,True,0,,False,2317.8062906642326,1630.6832657948698,-37.90851633037208,145.13875727878673,0.6023538619949335,2.1877015457437325,short=0.622 small=1.000 angle_diff=5.035 mode=confirmed,,
2026-09-10T11:19:37.457,1789003178,fuzzy,True,-37.908452,145.1388322,2324.2506775207585,1637.9531850917265,2323.8742518613085,1639.1134332529803,2324.2479,1637.9532,2317.5799,1630.4275,-46410623#1,8.267881857612151,50.00490899446484,0,0.0712000037310645,5.045,5.064,,2.01,True,0,,False,2319.22,1632.28,-37.90850220081947,145.13877371475073,7.582397074992482,8.267881857612151,short=0.000 small=1.000 angle_diff=6.309 mode=entering_pending,,
2026-09-10T11:19:39.492,1789003180,fuzzy,True,-37.90839376,145.138909,2330.8737471201457,1644.550579429604,2331.023995883951,1645.5412101167956,2330.8759,1644.5504,2324.7162,1637.8742,-46410623#0,0.3315373158672281,98.4904280642876,0,0.06540000322274864,4.663,5.045,,2.02,True,0,,False,2331.265018241601,1645.3135585959894,-37.90838695724164,145.13891362182713,0.8574557124556851,0.3315373158672281,short=0.970 small=1.000 angle_diff=4.678 mode=confirmed,,
2026-09-10T11:19:41.524,1789003182,fuzzy,True,-37.90834516,145.1389882,2337.7291853362694,1650.0824793865904,2337.9520887007416,1651.14506878636,2337.7321,1650.0827,2330.7006,1644.716,-46410623#0,0.8571624091690407,96.63379703918667,0,0.0363999861292541,4.444,4.663,,2.02,True,0,,False,2337.3289452569747,1651.7336430333187,-37.90833021388746,145.13898402416314,1.698980138009506,0.8571624091690407,short=0.933 small=1.000 angle_diff=7.666 mode=confirmed,,
2026-09-10T11:19:43.565,1789003184,fuzzy,True,-37.9082956,145.1390466,2342.753811431583,1655.6843941519037,2343.657129305081,1656.4534248513814,2342.7542,1655.6839,2336.6949,1651.0623,-46410623#0,7.033801859165547,50.03533903919559,0,0.038300000596791506,3.835,4.444,,2.02,True,0,,False,2337.93,1652.37,-37.90832458949964,145.13899100241701,5.852722898074594,7.033801859165547,short=0.001 small=1.000 angle_diff=3.697 mode=entering_pending,,
2026-09-10T11:19:45.602,1789003186,fuzzy,True,-37.90823578,145.1390557,2343.4213559326017,1662.3382811015472,2346.024692752475,1662.369685422559,2343.4228,1662.3378,2342.6144,1655.8471,24689623#1,6.560661753435969,50.07527986838939,0,0.04120000812690705,3.269,3.835,,2.01,True,0,,False,2343.26,1656.42,-37.90828906448741,145.13905252217222,5.920480295881016,6.560661753435969,short=0.002 small=1.000 angle_diff=23.190 mode=confirmed,,
2026-09-10T11:19:47.642,1789003188,fuzzy,True,-37.90816857,145.1389973,2338.1380555748474,1669.6937295589596,2343.1192487643225,1669.1435361897695,2338.1404,1669.6938,2342.5737,1662.0597,24689623#1,12.72431468027719,10.000003143970353,0,0.034199998481199145,4.285,3.269,,2.05,True,0,,False,2343.26,1656.42,-37.90828906448741,145.13905252217222,14.227656556817434,12.72431468027719,short=0.000 small=0.000 angle_diff=68.215 mode=entering_pending,,
2026-09-10T11:19:49.683,1789003190,fuzzy,True,-37.90813547,145.1388769,2327.4793796770973,1673.1553421178833,2334.1133029020307,1674.0650116950897,2327.4817,1673.1556,2337.0061,1666.7993,46410626#2,5.278052187883275,50.58011402076649,0,0.03169999399688095,5.193,4.285,,2.05,True,0,,False,2330.683577473585,1670.0531769049353,-37.90816399140754,145.13891262654838,4.4598556621757774,5.278052187883275,short=0.012 small=1.000 angle_diff=11.872 mode=confirmed,,
2026-09-10T11:19:51.710,1789003192,fuzzy,True,-37.90810108,145.1387653,2317.5915168275824,1676.7755327261984,2322.744637088637,1677.9461603726627,2317.5927,1676.7757,2327.3014,1672.9446,46410626#2,0.004429466743786061,92.83574978195632,0,0.016999998479150236,5.208,5.193,,2.05,True,0,,False,2322.7479163737153,1677.949138033659,-37.90809143523243,145.13882419296377,5.288270577141361,0.004429466743786061,short=0.982 small=0.902 angle_diff=28.910 mode=following,,
2026-09-10T11:19:53.753,1789003194,fuzzy,True,-37.90805319,145.1386823,2310.1881978353485,1681.9439420886338,2312.373015051798,1682.2883575110352,2310.1909,1681.9439,2321.0022,1679.8716,46410626#2,2.8368182052058253,68.42206916430113,0,0.044500004150904715,4.599,5.208,,2.05,True,0,,False,2313.6144306882807,1684.8391269531612,-37.90802772562868,145.13872191233597,4.485662377208087,2.8368182052058253,short=0.368 small=1.000 angle_diff=3.234 mode=confirmed,,
2026-09-10T11:19:55.782,1789003196,fuzzy,True,-37.90797757,145.1386587,2307.945782167837,1690.2936742333695,2306.3475690770883,1688.9765698216909,2307.9436,1690.2932,2311.9857,1685.6318,46410626#2,4.921859426703566,51.01664248372503,0,0.048999994760379195,3.991,4.599,,2.04,True,0,,False,2310.51,1686.35,-37.90801355690566,145.1386869590048,4.704017384080035,4.921859426703566,short=0.020 small=1.000 angle_diff=22.033 mode=entering_pending,,
2026-09-10T11:19:57.818,1789003198,fuzzy,True,-37.90790009,145.1386052,2303.0704784256523,1698.7973118051887,2301.456868214218,1697.1275498112605,2303.0737,1698.797,2306.7862,1689.3603,46410626#1,1.2811015380560689,93.773627036217,0,0.04100000660400838,4.588,3.991,,2.04,True,0,,False,2302.676363516359,1697.5200448543708,-37.9079115250802,145.1386004290907,1.336688978550715,1.2811015380560689,short=0.875 small=1.000 angle_diff=13.124 mode=confirmed,,
2026-09-10T11:19:59.854,1789003200,fuzzy,True,-37.9078084,145.1385551,2298.4626030242653,1708.883725677617,2297.1803804465635,1706.9128657939632,2298.4584,1708.8838,2302.3413,1698.5612,46410626#1,0.016493469652939227,99.07708507571063,0,0.03569999535102397,5.421,4.588,,2.04,True,0,,False,2297.192794506554,1706.9237251519435,-37.907825827813056,145.13854021778258,2.3353834229719266,0.016493469652939227,short=0.982 small=1.000 angle_diff=17.571 mode=confirmed,,
2026-09-10T11:20:01.898,1789003202,fuzzy,True,-37.90772029,145.1384638,2290.2403985547717,1718.5005525471643,2290.8533496644227,1717.1450032126531,2290.2435,1718.5002,2296.7701,1707.4069,46410626#1,10.945905460851614,50.00006763215079,0,0.03880000440403819,5.978,5.421,,2.03,True,0,,False,2296.47,1707.75,-37.90781825449009,145.13853218746686,12.42506797710694,10.945905460851614,short=0.000 small=1.000 angle_diff=9.448 mode=entering_pending,,
2026-09-10T11:20:03.932,1789003204,fuzzy,True,-37.90765152,145.1383934,2283.898533915344,1726.0080058937892,2284.34967428164,1726.0880908590736,2283.9005,1726.0082,2289.188,1717.7693,46410626#0,2.0134628932065746,84.26739890705078,0,0.033899996196851134,4.935,5.978,,2.03,True,0,,False,2283.0575252137546,1724.5439459148788,-37.90766455736237,145.13838350566192,1.6884215285279123,2.0134628932065746,short=0.685 small=1.000 angle_diff=14.051 mode=confirmed,,
2026-09-10T11:20:05.966,1789003206,fuzzy,True,-37.90760563,145.1383182,2277.18534896028,1730.9681518496946,2277.5918673780943,1732.5741754125902,2277.1818,1730.9685,2282.8327,1724.7321,46410626#0,4.744828844618219,51.279612934645414,0,0.016400008462369442,4.307,4.935,,2.02,True,0,,False,2276.0653342469195,1728.0816151888262,-37.90763143122051,145.13830481049163,3.0962116937769406,4.744828844618219,short=0.027 small=0.999 angle_diff=25.057 mode=following,,
2026-09-10T11:20:08.008,1789003208,fuzzy,True,-37.9075941,145.1382166,2268.2272419453366,1732.06918709632,2269.380185535523,1735.3343239618637,2268.225,1732.069,2276.1868,1728.0403,46410626#0,6.178503332387238,50.138573052843576,0,0.013999990187585354,4.325,4.307,,2.02,True,0,,False,2268.904602298403,1729.1741515606325,-37.9076203011279,145.13822364395068,2.973221788027314,6.178503332387238,short=0.003 small=1.000 angle_diff=14.164 mode=following,,
2026-09-10T11:20:10.039,1789003210,fuzzy,True,-37.90759571,145.1381219,2259.9048933709273,1731.7242507748306,2260.782627153368,1735.2992033995733,2259.9015,1731.7239,2268.0068,1729.2435,46410626#0,5.481699732284821,50.420153507176124,0,0.013800003216601908,4.189,4.325,,2.02,True,0,,False,2260.360679577499,1729.8337672597809,-37.907612821991144,145.13812665281873,1.9446513792388924,5.481699732284821,short=0.008 small=1.000 angle_diff=4.649 mode=following,,
2026-09-10T11:20:12.082,1789003212,fuzzy,True,-37.90759525,145.1380371,2252.4483540343354,1731.626387791708,2252.638086508292,1734.2369573255114,2252.4458,1731.6263,2259.7591,1729.8802,46410626#0,3.7956885102807996,55.5869411050749,0,0.013700002455152571,3.758,4.189,,2.02,True,0,,False,2252.345917720528,1730.4525302002342,-37.907605805996354,145.138035668774,1.1783186510649195,3.7956885102807996,short=0.112 small=1.000 angle_diff=11.845 mode=following,,
2026-09-10T11:20:14.114,1789003214,fuzzy,True,-37.90758447,145.137972,2246.700943036005,1732.7082699853927,2245.902815263842,1733.7600255323598,2246.7001,1732.7084,2252.3551,1730.4518,46410626#0,2.293446001995334,67.11082016953904,0,0.03429999924264848,2.922,3.758,,2.02,True,0,,False,2247.11,1731.81,-37.90759263546047,145.1379764468165,0.9870240961853327,2.293446001995334,short=0.582 small=0.839 angle_diff=31.458 mode=confirmed,,
2026-09-10T11:20:16.154,1789003216,fuzzy,True,-37.90755515,145.1379634,2245.8798557114787,1735.9466564953327,2242.9598773711455,1735.2493864261085,2245.8808,1735.9465,2246.4121,1732.2872,46410626#0,5.390073916249294,50.485847866682775,0,0.03309999010525644,1.393,2.922,,2.04,True,0,,False,2247.11,1731.81,-37.90759263546047,145.1379764468165,4.315690203311703,5.390073916249294,short=0.010 small=1.000 angle_diff=0.565 mode=confirmed,,
2026-09-10T11:20:18.189,1789003218,fuzzy,True,-37.90753005,145.1380056,2249.534403516096,1738.8059796644375,2244.8664639575195,1737.7714913140553,2249.5322,1738.8061,2246.7145,1734.6582,46410626#0,6.369680734657523,10.081703829458442,0,0.04090000584255904,1.785,1.393,,2.03,True,0,,False,2247.11,1731.81,-37.90759263546047,145.1379764468165,7.4041517997729995,6.369680734657523,short=0.002 small=0.000 angle_diff=99.680 mode=entering_pending,,
2026-09-10T11:20:20.218,1789003220,fuzzy,True,-37.90751568,145.1380562,2253.9512540253345,1740.489398916252,2249.582603538786,1740.0666613207304,2253.9552,1740.4895,2250.6801,1736.926,115936847,3.252559023991663,61.53738198156084,0,0.033499993151053786,2.101,1.785,,2.03,True,0,,False,2251.26,1737.28,-37.907544106916674,145.13802487277152,4.1884471624359,3.252559023991663,short=0.231 small=1.000 angle_diff=5.455 mode=confirmed,,
2026-09-10T11:20:22.253,1789003222,fuzzy,True,-37.90749332,145.1380438,2252.8115023337305,1742.9487980231643,2251.935273973349,1742.5781004095127,2252.8085,1742.9486,2254.5845,1739.8476,115936847,5.340960858156601,50.525149183921414,0,0.051399998483248055,0.934,2.101,,2.03,True,0,,False,2251.26,1737.28,-37.907544106916674,145.13802487277152,5.877280878008286,5.340960858156601,short=0.011 small=1.000 angle_diff=15.464 mode=confirmed,,
2026-09-10T11:20:24.294,1789003224,fuzzy,True,-37.90746386,145.1379608,2245.4489310539793,1746.0720699038357,2248.5954924676757,1745.5672121006617,2245.4484,1746.0726,2252.6388,1742.0403,115936847,8.705026409561745,10.001951393420045,0,0.05640000745188445,3.358,0.934,,2.02,True,0,,False,2251.26,1737.28,-37.907544106916674,145.13802487277152,10.538928574069642,8.705026409561745,short=0.000 small=0.000 angle_diff=106.766 mode=entering_pending,,
2026-09-10T11:20:26.325,1789003227,fuzzy,True,-37.90742537,145.1377972,2230.9800617314177,1750.0557978423312,2235.8618765154993,1749.8635059880828,2230.9821,1750.0562,2244.9158,1744.5145,310292416#2,4.139011512707659,53.38547356715525,0,0.058999998145736754,4.973,3.358,,2.02,True,0,,False,2234.524380386465,1745.9465530387681,-37.90746302496591,145.13783656409385,5.426609216087649,4.139011512707659,short=0.068 small=1.000 angle_diff=0.209 mode=confirmed,,
2026-09-10T11:20:28.361,1789003229,fuzzy,True,-37.90741715,145.1376664,2219.4620252755703,1750.7382044531405,2223.8995834261423,1751.5009703632163,2219.4604,1750.7381,2230.8117,1749.0708,310292416#2,3.2913438665256285,60.99584944586538,0,0.018699996871873736,5.616,4.973,,2.18,True,0,,False,2223.85,1748.21,-37.90744071439017,145.13771571511532,5.064201806712683,3.2913438665256285,short=0.220 small=1.000 angle_diff=1.753 mode=following,,
2026-09-10T11:20:30.398,1789003231,fuzzy,True,-37.90742421,145.1375372,2208.1185308883432,1749.7278626589105,2211.3537938278228,1751.4715510616222,2208.1196,1749.7283,2219.4988,1749.9884,310292416#2,3.893934305143326,54.853139671848645,0,0.017400001524947584,5.795,5.616,,2.29,True,0,,False,2211.5500507281995,1747.5825656409982,-37.90744415298,145.13757572757788,4.046928181521209,3.893934305143326,short=0.097 small=1.000 angle_diff=2.755 mode=following,,
2026-09-10T11:20:32.414,1789003233,fuzzy,True,-37.9074336,145.1374265,2198.406706960057,1748.4914540946484,2199.6967810192855,1750.4457398898849,2198.4108,1748.4912,2208.136,1749.4069,310292416#2,4.264209190616928,52.80539640661091,0,0.01750000228639692,4.564,5.795,,2.5,True,0,,False,2200.6244565516736,1746.2836613072593,-37.9074538875412,145.13745121331914,3.1293389466727657,4.264209190616928,short=0.056 small=1.000 angle_diff=7.536 mode=following,,
2026-09-10T11:20:34.445,1789003235,fuzzy,True,-37.90744238,145.1373573,2192.342173789686,1747.3956245100126,2190.695872743602,1748.9838657572234,2192.3416,1747.3958,2198.5501,1747.8655,310292416#2,4.795488791899885,51.238811692709874,0,0.016999998479150236,2.92,4.564,,2.72,True,0,,False,2191.739127757422,1744.3032320683542,-37.90747012855674,145.13734974113643,3.1506436691976547,4.795488791899885,short=0.025 small=1.000 angle_diff=3.340 mode=following,,
2026-09-10T11:20:36.482,1789003237,fuzzy,True,-37.90744771,145.1373118,2188.35367419268,1746.724253103137,2184.581511233003,1747.6086986953967,2188.3539,1746.7246,2192.5351,1746.5266,310292416#2,4.081548276278441,53.68745197546111,0,0.06540000322274864,2.148,2.92,,2.93,True,0,,False,2184.8732814490595,1743.5375923994848,-37.907475789837825,145.1372715055256,4.718891828602133,4.081548276278441,short=0.074 small=1.000 angle_diff=8.576 mode=confirmed,,
2026-09-10T11:20:38.507,1789003239,fuzzy,True,-37.9074429,145.1372641,2184.1492705326527,1747.174198367633,2180.1641266178885,1746.9807633126875,2184.1522,1747.1747,2188.4203,1745.7937,310292416#2,3.8134975993126927,55.44708898862507,0,0.0644999963697046,2.05,2.148,,3.11,True,0,,False,2181.0,1743.26,-37.907477593276965,145.13722740494063,5.023828594708937,3.8134975993126927,short=0.109 small=1.000 angle_diff=3.991 mode=confirmed,,
2026-09-10T11:20:40.544,1789003241,fuzzy,True,-37.90744229,145.1372302,2181.1674619233236,1747.1823327587917,2177.217124454947,1746.7072889809554,2181.1632,1747.1817,2184.2719,1745.4977,310292416#2,4.936173148655656,50.994081619272905,0,0.0627999979769811,1.548,2.05,,3.26,True,0,,False,2180.66,1743.17,-37.90747834282048,145.13722351884226,4.044296202171176,4.936173148655656,short=0.020 small=1.000 angle_diff=9.525 mode=confirmed,,
2026-09-10T11:20:42.575,1789003243,fuzzy,True,-37.90746965,145.1371902,2177.7113653895794,1744.0760629475117,2174.8160613926098,1745.0867430828034,2177.7105,1744.0757,2181.2985,1745.2856,310292416#2,6.150245726181925,50.144963450118134,0,0.07619999814778566,2.276,1.548,,3.3,True,0,,False,2180.66,1743.17,-37.90747834282048,145.13722351884226,3.084703572569421,6.150245726181925,short=0.003 small=1.000 angle_diff=19.190 mode=entering_pending,,
2026-09-10T11:20:44.609,1789003245,fuzzy,True,-37.907533,145.1371668,2175.794529218867,1737.0053305542096,2173.193811813368,1740.5110196490289,2175.7966,1737.0048,2177.6307,1744.4715,310292416#2,7.925537366327382,19.366518239958467,0,0.08630000229459256,3.39,2.276,,3.36,True,0,,False,2180.66,1743.17,-37.90747834282048,145.13722351884226,7.85340405798148,7.925537366327382,short=0.000 small=0.234 angle_diff=55.652 mode=entering_pending,,
2026-09-10T11:20:46.653,1789003247,fuzzy,True,-37.90761376,145.1371555,2174.98011955939,1728.0239575505257,2172.407874739513,1733.155939853178,2174.9836,1728.0246,2176.721,1736.9011,-46410634#0,3.8242531446259145,55.364123122060846,0,0.07860000187065452,4.333,3.39,,3.47,True,0,,False,2176.170535784248,1732.472350812442,-37.90757390197313,145.13717004517812,4.604920564034552,3.8242531446259145,short=0.107 small=1.000 angle_diff=4.198 mode=confirmed,,
2026-09-10T11:20:48.690,1789003249,fuzzy,True,-37.90769966,145.1371471,2174.4320741425036,1718.4773198775947,2172.201765217953,1723.7877093896973,2174.4362,1718.4771,2175.3504,1727.9579,-46410634#0,2.955764727550275,66.26825670278355,0,0.019800005247816443,4.77,4.333,,3.53,True,0,,False,2175.1574796085674,1723.804959483746,-37.90765179778422,145.13715655797884,5.376798012128297,2.955764727550275,short=0.325 small=1.000 angle_diff=1.595 mode=following,,
2026-09-10T11:20:50.731,1789003251,fuzzy,True,-37.90779203,145.1371475,2174.672061439138,1708.228199834004,2172.577432682257,1713.1231518104862,2174.6749,1708.2284,2175.1885,1718.4815,-46410634#0,2.6423429249058987,72.1653834256297,0,0.013999990187585354,5.021,4.77,,3.64,True,0,,False,2175.2197306078283,1713.1385727482689,-37.90774789464042,145.13715484240052,4.940820141988541,2.6423429249058987,short=0.443 small=1.000 angle_diff=1.683 mode=following,,
2026-09-10T11:20:52.777,1789003253,fuzzy,True,-37.9078761,145.1371443,2174.577137971879,1698.8937631808221,2173.076878013975,1702.28189078081,2174.5763,1698.8935,2175.2484,1708.2318,-46410634#0,2.2061766191443684,80.77057726188653,0,0.012100004823878407,4.69,5.021,,3.72,True,0,,False,2175.283017061736,1702.2947662149788,-37.907845589926076,145.13715309827614,3.47348339967822,2.2061766191443684,short=0.615 small=1.000 angle_diff=2.303 mode=following,,
2026-09-10T11:20:54.798,1789003255,fuzzy,True,-37.90794951,145.1371449,2174.792668128095,1690.7488877745345,2173.6966305020533,1692.177935636534,2174.794,1690.7493,2175.3028,1698.8978,-46410634#0,1.6454022260811791,89.8476355309351,0,0.016299993149004877,4.186,4.69,,3.76,True,0,,False,2175.3420047067884,1692.187538343706,-37.9079366491399,145.13715147261448,1.5399630310067984,1.6454022260811791,short=0.797 small=1.000 angle_diff=3.176 mode=following,,
2026-09-10T11:20:56.833,1789003257,fuzzy,True,-37.90802314,145.1371361,2174.1822536086547,1682.5630854405463,2173.8985683778214,1682.7741057473538,2174.1859,1682.5631,2175.3504,1690.7525,-46410634#0,1.4983493394422325,91.61935928259786,0,0.013899989426136017,4.122,4.186,,3.77,True,0,,False,2175.3968922002414,1682.7828502413868,-37.908021378949336,145.13714995994258,1.2343595407579164,1.4983493394422325,short=0.832 small=1.000 angle_diff=0.896 mode=following,,
2026-09-10T11:20:58.863,1789003259,fuzzy,True,-37.90808961,145.1371378,2174.479106175655,1675.1902384795249,2174.1852271845364,1674.3096797620933,2174.4772,1675.1901,2175.3981,1682.5702,-46410634#0,3.0645150998071373,64.41941912342509,0,0.04630000330507755,3.73,4.122,,3.92,True,0,,False,2175.43,1677.11,-37.90807248745063,145.13714904750452,2.1423546299979743,3.0645150998071373,short=0.288 small=1.000 angle_diff=1.605 mode=confirmed,,
2026-09-10T11:21:00.898,1789003261,fuzzy,True,-37.90813887,145.137122,2173.1992279656697,1669.6963511444628,2173.78919996258,1667.3353707024978,2173.2,1669.6962,2173.6812,1675.0906,-46410634#0,9.911387524780947,50.000354003373815,0,0.047999987145885825,2.921,3.73,,4.12,True,0,,False,2175.43,1677.11,-37.90807248745063,145.13714904750452,7.741998012293441,9.911387524780947,short=0.000 small=1.000 angle_diff=3.584 mode=confirmed,,
2026-09-10T11:21:02.933,1789003263,fuzzy,True,-37.90815922,145.137087,2170.1672155380948,1667.3767246911302,2172.0747913743035,1662.8992778076147,2170.1684,1667.3768,2174.98,1671.79,-46410634#0,14.60144000265375,50.00000019499713,0,0.06590000702999532,1.808,2.921,,4.21,True,0,,False,2175.43,1677.11,-37.90807248745063,145.13714904750452,11.06496943198316,14.60144000265375,short=0.000 small=1.000 angle_diff=21.464 mode=confirmed,,
2026-09-10T11:21:04.965,1789003265,fuzzy,True,-37.90813822,145.1370605,2167.790815380984,1669.660427850671,2169.7520323884846,1662.3038865485,2167.7887,1669.6602,2174.98,1671.79,-46410634#0,15.857500172981274,10.000000020908276,0,0.05729999975301325,1.187,1.808,,4.27,True,0,,False,2175.43,1677.11,-37.90807248745063,145.13714904750452,10.670204630252574,15.857500172981274,short=0.000 small=0.000 angle_diff=75.957 mode=entering_pending,,
2026-09-10T11:21:06.984,1789003267,fuzzy,True,-37.90810086,145.1370424,2166.1166485213907,1673.7742738872766,2167.42631355117,1665.0825208575445,2166.1125,1673.7744,2174.228,1673.1697,-46410634#0,14.447119134740321,10.000000199687705,0,0.072900002123788,2.238,1.187,,4.29,True,0,,False,2175.43,1677.11,-37.90807248745063,145.13714904750452,9.892703597258635,14.447119134740321,short=0.000 small=0.000 angle_diff=140.405 mode=entering_pending,,
2026-09-10T11:21:09.018,1789003269,fuzzy,True,-37.90803457,145.1370263,2164.554163211549,1681.1018467536196,2165.27872161737,1671.0910624648188,2164.5508,1681.1019,2173.7267,1674.7261,46410634#0,10.126730448315204,50.000250826089776,0,0.061700004152953625,3.491,2.238,,4.42,True,0,,False,2173.43,1677.1,-37.90807221750866,145.13712630592275,9.736285540937613,10.126730448315204,short=0.000 small=1.000 angle_diff=19.335 mode=confirmed,,
2026-09-10T11:21:11.046,1789003271,fuzzy,True,-37.90795559,145.1370127,2163.1833308822243,1689.8419557744637,2163.3755345850527,1680.1361705488382,2163.1805,1689.8414,2173.4064,1681.1534,46410634#0,10.03664363243606,50.00028971507997,0,0.05919999966863543,4.172,3.491,,4.33,True,0,,False,2173.412008592198,1680.194522141903,-37.90804433799312,145.13712680444596,14.060541361881501,10.03664363243606,short=0.000 small=1.000 angle_diff=11.549 mode=confirmed,,
2026-09-10T11:21:13.063,1789003273,fuzzy,True,-37.90790028,145.1369964,2161.627606149297,1695.9507826361805,2161.608993981385,1689.2334841109393,2161.6279,1695.9509,2155.986,1690.1085,46410634#0,11.750263916485412,50.00001867360302,0,0.020799998310394585,3.117,4.172,,4.32,True,0,,False,2173.3590593113704,1689.301798444253,-37.907962287698375,145.13712827161075,13.484657358584153,11.750263916485412,short=0.000 small=1.000 angle_diff=10.656 mode=following,,
2026-09-10T11:21:15.080,1789003275,fuzzy,True,-37.90787973,145.1369531,2157.7751622215146,1698.1550311800092,2158.9037398640035,1695.956956005334,2157.7783,1698.1548,2156.0832,1695.917,46410634#0,14.416383021221137,50.00000026219172,0,0.016600009985268116,2.235,3.117,,4.53,True,0,,False,2173.3198792397143,1696.0407707691463,-37.9079015741926,145.13712935724175,15.687840012597288,14.416383021221137,short=0.000 small=1.000 angle_diff=21.585 mode=following,,
2026-09-10T11:21:17.110,1789003277,fuzzy,True,-37.90792833,145.1369162,2154.638746690587,1692.697303804569,2155.8104153786835,1697.367151580157,2154.6352,1692.6968,2156.0696,1698.1443,46410634#0,17.5014565545869,10.000000001506539,0,0.02169999061152339,2.618,2.235,,4.48,True,0,,False,2173.311576148169,1697.4689025148634,-37.907888707707706,145.13712958730954,19.272849145988292,17.5014565545869,short=0.000 small=0.000 angle_diff=65.159 mode=following,,
2026-09-10T11:21:19.148,1789003279,fuzzy,True,-37.90801492,145.1368885,2152.3954356916947,1683.040185672231,2152.929170009213,1692.6981315157082,2152.3916,1683.0397,2156.0801,1692.6432,46410634#0,20.409798236000857,10.000000000014357,0,0.016600009985268116,4.569,2.618,,4.38,True,0,,False,2173.3386233073957,1692.816791127907,-37.90793062003189,145.13712883786744,23.112748035281353,20.409798236000857,short=0.000 small=0.000 angle_diff=147.988 mode=following,,
2026-09-10T11:21:21.184,1789003281,fuzzy,True,-37.9080844,145.1367897,2143.8631941163912,1675.156740645878,2147.260857602092,1685.0476578699504,2143.8602,1675.1563,2152.8677,1682.7406,46410634#0,26.122493591456298,10.000000000000002,0,0.01410000550094992,5.53,4.569,,4.34,True,0,,False,2173.382909707756,1685.1995302659136,-37.907999246312926,145.13712761074405,31.181264117212383,26.122493591456298,short=0.000 small=0.000 angle_diff=143.132 mode=following,,
2026-09-10T11:21:23.220,1789003283,fuzzy,True,-37.9081213,145.1366566,2132.2431120574474,1670.8282454330474,2138.2769649555607,1677.55887039196,2132.2463,1670.8281,2144.7355,1674.061,,,,0,0.05810000584460795,5.818,5.53,,4.34,False,,,False,,,,,,,,,no_match
2026-09-10T11:21:25.262,1789003285,fuzzy,True,-37.90810962,145.1365158,2119.838313253247,1671.8768738908693,2126.6144564695082,1673.096422940784,2119.8391,1671.8767,2132.6564,1669.0603,,,,0,0.044500004150904715,6.055,5.818,,4.23,False,,,False,,,,,,,,,no_match
2026-09-10T11:21:27.304,1789003287,fuzzy,True,-37.90807062,145.1363755,2107.4168649070198,1675.957922546193,2113.264075380163,1672.7590386507386,2107.4164,1675.9576,2118.8302,1669.8067,46410634#0,60.32232116551616,10.0,0,11.747199998353608,6.391,6.055,,3.99,True,0,,False,2173.43,1677.1,-37.90807221750866,145.13712630592275,66.0230137581929,60.32232116551616,short=0.000 small=0.000 angle_diff=109.540 mode=entering_pending,,
2026-09-10T11:21:29.341,1789003289,fuzzy,True,-37.90802943,145.136232,2094.709206078667,1680.2763410946354,2099.459937901458,1675.1365711548758,2094.7059,1680.2768,2108.073,1676.9066,46410634#0,73.99611570678556,10.0,0,11.828599992441013,6.659,6.391,,4.01,True,0,,False,2173.43,1677.1,-37.90807221750866,145.13712630592275,78.78484967526684,73.99611570678556,short=0.000 small=0.000 angle_diff=79.895 mode=entering_pending,,
2026-09-10T11:21:31.365,1789003292,fuzzy,True,-37.9079785,145.136015,2075.5179183037253,1685.5463327495381,2079.5217699452646,1679.5245081111914,2075.5149,1685.5459,2095.0452,1681.3198,350484353#0,0.32077465408271694,98.51543551681915,0,11.985300006926991,6.499,6.659,,4.65,True,0,,False,2079.48200981993,1679.2062071354856,-37.90803632750531,145.13605862896046,7.477380179635996,0.32077465408271694,short=0.970 small=1.000 angle_diff=5.291 mode=confirmed,,
2026-09-10T11:21:33.400,1789003294,fuzzy,True,-37.90795945,145.1358703,2062.75385021104,1687.4058309579268,2065.181832870778,1683.8894838624135,2062.7563,1687.4062,2075.5551,1685.9072,350484353#0,2.8746495776498513,67.72359890126245,0,0.029100003303028643,6.363,6.499,,4.44,True,0,,False,2064.82551909709,1681.0370023657229,-37.90801719523512,145.13589240614763,6.697297186947985,2.8746495776498513,short=0.354 small=1.000 angle_diff=9.810 mode=following,,
2026-09-10T11:21:35.439,1789003296,fuzzy,True,-37.90794316,145.1357207,2049.565099434112,1688.9504312239587,2050.962668456624,1687.4662675427921,2049.5628,1688.9502,2062.6851,1686.8282,350484353#0,4.661380445571397,51.52624993334326,0,0.014899997040629387,6.541,6.363,,4.01,True,0,,False,2050.38488879608,1682.840833690469,-37.90799834451695,145.13572863155383,6.16435208430041,4.661380445571397,short=0.031 small=1.000 angle_diff=6.999 mode=following,,
2026-09-10T11:21:37.476,1789003298,fuzzy,True,-37.9079275,145.1355768,2036.878876185161,1690.4351251432672,2037.3152108618553,1690.1802790552208,2036.8773,1690.4348,2049.5013,1688.4512,350484353#0,5.662855730263312,50.31509910004802,0,0.02780000795610249,6.408,6.541,,3.62,True,0,,False,2036.6132980058364,1684.5610928717658,-37.907980366948756,145.13557244478147,5.88003289922541,5.662855730263312,short=0.006 small=1.000 angle_diff=4.127 mode=confirmed,,
2026-09-10T11:21:39.516,1789003300,fuzzy,True,-37.90791177,145.1354322,2024.1309489983832,1691.926336184144,2024.0853387912312,1692.282188137576,2024.1351,1691.926,2036.8252,1690.0116,350484353#0,12.071818739237953,50.00001116320785,0,0.021800005924887955,6.44,6.408,,3.54,True,0,,False,2033.66,1684.93,-37.90797651165814,145.13553895076186,11.821655256053479,12.071818739237953,short=0.000 small=1.000 angle_diff=1.907 mode=confirmed,,
2026-09-10T11:21:41.553,1789003302,fuzzy,True,-37.90789567,145.1352948,2012.0152083997382,1693.4712465731427,2011.4608011024989,1694.0185574504408,2012.0192,1693.4708,2024.0943,1691.5995,350484353#0,23.987628232503116,50.00000000000005,0,0.0202999945031479,6.184,6.44,,3.39,True,0,,False,2033.66,1684.93,-37.90797651165814,145.13553895076186,23.26907596880437,23.987628232503116,short=0.000 small=1.000 angle_diff=0.711 mode=confirmed,,
2026-09-10T11:21:43.602,1789003304,fuzzy,True,-37.90788106,145.1351673,2000.7731635177624,1694.8682130109519,1999.6595938279456,1695.4828280130034,2000.7712,1694.8682,2011.9746,1693.1144,350484353#0,35.600418521931836,50.0,0,0.021200001356191933,5.719,6.184,,3.36,True,0,,False,2033.66,1684.93,-37.90797651165814,145.13553895076186,34.355670444054624,35.600418521931836,short=0.000 small=1.000 angle_diff=0.047 mode=confirmed,,
2026-09-10T11:21:45.648,1789003306,fuzzy,True,-37.90786702,145.1350447,1989.9631803956,1696.210532530211,1988.444553773441,1696.8267050710538,1989.965,1696.2107,2000.7256,1694.4794,350484353#0,46.75433850472592,50.0,0,0.020799998310394585,5.651,5.719,,3.67,True,0,,False,2033.66,1684.93,-37.90797651165814,145.13553895076186,45.129396824072835,46.75433850472592,short=0.000 small=1.000 angle_diff=0.287 mode=confirmed,,
2026-09-10T11:21:47.688,1789003308,fuzzy,True,-37.90785275,145.1349202,1978.985637048143,1697.5750178033486,1977.614233652874,1698.0709088422093,1978.9819,1697.5752,1989.9107,1695.747,350484353#0,57.56571384631574,50.0,0,11.864400003105402,5.628,5.651,,3.77,True,0,,False,2033.66,1684.93,-37.90797651165814,145.13553895076186,56.11757692059064,57.56571384631574,short=0.000 small=1.000 angle_diff=0.567 mode=entering_pending,,
2026-09-10T11:21:49.704,1789003310,fuzzy,True,-37.90786055,145.134781,1966.7646856267238,1696.4646349214017,1966.364550105924,1698.0198125556083,1966.7617,1696.4645,1979.273,1697.385,24801549#3,0.5999077540635704,97.71776295055886,0,11.518500003148802,5.933,5.628,,3.68,True,0,,False,1966.4394749658416,1698.6150230887408,-37.90784112014208,145.13477779166564,2.174840510056641,0.5999077540635704,short=0.954 small=1.000 angle_diff=7.435 mode=confirmed,,
2026-09-10T11:21:51.743,1789003312,fuzzy,True,-37.90785064,145.1346478,1955.0319253352936,1697.3299771910533,1954.941621128854,1698.1457461136474,1955.0328,1697.3302,1967.0232,1698.5415,24801549#3,1.9016151714856255,86.13020460552912,0,0.020700012100860476,5.853,5.933,,3.59,True,0,,False,1955.1791213934785,1700.0324718183347,-37.907826321776845,145.13465008838233,2.7065003029797823,1.9016151714856255,short=0.723 small=1.000 angle_diff=6.543 mode=following,,
2026-09-10T11:21:53.784,1789003314,fuzzy,True,-37.90783653,145.1345289,1944.547071780078,1698.6865138253197,1944.0124928400544,1698.7646836079791,1944.5444,1698.6861,1955.3699,1700.0085,24801549#3,3.5093200091679377,58.29538806799083,0,0.04640000406652689,5.281,5.853,,3.58,True,0,,False,1946.51,1701.23,-37.90781397147603,145.13455179638913,3.2128506216996073,3.5093200091679377,short=0.166 small=1.000 angle_diff=4.988 mode=confirmed,,
2026-09-10T11:21:55.821,1789003316,fuzzy,True,-37.90782226,145.1344137,1934.3871577330283,1700.0673014819622,1933.5367172583585,1699.746502168523,1934.3874,1700.0669,1944.899,1701.4376,24801549#3,13.057826423665215,50.00000230483995,0,0.04959999932907522,5.244,5.281,,3.7,True,0,,False,1946.51,1701.23,-37.90781397147603,145.13455179638913,12.178471680540335,13.057826423665215,short=0.000 small=1.000 angle_diff=2.875 mode=entering_pending,,
2026-09-10T11:21:57.840,1789003318,fuzzy,True,-37.90780586,145.1342834,1922.8949375456432,1701.657862576656,1922.7054304770063,1701.0799418668782,1922.8913,1701.6579,1934.6948,1702.7202,24801549#4,3.009179643786767,65.34462666292572,0,0.04470000567380339,5.628,5.244,,3.76,True,0,,False,1923.0517386085178,1704.0691278441352,-37.90778416698578,145.13428573143713,2.4163581612563103,3.009179643786767,short=0.307 small=1.000 angle_diff=0.410 mode=confirmed,,
2026-09-10T11:21:59.874,1789003320,fuzzy,True,-37.90778701,145.1341546,1911.529148763162,1703.522911223583,1911.6417309111227,1702.7877782123362,1911.5319,1703.5226,1923.1691,1704.0555,24801549#4,2.5859442501615204,73.28381844945005,0,0.010799994925037026,5.683,5.628,,3.72,True,0,,False,1911.9393314625938,1705.3565408671386,-37.90777056616016,145.13415968087185,1.8789485135679744,2.5859442501615204,short=0.466 small=1.000 angle_diff=2.167 mode=following,,
2026-09-10T11:22:01.918,1789003322,fuzzy,True,-37.90777009,145.1340242,1900.0269708106061,1705.1709663392976,1900.3509333725244,1704.5691448606042,1900.0267,1705.1705,1911.7469,1705.3788,24801549#4,2.115802426156238,82.45079301603695,0,0.010100004146806896,5.752,5.683,,3.86,True,0,,False,1900.5944281689758,1706.670889419448,-37.90775668063703,145.1340309931034,1.6036761206477625,2.115802426156238,short=0.649 small=1.000 angle_diff=2.357 mode=following,,
2026-09-10T11:22:03.940,1789003324,fuzzy,True,-37.90776125,145.1338971,1888.8328669739421,1705.9282168708742,1889.0493285496327,1705.9547077769168,1888.8355,1705.9283,1900.2057,1706.7159,24801549#4,2.040078269500183,83.80465619533814,0,0.009900002623908222,5.535,5.752,,3.84,True,0,,False,1889.284108714754,1707.9812313074372,-37.90774283730366,145.1339026976811,2.1020198346797176,2.040078269500183,short=0.676 small=1.000 angle_diff=0.381 mode=following,,
2026-09-10T11:22:05.978,1789003326,fuzzy,True,-37.90774188,145.1337728,1877.8615413141088,1707.8588406909257,1877.8745419733302,1707.6031332955436,1877.8646,1707.8585,1889.0761,1708.0053,24801549#4,1.6886432902902755,89.27634799295829,0,0.009499999578110874,5.528,5.535,,3.87,True,0,,False,1878.0688776301786,1709.2805568599183,-37.9077291102173,145.1337754809201,1.4367550985245763,1.6886432902902755,short=0.786 small=1.000 angle_diff=1.783 mode=following,,
2026-09-10T11:22:08.008,1789003328,fuzzy,True,-37.90772916,145.1336486,1866.913774946006,1709.0517094284296,1866.8098366822032,1709.0701010943214,1866.9129,1709.0522,1878.0299,1709.2851,24801549#4,3.353475275303714,60.16690355537885,0,0.02479999966453761,5.486,5.528,,3.85,True,0,,False,1869.96,1710.22,-37.9077191851239,145.13368350022262,3.2625741277710802,3.353475275303714,short=0.203 small=1.000 angle_diff=0.944 mode=entering_pending,,
2026-09-10T11:22:10.050,1789003330,fuzzy,True,-37.90771941,145.1335465,1857.9156079996028,1709.95389981661,1856.7922863027563,1710.2525958579201,1857.919,1709.9539,1867.0898,1710.5573,1209653409#0,1.5388671043122675,91.15732607153734,0,0.022299995180219412,4.618,5.486,,3.82,True,0,,False,1856.9784292521203,1711.7801634561417,-37.90770278953707,145.13353626039745,2.052691619754114,1.5388671043122675,short=0.823 small=1.000 angle_diff=0.215 mode=confirmed,,
2026-09-10T11:22:12.084,1789003332,fuzzy,True,-37.90770957,145.1334429,1848.7853604147676,1710.8634267011657,1847.4017486872447,1711.2499432488432,1848.7824,1710.8636,1858.1245,1711.6405,1209653409#0,1.6847320777668473,89.32896891823685,0,0.048300003982149065,4.646,4.618,,3.81,True,0,,False,1847.6055356139811,1712.9223047714656,-37.907690810314634,145.13342995459496,2.3729655431364174,1.6847320777668473,short=0.787 small=1.000 angle_diff=0.885 mode=confirmed,,
2026-09-10T11:22:14.125,1789003334,fuzzy,True,-37.9077479,145.1333537,1841.028170087433,1706.453114467673,1839.0649732825514,1709.4759811657937,1841.0264,1706.4533,1849.0124,1712.7509,1209653409#0,8.724046082267378,50.002366133596254,0,0.045599997974932194,4.412,4.646,,3.78,True,0,,False,1847.05,1712.99,-37.907690100297756,145.13342365380353,8.88781795260416,8.724046082267378,short=0.000 small=1.000 angle_diff=18.960 mode=entering_pending,,
2026-09-10T11:22:16.141,1789003336,fuzzy,True,-37.90782684,145.1333279,1838.935266256216,1697.6481251344085,1833.9647371381095,1703.9519254487059,1838.9373,1697.6487,1841.0553,1706.4471,1209653409#0,15.903172506123418,20.768023724926685,0,0.04839999019168317,4.226,4.412,,3.94,True,0,,False,1847.05,1712.99,-37.907690100297756,145.13342365380353,17.355749137504134,15.903172506123418,short=0.000 small=0.269 angle_diff=54.232 mode=entering_pending,,
2026-09-10T11:22:18.175,1789003338,fuzzy,True,-37.90790437,145.1333116,1837.6744608914014,1689.0163201475516,1831.3479174784582,1696.0973074719655,1837.6749,1689.0159,1839.4297,1697.5757,-5094896#1,7.77790378020076,50.010750123152015,0,0.04460000491235405,4.357,4.226,,4.11,True,0,,False,1839.041846827688,1694.9574660868943,-37.907851097344285,145.1333284992156,6.096471058844046,7.77790378020076,short=0.000 small=1.000 angle_diff=9.999 mode=confirmed,,
2026-09-10T11:22:20.216,1789003340,fuzzy,True,-37.90797133,145.1332927,1836.1615844015032,1681.5528365634382,1830.1132306864686,1687.4353469850726,1836.1621,1681.5527,1838.1512,1688.9453,-5094896#1,7.731110355414655,50.01158568141944,0,0.031799994758330286,3.914,4.357,,4.3,True,0,,False,1837.78,1686.44,-37.90792759716314,145.1333122133998,5.148168169856628,7.731110355414655,short=0.000 small=1.000 angle_diff=0.315 mode=confirmed,,
2026-09-10T11:22:22.251,1789003342,fuzzy,True,-37.90803733,145.1332814,1835.3147578478092,1674.2092587677762,1829.949406462578,1678.5010608227947,1835.3174,1674.2088,1836.3466,1681.8748,-5094896#1,11.151006699293138,50.00004871182776,0,0.03470000228844583,3.882,3.914,,4.43,True,0,,False,1837.78,1686.44,-37.90792759716314,145.1333122133998,12.476716313139404,11.151006699293138,short=0.000 small=1.000 angle_diff=7.376 mode=entering_pending,,
2026-09-10T11:22:24.284,1789003344,fuzzy,True,-37.9081003,145.1332691,1834.373282239132,1667.2001439100131,1830.0707346361553,1669.9046240007692,1834.37,1667.2004,1836.0441,1674.1094,-5094896#0,5.3601500081300015,50.509432500390965,0,0.034599986975081265,3.426,3.882,,4.71,True,0,,False,1835.3849700117269,1669.2045450890173,-37.90808242635567,145.13328105886265,2.2452474775870566,5.3601500081300015,short=0.010 small=1.000 angle_diff=8.313 mode=confirmed,,
2026-09-10T11:22:26.318,1789003346,fuzzy,True,-37.9081519,145.1332445,1832.3251494358992,1661.4310451969504,1829.8441375658222,1662.163479456154,1832.3225,1661.431,1835.1081,1667.1031,-5094896#0,4.573750023997088,51.747940895839626,0,0.013699987903237343,3.144,3.426,,4.86,True,0,,False,1834.378709199019,1661.5661107380083,-37.908151053733114,145.13326787899004,2.057996696082452,4.573750023997088,short=0.035 small=1.000 angle_diff=5.828 mode=following,,
2026-09-10T11:22:28.348,1789003349,fuzzy,True,-37.90825319,145.1332293,1831.2138658881886,1650.1646485580131,1829.359672871031,1650.6529005734571,1831.21,1650.1649,1834.3261,1661.1671,-5094896#0,3.010064784296034,65.3295685595289,0,0.06620000931434333,3.672,3.144,,5.1,True,0,,False,1832.2444758669676,1649.793597553391,-37.908256718430174,145.1332409332028,1.0953701549658763,3.010064784296034,short=0.307 small=1.000 angle_diff=14.177 mode=confirmed,,
2026-09-10T11:22:30.383,1789003351,fuzzy,True,-37.90832277,145.1332506,1833.2411328773596,1642.4812095686793,1830.5214294989537,1642.8591279771024,1833.2432,1642.4812,1832.2618,1649.8516,-5094896#0,6.849745393214367,49.98191798160537,0,0.06520000169984996,3.936,3.672,,5.36,True,0,,False,1832.16,1649.51,-37.90825925790792,145.13323990817253,7.111451555479555,6.849745393214367,short=0.001 small=0.998 angle_diff=25.066 mode=entering_pending,,
2026-09-10T11:22:32.429,1789003353,fuzzy,True,-37.90837786,145.1333243,1839.8431021373253,1636.4979020850733,1834.426520260578,1635.8210214079443,1839.8387,1636.4974,1832.548,1641.9521,4577074#0,5.5813632195095435,50.358668267578345,0,0.04990000161342323,4.215,3.936,,5.33,True,0,,False,1833.09,1641.24,-37.90833392385735,145.13324859907542,8.251780481320464,5.5813632195095435,short=0.007 small=1.000 angle_diff=8.250 mode=confirmed,,
2026-09-10T11:22:34.465,1789003355,fuzzy,True,-37.9084225,145.1334137,1847.8021547304234,1631.7018112195656,1840.899471683596,1629.886081129373,1847.8025,1631.7022,1838.4233,1634.8712,4577074#0,13.78039628231599,50.00000072535035,0,0.02570000651758164,4.575,4.215,,5.21,True,0,,False,1833.09,1641.24,-37.90833392385735,145.13324859907542,17.533526229002714,13.78039628231599,short=0.000 small=1.000 angle_diff=10.209 mode=entering_pending,,
2026-09-10T11:22:36.509,1789003357,fuzzy,True,-37.90844688,145.133514,1856.674490112986,1629.173049387522,1849.4495907598362,1625.772704427433,1856.6742,1629.1729,1846.2217,1628.9526,4577074#0,22.51385000746146,47.96512396003383,0,0.021200001356191933,4.415,4.575,,5.06,True,0,,False,1833.09,1641.24,-37.90833392385735,145.13324859907542,26.492253036944938,22.51385000746146,short=0.000 small=0.949 angle_diff=27.035 mode=confirmed,,
2026-09-10T11:22:38.555,1789003359,fuzzy,True,-37.90845088,145.1335985,1864.1124398988904,1628.877931687981,1858.456875810536,1623.8782788204715,1864.1113,1628.878,1856.7338,1626.2473,4577074#0,30.739351826329308,34.15080233316469,0,0.021800005924887955,3.689,4.415,,4.96,True,0,,False,1833.09,1641.24,-37.90833392385735,145.13324859907542,33.39479765219879,30.739351826329308,short=0.000 small=0.604 angle_diff=40.849 mode=confirmed,,
2026-09-10T11:22:40.587,1789003361,fuzzy,True,-37.90845055,145.1336881,1871.9891507902648,1629.0722620282322,1867.564044287949,1623.4458611792509,1871.993,1629.0728,1864.087,1626.3866,4577074#0,38.79550368199339,24.99180276894998,0,0.02099999983329326,3.851,3.689,,5.06,True,0,,False,1833.09,1641.24,-37.90833392385735,145.13324859907542,40.75779409577225,38.79550368199339,short=0.000 small=0.375 angle_diff=50.008 mode=confirmed,,
2026-09-10T11:22:42.633,1789003363,fuzzy,True,-37.9084549,145.1338016,1881.9774956601905,1628.7893339544535,1877.3846605091317,1623.5204074386374,1881.9805,1628.7889,1871.966,1626.3098,4577074#0,47.707451306477594,21.838470363922255,0,0.020899999071843922,4.722,3.851,,5.43,True,0,,False,1833.09,1641.24,-37.90833392385735,145.13324859907542,50.4480556305481,47.707451306477594,short=0.000 small=0.296 angle_diff=53.162 mode=confirmed,,
2026-09-10T11:22:44.671,1789003365,fuzzy,True,-37.9084601,145.1339189,1892.3018152500736,1628.4187612580135,1888.1669051133122,1624.2491337326849,1892.2986,1628.4191,1881.9553,1626.2124,4577074#0,57.638138531484415,18.406883081589484,0,11.802600012742914,5.024,4.722,,5.3,True,0,,False,1833.09,1641.24,-37.90833392385735,145.13324859907542,60.58401792624741,57.638138531484415,short=0.000 small=0.210 angle_diff=56.593 mode=entering_pending,,
2026-09-10T11:22:46.709,1789003367,fuzzy,True,-37.90847061,145.1340247,1901.6268718617503,1627.4387140953913,1898.7515219803227,1624.6776097657644,1901.6227,1627.4381,1892.1244,1626.0055,4577074#2,0.20528400504544733,98.75969362061166,0,12.10539999010507,4.727,5.024,,5.51,True,0,,False,1898.800823109566,1624.876885758756,-37.90849317800451,145.13399198564682,3.8143827778698056,0.20528400504544733,short=0.975 small=1.000 angle_diff=16.214 mode=confirmed,,
2026-09-10T11:22:48.743,1789003369,fuzzy,True,-37.90850224,145.1341319,1911.121918523626,1624.1175412042066,1909.2626757348041,1623.864593854425,1911.1204,1624.1177,1900.6962,1624.3659,4577074#2,1.9934170692350857,84.61115027643139,0,0.03700000524986535,5.042,4.727,,5.47,True,0,,False,1908.6871181091487,1621.9560747868054,-37.90852127201975,145.1341037251538,3.25579331836216,1.9934170692350857,short=0.692 small=1.000 angle_diff=12.359 mode=following,,
2026-09-10T11:22:50.782,1789003371,fuzzy,True,-37.90853195,145.1342485,1921.4391202077968,1621.025950522162,1919.9577144871143,1622.0685127533366,1921.4411,1621.0259,1910.32,1621.4636,4577074#2,3.3617990923709304,60.05945851409393,0,0.03399999695830047,5.37,5.042,,5.33,True,0,,False,1918.9870650764128,1618.8498899330964,-37.90855111040505,145.1342201256689,3.2783858916593673,3.3617990923709304,short=0.201 small=1.000 angle_diff=7.249 mode=following,,
2026-09-10T11:22:52.821,1789003373,fuzzy,True,-37.90856313,145.1343659,1931.8299122073222,1617.772636291571,1930.693922119665,1619.5035909765381,1931.8305,1617.7728,1920.635,1618.3529,4577074#2,4.00597139097299,54.1223517237338,0,0.052700008382089436,5.354,5.37,,5.33,True,0,,False,1929.5372813856131,1615.6682306287187,-37.90858167369002,145.1343393545996,3.112021734900819,4.00597139097299,short=0.082 small=1.000 angle_diff=3.346 mode=following,,
2026-09-10T11:22:54.853,1789003375,fuzzy,True,-37.9085913,145.134473,1941.3084587957128,1614.8351917639375,1941.017515628267,1616.5465581971023,1941.3076,1614.8348,1931.0576,1615.2098,4577074#2,4.2539770063403965,52.84906435193226,0,0.032800002372823656,4.956,5.354,,5.27,True,0,,False,1939.733056646627,1612.4911315247339,-37.90861213188082,145.13445455477543,2.8242716470551694,4.2539770063403965,short=0.057 small=1.000 angle_diff=1.591 mode=following,,
2026-09-10T11:22:56.898,1789003377,fuzzy,True,-37.90862155,145.1345829,1951.037786228233,1611.6718555223197,1951.1129831597223,1613.2812440750338,1951.0391,1611.6716,1940.4895,1612.2516,4577074#2,4.696973404460217,51.44420093952597,0,0.029100003303028643,5.1,4.956,,5.24,True,0,,False,1949.3027750465767,1608.9471114340884,-37.90864578242272,145.13456255347418,3.2302467625282087,4.696973404460217,short=0.029 small=1.000 angle_diff=4.745 mode=following,,
2026-09-10T11:22:58.943,1789003379,fuzzy,True,-37.90864739,145.1346531,1957.266982971225,1608.928022584878,1959.502959764556,1610.0573156800267,1957.2651,1608.9277,1949.8123,1608.7343,4577074#2,5.595599527627677,50.350647478605175,0,0.03850000211969018,3.167,5.1,,5.29,True,0,,False,1955.6548992623752,1605.9949069801119,-37.908673521656745,145.1346341037349,3.3469360668020935,5.595599527627677,short=0.007 small=1.000 angle_diff=22.428 mode=following,,
2026-09-10T11:23:00.987,1789003381,fuzzy,True,-37.90868359,145.1346756,1959.3255078077782,1604.950675596483,1964.8754112591355,1606.3714251131241,1959.3259,1604.9505,1955.09,1606.53,4577074#2,6.8370455048508765,50.0484017984858,0,0.0357000099029392,2.382,3.167,,5.35,True,0,,False,1959.07,1602.76,-37.90870327810156,145.1346721965534,2.205525744320856,6.8370455048508765,short=0.001 small=1.000 angle_diff=8.995 mode=following,,
2026-09-10T11:23:03.017,1789003383,fuzzy,True,-37.90874769,145.1347078,1962.2987786803278,1597.8944714758545,1968.7353313838826,1601.1566795074189,1962.2974,1597.8942,1958.1112,1603.6682,4577074#2,7.796678214781221,50.01043206752089,0,0.07590001041535288,3.778,2.382,,5.61,True,0,,False,1961.58,1598.06,-37.9087460693174,145.1346996653293,0.7375923559796851,7.796678214781221,short=0.000 small=1.000 angle_diff=8.404 mode=confirmed,,
2026-09-10T11:23:05.048,1789003385,fuzzy,True,-37.90883049,145.1347111,1962.7727506604278,1588.7123829396442,1970.3608487189033,1593.865292491542,1962.7691,1588.7128,1961.7043,1597.7863,4577074#2,9.731334713479956,50.00047219336717,0,0.10760000441223383,4.538,3.778,,5.67,True,0,,False,1961.58,1598.06,-37.9087460693174,145.1346996653293,9.42340696590176,9.731334713479956,short=0.000 small=1.000 angle_diff=15.536 mode=entering_pending,,
2026-09-10T11:23:07.087,1789003387,fuzzy,True,-37.90891846,145.1346956,1961.6053556652041,1578.9235330987722,1969.7811539983688,1584.8188658251725,1961.6072,1578.9232,1962.4549,1588.7075,405414870#0,7.333044207909981,50.021899623903735,0,0.07599999662488699,4.729,4.538,,5.64,True,0,,False,1962.448150259016,1584.8432279638414,-37.90886528581311,145.13470652912955,5.979388766662166,7.333044207909981,short=0.000 small=1.000 angle_diff=3.476 mode=confirmed,,
2026-09-10T11:23:09.132,1789003389,fuzzy,True,-37.90899737,145.1347163,1963.6004516031244,1570.2037075925618,1969.0005807693396,1574.9225880487877,1963.6,1570.2039,1962.3937,1578.8675,405414870#0,6.869233278725633,50.04597441872316,0,0.05119999696034938,4.496,4.729,,5.3,True,0,,False,1962.1485314732931,1575.408166345358,-37.90895022521652,145.1347009760233,5.403190073740342,6.869233278725633,short=0.001 small=1.000 angle_diff=0.456 mode=confirmed,,
2026-09-10T11:23:11.152,1789003391,fuzzy,True,-37.90908933,145.1347341,1965.369559502229,1560.0306880539283,1968.5881983123547,1564.14771925821,1965.3733,1560.031,1961.7887,1570.3442,405414870#0,9.290003301158604,50.00095671844947,0,0.057600002037361264,5.03,4.496,,4.98,True,0,,False,1961.8,1570.49,-37.908994466472926,145.1346958943918,11.051649715096492,9.290003301158604,short=0.000 small=1.000 angle_diff=1.862 mode=confirmed,,
2026-09-10T11:23:13.188,1789003393,fuzzy,True,-37.9091582,145.1347941,1970.7974962597364,1552.4940827796236,1970.5470253583608,1554.3304314866075,1970.8004,1552.4937,1963.8636,1559.2224,405414870#0,18.375040330808364,50.000000000465434,0,0.059300000430084765,4.544,5.03,,4.69,True,0,,False,1961.8,1570.49,-37.908994466472926,145.1346958943918,20.11984034595235,18.375040330808364,short=0.000 small=1.000 angle_diff=15.337 mode=entering_pending,,
2026-09-10T11:23:15.212,1789003395,fuzzy,True,-37.9092348,145.1348529,1976.1370851031388,1544.0976045764983,1974.2355043980592,1544.9352309510496,1976.1412,1544.0977,1968.1981,1551.1054,405414870#2,15.441248619177369,50.000000050870895,0,0.04230000195093453,4.977,4.544,,4.42,True,0,,False,1964.92,1557.25,-37.909114298104846,145.13472835598785,17.286078317166282,15.441248619177369,short=0.000 small=1.000 angle_diff=6.739 mode=confirmed,,
2026-09-10T11:23:17.235,1789003397,fuzzy,True,-37.90933153,145.1348773,1978.497015431407,1533.4068896165118,1977.5544601992178,1534.7494401758715,1978.4954,1533.407,1972.8704,1542.3515,405414870#2,25.80513082557035,50.0,0,0.03310000465717167,5.323,4.977,,4.19,True,0,,False,1964.92,1557.25,-37.909114298104846,145.13472835598785,27.43773425018662,25.80513082557035,short=0.000 small=1.000 angle_diff=10.125 mode=entering_pending,,
2026-09-10T11:23:19.274,1789003399,fuzzy,True,-37.90941999,145.134884,1979.2824538535788,1523.6027192762122,1979.7306781578318,1524.5391816759466,1979.2841,1523.6024,1976.535,1533.4543,405414870#3,14.484535669784064,50.00000023510489,0,0.04090000584255904,4.991,5.323,,4.0,True,0,,False,1975.06,1538.25,-37.90928728256286,145.1348393234667,15.243751150784693,14.484535669784064,short=0.000 small=1.000 angle_diff=16.064 mode=confirmed,,
2026-09-10T11:23:21.314,1789003401,fuzzy,True,-37.90950811,145.134894,1980.3572612659773,1513.8420815998688,1981.2720096069731,1514.4087108680194,1980.3539,1513.8417,1976.7385,1523.4914,405414870#3,24.637291467038818,50.00000000000002,0,0.040399987483397126,4.593,0,,3.88,True,0,,False,1975.06,1538.25,-37.90928728256286,145.1348393234667,24.976137762822447,24.637291467038818,short=0.000 small=1.000 angle_diff=19.445 mode=entering_pending,,
2026-09-10T11:23:23.351,1789003404,fuzzy,True,-37.90962828,145.1348866,1979.9734759937273,1500.4944114461541,1981.7768870149494,1500.22647959909,1979.9706,1500.4948,1976.8544,1513.8331,405414870#4,25.807889195656912,50.0,0,0.030300012440420687,4.769,4.593,,3.67,True,0,,False,1976.65,1525.52,-37.90940224418743,145.13485450556195,25.245307982816577,25.807889195656912,short=0.000 small=1.000 angle_diff=0.714 mode=confirmed,,
2026-09-10T11:23:25.395,1789003406,fuzzy,True,-37.9097236,145.1348804,1979.6400215658941,1489.90632993076,1981.2080382602176,1490.2329988874155,1979.642,1489.9062,1976.8871,1500.4873,405414870#4,35.58016526523089,50.0,0,0.04769999941345304,5.144,4.769,,3.6,True,0,,False,1976.65,1525.52,-37.90940224418743,145.13485450556195,35.73896647589566,35.58016526523089,short=0.000 small=1.000 angle_diff=6.010 mode=entering_pending,,
2026-09-10T11:23:27.435,1789003408,fuzzy,True,-37.9098129,145.1348743,1979.3019950480084,1479.9864329062402,1980.564683454929,1480.2371989787046,1979.2999,1479.9861,1976.92,1489.9,998107627#0,40.60491668426617,50.0,0,0.03670000296551734,5.09,5.144,,3.59,True,0,,False,1976.83,1520.67,-37.90944596665101,145.13485544881124,40.75859898217599,40.60491668426617,short=0.000 small=1.000 angle_diff=4.326 mode=confirmed,,
2026-09-10T11:23:29.478,1789003410,fuzzy,True,-37.90990039,145.1348532,1977.6412092532846,1470.240996430628,1979.1449750711247,1470.3258737045064,1977.6452,1470.2412,1976.9426,1479.9807,998107627#0,50.39732296498044,50.0,0,0.041399995097890496,4.743,5.09,,3.46,True,0,,False,1976.83,1520.67,-37.90944596665101,145.13485544881124,50.435527770137945,50.39732296498044,short=0.000 small=1.000 angle_diff=8.795 mode=entering_pending,,
2026-09-10T11:23:31.504,1789003412,fuzzy,True,-37.90998041,145.1348621,1978.6013248617528,1461.3772392496467,1978.7066638824583,1460.957417757453,1978.5984,1461.3769,1976.9647,1470.2396,998107627#1,38.395583500360544,50.0,0,0.032199997804127634,4.251,4.743,,3.35,True,0,,False,1976.89,1499.31,-37.9096383937174,145.13485127180573,37.97134407584218,38.395583500360544,short=0.000 small=1.000 angle_diff=2.819 mode=confirmed,,
2026-09-10T11:23:33.535,1789003414,fuzzy,True,-37.91004313,145.134873,1979.6988614000147,1454.4366931086406,1979.0814415346256,1452.9936639839905,1979.6981,1454.4362,1976.9856,1461.3727,998107627#1,46.36815068500768,50.0,0,0.02479999966453761,3.389,4.251,,3.22,True,0,,False,1976.89,1499.31,-37.9096383937174,145.13485127180573,44.96113181104997,46.36815068500768,short=0.000 small=1.000 angle_diff=2.554 mode=entering_pending,,
2026-09-10T11:23:35.574,1789003416,fuzzy,True,-37.91008964,145.1349159,1983.5737169542117,1449.351176715456,1981.507662995121,1446.9084144667117,1983.5729,1449.3514,1976.984,1454.4499,998107627#2,17.207916039325458,50.00000000301206,0,0.02169999061152339,3.114,3.389,,3.1,True,0,,False,1976.98,1463.51,-37.909960905327594,145.1348441508366,15.61887896345974,17.207916039325458,short=0.000 small=1.000 angle_diff=21.607 mode=confirmed,,
2026-09-10T11:23:37.601,1789003418,fuzzy,True,-37.91011249,145.1349539,1986.9652520659147,1446.8824696913362,1983.7872346028844,1441.431247978971,1986.9612,1446.8819,1984.1463,1444.1907,998107627#2,23.104322836750672,50.00000000000024,0,0.02409999433439225,3.254,3.114,,4.92,True,0,,False,1976.98,1463.51,-37.909960905327594,145.1348441508366,19.395360862468827,23.104322836750672,short=0.000 small=1.000 angle_diff=22.467 mode=entering_pending,,
2026-09-10T11:23:39.637,1789003420,fuzzy,True,-37.91007754,145.1351097,2000.5849634765182,1451.0347290365025,1995.2106589047228,1445.233961017599,2000.587,1451.0348,1987.2151,1444.5235,998107627#3,23.11477673810842,10.000000000000188,0,0.021400002879090607,4.545,3.254,,2.89,True,0,,False,1977.0,1459.47,-37.90999730226558,145.13484345915444,25.048039811855933,23.11477673810842,short=0.000 small=0.000 angle_diff=105.550 mode=confirmed,,
2026-09-10T11:23:41.677,1789003422,fuzzy,True,-37.91009839,145.1352291,2011.1284098454053,1448.9311067806557,2006.514594632365,1446.0049985556807,2011.1291,1448.9312,2000.064,1444.9421,998107627#3,32.440985808208026,10.0,0,0.025899993488565087,5.316,4.545,,2.81,True,0,,False,1977.0,1459.47,-37.90999730226558,145.13484345915444,35.71857540362853,32.440985808208026,short=0.000 small=0.000 angle_diff=91.040 mode=entering_pending,,
2026-09-10T11:23:43.713,1789003424,fuzzy,True,-37.9101239,145.1353626,2022.921807691455,1446.3351707188413,2018.93114044868,1445.383695923297,2022.9258,1446.3349,2010.5026,1443.871,998107627#4,41.99248714487836,10.0,0,0.021400002879090607,5.916,5.316,,2.73,True,0,,False,1976.94,1445.72,-37.91012115489745,145.1348396488851,45.985922558835924,41.99248714487836,short=0.000 small=0.000 angle_diff=87.424 mode=confirmed,,
2026-09-10T11:23:45.750,1789003426,fuzzy,True,-37.91013447,145.1354835,2033.5742983232485,1445.3748771045357,2031.1893060823547,1444.7709579491423,2033.5773,1445.3755,2022.4379,1442.3935,998107627#4,54.25760675915683,10.0,0,13.233499994385056,5.273,5.916,,2.68,True,0,,False,1976.94,1445.72,-37.91012115489745,145.1348396488851,56.635349883086946,54.25760675915683,short=0.000 small=0.000 angle_diff=87.427 mode=entering_pending,,
2026-09-10T11:23:47.785,1789003428,fuzzy,True,-37.91012645,145.1355783,2041.890923655359,1446.4315140862018,2041.7435557917124,1445.259916158981,2041.8912,1446.4319,2032.9767,1441.0068,998107627#4,64.80518899278317,10.0,0,12.800600001355633,4.229,5.273,,2.61,True,0,,False,1976.94,1445.72,-37.91012115489745,145.1348396488851,64.954820729328,64.80518899278317,short=0.000 small=0.000 angle_diff=92.941 mode=entering_pending,,
2026-09-10T11:23:49.822,1789003430,fuzzy,True,-37.91014097,145.135622,2045.76507221238,1444.897143774666,2050.9568949374166,1444.8147575505552,2045.7629,1444.8967,2046.989,1446.4133,998107627#4,74.0224303847748,10.0,0,12.188299995614216,3.226,4.229,,6.16,True,0,,False,1976.94,1445.72,-37.91012115489745,145.1348396488851,68.82999097346207,74.0224303847748,short=0.000 small=0.000 angle_diff=87.523 mode=entering_pending,,
2026-09-10T11:23:51.842,1789003432,fuzzy,True,-37.9101293,145.1356195,2045.5193830312346,1446.1877084290609,2059.343633751646,1444.5432448222928,2045.517,1446.1877,2046.9835,1444.8923,403774582#4,7.0815390130127085,50.03274207040348,0,12.314699997659773,2.933,3.226,,11.71,True,0,,False,2058.3800799247524,1437.5275653245178,-37.91020962976437,145.13576375645548,15.504696165294668,7.0815390130127085,short=0.001 small=1.000 angle_diff=5.966 mode=confirmed,,
2026-09-10T11:23:53.879,1789003434,fuzzy,True,-37.90999368,145.1356649,2049.2097868950223,1461.3165968116373,2052.9850318084277,1457.9982393928624,2049.2137,1461.3167,2046.9882,1446.1823,403774582#4,19.748700603597648,10.000000000041346,0,0.030499999411404133,2.293,2.933,,2.53,True,0,,False,2053.12,1438.25,-37.910202174251204,145.13570411375625,23.395675989314224,19.748700603597648,short=0.000 small=0.000 angle_diff=123.115 mode=confirmed,,
2026-09-10T11:23:55.906,1789003436,fuzzy,True,-37.90998791,145.1357284,2054.779650605982,1462.0685140350834,2055.881181529032,1461.958603169884,2054.7825,1462.068,2050.2551,1461.4621,403774582#4,23.86884973565559,13.357155807988828,0,0.01780000457074493,2.548,2.293,,2.53,True,0,,False,2053.12,1438.25,-37.910202174251204,145.13570411375625,23.876265431876067,23.86884973565559,short=0.000 small=0.084 angle_diff=61.643 mode=confirmed,,
2026-09-10T11:23:57.944,1789003438,fuzzy,True,-37.91016206,145.1357738,2059.1575018548756,1442.8237984087318,2059.894068318222,1465.2877400350833,2059.1551,1442.8237,2053.349,1458.4901,403774582#4,27.70800210539103,27.500267923444696,0,0.029000002541579306,3.003,2.548,,19.28,True,0,,False,2056.123962495862,1437.8374270539794,-37.91020643200043,145.13573817491607,5.836630905769182,27.70800210539103,short=0.000 small=0.438 angle_diff=47.500 mode=confirmed,,
2026-09-10T11:23:59.980,1789003440,fuzzy,True,-37.91014257,145.1358011,2061.5143537527765,1445.0345027698204,2063.8476703803512,1468.2377250207307,2061.5171,1445.0349,2050.18,1442.8237,403774582#4,31.16850095098084,30.451252845028606,0,0.021799991372972727,3.863,3.003,,24.38,True,0,,False,2059.6067097198693,1437.3590964208797,-37.9102113683562,145.13577766489848,7.908917016737834,31.16850095098084,short=0.000 small=0.511 angle_diff=44.549 mode=confirmed,,
2026-09-10T11:24:02.018,1789003442,fuzzy,True,-37.90983805,145.1358294,2063.326622217777,1478.8752911016345,2064.0068639553247,1477.7863805048173,2063.3265,1478.8755,2062.9349,1453.617,403774582#4,40.65001308641133,10.0,0,0.012299991794861853,5.267,3.863,,2.4,True,0,,False,2058.475795694497,1437.5144194423178,-37.91020976542937,145.13576484175218,41.6443540276161,40.65001308641133,short=0.000 small=0.000 angle_diff=96.865 mode=following,,
2026-09-10T11:24:04.065,1789003444,fuzzy,True,-37.90973491,145.1358344,2063.5373303975794,1490.3290016083047,2064.7660697855113,1487.6324652754852,2063.537,1490.3287,2064.0775,1478.87,403774582#4,50.50782939071026,10.0,0,12.455600008252077,5.85,5.267,,2.36,True,0,,False,2057.8936918732975,1437.5943672741341,-37.91020894037067,145.13575824142535,53.03576448163482,50.50782939071026,short=0.000 small=0.000 angle_diff=93.411 mode=entering_pending,,
2026-09-10T11:24:06.109,1789003446,fuzzy,True,-37.90962757,145.135844,2064.143136160914,1502.2568518230692,2065.2609689508326,1499.0936926863503,2064.1435,1502.2567,2064.1609,1490.3242,-773028723,1.036087081108436,95.61585476276292,0,12.3098000040045,5.979,5.85,,2.33,True,0,,False,2064.2249093868772,1499.1012438171488,-37.90965601125703,145.13584421226014,3.1566673482508874,1.036087081108436,short=0.912 small=1.000 angle_diff=2.055 mode=confirmed,,
2026-09-10T11:24:08.130,1789003448,fuzzy,True,-37.90951979,145.13584,2063.552302812808,1514.2096159243956,2064.9679428760483,1511.3599196728137,2063.5558,1514.2099,2064.2479,1502.256,-773028723,0.6536710092639388,97.52290754850347,0,0.018300008377991617,6.014,5.979,,2.51,True,0,,False,2064.3142892274536,1511.3646837079802,-37.90954555514602,145.13584801683615,2.9452101134048636,0.6536710092639388,short=0.950 small=1.000 angle_diff=1.786 mode=following,,
2026-09-10T11:24:10.168,1789003450,fuzzy,True,-37.90941404,145.1358462,2063.862724269333,1525.9550538938493,2064.669518828605,1524.0207387569328,2063.8632,1525.9555,2064.335,1514.2042,-773028723,0.2629812721100553,98.64299793008799,0,0.020100007532164454,5.917,6.014,,2.6,True,0,,False,2064.4065445409424,1524.0226553969715,-37.90943154550688,145.13585194379144,2.007462188572687,0.2629812721100553,short=0.973 small=1.000 angle_diff=1.768 mode=following,,
2026-09-10T11:24:12.205,1789003452,fuzzy,True,-37.90930877,145.1358513,2064.0775044328184,1537.645294552669,2064.5266253011932,1536.4346228409704,2064.0747,1537.6448,2064.4206,1525.9514,-773028723,0.029617617118803945,99.05786924318008,0,0.014299992471933365,5.896,5.917,,3.05,True,0,,False,2064.4970084706806,1536.4348386978272,-37.909319749667425,145.13585579447548,1.281088214879557,0.029617617118803945,short=0.981 small=1.000 angle_diff=1.077 mode=following,,
2026-09-10T11:24:14.251,1789003454,fuzzy,True,-37.90920885,145.1358447,2063.275529487699,1548.7213029824197,2063.825902727903,1548.4997968164262,2063.2792,1548.721,2064.5058,1537.6417,-773028723,0.7590188261197491,97.09455240487439,0,0.04740001168102026,5.645,5.896,,2.63,True,0,,False,2064.58490139545,1548.49426499334,-37.90921113108823,145.1358595357043,1.3289097190151473,0.7590188261197491,short=0.942 small=1.000 angle_diff=3.741 mode=confirmed,,
2026-09-10T11:24:16.268,1789003456,fuzzy,True,-37.90913259,145.1358526,2063.800852733315,1557.1973745329306,2063.725014094233,1558.5251910413342,2063.8045,1557.1979,2064.5865,1548.7114,-773028723,5.291428669946788,50.56796966381646,0,0.03700000524986535,4.434,5.645,,2.57,True,0,,False,2064.62,1553.31,-37.90916775603131,145.13586102969802,3.972742504088937,5.291428669946788,short=0.011 small=1.000 angle_diff=0.994 mode=confirmed,,
2026-09-10T11:24:18.289,1789003458,fuzzy,True,-37.9090902,145.1358853,2066.5816790916724,1561.9586656000465,2064.842739823704,1566.3974026095354,2066.5781,1561.9582,2064.2954,1558.4674,-773028723,13.089297922086594,50.00000219165474,0,0.03700000524986535,3.048,4.434,,3.43,True,0,,False,2064.62,1553.31,-37.90916775603131,145.13586102969802,8.868348297182177,13.089297922086594,short=0.000 small=1.000 angle_diff=7.663 mode=confirmed,,
2026-09-10T11:24:20.309,1789003460,fuzzy,True,-37.90909699,145.1359749,2074.47411829303,1561.3627334022895,2069.08404111714,1569.9971764821607,2074.4763,1561.363,2066.2609,1561.1338,-773028723,17.273955020269565,25.740274122740836,0,0.03859998832922429,3.547,3.048,,3.91,True,0,,False,2064.62,1553.31,-37.90916775603131,145.13586102969802,12.725964112057815,17.273955020269565,short=0.000 small=0.394 angle_diff=49.260 mode=confirmed,,
2026-09-10T11:24:22.340,1789003463,fuzzy,True,-37.90918564,145.1360807,2083.972437733086,1551.7116859806702,2078.063569153123,1566.0516565034404,2083.9713,1551.7121,2073.3293,1558.4111,-773028723,18.522401626853565,10.00000000029414,0,0.04049998824484646,4.332,3.547,,4.23,True,0,,False,2064.62,1553.31,-37.90916775603131,145.13586102969802,19.41832778375508,18.522401626853565,short=0.000 small=0.000 angle_diff=113.303 mode=entering_pending,,
2026-09-10T11:24:24.365,1789003465,fuzzy,True,-37.90928326,145.1360713,2083.362611477496,1540.8627694705501,2082.6914180335025,1553.8875461621742,2083.3653,1540.8628,2083.7888,1551.3802,-773028723,18.080644604411788,10.000000000596375,0,0.037999998312443495,5.051,4.332,,3.95,True,0,,False,2064.62,1553.31,-37.90916775603131,145.13586102969802,22.499311830579185,18.080644604411788,short=0.000 small=0.000 angle_diff=158.753 mode=entering_pending,,
2026-09-10T11:24:26.397,1789003467,fuzzy,True,-37.90938059,145.1360659,2083.1038115043193,1530.0530641349033,2084.8672580246593,1540.4321145016747,2083.1056,1530.0533,2083.9269,1540.8574,-773028723,20.340575905627137,10.000000000016037,0,0.018999999156221747,5.401,5.051,,3.78,True,0,,False,2064.527222338817,1540.5803591347549,-37.90928241119662,145.13585708055362,21.35213350084156,20.340575905627137,short=0.000 small=0.000 angle_diff=170.397 mode=following,,
2026-09-10T11:24:28.443,1789003469,fuzzy,True,-37.90947955,145.1360637,2083.129963112995,1519.0681111337617,2085.652597062023,1526.628374693564,2083.1338,1519.0679,2083.8234,1530.0464,-773028723,21.226497448460922,10.000000000003887,0,0.013299999409355223,5.455,5.401,,3.66,True,0,,False,2064.426663362294,1526.7830760324257,-37.909406682553104,145.13585280017003,20.23200694326152,21.226497448460922,short=0.000 small=0.000 angle_diff=176.326 mode=following,,
2026-09-10T11:24:30.474,1789003471,fuzzy,True,-37.90958028,145.1360532,2082.4303357858444,1507.872159389779,2085.1849363518345,1512.7948794942274,2082.4293,1507.8719,2083.7182,1519.0623,-773028723,20.859669382791793,10.00000000000699,0,0.01479999627918005,5.561,5.455,,3.5,True,0,,False,2064.325820975289,1512.9469073447744,-37.909531304146846,145.13584850769956,18.80230101164088,20.859669382791793,short=0.000 small=0.000 angle_diff=178.481 mode=following,,
2026-09-10T11:24:32.514,1789003473,fuzzy,True,-37.90967803,145.1360504,2082.401055826689,1497.0204187706113,2084.4690937554624,1499.6727517604393,2082.3993,1497.0208,2083.611,1507.8606,-773028723,20.23948148825756,10.000000000018852,0,0.0109999964479357,5.405,5.561,,3.43,True,0,,False,2064.2301498020506,1499.8202596049014,-37.90964953512248,145.13584443532613,18.385345644115638,20.23948148825756,short=0.000 small=0.000 angle_diff=177.295 mode=following,,
2026-09-10T11:24:34.542,1789003475,fuzzy,True,-37.90977186,145.1360552,2083.0312431784114,1486.617020599544,2084.0976564592793,1487.507681136627,2083.031,1486.6166,2083.5071,1497.0102,-773028723,19.95671459635209,10.00000000002964,0,0.010499992640689015,5.214,5.405,,3.42,True,0,,False,2064.1414718878445,1487.6531281410062,-37.90975912378669,145.13584066061162,18.918165298130734,19.95671459635209,short=0.000 small=0.000 angle_diff=178.669 mode=following,,
2026-09-10T11:24:36.583,1789003477,fuzzy,True,-37.90985548,145.1360508,2082.829947071383,1477.3304009987041,2083.6519761055433,1476.6476877211176,2082.8278,1477.3301,2083.4075,1486.613,-773028723,19.59019505457878,10.00000000005328,0,0.010099989594891667,4.631,5.214,,3.54,True,0,,False,2064.06230134159,1476.7904634857423,-37.90985696319023,145.1358372905779,18.775411014327247,19.59019505457878,short=0.000 small=0.000 angle_diff=178.068 mode=following,,
2026-09-10T11:24:38.618,1789003479,fuzzy,True,-37.90992523,145.1360484,2082.773709584377,1469.586380268447,2083.2511914875126,1467.4836114810794,2082.7738,1469.5859,2083.3186,1477.3254,-773028723,19.25621000199856,10.000000000090917,0,0.01060000795405358,3.966,4.631,,3.56,True,0,,False,2063.9954929059218,1467.623953121331,-37.90993952542696,145.13583444674802,18.880480447561297,19.25621000199856,short=0.000 small=0.000 angle_diff=177.913 mode=following,,
2026-09-10T11:24:40.658,1789003481,fuzzy,True,-37.90998184,145.1360485,2082.9081077084993,1463.3048330713063,2083.0356526712453,1460.1401438232,2082.9106,1463.3045,2083.2444,1469.5814,-773028723,19.09419701075494,10.000000000117824,0,0.04499999340623617,3.161,3.966,,3.59,True,0,,False,2063.9419627780394,1460.2793046927325,-37.910005678256056,145.1358321681276,19.20594896100596,19.09419701075494,short=0.000 small=0.000 angle_diff=178.736 mode=entering_pending,,
2026-09-10T11:24:42.692,1789003483,fuzzy,True,-37.91002129,145.1360468,2082.8461824333062,1458.9242792464793,2082.8751971035367,1454.8181498884826,2082.8455,1458.9242,2083.1843,1463.3019,773028723,16.5633469281772,50.00000000844803,0,0.03440000000409782,2.38,3.161,,3.63,True,0,,False,2067.14,1459.99,-37.91000886049531,145.1358684638527,15.742297397546087,16.5633469281772,short=0.000 small=1.000 angle_diff=1.309 mode=confirmed,,
2026-09-10T11:24:44.724,1789003485,fuzzy,True,-37.91006546,145.1360919,2086.9091965639964,1454.1022414015606,2084.7721230883226,1450.3709027470031,2086.9059,1454.1019,2083.1424,1458.9213,773028723,20.085288062768107,50.00000000003016,0,0.03530000685714185,3.016,2.38,,3.74,True,0,,False,2067.14,1459.99,-37.91000886049531,145.1358684638527,20.62733220994485,20.085288062768107,short=0.000 small=1.000 angle_diff=23.518 mode=confirmed,,
2026-09-10T11:24:46.751,1789003487,fuzzy,True,-37.9100705,145.1361921,2095.7295564049855,1453.719114271924,2090.3625786503967,1448.4908542304972,2095.7324,1453.7187,2086.8136,1453.4261,773028723,25.913674239716375,10.000000000000004,0,0.035899996873922646,4.025,3.016,,3.83,True,0,,False,2067.14,1459.99,-37.91000886049531,145.1358684638527,29.269211524201374,25.913674239716375,short=0.000 small=0.000 angle_diff=71.830 mode=entering_pending,,
2026-09-10T11:24:48.788,1789003489,fuzzy,True,-37.91008491,145.1362928,2104.614660418476,1452.2971154348925,2098.541767357407,1447.7767992844108,2104.616,1452.2967,2096.3683,1453.7865,-988580230#2,23.013228898507695,50.00000000000028,0,0.03519999154377729,4.396,4.025,,3.82,True,0,,False,2076.62,1454.78,-37.91005750121496,145.13597506639908,28.10454994675134,23.013228898507695,short=0.000 small=1.000 angle_diff=2.305 mode=confirmed,,
2026-09-10T11:24:50.828,1789003491,fuzzy,True,-37.91007355,145.1363781,2112.088687300682,1453.707605204545,2107.3417465742136,1448.8181713315107,2112.0865,1453.708,2104.4632,1451.0808,-988580230#2,31.294873600042454,50.0,0,0.03600001218728721,3.701,4.396,,3.87,True,0,,False,2076.62,1454.78,-37.91005750121496,145.13597506639908,35.48489551106065,31.294873600042454,short=0.000 small=1.000 angle_diff=14.043 mode=entering_pending,,
2026-09-10T11:24:52.864,1789003493,fuzzy,True,-37.91000319,145.1363912,2113.0842994020786,1461.5381200527772,2113.1097045637957,1454.1192012031886,2113.0809,1461.538,2112.304,1453.7052,-988580230#2,36.49568733703984,25.12130538470096,0,0.034500000765547156,3.459,3.701,,3.82,True,0,,False,2076.62,1454.78,-37.91005750121496,145.13597506639908,37.08527089738174,36.49568733703984,short=0.000 small=0.378 angle_diff=49.879 mode=entering_pending,,
2026-09-10T11:24:54.896,1789003495,fuzzy,True,-37.90992375,145.1363791,2111.8442850190913,1470.331904192455,2115.478996396854,1462.1813988761826,2111.8425,1470.3323,2112.4043,1461.5467,-773028722,35.5035271963316,50.0,0,0.032500000088475645,4.248,3.459,,3.91,True,0,,False,2079.9771352020634,1462.525339403698,-37.90998833393244,145.13601499779415,32.809414674174924,35.5035271963316,short=0.000 small=1.000 angle_diff=15.822 mode=confirmed,,
2026-09-10T11:24:56.932,1789003497,fuzzy,True,-37.90984795,145.1363782,2111.5970051838085,1478.7414612807333,2115.8543773449633,1471.9516217531225,2111.5971,1478.7418,2112.5166,1470.3237,-773028722,35.784241465919386,50.0,0,0.010599993402138352,4.112,4.248,,3.82,True,0,,False,2080.07181505309,1472.2982817009768,-37.90990031381253,145.13601829619566,32.17688884704257,35.784241465919386,short=0.000 small=1.000 angle_diff=1.645 mode=following,,
2026-09-10T11:24:58.969,1789003499,fuzzy,True,-37.90979172,145.1363772,2111.384348012274,1484.9792595766485,2115.241472846515,1481.0699088432737,2111.3837,1484.9787,2112.6241,1478.7287,-773028722,35.083032294116975,50.0,0,0.012999997125007212,3.224,4.112,,3.81,True,0,,False,2080.160086822233,1481.4097758251469,-37.90981825103197,145.13602137134512,31.427626399652528,35.083032294116975,short=0.000 small=1.000 angle_diff=4.401 mode=following,,
2026-09-10T11:25:01.001,1789003501,fuzzy,True,-37.90975949,145.1363835,2111.8667216035537,1488.5667310124263,2114.5629268054054,1488.0768793363059,2111.8641,1488.5671,2112.7038,1484.9618,-773028722,34.33663804582555,50.0,0,0.010299991117790341,2.065,3.224,,3.84,True,0,,False,2080.2279000048957,1488.4095156216324,-37.90975520779105,145.13602373376557,31.639212203068755,34.33663804582555,short=0.000 small=1.000 angle_diff=6.086 mode=following,,
2026-09-10T11:25:03.041,1789003503,fuzzy,True,-37.90976062,145.1364265,2115.6496295976685,1488.5169170955196,2115.6366531691156,1491.8000210430912,2115.6528,1488.5168,2113.5364,1487.4148,-773028722,35.374246078381525,50.0,0,0.010499992640689015,1.552,2.065,,3.99,True,0,,False,2080.264067025764,1492.1427091593837,-37.90972158473809,145.13602499372024,35.57083646219985,35.374246078381525,short=0.000 small=1.000 angle_diff=15.532 mode=following,,
2026-09-10T11:25:05.069,1789003505,fuzzy,True,-37.90981384,145.1364469,2117.5611813133582,1482.6472198404372,2117.096955265941,1490.6755699731227,2117.5572,1482.6471,2115.0928,1487.4242,-773028722,36.84537277374606,10.0,0,0.010299991117790341,2.518,1.552,,4.19,True,0,,False,2080.2533114597836,1491.0325096337435,-37.909731583763616,145.13602461902755,38.23859618146292,36.84537277374606,short=0.000 small=0.000 angle_diff=127.042 mode=following,,
2026-09-10T11:25:07.099,1789003507,fuzzy,True,-37.90988863,145.1364248,2115.7841427915264,1474.3093134006485,2117.103908689868,1484.7190105779443,2115.7815,1474.3098,2115.875,1482.6686,-773028722,36.910030058611255,10.0,0,0.010200004908256233,3.841,2.518,,4.18,True,0,,False,2080.195610632886,1485.0765766062086,-37.9097852259466,145.1360226088955,37.181683368889786,36.910030058611255,short=0.000 small=0.000 angle_diff=179.378 mode=following,,
2026-09-10T11:25:09.140,1789003509,fuzzy,True,-37.90997426,145.1364238,2115.8861844663043,1464.8056319681928,2116.935539864421,1475.3080347550392,2115.8903,1464.8061,2115.7681,1474.31,-773028722,36.832837990723604,10.0,0,0.009700001101009548,4.586,3.841,,4.15,True,0,,False,2080.1044302530922,1475.6648529849112,-37.90986999274824,145.13601943242216,37.39326965731477,36.832837990723604,short=0.000 small=0.000 angle_diff=179.530 mode=following,,
2026-09-10T11:25:11.173,1789003511,fuzzy,True,-37.91005393,145.1364243,2116.1068791989237,1455.9659375576302,2116.793828215392,1464.5680525675696,2116.1101,1455.9656,2115.6466,1464.8092,-773028722,36.795176601558744,10.0,0,0.009800001862458885,4.396,4.586,,4.16,True,0,,False,2080.0003782259687,1464.9245059526197,-37.90996672581081,145.13601580752223,37.201281701007375,36.795176601558744,short=0.000 small=0.000 angle_diff=179.799 mode=following,,
2026-09-10T11:25:13.211,1789003513,fuzzy,True,-37.91009843,145.1363758,2111.9416749622906,1450.9427560316399,2114.5636248994806,1455.164549832726,2111.9416,1450.9422,2115.5337,1455.973,,,,0,0.03560000914148986,3.251,4.396,,4.08,False,,,False,,,,,,,,,no_match
2026-09-10T11:25:15.239,1789003515,fuzzy,True,-37.91010291,145.1362808,2103.599602974835,1450.2786547653377,2109.032814752361,1449.3601007723432,2103.6007,1450.2782,2111.5612,1451.1905,-773028722,30.263214530176878,10.0,0,0.036600002204068005,3.892,3.251,,4.13,True,0,,False,2079.93,1457.66,-37.91003215366854,145.13601335572085,24.793837187083238,30.263214530176878,short=0.000 small=0.000 angle_diff=153.519 mode=entering_pending,,
2026-09-10T11:25:17.282,1789003517,fuzzy,True,-37.91008633,145.1361754,2094.2964815771556,1451.9331845659763,2100.6484762170685,1447.4196239353835,2094.2935,1451.9333,2103.3112,1448.0028,,,,0,0.032899988582357764,4.514,3.892,,4.01,False,,,False,,,,,,,,,no_match
2026-09-10T11:25:19.318,1789003519,fuzzy,True,-37.91006799,145.1360619,2084.27733167354,1453.7687630364671,2090.3976814265634,1448.1094056288875,2084.2741,1453.7684,2094.2888,1452.6099,,,,0,0.031499992473982275,4.96,4.514,,3.94,False,,,False,,,,,,,,,no_match
2026-09-10T11:25:21.356,1789003522,fuzzy,True,-37.91004689,145.1358874,2068.8891781351995,1455.803351169452,2073.866097704519,1450.800959663527,2068.8906,1455.8034,2084.6882,1452.914,,,,0,0.03260000084992498,5.073,4.96,,3.76,False,,,False,,,,,,,,,no_match
2026-09-10T11:25:23.376,1789003524,fuzzy,True,-37.91003613,145.1357942,2060.671531811531,1456.833476019092,2062.920014080259,1453.6060354841081,2060.6748,1456.8335,2069.1789,1456.2407,,,,0,0.03199999628122896,4.2,5.073,,3.77,False,,,False,,,,,,,,,no_match
2026-09-10T11:25:25.407,1789003526,fuzzy,True,-37.91003532,145.1357215,2054.278242020635,1456.7955360049382,2053.9970109465603,1455.408392073744,2054.2767,1456.796,2060.7001,1457.2503,,,,0,0.031200004741549492,3.306,4.2,,3.7,False,,,False,,,,,,,,,no_match
2026-09-10T11:25:27.449,1789003528,fuzzy,True,-37.91004535,145.1356636,2049.2101655321894,1455.5807542772964,2046.996661649209,1455.9077009999853,2049.2111,1455.5808,2054.21,1455.3,,,,0,0.03190001007169485,2.654,3.306,,3.81,False,,,False,,,,,,,,,no_match
2026-09-10T11:25:29.465,1789003530,fuzzy,True,-37.91009828,145.135649,2048.0440590895014,1449.6817104723305,2043.1983415029813,1453.2349457548326,2048.0451,1449.682,2049.5981,1456.239,,,,0,0.03229999856557697,2.657,2.654,,3.86,False,,,False,,,,,,,,,no_match
2026-09-10T11:25:31.493,1789003532,fuzzy,True,-37.91015503,145.1356393,2047.3172200298868,1443.3673962187022,2041.531745177464,1448.3428120437025,2047.3185,1443.3669,2050.2009,1449.6742,,,,0,0.031499992473982275,3.081,2.657,,4.02,False,,,False,,,,,,,,,no_match
2026-09-10T11:25:33.524,1789003534,fuzzy,True,-37.91018071,145.1355745,2041.6772668178892,1440.4038761872798,2038.8930552532227,1443.5881972882185,2041.6808,1440.4038,2050.18,1443.3669,,,,0,0.03239999932702631,3.105,3.081,,4.13,False,,,False,,,,,,,,,no_match
2026-09-10T11:25:35.557,1789003536,fuzzy,True,-37.91016459,145.1354744,2032.8411151633481,1442.016611861065,2033.7870706435388,1441.3200823601912,2032.8448,1442.0163,2041.6014,1439.825,,,,0,0.03369999467395246,4.124,3.105,,4.24,False,,,False,,,,,,,,,no_match
2026-09-10T11:25:37.600,1789003538,fuzzy,True,-37.91015138,145.1353653,2023.220175952476,1443.290603053756,2026.4967406671328,1440.7594355963886,2023.2166,1443.2904,2032.711,1441.0434,-773028722,56.0423257912628,10.0,0,13.197799999034032,4.718,4.124,,4.4,True,0,,False,2079.93,1457.66,-37.91003215366854,145.13601335572085,58.50199750521209,56.0423257912628,short=0.000 small=0.000 angle_diff=96.504 mode=entering_pending,,
2026-09-10T11:25:39.643,1789003540,fuzzy,True,-37.91013685,145.1352477,2012.8490181684028,1444.6961079128087,2017.3830997478115,1441.4219348948673,2012.8512,1444.6958,2023.0955,1442.3121,403774582#2,1.5852430083616367,90.60421875500252,0,14.289799990365282,5.17,4.718,,4.56,True,0,,False,2017.5778570031478,1442.9951688275846,-37.91015302462883,145.13530107984815,5.025446298253964,1.5852430083616367,short=0.812 small=1.000 angle_diff=2.899 mode=confirmed,,
2026-09-10T11:25:41.683,1789003542,fuzzy,True,-37.91012351,145.135127,2002.2079585826723,1445.964099231176,2006.938094287234,1442.8228245779317,2002.2105,1445.9637,2012.7152,1443.5971,403774582#2,1.9163383327929406,85.89287346682029,0,0.06550000398419797,5.242,5.17,,4.66,True,0,,False,2008.33,1444.14,-37.91014104520787,145.1351961924549,6.38801448970271,1.9163383327929406,short=0.718 small=1.000 angle_diff=0.582 mode=confirmed,,
2026-09-10T11:25:43.713,1789003544,fuzzy,True,-37.91011997,145.1350106,1991.966689867957,1446.1521839704365,1995.9665473729044,1444.0969764717292,1991.9665,1446.1523,2002.1077,1444.7667,403774582#2,12.363527485568987,50.00000699985509,0,0.058599995099939406,5.135,5.242,,4.8,True,0,,False,2008.33,1444.14,-37.91014104520787,145.1351961924549,16.486564311835828,12.363527485568987,short=0.000 small=1.000 angle_diff=0.433 mode=entering_pending,,
2026-09-10T11:25:45.745,1789003546,fuzzy,True,-37.91012343,145.1348994,1982.1981239704182,1445.5726483929902,1984.8318172817017,1444.8713615846457,1982.1949,1445.5723,1992.0854,1445.0477,403774582#1,0.6009242188230511,97.71421804988616,0,0.041799998143687844,4.922,5.135,,4.6,True,0,,False,1984.8961245968203,1444.2738881659982,-37.910135615832964,145.13492978069905,2.9943255513190867,0.6009242188230511,short=0.954 small=1.000 angle_diff=10.122 mode=confirmed,,
2026-09-10T11:25:47.779,1789003548,fuzzy,True,-37.91014902,145.1348017,1973.6655585821136,1442.5611954675987,1974.5412196741418,1443.946767896284,1973.6653,1442.5608,1982.4424,1443.9634,403774582#1,10.323841649608433,50.00018298117239,0,0.03840000135824084,4.568,4.922,,4.51,True,0,,False,1984.86,1444.27,-37.91013564434767,145.1349293690794,11.324112838913408,10.323841649608433,short=0.000 small=1.000 angle_diff=1.009 mode=entering_pending,,
2026-09-10T11:25:49.813,1789003550,fuzzy,True,-37.91017878,145.1346982,1964.6323463944136,1439.0768063087016,1964.7239363542383,1441.6233775430844,1964.6293,1439.0764,1974.0156,1441.4638,403774582#0,15.005581886448052,50.000000102141364,0,0.02849999873433262,4.807,0,,4.49,True,0,,False,1979.64,1443.26,-37.91014380184491,145.13486978813123,15.579755331974612,15.005581886448052,short=0.000 small=1.000 angle_diff=2.631 mode=confirmed,,
2026-09-10T11:25:51.846,1789003552,fuzzy,True,-37.91021608,145.1346126,1957.1895769810653,1434.787222823128,1956.0448411449104,1437.9202149238024,1957.1908,1434.7876,1965.1877,1437.8634,403774582#0,24.191833871306685,50.00000000000004,0,0.03139999171253294,4.246,4.807,,4.34,True,0,,False,1979.64,1443.26,-37.91014380184491,145.13486978813123,23.996029813659536,24.191833871306685,short=0.000 small=1.000 angle_diff=7.161 mode=entering_pending,,
2026-09-10T11:25:53.888,1789003554,fuzzy,True,-37.91025321,145.1345572,1952.4014930952108,1430.5696289232,1949.4682471964286,1433.4572105009406,1952.4018,1430.5698,1957.7608,1433.8265,1004615767#2,15.491288346125172,50.00000004695678,0,0.0408000050811097,3.297,4.246,,4.21,True,0,,False,1964.42,1437.51,-37.910192855905656,145.13469542915735,13.87851789292176,15.491288346125172,short=0.000 small=1.000 angle_diff=9.444 mode=confirmed,,
2026-09-10T11:25:55.927,1789003556,fuzzy,True,-37.91028904,145.1345033,1947.7424008278176,1426.4989255405962,1944.248413099098,1428.768826896095,1947.7404,1426.499,1952.3822,1430.5945,1004615767#2,21.984108472555324,50.00000000000145,0,0.04020000051241368,3.062,3.297,,4.18,True,0,,False,1964.42,1437.51,-37.910192855905656,145.13469542915735,19.984645978813692,21.984108472555324,short=0.000 small=1.000 angle_diff=17.212 mode=entering_pending,,
2026-09-10T11:25:57.959,1789003558,fuzzy,True,-37.91031929,145.1344458,1942.7544251341023,1423.0410696398467,1939.6531048669704,1424.340951871124,1942.7581,1423.0409,1947.5462,1426.7428,1004615767#1,6.851871635005583,50.047268204358865,0,0.028599999495781958,3.049,3.062,,4.18,True,0,,False,1946.35,1425.79,-37.91029517516035,145.13448730712219,4.526011129156303,6.851871635005583,short=0.001 small=1.000 angle_diff=5.401 mode=confirmed,,
2026-09-10T11:26:00.003,1789003560,fuzzy,True,-37.91031932,145.1343561,1934.8684565036092,1422.8799142986536,1933.9729036137999,1421.7990590576335,1934.8674,1422.8796,1943.0778,1422.7677,1004615767#1,13.004619354627149,50.000002509648105,0,0.026399997295811772,3.731,3.049,,4.06,True,0,,False,1946.35,1425.79,-37.91029517516035,145.13448730712219,11.844595385604881,13.004619354627149,short=0.000 small=1.000 angle_diff=14.428 mode=confirmed,,
2026-09-10T11:26:02.047,1789003562,fuzzy,True,-37.91029326,145.1342821,1928.3048197856406,1425.6414523730054,1927.994175763529,1422.0192657341418,1928.3091,1425.6416,1934.8779,1423.2759,1004615767#1,18.739122719698727,34.35422998941594,0,0.02540000423323363,3.499,3.731,,4.05,True,0,,False,1946.35,1425.79,-37.91029517516035,145.13448730712219,18.04579162481356,18.739122719698727,short=0.000 small=0.609 angle_diff=40.646 mode=confirmed,,
2026-09-10T11:26:04.091,1789003564,fuzzy,True,-37.91029096,145.1341861,1919.8598042633384,1425.7277454519644,1920.8591934738176,1422.7386893199973,1919.8625,1425.7273,1928.2474,1423.4575,1004615767#1,25.672781583247943,30.705876828322467,0,0.025699991965666413,4.117,3.499,,4.04,True,0,,False,1946.35,1425.79,-37.91029517516035,145.13448730712219,26.49026888869549,25.672781583247943,short=0.000 small=0.518 angle_diff=44.294 mode=confirmed,,
2026-09-10T11:26:06.130,1789003566,fuzzy,True,-37.91029255,145.1340807,1910.5970207994105,1425.36583421845,1912.526829896481,1423.4043608618447,1910.5928,1425.366,1919.8054,1423.6953,1004615767#1,33.907198497502954,31.895925118030444,0,0.025200002710334957,4.62,4.117,,4.03,True,0,,False,1946.35,1425.79,-37.91029517516035,145.13448730712219,35.75549521860961,33.907198497502954,short=0.000 small=0.547 angle_diff=43.104 mode=confirmed,,
2026-09-10T11:26:08.161,1789003568,fuzzy,True,-37.91028798,145.1339731,1901.1271398778772,1425.6835847431794,1903.2981283401452,1424.235096028654,1901.1297,1425.6836,1910.5531,1423.9556,1004615767#1,43.079941733673515,31.31987632078159,0,0.030499999411404133,4.595,4.62,,3.96,True,0,,False,1946.35,1425.79,-37.91029517516035,145.13448730712219,45.22298532640189,43.079941733673515,short=0.000 small=0.533 angle_diff=43.680 mode=confirmed,,
2026-09-10T11:26:10.208,1789003570,fuzzy,True,-37.91028658,145.1338689,1891.9632129751844,1425.6555494777858,1893.7601220294125,1424.870167405158,1891.9629,1425.656,1901.0886,1424.2219,,,,0,0.03819999983534217,4.65,4.595,,3.95,False,,,False,,,,,,,,,no_match
2026-09-10T11:26:12.251,1789003572,fuzzy,True,-37.91028424,145.1337679,1883.078527630074,1425.7374432990327,1884.2433923124183,1425.3628691654485,1883.0827,1425.738,1891.9298,1424.4796,1004615767#1,62.10807644106353,33.076421905217046,0,14.036199994734488,4.412,4.65,,3.9,True,0,,False,1946.35,1425.79,-37.91029517516035,145.13448730712219,63.27149419813887,62.10807644106353,short=0.000 small=0.577 angle_diff=41.924 mode=entering_pending,,
2026-09-10T11:26:14.287,1789003574,fuzzy,True,-37.91028219,145.1336652,1874.0450291526504,1425.7841553520411,1874.786648389463,1425.6939112457524,1874.0421,1425.7839,1883.0543,1424.7293,1004615766#2,0.73168694554864,97.21194019452149,0,13.547800001106225,4.536,4.412,,3.93,True,0,,False,1874.7660694659478,1424.9625137517771,-37.910289721592356,145.13367321116965,1.0931578352115552,0.73168694554864,short=0.944 small=1.000 angle_diff=0.393 mode=confirmed,,
2026-09-10T11:26:16.330,1789003577,fuzzy,True,-37.91028032,145.1334938,1858.9721197680337,1425.689950128086,1859.992908803005,1425.8700478870117,1858.9743,1425.6895,1874.0197,1424.9834,1004615766#2,14.534984733285453,50.00000021687329,0,0.044500004150904715,4.742,4.536,,3.98,True,0,,False,1874.5,1424.97,-37.91028960616718,145.13367018767102,15.544561514729825,14.534984733285453,short=0.000 small=1.000 angle_diff=0.930 mode=entering_pending,,
2026-09-10T11:26:18.367,1789003579,fuzzy,True,-37.9102729,145.1333899,1849.8211888439837,1426.3304048506543,1850.1978175274187,1426.2040421724992,1849.8222,1426.33,1858.9663,1425.411,1004615766#3,0.5029477554547565,98.03282020626756,0,0.031800009310245514,4.621,4.742,,3.99,True,0,,False,1850.1799630446792,1425.7014114311362,-37.91027863084225,145.13339383604588,0.7241212943159353,0.5029477554547565,short=0.961 small=1.000 angle_diff=0.081 mode=confirmed,,
2026-09-10T11:26:20.400,1789003581,fuzzy,True,-37.91026512,145.1332774,1839.9133805893362,1426.9956560796127,1840.2990047609296,1426.7181797129745,1839.9161,1426.9959,1849.8003,1425.7149,1004615766#3,6.323679671378113,50.109913108214684,0,0.03579999611247331,4.856,4.621,,3.99,True,0,,False,1846.56,1425.83,-37.910276819498904,145.13335270645177,6.748059253307636,6.323679671378113,short=0.002 small=1.000 angle_diff=0.939 mode=entering_pending,,
2026-09-10T11:26:22.416,1789003583,fuzzy,True,-37.91025857,145.1331788,1831.230332446983,1427.5488815456629,1830.9427535900627,1427.2968887384923,1831.226,1427.5491,1839.9306,1425.8909,1004615766#4,12.789429357860826,50.000003541132244,0,0.028700000257231295,4.396,4.856,,3.92,True,0,,False,1843.66,1425.94,-37.91027530546595,145.13331975858554,12.533360894289208,12.789429357860826,short=0.000 small=1.000 angle_diff=0.677 mode=confirmed,,
2026-09-10T11:26:24.436,1789003585,fuzzy,True,-37.91032691,145.1330921,1823.7599115513149,1419.812885322608,1821.8752093152675,1426.1021384832268,1823.7628,1419.8126,1831.3101,1425.6096,1004615766#4,21.785394053478903,50.00000000000198,0,0.03189999551977962,4.05,4.396,,7.65,True,0,,False,1843.66,1425.94,-37.91027530546595,145.13331975858554,20.821984884621518,21.785394053478903,short=0.000 small=1.000 angle_diff=10.369 mode=entering_pending,,
2026-09-10T11:26:26.458,1789003587,fuzzy,True,-37.91032602,145.1330021,1815.8455229230458,1419.7531748525798,1813.5049748581669,1424.0925497994053,1815.844,1419.7534,1823.5261,1425.272,10801654#0,2.7330159774954743,70.39292212694754,0,0.02579999272711575,3.813,4.05,,7.19,True,0,,False,1816.1,1424.95,-37.91027925166038,145.13300617682958,5.203052007769501,2.7330159774954743,short=0.408 small=1.000 angle_diff=11.017 mode=confirmed,,
2026-09-10T11:26:28.481,1789003589,fuzzy,True,-37.91032237,145.1329109,1807.8195009256015,1419.9976069377735,1805.950785302196,1421.870312864767,1807.8214,1419.998,1815.4969,1424.9094,10801654#0,10.60617894592769,50.000116471303464,0,0.038700003642588854,3.97,3.813,,5.87,True,0,,False,1816.1,1424.95,-37.91027925166038,145.13300617682958,9.648464228254305,10.60617894592769,short=0.000 small=1.000 angle_diff=13.909 mode=entering_pending,,
2026-09-10T11:26:30.518,1789003591,fuzzy,True,-37.91031796,145.1328044,1798.4466787821148,1420.2994213765487,1797.7997206092268,1420.5536525431457,1798.4446,1420.2996,1807.4131,1424.2617,10801654#1,2.7745772172282552,69.59510830631424,0,0.0329999893438071,4.589,3.97,,5.87,True,0,,False,1797.535190180545,1423.3155907007922,-37.9102906251542,145.13279472332576,3.150886996275662,2.7745772172282552,short=0.392 small=1.000 angle_diff=3.705 mode=confirmed,,
2026-09-10T11:26:32.550,1789003593,fuzzy,True,-37.91031274,145.1326927,1788.6148932913784,1420.6819490129128,1788.8106547322889,1420.2989853113459,1788.618,1420.6824,1798.1501,1423.3745,10801654#1,2.17105957336254,81.43104131250709,0,0.013699987903237343,4.88,4.589,,3.29,True,0,,False,1788.6036641623132,1422.4601550351367,-37.91029671946843,145.13269297732973,1.778241477081488,2.17105957336254,short=0.629 small=1.000 angle_diff=3.848 mode=following,,
2026-09-10T11:26:34.588,1789003595,fuzzy,True,-37.91030667,145.1325801,1778.7020926092518,1421.157200012356,1779.3133648611176,1420.411317344225,1778.6987,1421.1573,1788.4492,1422.4454,10801654#1,2.1128884787621667,82.50385849453576,0,0.014399993233382702,4.866,4.88,,3.16,True,0,,False,1779.3409311499095,1422.5240259903492,-37.910294472590884,145.13258767490058,1.5087504548951858,2.1128884787621667,short=0.650 small=1.000 angle_diff=0.070 mode=following,,
2026-09-10T11:26:36.620,1789003597,fuzzy,True,-37.91030119,145.1324783,1769.7400914524915,1421.585991899483,1770.0323306666223,1420.799813172261,1769.7365,1421.5864,1778.7167,1422.5322,10801654#1,1.8455128781750136,87.01164489282623,0,0.01340000017080456,4.453,4.866,,3.05,True,0,,False,1770.0564085777285,1422.6451689747303,-37.91029170576676,145.132482137781,1.1054015561992625,1.8455128781750136,short=0.740 small=1.000 angle_diff=1.649 mode=following,,
2026-09-10T11:26:38.644,1789003599,fuzzy,True,-37.91028273,145.13239,1761.9360941640916,1423.4788780817762,1761.5184900797387,1422.1911839256236,1761.9333,1423.4792,1769.7504,1422.6492,10801654#1,0.565338340126396,97.83525149471846,0,0.01300001167692244,4.006,4.453,,2.95,True,0,,False,1761.5258658973012,1422.7564741485464,-37.91028916354831,145.1323851711574,0.8307554836531285,0.565338340126396,short=0.957 small=1.000 angle_diff=8.534 mode=following,,
2026-09-10T11:26:40.682,1789003601,fuzzy,True,-37.91028223,145.132283,1752.527998843114,1423.3458864931017,1752.590982745226,1423.0064455361473,1752.5316,1423.3465,1761.9238,1422.7513,10801654#1,2.8337411121087657,68.4793874511715,0,0.036600002204068005,4.609,4.006,,2.85,True,0,,False,1755.42,1423.17,-37.910284336400366,145.13231584188003,2.8973447758053585,2.8337411121087657,short=0.370 small=1.000 angle_diff=2.390 mode=entering_pending,,
2026-09-10T11:26:42.726,1789003603,fuzzy,True,-37.91026508,145.1321714,1742.678470576473,1425.0523474486545,1743.12440374589,1424.4043735936068,1742.6807,1425.0529,1752.5581,1423.5475,10801654#2,8.870344023767638,50.00187234264624,0,0.03029999788850546,4.881,4.609,,2.77,True,0,,False,1751.96,1423.62,-37.91027965820215,145.1322766043199,9.391400729042742,8.870344023767638,short=0.000 small=1.000 angle_diff=2.690 mode=confirmed,,
2026-09-10T11:26:44.754,1789003605,fuzzy,True,-37.91027142,145.1320653,1733.3647059595678,1424.161918958649,1733.644773466687,1424.637721600037,1733.364,1424.1616,1742.6575,1424.8818,10801654#2,18.343480591800382,50.00000000048955,0,0.02570000651758164,4.641,4.881,,2.69,True,0,,False,1751.96,1423.62,-37.91027965820215,145.1322766043199,18.603188882766258,18.343480591800382,short=0.000 small=1.000 angle_diff=4.301 mode=entering_pending,,
2026-09-10T11:26:46.792,1789003607,fuzzy,True,-37.91026233,145.1319665,1724.6584163095104,1424.9965303782374,1724.4774129960565,1425.1774794528872,1724.6619,1424.9964,1733.5961,1426.0365,10801654#3,17.0131424835835,50.000000004113446,0,0.022599997464567423,4.401,4.641,,4.5,True,0,,False,1741.49,1425.04,-37.910264976708014,145.13215788432396,16.831639823201225,17.0131424835835,short=0.000 small=1.000 angle_diff=4.346 mode=confirmed,,
2026-09-10T11:26:48.810,1789003609,fuzzy,True,-37.91025178,145.131856,1714.9202630483196,1425.9725273801014,1715.1258997045536,1425.8483478176925,1714.922,1425.9724,1724.9235,1427.11,10801654#3,26.37648973200804,50.0,0,0.02680000034160912,4.887,4.401,,4.58,True,0,,False,1741.49,1425.04,-37.910264976708014,145.13215788432396,26.586096535522653,26.37648973200804,short=0.000 small=1.000 angle_diff=3.612 mode=entering_pending,,
2026-09-10T11:26:50.844,1789003611,fuzzy,True,-37.91024074,145.1317525,1705.7964276804123,1427.0152196846902,1705.8264157595595,1426.7573892619148,1705.7949,1427.0147,1715.2096,1428.3078,10801654#4,36.18628329579752,50.0,0,0.022199994418770075,4.429,4.887,,3.84,True,0,,False,1741.97,1425.0,-37.91026542367839,145.1321633327918,36.22966249826247,36.18628329579752,short=0.000 small=1.000 angle_diff=0.128 mode=confirmed,,
2026-09-10T11:26:52.888,1789003613,fuzzy,True,-37.91022663,145.1316902,1700.287892983877,1428.471161604859,1699.3648562653602,1428.22450008581,1700.2883,1428.4712,1706.0919,1429.4379,10801654#4,42.72698998821126,50.0,0,0.025500004994682968,3.377,4.429,,2.23,True,0,,False,1741.97,1425.0,-37.91026542367839,145.1321633327918,41.826391288163634,42.72698998821126,short=0.000 small=1.000 angle_diff=7.082 mode=entering_pending,,
2026-09-10T11:26:54.919,1789003615,fuzzy,True,-37.91022048,145.1316119,1693.3904067741823,1429.0156248481944,1692.5039991001656,1429.0778364708347,1693.3863,1429.0157,1700.3879,1430.1183,10801654#5,19.85039896406575,50.000000000043926,0,0.023200002033263445,3.605,3.377,,2.17,True,0,,False,1712.35,1428.66,-37.91022710659893,145.13182738860397,18.96292815788534,19.85039896406575,short=0.000 small=1.000 angle_diff=0.069 mode=confirmed,,
2026-09-10T11:26:56.948,1789003617,fuzzy,True,-37.91021137,145.1314882,1682.494957019342,1429.8085339386016,1683.3660304401462,1429.8810329062153,1682.4988,1429.8085,1693.5767,1429.878,10801654#5,29.00967791625038,50.0,0,0.02540000423323363,5.103,3.605,,2.13,True,0,,False,1712.35,1428.66,-37.91022710659893,145.13182738860397,29.877127063776467,29.00967791625038,short=0.000 small=1.000 angle_diff=1.998 mode=entering_pending,,
2026-09-10T11:26:58.986,1789003619,fuzzy,True,-37.91017909,145.1313521,1670.457808304578,1433.1506338482723,1672.2235493015162,1432.2158657949028,1670.4538,1433.1502,1682.7158,1431.437,10801654#6,28.544976851124837,50.0,0,0.02200000744778663,5.908,5.103,,2.11,True,0,,False,1700.69,1430.1,-37.91021202964139,145.13169514311872,30.385716736403754,28.544976851124837,short=0.000 small=1.000 angle_diff=4.847 mode=confirmed,,
2026-09-10T11:27:01.026,1789003621,fuzzy,True,-37.91017974,145.1312163,1658.5202788965544,1432.8391683856025,1660.1356336175365,1433.1954105486702,1658.5206,1432.8397,1670.4439,1433.0766,10801654#6,40.67232719119852,50.0,0,0.026000008801929653,5.845,5.908,,2.12,True,0,,False,1700.69,1430.1,-37.91021202964139,145.13169514311872,42.25858991243173,40.67232719119852,short=0.000 small=1.000 angle_diff=2.355 mode=entering_pending,,
2026-09-10T11:27:03.157,1789003623,fuzzy,True,-37.91015298,145.1310802,1646.4953947245958,1435.568706852384,1647.7050868806973,1435.1163423467044,1646.4927,1435.5682,1658.7588,1434.6314,-11527061#5,29.581011083429058,50.0,0,0.022499996703118086,5.916,5.845,,2.2,True,0,,False,1677.14,1432.18,-37.91018904033911,145.13142785491098,30.831399037616322,29.581011083429058,short=0.000 small=1.000 angle_diff=1.195 mode=confirmed,,
2026-09-10T11:27:05.201,1789003625,fuzzy,True,-37.91013269,145.1309458,1634.6343538322253,1437.583281177096,1635.427672488498,1437.1336827745042,1634.632,1437.5835,1646.5833,1436.2499,-11527061#5,42.0054429741817,50.0,0,0.035599994589574635,5.763,5.916,,2.65,True,0,,False,1677.14,1432.18,-37.91018904033911,145.13142785491098,42.847700097191066,42.0054429741817,short=0.000 small=1.000 angle_diff=1.741 mode=entering_pending,,
2026-09-10T11:27:07.245,1789003627,fuzzy,True,-37.91011878,145.1308182,1623.3853305287776,1438.9018694674596,1623.4988915031295,1438.8994632182068,1623.3841,1438.9019,1634.6653,1437.8341,-11527061#3,0.4153418858633959,98.28126158198714,0,0.030700000934302807,5.749,5.763,,3.11,True,0,,False,1623.5536208943658,1439.3111834823274,-37.910115123203695,145.13082020676774,0.4425602895843488,0.4153418858633959,short=0.966 small=1.000 angle_diff=0.848 mode=confirmed,,
2026-09-10T11:27:09.277,1789003629,fuzzy,True,-37.91010448,145.1306902,1612.1002685953863,1440.2630135873333,1611.7002396797034,1440.602672303382,1612.1041,1440.263,1623.4405,1439.3262,-11527061#3,0.2816865417132524,98.60292307740032,0,0.011500000255182385,5.623,5.749,,7.51,True,0,,False,1611.737357373517,1440.8819026466263,-37.91009883934793,145.13068621483504,0.7174456234944062,0.2816865417132524,short=0.972 small=1.000 angle_diff=0.642 mode=following,,
2026-09-10T11:27:11.309,1789003631,fuzzy,True,-37.910092,145.1305729,1601.7599532720633,1441.4410512587056,1600.1059490132268,1442.225538897128,1601.7574,1441.4406,1612.1786,1440.8233,-11527061#3,6.184758013187085,50.137196986679605,0,0.032199997804127634,5.439,5.623,,10.89,True,0,,False,1606.26,1441.61,-37.91009129101397,145.1306241037085,4.503217097897768,6.184758013187085,short=0.003 small=1.000 angle_diff=0.396 mode=entering_pending,,
2026-09-10T11:27:13.336,1789003633,fuzzy,True,-37.91007383,145.1304533,1591.2047645297134,1443.246411385946,1588.8331139793638,1443.8109044229777,1591.2063,1443.2461,1601.8475,1442.1616,-11527061#2,0.0960647457424065,98.95439799098354,0,0.029600007110275328,5.582,5.439,,11.88,True,0,,False,1588.8220544271649,1443.7154784219103,-37.91006917405925,145.13042631574166,2.428442158466087,0.0960647457424065,short=0.979 small=1.000 angle_diff=1.394 mode=confirmed,,
2026-09-10T11:27:15.365,1789003635,fuzzy,True,-37.91004947,145.1303313,1580.4247953748563,1445.734399373643,1578.0727165423382,1445.5469280018872,1580.4267,1445.734,1591.2284,1443.4366,-11527061#2,6.272819978428274,50.119209123337626,0,0.047900000936351717,5.847,5.582,,10.65,True,0,,False,1584.21,1444.25,-37.910063525701894,145.13037399895188,4.065859755904197,6.272819978428274,short=0.002 small=1.000 angle_diff=2.554 mode=entering_pending,,
2026-09-10T11:27:17.398,1789003638,fuzzy,True,-37.91003236,145.1301295,1562.645254170522,1447.2771513462067,1561.6856047519532,1447.7345607542886,1562.6457,1447.2776,1580.5343,1446.6828,-11527061#0,0.9624576859045968,96.06472860706982,0,0.04539999645203352,5.711,5.847,,9.11,True,0,,False,1561.5806526795243,1446.7778424782796,-37.91003666551624,145.1301172816974,1.1758765582429855,0.9624576859045968,short=0.921 small=1.000 angle_diff=1.344 mode=confirmed,,
2026-09-10T11:27:19.433,1789003640,fuzzy,True,-37.91002054,145.1300169,1552.7195943796542,1448.390179309994,1551.423107751233,1448.9336961183726,1552.7229,1448.3902,1562.5789,1446.6683,-11527061#0,1.0353589580681368,95.62051219870924,0,0.011999989510513842,5.076,5.711,,8.47,True,0,,False,1551.3102060933745,1447.9045113012942,-37.910024660318264,145.1300007646101,1.4907208847321765,1.0353589580681368,short=0.912 small=1.000 angle_diff=0.404 mode=following,,
2026-09-10T11:27:21.461,1789003642,fuzzy,True,-37.91000917,145.1299135,1543.6037610623753,1449.4694873858243,1541.7480972197536,1450.039451708182,1543.5995,1449.4696,1552.6535,1447.7572,-11527061#0,1.079500301776964,95.32995564580452,0,0.03410001227166504,4.468,5.076,,8.0,True,0,,False,1541.630382128983,1448.9663887748266,-37.91001334539851,145.12989094811053,2.03650009259619,1.079500301776964,short=0.907 small=1.000 angle_diff=0.260 mode=confirmed,,
2026-09-10T11:27:23.493,1789003644,fuzzy,True,-37.91000182,145.1298336,1536.5629026818788,1450.1441556327045,1533.315131167403,1450.9212771093767,1536.5591,1450.1441,1543.5216,1448.7589,-11527061#0,4.799100731741169,51.231848991471274,0,0.03260000084992498,3.87,4.468,,7.63,True,0,,False,1537.86,1449.38,-37.910008938103736,145.12984817356528,1.5054551749125165,4.799100731741169,short=0.025 small=1.000 angle_diff=0.291 mode=entering_pending,,
2026-09-10T11:27:25.526,1789003646,fuzzy,True,-37.90997603,145.1297557,1529.6568219964392,1452.868540192023,1525.9373390693354,1452.5134714251622,1529.6553,1452.8683,1536.489,1449.5387,-996576401,3.988628390414537,54.22853438058524,0,0.027999994927085936,3.793,3.87,,7.0,True,0,,False,1529.32,1450.4,-37.90999820628955,145.12975130725357,2.4914132007592533,3.988628390414537,short=0.085 small=1.000 angle_diff=5.073 mode=confirmed,,
2026-09-10T11:27:27.567,1789003648,fuzzy,True,-37.90996403,145.1297288,1527.2651620000834,1454.1526716956869,1520.996804356077,1454.0037477550493,1527.2682,1454.1526,1529.3472,1450.3966,-996576401,9.069872303899258,50.001360640282606,0,0.040099999750964344,3.607,3.793,,6.77,True,0,,False,1529.32,1450.4,-37.90999820628955,145.12975130725357,4.278423081172534,9.069872303899258,short=0.000 small=1.000 angle_diff=9.681 mode=entering_pending,,
2026-09-10T11:27:29.588,1789003650,fuzzy,True,-37.90981782,145.1297467,1528.5133522440447,1470.4084375463426,1519.4014302706944,1461.876774661549,1528.514,1470.4085,1527.2686,1454.1526,-996576401,15.168862254864981,10.000000062926395,0,0.03579999611247331,4.824,3.607,,6.49,True,0,,False,1529.32,1450.4,-37.90999820628955,145.12975130725357,20.02469109994151,15.168862254864981,short=0.000 small=0.000 angle_diff=71.440 mode=entering_pending,,
2026-09-10T11:27:31.612,1789003652,fuzzy,True,-37.90971636,145.1297621,1529.6413846667856,1481.6941095339134,1520.0450169998005,1472.2229905188462,1529.639,1481.6938,1527.2689,1470.7419,45606689#0,14.584533432761669,50.00000020034389,0,0.034900003811344504,5.454,4.824,,6.24,True,0,,False,1527.83,1459.89,-37.909912448944254,145.12973653093673,21.879220895131446,14.584533432761669,short=0.000 small=1.000 angle_diff=2.874 mode=confirmed,,
2026-09-10T11:27:33.646,1789003654,fuzzy,True,-37.90961314,145.1297765,1530.677586545702,1493.1733156163245,1521.917855148574,1484.10758081273,1530.6814,1493.1731,1529.3209,1481.7444,45606689#0,24.928792132097893,50.000000000000014,0,0.03640000068116933,5.73,5.454,,6.09,True,0,,False,1527.83,1459.89,-37.909912448944254,145.12973653093673,33.40490753693431,24.928792132097893,short=0.000 small=1.000 angle_diff=2.522 mode=entering_pending,,
2026-09-10T11:27:35.684,1789003656,fuzzy,True,-37.90951571,145.1298051,1532.975099283678,1504.0350802885368,1525.1169439100554,1496.712068056673,1532.9757,1504.0355,1531.1289,1493.1019,-1164319799#0,6.504733468131828,50.08231530633761,0,0.030399998649954796,5.327,5.73,,5.85,True,0,,False,1531.5407897936843,1495.6894432208617,-37.90959063016144,145.12978688843734,8.46799278332473,6.504733468131828,short=0.002 small=1.000 angle_diff=5.196 mode=confirmed,,
2026-09-10T11:27:37.713,1789003658,fuzzy,True,-37.90942338,145.1298223,1534.281721253763,1514.3108152458444,1528.609702670859,1509.3269459859644,1534.286,1514.3104,1532.872,1504.052,-1164319799#0,5.038623201877197,50.84633026182629,0,0.013900003978051245,5.171,5.327,,5.49,True,0,,False,1533.585669645234,1508.5348118808888,-37.909475285748414,145.12981306849102,5.817791910485823,5.038623201877197,short=0.017 small=1.000 angle_diff=6.431 mode=following,,
2026-09-10T11:27:39.726,1789003660,fuzzy,True,-37.90933138,145.1298363,1535.30774798739,1524.54428717494,1531.6802938292285,1521.47076097564,1535.3097,1524.5441,1534.4997,1514.2764,-1164319799#0,3.915373863705668,54.704883625216326,0,0.013500000932253897,5.202,5.171,,5.27,True,0,,False,1535.5469792822848,1520.8552156079277,-37.90936465522498,145.12983817853373,3.696820341725659,3.915373863705668,short=0.094 small=1.000 angle_diff=5.145 mode=following,,
2026-09-10T11:27:41.762,1789003662,fuzzy,True,-37.90923441,145.1298406,1535.4699191846885,1535.312146089971,1533.8645089799638,1533.3752730705621,1535.4685,1535.3124,1536.1138,1524.4161,-1164319799#0,5.8457545663073995,50.23553256799642,0,0.035500008380040526,5.367,5.202,,5.08,True,0,,False,1536.73,1528.28,-37.90929798488612,145.12985332283276,7.14415021481295,5.8457545663073995,short=0.005 small=1.000 angle_diff=1.279 mode=confirmed,,
2026-09-10T11:27:43.793,1789003664,fuzzy,True,-37.90914347,145.1298619,1537.1401066639228,1545.4408699963242,1536.007324849572,1544.6933395932365,1537.1402,1545.4408,1537.7453,1534.9667,-1164319799#0,16.42924149119343,50.000000010469876,0,0.04020000051241368,5.188,5.367,,5.0,True,0,,False,1536.73,1528.28,-37.90929798488612,145.12985332283276,17.16576961591103,16.42924149119343,short=0.000 small=1.000 angle_diff=1.603 mode=entering_pending,,
2026-09-10T11:27:45.820,1789003666,fuzzy,True,-37.90904034,145.1298882,1539.2227491763188,1556.9310750598088,1538.2857322067196,1556.2006699183248,1539.2231,1556.9306,1539.232,1545.139,-45897352#1,2.5160522362943127,74.67897292094366,0,0.03649998689070344,5.71,5.188,,4.85,True,0,,False,1540.7760040256437,1555.8414135702476,-37.909050436615296,145.12990561158952,1.8973567900593233,2.5160522362943127,short=0.494 small=1.000 angle_diff=2.990 mode=confirmed,,
2026-09-10T11:27:47.835,1789003668,fuzzy,True,-37.90893797,145.129912,1541.0872970643686,1568.3325365558267,1540.492493609182,1567.7531003642146,1541.0889,1568.3325,1540.8983,1556.6889,-45897352#1,1.9334978970686518,85.61318082296395,0,0.012600008631125093,5.786,5.71,,4.81,True,0,,False,1542.407512079173,1567.4864200733007,-37.908945830589495,145.1299268175156,1.5680818815729505,1.9334978970686518,short=0.712 small=1.000 angle_diff=2.887 mode=following,,
2026-09-10T11:27:49.855,1789003670,fuzzy,True,-37.90884629,145.1299231,1541.8590956110274,1578.5253828028217,1542.1090788951285,1578.7487647278708,1541.8616,1578.5254,1542.498,1568.1363,-45897352#1,1.8489548986718545,86.9586261003803,0,0.012100004823878407,5.136,5.786,,4.68,True,0,,False,1543.940362387345,1578.493745143411,-37.908846951107435,145.12994675621968,2.081507226914231,1.8489548986718545,short=0.739 small=1.000 angle_diff=0.436 mode=following,,
2026-09-10T11:27:51.880,1789003672,fuzzy,True,-37.90876276,145.1299364,1542.8424578111153,1587.8177443156019,1543.4013470270647,1588.9277471638065,1542.8437,1587.8174,1543.9051,1578.2408,-45897352#1,2.0909018397764414,82.90183244456341,0,0.04440000338945538,4.52,5.136,,4.71,True,0,,False,1545.26,1587.97,-37.90876182531873,145.12996392149114,2.422331940190874,2.0909018397764414,short=0.658 small=1.000 angle_diff=0.693 mode=confirmed,,
2026-09-10T11:27:53.910,1789003674,fuzzy,True,-37.90870972,145.1299619,1544.9662891894695,1593.748300141655,1544.9998013460722,1596.9093533419973,1544.9629,1593.7487,1545.1932,1587.4902,-45897352#1,8.943139354420442,50.00166649394751,0,0.046299988753162324,3.243,4.52,,4.58,True,0,,False,1545.26,1587.97,-37.90876182531873,145.12996392149114,5.785759981823587,8.943139354420442,short=0.000 small=1.000 angle_diff=3.397 mode=entering_pending,,
2026-09-10T11:27:55.946,1789003676,fuzzy,True,-37.90867731,145.1300151,1549.571365167969,1597.438500130549,1547.9975009098416,1602.47618319842,1549.5675,1597.438,1544.0664,1592.6264,-5094887#1,0.2914479659498824,98.58155572152357,0,0.044200001866556704,3.008,3.243,,4.6,True,0,,False,1547.7082201004955,1602.5116589676206,-37.9086312731517,145.12999507366044,5.404465757927208,0.2914479659498824,short=0.972 small=1.000 angle_diff=21.311 mode=confirmed,,
2026-09-10T11:27:57.990,1789003678,fuzzy,True,-37.90869326,145.1301198,1558.8118474526564,1595.8532532509416,1554.016738537015,1604.1896081522686,1558.8107,1595.8537,1549.828,1597.8559,-5094887#1,6.0573652498567885,10.134489004293798,0,0.04169999738223851,4.163,3.008,,4.71,True,0,,False,1548.0044148061816,1604.9269256726282,-37.9086095694023,145.12999899216544,14.11141848377278,6.0573652498567885,short=0.003 small=0.000 angle_diff=67.119 mode=entering_pending,,
2026-09-10T11:28:00.032,1789003680,fuzzy,True,-37.90871239,145.1302356,1569.0352890252252,1593.9347012527287,1562.6735126408962,1603.0052032732467,1569.0381,1593.9348,1558.9629,1596.4314,250248463#0,20.06694123146112,50.000000000031065,0,0.03989999822806567,5.055,4.163,,4.7,True,0,,False,1559.63,1622.84,-37.90845030504664,145.13013525670198,30.396969541666795,20.06694123146112,short=0.000 small=1.000 angle_diff=0.026 mode=confirmed,,
2026-09-10T11:28:02.047,1789003682,fuzzy,True,-37.90871767,145.1303605,1580.0279519518372,1593.569047360681,1573.4176653059583,1600.7899336476983,1580.029,1593.5696,1568.9791,1593.3853,250248463#0,26.005867428909735,50.00000000000001,0,0.02610000956337899,5.437,5.055,,4.62,True,0,,False,1559.63,1622.84,-37.90845030504664,145.13013525670198,35.67723521018276,26.005867428909735,short=0.000 small=1.000 angle_diff=3.885 mode=entering_pending,,
2026-09-10T11:28:04.088,1789003684,fuzzy,True,-37.9087381,145.1304818,1590.737824139651,1591.5159121314064,1585.2287393933832,1597.4692807236886,1590.7412,1591.5165,1579.8198,1592.1689,250248463#1,26.248591307885683,50.0,0,0.02099999983329326,5.376,5.437,,4.47,True,0,,False,1572.99,1620.69,-37.90847208666431,145.13028666518812,34.14839183118878,26.248591307885683,short=0.000 small=1.000 angle_diff=6.252 mode=confirmed,,
2026-09-10T11:28:06.123,1789003686,fuzzy,True,-37.90875732,145.1305977,1600.9702428269084,1589.5875101927668,1597.0236575056392,1594.0176083119534,1600.9666,1589.5871,1590.5955,1590.5506,250248463#1,35.90310810304519,50.0,0,0.023500004317611456,5.182,5.376,,4.47,True,0,,False,1572.99,1620.69,-37.90847208666431,145.13028666518812,41.83609519137518,35.90310810304519,short=0.000 small=1.000 angle_diff=6.861 mode=confirmed,,
2026-09-10T11:28:08.160,1789003688,fuzzy,True,-37.90878225,145.1307029,1610.2746436763555,1587.0066220900044,1608.1801293260282,1590.388442227547,1610.277,1587.0063,1600.8781,1589.0001,250248463#1,46.43844964487828,50.0,0,0.022100008209235966,4.838,5.182,,4.52,True,0,,False,1572.99,1620.69,-37.90847208666431,145.13028666518812,50.246538204142766,46.43844964487828,short=0.000 small=1.000 angle_diff=8.569 mode=confirmed,,
2026-09-10T11:28:10.201,1789003690,fuzzy,True,-37.90878946,145.130811,1619.7945721894503,1586.3971350323409,1618.8747787887983,1587.6795316151329,1619.7921,1586.3973,1610.362,1587.57,250248463#1,56.52525053005308,50.0,0,12.077799998223782,4.826,4.838,,4.55,True,0,,False,1572.99,1620.69,-37.90847208666431,145.13028666518812,58.023000314767984,56.52525053005308,short=0.000 small=1.000 angle_diff=4.763 mode=entering_pending,,
2026-09-10T11:28:12.236,1789003692,fuzzy,True,-37.90880253,145.1309304,1630.321004306723,1585.1573013653979,1629.620878664016,1585.4675134516938,1630.3219,1585.1571,1619.7553,1586.1536,-250248456,0.7306827922303429,97.21616682213612,0,12.03590001387056,5.346,4.826,,4.59,True,0,,False,1629.5200976009198,1584.743814259914,-37.908806110131955,145.1309211996493,0.9013451823811957,0.7306827922303429,short=0.944 small=1.000 angle_diff=3.704 mode=confirmed,,
2026-09-10T11:28:14.269,1789003694,fuzzy,True,-37.90881505,145.1310565,1641.4352561983978,1583.990294626914,1640.621379303309,1583.6869792817656,1641.4374,1583.9901,1630.2502,1584.6421,-250248456,0.49164526976657524,98.06671175725685,0,0.020799998310394585,5.506,5.346,,4.71,True,0,,False,1640.5519686704904,1583.200258380904,-37.90882200730605,145.13104627717178,1.185054482699601,0.49164526976657524,short=0.961 small=1.000 angle_diff=1.078 mode=following,,
2026-09-10T11:28:16.309,1789003696,fuzzy,True,-37.90883121,145.1311628,1650.81683539995,1582.3844626629725,1651.002470300199,1582.033401919084,1650.8185,1582.385,1641.3093,1583.0923,-250248456,0.3202359766232857,98.51667654530159,0,0.016699996194802225,4.911,5.506,,4.68,True,0,,False,1650.9572592849497,1581.7163734584942,-37.90883725366312,145.1311642443015,0.6826873754646938,0.3202359766232857,short=0.970 small=1.000 angle_diff=0.934 mode=following,,
2026-09-10T11:28:18.342,1789003699,fuzzy,True,-37.90884864,145.1313298,1665.537825053325,1580.7446720600128,1666.0818168361916,1580.0638804389512,1665.542,1580.7444,1650.7278,1581.7491,-250248456,0.4993482795207073,98.04367494916977,0,0.014299992471933365,4.941,4.911,,4.57,True,0,,False,1666.011318690049,1579.5695336824626,-37.90885931142371,145.13133491566765,1.266943736086734,0.4993482795207073,short=0.961 small=1.000 angle_diff=0.675 mode=following,,
2026-09-10T11:28:20.378,1789003701,fuzzy,True,-37.90885718,145.1314319,1674.5331923862686,1579.9769641989842,1675.4604259518594,1579.2068114082613,1674.5305,1579.9773,1665.3871,1579.6586,-250248456,0.9749387048474034,95.99171599441371,0,0.013900003978051245,4.492,4.941,,4.55,True,0,,False,1675.3227838008531,1578.2416377884,-37.90887295480163,145.13144048196534,1.9065183852394958,0.9749387048474034,short=0.920 small=1.000 angle_diff=2.895 mode=following,,
2026-09-10T11:28:22.421,1789003703,fuzzy,True,-37.90886527,145.1315313,1683.2901795866783,1579.2544228751212,1684.3857724560673,1578.5343074516445,1683.2879,1579.2543,1674.3037,1578.387,-250248456,0.8972728291427403,96.42662795768345,0,0.018699996871873736,4.373,4.492,,4.31,True,0,,False,1684.3650124622193,1577.6372748142376,-37.908880031718645,145.1315431520414,1.9417604283648238,0.8972728291427403,short=0.929 small=1.000 angle_diff=2.983 mode=following,,
2026-09-10T11:28:24.467,1789003705,fuzzy,True,-37.90888369,145.1316283,1691.8591370338108,1577.381375300698,1692.9515887170542,1577.3663740785887,1691.8585,1577.3814,1683.2511,1577.6631,-250248456,0.07216258984393793,98.99284017780046,0,0.014599994756281376,4.344,4.373,,4.08,True,0,,False,1692.9532583261994,1577.4385173511669,-37.90888337279142,145.13164075290044,1.095612438953551,0.07216258984393793,short=0.980 small=1.000 angle_diff=6.439 mode=following,,
2026-09-10T11:28:26.488,1789003707,fuzzy,True,-37.90889524,145.1317197,1699.9204744939925,1576.26078091003,1701.0718880398927,1576.2254481600062,1699.9223,1576.2614,1691.8604,1577.4638,-250248456,1.0249056063256694,95.68688552950967,0,0.05750000127591193,4.101,4.344,,3.88,True,0,,False,1701.0956010437765,1577.250079408468,-37.90888654032059,145.13173328631802,1.536109998346137,1.0249056063256694,short=0.914 small=1.000 angle_diff=6.672 mode=confirmed,,
2026-09-10T11:28:28.532,1789003709,fuzzy,True,-37.90890529,145.1317994,1706.9498402606696,1575.2860116232187,1708.411837789043,1575.178201218959,1706.9469,1575.2857,1699.9458,1577.2767,-250248456,3.583166726355337,57.50978637266276,0,0.05020000389777124,3.61,4.101,,3.69,True,0,,False,1705.42,1577.15,-37.90888822256609,145.131782430829,2.411402888764477,3.583166726355337,short=0.150 small=1.000 angle_diff=6.794 mode=confirmed,,
2026-09-10T11:28:30.567,1789003711,fuzzy,True,-37.90891637,145.1318871,1714.6848334242823,1574.2110372399911,1715.6940863378068,1574.1359555077152,1714.6809,1574.2115,1706.8797,1575.3214,-250248456,10.707068425959521,50.00009910918286,0,0.05709999823011458,3.834,3.61,,3.53,True,0,,False,1705.42,1577.15,-37.90888822256609,145.131782430829,9.719806607356748,10.707068425959521,short=0.000 small=1.000 angle_diff=6.819 mode=entering_pending,,
2026-09-10T11:28:32.601,1789003713,fuzzy,True,-37.90892317,145.1319409,1719.4299086504616,1573.5512613821775,1721.417724306301,1573.313943747724,1719.4338,1573.5514,1714.6636,1574.3748,-1272942443#3,3.412530746104649,59.42299006353349,0,0.0518000015290454,2.52,3.834,,3.38,True,0,,False,1721.3360392352754,1576.725496714084,-37.908894919822224,145.13196329544311,3.702580687667323,3.412530746104649,short=0.188 small=1.000 angle_diff=9.544 mode=confirmed,,
2026-09-10T11:28:34.643,1789003715,fuzzy,True,-37.9089313,145.1320054,1725.118655978411,1572.7627500034869,1726.7353474877061,1572.5563450288669,1725.1155,1572.7622,1719.4069,1574.6783,-1272942443#3,5.024215306277978,50.86572528857606,0,0.04430000262800604,2.925,2.52,,3.25,True,0,,False,1724.03,1576.79,-37.90889482505885,145.13199393979434,4.171799896177273,5.024215306277978,short=0.017 small=1.000 angle_diff=9.480 mode=confirmed,,
